school_rbd,highinst_va,highpay_va,income_va,math_va,highinst_n,highpay_n,income_n,math_n,math_va_joint,highinst_va_joint,highpay_va_joint
1,-0.0358606521203525,0.0353020741379877,-0.0929399727557432,-0.113837857522979,321,301,321,124,-0.0871286320150475,-0.0358752308581863,0.0357783387429513
3,0.0100975468924677,-0.0263738282374895,-0.0695136383112508,-0.092917858607893,6,6,6,2,-0.0662086330999615,0.0100829681546339,-0.0258975636325259
4,-0.0794583285890437,0.0405705531591025,0.065396164396462,-0.0063677627156611,849,811,849,793,0.0203414627922704,-0.0794729073268775,0.0410468177640661
5,-0.073929852790784,0.0120803651104689,0.0435600088270305,-0.0208578513051055,429,421,429,375,0.005851374202826,-0.0739444315286178,0.0125566297154325
7,-0.052237747769475,0.0272970123410282,-0.0488831869463686,-0.234706638989794,731,668,731,446,-0.207997413481862,-0.0522523265073088,0.0277732769459918
8,-0.0632133662459077,-0.0163597779852598,-0.0270554301909921,0.0058504200789567,167,159,167,107,0.0325596455868882,-0.0632279449837415,-0.0158835133802962
15,-0.0264857503440342,-0.0471240535482161,-0.0506054585980591,-0.151305056579126,85,79,85,63,-0.124595831071195,-0.026500329081868,-0.0466477889432525
22,-0.0038073186148159,-0.0024450435198574,-0.0170880504769182,,1,1,1,,,,
25,-0.0557332018406337,0.0574763882703562,0.0621385505232761,-0.0445410447141299,107,100,107,84,-0.0178318192061984,-0.0557477805784675,0.0579526528753198
28,-0.0086271040007448,-0.0443999084463991,-0.113266256348592,0.048059323502871,26,25,26,1,0.0747685490108025,-0.00864168273857859,-0.0439236438414355
32,-0.0287208209425577,-0.0190348463975622,-0.0047787915933274,-0.17618305204742,72,53,72,45,-0.149473826539488,-0.0287353996803915,-0.0185585817925986
45,-0.0368270578895402,0.0651793567512956,0.0538642646862029,0.0104530201880222,227,220,227,207,0.0371622456959537,-0.036841636627374,0.0656556213562592
50,-0.0131282893511645,-0.0127596823426669,0.0181145642350485,0.0942683111420474,193,186,193,181,0.120977536649979,-0.0131428680889983,-0.0122834177377033
52,-0.0634288891708939,-0.0400543323474053,-0.0052488634680656,-0.0849279681930433,1333,1258,1333,1050,-0.0582187426851118,-0.0634434679087277,-0.0395780677424417
56,0.0195009499339465,0.062894559190003,0.0971940643750001,0.198132609321543,287,279,287,270,0.224841834829475,0.0194863711961127,0.0633708237949666
59,0.0642328135171419,-0.0559562673948405,0.0318009408796728,0.190100887365657,131,129,131,127,0.216810112873589,0.0642182347793081,-0.0554800027898769
60,-0.0335752394431159,0.0184780771658735,0.0246354090916376,-0.0204647213010832,256,245,256,243,0.00624450420684829,-0.0335898181809497,0.0189543417708371
67,-0.0518025825697438,0.047206715078231,0.101343095525047,0.0726881911795582,156,149,156,146,0.0993974166874897,-0.0518171613075776,0.0476829796831946
69,0.0319378842954557,0.0649575638599722,0.108244774374603,0.54608214980043,162,158,162,157,0.572791375308362,0.0319233055576219,0.0654338284649358
72,-0.0441792215765014,0.0015189399772716,-0.0211822324854659,-0.144300432257239,2,2,2,1,-0.117591206749308,-0.0441938003143352,0.00199520458223517
78,-0.0521297834020337,0.0168381848183114,-0.0302653895391274,-0.0462132159679873,25,21,25,22,-0.0195039904600558,-0.0521443621398675,0.017314449423275
97,-0.0707046467387269,-0.0625354365705224,0.0092874863071751,-0.118413697417097,196,193,196,92,-0.0917044719091655,-0.0707192254765607,-0.0620591719655588
103,-0.0324221416235016,-0.0603366651738254,-0.0742103631635327,-0.118067301966204,138,128,138,94,-0.0913580764582725,-0.0324367203613354,-0.0598604005688618
106,-0.066545582358156,0.0109313121133209,-0.0813963207960865,-0.215816744386742,280,272,280,83,-0.189107518878811,-0.0665601610959898,0.0114075767182845
107,-0.0837730964154744,0.0442555828686642,0.0174193639368289,-0.118589869484781,135,130,135,90,-0.0918806439768495,-0.0837876751533082,0.0447318474736278
108,-0.0633904956425376,-0.0378910342581747,-0.100814361782311,-0.150552561292012,273,255,273,117,-0.123843335784081,-0.0634050743803714,-0.0374147696532111
109,-0.0579840938744605,-0.0306361527414662,-0.0652635349403093,-0.258172961920147,176,166,176,101,-0.231463736412216,-0.0579986726122943,-0.0301598881365026
110,-0.0901889410666594,-0.004683902011878,-0.0281542773227155,-0.0477644657692781,159,149,159,113,-0.0210552402613466,-0.0902035198044932,-0.00420763740691443
124,-0.0688388161145612,0.0658033800633162,-0.0116231202360122,-0.232647645667016,753,728,753,347,-0.205938420159085,-0.068853394852395,0.0662796446682798
125,-0.0622520527496402,0.0618013887946592,0.0547389041205195,-0.0071610298856237,140,135,140,103,0.0195481956223078,-0.062266631487474,0.0622776533996228
127,-0.0274326301922175,0.0739132742238357,0.0613866984108398,-0.125291593957389,277,272,277,254,-0.0985823684494575,-0.0274472089300513,0.0743895388287993
129,-0.0600940756634101,-0.0063372408390847,-0.0244331199773698,-0.0882636264132816,31,26,31,15,-0.0615544009053501,-0.0601086544012439,-0.00586097623412113
130,-0.0508094083488144,0.0503542620767875,0.0746521918918779,-0.0296715355113158,92,88,92,87,-0.00296231000338431,-0.0508239870866482,0.0508305266817511
131,-0.0916964707037742,-0.0503660522818716,-0.080919301095179,-0.175993636031605,75,67,75,51,-0.149284410523674,-0.091711049441608,-0.049889787676908
132,0.0272750821774499,0.0397711547456216,0.0765096617767013,0.114979230799745,685,666,685,649,0.141688456307676,0.0272605034396161,0.0402474193505852
133,-0.0750789805003232,0.0033982381643191,0.0308974733947028,-0.0166200903427466,160,154,160,143,0.0100891351651849,-0.075093559238157,0.00387450276928267
134,-0.0582852398757378,0.0135080082813297,-0.0153771079682437,-0.137133253577244,64,63,64,41,-0.110424028069313,-0.0582998186135716,0.0139842728862933
144,-0.0453737064765873,0.006691076490946,-0.065221149910353,-0.201175101740788,97,88,97,51,-0.174465876232857,-0.0453882852144211,0.00716734109590957
161,-0.0302599488833188,0.0303799592547299,0.0434518963585659,-0.0772261798545581,65,61,65,47,-0.0505169543466266,-0.0302745276211526,0.0308562238596935
178,-0.0762757149449423,-0.0278368338020305,0.0391098945140834,-0.0634807558312356,23,23,23,18,-0.0367715303233041,-0.0762902936827761,-0.0273605691970669
191,-0.0615258415422164,-0.0464083109892765,-0.0554079972528268,-0.0883512846916627,546,533,546,341,-0.0616420591837312,-0.0615404202800502,-0.0459320463843129
199,0.148912643419562,0.0462315930789967,0.0254732785840017,-0.189270396979311,358,341,358,255,-0.16256117147138,0.148898064681728,0.0467078576839603
200,0.0269288581169766,0.054480015415202,-0.0484486528703692,-0.238787732421577,447,437,447,194,-0.212078506913646,0.0269142793791428,0.0549562800201656
208,0.219812210761499,0.0434243045028128,0.0748797663129606,-0.185931088915432,396,386,396,362,-0.1592218634075,0.219797632023665,0.0439005691077764
211,0.131457120768009,0.0533737100265915,-0.0039814560029251,-0.0376833148830131,180,165,180,145,-0.0109740893750816,0.131442542030175,0.0538499746315551
217,0.0877068811068487,0.0189805810990107,0.0331281129787384,0.0135774214683157,923,875,923,807,0.0402866469762472,0.0876923023690149,0.0194568457039743
218,-0.0089292244412023,0.013613053125197,-0.054522161136417,-0.133873007898401,206,199,206,74,-0.10716378239047,-0.00894380317903609,0.0140893177301606
219,0.0060612403158704,0.12251569276641,0.0088890371216103,-0.17470983023094,515,494,515,184,-0.148000604723009,0.00604666157803661,0.122991957371374
220,0.0082700757894953,0.175651336692827,0.102235712935525,-0.231891421027798,809,772,809,386,-0.205182195519867,0.00825549705166151,0.176127601297791
222,-0.0120555767513649,-0.0816165089872486,-0.176765123104157,-0.0379811443655369,83,78,83,6,-0.0112719188576054,-0.0120701554891987,-0.081140244382285
227,-0.0025906674185029,-0.0018449041475199,-0.0125461323592074,,1,1,1,,,,
253,0.0785331142402276,0.033760571360317,0.0583518508469627,-0.17493832873146,219,211,219,186,-0.148229103223529,0.0785185355023938,0.0342368359652806
254,0.133106508864351,0.0401039920360359,0.058399712940831,-0.13303678915623,155,147,155,132,-0.106327563648299,0.133091930126517,0.0405802566409995
255,-0.0096743880671188,-0.0697117404577549,-0.081920722352765,-0.218982535035345,192,174,192,138,-0.192273309527414,-0.00968896680495259,-0.0692354758527913
256,0.141207058359861,0.0241863933491311,0.042263247049519,-0.0172861427588153,446,422,446,410,0.0094230827491162,0.141192479622027,0.0246626579540947
257,0.137899115915371,0.0004343909385148,0.0889359104636643,0.257939231512704,217,210,217,198,0.284648457020635,0.137884537177537,0.000910655543478372
270,0.148216179604563,-0.0367811061601572,-0.0023021102805227,0.0527522288809957,46,44,46,40,0.0794614543889272,0.148201600866729,-0.0363048415551936
279,0.0261082000219144,0.117749288000992,-0.0191855455345867,-0.216914791753545,1325,1285,1325,409,-0.190205566245614,0.0260936212840806,0.118225552605956
280,0.153423399503165,-0.0499292086856251,0.027612170245354,-0.130214268860257,758,726,758,398,-0.103505043352326,0.153408820765331,-0.0494529440806615
283,0.142778908999484,0.0075200860406941,-0.0038544987252896,-0.136362793265523,723,664,723,407,-0.109653567757592,0.14276433026165,0.00799635064565767
284,0.129119009993688,-0.0099660025780711,-0.0052406207819298,0.117725790310453,103,97,103,50,0.144435015818385,0.129104431255854,-0.00948973797310753
285,0.105456069298109,0.0585741511334492,0.0503207085679956,-0.0717403612865419,180,173,180,111,-0.0450311357786104,0.105441490560275,0.0590504157384128
286,0.104880130641404,-0.0128462032482317,-0.0468723816927849,-0.155415651628094,403,367,403,170,-0.128706426120163,0.10486555190357,-0.0123699386432681
287,0.223943356856868,-0.0122687506082898,0.0428469577631752,-0.171149595667692,784,734,784,594,-0.144440370159761,0.223928778119034,-0.0117924860033262
298,0.0060260980478785,0.0007408421135814,-0.0011581650495311,,1,1,1,,,,
304,0.311952345041125,0.0362856798436282,0.111173464978151,-0.105466678879806,428,410,428,377,-0.0787574533718745,0.311937766303291,0.0367619444485918
312,0.0056736772641852,0.0009903667860878,-0.0076855116946111,,1,1,1,,,,
320,0.272518737015141,-0.0165247254834636,0.0652193580214978,-0.223585365782712,155,145,155,98,-0.19687614027478,0.272504158277307,-0.0160484608785
324,-0.0059082128528737,-0.0088766483524968,-0.0363239515192568,,3,3,3,,,,
329,0.259953957340155,0.0063237960656522,0.124383461051427,-0.0860269786311413,103,97,103,89,-0.0593177531232098,0.259939378602321,0.00680006067061577
335,0.115987779361436,-0.0328904612509145,-0.0477293289526607,-0.0614475760931586,97,94,97,66,-0.0347383505852271,0.115973200623602,-0.0324141966459509
336,0.231106766015134,-0.0460430589448555,0.0378677041676197,-0.0677280133997647,405,372,405,329,-0.0410187878918332,0.2310921872773,-0.0455667943398919
337,0.422684275379878,0.0616537899247902,0.183177735967055,0.0223260326540557,247,241,247,228,0.0490352581619872,0.422669696642044,0.0621300545297538
341,0.234613984608417,0.0528208052358472,0.0910998290604345,-0.0795246838161214,267,251,267,237,-0.0528154583081899,0.234599405870583,0.0532970698408108
342,0.321621244621236,0.0216511815505992,0.108365936938619,0.149427427173242,452,435,452,426,0.176136652681174,0.321606665883402,0.0221274461555628
344,0.289091955713775,-0.0299888148052588,0.0667793225163096,-0.037683933154178,266,257,266,246,-0.0109747076462465,0.289077376975941,-0.0295125502002952
350,0.213692802193118,0.0360366408841118,0.0510545303391502,-0.114964307158961,236,223,236,208,-0.0882550816510295,0.213678223455284,0.0365129054890754
355,0.048341951198317,0.0026735630228232,-0.0376794485370427,0.0890474999424018,18,16,18,12,0.115756725450333,0.0483273724604832,0.00314982762778677
356,0.306112781854372,0.0011320796189529,0.112855643302801,-0.202105426781485,285,275,285,270,-0.175396201273553,0.306098203116538,0.00160834422391647
357,0.452277824065135,0.101529684287046,0.212629571605474,0.219206414420033,245,238,245,243,0.245915639927965,0.452263245327301,0.10200594889201
358,0.334091979645885,0.0750783898508985,0.127976449086251,-0.0657577487976178,102,99,102,92,-0.0390485232896863,0.334077400908051,0.0755546544558621
361,0.439737205433733,0.0679541480147645,0.230609157591344,0.78381184554581,210,209,210,201,0.810521071053742,0.439722626695899,0.0684304126197281
364,0.305191808406309,0.0190179208423501,0.0913782594633773,0.0188178261380132,132,124,132,117,0.0455270516459447,0.305177229668475,0.0194941854473137
365,0.277733257491115,0.0271634776138852,0.11058605496075,-0.154801888943735,256,247,256,237,-0.128092663435804,0.277718678753281,0.0276397422188488
366,0.434724280892031,0.0915962750160079,0.219685530924223,0.545607328673911,234,232,234,225,0.572316554181843,0.434709702154197,0.0920725396209715
367,0.146132425195743,0.0551701695784023,0.0619444946261715,-0.0766079193808028,389,370,389,283,-0.0498986938728713,0.146117846457909,0.0556464341833659
371,-0.0093259326797219,-0.0007671674972038,-0.0256306478195005,-0.018393993940846,15,14,15,5,0.0083152315670855,-0.00934051141755569,-0.000290902892240228
372,0.132846967913893,0.0248067068199882,-0.0256722634302733,-0.133976272909517,288,274,288,174,-0.107267047401586,0.132832389176059,0.0252829714249518
373,0.207541249676152,-0.0392725476918587,-0.0116819063927436,-0.0592855399816935,328,315,328,288,-0.032576314473762,0.207526670938318,-0.0387962830868951
379,0.0973425207028291,-0.0560707382085502,-0.0744745489703672,-0.0944695810197834,573,551,573,380,-0.0677603555118519,0.0973279419649953,-0.0555944736035866
381,-0.0110046869858878,-0.0054612680367599,-0.0177455808500174,,1,1,1,,,,
384,0.143534715600737,0.033554298238393,0.0442490865753025,-0.0995326049050418,405,386,405,285,-0.0728233793971103,0.143520136862903,0.0340305628433566
392,0.0093854621532928,0.0021846030098518,0.0657637422956263,-0.0861563911982292,256,243,256,221,-0.0594471656902977,0.00937088341545901,0.00266086761481537
396,0.122917976291502,-0.0098899626464165,0.032278455066301,-0.154703386600864,464,434,464,279,-0.127994161092933,0.122903397553668,-0.00941369804145293
397,0.0221856111889124,-0.0020567905297555,-0.0132685692219943,0.0060796831632213,5,5,5,2,0.0327889086711528,0.0221710324510786,-0.00158052592479193
399,0.160224442763756,0.0187933824995693,0.0430770316655341,-0.0427472177763231,538,510,538,234,-0.0160379922683916,0.160209864025922,0.0192696471045329
400,0.238974693668253,-0.0087282502784942,0.0404051522028577,-0.0642694640916291,532,510,532,432,-0.0375602385836976,0.238960114930419,-0.00825198567353063
415,0.216167867635337,-0.0188490405350763,0.0243120242990395,-0.16589001652305,302,287,302,279,-0.139180791015119,0.216153288897503,-0.0183727759301127
416,-0.0033032151536823,-0.0010781135882111,-0.0082060586477382,,1,1,1,,,,
419,0.0007464645877829,-0.0195932054120368,-0.0199876259908991,,13,12,13,,,,
420,0.141529793944215,0.0311505589587319,-0.0101653966814199,-0.0428464716588501,273,257,273,120,-0.0161372461509186,0.141515215206381,0.0316268235636955
429,0.299479044837306,0.0212945678128809,0.120182873770547,-0.0527475640154295,544,529,544,499,-0.026038338507498,0.299464466099472,0.0217708324178445
430,0.136761423798709,-0.0193423686604998,0.0124512125945895,-0.165735428632388,224,210,224,143,-0.139026203124456,0.136746845060875,-0.0188661040555362
431,0.329405410073128,0.0210308962987281,0.0825798489515964,-0.0503071054486839,192,182,192,171,-0.0235978799407524,0.329390831335294,0.0215071609036917
433,0.180047791623613,-0.0064230949103495,0.103628491331795,-0.150621386089687,297,287,297,253,-0.123912160581756,0.180033212885779,-0.00594683030538593
437,0.363899403105993,0.088341174402325,0.168258395874578,-0.0235480324164178,1047,1025,1047,884,0.0031611930915137,0.363884824368159,0.0888174390072886
438,0.158413966918211,-0.0213398728548207,-0.0216483355569386,-0.103993507160977,310,297,310,171,-0.0772842816530455,0.158399388180377,-0.0208636082498571
440,0.205956224373504,0.0222331013431153,0.0373121482299495,-0.13086820952892,335,325,335,259,-0.104158984020989,0.20594164563567,0.0227093659480789
441,0.021122929953565,0.0455203860024105,-0.0319821111637621,-0.274361197576676,36,33,36,7,-0.247651972068745,0.0211083512157312,0.0459966506073741
448,0.118200069556415,0.0130509444583716,0.0081203967807494,-0.115699010383534,666,623,666,503,-0.0889897848756025,0.118185490818581,0.0135272090633352
449,0.249163076276528,0.120170220709274,0.0154423109020234,-0.13347425919662,502,488,502,261,-0.106765033688689,0.249148497538694,0.120646485314238
478,0.141383426577112,-0.0026617402469182,0.0169681903811255,-0.0363539269671,328,308,328,314,-0.0096447014591685,0.141368847839278,-0.00218547564195463
479,0.050958815854233,0.0042764925373277,0.0289840681472455,-0.0755643559853091,486,456,486,451,-0.0488551304773776,0.0509442371163992,0.00475275714229127
486,0.144009848063956,0.0833019880906113,0.0172069103532365,-0.22596487340535,324,297,324,197,-0.199255647897418,0.143995269326122,0.0837782526955749
487,0.0199987865290242,-0.0089801791764186,-0.0421215891243347,,6,6,6,,,,
516,-0.0219288749679284,-0.0043693680702231,-0.0228682314476965,-0.173757468365202,293,279,293,197,-0.147048242857271,-0.0219434537057622,-0.00389310346525953
517,0.0218261100539765,0.0405657847787539,0.0566117815881324,-0.147970490765171,608,558,608,517,-0.12126126525724,0.0218115313161427,0.0410420493837175
518,0.0141287318929996,-0.0348161202506132,-0.0625049089272718,-0.0460727739883259,294,274,294,130,-0.0193635484803944,0.0141141531551658,-0.0343398556456496
521,0.0697632445998901,0.0402976497094241,0.0711840781239235,-0.0571429967345577,67,62,67,48,-0.0304337712266262,0.0697486658620563,0.0407739143143877
526,-0.0153211341308782,-0.0134025049762162,0.0135102839012344,0.197198311202666,131,128,131,114,0.223907536710598,-0.015335712868712,-0.0129262403712526
530,-0.0077420939259017,-0.0245965984056359,-0.0480584796114251,-0.197579005919986,215,191,215,137,-0.170869780412055,-0.00775667266373549,-0.0241203338006723
531,0.0207785738721031,0.0575798661494056,0.0885885480999135,-0.0779447452528653,83,77,83,60,-0.0512355197449338,0.0207639951342693,0.0580561307543692
532,0.0147889887637471,-0.0523074749550465,-0.122441333689494,0.180168424126271,87,85,87,9,0.206877649634203,0.0147744100259133,-0.0518312103500829
535,0.0449476549694965,0.0197180850736065,0.035949014010942,-0.0694685636896298,108,98,108,78,-0.0427593381816983,0.0449330762316627,0.0201943496785701
565,0.0447231435422282,0.0255936282893075,0.0719233892016566,-0.150073321186952,251,238,251,222,-0.123364095679021,0.0447085648043944,0.0260698928942711
566,0.0167944037481834,0.0021589314225995,0.0020003526894027,,1,1,1,,,,
567,0.025578079315691,0.0556305417667993,0.171922569400893,0.0513655484855789,293,270,293,268,0.0780747739935104,0.0255635005778572,0.0561068063717629
568,0.0061926846314265,0.0005170621897746,0.0331850611334853,-0.0460653240046939,167,159,167,156,-0.0193560984967624,0.00617810589359271,0.000993326794738172
570,0.0119165647732026,0.0970459386492364,0.148863661503261,0.0305806812617031,168,157,168,159,0.0572899067696346,0.0119019860353688,0.0975222032542
573,0.0223221946510905,0.0082492013378596,0.0560316046278467,-0.033910749677939,282,270,282,258,-0.00720152417000751,0.0223076159132567,0.00872546594282317
574,-0.0204233435154344,0.169660721875747,0.0019814787652686,-0.275473772841402,641,624,641,359,-0.248764547333471,-0.0204379222532682,0.170136986480711
575,-0.0458689433122406,-0.0859937519009804,-0.039607411075905,-0.108320654423571,600,559,600,364,-0.0816114289156395,-0.0458835220500744,-0.0855174872960168
578,-0.0122808071568333,-0.0211975546928633,-0.0927985737556782,-0.138290772218091,154,148,154,67,-0.11158154671016,-0.0122953858946671,-0.0207212900878997
579,0.0257937188856759,0.0151101713717579,0.121418094582789,-0.0796255474375528,455,429,455,419,-0.0529163219296213,0.0257791401478421,0.0155864359767215
580,0.126659946359908,0.0527618714736993,0.14825588928373,0.414357986506404,424,410,424,411,0.441067212014335,0.126645367622074,0.0532381360786629
581,0.0208510540776995,-0.0290977119954857,0.0129222431089561,-0.0010304209013325,162,156,162,149,0.025678804606599,0.0208364753398657,-0.0286214473905221
582,0.0170868104418681,0.0181207004387646,0.0915488140519216,0.171208905319836,213,207,213,197,0.197918130827768,0.0170722317040343,0.0185969650437282
583,0.0198457631676523,0.0126515214799358,0.0313854089483335,0.128611306436249,259,252,259,251,0.155320531944181,0.0198311844298185,0.0131277860848994
585,0.385697247827842,-0.0082340361406686,0.151927008780886,0.582589996094901,182,177,182,178,0.609299221602833,0.385682669090008,-0.00775777153570503
587,0.262677791048831,0.0966728950245518,0.132344206291208,0.626876674487638,77,77,77,74,0.653585899995569,0.262663212310997,0.0971491596295154
589,-0.0048335863916728,0.0166160302227088,0.0272752217870709,0.0886719094255225,105,100,105,98,0.115381134933454,-0.00484816512950659,0.0170922948276724
590,0.0046042475787562,0.107306771850405,0.114887279577092,0.415095493599401,268,253,268,250,0.441804719107333,0.00458966884092241,0.107783036455369
591,0.295347723012911,0.0309960399126698,0.136994566241036,0.291651564044908,193,191,193,183,0.31836078955284,0.295333144275077,0.0314723045176334
597,-0.0351951326702651,0.0072320535306085,-0.088420688087407,-0.0372509854949203,48,48,48,22,-0.0105417599869888,-0.0352097114080989,0.00770831813557207
609,0.0651655683068843,-0.0046032244218274,0.0792928061059494,-0.124379398810492,605,564,605,391,-0.0976701733025605,0.0651509895690505,-0.00412695981686383
610,0.0009941728367446,0.137824284481401,0.0021974989241562,-0.0888518234113495,318,313,318,105,-0.062142597903418,0.000979594098910808,0.138300549086365
611,0.0152689231505478,-0.0058943224827382,-0.0607135655194202,-0.0733762838779459,149,141,149,60,-0.0466670583700144,0.015254344412714,-0.00541805787777463
613,-0.0253936905105264,-0.034504534208523,-0.0388844742808258,-0.108179826565079,206,189,206,150,-0.0814706010571475,-0.0254082692483602,-0.0340282696035594
629,-0.0130703960547961,0.0526662593052744,0.0199334133188303,-0.220597222760232,151,143,151,59,-0.1938879972523,-0.0130849747926299,0.053142523910238
646,-0.0098928549737777,0.0092686944859739,0.0277005551612128,-0.110264184872212,407,378,407,264,-0.0835549593642805,-0.00990743371161149,0.00974495909093747
647,-0.0315205277984285,0.0327641472533663,0.0163762762260845,-0.0400037912655059,130,124,130,86,-0.0132945657575744,-0.0315351065362623,0.0332404118583299
648,0.021468881181403,-0.0114196364004637,0.0542713844434633,0.0302641499156869,301,292,301,282,0.0569733754236184,0.0214543024435692,-0.0109433717955001
649,0.0256062083349163,0.0022762149736947,0.0252922257199134,0.0348604194512101,405,381,405,354,0.0615696449591416,0.0255916295970825,0.00275247957865827
656,-0.0219390994604606,0.0676662772194517,0.0422187027648121,-0.134422589274817,211,198,211,148,-0.107713363766886,-0.0219536781982944,0.0681425418244153
664,0.0209698032262329,-0.007198314049629,0.0223120428580819,0.0017709802938026,191,178,191,167,0.0284802058017341,0.0209552244883991,-0.00672204944466543
665,-0.0140202607727265,-0.0060264039243876,-0.101307559282556,-0.215321450658204,361,337,361,202,-0.188612225150272,-0.0140348395105603,-0.00555013931942403
666,0.0023004574983016,-0.0033166423804871,-0.0148656440637536,,1,1,1,,,,
668,0.0370256867350482,0.0095825006220517,0.0356419907837509,-0.0963362852247903,94,84,94,86,-0.0696270597168588,0.0370111079972144,0.0100587652270153
690,0.0043908559444629,-0.0211558133501467,0.0431533262258536,-0.0918763370776694,277,251,277,260,-0.0651671115697379,0.00437627720662911,-0.0206795487451831
701,-0.0205134975086393,-0.0205251213542057,-0.037135953764304,-0.0195851834733401,288,278,288,161,0.0071240420345914,-0.0205280762464731,-0.0200488567492421
704,-0.0128768699670917,-0.0281467395426451,0.0514958803651147,0.0362203088693197,568,533,568,525,0.0629295343772512,-0.0128914487049255,-0.0276704749376815
705,-0.051025943810458,0.0997508074223169,-0.0548356224095754,-0.202458499612196,876,852,876,457,-0.175749274104265,-0.0510405225482918,0.10022707202728
706,6.13586219343e-05,-0.0004425344424129,-0.0126553299678575,,1,1,1,,,,
709,0.0018611039789243,-0.0028152432616908,-0.0113754898051222,,1,1,1,,,,
712,-0.0041527509431941,-0.0013625282413886,-0.0130970896728216,0.153111727912841,1,1,1,1,0.179820953420773,-0.00416732968102789,-0.000886263636425028
763,-0.0320450513323227,-0.022474140196223,0.0012158100305358,-0.107485156743866,329,306,329,287,-0.0807759312359345,-0.0320596300701565,-0.0219978755912594
766,-0.0382412740237823,-0.0316412296003052,-0.042179432242772,-0.0065482439550921,506,487,506,458,0.0201609815528394,-0.0382558527616161,-0.0311649649953416
767,0.0227864187633345,0.0210766808527445,0.0812738693742644,-0.0375911859153521,131,117,131,120,-0.0108819604074206,0.0227718400255007,0.0215529454577081
768,-0.0517469675561195,-0.0748133611829855,-0.0646726468035321,-0.099647081228292,740,691,740,467,-0.0729378557203605,-0.0517615462939533,-0.0743370965780219
769,0.139003058057017,0.0628995512370199,0.0963903188207336,0.220072645991151,344,327,344,337,0.246781871499083,0.138988479319183,0.0633758158419835
770,0.298285531155109,0.0088898919710702,0.0643793741673399,0.561008868301836,147,144,147,143,0.587718093809768,0.298270952417275,0.00936615657603377
772,-0.053013268283224,0.0475380222409746,-0.0370953457000194,-0.167340984871372,386,361,386,203,-0.140631759363441,-0.0530278470210578,0.0480142868459382
774,0.0926000036961501,0.0046498626905059,0.0031694860904899,-0.0683733056674809,69,62,69,64,-0.0416640801595494,0.0925854249583163,0.00512612729546947
799,0.0118246490811644,-0.0198827201353295,-0.0135222550594373,-0.229048191136633,174,169,174,102,-0.202338965628701,0.0118100703433306,-0.0194064555303659
800,0.0115839530797246,0.001511286536841,-0.0011411475706785,,1,1,1,,,,
802,-0.0261760173529069,-0.0080422870950877,-0.0566053975573717,-0.145926477290202,389,368,389,224,-0.119217251782271,-0.0261905960907407,-0.00756602249012413
803,0.0110275478452746,0.0022566578855479,-0.0001175798049362,,1,1,1,,,,
845,0.0247524562976118,-0.0295018908073935,-0.0121698021383995,-0.15397387694708,335,315,335,295,-0.127264651439149,0.024737877559778,-0.0290256262024299
892,-0.0144202663113061,-0.0067255747309803,0.0153492639768631,,1,1,1,,,,
908,0.0023817841928231,-0.001365101951618,-0.0068003647272975,,1,1,1,,,,
964,0.0068028695746573,-0.0070628084326437,-0.0714104823129781,-0.0123056652389581,14,14,14,1,0.0144035602689734,0.00678829083682351,-0.00658654382768013
967,-0.0331599803550158,0.0524963990084591,0.0276293885925216,-0.163765315086474,284,266,284,234,-0.137056089578542,-0.0331745590928496,0.0529726636134227
968,-0.0060441109384778,0.0775427611563654,-0.0246574287297726,-0.268826864686555,367,353,367,169,-0.242117639178623,-0.00605868967631159,0.078019025761329
982,0.0451646782384229,0.080217542045302,0.113302088383852,0.109664989023879,32,31,32,26,0.136374214531811,0.0451500995005891,0.0806938066502656
987,-0.0946383225193111,0.0292316417719046,0.0037473184787018,-0.138133630548245,303,290,303,273,-0.111424405040314,-0.0946529012571449,0.0297079063768682
988,-0.0424353866021441,-0.0507562353305256,-0.0286010156271836,-0.243043751747796,133,129,133,75,-0.216334526239864,-0.0424499653399779,-0.050279970725562
1013,-0.0365178778840636,-0.0266207498930378,-0.0931552662569694,-0.259644072189811,246,228,246,152,-0.23293484668188,-0.0365324566218974,-0.0261444852880742
1036,-0.0631564169165241,0.0307659316499661,0.0059662862697054,-0.242689091084081,299,277,299,270,-0.215979865576149,-0.0631709956543579,0.0312421962549297
1048,0.0058664094954661,-0.0511588277776591,-0.0670842117474764,-0.155902796276499,489,474,489,296,-0.129193570768568,0.00585183075763231,-0.0506825631726955
1049,-0.0140991428459194,-0.0092771624043914,-0.0254536481145628,,1,1,1,,,,
1119,-0.0260951317026841,-0.0180737394645612,-0.0529332762664241,-0.061994151072527,133,122,133,124,-0.0352849255645955,-0.0261097104405179,-0.0175974748595976
1120,-0.0242228232767926,-0.0256066428347182,-0.0647961969208082,-0.0096370865437237,11,10,11,1,0.0170721389642078,-0.0242374020146264,-0.0251303782297546
1121,-0.0043391191414508,0.0080799649910149,-0.0293917931871266,-0.156801926819836,386,348,386,273,-0.130092701311905,-0.00435369787928459,0.00855622959597847
1123,-0.0205488182823728,0.0242893330510111,-0.0076103716890032,-0.107221395921022,143,130,143,100,-0.0805121704130905,-0.0205633970202066,0.0247655976559747
1125,0.0087764099542173,-0.0041152706467332,-0.0080706350321941,,1,1,1,,,,
1148,0.0069519532146359,0.0011014349531966,-0.0322237860595137,-0.122803471492503,163,152,163,129,-0.0960942459845715,0.00693737447680211,0.00157769955816017
1149,-0.0272068918820133,-0.0198893030310538,-0.112275927739362,-0.247316757001196,53,47,53,44,-0.220607531493265,-0.0272214706198471,-0.0194130384260902
1161,0.0172938255134578,9.83409536027e-05,0.0002944757908388,,1,1,1,,,,
1164,0.0195996163012023,0.0248079799927175,0.0227518241968166,-0.162473004420869,131,121,131,122,-0.135763778912938,0.0195850375633685,0.0252842445976811
1167,0.0016322899012553,-0.0175017035699579,-0.0678629881153909,-0.0765019144697132,316,291,316,180,-0.0497926889617817,0.00161771116342151,-0.0170254389649943
1183,-0.0662717177806981,0.0071920189946107,0.0056592651950467,-0.0379135613553988,269,246,269,222,-0.0112043358474673,-0.0662862965185319,0.00766828359957427
1184,-0.0251129678079928,0.0074561500743183,-0.0016037468187951,-0.122837380637525,83,79,83,60,-0.0961281551295935,-0.0251275465458266,0.00793241467928187
1190,0.0253012612770324,0.0365912648705857,0.0509931064408221,0.380847483491653,118,108,118,86,0.407556708999585,0.0252866825391986,0.0370675294755493
1194,-0.0052601933510496,-0.0387488084431721,0.0143046358450463,-0.186651774497076,809,762,809,686,-0.159942548989145,-0.00527477208888339,-0.0382725438382085
1195,-0.0229439269240417,-0.0350041405846039,0.0476940699178498,-0.258291774000069,714,684,714,565,-0.231582548492138,-0.0229585056618755,-0.0345278759796403
1196,-0.0062825877628739,-0.0637909941671499,-0.0829520854352254,-0.143722811353148,268,249,268,173,-0.117013585845217,-0.00629716650070769,-0.0633147295621863
1198,-0.0419859526397451,-0.0275461266212658,-0.0602040973378649,-0.105078303829192,35,34,35,22,-0.0783690783212605,-0.0420005313775789,-0.0270698620163022
1199,0.0110415070678356,0.042309332029892,-0.01859873201456,-0.18786619879293,130,124,130,60,-0.161156973284999,0.0110269283300018,0.0427855966348556
1206,0.0088019705629848,-0.00375297708947,-0.0117753231489031,-0.0896271810269764,47,47,47,3,-0.0629179555190449,0.00878739182515101,-0.00327671248450643
1213,0.0126588803685694,0.0577906589098291,0.0098471138684138,-0.128671115126042,883,837,883,576,-0.101961889618111,0.0126443016307356,0.0582669235147927
1214,-0.0165973331289099,0.080053904754976,0.0784331458386695,0.0210247861749102,308,300,308,296,0.0477340116828417,-0.0166119118667437,0.0805301693599396
1225,0.209582712896664,0.0931699796007871,0.203154765054058,0.322882642214422,393,385,393,376,0.349591867722353,0.20956813415883,0.0936462442057507
1226,-0.0061822479817377,-0.0368699784602803,0.0013481647319712,0.0195741654174364,79,77,79,66,0.0462833909253679,-0.00619682671957149,-0.0363937138553167
1255,-0.0056743654510737,-0.0209346811076331,-0.017011216388949,-0.200546568843893,272,221,272,190,-0.173837343335961,-0.00568894418890749,-0.0204584165026695
1257,-0.0010702228529465,-0.0204002476451227,-0.07149525887944,-0.134442096255011,9,9,9,1,-0.107732870747079,-0.00108480159078029,-0.0199239830401591
1260,0.04433519243953,0.036159126603613,0.0297144540920477,-0.0347017169432432,108,99,108,92,-0.0079924914353117,0.0443206137016962,0.0366353912085766
1261,-0.0129141593128626,-0.0453607803851168,-0.0363683829716283,-0.0860686397384374,108,105,108,70,-0.0593594142305059,-0.0129287380506964,-0.0448845157801532
1262,0.113843857973041,0.198507742384196,0.0345698918608093,-0.0863263141138524,1033,1011,1033,740,-0.0596170886059209,0.113829279235207,0.19898400698916
1263,-0.0332783770816784,-0.0211912246071046,-0.0700226767832559,-0.113210210421964,231,223,231,164,-0.0865009849140325,-0.0332929558195122,-0.020714960002141
1264,-0.0160149703719039,-0.0333010370480009,-0.118622045583063,-0.206237887530996,24,24,24,7,-0.179528662023065,-0.0160295491097377,-0.0328247724430373
1276,0.0046830494585603,0.0004397320593455,-0.0039182476445664,,1,1,1,,,,
1288,0.205270470678306,0.0910080237601245,0.188879709631881,0.708268454000213,220,215,220,216,0.734977679508145,0.205255891940472,0.0914842883650881
1289,-0.0364765428215079,-0.0004558926460544,-0.054632247259323,-0.193544069508809,181,176,181,108,-0.166834844000878,-0.0364911215593417,2.03719589091718e-05
1290,-0.0159800233370679,0.0676324426675321,0.0979064241616101,0.114560125473613,186,176,186,169,0.141269350981545,-0.0159946020749017,0.0681087072724957
1291,-0.0011013963148395,0.0348497862049156,0.0441673266821655,0.0279252199767796,138,129,138,134,0.0546344454847111,-0.00111597505267329,0.0353260508098792
1292,-0.0345014781887049,0.0206161862473075,0.108154528783951,0.0268091603049062,362,339,362,320,0.0535183858128377,-0.0345160569265387,0.0210924508522711
1294,-0.0584115660350997,0.00870888239759,0.0318254804297207,-0.0542095217844508,239,224,239,212,-0.0275002962765193,-0.0584261447729335,0.00918514700255357
1300,-0.0466802683680047,-0.0874767276794121,-0.124246237355132,-0.13226674606494,397,324,397,239,-0.105557520557009,-0.0466948471058385,-0.0870004630744485
1301,-0.0332223944541502,0.013535815580732,0.0175728899983164,-0.0895128111969776,69,63,69,36,-0.0628035856890461,-0.033236973191984,0.0140120801856956
1302,-0.0344785162731876,-0.0136426618593681,-0.0551187612821033,-0.0965824714596261,35,32,35,22,-0.0698732459516946,-0.0344930950110214,-0.0131663972544045
1316,-0.0366700082498464,0.0152619881132745,0.0031214593465964,-0.113201859990046,96,91,96,79,-0.0864926344821145,-0.0366845869876802,0.0157382527182381
1318,0.0114406130092584,0.061612277644314,0.106226487481463,-0.0396943620737532,52,51,52,40,-0.0129851365658217,0.0114260342714246,0.0620885422492776
1319,-0.0057113993894049,-0.0047039136028492,-0.014312846381761,,1,1,1,,,,
1327,-0.0317465603824424,-0.0451869924016132,-0.0239804994994553,-0.14807091689707,200,194,200,166,-0.121361691389139,-0.0317611391202762,-0.0447107277966496
1335,-0.000229470854118,0.0398047046168306,0.0330342450223416,-0.14397527241279,490,473,490,378,-0.117266046904859,-0.000244049591951792,0.0402809692217942
1347,-0.0363836399855106,-0.0094138019230597,-0.0613501122869267,-0.219534766068827,434,387,434,284,-0.192825540560896,-0.0363982187233444,-0.00893753731809613
1354,0.0350139216356035,0.147961799696657,0.0371464945069912,-0.170905330258338,320,309,320,242,-0.144196104750407,0.0349993428977697,0.148438064301621
1361,-0.0512946664100364,-0.0024176092834147,-0.0662235758663694,-0.227742979026646,89,85,89,68,-0.201033753518715,-0.0513092451478702,-0.00194134467845113
1362,-0.0539222747595812,-0.0843326471901485,-0.0788882417363158,-0.120603843613495,191,158,191,130,-0.0938946181055635,-0.053936853497415,-0.0838563825851849
1363,-0.0241087532999383,0.0241651155024371,0.0386184570812828,-0.0519245597423242,151,126,151,95,-0.0252153342343927,-0.0241233320377721,0.0246413801074007
1364,-0.0794935979433328,0.0314574945064756,0.0928289978871006,-0.140613840255029,154,141,154,126,-0.113904614747098,-0.0795081766811666,0.0319337591114392
1366,-0.0546657263768465,-0.0762765258153844,-0.0186142548898517,-0.19948555137593,323,287,323,197,-0.172776325867999,-0.0546803051146803,-0.0758002612104208
1367,-0.0656466380947663,-0.0097086928813407,-0.0286399666453687,-0.269456799631536,64,47,64,41,-0.242747574123605,-0.0656612168326001,-0.00923242827637713
1368,-0.0371145030655432,-0.0253086271609642,0.0003062017181898,-0.0021755410334651,65,61,65,47,0.0245336844744664,-0.037129081803377,-0.0248323625560006
1370,-0.0359551163144539,0.0106442709488024,-0.0073081831180834,-0.135630994502411,86,73,86,59,-0.10892176899448,-0.0359696950522877,0.011120535553766
1371,-0.0265298682692319,0.0091086822034672,0.0604126182614739,-0.0576142129321161,198,185,198,172,-0.0309049874241846,-0.0265444470070657,0.00958494680843077
1392,-0.0240589363598252,0.0140858985662669,0.0838196050732859,0.292739615294552,399,374,399,371,0.319448840802484,-0.024073515097659,0.0145621631712305
1393,-0.027521264478337,0.03943463663697,0.0971716895230602,0.081257214935592,273,253,273,251,0.107966440443524,-0.0275358432161708,0.0399109012419336
1395,-0.0264147464986248,-0.0363406703146354,0.0150811802921183,-0.107563904405458,266,237,266,239,-0.0808546788975265,-0.0264293252364586,-0.0358644057096718
1397,0.133488444963587,0.176582198111788,0.0636152326210895,-0.240080996344983,518,498,518,338,-0.213371770837052,0.133473866225753,0.177058462716752
1400,-0.0104930975432017,-0.011140638026091,-0.0536006496012689,-0.0971440606325824,69,63,69,5,-0.0704348351246509,-0.0105076762810355,-0.0106643734211274
1403,-0.0615577990913501,0.0271714227890936,0.0438276131059404,-0.0055696757648691,163,155,163,149,0.0211395497430624,-0.0615723778291839,0.0276476873940572
1404,0.0415073077752614,0.0880335084475161,0.120685184625275,0.346886898280296,502,486,502,481,0.373596123788228,0.0414927290374276,0.0885097730524797
1405,-0.0060125296275453,-0.0311574034149876,-0.0027016142809326,-0.157209054530002,218,206,218,179,-0.130499829022071,-0.00602710836537909,-0.030681138810024
1412,-0.0112964367869986,0.018375359110775,0.0659352302275018,0.138703664779559,81,74,81,74,0.165412890287491,-0.0113110155248324,0.0188516237157386
1414,-0.027288863689686,-0.0191827344779073,-0.067609336793657,0.002437860043732,85,80,85,48,0.0291470855516635,-0.0273034424275198,-0.0187064698729437
1421,-0.0815026280476766,0.0149579074956883,0.0561322253874129,-0.125225512730073,102,98,102,84,-0.0985162872221415,-0.0815172067855104,0.0154341721006519
1422,0.0149757504363626,-0.0468227401171538,-0.0860180325473703,-0.0424764953687755,131,119,131,56,-0.015767269860844,0.0149611716985288,-0.0463464755121902
1425,0.0442366078416344,0.0225959529668126,-0.016693819946098,-0.270851784390709,113,105,113,75,-0.244142558882778,0.0442220291038006,0.0230722175717762
1436,-0.0136218928897457,-0.0003709009193672,0.0751758878789827,-0.164035932505854,377,340,377,357,-0.137326706997922,-0.0136364716275795,0.000105363685596372
1437,-0.0217841184821096,0.0441834314615131,0.0452562022991477,-0.0793881164122583,178,163,178,156,-0.0526788909043268,-0.0217986972199434,0.0446596960664767
1443,0.217009394816397,0.182929472062457,0.0475719971823341,-0.186967437314442,609,590,609,292,-0.16025821180651,0.216994816078563,0.183405736667421
1444,-0.0117747274497239,0.0260361607318322,0.0022118286399421,-0.0288655897012955,126,119,126,93,-0.00215636419336401,-0.0117893061875577,0.0265124253367958
1445,0.0182683803547474,-0.0047508322211871,0.0279793479490748,-0.138893177558479,147,130,147,102,-0.112183952050548,0.0182538016169136,-0.00427456761622353
1449,-0.0163514913133479,0.0409272562201859,-0.0404014941167078,-0.177548231233942,298,273,298,176,-0.150839005726011,-0.0163660700511817,0.0414035208251495
1450,0.0311588972928087,0.0715308759227327,0.100262078120783,-0.14090001178291,183,165,183,154,-0.114190786274979,0.0311443185549749,0.0720071405276963
1453,-0.0244348229765362,0.0528995289918315,0.0736415272882844,-0.196783835165607,185,162,185,139,-0.170074609657676,-0.02444940171437,0.0533757935967951
1464,-0.0039112918452686,0.0473411789873368,-0.0038700097743695,-0.141770441677423,605,538,605,395,-0.115061216169492,-0.00392587058310239,0.0478174435923004
1467,-0.0935036938084772,-0.0370191771553704,-0.0070928731448744,-0.128290652999198,140,131,140,126,-0.101581427491267,-0.093518272546311,-0.0365429125504068
1468,0.0268635878722565,-0.0079191803228051,-0.0368663203630189,-0.0543303174829785,55,54,55,35,-0.027621091975047,0.0268490091344227,-0.00744291571784153
1469,-0.0142404963329953,-0.0117472235038716,0.0259097608671196,-0.0309096557225366,27,26,27,12,-0.00420043021460511,-0.0142550750708291,-0.011270958898908
1478,-0.0998992854367519,-0.0405483519583451,-0.073904797865384,-0.175644083027557,158,148,158,145,-0.148934857519625,-0.0999138641745857,-0.0400720873533815
1482,-0.0632673857023221,0.0399019813573929,0.0574358220189269,-0.184650377650504,275,241,275,238,-0.157941152142572,-0.0632819644401559,0.0403782459623565
1489,-0.0319749902940358,0.0083254753156386,-0.0090021583541634,-0.0690599559274067,174,157,174,114,-0.0423507304194752,-0.0319895690318696,0.00880173992060217
1490,-0.0022848104561691,-0.008751855467516,-0.0531463504475549,-0.0493610205680734,57,52,57,36,-0.0226517950601419,-0.00229938919400289,-0.00827559086255243
1500,-0.0436662940512174,-0.0121963940995408,-0.0196183649460783,-0.194896202845954,248,233,248,180,-0.168186977338022,-0.0436808727890512,-0.0117201294945772
1502,-0.0172372911598991,-0.0102040111190809,0.0367151212432792,-0.145029021190773,612,576,612,328,-0.118319795682842,-0.0172518698977329,-0.00972774651411733
1503,0.0850788106157484,0.153905393736992,-0.0278266427199547,-0.109001450666796,867,840,867,399,-0.0822922251588645,0.0850642318779146,0.154381658341956
1504,-0.0218831147159093,-0.0077224041860093,-0.05061171265741,-0.129855540943538,775,716,775,411,-0.103146315435606,-0.0218976934537431,-0.00724613958104573
1506,-0.0067191190132706,-0.0040015527830595,-0.0123333017976417,,1,1,1,,,,
1507,0.0121485104623293,-0.0107449799114561,-0.0230159795825442,,5,5,5,,,,
1515,-0.0343139832772173,-0.0022629935679564,0.0230091800750671,-0.0866478619602509,897,831,897,697,-0.0599386364523194,-0.0343285620150511,-0.00178672896299283
1516,0.0919093287654139,0.0666704810027215,-0.0177225721579158,-0.18853070783821,118,111,118,69,-0.161821482330279,0.0918947500275801,0.0671467456076851
1517,0.0117494384791737,-0.0100238589338865,0.0046211472124764,-0.147808110466898,98,84,98,61,-0.121098884958967,0.0117348597413399,-0.00954759432892293
1518,-0.0060763115208508,-0.0216394051492653,-0.0873910281984629,-0.153377427640143,87,73,87,38,-0.126668202132212,-0.00609089025868459,-0.0211631405443017
1519,-0.0086501775165428,-0.0234498962829127,-0.133729178506417,-0.143385343316777,83,79,83,17,-0.116676117808846,-0.00866475625437659,-0.0229736316779491
1520,-0.028578162753661,0.0296608560541254,0.0768414411135966,-0.0400938745636492,383,355,383,336,-0.0133846490557177,-0.0285927414914948,0.030137120659089
1521,-0.0422983897011847,0.0014153571857212,-0.0676394897509207,-0.0793738294699894,134,130,134,78,-0.0526646039620579,-0.0423129684390185,0.00189162179068477
1522,0.0192437578313044,0.026454695430785,-0.0397935903088519,-0.0080485100003897,42,40,42,22,0.0186607155075418,0.0192291790934706,0.0269309600357486
1525,-0.0286121906701709,-0.009210094452291,-0.0673367118243864,-0.201838260587564,706,651,706,373,-0.175129035079633,-0.0286267694080047,-0.00873382984732743
1542,-0.0012523015788297,0.0114607804550555,-0.0056490395862122,0.0407147198719033,50,43,50,24,0.0674239453798348,-0.00126688031666349,0.0119370450600191
1549,-0.0222843822000029,-0.0100047540115525,-0.0263278987708735,-0.214275748810148,102,93,102,71,-0.187566523302216,-0.0222989609378367,-0.00952848940658893
1579,-0.0715777955468946,-0.0016332078314361,-0.0305217407427483,-0.132295148121376,116,109,116,88,-0.105585922613445,-0.0715923742847284,-0.00115694322647253
1580,-0.016022335963871,-0.002347280598984,0.0164907995830406,0.0633808751374802,1,1,1,1,0.0900901006454117,-0.0160369147017048,-0.00187101599402043
1581,-0.0487840028918331,0.0896469518528025,0.110618493347377,-0.0322055347306797,333,317,333,322,-0.0054963092227482,-0.0487985816296669,0.0901232164577661
1582,0.0034632000799638,0.0488920534811839,0.064427458358303,0.0952436918788561,170,156,170,149,0.121952917386788,0.00344862134213001,0.0493683180861475
1584,-0.0089480357266686,-0.019403046820124,-0.0697431105110715,-0.0658643552126817,11,8,11,1,-0.0391551297047502,-0.00896261446450239,-0.0189267822151604
1585,-0.0708116060652964,0.0481225603869973,0.0278912499860583,-0.145807655667693,250,233,250,220,-0.119098430159762,-0.0708261848031302,0.0485988249919609
1586,-0.0418149956011386,0.0316235996106611,0.0904175488072136,0.121783426780138,251,241,251,237,0.14849265228807,-0.0418295743389724,0.0320998642156247
1587,-0.0407832739351923,0.0330616437874257,0.0474522064913557,-0.0474229985314289,219,204,219,194,-0.0207137730234974,-0.0407978526730261,0.0335379083923893
1588,-0.0403710418536317,0.109878060032817,0.100402304094832,-0.166851877222572,126,122,126,114,-0.14014265171464,-0.0403856205914655,0.110354324637781
1590,0.132747956398434,0.190818238076643,0.10940863442005,-0.0941455289212286,804,770,804,669,-0.0674363034132971,0.1327333776606,0.191294502681607
1594,-0.0489801339643062,0.0253811931697588,0.0070848449899458,-0.0553899853121607,131,128,131,105,-0.0286807598042292,-0.04899471270214,0.0258574577747224
1597,-0.0281022208732846,0.000815200416244,0.0148531934976185,,4,4,4,,,,
1604,-0.0780888935374873,0.0481504165442596,0.0073519185197711,-0.124551963115747,270,251,270,225,-0.0978427376078155,-0.0781034722753211,0.0486266811492232
1607,-0.063818987868857,0.039576891608064,0.0627530960035716,-0.0359038750329799,98,86,98,69,-0.0091946495250484,-0.0638335666066908,0.0400531562130276
1610,-0.0344500320329042,-0.0072104137397216,-0.0560342766558994,-0.168180178236038,147,138,147,94,-0.141470952728107,-0.034464610770738,-0.00673414913475803
1619,-0.0214732548597048,0.0338039671811102,-0.0218940179315473,-0.202756391468795,90,75,90,62,-0.176047165960864,-0.0214878335975386,0.0342802317860738
1629,0.009951668682687,0.0828388797497447,0.109366709481709,0.0377876280873509,58,55,58,52,0.0644968535952824,0.00993708994485321,0.0833151443547083
1631,0.216538403857914,0.112115650382416,0.283611273794368,0.303238644074721,319,314,319,311,0.329947869582653,0.21652382512008,0.11259191498738
1632,-0.0630397897582829,0.0441126060941982,0.019234244950243,0.0075678471274579,148,139,148,135,0.0342770726353894,-0.0630543684961167,0.0445888706991618
1634,-0.0146960889481469,0.0845723763698002,0.0796721576653445,0.349824277808716,245,236,245,240,0.376533503316648,-0.0147106676859807,0.0850486409747638
1635,-0.0533606235593462,0.0535728394780936,0.0994523829548819,-0.099640997110504,115,109,115,105,-0.0729317716025725,-0.05337520229718,0.0540491040830572
1638,-0.0484017464406219,0.0363292791915377,0.028932401236529,0.357931467293173,75,74,75,67,0.384640692801105,-0.0484163251784557,0.0368055437965013
1641,0.0007564865319964,0.0778307808195117,0.0609053130615513,0.252606287765514,102,101,102,98,0.279315513273446,0.000741907794162608,0.0783070454244753
1653,-0.0101171891645982,0.0424279654971784,0.019297943005073,-0.131017866198926,133,127,133,107,-0.104308640690995,-0.010131767902432,0.042904230102142
1657,-0.068713808891101,0.0213381505719059,0.0636981775273907,-0.112989735802143,110,104,110,106,-0.0862805102942115,-0.0687283876289348,0.0218144151768695
1663,-0.0505141130100244,-0.0553530289825036,-0.0037978262292273,-0.131540406864808,405,396,405,222,-0.104831181356877,-0.0505286917478582,-0.05487676437754
1664,0.0247696170892125,0.0233991014324783,-0.0467525614032987,-0.151786900697803,234,227,234,94,-0.125077675189872,0.0247550383513787,0.0238753660374419
1666,-0.0240710754053481,-0.0621289589055196,-0.127539827772231,,24,24,24,,,,
1672,-0.0138206598430811,-0.036970166381675,-0.0740409508798825,-0.148329650583432,160,149,160,69,-0.121620425075501,-0.0138352385809149,-0.0364939017767114
1674,0.0177955011503193,-0.0360303484571067,-0.0801092918166358,-0.135913875219196,195,166,195,90,-0.109204649711265,0.0177809224124855,-0.0355540838521431
1675,-0.0355161361129752,0.021999758040738,0.0125479139359741,-0.0931497651989018,170,160,170,92,-0.0664405396909703,-0.035530714850809,0.0224760226457016
1676,-0.0547803296445737,-0.0116159551542654,-0.0015992203242091,-0.0676537360514665,505,445,505,341,-0.040944510543535,-0.0547949083824075,-0.0111396905493018
1681,-0.0310082337314807,-0.0498233690575214,-0.0728147752313986,-0.138959565494217,144,137,144,81,-0.112250339986286,-0.0310228124693145,-0.0493471044525578
1685,-0.0332925385500001,0.0101544293082664,-0.0054373412032651,0.0736221851040651,68,65,68,35,0.100331410611997,-0.0333071172878339,0.01063069391323
1689,0.0069186676712316,-0.0020561178870332,-0.0061587593902337,,1,1,1,,,,
1707,-0.0022009604873726,-0.0043547646785718,-0.0116452868050626,,1,1,1,,,,
1710,-0.0127637046864973,0.0217114510536155,-0.0262340514466703,-0.0133496321877294,28,27,28,3,0.0133595933202021,-0.0127782834243311,0.0221877156585791
1734,-0.0424834099681396,-0.0307628370381269,0.0549921885815519,0.228190505451232,276,272,276,264,0.254899730959164,-0.0424979887059734,-0.0302865724331633
1735,-0.123305714596813,0.0158410562806331,0.0814065311517285,0.078928979654418,463,440,463,429,0.10563820516235,-0.123320293334647,0.0163173208855967
1738,-0.0496738854746969,0.030893290377344,0.0723260801277914,0.0559501130748345,280,262,280,257,0.082659338582766,-0.0496884642125307,0.0313695549823076
1739,-0.0498636559052763,-0.189707753838586,-0.143337012833831,-0.0005527958686471,434,386,434,101,0.0261564296392844,-0.0498782346431101,-0.189231489233622
1741,-0.0675918323354232,0.0634577247677039,0.0089135674026737,-0.150699372335339,131,120,131,113,-0.123990146827408,-0.067606411073257,0.0639339893726675
1742,-0.0581658141372903,-0.0412202967875706,-0.0044344460768876,-0.0686845470609796,103,93,103,81,-0.0419753215530481,-0.0581803928751241,-0.040744032182607
1743,-0.0665459927647207,0.0513005168097543,0.0049398942569483,-0.174571499657946,177,170,177,143,-0.147862274150015,-0.0665605715025545,0.0517767814147179
1747,-0.0310413027304624,0.0547652028654091,0.0856721457571449,-0.103295955667512,402,377,402,354,-0.0765867301595805,-0.0310558814682962,0.0552414674703727
1749,-0.0265606450566404,0.0029098991088128,0.0100956744629678,-0.130381860540501,241,219,241,194,-0.103672635032569,-0.0265752237944742,0.00338616371377637
1750,-0.0605466286098945,0.0595039277686809,0.0478877683141691,0.0595387169042257,154,146,154,144,0.0862479424121572,-0.0605612073477283,0.0599801923736445
1755,-0.0472896388270468,0.0469295959831734,0.0391883686276592,-0.145252535436488,336,311,336,282,-0.118543309928557,-0.0473042175648806,0.047405860588137
1756,-0.0640825232039794,-0.0172201440118713,-0.0338338627554332,-0.17380670267287,234,209,234,178,-0.147097477164938,-0.0640971019418132,-0.0167438794069077
1757,-0.0487961714348754,0.0429780137450869,0.0489428407084526,0.128772450890317,732,704,732,668,0.155481676398249,-0.0488107501727092,0.0434542783500505
1761,-0.0238864316286382,-0.0247427314726466,0.0326979318353336,-0.115140724681728,115,105,115,104,-0.0884314991737965,-0.023901010366472,-0.024266466867683
1769,-0.0744857149168783,0.0158115673120162,0.0133065724533835,0.0253885685305193,113,107,113,102,0.0520977940384508,-0.0745002936547121,0.0162878319169798
1774,0.0547263662142151,0.0431183217850556,0.091188010530742,0.394590636416109,221,214,221,215,0.42129986192404,0.0547117874763813,0.0435945863900192
1775,-0.0153304219189237,0.0328945249718193,0.0909918610514227,0.0556997578650854,61,60,61,57,0.0824089833730169,-0.0153450006567575,0.0333707895767829
1776,0.0904258401816199,0.0647932200633016,0.172769727222265,0.552396811269173,79,77,79,75,0.579106036777105,0.0904112614437861,0.0652694846682652
1777,0.0834595996802316,0.0324334916989919,0.109984808654521,0.295176176863206,238,230,238,226,0.321885402371138,0.0834450209423978,0.0329097563039555
1780,0.0120448162522055,0.009981348834323,0.102982204490013,0.0435533435765101,84,81,84,79,0.0702625690844416,0.0120302375143717,0.0104576134392866
1781,0.219060168628449,0.0395777598706675,0.145071053390451,0.542827315903048,170,166,170,158,0.56953654141098,0.219045589890615,0.0400540244756311
1783,0.290445958850793,0.0712638192676677,0.243938570643187,0.544936756781486,222,216,222,214,0.571645982289418,0.290431380112959,0.0717400838726313
1787,-0.0532292987517698,0.0118056377883998,0.0288355310210213,0.0593177136421075,58,56,58,54,0.086026939150039,-0.0532438774896036,0.0122819023933634
1788,0.271886549698222,0.0245227526620904,0.171593709844141,0.467208662607089,214,207,214,208,0.49391788811502,0.271871970960388,0.024999017267054
1789,-0.017544891801145,0.0184191672224235,0.0324401110734608,0.292136860872747,47,44,47,43,0.318846086380678,-0.0175594705389788,0.0188954318273871
1791,0.0919296244231597,-0.0452237209967028,0.0131554640923126,0.390095479564405,185,183,185,178,0.416804705072336,0.0919150456853259,-0.0447474563917392
1792,0.0265369839982936,0.0380916767203664,0.0708992465649235,-0.0248418022408195,151,148,151,148,0.001867423267112,0.0265224052604598,0.03856794132533
1795,-0.0929563277828276,0.0365628067787974,0.0037803467866702,-0.0658748484082411,210,200,210,189,-0.0391656229003096,-0.0929709065206614,0.037039071383761
1796,0.0819162149913902,0.0606989922613963,0.14957422403419,0.151757967038612,121,119,121,118,0.178467192546544,0.0819016362535564,0.0611752568663599
1801,0.0168815573975233,0.006190718090295,0.107580856247346,0.106704278064939,210,201,210,199,0.133413503572871,0.0168669786596895,0.00666698269525857
1839,0.195156457404161,0.0968358782220013,0.145192937726034,0.535104332287271,324,316,324,315,0.561813557795203,0.195141878666327,0.0973121428269649
1844,0.0068572041387625,0.0506541481986681,0.0769084446224001,0.228764886806519,52,51,52,48,0.255474112314451,0.00684262540092871,0.0511304128036317
1851,0.0215658967561521,0.0114039750834249,-0.0467284208172392,-0.135534959990602,243,232,243,139,-0.108825734482671,0.0215513180183183,0.0118802396883885
1855,-0.0047912813295254,-0.0072296416333582,-0.0232305462650428,,1,1,1,,,,
1858,0.0143775510650314,0.0256066366725903,-0.0021045901505986,-0.164586717021704,443,408,443,375,-0.137877491513773,0.0143629723271976,0.0260829012775539
1859,0.0076089573090501,-0.0441058679469227,0.0178109331265984,-0.277773439845111,134,125,134,128,-0.25106421433718,0.00759437857121631,-0.0436296033419591
1860,-0.0285191491541386,-0.0774580807619325,-0.0871899131131303,-0.0274170718665155,227,206,227,144,-0.000707846358584004,-0.0285337278919724,-0.0769818161569689
1863,-0.0881636952485217,-0.0050132846456273,-0.0634342659972775,-0.0606120514490379,222,199,222,174,-0.0339028259411064,-0.0881782739863555,-0.00453702004066373
1864,0.11828590328607,0.0617053063649885,0.019553427149271,-0.0874150183982208,293,279,293,202,-0.0607057928902893,0.118271324548236,0.0621815709699521
1875,-0.0041030734153605,-0.0040585749456631,-0.026613526042307,-0.160285434764248,3,3,3,1,-0.133576209256317,-0.00411765215319429,-0.00358231034069953
1880,0.0503549968107081,0.0921954474178283,-0.0760852225381368,-0.216154059840417,222,214,222,126,-0.189444834332486,0.0503404180728743,0.0926717120227919
1881,-0.0801900447443258,0.0162623416004277,-0.0454202169898843,-0.100811866113585,95,89,95,64,-0.0741026406056535,-0.0802046234821596,0.0167386062053913
1882,-0.0753209258581204,-0.129051658913709,-0.0761993618080851,-0.255339483568984,294,273,294,209,-0.228630258061053,-0.0753355045959542,-0.128575394308745
1884,-0.0437409783570514,-0.0531680082528838,-0.0582847512716598,-0.1992702651521,308,295,308,191,-0.172561039644169,-0.0437555570948852,-0.0526917436479202
1886,-0.0241194448474365,0.0215018997212209,-0.0075453017901394,-0.209590778742966,72,68,72,44,-0.182881553235035,-0.0241340235852703,0.0219781643261845
1887,-0.0418533154941566,-0.007773155275746,-0.0113085601801918,-0.170435222563688,134,122,134,98,-0.143725997055757,-0.0418678942319904,-0.00729689067078243
1889,0.0005225097523092,0.0258833375277578,-0.0147223560131202,-0.115184604120996,55,52,55,27,-0.0884753786130645,0.000507931014475408,0.0263596021327214
1891,0.0276514683335212,0.0010461442599648,-0.0387468475712736,-0.109512773371964,33,28,33,16,-0.0828035478640325,0.0276368895956874,0.00152240886492837
1894,-0.0286385368746205,-0.0834864256250731,-0.201248376276802,-0.0644131568890613,74,73,74,5,-0.0377039313811298,-0.0286531156124543,-0.0830101610201095
1895,0.090122413202133,-0.0082705200026137,-0.128207799813858,-0.126266117752586,121,118,121,54,-0.0995568922446545,0.0901078344642992,-0.00779425539765013
1908,-0.0264866211216205,0.0078867390757789,-0.0406366042668021,-0.0759768889931375,57,52,57,42,-0.049267663485206,-0.0265011998594543,0.00836300368074247
1909,-0.028182330114552,0.0436123067037067,0.0557311711662716,-0.0008277825368247,412,391,412,383,0.0258814429711068,-0.0281969088523858,0.0440885713086703
1911,-0.0247381509379206,0.0390106603629679,0.0483072139834144,-0.0817431793530886,124,110,124,109,-0.0550339538451571,-0.0247527296757544,0.0394869249679315
1918,-0.0272844679075886,-0.0410656705261689,0.0416515325900339,-0.0862754847288273,216,197,216,181,-0.0595662592208958,-0.0272990466454224,-0.0405894059212053
1919,0.0047977163232915,0.0203138547881996,0.0447360391060063,0.017601280057681,160,151,160,156,0.0443105055656125,0.00478313758545771,0.0207901193931632
1923,-0.0561006022556456,-0.0440972985850632,-0.0895089487014886,-0.166204292359406,236,219,236,185,-0.139495066851475,-0.0561151809934794,-0.0436210339800996
1934,-0.0773015924754666,-0.0073535210800043,0.0255585745933291,-0.0904417031917818,446,418,446,413,-0.0637324776838503,-0.0773161712133004,-0.00687725647504073
1937,-0.056351152521986,-0.0093687059309298,0.001601204951898,0.262610640337989,92,91,92,87,0.28931986584592,-0.0563657312598198,-0.00889244132596623
1941,-0.0135853226021531,0.0032387035325857,-0.0444014080091196,-0.129592142790306,209,198,209,169,-0.102882917282375,-0.0135999013399869,0.00371496813754927
1958,-0.0250311775837236,-0.0408027350452575,-0.122272821020934,-0.119955367137861,172,153,172,66,-0.0932461416299295,-0.0250457563215574,-0.0403264704402939
1959,-0.0361181439232985,-0.0459570194710166,-0.0475638232864691,-0.130662185725514,114,90,114,92,-0.103952960217583,-0.0361327226611323,-0.045480754866053
1967,-0.0398390255211903,-0.0073253075033511,0.0001619373674974,0.110179061420099,318,293,318,279,0.136888286928031,-0.0398536042590241,-0.00684904289838753
1969,-0.0452008060711624,-0.0157410984834181,-0.052699982052889,-0.121837452442726,117,112,117,80,-0.0951282269347945,-0.0452153848089962,-0.0152648338784545
1971,-0.0199418804392565,0.0506341823536829,0.0252215247489052,-0.108877160764606,112,106,112,79,-0.0821679352566745,-0.0199564591770903,0.0511104469586465
1977,-0.034226130509012,0.0541472826094622,0.0652706613143589,-0.0464434903960798,522,485,522,452,-0.0197342648881483,-0.0342407092468458,0.0546235472144258
1980,-0.0543543087257099,0.0221874556166747,0.0007011170189318,-0.0953755748419547,123,113,123,93,-0.0686663493340232,-0.0543688874635437,0.0226637202216383
1987,-0.0090835060224202,-0.0332065346699644,-0.0716689231301445,-0.143420770660205,73,70,73,38,-0.116711545152274,-0.00909808476025399,-0.0327302700650008
1989,0.0093119299523297,-0.0155234173915889,0.001681781016655,-0.0602819546214173,91,82,91,89,-0.0335727291134858,0.00929735121449591,-0.0150471527866253
1996,0.0130279538435084,0.0395408005653041,-0.0186710259578881,-0.156889436146722,446,420,446,295,-0.13018021063879,0.0130133751056746,0.0400170651702677
1997,0.0229435415909956,0.0665595677902652,-0.0038143499779532,0.0060963992290718,125,114,125,105,0.0328056247370033,0.0229289628531618,0.0670358323952288
2007,-0.0177333943413338,0.0078343537518712,-0.0720379080522976,-0.14399244364738,103,99,103,76,-0.117283218139449,-0.0177479730791676,0.00831061835683477
2009,0.0026945831457204,0.0078216906791014,0.0022527236928621,-0.114426861686006,25,20,25,19,-0.0877176361780745,0.00268000440788661,0.00829795528406497
2012,-0.0181040594212489,-0.0225425028452496,-0.0911838688599505,-0.0992488694012626,239,223,239,90,-0.0725396438933311,-0.0181186381590827,-0.022066238240286
2013,-0.0448315542350622,-0.122792916565314,-0.11180561939066,-0.171897105874502,539,503,539,270,-0.145187880366571,-0.044846132972896,-0.12231665196035
2018,-0.0448496475415568,-0.0154436413711001,-0.0010881585707058,-0.175497899943035,178,160,178,117,-0.148788674435103,-0.0448642262793906,-0.0149673767661365
2019,-0.0205741484695781,-0.0147695142298613,-0.0173040255366216,-0.041802858628909,84,79,84,65,-0.0150936331209775,-0.0205887272074119,-0.0142932496248977
2021,0.0057948866354132,-0.0158969337052251,-0.0446541235198332,,7,7,7,,,,
2035,-0.039649406723698,-0.0489069554727701,-0.0943574314192204,-0.336423087022567,31,25,31,24,-0.309713861514636,-0.0396639854615318,-0.0484306908678065
2040,0.0054933127230177,-0.0050076208541713,-0.0174176595141087,-0.11437421443607,231,221,231,195,-0.0876649889281385,0.00547873398518391,-0.00453135624920773
2041,0.0229094089290047,-0.0650511932652208,-0.0134001695450975,-0.0362702794678712,155,145,155,141,-0.00956105395993971,0.0228948301911709,-0.0645749286602572
2042,0.0432007959543748,0.0364350866529372,0.107712836512622,0.168769084084596,344,324,344,324,0.195478309592528,0.043186217216541,0.0369113512579008
2043,-0.0399610319764603,-0.0483419729802117,-0.0843605218968086,-0.139223839319649,106,99,106,71,-0.112514613811718,-0.0399756107142941,-0.0478657083752481
2044,-0.0233137212171247,0.0375007402308779,-0.0758287057383641,-0.191999403803287,611,586,611,331,-0.165290178295356,-0.0233282999549585,0.0379770048358415
2045,-0.0630480912759642,0.0036377753858822,0.0709544044118038,0.0617924123944632,147,142,147,139,0.0885016379023947,-0.063062670013798,0.00411403999084577
2047,-0.0230525390374314,-0.0371619366530291,-0.0063285181829001,-0.0621682665840852,93,83,93,81,-0.0354590410761537,-0.0230671177752652,-0.0366856720480655
2049,0.0291555093814387,-0.0054950174360379,0.0631133819906372,0.136716900819701,167,159,167,164,0.163426126327633,0.0291409306436049,-0.00501875283107433
2050,-0.0429458317425509,-0.068052328128045,-0.111804619689445,-0.204724052880389,100,91,100,53,-0.178014827372458,-0.0429604104803847,-0.0675760635230814
2052,-0.0319874057368477,-0.0396017273892243,-0.0735599071753419,-0.198799281747954,95,92,95,65,-0.172090056240023,-0.0320019844746815,-0.0391254627842607
2055,-0.0473819882405493,-0.0094927621709129,-0.0276304756038052,-0.122837559946092,114,111,114,94,-0.0961283344381605,-0.0473965669783831,-0.00901649756594933
2057,-0.025874433301155,-0.0085991773535795,-0.010290977593172,-0.127318316182185,18,17,18,4,-0.100609090674254,-0.0258890120389888,-0.00812291274861593
2064,-0.0318846604533531,-0.0482552741070137,-0.0727090849237944,-0.131929558814954,372,348,372,194,-0.105220333307023,-0.0318992391911869,-0.0477790095020501
2066,-0.0514587096667171,-0.0366969784199549,-0.0841390136273101,-0.185445293259382,53,51,53,24,-0.15873606775145,-0.0514732884045509,-0.0362207138149913
2075,-0.0224020430347772,-0.0114457453760984,-0.0527448166146079,-0.0685201077249659,221,207,221,148,-0.0418108822170344,-0.022416621772611,-0.0109694807711348
2078,-0.0005527978099039,-0.0243767989871793,-0.0099777782241603,-0.0418565415494152,243,238,243,163,-0.0151473160414837,-0.000567376547737692,-0.0239005343822157
2084,-0.0056756269510623,-0.0711813205711471,-0.119452261596988,-0.232805046565431,312,294,312,167,-0.2060958210575,-0.00569020568889609,-0.0707050559661835
2090,-0.0331372144792277,-0.0255041792627683,-0.0335180030674988,-0.184072288048378,144,130,144,128,-0.157363062540447,-0.0331517932170615,-0.0250279146578047
2091,-0.0396065130518305,-0.0441284594719224,0.0045608619129433,-0.118821461845192,261,244,261,222,-0.0921122363372605,-0.0396210917896643,-0.0436521948669588
2099,-0.0232495640913302,0.0554974594463051,0.0642640289462955,-0.0467862318079626,123,115,123,107,-0.0200770063000311,-0.023264142829164,0.0559737240512687
2101,0.0439021789205659,-0.0455514593484235,-0.106538685935058,0.0089022260624519,16,16,16,2,0.0356114515703834,0.0438876001827321,-0.0450751947434599
2102,-0.0674073443152016,-0.0712919671780899,-0.0810525566999828,-0.072229321950892,578,529,578,377,-0.0455200964429605,-0.0674219230530354,-0.0708157025731263
2103,-0.0489239845901531,0.135584387860383,-0.0138313531024808,-0.132207033172708,976,935,976,519,-0.105497807664777,-0.0489385633279869,0.136060652465347
2104,-0.0893015532525925,-0.0362863806458533,0.0135361448715117,-0.145310308068981,1517,1442,1517,1198,-0.118601082561049,-0.0893161319904263,-0.0358101160408897
2105,-0.070653504710027,0.120558013926817,0.0369418449261401,-0.142899960567301,1049,998,1049,583,-0.11619073505937,-0.0706680834478608,0.121034278531781
2109,-0.0422429734501125,-0.043218680012115,0.0048393767121731,0.108394092742728,421,399,421,358,0.13510331825066,-0.0422575521879463,-0.0427424154071514
2110,0.0055122965053311,-0.021556015602159,-0.0049051505462435,0.0085000449768281,1456,1401,1456,1297,0.0352092704847596,0.00549771776749731,-0.0210797509971954
2111,-0.0528053282977008,-0.0577639988347023,-0.101321617989321,-0.19532148862171,463,424,463,220,-0.168612263113779,-0.0528199070355346,-0.0572877342297387
2123,-0.0428802337471775,0.126610503609681,0.0576504916460847,-0.0521030478772954,473,444,473,210,-0.0253938223693639,-0.0428948124850113,0.127086768214645
2124,-0.0482464568781291,-0.0583087083838033,-0.127205306563534,0.0171806297638242,167,157,167,74,0.0438898552717557,-0.0482610356159629,-0.0578324437788397
2134,-0.0633939712298755,-0.0863525540126576,-0.0512724029035971,-0.22387638570313,330,300,330,191,-0.197167160195199,-0.0634085499677093,-0.085876289407694
2138,0.002748582384051,-0.0009831035610266,0.0006083258953383,,1,1,1,,,,
2150,0.051812239007964,0.0044364249486673,0.0533296457753341,0.216448471012521,149,145,149,141,0.243157696520453,0.0517976602701302,0.00491268955363087
2153,-0.0129176345747843,-0.0186477573377109,-0.0349726743861342,-0.0454758083836942,19,18,19,8,-0.0187665828757627,-0.0129322133126181,-0.0181714927327473
2163,-0.0635386976059194,-0.0421426062881475,-0.073973600272788,-0.163303993326974,159,143,159,93,-0.136594767819043,-0.0635532763437532,-0.0416663416831839
2164,-0.0780843002390479,-0.0213197540099681,-0.0302698660117714,-0.150002728966218,242,224,242,188,-0.123293503458287,-0.0780988789768817,-0.0208434894050045
2165,-0.0744175240892373,-0.0777389524178263,-0.0913476025123065,0.0755741114153379,196,181,196,158,0.102283336923269,-0.0744321028270711,-0.0772626878128627
2166,-0.0451611833804553,0.0060517421107509,0.006351512100144,-0.144925643594984,409,379,409,335,-0.118216418087053,-0.0451757621182891,0.00652800671571447
2167,-0.0717347574474992,-0.0322621549530677,-0.0210616663213704,-0.0128505114502855,71,68,71,47,0.013858714057646,-0.071749336185333,-0.0317858903481041
2170,-0.0854638923082573,0.0053455129894249,0.0262824129898947,0.0320159181348599,161,149,161,151,0.0587251436427914,-0.0854784710460911,0.00582177759438847
2171,-0.0555239501547333,0.025683871014287,-0.0166574506166809,-0.0435297043358888,110,103,110,95,-0.0168204788279573,-0.0555385288925671,0.0261601356192506
2183,-0.102903864733059,0.0317136428218095,0.0072823283034058,0.0641101410762624,140,130,140,117,0.0908193665841939,-0.102918443470893,0.0321899074267731
2185,-0.0813103952239811,0.0089781486665324,-0.0332172068232212,-0.0623102380935588,53,48,53,30,-0.0356010125856273,-0.0813249739618149,0.00945441327149597
2194,0.278561299482911,0.0455837866475559,0.215071666571284,0.710336101543158,290,281,290,280,0.73704532705109,0.278546720745077,0.0460600512525195
2198,-0.118657738537633,0.0075882594142604,0.0104877072756382,0.162631313158779,9,9,9,3,0.189340538666711,-0.118672317275467,0.00806452401922397
2200,0.190402797500204,0.0768208635801633,0.164487118441065,0.6619535382987,584,569,584,552,0.688662763806632,0.19038821876237,0.0772971281851269
2205,-0.0440729132233603,-0.0640055923482627,-0.0588160911566392,-0.11169208822075,230,210,230,113,-0.0849828627128185,-0.0440874919611941,-0.0635293277432991
2206,-0.0441523157062128,0.0498202187334822,0.0241254604732025,-0.141668739445327,107,100,107,59,-0.114959513937396,-0.0441668944440466,0.0502964833384458
2217,-0.0742911950832669,-0.0540680392427409,-0.0531854610066753,-0.114935284808175,159,143,159,139,-0.0882260593002435,-0.0743057738211007,-0.0535917746377773
2218,-0.0631039901927092,-0.0007339233852657,-0.0439817289759229,-0.141322019185224,168,161,168,145,-0.114612793677293,-0.063118568930543,-0.000257658780302128
2219,-0.0427404410609541,-0.0904454568686304,-0.129272956231856,-0.22301768115889,252,184,252,100,-0.196308455650959,-0.0427550197987879,-0.0899691922636668
2222,-0.045575355639849,0.0419229433309212,-0.01092250068074,-0.160197477163288,403,372,403,183,-0.133488251655357,-0.0455899343776828,0.0423992079358848
2224,-0.0341937773627767,-0.0479017702086738,-0.052020764633998,-0.210703752706864,123,108,123,81,-0.183994527198933,-0.0342083561006105,-0.0474255056037102
2233,-0.054688561535733,-0.0322739139769917,-0.0522743990025471,0.0685426958612648,82,78,82,33,0.0952519213691963,-0.0547031402735668,-0.0317976493720281
2244,-0.0087362845836451,-0.0270597692931411,-0.100128143994386,-0.151574889081947,37,32,37,22,-0.124865663574016,-0.00875086332147889,-0.0265835046881775
2250,-0.0500342412145414,-0.0047777788271278,-0.0248606696053242,-0.213620988988345,19,18,19,17,-0.186911763480414,-0.0500488199523752,-0.00430151422216423
2259,-0.0948821703138082,0.0023888011915978,-0.0146244247197672,-0.0226967101434228,234,214,234,201,0.0040125153645087,-0.094896749051642,0.00286506579656137
2260,0.134190428954692,-0.0245246102559832,0.0201975611633606,0.260560413555357,196,190,196,181,0.287269639063288,0.134175850216858,-0.0240483456510196
2263,-0.0410129038377756,-0.0506536637582795,-0.0777107878082585,-0.0184784127436158,60,59,60,26,0.0082308127643157,-0.0410274825756094,-0.0501773991533159
2278,-0.0649866448359615,0.0088941856400168,-0.0222099282164422,-0.194180035444626,590,532,590,484,-0.167470809936695,-0.0650012235737953,0.00937045024498037
2280,-0.0735449811639358,-0.0888680175217297,-0.0566996860608771,-0.153382096373107,480,434,480,316,-0.126672870865176,-0.0735595599017696,-0.0883917529167661
2283,-0.0557585359091643,-0.0320804634749146,-0.0690493828031051,-0.0873362165658964,413,384,413,272,-0.0606269910579649,-0.0557731146469981,-0.031604198869951
2285,-0.0440587511127383,0.0112015668882399,-0.0391766143845023,-0.187518738000242,63,57,63,26,-0.16080951249231,-0.0440733298505721,0.0116778314932035
2297,-0.0075815414374935,-0.003416918452779,-0.013810905771411,,1,1,1,,,,
2308,0.0507346804311227,0.0204284083168807,0.0711822981950243,0.118593171752037,267,254,267,246,0.145302397259969,0.0507201016932889,0.0209046729218443
2309,-0.0368497196484416,-0.0917338257068307,-0.0688417621666198,0.0065214140290797,185,174,185,165,0.0332306395370112,-0.0368642983862754,-0.0912575611018671
2319,-0.03716372311214,-0.0786431301809481,-0.121667797707517,-0.173902232536579,240,223,240,120,-0.147193007028647,-0.0371783018499738,-0.0781668655759845
2326,-0.0670138193135636,-0.0459951644617713,-0.0236460282994537,-0.17948016146007,289,263,289,267,-0.152770935952139,-0.0670283980513974,-0.0455188998568077
2329,-0.0446877364863777,-0.0161953690996439,-0.0191547047199437,-0.10570254945916,1019,914,1019,734,-0.0789933239512285,-0.0447023152242115,-0.0157191044946803
2330,0.005985103904524,0.0012176815517774,-0.0043425064611704,,1,1,1,,,,
2334,0.0020328051464023,0.0022625044248569,0.0060361269736153,,2,2,2,,,,
2339,-0.0611710320701433,-0.0409569041095632,-0.0661610851053089,-0.139704528414362,108,103,108,74,-0.112995302906431,-0.0611856108079771,-0.0404806395045996
2355,-0.0115271942892654,-0.0288142723698788,0.0695083407025204,0.228631027332444,302,290,302,291,0.255340252840375,-0.0115417730270992,-0.0283380077649152
2356,-0.0129648840049972,0.0467187563996417,0.0702705302846615,0.058679941548504,255,243,255,242,0.0853891670564355,-0.012979462742831,0.0471950210046053
2375,-0.0434034646566381,-0.0781906188842139,-0.116921124871358,-0.20696978717106,349,315,349,203,-0.180260561663129,-0.0434180433944719,-0.0777143542792503
2378,-0.0656112557673146,-0.079114466623239,-0.158988701872145,-0.220074211010405,254,228,254,123,-0.193364985502474,-0.0656258345051484,-0.0786382020182754
2400,-0.0726155905318174,0.0229537033689888,0.098353764315005,-0.100626340185387,77,75,77,70,-0.0739171146774555,-0.0726301692696512,0.0234299679739524
2401,-0.0629063668105042,-0.107873707815755,-0.0946115528715934,-0.229646469459487,218,133,218,115,-0.202937243951556,-0.062920945548338,-0.107397443210791
2406,-0.0616778525466849,-0.0570301762537079,-0.114414520306689,-0.0515186824504735,110,96,110,53,-0.024809456942542,-0.0616924312845187,-0.0565539116487443
2411,-0.0604296461692213,-0.0326873265447398,-0.0768177987528481,-0.144867964099304,406,378,406,249,-0.118158738591373,-0.0604442249070551,-0.0322110619397762
2422,-0.0510854801434277,-0.0286507952691029,-0.0566482762747585,-0.204829515459304,580,544,580,315,-0.178120289951373,-0.0511000588812615,-0.0281745306641393
2442,-0.077912231148619,-0.0886034570249193,-0.133498124126012,-0.13062289210441,506,456,506,297,-0.103913666596479,-0.0779268098864528,-0.0881271924199557
2443,-0.0673332640040909,0.0614191710847789,-0.114607178796739,-0.324914949954837,682,657,682,254,-0.298205724446906,-0.0673478427419247,0.0618954356897425
2444,-0.0780307876678476,-0.0424920985123421,-0.0659134881230304,-0.219480806227565,419,402,419,234,-0.192771580719634,-0.0780453664056814,-0.0420158339073785
2447,-0.0518067338692223,-0.0245022251498131,-0.0493973254264967,-0.128953703196389,245,231,245,160,-0.102244477688458,-0.0518213126070561,-0.0240259605448495
2448,-0.0650172867340419,-0.0220436655418959,-0.081239188493334,-0.256434318529749,285,274,285,159,-0.229725093021818,-0.0650318654718757,-0.0215674009369323
2453,-0.0962105862244522,-0.0384501053701409,-0.0767449188600779,-0.184248839679806,194,171,194,161,-0.157539614171874,-0.096225164962286,-0.0379738407651773
2454,-0.0336350859085109,0.0300804560163727,0.0431662803920573,-0.126406808596307,732,691,732,654,-0.0996975830883755,-0.0336496646463447,0.0305567206213363
2455,-0.0800351254985722,-0.0494144889607204,-0.0575538536014446,-0.0665842444574705,312,294,312,281,-0.039875018949539,-0.080049704236406,-0.0489382243557568
2476,-0.0011029314459743,-0.0020277604701958,-0.0173288810520518,,3,3,3,,,,
2482,0.141104214299449,0.0152797937240616,0.0423417803135423,0.498846373697431,373,353,373,358,0.525555599205363,0.141089635561615,0.0157560583290252
2485,-0.0641735612209669,-0.0413538713566021,-0.128322829850107,-0.152855109372218,393,324,393,159,-0.126145883864287,-0.0641881399588007,-0.0408776067516385
2486,-0.0493675511555656,-0.0331663276459767,-0.0836149046108514,-0.193750398629057,645,599,645,365,-0.167041173121125,-0.0493821298933994,-0.0326900630410131
2488,-0.0290533829811052,0.0054132571052759,-0.033764939355245,,6,6,6,,,,
2492,0.0134726983931138,0.0292269160513887,0.0227462459543563,,4,4,4,,,,
2507,-0.0218239062717405,-0.0080805432202865,-0.0613220594079757,0.0110079070568385,7,7,7,1,0.03771713256477,-0.0218384850095743,-0.00760427861532293
2514,-0.0305023564150913,-0.13770405142879,-0.183139530648033,-0.117531768453025,192,150,192,100,-0.0908225429450935,-0.0305169351529251,-0.137227786823826
2518,-0.0660793307027206,-0.0518518126136084,-0.102117132642265,-0.0481451142300102,49,45,49,25,-0.0214358887220787,-0.0660939094405544,-0.0513755480086448
2523,0.0034849640314389,-0.0003917676491389,-0.0040708004979025,,1,1,1,,,,
2530,-0.0438794058539937,-0.0408771011579152,-0.0595253610279591,-0.188120811956383,306,274,306,169,-0.161411586448452,-0.0438939845918275,-0.0404008365529516
2551,-0.0164232177307675,-0.0471692090620253,-0.0362722080833231,-0.191551040129259,494,457,494,325,-0.164841814621328,-0.0164377964686013,-0.0466929444570617
2552,-0.061568345504406,-0.0810110775151201,-0.0982144396321601,-0.213118350355795,950,877,950,602,-0.186409124847863,-0.0615829242422398,-0.0805348129101565
2554,0.0054473296285927,-0.0021752376759015,-0.0047094131994863,,1,1,1,,,,
2579,-0.0365040639901504,-0.049152629599412,0.0084437678142121,0.0437109538551398,448,415,448,420,0.0704201793630713,-0.0365186427279842,-0.0486763649944484
2580,0.0091977675075324,-0.0127134713103341,-0.0283804883458479,0.0266558443599653,319,308,319,306,0.0533650698678968,0.00918318876969861,-0.0122372067053705
2583,-0.0790135785680985,-0.054414549027498,-0.117613716404892,-0.160514903862067,253,228,253,155,-0.133805678354135,-0.0790281573059323,-0.0539382844225344
2611,-0.0065998866998027,-0.0053222594265781,-0.0199612441058613,-0.164608943636448,8,8,8,1,-0.137899718128517,-0.00661446543763649,-0.00484599482161453
2612,-0.0249065866829382,-0.0050190830196603,-0.0130467315147263,-0.0846720535886457,124,120,124,77,-0.0579628280807142,-0.024921165420772,-0.00454281841469673
2625,-0.0749343604793796,-0.0233627289424289,-0.0699006389475226,-0.21245285459782,295,272,295,171,-0.185743629089889,-0.0749489392172134,-0.0228864643374653
2635,-0.0689889652786161,-0.0799403619972256,-0.137524880503336,-0.183838788499772,473,442,473,329,-0.157129562991841,-0.0690035440164499,-0.079464097392262
2656,-0.0388723939608472,-0.0054868544421292,-0.0617284021433405,-0.030045130068361,144,133,144,138,-0.00333590456042951,-0.038886972698681,-0.00501058983716563
2657,-0.0362318871513348,-0.0336810799293215,-0.0410500627424065,-0.0754812013965087,213,195,213,127,-0.0487719758885772,-0.0362464658891686,-0.0332048153243579
2660,0.0604703195336333,0.0118548693753715,-0.0026267586914503,0.0453743072070795,5,5,5,2,0.072083532715011,0.0604557407957995,0.0123311339803351
2681,-0.0518514965359143,-0.0271502802597661,-0.0748409699691408,-0.171586825448447,245,237,245,164,-0.144877599940516,-0.0518660752737481,-0.0266740156548025
2694,-0.0038115771840598,-0.0024021199334637,-0.0060186737935139,,1,1,1,,,,
2701,-0.0863102067868501,-0.103881895922481,-0.137041232869158,-0.120246580428041,138,127,138,80,-0.0935373549201095,-0.0863247855246839,-0.103405631317517
2732,-0.04960489130211,-0.0249847284473345,-0.0542649387525554,-0.309339037379905,87,81,87,60,-0.282629811871974,-0.0496194700399438,-0.0245084638423709
2733,-0.0758240820357944,-0.0985001375965164,-0.129153369131114,-0.144710909767949,305,271,305,213,-0.118001684260018,-0.0758386607736282,-0.0980238729915528
2737,-0.0201675116069902,0.0175134150229231,-0.0185267479402718,-0.0867784693912973,28,26,28,11,-0.0600692438833658,-0.020182090344824,0.0179896796278867
2749,0.0018980962540379,-0.0015155099945272,-0.0049125774730445,,1,1,1,,,,
2751,-0.0235943715869962,-0.0494620210779683,-0.0856427878955205,0.048141671917803,20,19,20,1,0.0748508974257345,-0.02360895032483,-0.0489857564730047
2753,-0.01129218608624,-0.0099508733835535,-0.0394523912076614,,9,9,9,,,,
2782,-0.136667154105356,-0.0589897268299012,-0.018703237436152,-0.0666191375932766,464,434,464,448,-0.0399099120853451,-0.13668173284319,-0.0585134622249376
2785,-0.0282642922468039,-0.0297947179149467,-0.0042095104383427,0.0726784024021655,123,114,123,119,0.099387627910097,-0.0282788709846377,-0.0293184533099831
2786,0.0805155774348175,0.0475004896952451,0.11094465794574,0.478149611149595,379,365,379,364,0.504858836657527,0.0805009986969837,0.0479767543002087
2787,-0.0949548732070656,0.043208721285371,0.0248266798056345,-0.0768547854881128,219,204,219,209,-0.0501455599801813,-0.0949694519448994,0.0436849858903346
2789,0.209480882575072,0.0362048021196212,0.110702177069899,0.763219763384419,152,147,152,148,0.789928988892351,0.209466303837238,0.0366810667245848
2790,0.184907933207408,0.0366382118586559,0.0853579300662543,0.364406160749495,68,62,68,64,0.391115386257427,0.184893354469574,0.0371144764636195
2793,-0.0667376827023649,-0.0150217032366684,-0.132181906791147,-0.193291785464156,904,834,904,326,-0.166582559956225,-0.0667522614401987,-0.0145454386317048
2794,-0.0485020398462031,-0.0450044462144814,-0.129793821641518,-0.248263354223185,273,242,273,118,-0.221554128715253,-0.0485166185840369,-0.0445281816095178
2817,-0.0109863564944664,-0.0072226734217418,-0.0196609209050529,,1,1,1,,,,
2833,-0.0298962415554547,-0.0085977852843686,-0.0071421599968826,-0.0392345399840068,7,7,7,3,-0.0125253144760753,-0.0299108202932885,-0.00812152067940503
2835,-0.0539809331086249,-0.0788485671101732,-0.150874616403173,-0.136457980616517,372,337,372,149,-0.109748755108586,-0.0539955118464587,-0.0783723025052096
2836,-0.0614543043483781,-0.0531324403826521,-0.135330190639189,-0.100923976405785,201,190,201,68,-0.0742147508978535,-0.0614688830862119,-0.0526561757776885
2863,-0.0764836110397989,0.0010853692974187,0.0091429132831971,-0.0671582124605182,158,147,158,137,-0.0404489869525867,-0.0764981897776327,0.00156163390238227
2865,-0.056586036000568,-0.114982251822033,-0.160794546905948,-0.0472769858226801,279,215,279,127,-0.0205677603147486,-0.0566006147384018,-0.114505987217069
2882,-0.0482055178171221,0.0392796341432552,0.0702393495025015,-0.0284043749276162,374,344,374,296,-0.0016951494196847,-0.0482200965549559,0.0397558987482188
2896,-0.0556079655221372,-0.0228768658639359,0.0143007605223583,0.098863533767968,202,186,202,177,0.1255727592759,-0.055622544259971,-0.0224006012589723
2908,-0.0305836901461213,-0.0105209484518985,-0.0582196062144114,-0.150128120190958,46,41,46,26,-0.123418894683027,-0.0305982688839551,-0.0100446838469349
2909,-0.0405108206309974,0.0582289033331148,0.084091853542174,-0.0448236864715684,50,46,50,44,-0.0181144609636369,-0.0405253993688312,0.0587051679380784
2910,-0.0150304837743114,0.0392987209392148,0.0330867774624088,-0.126960259237816,68,64,68,57,-0.100251033729885,-0.0150450625121452,0.0397749855441784
2930,-0.0913169882030229,-0.0725918483854039,-0.100253219779266,-0.136527594701226,157,146,157,120,-0.109818369193295,-0.0913315669408567,-0.0721155837804403
2934,-0.0690397503940858,-0.0649297072538057,-0.107389595020208,-0.172559829325833,789,699,789,429,-0.145850603817902,-0.0690543291319196,-0.0644534426488421
2935,-0.111854666904255,-0.0367244383946003,-0.0351430251577558,-0.137153838733593,1135,1061,1135,930,-0.110444613225662,-0.111869245642089,-0.0362481737896367
2937,-0.0613696665407972,0.0907552369385383,-0.0542772371715874,-0.208904899667099,471,455,471,174,-0.182195674159167,-0.061384245278631,0.0912315015435019
2938,-0.0851686876004832,-0.0740768130343285,-0.0776398394755902,-0.100054540736324,976,931,976,544,-0.0733453152283925,-0.085183266338317,-0.0736005484293649
2939,-0.0841972155182513,-0.0476848838109416,-0.0506714992478711,-0.0352537205674515,174,165,174,129,-0.00854449505952,-0.0842117942560851,-0.047208619205978
2940,-0.0504082321881339,0.0295917353778137,-0.0058284992352237,-0.055687079188012,61,56,61,31,-0.0289778536800805,-0.0504228109259677,0.0300679999827773
2943,-0.0275884273153624,-0.0526345595626595,-0.0652599306735557,0.0964817488028408,47,46,47,18,0.123190974310772,-0.0276030060531962,-0.0521582949576959
2947,-0.0092802606630249,-0.0017291646879068,-0.0187817738115493,,2,2,2,,,,
2959,0.0165638508302669,0.0007043885891368,0.0054127662159227,,1,1,1,,,,
2961,-0.0063188460317614,-0.0165646990368869,-0.0476324093722561,-0.058009313524605,6,6,6,1,-0.0313000880166735,-0.00633342476959519,-0.0160884344319233
2973,-0.154459286348122,0.0414139362782655,0.0416973153728095,-0.0745795861368613,1622,1563,1622,1501,-0.0478703606289298,-0.154473865085956,0.0418902008832291
2974,-0.0368830286897294,-0.0287147900211228,-0.0383493009747877,-0.204551660551475,25,24,25,12,-0.177842435043544,-0.0368976074275632,-0.0282385254161592
2979,-0.043854483859795,0.019018607790621,-0.0417894208120792,-0.18908649518221,69,59,69,30,-0.162377269674278,-0.0438690625976288,0.0194948723955846
2991,-0.129606118300968,-0.0259654103654283,-0.0033101821545497,0.0855032382153996,278,272,278,268,0.112212463723331,-0.129620697038802,-0.0254891457604647
2992,-0.139723593669342,0.0345187242918709,0.032515523450078,-0.0936153317745907,387,378,387,368,-0.0669061062666592,-0.139738172407176,0.0349949888968345
2995,-0.103163975310333,0.0054792072549314,-0.0289637393292325,-0.0605635709632337,457,429,457,397,-0.0338543454553022,-0.103178554048167,0.00595547185989497
2997,-0.0709973889628569,-0.029617946192744,-0.0895633719742924,-0.173515299840761,127,125,127,73,-0.146806074332829,-0.0710119677006907,-0.0291416815877804
3003,-0.0384926213997485,-0.04422271665607,-0.108840661542347,0.0270527448830848,111,107,111,21,0.0537619703910163,-0.0385072001375823,-0.0437464520511064
3005,-0.121099071956351,0.0217657830850311,0.0181172109019336,-0.0029003745891876,321,299,321,305,0.0238088509187439,-0.121113650694185,0.0222420476899947
3006,-0.0988407493055416,0.108034395160418,0.0198497757284975,-0.162872105540484,1064,1009,1064,751,-0.136162880032553,-0.0988553280433754,0.108510659765382
3010,-0.0678945112731516,-0.0026720855660021,0.0220921386458816,-0.0587869986811627,55,50,55,35,-0.0320777731732312,-0.0679090900109854,-0.00219582096103853
3012,-0.11479458111049,0.0161943536609291,0.0353478960355489,0.164740462364494,255,248,255,241,0.191449687872426,-0.114809159848324,0.0166706182658927
3013,-0.110267919119366,-0.0536207879691025,-0.0354877116321583,-0.243856500426813,362,338,362,309,-0.217147274918882,-0.1102824978572,-0.0531445233641389
3014,0.246123298615082,0.0676400373558304,0.179408074137638,0.738402389238566,316,313,316,305,0.765111614746498,0.246108719877248,0.068116301960794
3015,0.0331852132700353,0.107370817008808,0.218328547046497,0.690521661797241,237,235,237,234,0.717230887305172,0.0331706345322015,0.107847081613772
3016,-0.0561655477484644,-0.0375854683284304,-0.125312074604542,-0.175264318902741,147,144,147,65,-0.148555093394809,-0.0561801264862982,-0.0371092037234668
3017,0.0072977535653296,0.0007003696098651,-0.0045687455260702,,1,1,1,,,,
3033,-0.0529163821566217,-0.0414782889879396,-0.162702772933032,-0.110288475876223,175,157,175,112,-0.0835792503682915,-0.0529309608944555,-0.041002024382976
3055,-0.0492065343870265,-0.0529910851086184,-0.0983414038499778,-0.1247294695741,400,368,400,181,-0.0980202440661685,-0.0492211131248603,-0.0525148205036548
3059,-0.0844723106105789,-0.0136600917979128,0.0022514791546493,-0.0511743699558301,82,74,82,62,-0.0244651444478986,-0.0844868893484127,-0.0131838271929492
3108,-0.13673542418041,-0.0518530232812805,-0.0749522759058264,-0.263277190121422,167,157,167,153,-0.236567964613491,-0.136750002918244,-0.0513767586763169
3110,-0.0322580191392442,0.0437975940345403,-0.0151458578513891,0.0235516452720824,61,58,61,18,0.0502608707800139,-0.032272597877078,0.0442738586395039
3126,-0.0633439904087713,-0.0626937881442988,-0.100665338941467,-0.157684598662683,182,168,182,104,-0.130975373154752,-0.0633585691466051,-0.0622175235393352
3127,-0.07237561791073,-0.166645649536044,-0.17292322784119,-0.306312302889917,313,240,313,166,-0.279603077381986,-0.0723901966485638,-0.16616938493108
3128,-0.0634819426245072,-0.0171046618756195,-0.0621711309880106,-0.0321689578252143,118,113,118,90,-0.0054597323172828,-0.063496521362341,-0.0166283972706559
3138,-0.0452356647343229,-0.0387732438146831,-0.105442092723842,-0.0412337590803863,51,47,51,26,-0.0145245335724548,-0.0452502434721567,-0.0382969792097195
3163,-0.0595842000099736,-0.025779345672363,-0.121610794792186,-0.0904500736302721,529,504,529,246,-0.0637408481223406,-0.0595987787478074,-0.0253030810673994
3165,-0.0642534657028123,-0.0408930031983657,-0.0555760386806349,-0.0197176865392144,461,436,461,308,0.00699153896871709,-0.0642680444406461,-0.0404167385934021
3172,-0.0512709474973656,-0.0348301357644664,-0.122996842174297,-0.14298879570582,127,123,127,52,-0.116279570197889,-0.0512855262351994,-0.0343538711595028
3173,-0.0409116695996914,-0.023622322243075,-0.0974243127732725,-0.0583983616357422,131,124,131,78,-0.0316891361278107,-0.0409262483375252,-0.0231460576381114
3202,-0.0834258496618257,0.0309838455329704,0.0609663598007521,0.254429145574404,381,366,381,365,0.281138371082335,-0.0834404283996595,0.031460110137934
3204,0.0971815850293406,0.0523272503488118,0.11458796273649,0.707073386598696,100,99,100,100,0.733782612106628,0.0971670062915068,0.0528035149537754
3205,-0.0696988690978331,-0.0163590599381987,-0.0676387774762499,-0.144218844425808,217,210,217,142,-0.117509618917877,-0.0697134478356669,-0.0158827953332351
3209,0.0910049801736631,-0.0130852783912621,-0.0254048400871289,0.0267805026071264,5,4,5,2,0.0534897281150579,0.0909904014358293,-0.0126090137862985
3247,-0.0889908721211649,0.0114534627776056,0.0225131400691164,-0.0701178228452816,1109,1056,1109,965,-0.0434085973373501,-0.0890054508589987,0.0119297273825692
3248,-0.0724115574107238,-0.0220109950346409,-0.0222514245843985,-0.151477158067768,1094,1017,1094,615,-0.124767932559837,-0.0724261361485576,-0.0215347304296773
3252,-0.0546229958124536,0.0043690321048813,-0.0108929281330788,-0.142038763552254,737,651,737,445,-0.115329538044323,-0.0546375745502874,0.00484529670984487
3258,0.0024356409652865,-0.0036686630653147,-0.0209862339142579,,2,2,2,,,,
3267,-0.0040115373423637,-0.0055071433253718,-0.0111510132449161,,2,2,2,,,,
3268,-0.008938922283361,0.0097685861947948,-0.0202682842470662,,4,4,4,,,,
3269,-0.0024227131909925,-0.0033734526148448,-0.017801760961588,,1,1,1,,,,
3290,-0.0833819618456119,-0.0136455943052013,0.0010591144675865,-0.0842574372635495,533,494,533,455,-0.057548211755618,-0.0833965405834457,-0.0131693297002377
3291,0.0013812480117791,-3.7001492699e-05,-0.001936270308229,,5,4,5,,,,
3296,-0.0758291520318288,0.0029930868127445,-0.0722901979612823,-0.0490944136245894,731,641,731,435,-0.0223851881166579,-0.0758437307696626,0.00346935141770807
3298,-0.0762628901182796,0.0743309047588497,0.10708648775877,0.138043717153444,322,311,322,309,0.164752942661376,-0.0762774688561134,0.0748071693638133
3300,-0.0850572685049334,0.0723881578859968,0.0373717828158339,0.191445610094307,340,332,340,328,0.218154835602239,-0.0850718472427672,0.0728644224909604
3302,-0.111046098711851,-0.0053989198987952,-0.0415154463663963,-0.0471833422185649,200,191,200,192,-0.0204741167106334,-0.111060677449685,-0.00492265529383163
3303,-0.0991541068368617,-0.0257933364645911,-0.0422893383494891,-0.0553771307290724,247,230,247,206,-0.0286679052211409,-0.0991686855746955,-0.0253170718596275
3304,-0.0867428856146862,0.0069769397769968,0.0455366699325431,0.305466507280859,200,182,200,148,0.33217573278879,-0.08675746435252,0.00745320438196037
3305,-0.0458902269644387,0.0277468894745182,-0.0723551730074379,-0.227808967616429,412,383,412,132,-0.201099742108498,-0.0459048057022725,0.0282231540794818
3308,-0.0410260775672422,0.0247958109036097,0.0033759531488731,-0.101232916325958,127,124,127,121,-0.0745236908180265,-0.041040656305076,0.0252720755085733
3311,-0.103896873647715,-0.0076029990477647,0.0036644797815717,-0.208826332448744,160,146,160,152,-0.182117106940813,-0.103911452385549,-0.00712673444280113
3313,-0.0371355793932291,-0.015464007031811,-0.0648979652584368,-0.108472223846552,114,109,114,64,-0.0817629983386205,-0.0371501581310629,-0.0149877424268474
3317,-0.0152400664696679,0.0257262512240311,-0.0023802138050988,0.0036741022991329,45,40,45,23,0.0303833278070644,-0.0152546452075017,0.0262025158289947
3327,-0.0557194910571441,0.0113071674247768,-0.10346226305323,-0.191345412225675,179,159,179,65,-0.164636186717744,-0.0557340697949779,0.0117834320297404
3328,-0.0471147921935806,-0.03549862792723,-0.0825091151692131,0.0067503876526988,439,408,439,278,0.0334596131606303,-0.0471293709314144,-0.0350223633222664
3348,-0.0517025675507594,-0.0133552973771032,-0.0866394446853427,-0.146599541861395,354,331,354,112,-0.119890316353464,-0.0517171462885932,-0.0128790327721396
3359,-0.0542306079221805,-0.0108805464690553,-0.0377369191359207,-0.206064451062274,44,35,44,28,-0.179355225554343,-0.0542451866600143,-0.0104042818640917
3362,0.0171876268343589,-0.0052834724159254,-0.0045323765882908,,5,4,5,,,,
3367,-0.0079610705504493,0.0263936793159098,0.0334660381024542,,3,3,3,,,,
3387,-0.0443922415091974,-0.0421561399127297,-0.100034999214982,-0.0599972900905066,442,408,442,226,-0.0332880645825751,-0.0444068202470312,-0.0416798753077661
3393,0.0071570998802172,-0.0026287415994677,-0.0128853812883791,,1,1,1,,,,
3396,-0.0198899235216788,-0.0544152346945217,-0.157489930664373,-0.0070702618841922,50,48,50,3,0.0196389636237393,-0.0199045022595126,-0.0539389700895581
3400,-0.0349112076288701,-0.0677484645661575,-0.133581121517283,-0.11755310652609,77,71,77,51,-0.0908438810181585,-0.0349257863667039,-0.0672721999611939
3430,-0.0555894236244638,0.0277201994874819,0.0240852672016496,-0.0454687569401259,145,138,145,128,-0.0187595314321944,-0.0556040023622976,0.0281964640924455
3431,-0.0483567027116766,0.063476109751673,0.0741264580424341,-0.132599326186159,317,301,317,301,-0.105890100678228,-0.0483712814495104,0.0639523743566366
3432,-0.0466490097782701,0.0374508021599425,-0.0165770423694383,-0.0750717265786008,359,343,359,319,-0.0483625010706693,-0.0466635885161039,0.0379270667649061
3433,0.12415538236514,0.107890231061741,0.18239152624256,0.333863208495271,177,169,177,173,0.360572434003203,0.124140803627306,0.108366495666705
3434,-0.0579052822941658,-0.0607208345604663,-0.113676209400979,-0.149838893425349,592,559,592,321,-0.123129667917418,-0.0579198610319996,-0.0602445699555027
3442,-0.0857710096505402,-0.0378429009898979,-0.0986004355458182,-0.181297947175999,45,43,45,32,-0.154588721668068,-0.085785588388374,-0.0373666363849343
3443,-0.0270803539627398,-0.0154682030271527,-0.0880052630282538,0.0093190864616324,79,74,79,46,0.0360283119695639,-0.0270949327005736,-0.0149919384221891
3448,0.0009753806910663,-0.0062895870721977,-0.010646952491456,,1,1,1,,,,
3460,-0.047364241121488,0.0382754726144466,0.0015280038509711,-0.225901247450598,206,193,206,170,-0.199192021942667,-0.0473788198593218,0.0387517372194102
3461,-0.0325844183341694,-0.0098049023032509,-0.0993310446048631,-0.247228984214506,130,119,130,50,-0.220519758706575,-0.0325989970720032,-0.00932863769828733
3478,-0.0420604239274729,-0.0420261077863461,-0.156241042977794,-0.157629017761914,82,74,82,23,-0.130919792253982,-0.0420750026653067,-0.0415498431813825
3479,-0.0754902925564998,0.0210962329809751,-0.0430242856521859,-0.04088347572937,975,899,975,623,-0.0141742502214385,-0.0755048712943336,0.0215724975859387
3530,-0.118861300934895,0.0975790164139892,0.096123545825388,0.504276490202853,236,226,236,220,0.530985715710785,-0.118875879672729,0.0980552810189528
3531,-0.136585699190027,0.0445918044142119,0.0047313107946286,0.308562980230789,293,286,293,285,0.33527220573872,-0.136600277927861,0.0450680690191755
3533,-0.124271356749176,-0.0056748142043977,-0.0261040990253855,-0.0317577183133617,308,280,308,277,-0.00504849280543021,-0.12428593548701,-0.00519854959943413
3535,-7.13202404493e-05,-0.0032601540871749,-0.0133894552028684,,1,1,1,,,,
3538,-0.070785590272488,-0.0136994411337679,-0.0683704669239545,-0.137085820919021,336,311,336,229,-0.11037659541109,-0.0708001690103218,-0.0132231765288043
3539,-0.0843068619848796,0.0065780158364048,-0.0274494520858725,-0.16023181861609,624,596,624,527,-0.133522593108159,-0.0843214407227134,0.00705428044136837
3540,-0.038364512071716,0.0247100372082275,-0.0949720754507949,-0.319389092928379,423,390,423,177,-0.292679867420448,-0.0383790908095498,0.0251863018131911
3608,-0.0680542345395744,0.0068755998191011,0.0544394806194801,0.119288176552626,269,262,269,264,0.145997402060558,-0.0680688132774082,0.00735186442406467
3609,-0.0416390888842131,-0.059156309008346,-0.0945797670220208,-0.0903802870790802,314,287,314,201,-0.0636710615711487,-0.0416536676220469,-0.0586800444033824
3618,-0.0387954717414591,-0.0730759321800453,-0.127736513226624,-0.153810920254461,177,161,177,116,-0.12710169474653,-0.0388100504792929,-0.0725996675750817
3638,-0.0813616756263735,0.0181834192455446,0.0040458301639214,0.0547633434909911,648,594,648,486,0.0814725689989226,-0.0813762543642073,0.0186596838505082
3639,-0.0674085596846156,-0.0235549096154741,-0.0309078221705321,-0.0501684796524757,183,174,183,131,-0.0234592541445442,-0.0674231384224494,-0.0230786450105105
3640,-0.073219912074978,-0.0477634117097094,-0.0401304525798853,-0.0863459278350989,674,625,674,399,-0.0596367023271674,-0.0732344908128118,-0.0472871471047458
3641,-0.0431535771964869,0.185552162044658,0.0411858472530395,-0.139319979915642,444,428,444,144,-0.112610754407711,-0.0431681559343207,0.186028426649622
3642,-0.0395457404575209,-0.0488287205805919,-0.0722094504795035,0.0571051318480462,340,312,340,177,0.0838143573559777,-0.0395603191953547,-0.0483524559756283
3643,-0.0154674482279514,0.0242547626224256,0.0042895799244827,-0.108132049203186,43,41,43,15,-0.0814228236952545,-0.0154820269657852,0.0247310272273892
3645,-0.0091102547693872,0.0142580151375024,-0.0552797783743882,-0.112824724590694,15,15,15,2,-0.0861154990827625,-0.00912483350722099,0.014734279742466
3656,-0.0593805718213887,-0.0468710102005614,-0.003642492747103,0.150587006115277,114,105,114,54,0.177296231623209,-0.0593951505592225,-0.0463947455955978
3657,-0.0436710116506792,0.0045578809326113,-0.0071011804067807,-0.151174028773179,72,69,72,36,-0.124464803265248,-0.043685590388513,0.00503414553757487
3662,-0.0793725379280376,-0.0214619741956887,-0.0653172820521556,-0.0396376115682592,119,111,119,75,-0.0129283860603277,-0.0793871166658714,-0.0209857095907251
3686,0.0009551683401308,-0.00168414408834,-0.0098434855899641,,1,1,1,,,,
3711,-0.0774365836529946,0.0447684122204685,0.0479694341431463,0.211088919385905,261,251,261,243,0.237798144893837,-0.0774511623908284,0.0452446768254321
3713,-0.0302182366745248,-0.0156340999345209,0.0260992910293699,-0.0184566943835068,615,598,615,586,0.0082525311244247,-0.0302328154123586,-0.0151578353295573
3718,-0.0411361027376494,0.0222725585194845,0.0909074432706627,0.279455331004387,428,411,428,417,0.306164556512319,-0.0411506814754832,0.0227488231244481
3719,-0.0663599162931541,-0.0381178288697477,-0.0894415241578299,-0.086167666692495,164,153,164,113,-0.0594584411845635,-0.0663744950309879,-0.0376415642647841
3720,0.110838185726388,0.0221415113794742,0.057026969409996,0.525614509180992,119,117,119,119,0.552323734688924,0.110823606988554,0.0226177759844378
3723,-0.113243810414405,-0.0237792017481607,-0.0271851903269165,-0.164365645549914,184,174,184,138,-0.137656420041983,-0.113258389152239,-0.0233029371431971
3724,-0.1429936024149,0.0422579960832448,0.0140893114743074,0.0860087999842555,316,300,316,311,0.112718025492187,-0.143008181152734,0.0427342606882084
3728,-0.102373804258651,0.0334793812453927,0.0264509775149015,0.0417484737952034,163,152,163,157,0.0684576993031349,-0.102388382996485,0.0339556458503563
3730,-0.0471531712851532,0.0049867348868313,-0.0244592646654512,-0.038810524598855,134,125,134,117,-0.0121012990909235,-0.047167750022987,0.00546299949179487
3733,-0.0614204719564514,-0.0087778537574173,-0.0445378214956,-0.0353141713494921,69,66,69,48,-0.00860494584156061,-0.0614350506942852,-0.00830158915245373
3734,-0.0575794100921183,-0.0071220916555086,-0.0521853895382376,0.027890014135597,23,22,23,13,0.0545992396435285,-0.0575939888299521,-0.00664582705054503
3735,-0.0947913691517306,0.0057492106829445,0.0176308590170987,0.290177844802057,367,352,367,324,0.316887070309988,-0.0948059478895644,0.00622547528790807
3739,-0.038919724351144,-0.0934186113614447,-0.109072425742464,-0.126525384416638,222,170,222,74,-0.0998161589087065,-0.0389343030889778,-0.0929423467564811
3740,0.0095756136885211,0.0037225744056481,0.0104046291160559,,6,5,6,,,,
3741,-0.0081407412756336,-0.0110497043520381,-0.0232463716388137,0.225038257444214,12,11,12,2,0.251747482952146,-0.00815532001346739,-0.0105734397470745
3742,-0.0458427678812769,0.0161846757416239,-0.0969193427769406,-0.127691385916545,522,505,522,197,-0.100982160408614,-0.0458573466191107,0.0166609403465875
3743,-0.0827728544834657,-0.0268957669595504,0.0253528383383986,-0.0587819719717482,203,186,203,190,-0.0320727464638167,-0.0827874332212995,-0.0264195023545868
3759,0.007745368504565,0.0036645236918441,0.0009592373668888,,1,1,1,,,,
3760,0.0035110922981121,0.0005854996591623,-0.0051590888160908,,1,1,1,,,,
3795,-0.0783138909762676,0.0090999626844306,-0.0495198523574255,0.044073464157811,246,240,246,229,0.0707826896657425,-0.0783284697141014,0.00957622728939417
3796,-0.090247692502017,-0.0448752264245631,-0.0249065429999013,0.0201512031553201,438,404,438,406,0.0468604286632516,-0.0902622712398508,-0.0443989618195995
3797,-0.0852722376810675,0.0038314004603842,-0.0022194355884493,0.0217340985379078,430,407,430,385,0.0484433240458393,-0.0852868164189013,0.00430766506534777
3800,-0.0754236044931753,-0.0751607295742966,-0.164070930384354,-0.270901763660145,40,35,40,23,-0.244192538152214,-0.0754381832310091,-0.074684464969333
3802,-0.0689754295073218,-0.0582686639718789,-0.135714899661594,-0.204215539968079,176,166,176,127,-0.177506314460148,-0.0689900082451556,-0.0577923993669153
3823,-0.0595206127534213,0.0236119803814261,-0.0368584956285315,-0.126044126116623,168,150,168,122,-0.0993349006086915,-0.0595351914912551,0.0240882449863897
3865,-0.0879638605326233,-0.0143122203721357,-0.0192052459522704,-0.0932228903010738,573,539,573,523,-0.0665136647931423,-0.0879784392704571,-0.0138359557671721
3871,-0.0647728358950114,-0.0265636627774774,-0.0505175175409328,-0.0404438714752321,269,258,269,145,-0.0137346459673006,-0.0647874146328452,-0.0260873981725138
3885,-0.0816771597921889,-0.0022518123949751,0.0078951654686677,0.0166755340602654,226,209,226,185,0.0433847595681969,-0.0816917385300227,-0.00177554779001153
3886,-0.0278631398622508,0.0305955699530337,0.0336764772380063,0.0075978411388979,121,113,121,67,0.0343070666468294,-0.0278777186000846,0.0310718345579973
3887,-0.0424432527425409,-0.0575629457803162,-0.0675358659293384,0.016675368444944,140,130,140,99,0.0433845939528755,-0.0424578314803747,-0.0570866811753526
3888,-0.0361067937624396,-0.03865941918271,-0.0743097210092296,0.0929903531389138,61,51,61,32,0.119699578646845,-0.0361213725002734,-0.0381831545777464
3899,-0.0028598277938645,-0.0090612531516865,-0.0274622231044974,,2,2,2,,,,
3907,-0.0512674662091507,-0.0296837543612169,-0.0255472272981927,-0.0254762819714068,197,185,197,159,0.0012329435365247,-0.0512820449469845,-0.0292074897562533
3909,-0.0641704687056907,0.0063088420036474,-0.0193696248177348,-0.0821618374602803,612,560,612,433,-0.0554526119523488,-0.0641850474435245,0.00678510660861097
3940,-0.0509602570510252,-0.0140207254923845,-0.0626136433813109,-0.0164807013765665,341,314,341,260,0.010228524131365,-0.050974835788859,-0.0135444608874209
3941,-0.0350871754228607,-0.0296095790534214,-0.0836209315897215,-0.130187500373024,114,110,114,83,-0.103478274865093,-0.0351017541606945,-0.0291333144484578
3960,-0.0721672977271257,0.0466300727460531,0.0574947685143069,0.0022916193369659,154,141,154,140,0.0290008448448974,-0.0721818764649595,0.0471063373510167
3961,-0.0721175841366962,-0.0148913539567951,-0.0400256549041509,-0.0102609398698977,178,165,178,125,0.0164482856380338,-0.07213216287453,-0.0144150893518315
3976,-0.0659218249816038,-0.0107526082906854,-0.0553280195594273,-0.137633228475798,308,288,308,149,-0.110924002967867,-0.0659364037194376,-0.0102763436857218
3977,-0.0697838941161707,-0.0472181778671446,-0.0554091158606823,-0.167390744588783,184,161,184,110,-0.140681519080852,-0.0697984728540045,-0.046741913262181
3998,-0.0551751422804475,-0.100791272160819,-0.139187049931827,-0.167053932721734,241,223,241,156,-0.140344707213802,-0.0551897210182813,-0.100315007555855
4000,-0.0068256467950167,0.0001337000937009,-0.0043650321333381,,1,1,1,,,,
4025,-0.0583502683354881,-0.0363716385706107,-0.0332071225175341,-0.021190260627849,185,176,185,129,0.00551896488008249,-0.0583648470733219,-0.0358953739656471
4032,-0.0880271542235188,-0.0113104088759443,-0.029879940167549,-0.0581029030511868,90,78,90,71,-0.0313936775432553,-0.0880417329613526,-0.0108341442709807
4043,-0.0445979345227675,-0.0214440562581475,-0.0524492028819857,-0.0308543500769306,70,62,70,47,-0.00414512456899911,-0.0446125132606013,-0.0209677916531839
4049,-0.0736576658831087,0.0033019906427371,-0.0172248984489337,-0.102342063565081,640,599,640,496,-0.0756328380571495,-0.0736722446209425,0.00377825524770067
4052,-0.0702114084618442,0.0232466472599484,0.0538858275379894,-0.182023743894001,57,57,57,49,-0.15531451838607,-0.070225987199678,0.023722911864912
4084,-0.0445205634589993,-0.01861562845174,-0.0216178500577312,-0.0671479146534254,76,70,76,62,-0.0404386891454939,-0.0445351421968331,-0.0181393638467764
4102,-0.0879395674558879,-0.0202403115274416,-0.0156853695463272,0.095968727356468,483,456,483,376,0.122677952864399,-0.0879541461937217,-0.019764046922478
4124,-0.0624877890449844,-0.0103773396949726,-0.0323041271023872,-0.02635222018891,161,139,161,74,0.000357005319021494,-0.0625023677828182,-0.00990107509000903
4140,-0.0675861483852982,0.0225529175368616,0.0206677607815028,0.451483864245382,1033,965,1033,881,0.478193089753314,-0.067600727123132,0.0230291821418252
4141,-0.0440739095981085,-0.0165945048255046,0.038160441904303,0.198812009155105,123,112,123,75,0.225521234663037,-0.0440884883359423,-0.016118240220541
4160,-0.0668360686237233,-0.0483393471656458,-0.0572442913226731,-0.143631970018254,290,281,290,171,-0.116922744510323,-0.0668506473615571,-0.0478630825606822
4162,-0.0908717397618457,-0.0704358763289094,-0.0057773654848053,-0.192162227866925,1086,1027,1086,723,-0.165453002358994,-0.0908863184996795,-0.0699596117239458
4163,-0.0781590912952346,0.0199512656238764,-0.0059693559264665,0.0027166330366766,925,872,925,847,0.0294258585446081,-0.0781736700330684,0.02042753022884
4164,-0.093492820225635,-0.0261234109680174,-0.0704385267077971,-0.0436488584529475,869,796,869,719,-0.016939632945016,-0.0935073989634688,-0.0256471463630538
4165,-0.0468569010190021,0.0879001211879577,-0.0603516571983311,-0.172610774181182,569,552,569,166,-0.145901548673251,-0.0468714797568359,0.0883763857929213
4166,-0.0553929412935575,-0.0227995307751911,-0.121853045505669,-0.0483799194243667,620,558,620,327,-0.0216706939164352,-0.0554075200313913,-0.0223232661702275
4190,-0.0601395613924622,0.0058996206637307,-0.0026355932634034,-0.127494100707501,110,98,110,74,-0.10078487519957,-0.060154140130296,0.00637588526869427
4195,-0.0138599838716097,0.0462021068960296,-0.03880774792715,-0.053687558861631,76,70,76,36,-0.0269783333536995,-0.0138745626094435,0.0466783715009932
4205,-0.0008365115512429,0.0004737837582734,-0.0041759082721933,,1,1,1,,,,
4262,-0.0569830891684393,0.0562211445754514,-0.0263251354352871,-0.218592202031939,205,185,205,148,-0.191882976524008,-0.0569976679062731,0.056697409180415
4263,-0.091894227487472,0.035437242923393,0.0117019326795568,0.0349881749108416,476,458,476,439,0.0616974004187731,-0.0919088062253058,0.0359135075283566
4269,-0.0526295770673261,-0.0005625775182607,-0.0075296532872,0.0459766350507586,214,200,214,188,0.0726858605586901,-0.0526441558051599,-8.63129132971282e-05
4270,-0.0390232465711963,-0.037723195668049,-0.0800030274608016,0.0806633433721745,98,95,98,31,0.107372568880106,-0.0390378253090301,-0.0372469310630854
4277,-0.0882148728350521,0.0598408634925395,0.0206702875911799,-0.17250597240389,903,846,903,705,-0.145796746895959,-0.0882294515728859,0.0603171280975031
4285,0.0692781137878693,0.0264204890181939,0.111423026290425,0.588015948961591,351,332,351,345,0.614725174469523,0.0692635350500355,0.0268967536231575
4286,0.143603139527526,-0.0197337708998976,0.0055666149599682,0.553065366969332,173,166,173,169,0.579774592477263,0.143588560789692,-0.019257506294934
4287,-0.0579105767179684,0.0343960598086094,-0.0494698075523032,-0.178433996502031,453,357,453,172,-0.1517247709941,-0.0579251554558022,0.034872324413573
4288,-0.0766512197797403,0.0198713413067368,-0.0789209105456158,-0.313218246709376,485,461,485,222,-0.286509021201445,-0.0766657985175741,0.0203476059117004
4289,-0.09105388404779,0.0089290520379867,-0.0421897919135207,-0.0961052144788632,484,453,484,314,-0.0693959889709317,-0.0910684627856238,0.00940531664295027
4292,-0.0622145398742712,0.0130308999865743,-0.0411046958063424,-0.0511032629881851,50,41,50,36,-0.0243940374802536,-0.062229118612105,0.0135071645915379
4307,-0.0757529857728852,0.0116915508018425,0.0081145584980144,0.0650390139869516,341,325,341,321,0.0917482394948831,-0.075767564510719,0.0121678154068061
4309,-0.0399653770009477,-0.0780646644735804,-0.106576336428477,-0.0820359392612557,237,220,237,154,-0.0553267137533242,-0.0399799557387815,-0.0775883998686168
4310,-0.0398312303441752,-0.0075582680690289,-0.0003320434911169,-0.0586621780119409,71,65,71,51,-0.0319529525040094,-0.039845809082009,-0.00708200346406533
4324,-0.0632417571268143,0.0073221042911891,-0.025699603825334,-0.0824971398517308,146,140,146,114,-0.0557879143437993,-0.0632563358646481,0.00779836889615267
4331,-0.0667670258654014,-0.0581370767537934,-0.0686749983872833,-0.0931944462744635,132,123,132,116,-0.066485220766532,-0.0667816046032352,-0.0576608121488298
4333,-0.0363405141123387,-0.0264179072073114,-0.0992173758499778,-0.123368155011911,83,79,83,48,-0.0966589295039795,-0.0363550928501725,-0.0259416426023478
4353,-0.059328886860863,-0.0080474849896879,-0.0645055146062139,-0.0789663136589687,265,245,265,189,-0.0522570881510372,-0.0593434655986968,-0.00757122038472433
4382,-0.0743114450236611,-0.0302961096298351,-0.0644557938965345,-0.0962467164635568,154,144,154,127,-0.0695374909556253,-0.0743260237614949,-0.0298198450248715
4392,-0.0825031697542996,-0.0213489998401069,-0.0326544163054375,-0.058078158594107,70,68,70,52,-0.0313689330861755,-0.0825177484921334,-0.0208727352351433
4404,-0.0883351553515019,-0.0009005568849529,0.0090367199005428,-0.123376909869918,552,518,552,450,-0.0966676843619865,-0.0883497340893357,-0.000424292279989328
4408,-0.052956408999346,0.0060780028416859,-0.0878146526911459,-0.160565631722037,335,326,335,190,-0.133856406214105,-0.0529709877371798,0.00655426744664947
4446,-0.0545685395962397,-0.0198214089714575,-0.0645110241218559,-0.0612284970440975,235,221,235,152,-0.034519271536166,-0.0545831183340735,-0.0193451443664939
4451,-0.089998750089151,0.0307309321805899,-0.0022671036975462,-0.0926240052510368,729,700,729,532,-0.0659147797431053,-0.0900133288269848,0.0312071967855535
4483,-0.0872788461868849,0.066857076266183,-0.0103310530819424,0.0360483631492255,865,815,865,624,0.062757588657157,-0.0872934249247187,0.0673333408711466
4499,0.034948473441827,0.0154697810977267,0.0210055523089061,-0.0137705255938485,6,6,6,6,0.012938699914083,0.0349338947039932,0.0159460457026903
4500,-0.128490177950861,0.0028352190214353,-0.0209450547810066,-0.0645513730718009,75,72,75,64,-0.0378421475638694,-0.128504756688695,0.00331148362639887
4505,-0.0826344855530594,-0.0303076184268297,-0.0554023892850805,-0.213904834648985,184,172,184,142,-0.187195609141053,-0.0826490642908932,-0.0298313538218661
4507,-0.0466414420383619,-0.0160430858222632,-0.098526815853334,-0.22481118272787,132,121,132,84,-0.198101957219939,-0.0466560207761957,-0.0155668212172996
4509,-0.0846314385874584,-0.0136052504357979,-0.0283691302412314,-0.362001054803429,54,48,54,48,-0.335291829295498,-0.0846460173252922,-0.0131289858308343
4530,-0.0995269416165712,-0.013200384163918,0.0117455065323033,-0.0286990972597263,295,274,295,282,-0.0019898717517948,-0.099541520354405,-0.0127241195589544
4531,-0.0971511825055216,-0.0309304335501058,-0.0464438803813757,-0.0639051308556264,384,364,384,308,-0.0371959053476949,-0.0971657612433554,-0.0304541689451422
4533,-0.049476365617679,-0.0942923831391358,-0.127826561315779,-0.0363379480616625,409,375,409,196,-0.00962872255373101,-0.0494909443555128,-0.0938161185341722
4534,-0.0771099450981248,-0.0509829928044155,-0.0085108106637052,-0.162018280942918,921,874,921,586,-0.135309055434987,-0.0771245238359586,-0.0505067281994519
4535,-0.0194233711868995,0.0853166817676329,-0.0613530857948398,-0.224725266526413,371,360,371,154,-0.198016041018482,-0.0194379499247333,0.0857929463725965
4536,-0.0382434727597132,-0.0551664017260921,-0.052164726427677,0.0253224578995256,183,175,183,119,0.0520316834074571,-0.038258051497547,-0.0546901371211285
4544,-0.0012090163558106,-0.0002994477230771,-0.008599171311097,,1,1,1,,,,
4553,-0.0846453902753004,-0.0157711961575117,-0.0125921580132771,-0.0688497079031967,353,328,353,270,-0.0421404823952652,-0.0846599690131342,-0.0152949315525481
4554,0.006679911377817,-0.0173304369923077,-0.0439377381133436,-0.0294252124993533,14,14,14,7,-0.00271598699142181,0.00666533263998321,-0.0168541723873441
4555,-0.0419584025956147,0.0129477838577687,-0.0156850543785635,-0.119321138584775,190,180,190,133,-0.0926119130768435,-0.0419729813334485,0.0134240484627323
4557,-0.0575569624657412,-0.0430510633780111,-0.0927076339333902,-0.0456517305099764,142,135,142,89,-0.0189425050020449,-0.057571541203575,-0.0425747987730475
4558,-0.0135391187384199,-0.0184870848898188,-0.0724547356438715,0.0646790085220123,16,15,16,2,0.0913882340299438,-0.0135536974762537,-0.0180108202848552
4559,-0.0505230390676289,-0.0411633225116313,-0.089800809011145,-0.0849919584581944,28,27,28,13,-0.0582827329502629,-0.0505376178054627,-0.0406870579066677
4560,-0.0458423251231924,-0.010837116418478,-0.0456655185871197,-0.0305962936648402,143,134,143,81,-0.00388706815690871,-0.0458569038610262,-0.0103608518135144
4561,-0.0594561773624456,-0.0507056641814595,-0.182973020673633,-0.345755881550292,36,34,36,8,-0.319046656042361,-0.0594707561002794,-0.0502293995764959
4562,-0.0794150678201696,-0.0217374025071817,-0.0882039598874388,-0.0857104585904767,218,204,218,141,-0.0590012330825452,-0.0794296465580034,-0.0212611379022181
4563,-0.0587166389278125,-0.0060046534933907,-0.0075591929959911,-0.0433025981686125,51,47,51,30,-0.016593372660681,-0.0587312176656463,-0.00552838888842713
4564,-0.0576128608312436,-0.0134176923389047,-0.0184688559728869,-0.139020796773321,475,454,475,403,-0.112311571265389,-0.0576274395690774,-0.0129414277339411
4565,-0.0625752511826993,-0.0320158703955801,-0.0320041028293469,0.0153620272031419,89,82,89,67,0.0420712527110734,-0.0625898299205331,-0.0315396057906165
4571,0.015338451536237,0.0251666837095953,0.0256919383590565,-0.0615340412196095,64,61,64,34,-0.034824815711678,0.0153238727984032,0.0256429483145589
4572,-0.0349198424610633,-0.0804903465803935,-0.0687533391391529,-0.02337157720882,111,103,111,75,0.00333764829911149,-0.0349344211988971,-0.0800140819754299
4574,-0.0828682512181948,-0.0412817223151776,-0.0428307204879127,-0.0807576525561468,282,258,282,232,-0.0540484270482153,-0.0828828299560286,-0.040805457710214
4575,-0.019106925321748,0.0011564359013731,-0.02741733543345,0.0103703509181066,120,115,120,83,0.0370795764260381,-0.0191215040595818,0.00163270050633667
4577,-0.11269435526265,-0.0520955623359035,-0.0606281318790586,-0.124771650230399,52,50,52,36,-0.0980624247224675,-0.112708934000484,-0.0516192977309399
4585,-0.0222937527160633,0.0402071315363863,0.0254222703146042,0.219632022719062,70,69,70,53,0.246341248226994,-0.0223083314538971,0.0406833961413499
4588,-0.118468308735164,-0.0728417284107168,-0.118920522092332,-0.139493865823513,246,234,246,203,-0.112784640315582,-0.118482887472998,-0.0723654638057532
4589,-0.0722039752379423,-0.0111512017886688,-0.0312723734702674,-0.0464569163563162,59,51,59,37,-0.0197476908483847,-0.0722185539757761,-0.0106749371837052
4591,-0.0294904893796576,0.0070936066358766,-0.0670981532628823,-0.197769216263636,97,93,97,59,-0.171059990755704,-0.0295050681174914,0.00756987124084017
4616,-0.0308515674935344,-0.0828730017149067,-0.0854876822115223,-0.103251042909031,63,59,63,30,-0.0765418174010995,-0.0308661462313682,-0.0823967371099431
4617,-0.0409064231832696,-0.0116077214138324,-0.0514935975254863,-0.14653524084955,105,96,105,73,-0.119826015341619,-0.0409210019211034,-0.0111314568088688
4626,-0.0146125712676509,-0.0344808519137692,-0.105581774697433,,15,15,15,,,,
4630,-0.0992780743851607,0.0381548923929483,0.0211001108853862,0.126443236698192,570,546,570,520,0.153152462206124,-0.0992926531229945,0.0386311569979119
4631,-0.0725049499959686,-0.0103499935215299,-0.013538857839012,-0.0329884120745298,473,448,473,406,-0.00627918656659831,-0.0725195287338024,-0.00987372891656633
4636,-0.0644480292082684,-0.0035927450222297,-0.0080772451049246,0.0836587899349897,140,130,140,124,0.110368015442921,-0.0644626079461022,-0.00311648041726613
4644,-0.0985910042012723,-0.0582306503313658,-0.0489192068521652,-0.109653831807672,385,367,385,306,-0.0829446062997405,-0.0986055829391061,-0.0577543857264022
4646,-0.140623537457205,0.0377019426111753,0.0571336086646305,0.0072182108616831,287,275,287,274,0.0339274363696146,-0.140638116195039,0.0381782072161389
4655,-0.118107771145674,-0.0027150744004898,-0.009361283181477,-0.0662654555530187,306,301,306,283,-0.0395562300450872,-0.118122349883508,-0.00223880979552623
4656,-0.0861328958598398,0.0594093481620569,0.0297278199020637,-0.0402131768230694,252,238,252,228,-0.0135039513151379,-0.0861474745976736,0.0598856127670205
4659,-0.0606447722036666,0.0419299246062267,0.0585592306917771,-0.0467229220041991,271,262,271,252,-0.0200136964962676,-0.0606593509415004,0.0424061892111903
4662,-0.0640530705277821,0.0271331111785844,0.0519592279058067,0.0435770757814615,458,440,458,435,0.070286301289393,-0.0640676492656159,0.027609375783548
4663,-0.088205129631205,0.0548627300975951,0.0485732572091324,0.152230363746583,453,441,453,412,0.178939589254515,-0.0882197083690388,0.0553389947025587
4664,-0.0670140170086863,-0.0434675164330327,0.0074986859911525,-0.168480753492758,300,288,300,279,-0.141771527984827,-0.0670285957465201,-0.0429912518280691
4666,-0.0857278290303761,0.0433235904870649,0.0559060764851939,-0.0108654234333976,285,272,285,274,0.0158438020745339,-0.0857424077682099,0.0437998550920285
4667,-0.0521768807655099,0.0390852149837573,0.0013714396034952,-0.185280056297595,204,190,204,169,-0.158570830789664,-0.0521914595033437,0.0395614795887209
4669,-0.121100173028081,0.0393989427265695,0.0126932990974234,0.163980086775103,339,323,339,332,0.190689312283035,-0.121114751765915,0.0398752073315331
4670,-0.0020243161761673,-0.0192032432519519,-0.0547475423059115,,14,14,14,,,,
4672,-0.0555614060612669,-0.0219517846536672,-0.0340415387247309,-0.151319497480937,436,409,436,341,-0.124610271973006,-0.0555759847991007,-0.0214755200487036
4677,-0.0577152039476693,0.0749142001320708,0.130746896765241,0.165175514004879,172,166,172,163,0.191884739512811,-0.0577297826855031,0.0753904647370344
4679,0.0107769961803203,0.0610763161333491,0.144897461648838,0.347211086803572,212,210,212,209,0.373920312311503,0.0107624174424865,0.0615525807383127
4680,-0.0806849605823306,0.0136681981493069,0.0345079406523082,-0.0605346274240203,166,159,166,146,-0.0338254019160888,-0.0806995393201644,0.0141444627542705
4686,-0.0469354519179933,0.0570132592252161,0.0816484425033399,0.491283809211245,256,252,256,248,0.517993034719177,-0.0469500306558271,0.0574895238301797
4687,0.0518839594361353,0.0406685810539525,0.0594569714416338,0.291806987671992,275,270,275,268,0.318516213179923,0.0518693806983015,0.0411448456589161
4688,0.141504580149159,0.109512519405784,0.188149379556108,0.77071318953428,252,251,252,242,0.797422415042212,0.141490001411325,0.109988784010748
4689,0.0574159525733302,0.0479162472690061,0.11843736791604,0.246975806853173,240,235,240,227,0.273685032361104,0.0574013738354964,0.0483925118739697
4691,0.0681443259459409,0.0833752270556054,0.142608055507747,0.348871958160284,118,113,118,112,0.375581183668215,0.0681297472081071,0.083851491660569
4694,0.237921775645858,0.105768255019637,0.140325687735022,0.635411244788582,341,338,341,331,0.662120470296514,0.237907196908024,0.106244519624601
4698,-0.0846707536297984,0.0373932234249573,0.0312809819396936,-0.167629355006567,188,178,188,172,-0.140920129498636,-0.0846853323676322,0.0378694880299209
4700,-0.0332388595580686,0.0849627159682069,-0.0418058569290484,-0.160719389483672,613,579,613,300,-0.134010163975741,-0.0332534382959024,0.0854389805731705
4702,-0.0862434914207169,-0.0247904974640308,-0.0378677915802225,-0.112738514240289,890,828,890,625,-0.0860292887323575,-0.0862580701585507,-0.0243142328590672
4703,0.0764349976015825,0.10993978974971,-0.0319374894931357,-0.237002328968114,174,169,174,46,-0.210293103460182,0.0764204188637487,0.110416054354674
4706,-0.0127559370864425,-0.0548766161730856,-0.0338869481124322,-0.0339232977319127,180,163,180,92,-0.00721407222398121,-0.0127705158242763,-0.054400351568122
4707,0.0190335101148594,-0.0630534716857241,-0.0586047883750175,-0.119703066435514,379,361,379,192,-0.0929938409275825,0.0190189313770256,-0.0625772070807605
4708,-0.0630055156658023,-0.134329034386683,-0.105023960828663,-0.254458280120541,116,114,116,67,-0.22774905461261,-0.0630200944036361,-0.133852769781719
4709,-0.0603984921714502,-0.0856314222866519,-0.127758643628987,-0.177033563912936,437,374,437,194,-0.150324338405005,-0.060413070909284,-0.0851551576816883
4712,-0.049623184628102,-0.0038303196015837,-0.0068020333775928,-0.158076371187308,97,84,97,72,-0.131367145679376,-0.0496377633659358,-0.00335405499662013
4714,0.0106291973385359,-0.0010605614893101,-0.010850822012233,,1,1,1,,,,
4715,0.010167915778803,0.0221004418591994,0.0072794436695096,-0.0790770197283416,90,83,90,60,-0.0523677942204101,0.0101533370409692,0.022576706464163
4717,0.0176100866735227,-0.0092879825448089,-0.0227189712262331,-0.214810540401612,90,83,90,43,-0.188101314893681,0.0175955079356889,-0.00881171793984533
4733,-0.058843219241054,0.0197814316702772,0.0201496876096741,-0.0342220361315237,64,58,64,50,-0.0075128106235922,-0.0588577979788878,0.0202576962752408
4740,-0.0158114972532173,-0.0372026607157075,-0.0696807459387834,0.0347737074731327,25,25,25,2,0.0614829329810642,-0.0158260759910511,-0.0367263961107439
4760,-0.0360168200691009,0.0138244438373661,0.0551273887791118,-0.10193728165323,72,70,72,60,-0.0752280561452985,-0.0360313988069347,0.0143007084423297
4762,-0.0678967158376528,0.036355078180779,0.0400063852558713,-0.0145049136204624,685,659,685,662,0.0122043118874691,-0.0679112945754866,0.0368313427857426
4768,-0.007790083496443,-0.0042956282701116,-0.0048887225153736,,1,1,1,,,,
4778,-0.0856788218530197,0.0409538595976459,0.0120803452833018,-0.0535428879705888,214,203,214,195,-0.0268336624626573,-0.0856934005908535,0.0414301242026095
4779,-0.071779683750289,0.036078448502947,0.0595636131688614,-0.211440373573294,292,275,292,261,-0.184731148065363,-0.0717942624881228,0.0365547131079106
4782,-0.0307919418334617,0.0207475252711762,0.0044373615582921,0.0056781258624756,371,358,371,289,0.0323873513704071,-0.0308065205712955,0.0212237898761398
4785,-0.0703817843081779,0.075770648243968,0.0936824819687793,0.0342566619949141,213,208,213,204,0.0609658875028456,-0.0703963630460117,0.0762469128489316
4790,-0.0416096415821981,0.0354054593180095,0.0915438505606226,-0.0513676070011716,169,164,169,158,-0.0246583814932401,-0.0416242203200319,0.0358817239229731
4796,-0.0960765258381492,-0.0400770502844393,-0.050553684697179,0.270132034121003,167,160,167,159,0.296841259628935,-0.096091104575983,-0.0396007856794757
4798,0.0229149002742742,0.0401695814703891,0.120159059761967,0.541542525502908,395,391,395,392,0.56825175101084,0.0229003215364404,0.0406458460753527
4805,-0.0546511325991349,-0.0422382856562012,-0.0647531893236613,-0.152521581489548,556,520,556,320,-0.125812355981616,-0.0546657113369687,-0.0417620210512376
4822,-0.111918581365541,0.0770579148731943,0.0462001935844309,0.298870716219963,163,159,163,157,0.325579941727894,-0.111933160103375,0.0775341794781579
4824,-0.0436288135678907,0.0227275102520175,-0.0957087657360651,-0.227277531343509,343,329,343,113,-0.200568305835577,-0.0436433923057245,0.0232037748569811
4825,-0.0431654890455187,-0.0592973609083873,-0.0830392390524618,-0.298995749078229,285,254,285,144,-0.272286523570298,-0.0431800677833525,-0.0588210963034237
4829,-0.0772560382207424,-0.0222309941454486,-0.0400340267876225,-0.177123161139568,472,446,472,375,-0.150413935631637,-0.0772706169585762,-0.021754729540485
4830,-0.105770959088146,-0.006696978918483,0.0154272851774334,-0.0847824689030297,243,235,243,224,-0.0580732433950982,-0.10578553782598,-0.00622071431351943
4865,-0.0956589373854216,-0.0317199458821589,-0.0063802337631239,-0.0826827619266906,236,231,236,224,-0.0559735364187591,-0.0956735161232554,-0.0312436812771953
4868,-0.11184355097462,-0.0439631354226577,1.12593059283e-05,-0.110185125250193,160,148,160,144,-0.0834758997422615,-0.111858129712454,-0.0434868708176941
4870,-0.0722474010089547,-0.0576139098563833,-0.0058236947649248,-0.121968928313499,174,166,174,128,-0.0952597028055675,-0.0722619797467885,-0.0571376452514197
4871,-0.0425704789333776,0.0023665886663872,0.0288085362213938,0.0299114759642181,52,50,52,34,0.0566207014721496,-0.0425850576712114,0.00284285327135077
4897,-0.02412691876727,-0.0581680452476172,-0.116897341878288,-0.162296109342334,365,346,365,194,-0.135586883834403,-0.0241414975051038,-0.0576917806426536
4922,0.009176084863225,0.0252360441547012,-0.01455576320996,-0.156891093295181,135,130,135,99,-0.13018186778725,0.00916150612539121,0.0257123087596648
4925,-0.0618621629406172,-0.0354116927557495,-0.0338571825919819,-0.0606216186156914,391,368,391,290,-0.0339123931077599,-0.061876741678451,-0.0349354281507859
4926,0.0046780442686462,-0.0030065660625969,-0.0089407553177522,,1,1,1,,,,
4948,-0.0207742821491058,0.0613184764437651,-0.113696550274127,-0.181619427179773,190,168,190,61,-0.154910201671842,-0.0207888608869396,0.0617947410487287
4949,-0.0283152628582757,-0.102813000181121,-0.0597324994775935,-0.188698507071221,61,54,61,35,-0.16198928156329,-0.0283298415961095,-0.102336735576157
4951,-0.0549674787145084,-0.0397861114334876,-0.076449561986955,-0.293788498920417,654,606,654,467,-0.267079273412485,-0.0549820574523422,-0.039309846828524
4952,-0.040615046571643,-0.021276705331286,-0.0584306864585489,-0.207177837019052,102,96,102,57,-0.180468611511121,-0.0406296253094768,-0.0208004407263224
4956,0.0075846979122824,-0.0048795635381657,-0.011541732573628,,1,1,1,,,,
4958,-0.0900765584783324,-0.0179810828449136,-0.0775006772405336,-0.342319296332682,107,103,107,92,-0.315610070824751,-0.0900911372161662,-0.01750481823995
4965,-0.0052135988402419,-0.0261734454581776,-0.121311667253582,0.278575337520613,62,57,62,8,0.305284563028545,-0.00522817757807569,-0.025697180853214
4969,-0.0340344332667446,0.0311260870648178,-0.021530556862605,-0.0025638360242605,24,24,24,13,0.024145389483671,-0.0340490120045784,0.0316023516697814
4973,-0.0626108660508244,0.0281231184817681,0.0649827611309434,-0.254107439190983,242,234,242,226,-0.227398213683052,-0.0626254447886582,0.0285993830867317
4975,-0.0113172461470884,0.105789969149726,0.0168855427601563,-0.0922751246667252,151,145,151,94,-0.0655658991587937,-0.0113318248849222,0.10626623375469
4977,-0.0494996992907514,-0.0580317208525405,-0.0228034001457077,-0.204520097262557,762,706,762,430,-0.177810871754626,-0.0495142780285852,-0.0575554562475769
4982,-0.0719686238901108,-0.0534404821280037,-0.0591138098653818,-0.2290279022993,1042,991,1042,814,-0.202318676791369,-0.0719832026279446,-0.0529642175230401
4983,-0.0141743740403137,-0.0152392301161365,-0.0413299757606116,-0.0967802243259927,265,233,265,144,-0.0700709988180612,-0.0141889527781475,-0.0147629655111729
4984,-0.0586813518645405,0.0161077237454241,-0.0219070146722821,-0.106976925665439,155,144,155,119,-0.0802677001575075,-0.0586959306023743,0.0165839883503877
5002,-0.0192290963340807,-0.0281877684993993,-0.034429601781046,-0.0455556571061611,82,77,82,43,-0.0188464315982296,-0.0192436750719145,-0.0277115038944357
5021,-0.0408150437103696,-0.0012569526077234,-0.0789950048880577,-0.169985680739165,355,351,355,109,-0.143276455231234,-0.0408296224482034,-0.000780688002759828
5024,-0.0723686967848193,-0.0105914723529707,-0.0206776898116028,0.0191370617270406,508,490,508,429,0.0458462872349721,-0.0723832755226531,-0.0101152077480071
5026,-0.0633338489714505,-0.0299881436056447,-0.0284264290957331,-0.0645675054641736,222,212,222,152,-0.0378582799562421,-0.0633484277092843,-0.0295118790006811
5046,0.0047882982077687,-0.0005522641638644,-0.0055559283979325,,1,1,1,,,,
5048,-0.0991454771860202,-0.0204907339415964,-0.0934179929588041,-0.276640153239776,577,543,577,442,-0.249930927731845,-0.099160055923854,-0.0200144693366328
5057,-0.0740747334788079,-0.038493172965336,-0.096448185661216,-0.11010445491122,59,58,59,45,-0.0833952294032885,-0.0740893122166417,-0.0380169083603724
5082,-0.126705120821946,-0.0031951018876006,-0.0301803992425834,-0.145420950529865,505,482,505,470,-0.118711725021934,-0.12671969955978,-0.00271883728263703
5083,0.0569171172993341,0.0182978446475983,0.0515214413738877,0.634561851575567,62,62,62,61,0.661271077083499,0.0569025385615003,0.0187741092525619
5084,-0.0900265184848719,0.0280965817514204,-0.0134978282486329,-0.212516258004327,1005,963,1005,774,-0.185807032496396,-0.0900410972227057,0.028572846356384
5104,-0.0600957026897743,0.0074407932807801,-0.0374212038720096,-0.184296175615351,170,163,170,137,-0.15758695010742,-0.0601102814276081,0.00791705788574367
5105,-0.0544631557908197,0.0211042306174138,-0.0040670268445489,-0.0699749425729278,361,342,361,202,-0.0432657170649963,-0.0544777345286535,0.0215804952223774
5109,-0.0444059244250498,-0.0065180676661853,0.0060593980623241,0.0295836272406557,211,203,211,148,0.0562928527485872,-0.0444205031628836,-0.00604180306122173
5113,-0.0331129425064578,0.0017895342733009,-0.0195671691746394,-0.254195982737991,42,38,42,21,-0.22748675723006,-0.0331275212442916,0.00226579887826447
5122,-0.0512141613837944,-0.0137472232671431,-0.0331545187957935,0.0470107566849965,291,280,291,180,0.073719982192928,-0.0512287401216282,-0.0132709586621795
5126,-0.0991717156273402,-0.0283553297390151,0.0101141341993035,0.12966264386898,603,579,603,560,0.156371869376912,-0.099186294365174,-0.0278790651340515
5131,-0.0268282119772079,-0.0113995136856435,-0.0719037705487291,0.0175337986590931,24,22,24,15,0.0442430241670246,-0.0268427907150417,-0.0109232490806799
5140,-0.0032813726719639,-0.0015125086040669,-0.0095576012781139,-0.0186618591303668,1,1,1,1,0.00804736637756469,-0.00329595140979769,-0.00103624399910333
5150,-0.0856553419934588,-0.0124982869794173,-0.0050195780125386,0.0343254999242914,480,463,480,446,0.0610347254322229,-0.0856699207312926,-0.0120220223744537
5153,-0.0745395433856819,-0.0396523366478412,0.003520435163681,-0.0944729266911189,130,127,130,118,-0.0677637011831874,-0.0745541221235157,-0.0391760720428776
5155,-0.0655195422319485,-0.000183920201808,-0.0024523881819727,-0.0147064122196147,230,216,230,165,0.0120028132883168,-0.0655341209697823,0.000292344403155572
5215,-0.0705278495153884,0.0729261683610923,-0.0933951921060023,-0.248277481912371,474,453,474,222,-0.22156825640444,-0.0705424282532222,0.0734024329660559
5216,-0.0774609379488131,-0.0583609414574036,-0.0586415014975056,-0.183449065444527,259,251,259,185,-0.156739839936595,-0.0774755166866469,-0.05788467685244
5218,-0.0995114831969636,0.0110984958816524,0.0157089177930856,-0.0660504133964666,646,613,646,597,-0.0393411878885351,-0.0995260619347974,0.011574760486616
5219,-0.0714825081118402,-0.0228593281023663,-0.107477246092438,-0.167005252912306,761,735,761,414,-0.140296027404375,-0.071497086849674,-0.0223830634974027
5264,-0.0846326522418625,-0.054564230343349,-0.0747737536843675,-0.120484862429774,296,285,296,266,-0.0937756369218425,-0.0846472309796963,-0.0540879657383854
5265,-0.0949738194690509,-0.0544347720534666,-0.0668496402302546,-0.162158078789427,122,112,122,98,-0.135448853281496,-0.0949883982068847,-0.053958507448503
5266,-0.0591148877647946,0.0571903466387123,0.141042661691655,0.786253864013923,106,102,106,106,0.812963089521855,-0.0591294665026284,0.0576666112436759
5267,-0.0403128161934267,-0.0448444609197047,-0.114456259076945,-0.0421860988222963,78,64,78,22,-0.0154768733143648,-0.0403273949312605,-0.0443681963147411
5270,-0.041013038039497,-0.0740426245009176,-0.132089220033255,-0.187494341609132,210,198,210,121,-0.160785116101201,-0.0410276167773308,-0.073566359895954
5274,-0.0176427873258662,-0.000674141986543,-0.0470601846163981,-0.185315883284054,48,46,48,18,-0.158606657776122,-0.0176573660637,-0.000197877381579428
5282,-0.0450129718720376,-0.0583486213071208,-0.127225395621131,-0.139020945585736,576,543,576,205,-0.112311720077805,-0.0450275506098714,-0.0578723567021572
5289,-0.0188931146190338,-0.0188637815473372,-0.0561850065734052,,6,5,6,,,,
5315,-0.100915377732054,-0.0395675214170022,-0.05677238145995,-0.0892204679982924,452,433,452,372,-0.0625112424903609,-0.100929956469888,-0.0390912568120386
5323,-0.074301337937591,-0.0666132405352235,-0.0850482865329384,-0.107559015724252,370,342,370,280,-0.0808497902163205,-0.0743159166754248,-0.0661369759302599
5343,-0.070703490848743,-0.0717857664028244,-0.199244022632423,-0.285393264849262,287,273,287,107,-0.258684039341331,-0.0707180695865768,-0.0713095017978608
5344,-0.0917747162221516,0.0093644051804902,-0.0402952647062057,-0.138781511298938,521,500,521,423,-0.112072285791007,-0.0917892949599854,0.00984066978545377
5373,0.0043646663367114,-0.004087172485589,-0.0092182836809191,,1,1,1,,,,
5374,-0.0455570122812302,-0.0097210993932444,0.0092091765415486,0.0941267421713479,50,43,50,25,0.120835967679279,-0.045571591019064,-0.00924483478828083
5393,-0.0665318524663488,-0.0183850162229615,-0.071779344618793,-0.121036802521481,623,588,623,339,-0.0943275770135495,-0.0665464312041826,-0.0179087516179979
5394,-0.094245959438755,0.0142146490765286,0.0103594710137193,0.0129420338188355,405,377,405,326,0.039651259326767,-0.0942605381765888,0.0146909136814922
5434,-0.135487409009695,0.0770555171196464,0.0768220195297566,-0.0079642231446765,293,281,293,275,0.018745002363255,-0.135501987747529,0.07753178172461
5435,-0.118931192441148,0.0043764185857579,0.0088175907326961,0.0277316415679849,274,258,274,264,0.0544408670759164,-0.118945771178982,0.00485268319072147
5439,-0.0552915897234815,-0.0307588899101898,-0.0486544115496082,-0.194377002050902,241,235,241,151,-0.167667776542971,-0.0553061684613153,-0.0302826253052262
5440,-0.0658353395460307,-0.0190315959154078,-0.0087464900191857,-0.0001129929746229,254,238,254,209,0.0265962325333086,-0.0658499182838645,-0.0185553313104442
5444,0.0023435933919252,-0.0030135907214048,-0.0061362655301822,0.0200901557356922,1,1,1,1,0.0467993812436237,0.00232901465409141,-0.00253732611644123
5465,-0.113938462048957,0.0073556687655753,0.0334832967637415,0.171222982070102,235,226,235,216,0.197932207578034,-0.113953040786791,0.00783193337053887
5467,-0.052487364376134,-0.0778560873456065,-0.113322340814891,-0.197057153807228,78,66,78,28,-0.170347928299296,-0.0525019431139678,-0.0773798227406429
5499,0.0135361522356304,-0.0059567923181846,-0.0310943558736215,,7,7,7,,,,
5507,-0.0620676592537216,-0.0341980724380188,-0.0570212938412341,-0.0992246650860661,233,220,233,170,-0.0725154395781346,-0.0620822379915554,-0.0337218078330552
5509,-0.0810655110890206,0.0305529543789608,0.0393675008244433,-0.0708157922851486,182,174,182,173,-0.0441065667772171,-0.0810800898268544,0.0310292189839244
5565,-0.0757019896471904,0.0125329338177151,0.0247559487726494,0.003538252617283,180,171,180,110,0.0302474781252145,-0.0757165683850242,0.0130091984226787
5566,-0.0734271980643172,0.0687142679631972,-0.0601288973740075,-0.178820264541613,613,575,613,251,-0.152111039033682,-0.073441776802151,0.0691905325681608
5567,-0.0665981352363626,0.0623645841731574,-0.077379436360719,-0.104067985513775,163,157,163,44,-0.0773587600058435,-0.0666127139741964,0.062840848778121
5568,-0.069787163721745,-0.072620631062685,-0.100206115499406,-0.102792318918657,531,491,531,314,-0.0760830934107255,-0.0698017424595788,-0.0721443664577214
5569,-0.101455842378674,-0.001272064277744,0.0097669967268548,-0.0337656620829098,281,264,281,224,-0.0070564365749783,-0.101470421116508,-0.000795799672780428
5570,-0.124618407929603,0.0030941771027641,-0.0066436358162574,0.0116049842560079,1754,1642,1754,1464,0.0383142097639394,-0.124632986667437,0.00357044170772767
5574,-0.0563728549319098,-0.0795513500935566,-0.0569761854200719,-0.111595701246724,135,132,135,74,-0.0848864757387925,-0.0563874336697436,-0.079075085488593
5578,-0.0218922191799395,0.0138390868972704,0.0175002280533694,-0.0937773210715458,1,1,1,1,-0.0670680955636143,-0.0219067979177733,0.014315351502234
5590,-0.0591078163572686,0.0004433945662791,0.0277420188763854,0.0535689366080765,70,68,70,55,0.080278162116008,-0.0591223950951024,0.000919659171242672
5597,-0.0523125531844384,0.0104976524786401,-0.0217104939688992,0.0360963745930103,79,76,79,45,0.0628056001009418,-0.0523271319222722,0.0109739170836037
5613,-0.06377860444474,0.0066874929083411,-0.0085713010750032,-0.0752668145531124,203,187,203,129,-0.0485575890451809,-0.0637931831825738,0.00716375751330467
5614,-0.003240560924659,-0.0131184805387523,-0.0445621761823,,4,4,4,,,,
5620,-0.0178831693822052,-0.0092978679528729,-0.0293743765399748,0.0238981870812074,30,27,30,6,0.0506074125891389,-0.017897748120039,-0.00882160334790933
5652,-0.105577486354836,-0.0069374341370277,-0.0157871948385613,0.0315672454935213,250,240,250,224,0.0582764710014528,-0.10559206509267,-0.00646116953206413
5653,-0.0726923827308502,-0.0826990636993959,-0.146641211415272,-0.099566210267563,213,209,213,123,-0.0728569847596315,-0.072706961468684,-0.0822227990944323
5654,-0.125027638190542,0.0594903495022439,0.0192820131657285,-0.144475241672496,918,871,918,848,-0.117766016164565,-0.125042216928376,0.0599666141072075
5655,-0.114359366068516,-0.0636739946008489,-0.0163449089842294,0.0912970929137445,750,719,750,581,0.118006318421676,-0.11437394480635,-0.0631977299958853
5656,-0.0757328616364731,0.0521317836083752,-0.0689620911847372,-0.124080796578179,789,757,789,359,-0.0973715710702475,-0.0757474403743069,0.0526080482133388
5658,-0.0883990482931486,0.0051748319981204,-0.0543608316300784,-0.156968883878569,212,200,212,145,-0.130259658370638,-0.0884136270309824,0.00565109660308397
5659,-0.127172578690428,0.0520664215442523,0.0832500705838221,0.434102519634472,284,273,284,277,0.460811745142404,-0.127187157428262,0.0525426861492159
5661,-0.123489782323598,0.0302316885385393,0.0099999463848199,-0.089605226726566,291,277,291,258,-0.0628960012186345,-0.123504361061432,0.0307079531435029
5662,-0.0903146126004606,0.0147063273918442,-0.0049549568244353,-0.162962822559688,204,196,204,146,-0.136253597051756,-0.0903291913382944,0.0151825919968078
5663,-0.0888498381674096,-0.0069718776580538,-0.0829020677984602,-0.0785195547315115,909,857,909,528,-0.05181032922358,-0.0888644169052434,-0.00649561305309023
5666,-0.148364437157056,0.052328731801799,0.0149043553112852,0.156842529315633,1887,1812,1887,1779,0.183551754823565,-0.14837901589489,0.0528049964067626
5669,-0.117527854134865,0.0237826886385176,0.0268500723103671,0.120585728427767,111,102,111,104,0.147294953935699,-0.117542432872699,0.0242589532434812
5670,-0.110747884000744,0.0238979174300347,0.0082828992626933,-0.0231306614775374,247,239,247,238,0.0035785640303941,-0.110762462738578,0.0243741820349983
5684,0.0037659927575899,-0.0091875981268826,-0.041562354773961,,6,6,6,,,,
5694,0.0016398743989984,-0.0027953375384422,-0.0062175726761157,,1,1,1,,,,
5697,-0.036151790118311,0.0484386016776012,0.0255695641653788,0.270617551584076,35,33,35,8,0.297326777092008,-0.0361663688561448,0.0489148662825648
5703,-0.0493933748676481,-0.0215675925695945,-0.0549814847334437,-0.0268661635082417,95,90,95,41,-0.000156938000310206,-0.0494079536054819,-0.0210913279646309
5713,-0.0917535955360076,-0.066603878097534,-0.0914135454554903,-0.138650275910343,204,190,204,139,-0.111941050402412,-0.0917681742738414,-0.0661276134925704
5720,-0.0487976366390767,-0.0708779684614642,-0.0694478287993842,-0.0178520940209039,73,71,73,31,0.0088571314870276,-0.0488122153769105,-0.0704017038565006
5729,-0.0581841175062682,-0.0047246191217295,-0.0016692805862448,0.0603441400502777,59,45,59,38,0.0870533655582092,-0.058198696244102,-0.00424835451676593
5761,-0.0033068845882317,-0.0033775623037712,-0.0105646609921849,,1,1,1,,,,
5773,-0.0049916318701996,0.0017550180506253,0.0040330227695768,,1,1,1,,,,
5806,-0.0166383415811849,-0.0294489164324421,-0.100827117503034,,14,14,14,,,,
5808,-0.0958949125508116,0.0481948139897881,0.0786967324257326,0.405690772814123,131,128,131,128,0.432399998322054,-0.0959094912886454,0.0486710785947517
5810,-0.0621437851620549,0.0628755169233151,0.078831325739176,0.311132188006548,254,243,254,244,0.33784141351448,-0.0621583638998887,0.0633517815282787
5812,0.236947857848295,0.100694824937507,0.201708673655242,0.591806543262549,220,213,220,218,0.618515768770481,0.236933279110461,0.101171089542471
5813,-0.126953630816515,0.0201445889250492,0.0960316897230617,0.548616434247121,274,265,274,271,0.575325659755053,-0.126968209554349,0.0206208535300128
5814,-0.121017395404263,0.0502106149730501,0.0247750713505149,-0.0536797779345915,357,339,357,331,-0.02697055242666,-0.121031974142097,0.0506868795780137
5816,-0.106642967643609,0.0574495903425555,0.0963766856058992,0.0152527351073903,262,250,262,251,0.0419619606153218,-0.106657546381443,0.0579258549475191
5823,-0.0960950458638087,0.023198510987984,0.0192363348245057,-0.0388437500585355,805,751,805,689,-0.012134524550604,-0.0961096246016425,0.0236747755929476
5824,0.0008569645034977,-0.0106859661165202,-0.0254340409789054,,5,5,5,,,,
5879,-0.0781426905510761,0.0207742852247649,-0.0180874942010158,-0.0580686740985003,231,223,231,161,-0.0313594485905688,-0.0781572692889099,0.0212505498297285
5897,-0.0936282987503031,-0.0436592024828368,-0.0692972461367492,0.0809070533615841,178,168,178,137,0.107616278869516,-0.0936428774881369,-0.0431829378778732
5921,-0.0503985973719531,-0.0484046495031401,-0.117208596421869,-0.0598060359603935,383,362,383,174,-0.033096810452462,-0.0504131761097869,-0.0479283848981765
5923,-0.0374199969844561,-0.0109657634689926,-0.0738708550542239,-0.178769164695372,43,41,43,8,-0.15205993918744,-0.0374345757222899,-0.010489498864029
5957,-0.0963751601113549,-0.0032797041986166,-0.0154959750726501,-0.219015123236971,328,298,328,288,-0.19230589772904,-0.0963897388491887,-0.00280343959365303
5959,-0.0499059318398281,-0.0029090853242971,-0.0072109285822079,-0.120707521847038,77,72,77,53,-0.0939982963391065,-0.0499205105776619,-0.00243282071933353
5992,-0.0580985687038976,-0.0704757491553172,-0.109343795389822,-0.192088391679268,130,127,130,77,-0.165379166171337,-0.0581131474417314,-0.0699994845503536
6007,-0.0544798313772878,0.04154365672661,-0.0401264848618778,-0.0101235823894721,108,99,108,86,0.0165856431184594,-0.0544944101151216,0.0420199213315736
6027,-0.0452649095845385,-0.0632766831688479,-0.152876932157441,-0.125481170198509,68,66,68,33,-0.0987719446905775,-0.0452794883223723,-0.0628004185638843
6051,-0.0532321744181339,-0.033424772387296,-0.0795573333995052,-0.171837386495397,275,245,275,176,-0.145128160987466,-0.0532467531559677,-0.0329485077823324
6052,-0.0873738145546501,-0.0281337779801685,-0.0406859793521262,-0.0837395366688383,188,180,188,155,-0.0570303111609068,-0.0873883932924839,-0.0276575133752049
6070,-0.0484044095658052,-0.0644733297040228,-0.120894019713155,-0.0746129561407045,234,228,234,130,-0.047903730632773,-0.048418988303639,-0.0639970650990592
6084,-0.116848029903695,0.0073646414383824,-0.0144288876898732,-0.0257095281499254,439,424,439,398,0.000999697358006094,-0.116862608641529,0.00784090604334597
6085,-0.053214846754389,-0.030138016096072,-0.10638965772309,-0.139403137595832,430,404,430,198,-0.112693912087901,-0.0532294254922228,-0.0296617514911084
6087,-0.0497659763907129,-0.030535680477224,-0.0581247875519928,0.0137987013409527,100,97,100,74,0.0405079268488842,-0.0497805551285467,-0.0300594158722604
6088,0.00252430612808,0.0007996965190245,-0.0061040113649718,,1,1,1,,,,
6112,-0.104732313694022,0.0212645846810044,0.0066635683488757,0.0001773540678183,773,722,773,686,0.0268865795757498,-0.104746892431856,0.021740849285968
6113,-0.0658037051064187,0.0564910691125136,-0.113973763855506,-0.191115525356397,351,339,351,107,-0.164406299848465,-0.0658182838442525,0.0569673337174772
6115,-0.0567947461706194,-0.0814054592931101,-0.209330175309493,-0.12399212504328,98,91,98,45,-0.0972828995353485,-0.0568093249084532,-0.0809291946881465
6118,-0.109402612510964,0.0040927538838983,-0.0166550749682778,-0.121729305928163,230,218,230,201,-0.0950200804202315,-0.109417191248798,0.00456901848886187
6119,-0.0367645420722632,-0.0047183430496037,-0.0574931181542943,0.0173002879795387,56,55,56,24,0.0440095134874702,-0.036779120810097,-0.00424207844464013
6120,-0.140867321404358,-0.0014291105966106,-0.0290903342865023,0.0505975379896415,253,236,253,236,0.077306763497573,-0.140881900142192,-0.000952845991647028
6122,-0.0769362834843431,0.056420138113516,0.0647363854076649,-0.105145818213997,139,136,139,122,-0.0784365927060655,-0.0769508622221769,0.0568964027184796
6124,-0.0203509925946482,0.0244380672542821,0.0112265051764596,,5,5,5,,,,
6135,-0.0428184224738051,-0.0483969022741946,-0.162281713151645,-0.0476620457652535,138,132,138,46,-0.020952820257322,-0.0428330012116389,-0.047920637669231
6161,0.100614003689183,0.0041139060752543,0.0610375889882133,0.29890831634396,56,55,56,55,0.325617541851891,0.100599424951349,0.00459017068021787
6163,-0.0710335415923493,-0.0912227458372615,-0.112965611085956,-0.109180860669937,293,268,293,149,-0.0824716351620055,-0.0710481203301831,-0.0907464812322979
6167,0.0038960000973232,-0.0017548306385051,-0.0063485253225452,,1,1,1,,,,
6188,-0.0765680102657745,-0.0100714271476165,0.0174827543867472,0.0468800098801269,102,94,102,96,0.0735892353880584,-0.0765825890036083,-0.00959516254265293
6210,-0.0476010712504673,-0.0810008204787513,-0.13861594993278,-0.138589711566034,69,64,69,24,-0.111880486058103,-0.0476156499883011,-0.0805245558737877
6223,-0.108875741361104,-0.0005933417246856,0.0160762609267008,0.0746660563599478,355,333,355,296,0.101375281867879,-0.108890320098938,-0.000117077119722028
6230,-0.0500992433562117,0.0017717038128131,-0.0500593059323414,-0.19271038259907,65,59,65,39,-0.166001157091139,-0.0501138220940455,0.00224796841777667
6252,-0.0666827126950547,-0.0268953701900699,-0.0885588708323105,-0.0911307128205762,495,483,495,295,-0.0644214873126447,-0.0666972914328885,-0.0264191055851063
6253,-0.0963059366007292,-0.0544500886643618,-0.0674549557172434,-0.0469901572959781,612,568,612,425,-0.0202809317880466,-0.096320515338563,-0.0539738240593982
6267,-0.0483200970365057,-0.00541264149094,-0.0421514980232248,0.037845838524581,21,20,21,8,0.0645550640325125,-0.0483346757743395,-0.00493637688597643
6269,-0.0768591946223207,-0.0766372095224088,-0.104751261002418,-0.162453847819319,185,174,185,113,-0.135744622311388,-0.0768737733601545,-0.0761609449174452
6270,-0.0695333856292045,-0.0037834646843354,-0.0466222339159727,-0.0903978104464901,45,44,45,30,-0.0636885849385586,-0.0695479643670383,-0.00330720007937183
6301,-0.0529367279554411,-0.0346010689055311,-0.138157345314404,-0.0768770049603221,188,172,188,88,-0.0501677794523906,-0.0529513066932749,-0.0341248043005675
6302,-0.105573036155126,-0.0087118444741075,0.0113426291355277,0.0499018368014698,470,443,470,407,0.0766110623094013,-0.10558761489296,-0.00823557986914393
6336,-0.0935037853764926,-0.0515417988974093,-0.0808026021650637,-0.114263733381948,253,237,253,214,-0.0875545078740165,-0.0935183641143264,-0.0510655342924457
6348,-0.0636669039294446,-0.0499005128406411,-0.0658200411915676,-0.0773569553232512,248,228,248,154,-0.0506477298153197,-0.0636814826672784,-0.0494242482356775
6397,-0.0359988297751326,-0.0762564946811565,-0.0455836162292262,-0.0386032673771317,46,45,46,19,-0.0118940418692002,-0.0360134085129664,-0.0757802300761929
6398,-0.0850892561866148,-0.0089368900842312,0.0234027031263898,0.230717902759907,105,99,105,84,0.257427128267838,-0.0851038349244486,-0.00846062547926763
6452,-0.0317231369595031,-0.0401450150933885,-0.0954275691291303,-0.118802801478486,95,91,95,48,-0.0920935759705545,-0.0317377156973369,-0.0396687504884249
6465,-0.0112996691735352,-0.0395132052222721,-0.113859989789296,0.0305001467279557,18,18,18,3,0.0572093722358872,-0.011314247911369,-0.0390369406173085
6496,-0.0045043026476496,-0.0189736780518798,-0.0553582818644463,,5,5,5,,,,
6497,-0.0482070251268965,0.0139494689300005,-0.0371777234241103,-0.0773118876540024,418,400,418,229,-0.0506026621460709,-0.0482216038647303,0.0144257335349641
6500,-0.0754323645962537,-0.0078720336800063,0.00739833612108,-0.0621082127497498,369,352,369,312,-0.0353989872418183,-0.0754469433340875,-0.00739576907504273
6572,-0.0182307112307877,-0.0049684760784422,-0.0233439374960699,,1,1,1,,,,
6584,-0.0627945615467663,0.0225003707301111,-0.0806806793897605,-0.11127989632326,272,256,272,139,-0.0845706708153285,-0.0628091402846001,0.0229766353350747
6585,-0.0855284817719663,0.0236925686150748,0.0007465433981375,-0.129118037286677,514,488,514,392,-0.102408811778746,-0.0855430605098001,0.0241688332200384
6586,-0.0588494089101198,-0.0485057130352415,-0.082441574780522,-0.038118951845696,89,88,89,51,-0.0114097263377645,-0.0588639876479536,-0.0480294484302779
6641,-0.0382838983349847,-0.0319955902785305,-0.0457442409157394,-0.133888409697128,47,39,47,25,-0.107179184189197,-0.0382984770728185,-0.0315193256735669
6643,-0.0644355248073518,-0.0984872274916406,-0.112208900829387,-0.141640720204478,232,224,232,142,-0.114931494696547,-0.0644501035451856,-0.098010962886677
6644,-0.0859409400684315,0.0518023841581892,0.0099543073286688,-0.0782657360362876,308,287,308,280,-0.0515565105283561,-0.0859555188062653,0.0522786487631528
6649,-0.0976133579623553,-0.0199420396944489,-0.0138639393443007,0.214727004911058,36,32,36,32,0.24143623041899,-0.0976279367001891,-0.0194657750894853
6650,-0.0880549372421641,0.0005786709133621,-0.0014128124000875,0.0929158676361416,60,58,60,54,0.119625093144073,-0.0880695159799979,0.00105493551832567
6708,-0.0635118184180284,-0.0339484926837105,-0.0673121624985192,-0.0799822721539096,292,272,292,221,-0.0532730466459781,-0.0635263971558622,-0.0334722280787469
6751,-0.089007684638289,-0.0324120113710423,-0.021180127269971,-0.116865745731555,590,567,590,355,-0.0901565202236235,-0.0890222633761228,-0.0319357467660787
6752,-0.0690686620155695,-0.055496593253834,-0.110539368221144,-0.104139536705721,562,505,562,290,-0.0774303111977895,-0.0690832407534033,-0.0550203286488704
6753,-0.0880554517837169,0.0195781525236662,0.0130230136898141,-0.0617969281040683,272,258,272,196,-0.0350877025961368,-0.0880700305215507,0.0200544171286298
6754,-0.115163940224945,-0.0364921493456863,-0.0741619736687492,-0.220533444866373,515,493,515,401,-0.193824219358442,-0.115178518962779,-0.0360158847407227
6755,-0.0659820094946368,0.0459901914655198,-0.0989752118721419,-0.190347418946966,329,325,329,80,-0.163638193439035,-0.0659965882324706,0.0464664560704834
6757,-0.0429749219268645,-0.0442672946820092,-0.117227088018123,-0.292780523382783,24,24,24,6,-0.266071297874852,-0.0429895006646983,-0.0437910300770456
6766,-0.103768021144537,-0.0161690852214307,-0.0574176780622396,-0.236301044530749,155,146,155,124,-0.209591819022817,-0.103782599882371,-0.0156928206164671
6770,-0.128240606000029,-0.028848383867006,0.0494480040990803,-0.251838516073425,132,127,132,124,-0.225129290565494,-0.128255184737863,-0.0283721192620424
6772,-0.0189911068267888,-0.0567621862358172,-0.146448699422695,0.155050953802772,34,33,34,3,0.181760179310704,-0.0190056855646226,-0.0562859216308536
6774,0.0011662727733482,-0.0037475454825087,-0.0124565979874618,,1,1,1,,,,
6780,-0.0009262540341409,-0.0008832643735099,-0.005386911222609,,1,1,1,,,,
6787,-0.0069757175253786,-0.0148241326643286,-0.0649966986673252,0.0507498105234985,25,25,25,3,0.07745903603143,-0.00699029626321239,-0.014347868059365
6826,-0.134246397205084,0.0123050047899603,0.0608267886625807,0.0328189257640379,170,163,170,159,0.0595281512719694,-0.134260975942918,0.0127812693949239
6828,-0.120699152468723,-0.0208259841433294,-0.025809185039181,-0.0150248107385782,102,99,102,86,0.0116844147693533,-0.120713731206557,-0.0203497195383658
6829,-0.114366333155677,0.0195702377431325,0.0743449304286879,-0.0190723422742528,309,296,309,299,0.0076368832336787,-0.114380911893511,0.0200465023480961
6830,-0.099601009532592,0.0380190589805854,0.0779531025797455,-0.105224276105629,292,284,292,271,-0.0785150505976975,-0.0996155882704258,0.038495323585549
6832,-0.108931173128365,0.0481075377159137,0.0463107150983994,0.118585413228997,153,148,153,146,0.145294638736929,-0.108945751866199,0.0485838023208773
6835,-0.155465283378755,0.0495723296932472,0.0814945800036042,-0.203421790177911,256,238,256,228,-0.17671256466998,-0.155479862116589,0.0500485942982108
6836,-0.118482269066541,0.0531535839650826,0.0890072545067478,-0.0591693318811601,152,147,152,142,-0.0324601063732286,-0.118496847804375,0.0536298485700462
6843,0.0712720798601842,0.0517947595970212,0.153400849850657,0.528586706739669,230,223,230,225,0.555295932247601,0.0712575011223504,0.0522710242019848
6844,0.0642213243019634,0.0472148090996786,0.0723801197284748,0.570099435006243,198,188,198,193,0.596808660514175,0.0642067455641296,0.0476910737046422
6846,-0.0629710746402973,0.0427364501682264,-0.0181439766772847,-0.0563547083020594,149,146,149,58,-0.0296454827941279,-0.0629856533781311,0.04321271477319
6852,-0.003966401584444,-0.0030845728126641,-0.0098851104298762,,1,1,1,,,,
6853,-0.0392060744450931,-0.0102722868312647,-0.0646641773083148,-0.0186302209205272,39,37,39,11,0.0080790045874043,-0.0392206531829269,-0.00979602222630113
6886,0.0046443895314309,0.0004676738718249,0.0045659036968054,,1,1,1,,,,
6895,-0.0938795286170766,0.0254641943365149,0.0206500094948491,-0.173296553453809,232,218,232,204,-0.146587327945878,-0.0938941073549104,0.0259404589414785
6896,-0.104598180868424,0.0277258724078761,0.055199914008875,-0.151653437777194,316,300,316,300,-0.124944212269263,-0.104612759606258,0.0282021370128397
6897,-0.0977505193091249,0.0024962622484876,-0.029615544151759,-0.112384112986188,419,403,419,328,-0.0856748874782565,-0.0977650980469587,0.00297252685345117
6899,-0.0413272979908847,0.040573786500469,-0.0707226615487479,-0.0503199839196679,64,58,64,33,-0.0236107584117364,-0.0413418767287185,0.0410500511054326
6922,-0.0166346161764945,0.0160066803521293,-0.0803322748175042,-0.116355604540387,50,46,50,28,-0.0896463790324555,-0.0166491949143283,0.0164829449570929
6925,-0.0522519860017009,-0.0222246931544366,-0.0880832706115665,-0.2556444839372,43,39,43,20,-0.228935258429269,-0.0522665647395347,-0.021748428549473
6929,-0.0876467879217554,0.0066011129231111,0.0115233008816261,-0.163305543522996,573,524,573,446,-0.136596318015065,-0.0876613666595892,0.00707737752807467
6983,-0.0539856636482722,0.0207115787136549,0.0248062530376763,-0.144368841437044,104,99,104,67,-0.117659615929113,-0.054000242386106,0.0211878433186185
7004,-0.0872479507994439,-0.0299091568486011,-0.0577744657344412,-0.0347830387200677,112,103,112,97,-0.00807381321213621,-0.0872625295372777,-0.0294328922436375
7006,-0.0763253907189463,-0.0117053835570853,-0.0327167718141747,-0.150899005868441,412,373,412,281,-0.12418978036051,-0.0763399694567801,-0.0112291189521217
7015,-0.0699883299823574,0.0413604090531619,0.0297216755896785,-0.151412608665414,181,172,181,118,-0.124703383157483,-0.0700029087201912,0.0418366736581255
7031,-0.0421512649866501,-0.0029575968066608,-0.0372204467506595,-0.224514998299546,130,117,130,83,-0.197805772791614,-0.0421658437244839,-0.00248133220169723
7044,-0.0792438706359998,0.0033523920443475,0.0359047311174806,-0.190964072126054,171,164,171,116,-0.164254846618123,-0.0792584493738336,0.00382865664931107
7049,-0.0532161657035595,-0.0105932173063083,-0.0644301666175845,-0.160353331563443,168,157,168,110,-0.133644106055512,-0.0532307444413933,-0.0101169527013447
7085,-0.0509307712288614,-0.0089959170703493,0.0142749607851198,-0.0052818766940735,41,38,41,29,0.021427348813858,-0.0509453499666952,-0.00851965246538573
7102,-0.052277670779371,-0.0211619354516856,-0.0302461355709039,-0.138975516126445,220,212,220,142,-0.112266290618514,-0.0522922495172048,-0.020685670846722
7128,-0.0666960560678969,-0.0254245452478474,-0.0431860770484087,-0.193344642049577,201,190,201,160,-0.166635416541645,-0.0667106348057307,-0.0249482806428838
7129,-0.102773753888581,0.0189211011008834,0.036506163610855,-0.056564862856261,622,577,622,529,-0.0298556373483295,-0.102788332626415,0.019397365705847
7135,-0.0432662048198363,0.0751212450249726,0.0447377322485208,-0.0634620442333219,105,97,105,61,-0.0367528187253904,-0.0432807835576701,0.0755975096299362
7180,0.141163575198504,0.0406242578829985,0.105715154567839,0.57390783654891,81,71,81,81,0.600617062056842,0.14114899646067,0.0411005224879621
7181,-0.0746503074888204,0.0940970645168972,0.0915979765267189,-0.0605235031116871,158,149,158,153,-0.0338142776037556,-0.0746648862266542,0.0945733291218608
7183,-0.0542991542877088,0.0807263052544155,0.0815934237127228,-0.0437471572496498,108,102,108,93,-0.0170379317417183,-0.0543137330255426,0.0812025698593791
7200,-0.0853038091285822,0.0720516523612258,0.0451030456660248,-0.183615499170729,704,661,704,527,-0.156906273662798,-0.085318387866416,0.0725279169661894
7231,-0.0063094122638703,-0.0044926539805911,-0.0140047332914168,0.061367827206595,1,1,1,1,0.0880770527145265,-0.00632399100170409,-0.00401638937562753
7236,-0.099989933014522,0.0227694628647749,0.0512729843527468,-0.190735356767084,335,314,335,269,-0.164026131259152,-0.100004511752356,0.0232457274697385
7240,-0.025828104964146,0.0135748881999004,0.0162113589795641,-0.0803239859619929,49,48,49,29,-0.0536147604540614,-0.0258426837019798,0.014051152804864
7276,-0.135372282907753,0.0300888720971918,0.0575244866196748,-0.0609587335979545,294,268,294,271,-0.034249508090023,-0.135386861645587,0.0305651367021554
7299,-0.0860029167696964,-0.0200918263904588,-0.02952914966779,-0.193563777731124,209,196,209,164,-0.166854552223192,-0.0860174955075302,-0.0196155617854952
7303,-0.0131297780840978,-0.0014228307670861,-0.0136874458289588,,1,1,1,,,,
7325,-0.109144105984098,0.073735183732562,0.0551125923792326,0.0692719823669917,968,922,968,835,0.0959812078749232,-0.109158684721932,0.0742114483375256
7326,-0.0707025139091085,0.185312356077814,-0.002325554111115,-0.19469359862737,369,358,369,113,-0.167984373119439,-0.0707170926469423,0.185788620682778
7328,-0.0759993328844734,0.0280615588705214,-0.0246186920058769,-0.0918146100153688,303,282,303,141,-0.0651053845074373,-0.0760139116223072,0.028537823475485
7329,-0.0984936221117233,-0.0004700450167171,-0.0058911721588811,-0.0298274891661648,847,797,847,622,-0.0031182636582333,-0.0985082008495571,6.21958824647173e-06
7331,-0.0833512942470826,-0.0074700439431633,-0.0023233177052193,-0.107147156253617,773,726,773,410,-0.0804379307456855,-0.0833658729849164,-0.00699377933819973
7388,-0.120534076389262,0.0643768947296877,0.0712953375052486,0.0740770242279284,275,261,275,255,0.10078624973586,-0.120548655127096,0.0648531593346513
7401,-0.0884113706146903,-0.0183450560093003,0.0007082221356832,0.0316336741175415,298,283,298,285,0.058342899625473,-0.0884259493525241,-0.0178687914043367
7404,0.0006766455286235,-0.0063353194467337,-0.046049188530126,,6,6,6,,,,
7406,-0.0675397110441156,0.0232391262571613,0.062384210236643,0.411098547544787,416,408,416,405,0.437807773052718,-0.0675542897819494,0.0237153908621249
7414,0.0501694685894566,0.0066663327886373,0.102364346541711,0.836370003895636,135,129,135,132,0.863079229403568,0.0501548898516228,0.00714259739360087
7415,0.267619759557037,0.0115772610758666,0.0771885686354785,0.514806266652308,169,157,169,164,0.54151549216024,0.267605180819203,0.0120535256808302
7416,-0.0183197766275985,0.0642234438112676,0.176030100414582,0.521717730115911,195,188,195,187,0.548426955623843,-0.0183343553654323,0.0646997084162312
7435,0.270388244745097,0.0468851971137692,0.17921762370444,0.634722324060325,196,192,196,188,0.661431549568257,0.270373666007263,0.0473614617187328
7441,-0.0528529120887379,-0.032771715340537,-0.0626251031613057,-0.132050348798463,46,39,46,28,-0.105341123290532,-0.0528674908265717,-0.0322954507355734
7459,0.0062163521851156,-0.0235927188095319,-0.057534300670232,,5,5,5,,,,
7470,-0.0563150821910471,-0.0696072277860972,-0.133936361073934,0.021492952535075,242,197,242,92,0.0482021780430065,-0.0563296609288809,-0.0691309631811336
7505,-0.0598306730620026,0.0170849016776062,0.0157345118756734,-0.0207597906380586,277,247,277,154,0.0059494348698729,-0.0598452517998364,0.0175611662825698
7509,-0.0215342301304154,-0.0141139185718004,-0.0947840514310388,-0.14503858160574,46,46,46,5,-0.118329356097809,-0.0215488088682492,-0.0136376539668368
7536,-0.109955925875016,-0.0047441481679868,0.0154584888832932,-0.0736523719241656,325,302,325,296,-0.0469431464162341,-0.10997050461285,-0.00426788356302323
7542,-0.0715522440173737,0.050734431048239,-0.0346679294958663,-0.0412477189564623,129,123,129,40,-0.0145384934485308,-0.0715668227552075,0.0512106956532026
7544,-0.064936695206626,0.0098841547179621,0.0247201606718106,-0.192316845930068,71,64,71,49,-0.165607620422137,-0.0649512739444598,0.0103604193229257
7572,-0.115858214100447,-0.014050765533935,0.0214866578495869,-0.222845911038848,141,129,141,122,-0.196136685530916,-0.115872792838281,-0.0135745009289714
7578,-0.0768774526100124,-0.0926632092559496,-0.137963951518193,-0.123425380640285,273,230,273,121,-0.0967161551323535,-0.0768920313478462,-0.092186944650986
7614,-0.0321021150487403,-0.0408428944710396,-0.0755563941825822,-0.143859782965659,46,39,46,25,-0.117150557457728,-0.0321166937865741,-0.040366629866076
7624,0.029378641935713,0.0066550203934342,0.0013699810811243,0.009838585508128,12,12,12,1,0.0365478110160595,0.0293640631978792,0.00713128499839777
7625,-0.0364280653189775,-0.0195064446588191,-0.144690451126336,-0.132414897679876,318,307,318,52,-0.105705672171944,-0.0364426440568113,-0.0190301800538555
7626,-0.0715697297953182,-0.0846652798233757,-0.0028038024619913,-0.190687402349391,460,442,460,207,-0.163978176841459,-0.071584308533152,-0.0841890152184121
7627,-0.0946080100678665,0.0408541723580034,0.0426569678037153,-0.0805356491217954,624,586,624,464,-0.0538264236138639,-0.0946225888057003,0.041330436962967
7628,-0.070585011705511,-0.0131429391903488,0.0033672161851913,-0.0278967880633046,324,302,324,226,-0.0011875625553731,-0.0705995904433448,-0.0126666745853852
7629,-0.0540811207949265,-0.0322369108112603,-0.0560119958340302,-0.116171583438377,456,430,456,166,-0.0894623579304455,-0.0540956995327603,-0.0317606462062967
7639,-0.0366549854838718,0.0145994501795836,0.0438098389275139,-0.0150227654525307,245,229,245,195,0.0116864600554008,-0.0366695642217056,0.0150757147845472
7650,-0.0688875653493589,-0.0232343297169618,-0.0964672201064353,-0.0886297872469169,121,112,121,77,-0.0619205617389854,-0.0689021440871927,-0.0227580651119982
7651,-0.0249563324073113,-0.0159026988415307,-0.0547915157543039,-0.0683371514527326,101,91,101,39,-0.0416279259448011,-0.0249709111451451,-0.0154264342365671
7655,0.0071220451552676,0.0005186460069828,0.0062969660051183,,1,1,1,,,,
7667,-0.0037560263521774,-0.0117884035355205,-0.0279574830592828,,7,7,7,,,,
7699,-0.0746911205584071,0.079537488755291,0.0476857704404027,-0.0955971196911033,936,902,936,628,-0.0688878941831718,-0.0747056992962409,0.0800137533602546
7700,0.0845221035373826,-0.0007195545405494,0.0417667759657476,0.597487273576687,396,389,396,378,0.624196499084619,0.0845075247995488,-0.000243289935585828
7701,-0.117018312379575,0.0661776166924863,0.0765791209155417,0.164520688385095,332,316,332,322,0.191229913893027,-0.117032891117409,0.0666538812974499
7705,-0.0789467824779604,-0.0050032798268205,-0.0146225348102325,-0.151912509721616,531,468,531,358,-0.125203284213685,-0.0789613612157942,-0.00452701522185693
7706,-0.0749878630798835,0.0568498227767296,0.0798329775571264,0.13946116394955,370,355,370,343,0.166170389457482,-0.0750024418177173,0.0573260873816932
7707,-0.0434591828610261,0.0017955029799835,-0.0641845897289673,0.0165050999516936,276,262,276,263,0.0432143254596251,-0.0434737615988599,0.00227176758494707
7709,-0.0995481123331472,0.0077710035275136,-0.0127468353083227,0.111100574089973,282,268,282,245,0.137809799597905,-0.099562691070981,0.00824726813247717
7717,0.295356104896027,0.0491175536079522,0.123885381886885,0.620842436056559,163,160,163,158,0.647551661564491,0.295341526158193,0.0495938182129158
7718,0.168486093426493,0.0175871872222923,0.0946071729429333,0.722331007219704,89,87,89,84,0.749040232727636,0.168471514688659,0.0180634518272559
7720,-0.0809493417343416,-0.0388989294482271,-0.0141697245421064,-0.0733829243631793,354,331,354,199,-0.0466736988552478,-0.0809639204721754,-0.0384226648432635
7722,-0.0779459064038358,0.0180528707962913,0.0257703541389818,-0.107392844244316,103,102,103,58,-0.0806836187363845,-0.0779604851416696,0.0185291354012549
7724,-0.084581366604616,-0.0123875973730689,-0.0528991022088906,-0.0976231006083883,73,70,73,50,-0.0709138751004568,-0.0845959453424498,-0.0119113327681053
7742,0.0173255438195899,0.0297822967598387,0.0683892380164578,0.245120008414612,254,247,254,234,0.271829233922544,0.0173109650817561,0.0302585613648023
7743,-0.107365797031439,0.0158421269094895,0.030418921297152,-0.0396602830293741,489,465,489,393,-0.0129510575214426,-0.107380375769273,0.0163183915144531
7744,-0.0618457396843715,-0.0422640262085113,-0.0078572817321626,0.0914749756495673,308,285,308,289,0.118184201157499,-0.0618603184222053,-0.0417877616035477
7753,-0.0757523447318234,-0.0132855507353743,0.0195116741735908,0.0342423091232167,64,59,64,48,0.0609515346311482,-0.0757669234696572,-0.0128092861304107
7760,-0.040636067421531,-0.0233254853973308,-0.0250755987237213,0.038104205867934,42,39,42,24,0.0648134313758655,-0.0406506461593648,-0.0228492207923672
7772,-0.0403268457947095,-0.0599778419552455,-0.174171691701205,-0.149895597338196,324,307,324,109,-0.123186371830265,-0.0403414245325433,-0.0595015773502819
7773,-0.0698015684068429,-0.0194537065773811,-0.0248281158739195,0.0414023757189097,141,136,141,112,0.0681116012268412,-0.0698161471446767,-0.0189774419724175
7775,-0.0324644086291614,-0.0098356528878958,-0.0675082545666477,-0.14717947191386,55,51,55,36,-0.120470246405929,-0.0324789873669952,-0.00935938828293223
7776,-0.040696857228264,0.0150312379778145,-0.0336863114210295,-0.208274846659074,25,22,25,7,-0.181565621151143,-0.0407114359660978,0.0155075025827781
7826,-0.0676909943317823,-0.0021922637264628,-0.0255573513601907,0.101960531791598,381,356,381,318,0.12866975729953,-0.0677055730696161,-0.00171599912149923
7830,-0.0662750608170123,0.0040973868859626,-0.0879859910100848,-0.1583433477935,121,115,121,57,-0.131634122285569,-0.0662896395548461,0.00457365149092617
7872,-0.0536312634148324,-0.007268264972691,-0.0652631161713675,-0.173028200801639,60,53,60,37,-0.146318975293708,-0.0536458421526662,-0.00679200036772743
7907,-0.0840451127158277,0.0240139377943178,0.0444830306198813,-0.138438454663412,276,251,276,226,-0.111729229155481,-0.0840596914536615,0.0244902023992814
7941,-0.0618159749616969,-0.0302175034453713,-0.0179638013958526,-0.13081639622713,267,249,267,181,-0.104107170719199,-0.0618305536995307,-0.0297412388404077
7942,-0.0447558495447602,0.0454405813795782,0.0972359395508379,-0.12020070334593,197,183,197,167,-0.0934914778379985,-0.044770428282594,0.0459168459845418
7956,-0.0556452329264074,0.00039152739284,-0.0203210683740344,0.0394420947008844,278,265,278,152,0.0661513202088159,-0.0556598116642412,0.000867791997803572
7970,-0.0049710151901891,0.0246573824523065,0.0185817928662338,,6,6,6,,,,
7973,-0.0695718007858024,0.0782495069153873,-0.044330384984669,-0.1632284307222,418,404,418,163,-0.136519205214269,-0.0695863795236362,0.0787257715203509
7989,-0.0778358776308863,0.0547039988190117,0.0245682191521245,-0.170153345060401,151,144,151,138,-0.14344411955247,-0.0778504563687201,0.0551802634239753
8000,0.0154419706280414,0.0335077410280769,0.104729569317304,0.35775917406282,59,56,59,56,0.384468399570751,0.0154273918902076,0.0339840056330405
8001,-0.091172729668821,-0.0170006111768873,-0.0874676548978034,-0.185543375997651,904,854,904,492,-0.15883415048972,-0.0911873084066548,-0.0165243465719237
8002,-0.0867314492770314,-0.0375699734562175,-0.0076350832289716,-0.0544114635608142,738,704,738,636,-0.0277022380528827,-0.0867460280148652,-0.0370937088512539
8005,-0.0450437153514062,0.0398657522034859,-0.0018406504368218,-0.144125392241627,29,27,29,18,-0.117416166733695,-0.04505829408924,0.0403420168084495
8044,-0.035417434836901,0.049111233844636,-0.047913295054835,-0.0782458968239525,162,152,162,62,-0.051536671316021,-0.0354320135747348,0.0495874984495996
8105,-0.0925975242166223,-0.0066473459045508,0.0002983442338056,0.0439709264738264,345,332,345,292,0.0706801519817579,-0.0926121029544561,-0.00617108129958723
8107,0.0076109179369308,-0.0015285244905856,-0.0018703767996443,,1,1,1,,,,
8108,-0.0649443102862144,0.015399138398429,-0.0801522389255758,-0.063688431908295,583,560,583,317,-0.0369792064003635,-0.0649588890240482,0.0158754030033926
8109,-0.0638836814650625,0.0178899996040772,0.0054872559179718,0.0101899109670096,522,495,522,385,0.0368991364749411,-0.0638982602028963,0.0183662642090408
8111,-0.0485546688769906,-0.0607576829128469,-0.132272030224659,-0.0482252102974066,120,113,120,57,-0.0215159847894751,-0.0485692476148244,-0.0602814183078833
8162,-0.0571762449159236,-0.0286670353255887,-0.0775086556480658,-0.015317688835828,176,168,176,104,0.0113915366721035,-0.0571908236537574,-0.0281907707206251
8174,-0.0640557188914972,-0.00044462750173,-0.0406988129939677,-0.0127129840586671,300,275,300,185,0.0139962414492644,-0.064070297629331,3.16371032335718e-05
8194,-0.0785283674494522,0.0909539532998585,0.0867189128096146,-0.0472793564211489,169,161,169,155,-0.0205701309132174,-0.078542946187286,0.0914302179048221
8195,0.0031919086068136,-0.00309296765426,-0.0272533911638584,,4,4,4,,,,
8206,-0.0643818749490622,-0.0447642410895426,-0.0639168479904578,-0.16828663309613,232,223,232,139,-0.141577407588199,-0.064396453686896,-0.044287976484579
8255,-0.0976553598531828,-0.0528366495237463,-0.119037488124441,-0.0241270751344143,314,296,314,180,0.00258215037351719,-0.0976699385910166,-0.0523603849187827
8309,-0.0487411807047106,0.017803989756183,0.0004308029296102,-0.131163272713833,51,46,51,41,-0.104454047205902,-0.0487557594425444,0.0182802543611466
8310,-0.0901447054363354,-0.0288577769617549,-0.0129267731515051,-0.176313137986864,99,91,99,75,-0.149603912478932,-0.0901592841741692,-0.0283815123567913
8331,-0.0304350321434869,0.016018382936686,0.0236072037097807,0.0693606061694735,88,81,88,69,0.096069831677405,-0.0304496108813207,0.0164946475416496
8339,-0.0885561975212773,0.0307122444365957,0.0300469917378363,0.0001290621935943,63,61,63,57,0.0268382877015258,-0.0885707762591111,0.0311885090415593
8345,-0.0521935028705583,-0.0438476626755986,-0.0807156925730754,-0.148085317481487,285,261,285,123,-0.121376091973556,-0.0522080816083921,-0.043371398070635
8352,-0.0214910879753586,0.0582223624515352,-0.0578721322010468,-0.0782995793990505,81,78,81,30,-0.051590353891119,-0.0215056667131924,0.0586986270564988
8365,-0.0486687332523273,-0.0456032822836053,-0.0552872970538007,0.142056003238278,619,596,619,585,0.16876522874621,-0.0486833119901611,-0.0451270176786417
8367,-0.056487644556894,-0.007108454841795,-0.0113504748579643,-0.0171353854880021,212,198,212,184,0.0095738400199294,-0.0565022232947278,-0.00663219023683143
8369,-0.042261284389624,-0.0125510742794892,-0.108351940992596,-0.0733157711767813,130,108,130,49,-0.0466065456688498,-0.0422758631274578,-0.0120748096745256
8375,-0.0169242642745694,0.0356906982513513,-0.0145358021526347,-0.0788228005215275,233,213,233,117,-0.052113575013596,-0.0169388430124032,0.0361669628563149
8379,-0.0154268977141647,-0.0195300643797295,-0.0799880256671796,,6,6,6,,,,
8380,-0.0098149266131953,0.02842153821629,0.0331984973141994,0.0175695138096491,60,54,60,37,0.0442787393175806,-0.00982950535102909,0.0288978028212536
8391,0.0011357567742022,0.0070989107005266,-0.0239443916501275,-0.0809105129740512,76,67,76,56,-0.0542012874661197,0.00112117803636841,0.00757517530549017
8392,-0.0820071032944722,-0.0219441826630911,-0.0401121550750973,-0.20582100806077,50,49,50,41,-0.179111782552839,-0.082021682032306,-0.0214679180581275
8394,-0.0583392620079397,0.0210388551253739,-0.0039480755289953,-0.23547821344478,159,139,159,117,-0.208768987936848,-0.0583538407457735,0.0215151197303375
8403,-0.0329597211889426,-0.0072012324226493,-0.0564533978597344,-0.145504262737198,30,27,30,20,-0.118795037229267,-0.0329742999267764,-0.00672496781768573
8409,-0.0739745508638567,0.0351227726293004,0.0479764323307885,0.0258541026718838,26,25,26,19,0.0525633281798153,-0.0739891296016905,0.035599037234264
8410,0.008906556298943,0.0022597619837976,-0.0009658664795656,,1,1,1,,,,
8411,-0.0347377219534705,-0.0295195889727414,-0.0897176568847449,-0.245307835299174,201,186,201,86,-0.218598609791243,-0.0347523006913043,-0.0290433243677778
8421,-0.0745950163394965,0.0297401496264901,0.002688315690036,0.018193417097964,254,230,254,204,0.0449026426058955,-0.0746095950773303,0.0302164142314537
8422,-0.056982833251204,0.0462621871640487,0.0349208460897128,-0.0065630243290987,93,81,93,84,0.0201462011788328,-0.0569974119890378,0.0467384517690123
8424,-0.0756188934799063,-0.0973488428213093,-0.0025685053771998,-0.152246954774448,414,380,414,222,-0.125537729266517,-0.0756334722177401,-0.0968725782163457
8425,-0.0493685307802727,-0.0689260452255484,-0.107599415632539,-0.112672898529321,280,229,280,86,-0.0859636730213895,-0.0493831095181065,-0.0684497806205848
8427,-0.0503731699773441,0.0700315271815044,-0.0790313428582938,-0.176800723967313,241,235,241,61,-0.150091498459382,-0.0503877487151779,0.070507791786468
8429,-0.0959449230560233,-0.0305469862073836,-0.0483295853278209,-0.0868172308662638,384,345,384,268,-0.0601080053583323,-0.0959595017938571,-0.03007072160242
8430,-0.0664804200942084,-5.49385004386e-05,-0.0217054520530619,-0.210699509360377,131,117,131,76,-0.183990283852446,-0.0664949988320422,0.000421326104524972
8432,-0.0230818659227291,-0.0314109945817304,-0.0663475953007372,0.181382155332251,37,34,37,2,0.208091380840182,-0.0230964446605629,-0.0309347299767668
8442,-0.0753708529674216,0.0300732373369809,0.0140486444430848,-0.127464856678473,208,192,208,150,-0.100755631170541,-0.0753854317052554,0.0305495019419445
8454,-0.0797469647705713,0.194038896243571,0.0415926338133832,-0.279168073427381,405,379,405,227,-0.25245884791945,-0.0797615435084051,0.194515160848535
8455,-0.077688969649407,0.0328762096396261,0.0139559661547434,0.0896795776426865,281,260,281,261,0.116388803150618,-0.0777035483872408,0.0333524742445897
8457,-0.0815675302367565,-0.0811064496917249,0.006331064527364,-0.157645272790404,234,218,234,170,-0.130936047282473,-0.0815821089745903,-0.0806301850867613
8458,-0.077119812737003,0.0288739796732988,0.0661442296292444,-0.101455826376732,239,221,239,175,-0.0747466008688005,-0.0771343914748368,0.0293502442782624
8463,0.17671089897785,0.0244656063168248,0.111948451263068,0.281312610035481,119,117,119,108,0.308021835543413,0.176696320240016,0.0249418709217884
8464,0.118426734126607,0.0654475777845109,0.168677083785724,0.586233465709616,169,161,169,165,0.612942691217548,0.118412155388773,0.0659238423894745
8474,-0.0612343289605129,-0.0451202009823259,-0.0909360696690803,-0.172762054207151,249,234,249,178,-0.14605282869922,-0.0612489076983467,-0.0446439363773623
8483,-0.113151613019768,0.0077025443081901,-0.0016676707236148,-0.0086990097514275,80,66,80,73,0.018010215756504,-0.113166191757602,0.00817880891315367
8485,0.17372252227942,-0.025622343044717,0.042812020482327,0.0320548713069765,2423,2375,2423,2258,0.058764096814908,0.173707943541586,-0.0251460784397534
8487,0.118734001742892,0.010946984461664,0.028602604378038,-0.0327486188328667,1693,1644,1693,1537,-0.00603939332493521,0.118719423005058,0.0114232490666276
8488,0.0111593722137469,-0.041592118770224,-0.0293826319848326,-0.23480473094467,235,222,235,171,-0.208095505436738,0.0111447934759131,-0.0411158541652604
8489,0.0748929875632241,-0.0151245080474681,0.0665039581484194,-0.139527937529449,266,249,266,223,-0.112818712021518,0.0748784088253903,-0.0146482434425045
8490,-0.0191993158421051,-0.0597911728204965,-0.0607175144532658,-0.11887137113846,140,128,140,93,-0.0921621456305285,-0.0192138945799389,-0.0593149082155329
8491,0.0153774950571367,-0.0484125533899591,-0.0201487021804416,-0.0225669878374448,928,891,928,704,0.00414223767048669,0.0153629163193029,-0.0479362887849955
8492,-0.0086355044528065,-0.0091669972332837,0.0311338728949191,-0.0620162255952485,434,410,434,342,-0.035307000087317,-0.00865008319064029,-0.00869073262832013
8494,-0.000916762549524,-0.0427039332379956,-0.0255209456934445,-0.0511213608336352,185,173,185,110,-0.0244121353257037,-0.000931341287357792,-0.042227668633032
8495,0.0167178838222785,-0.064730991139504,-0.0621956773564023,-0.148615973325039,144,141,144,99,-0.121906747817108,0.0167033050844447,-0.0642547265345404
8496,-0.0275367733902643,-0.0738348444508093,-0.123040482419005,-0.130497535478507,138,114,138,89,-0.103788309970576,-0.0275513521280981,-0.0733585798458457
8497,0.0147767484089688,-0.0287060829432517,-0.0669206957243427,-0.157133865923059,105,101,105,69,-0.130424640415128,0.014762169671135,-0.0282298183382881
8498,0.030029412920756,-0.0098857318570341,0.064644996702442,-0.133833010937308,149,141,149,117,-0.107123785429377,0.0300148341829222,-0.00940946725207053
8499,0.0766557774238262,-0.010136308199204,0.0437622567119906,0.0192411417029193,680,653,680,545,0.0459503672108508,0.0766411986859924,-0.00966004359424043
8500,-0.0192408072778262,0.109526108532234,0.0034355885952017,-0.152714250622697,406,375,406,219,-0.126005025114766,-0.01925538601566,0.110002373137198
8501,0.00196492874872,-0.107111321448352,-0.0800752040138693,-0.117627495868859,89,85,89,47,-0.0909182703609275,0.00195035001088621,-0.106635056843388
8502,-0.0345466207473525,-0.118730910994537,0.034688018070163,-0.212475879170557,530,513,530,344,-0.185766653662625,-0.0345611994851863,-0.118254646389573
8503,0.0163976161303535,-0.149171646651476,-0.016962527606985,-0.131881372985131,870,835,870,714,-0.1051721474772,0.0163830373925197,-0.148695382046512
8504,-0.0272966119206616,-0.107005498895024,-0.14749671760782,-0.139202457569256,591,517,591,358,-0.112493232061325,-0.0273111906584954,-0.10652923429006
8505,-0.0064059930440747,-0.0036872619817164,0.00258589657255,-0.153992753821581,700,658,700,458,-0.12728352831365,-0.00642057178190849,-0.00321099737675283
8506,0.0247992833470354,-0.104150075300887,-0.0451455600399661,-0.057757413731935,671,626,671,427,-0.0310481882240035,0.0247847046092016,-0.103673810695923
8507,-0.026823012095121,-0.0118441523554293,0.0115413215068073,-0.194735866653418,872,840,872,571,-0.168026641145487,-0.0268375908329548,-0.0113678877504657
8508,-0.003203440798769,-0.0531337494398563,-0.0253567355388199,-0.159643984805749,106,104,106,55,-0.132934759297818,-0.00321801953660279,-0.0526574848348927
8510,0.0234023025480201,-0.0098620625488959,0.0716621525549289,-0.0101088033234722,171,163,171,122,0.0166004221844593,0.0233877238101863,-0.00938579794393233
8511,0.0860700064550844,-0.10145716927393,-0.0249498203352781,-0.19776589679109,191,183,191,141,-0.171056671283159,0.0860554277172506,-0.100980904668966
8514,0.034073482528413,-0.0545560892611776,-0.0266657044976566,-0.109776136294871,330,314,330,284,-0.0830669107869395,0.0340589037905792,-0.054079824656214
8518,-0.0030849243796338,-0.0096415622094197,-0.0343671630168978,-0.215707086329718,72,67,72,51,-0.188997860821787,-0.00309950311746759,-0.00916529760445613
8535,0.0596908911115717,-0.036515972607588,0.0050416579885906,-0.31163274124045,69,64,69,53,-0.284923515732519,0.0596763123737379,-0.0360397080026244
8542,0.0559088209367858,0.0099736946151393,0.0813015763287354,-0.195345943865111,126,121,126,108,-0.16863671835718,0.055894242198952,0.0104499592201029
8553,-0.0100731451327167,-0.0779671874203601,-0.185481945988653,0.0596631492535874,187,184,187,20,0.0863723747615189,-0.0100877238705505,-0.0774909228153965
8554,-0.0465398683585933,-0.0368990560761206,-0.125342127478651,-0.0475299073914673,35,34,35,4,-0.0208206818835358,-0.0465544470964271,-0.036422791471157
8571,-0.000463756505884,0.0009018298088212,-0.0194673298419706,,6,6,6,,,,
8587,-0.0185796960245537,-0.0655137512431256,-0.157327393118081,-0.0712315181589664,91,91,91,14,-0.0445222926510349,-0.0185942747623875,-0.065037486638162
8589,0.0631100394051349,-0.0285940969064236,0.0253859743471538,-0.155885493955853,457,430,457,414,-0.129176268447922,0.0630954606673011,-0.02811783230146
8592,0.0525488152069006,0.0174812090992256,0.0741248847305706,0.0869134911084861,288,275,288,263,0.113622716616418,0.0525342364690668,0.0179574737041892
8598,-0.0213684871343935,-0.060833552568847,-0.0471845484981397,-0.0656222845684137,200,196,200,155,-0.0389130590604822,-0.0213830658722273,-0.0603572879638834
8601,0.0147825778061307,-0.119402411066782,-0.129491225587404,-0.224373976371566,85,76,85,55,-0.197664750863634,0.0147679990682969,-0.118926146461818
8603,0.0534490797822974,0.125693770172167,0.107043688710695,-0.164387692856586,1215,1177,1215,1063,-0.137678467348655,0.0534345010444636,0.126170034777131
8604,0.144956833971126,0.0051469200273798,0.0649970557787658,-0.0463716954236458,245,233,245,224,-0.0196624699157143,0.144942255233292,0.00562318463234337
8609,0.278001871865502,0.0028085709436913,0.145151009214386,0.322304820494846,367,355,367,360,0.349014046002778,0.277987293127668,0.00328483554865487
8611,0.0150440487314579,-0.0135727419312008,0.0350751696565684,-0.0187920259086801,305,291,305,280,0.00791719959925139,0.0150294699936241,-0.0130964773262372
8613,0.004998012468186,-0.0094005400810121,-0.051696314134348,-0.122858955357467,119,117,119,112,-0.0961497298495355,0.00498343373035221,-0.00892427547604853
8614,0.05264295056397,0.004460242531881,0.0472213135842606,-0.0773399788645991,285,271,285,254,-0.0506307533566676,0.0526283718261362,0.00493650713684457
8615,0.0718238862276481,0.0494502427328445,0.0195535059307423,-0.0432621376940481,63,61,63,56,-0.0165529121861166,0.0718093074898143,0.0499265073378081
8616,-0.0299951964527215,-0.107150222901789,-0.112110068948116,-0.132348330538207,271,243,271,177,-0.105639105030275,-0.0300097751905553,-0.106673958296825
8617,-0.0329164467072744,-0.0215454097256658,-0.0548646430304333,-0.181236737185616,619,570,619,392,-0.154527511677685,-0.0329310254451082,-0.0210691451207022
8618,0.0203712101640033,-0.0431545991652783,0.0414684054951053,0.0411810695237774,111,102,111,100,0.0678902950317089,0.0203566314261695,-0.0426783345603147
8620,0.009248811571009,-0.014884435025708,0.0029680091031288,-0.0329038011954219,91,89,91,73,-0.0061945756874904,0.00923423283317521,-0.0144081704207444
8625,-0.0125697614833769,0.0247707594590506,-0.043777727197082,-0.153946503787631,320,302,320,181,-0.1272372782797,-0.0125843402212107,0.0252470240640142
8627,0.0132183663699249,-0.0167826218356527,0.0107289846015038,-0.0070032488069905,439,418,439,375,0.019705976700941,0.0132037876320911,-0.0163063572306891
8629,0.005210908488369,-0.0774351114078677,-0.0609414988884832,-0.0893326845389637,268,258,268,197,-0.0626234590310322,0.00519632975053521,-0.0769588468029041
8631,-0.0120780784635955,0.0121968907336335,0.0174576399301548,0.0224269911593358,82,77,82,59,0.0491362166672673,-0.0120926572014293,0.0126731553385971
8632,-0.010309686428139,-0.100746903199919,-0.0599631327406178,-0.0430055391095577,379,362,379,292,-0.0162963136016262,-0.0103242651659728,-0.100270638594955
8634,0.0227220914204814,0.0143438657735915,0.0888975115864944,0.0972502865652196,249,242,249,233,0.123959512073151,0.0227075126826476,0.0148201303785551
8636,0.0646990125197122,-0.0080388957482704,0.0028571329206036,-0.007030652283479,507,485,507,476,0.0196785732244525,0.0646844337818784,-0.00756263114330683
8639,0.0449244749695294,0.0400417665321885,0.0588851419953806,0.0215939099985491,196,187,196,169,0.0483031355064806,0.0449098962316956,0.0405180311371521
8643,-0.0128906472118774,-0.0491527384182863,-0.0567542892365601,-0.244272933111452,271,254,271,200,-0.21756370760352,-0.0129052259497112,-0.0486764738133227
8644,-0.0608547063201502,0.081037736010274,-0.0905176074001016,-0.270538615983348,291,282,291,101,-0.243829390475416,-0.060869285057984,0.0815140006152376
8645,0.0718021170791548,0.0106188430184201,0.0774557084963039,-0.0719250631598954,465,425,465,420,-0.0452158376519639,0.071787538341321,0.0110951076233837
8649,0.116978183139961,-0.0198303596754642,0.109061418722393,0.205837517370126,127,113,127,120,0.232546742878058,0.116963604402127,-0.0193540950705006
8650,0.0397477831003479,0.0134189718832726,0.0023519863225793,-0.127056014892561,265,256,265,212,-0.100346789384629,0.0397332043625141,0.0138952364882362
8652,0.120238041875809,0.0013790600239994,0.0883206245629867,0.007304112936558,152,145,152,139,0.0340133384444895,0.120223463137975,0.00185532462896297
8654,-0.0424297386423392,-0.0311772851454267,-0.0092630043270693,-0.167542320964949,76,72,76,37,-0.140833095457018,-0.042444317380173,-0.0307010205404631
8657,-0.0179819718580801,0.0120227899711633,0.0211860183654926,-0.14324484430545,83,81,83,53,-0.116535618797519,-0.0179965505959139,0.0124990545761269
8658,0.101571326412124,0.0030391148843732,0.0891163527655702,0.141173212542164,164,150,164,153,0.167882438050096,0.10155674767429,0.00351537948933677
8663,0.0582074222943524,0.0303611225797648,0.060631413204723,0.0964528898048698,313,293,313,300,0.123162115312801,0.0581928435565186,0.0308373871847284
8666,0.0183637383456625,-0.0025815822769203,0.024333877031524,-0.138888917308442,118,110,118,89,-0.112179691800511,0.0183491596078287,-0.00210531767195673
8671,0.095770208400931,0.0363909480855479,0.0784121139368259,-0.0425515802320182,91,87,91,77,-0.0158423547240867,0.0957556296630972,0.0368672126905115
8675,0.0505193539397482,0.002859688186195,0.0926479984823364,0.101936222577145,182,175,182,166,0.128645448085077,0.0505047752019144,0.00333595279115857
8676,0.0512068888879442,-0.0442863233495637,0.0467778437401323,0.144209965089434,216,203,216,196,0.170919190597366,0.0511923101501104,-0.0438100587446001
8680,0.101717541970761,0.0216170513165589,0.0819153001024031,-0.0929698644740855,200,190,200,176,-0.066260638966154,0.101702963232927,0.0220933159215225
8681,0.116622791797032,0.0071844084838437,0.0857259432334159,-0.0301436602250579,302,282,302,267,-0.0034344347171264,0.116608213059198,0.00766067308880727
8682,0.0595288140100667,0.0249485111005977,0.107665615015092,0.131007298628994,328,313,328,305,0.157716524136926,0.0595142352722329,0.0254247757055613
8697,0.0414450237199273,0.0081963698669311,0.0049916744710368,-0.158045258249424,273,259,273,245,-0.131336032741493,0.0414304449820935,0.00867263447189467
8715,-0.0327372484738225,-0.01273656397711,0.0293118663342322,-0.208385410658163,51,50,51,40,-0.181676185150232,-0.0327518272116563,-0.0122602993721464
8724,-0.0442698094603254,-0.0442706228089362,-0.0425356613991354,-0.184019028941954,104,100,104,78,-0.157309803434022,-0.0442843881981592,-0.0437943582039726
8740,0.0403791513538179,0.0212063723347946,0.0478682549278436,-0.003182265754642,146,141,146,138,0.0235269597532895,0.0403645726159841,0.0216826369397582
8748,0.274037081260234,0.0144300478121633,0.0884008537513897,0.333603154953156,562,552,562,545,0.360312380461088,0.2740225025224,0.0149063124171269
8750,0.0985508027665672,0.0217031085558371,0.0454126647892948,0.340790798012279,347,335,347,325,0.36750002352021,0.0985362240287334,0.0221793731608007
8754,0.0741359542362684,-0.0063062498254978,0.0494451086543171,-0.0225416182819039,253,248,253,234,0.0041676072260276,0.0741213754984346,-0.00582998522053423
8755,0.159016543282812,0.0218706454326244,0.129344511321681,0.282825688495171,72,72,72,66,0.309534914003102,0.159001964544978,0.022346910037588
8756,0.0371734485929667,0.0107507301313321,0.033198677065565,-0.0097263015709272,559,543,559,474,0.0169829239370043,0.0371588698551329,0.0112269947362957
8757,0.219357579662604,0.0151889729725081,0.0759480403605531,0.0967094515410744,493,485,493,475,0.123418677049006,0.21934300092477,0.0156652375774717
8759,0.0714927244031238,-0.0175439413040403,0.0354511892593831,0.0985359089524442,43,41,43,38,0.125245134460376,0.07147814566529,-0.0170676766990767
8761,0.179504612389306,0.0368132422252338,0.0764917395724479,0.167022360484885,318,310,318,301,0.193731585992817,0.179490033651472,0.0372895068301974
8762,0.108675867757458,0.0183812346390675,0.0530394586672235,0.081743622434529,84,82,84,78,0.108452847942461,0.108661289019624,0.0188574992440311
8769,0.0938663551569048,-0.0871398022449355,-0.0129733938648408,0.160123386599423,170,164,170,160,0.186832612107355,0.093851776419071,-0.0866635376399719
8791,0.100850064893011,0.0016826748374003,0.0276845530961274,-0.0348995683296915,269,257,269,255,-0.00819034282176001,0.100835486155177,0.00215893944236387
8811,-0.0382376799509962,-0.13988622425519,-0.0523378920954559,-0.167981808737136,608,581,608,401,-0.141272583229205,-0.03825225868883,-0.139409959650226
8812,0.0236149116537232,0.098442725100443,-0.0294757552236133,-0.153517390680311,302,286,302,169,-0.12680816517238,0.0236003329158894,0.0989189897054066
8813,-0.0241734730071748,0.155040582413935,0.0302516046170966,-0.208264668547192,551,538,551,282,-0.181555443039261,-0.0241880517450086,0.155516847018899
8814,-0.0471533043751711,0.0009427308854779,-0.0828737832324719,-0.217578272442615,133,128,133,64,-0.190869046934683,-0.0471678831130049,0.00141899549044147
8815,0.142293741635162,0.0788275719369689,0.127456293596756,0.416947152074594,260,250,260,208,0.443656377582525,0.142279162897328,0.0793038365419325
8818,0.0825963397059425,0.005833316927331,0.0604837992481175,0.0421495771320417,213,205,213,184,0.0688588026399732,0.0825817609681087,0.00630958153229457
8819,0.0872200421102865,-0.0269190049479633,-0.0130261780915079,0.134670641184963,193,184,193,169,0.161379866692895,0.0872054633724527,-0.0264427403429997
8821,0.295555078746912,0.0112460562389097,0.0774599210919564,0.286934920477522,375,368,375,352,0.313644145985454,0.295540500009078,0.0117223208438733
8822,0.120909622300476,-0.0221061044397589,0.0613347196470142,0.551436112370517,156,148,156,118,0.578145337878449,0.120895043562642,-0.0216298398347953
8825,0.133771362297883,0.0016452953873133,0.0783261672744126,0.0928761452766125,221,210,221,207,0.119585370784544,0.133756783560049,0.00212155999227687
8827,0.0896512494244655,-0.0099606842033487,0.053560230800871,0.180450159231541,246,238,246,232,0.207159384739473,0.0896366706866317,-0.00948441959838513
8828,0.104770015510783,0.0075450032690344,0.0570560107882846,0.342199499077666,290,276,290,215,0.368908724585598,0.104755436772949,0.00802126787399797
8833,0.277339358026646,0.0422815303199172,0.206806808241373,0.619863321497638,131,127,131,123,0.64657254700557,0.277324779288812,0.0427577949248808
8835,0.102130896578153,-0.0030467532635627,0.0351263341655407,0.607537196744733,173,165,173,136,0.634246422252665,0.102116317840319,-0.00257048865859913
8839,0.0031599571832497,-0.0254218683613929,-0.1437943693689,0.123063408585,45,43,45,4,0.149772634092932,0.00314537844541591,-0.0249456037564293
8841,0.0400486690073712,-0.0171438895374636,0.0138961206925395,-0.0243534396289129,238,230,238,200,0.0023557858790186,0.0400340902695374,-0.0166676249325
8846,0.262704123540828,0.0244167538643383,0.116896422637583,0.278964635559682,222,216,222,205,0.305673861067613,0.262689544802994,0.0248930184693019
8849,0.0757506808010043,-0.0147678947672878,0.0437662492183775,0.151473217406719,251,240,251,231,0.178182442914651,0.0757361020631705,-0.0142916301623242
8854,0.141068507725314,0.0121323787064541,0.0572361494097695,0.19298989438035,122,115,122,109,0.219699119888281,0.14105392898748,0.0126086433114177
8860,0.128751326837308,0.029543075321423,-0.0036884962608,-0.191285569377896,38,36,38,30,-0.164576343869965,0.128736748099474,0.0300193399263866
8861,0.0912624912408527,0.0245186149511134,0.0205819174888531,-0.026065929492269,88,82,88,80,0.000643296015662494,0.0912479125030189,0.024994879556077
8862,0.416828597309182,0.0540067154879918,0.153295199347051,0.719271818852308,395,379,395,384,0.74598104436024,0.416814018571348,0.0544829800929554
8863,0.205543516241721,0.001248723875761,0.0347681885684781,0.172984757328651,257,255,257,232,0.199693982836583,0.205528937503887,0.00172498848072457
8867,0.413647151330537,0.0506181541725893,0.14277601952848,0.801255325541112,235,225,235,226,0.827964551049044,0.413632572592703,0.0510944187775529
8868,0.350431296109778,0.0271852260099028,0.131165170892003,0.380066279574849,196,193,196,192,0.406775505082781,0.350416717371944,0.0276614906148664
8869,0.384386529251951,0.0252151821918128,0.15128329895764,0.664371282192194,305,300,305,299,0.691080507700126,0.384371950514117,0.0256914467967764
8870,0.325503858641741,0.0164520828434878,0.114216155620673,0.395182844487184,337,329,337,327,0.421892069995115,0.325489279903907,0.0169283474484514
8871,0.413744554063265,-0.0234828056847481,0.117218204873003,0.920969775846584,239,237,239,229,0.947679001354516,0.413729975325431,-0.0230065410797845
8872,0.230145122914076,0.0015770776479239,0.0708643555066751,0.404763975218776,201,199,201,185,0.431473200726708,0.230130544176242,0.00205334225288747
8873,0.313907763897192,0.0643748187076138,0.112587642259994,0.852250699996037,430,427,430,426,0.878959925503968,0.313893185159358,0.0648510833125774
8876,-0.112801740854526,-0.0054963142873451,-0.0462710523551902,0.105047936073336,12,12,12,8,0.131757161581268,-0.11281631959236,-0.00502004968238153
8877,0.424456971689962,-0.019021796880044,0.155224846158132,0.664107026342178,506,497,506,491,0.69081625185011,0.424442392952128,-0.0185455322750804
8878,0.326230035826707,0.0461721690911959,0.138848274763567,0.84989577076305,258,256,258,251,0.876604996270982,0.326215457088873,0.0466484336961595
8880,-0.076995700724734,-0.0909057812167292,-0.230648028723658,0.659419230874902,183,181,183,55,0.686128456382834,-0.0770102794625678,-0.0904295166117656
8885,0.449360943393781,0.0279096183524966,0.236821903362923,0.57241865920315,199,195,199,191,0.599127884711082,0.449346364655947,0.0283858829574602
8888,0.4373808711615,-0.0532538481811173,0.150467444763737,0.586867170977589,525,516,525,516,0.613576396485521,0.437366292423666,-0.0527775835761537
8892,0.189954847396054,-0.0118128471143874,0.0882965169272243,0.105118263449134,357,350,357,334,0.131827488957066,0.18994026865822,-0.0113365825094238
8893,0.326787305242947,0.0420592853763824,0.0511376607965226,0.749328326664336,272,268,272,228,0.776037552172268,0.326772726505113,0.042535549981346
8894,0.421707616749202,0.0567147633706537,0.185592128188138,0.695027487558983,153,151,153,146,0.721736713066915,0.421693038011368,0.0571910279756173
8895,-0.0720277390631198,-0.0276839916273348,-0.0397351605741601,-0.11763995094636,34,33,34,22,-0.0909307254384285,-0.0720423178009536,-0.0272077270223712
8900,0.222105858333052,0.0065554407855215,0.0732253219138522,0.22652613908981,263,249,263,250,0.253235364597741,0.222091279595218,0.00703170539048507
8902,0.366470457099537,0.0133076061728135,0.127505530462396,0.967615738480428,244,238,244,239,0.99432496398836,0.366455878361703,0.0137838707777771
8903,0.326328372297858,0.0130252914190357,0.089225173585764,0.744902452944568,101,101,101,89,0.7716116784525,0.326313793560024,0.0135015560239993
8904,0.361730842061269,0.0658495447486863,0.145484721282158,0.937334361881615,195,191,195,190,0.964043587389547,0.361716263323435,0.0663258093536499
8905,0.110287448891291,0.052244100630604,0.0362158211713848,0.0391558089299637,91,84,91,85,0.0658650344378952,0.110272870153457,0.0527203652355676
8906,0.435517239002821,0.0702206098859032,0.216413589211278,0.899335521469098,677,668,677,669,0.926044746977029,0.435502660264987,0.0706968744908668
8909,0.224905554636575,-0.0195412154711999,-0.0158209224052112,0.339023261997841,279,273,279,263,0.365732487505773,0.224890975898741,-0.0190649508662363
8911,0.141834420429604,-0.008614316524257,0.0662566222144525,0.154440809928478,56,55,56,53,0.18115003543641,0.14181984169177,-0.00813805191929343
8914,0.250767798269103,0.0544815224379349,0.108024168888177,0.472628400530195,69,67,69,66,0.499337626038127,0.250753219531269,0.0549577870428985
8917,0.32031776027243,0.0218334977835699,0.0920728237538072,0.744772771506044,336,334,336,303,0.771481997013976,0.320303181534596,0.0223097623885335
8919,0.370294293679137,-0.0048826011688796,0.14365121874466,0.578087986809615,257,254,257,244,0.604797212317547,0.370279714941303,-0.00440633656391603
8921,0.167759306644464,-0.001206497974,0.0621812514203209,0.281448780380185,83,81,83,72,0.308158005888116,0.16774472790663,-0.000730233369036428
8923,0.0734931922768396,-0.0500353241841356,-0.103073511328765,0.391250701345136,507,498,507,350,0.417959926853067,0.0734786135390058,-0.049559059579172
8925,0.0615715875734255,-0.0652990126793676,-0.0049822989953792,-0.0442845693998606,763,711,763,644,-0.0175753438919291,0.0615570088355917,-0.064822748074404
8926,0.143933681500631,0.0307971004899862,0.0632086171655602,0.0041602926306233,808,789,808,758,0.0308695181385548,0.143919102762797,0.0312733650949498
8927,0.153238415629016,0.0519590806928347,0.0880350101903155,0.0598419047038571,1076,1053,1076,1023,0.0865511302117886,0.153223836891182,0.0524353452977983
8928,0.0997850850475492,-0.0287032004135679,0.029815377831733,0.126874897074352,1337,1271,1337,1182,0.153584122582284,0.0997705063097154,-0.0282269358086043
8930,0.0978426634680326,0.0041922484446406,0.0502661271871804,-0.0681564069926603,826,781,826,695,-0.0414471814847288,0.0978280847301988,0.00466851304960417
8938,-0.0110053266334584,-0.0514762293737445,-0.0462939321381963,-0.113543028771076,310,275,310,212,-0.0868338032631445,-0.0110199053712922,-0.0509999647687809
8944,0.106054787068711,0.0303790317248322,0.0462187693459364,-0.0848081741744718,228,219,228,201,-0.0580989486665403,0.106040208330877,0.0308552963297958
8945,0.0033731755555101,-0.114229399237499,-0.0406890235436932,-0.189063195239707,402,384,402,327,-0.162353969731776,0.00335859681767631,-0.113753134632535
8950,0.173124484675193,-0.0159968204288083,0.0943346204600853,0.165444959324424,197,184,197,188,0.192154184832356,0.173109905937359,-0.0155205558238447
8953,0.478673280637048,0.0723381002152135,0.226283146904041,0.946417660086151,202,200,202,198,0.973126885594083,0.478658701899214,0.0728143648201771
8954,0.155946292905814,-0.0029996424053178,0.0372149324996175,0.173331866353702,292,279,292,268,0.200041091861634,0.15593171416798,-0.00252337780035423
8956,0.134717436529023,-0.020402883375343,-0.0728153993843028,-0.148049797256611,42,41,42,34,-0.12134057174868,0.134702857791189,-0.0199266187703794
8959,0.11276404018608,0.0211472429672594,0.0384901383432659,-0.0006578982360326,52,51,52,46,0.0260513272718989,0.112749461448246,0.021623507572223
8966,0.36225629346383,0.0535479597251985,0.188868984137233,0.711173211303447,436,430,436,421,0.737882436811379,0.362241714725996,0.0540242243301621
8969,0.234340609573999,-0.0316341228342209,0.0334265287597117,-0.111613813372779,156,152,156,144,-0.0849045878648475,0.234326030836165,-0.0311578582292573
8972,0.467784999826706,-0.0054376677188579,0.182719289290512,0.935249171652187,396,384,396,387,0.961958397160119,0.467770421088872,-0.00496140311389433
8974,0.111629044745774,-0.027104694131074,-0.0480090713941382,0.0946756418581777,76,73,76,69,0.121384867366109,0.11161446600794,-0.0266284295261104
8978,0.490462221611574,0.0735583425257169,0.324176601093634,0.713548802550119,360,357,360,346,0.740258028058051,0.49044764287374,0.0740346071306805
8979,0.37116704252635,0.0068731113206325,0.126510343823016,0.656756636380007,489,483,489,446,0.683465861887939,0.371152463788516,0.00734937592559607
8981,0.272529742448332,0.0331334936402713,0.10489222352632,0.320792304499853,159,152,159,151,0.347501530007785,0.272515163710498,0.0336097582452349
8984,0.379399012277717,0.0688428919535504,0.157706063647809,0.54872220608159,269,266,269,265,0.575431431589522,0.379384433539883,0.069319156558514
8988,0.280424130884043,-0.0090772921432784,0.104319822474625,0.604769573875438,79,77,79,77,0.63147879938337,0.280409552146209,-0.00860102753831483
8991,0.353253702064068,0.0381863478461774,0.145097217950329,0.999990065138493,423,419,423,415,1.02669929064642,0.353239123326234,0.038662612451141
8992,0.246902519670443,-0.0017831660390662,0.163450602362251,0.293240503034871,209,206,209,199,0.319949728542802,0.246887940932609,-0.00130690143410263
8995,0.42655622485753,0.0127665078824842,0.108981107662521,0.771022398327405,441,438,441,411,0.797731623835337,0.426541646119696,0.0132427724874478
8996,0.324956380111169,-0.0211193777638441,0.0600375798483314,0.504074671968019,486,478,486,476,0.530783897475951,0.324941801373335,-0.0206431131588805
8997,0.0091960359621654,-0.0953968688917269,-0.0922049872081692,-0.135773492703388,118,113,118,69,-0.109064267195457,0.00918145722433161,-0.0949206042867633
8998,0.22005716899469,0.0526114553409821,0.12370152611614,0.62942196388538,118,118,118,114,0.656131189393312,0.220042590256856,0.0530877199459457
9003,0.244004635279431,-0.0202251963012237,0.094805991004425,0.378075713178071,390,380,390,374,0.404784938686002,0.243990056541597,-0.0197489316962601
9004,-0.105896289421303,-0.0176675761661849,-0.0531218151321237,-0.190327495555255,3,3,3,1,-0.163618270047323,-0.105910868159137,-0.0171913115612213
9006,-0.0549208708983447,-0.0994179325357557,-0.187248114466042,-0.117785559938926,293,286,293,160,-0.0910763344309945,-0.0549354496361785,-0.0989416679307921
9007,-0.0158244377746991,-0.0270579698399359,-0.0477993933449474,-0.118731166535649,163,152,163,122,-0.0920219410277175,-0.0158390165125329,-0.0265817052349723
9008,0.0396891135970388,-0.014952748497285,0.0115008298092747,-0.0828193613672653,212,202,212,160,-0.0561101358593338,0.039674534859205,-0.0144764838923214
9020,0.0496655243012424,0.0121354714769001,0.0712125200513931,-0.0562466839062926,232,215,232,220,-0.0295374583983611,0.0496509455634086,0.0126117360818637
9033,0.0475017876324344,-0.057950571120928,-0.0145565850885736,-0.186700689690024,247,239,247,231,-0.159991464182093,0.0474872088946006,-0.0574743065159644
9035,0.230593118625276,-0.0324947700584209,0.128814746943522,-0.089643305697553,95,93,95,87,-0.0629340801896215,0.230578539887442,-0.0320185054534573
9038,-0.0291946788660396,-0.0439138814180565,-0.0389013145937502,-0.0080978216962863,35,34,35,27,0.0186114038116452,-0.0292092576038734,-0.0434376168130929
9039,0.0853020405186244,-0.0810303934418469,0.0029189835911752,-0.361227089016459,81,77,81,69,-0.334517863508528,0.0852874617807906,-0.0805541288368833
9042,0.233991115525617,-0.0231025712084634,0.0150583016732523,0.197522312360183,247,240,247,235,0.224231537868115,0.233976536787783,-0.0226263066034998
9046,0.245297756874488,-0.0294580763357254,0.105597483519758,0.935970618423998,491,488,491,467,0.962679843931929,0.245283178136654,-0.0289818117307618
9051,0.325840182814915,0.0590513596039859,0.124314351432056,0.686900746918693,503,498,503,487,0.713609972426625,0.325825604077081,0.0595276242089495
9053,0.225919968519653,-0.0268636852365946,0.0544994196550919,0.285903657038047,280,271,280,269,0.312612882545978,0.225905389781819,-0.026387420631631
9054,0.291133009440104,0.0318018956646178,0.0984908123502931,0.329319671049817,81,77,81,78,0.356028896557749,0.29111843070227,0.0322781602695814
9058,-0.023137420467931,-0.0310180946756628,-0.0048174013556178,-0.195354096542614,605,587,605,383,-0.168644871034682,-0.0231519992057648,-0.0305418300706992
9060,-0.0425526432504378,0.0264345349823071,-0.0047107286594012,-0.138808843392888,260,245,260,149,-0.112099617884956,-0.0425672219882716,0.0269107995872707
9061,-0.015292086203416,-0.0229926842178711,-0.0045293731237997,-0.135855456254195,192,181,192,112,-0.109146230746264,-0.0153066649412498,-0.0225164196129075
9063,-0.0281795594855752,0.0982765912476813,-0.0431415489726979,-0.166213898945649,737,716,737,361,-0.139504673437717,-0.028194138223409,0.0987528558526449
9064,-0.0473899931163627,-0.125498216790794,-0.178539241932926,-0.152902070011796,399,350,399,226,-0.126192844503865,-0.0474045718541965,-0.12502195218583
9065,-0.0015338225721835,-0.0802191278851069,-0.0203735509041166,-0.0782045944966089,395,375,395,241,-0.0514953689886774,-0.00154840131001729,-0.0797428632801433
9069,0.011733711301785,0.0005908600574256,-0.0831114170693763,-0.145484616849002,69,61,69,44,-0.118775391341071,0.0117191325639512,0.00106712466238917
9071,0.181754869253612,0.0488416952603285,0.0208740833012818,0.52255791311492,430,418,430,406,0.549267138622852,0.181740290515778,0.0493179598652921
9072,-0.0020278591483615,-0.0529926331633199,-0.0567994041743282,-0.157298568536547,196,181,196,133,-0.130589343028616,-0.00204243788619529,-0.0525163685583563
9073,0.0287871791444315,-0.0143939756357838,-0.0103913535783389,0.268573947577873,384,358,384,336,0.295283173085805,0.0287726004065977,-0.0139177110308202
9074,0.0005420448496354,-0.0246679318837291,0.0149921234612765,-0.0710482813431643,817,771,817,684,-0.0443390558352328,0.000527466111801608,-0.0241916672787655
9075,-0.0260774081431944,-0.0118470291113064,-0.0419951520682004,-0.164578024197911,85,85,85,47,-0.13786879868998,-0.0260919868810282,-0.0113707645063428
9077,-0.0468119326748873,-0.105356948382741,-0.191252445714003,-0.295445842012806,270,254,270,91,-0.268736616504875,-0.0468265114127211,-0.104880683777777
9078,0.0165483248104786,-0.0327171206906233,-0.0622850638374216,0.193365314067561,251,245,251,214,0.220074539575493,0.0165337460726448,-0.0322408560856597
9082,-0.048757036577562,-0.0076445492001393,-0.0236530053903011,-0.234654314845025,333,311,333,224,-0.207945089337094,-0.0487716153153958,-0.00716828459517573
9086,-0.0214137909828799,-0.0026394030535503,-0.0174102180961123,,1,1,1,,,,
9087,0.0644856201702258,-0.0305361787961844,0.0233123447200514,-0.0768711766839036,208,198,208,160,-0.0501619511759721,0.064471041432392,-0.0300599141912208
9088,0.0592382855195895,-0.0401672932712146,-0.0036867810674256,-0.188959895076685,249,230,249,180,-0.162250669568754,0.0592237067817557,-0.039691028666251
9098,-0.0259347178676881,-0.038078590488706,-0.0901650233726528,0.154162555172187,13,11,13,1,0.180871780680119,-0.0259492966055219,-0.0376023258837424
9100,0.168966207775502,-0.0181407950261492,0.0088981455306454,0.581969926584809,489,473,489,446,0.608679152092741,0.168951629037668,-0.0176645304211856
9103,-0.0308469355883145,-0.0062947498034397,-0.0216649739738376,,1,1,1,,,,
9105,-0.0202498369179713,-0.0817009164909298,-0.138893284393991,-0.137835341417216,170,141,170,91,-0.111126115909285,-0.0202644156558051,-0.0812246518859662
9106,-0.0240606195525246,0.0196984958677242,-0.0249203042656751,-0.217999638343469,433,413,433,247,-0.191290412835538,-0.0240751982903584,0.0201747604726878
9107,0.0010206147897275,-0.0189633392506609,-0.0924757780322785,-0.0338466328156555,42,40,42,5,-0.00713740730772401,0.00100603605189371,-0.0184870746456973
9111,-0.0081339082832063,-0.064295082279034,-0.0702693762381127,0.0983585004128028,66,61,66,47,0.125067725920734,-0.00814848702104009,-0.0638188176740704
9117,0.0308891225715987,-0.0629761512604943,-0.0299223183746286,-0.0319420495658602,92,84,92,70,-0.0052328240579287,0.0308745438337649,-0.0624998866555307
9121,-0.0390674210169846,-0.0345361982525899,-0.0836583261904371,-0.110067424918846,18,17,18,2,-0.0833581994109145,-0.0390819997548184,-0.0340599336476263
9127,-0.0144290182498394,-0.0236612352939034,-0.0700586315136646,0.150986886371126,20,20,20,4,0.177696111879058,-0.0144435969876732,-0.0231849706889398
9135,-0.0467421148861491,0.0251605195783725,-0.0209506016076002,-0.0451165703701465,28,27,28,23,-0.018407344862215,-0.0467566936239829,0.0256367841833361
9140,-0.0038581653320567,-0.0459619339104068,-0.0391204565681417,-0.0526945077915283,149,144,149,118,-0.0259852822835968,-0.00387274406989049,-0.0454856693054432
9144,0.003755332253943,-0.0040493243907757,-0.0099251949868147,,1,1,1,,,,
9146,-0.0517224526698856,-0.0079952954673664,-0.043370527355317,,2,2,2,,,,
9147,0.0514055705406326,-0.0514051467472003,0.014117527477517,0.109363323786277,103,94,103,86,0.136072549294209,0.0513909918027988,-0.0509288821422367
9150,0.0027209706848127,-0.0166314878497195,-0.0375160288341991,-0.0501956837999027,173,169,173,136,-0.0234864582919712,0.00270639194697891,-0.0161552232447559
9151,0.024116574804885,-0.027869466705655,0.0331072055471649,-0.204092057960474,40,37,40,30,-0.177382832452543,0.0241019960670512,-0.0273932021006914
9158,0.0087181339328578,-0.0193950646928464,0.0144008819925153,-0.0688656932006024,319,294,319,268,-0.0421564676926709,0.00870355519502401,-0.0189188000878828
9159,-0.0752064305269254,-0.0839677536678844,-0.0666997248567499,-0.240716189088363,211,173,211,132,-0.214006963580432,-0.0752210092647592,-0.0834914890629209
9164,-0.0206497946024672,-0.0294555636964238,-0.0138727490856606,-0.16036608143232,474,446,474,329,-0.133656855924389,-0.020664373340301,-0.0289792990914602
9168,0.0029126092123565,-0.0052589181517209,0.0534055640556984,0.027715702535243,207,195,207,179,0.0544249280431745,0.00289803047452271,-0.00478265354675733
9171,0.0007061157016452,-0.0033985070481141,-0.0109952455091225,,1,1,1,,,,
9172,-0.0301480450977354,-0.0408880207066438,-0.126706716923205,-0.112300691659448,47,42,47,9,-0.0855914661515165,-0.0301626238355692,-0.0404117561016802
9177,-0.0620180698036773,-0.119833040011297,-0.0879055248872874,-0.243755415081842,151,139,151,85,-0.217046189573911,-0.0620326485415111,-0.119356775406333
9179,0.0932316929604819,-0.0625385571337106,0.0052202974956934,-0.160151541079044,189,175,189,175,-0.133442315571113,0.0932171142226481,-0.062062292528747
9182,-0.0461732321867274,-0.0095657670326198,-0.0518023643999052,-0.0744194243911151,167,153,167,74,-0.0477101988831836,-0.0461878109245612,-0.00908950242765623
9183,-0.0155852860981117,0.0109634281543706,0.0211658383121419,,1,1,1,,,,
9184,0.175947472163352,0.0216374583236311,0.0392854792329139,0.128195783489737,129,124,129,114,0.154905008997669,0.175932893425518,0.0221137229285947
9185,0.0531804910233497,-0.0300498424513519,0.0628212114250394,-0.0103494777197614,409,383,409,376,0.0163597477881701,0.0531659122855159,-0.0295735778463883
9189,0.0086558847860755,0.0005853263427415,-0.004308763173519,,2,2,2,,,,
9194,-0.028031549595613,0.0993850049690901,-0.0161276235388988,-0.106130259822476,327,309,327,212,-0.0794210343145445,-0.0280461283334468,0.0998612695740537
9200,0.0228871201186873,-0.0179579785607211,0.0094528516699858,0.016549445915918,118,111,118,98,0.0432586714238495,0.0228725413808535,-0.0174817139557575
9208,-0.0388418494137239,-0.0221179164596358,-0.0299354322988041,-0.221994514121848,140,131,140,94,-0.195285288613917,-0.0388564281515577,-0.0216416518546722
9209,0.0397884217559424,-0.0380898323595108,-0.0229097964131384,0.0318887857132924,184,171,184,143,0.0585980112212239,0.0397738430181086,-0.0376135677545472
9213,0.0123996741136458,-0.0108812878438369,-0.0523327269624877,-0.0969649131723361,90,79,90,52,-0.0702556876644046,0.012385095375812,-0.0104050232388733
9216,0.037071177348079,-0.0646085159307151,-0.0740129331824235,0.278892159262286,134,130,134,120,0.305601384770218,0.0370565986102452,-0.0641322513257515
9217,0.282627109775197,0.0659477876607102,0.106277253808965,0.614222172603705,127,125,127,119,0.640931398111637,0.282612531037363,0.0664240522656738
9221,0.0251390530910475,-0.13251228740277,-0.0429199716034555,-0.201965687406131,247,238,247,210,-0.1752564618982,0.0251244743532137,-0.132036022797806
9228,0.129536523029312,0.0306310263890393,0.0170985536576708,-0.304879991295024,39,38,39,30,-0.278170765787093,0.129521944291478,0.0311072909940029
9230,0.161340725808309,-0.0515998639245475,0.0168504897171096,-0.12261533987542,70,69,70,66,-0.0959061143674885,0.161326147070475,-0.0511235993195839
9237,0.237522546992607,0.0325136668821171,0.0306839933929404,1.20064121772552,288,286,288,264,1.22735044323345,0.237507968254773,0.0329899314870807
9239,0.266423148418103,-0.0447572654518772,0.0658024115680809,0.0293706297762693,103,97,103,93,0.0560798552842008,0.266408569680269,-0.0442810008469136
9244,0.0648856761826168,-0.0077429234352382,0.0981291940755487,-0.0050365809255258,170,164,170,158,0.0216726445824057,0.064871097444783,-0.00726665883027463
9246,0.175604381849463,0.0121002686004413,0.0533973534177081,0.489117082101863,259,253,259,248,0.515826307609795,0.175589803111629,0.0125765332054049
9249,0.275534924808297,0.0389890367434593,0.0610930777338256,0.593500875115176,190,187,190,188,0.620210100623108,0.275520346070463,0.0394653013484229
9250,0.312487774918905,0.0447363923028286,0.148477115817027,0.496617268129218,415,403,415,402,0.52332649363715,0.312473196181071,0.0452126569077922
9259,0.125318463686907,-0.0348759694014295,0.0374326581644651,0.315954763252052,348,336,348,320,0.342663988759984,0.125303884949073,-0.0343997047964659
9263,0.0618978162816355,2.46550053795e-05,-0.0197524898324399,0.143169806920539,47,44,47,38,0.169879032428471,0.0618832375438017,0.000500919610343072
9267,0.183730571843651,-0.0730019895784879,-0.0353928944087957,-0.0650246599294726,401,387,401,369,-0.0383154344215411,0.183715993105817,-0.0725257249735243
9270,0.0909127744083072,0.0206082416935248,0.0797336522278591,-0.107908475002264,39,37,39,33,-0.0811992494943325,0.0908981956704734,0.0210845062984884
9271,0.288779403970534,0.0181239597919242,0.157951552973363,0.500857267522672,192,189,192,186,0.527566493030604,0.2887648252327,0.0186002243968878
9276,0.16580717956305,0.0332287447902147,0.065617490782933,0.210532987537143,175,168,175,169,0.237242213045075,0.165792600825216,0.0337050093951783
9277,0.108743908021645,0.0276700868377339,0.0893579524845312,0.14813005778038,207,195,207,193,0.174839283288311,0.108729329283811,0.0281463514426975
9278,0.168875458256415,0.0267867541086951,0.133170756334433,-0.0106369392571569,174,168,174,167,0.0160722862507746,0.168860879518581,0.0272630187136587
9281,0.003239603274544,-0.0471510278321807,-0.0068262504404191,-0.136286843395007,253,237,253,173,-0.109577617887076,0.00322502453671021,-0.0466747632272171
9283,-0.0331454048453054,-0.0070749978594477,-0.0144019741884198,-0.089967746257639,123,113,123,83,-0.0632585207497075,-0.0331599835831392,-0.00659873325448413
9285,-0.0227439746311856,-0.0086943817160664,-0.0334198887161355,-0.405542288941749,63,58,63,43,-0.378833063433818,-0.0227585533690194,-0.00821811711110283
9288,0.0106528420225096,-0.0022178709161553,0.0021902332941858,-0.178193933525048,119,107,119,78,-0.151484708017116,0.0106382632846758,-0.00174160631119173
9292,-0.0030980764950256,-0.0589621210340711,-0.0280178111248794,-0.127012143211173,173,163,173,106,-0.100302917703241,-0.00311265523285939,-0.0584858564291075
9293,-0.0032253517988156,0.0242612195765668,-0.023609005869788,-0.0742575873197619,58,53,58,33,-0.0475483618118304,-0.00323993053664939,0.0247374841815304
9294,-0.0006942923119455,-0.0535004393592306,-0.0965467467934891,-0.0027900677401512,55,53,55,28,0.0239191577677803,-0.000708871049779292,-0.053024174754267
9298,0.0121876938186294,-0.0239711912764199,-0.0919112876868035,-0.0196859908165066,170,157,170,87,0.0070232346914249,0.0121731150807956,-0.0234949266714563
9312,0.0078700417153228,-0.0159052191648472,0.0138914924782365,0.0201315997300191,474,447,474,387,0.0468408252379506,0.00785546297748901,-0.0154289545598836
9317,0.055937624106309,-0.0262130147210272,0.0180779032975205,0.0971548894948074,325,317,325,309,0.123864115002739,0.0559230453684752,-0.0257367501160636
9318,0.0264857042141531,-0.0367202060148424,0.0143953493127069,0.268688136837091,99,93,99,85,0.295397362345022,0.0264711254763193,-0.0362439414098788
9324,0.0401625876976281,0.003490835945551,0.0572946665191466,0.113205285083545,76,68,76,62,0.139914510591477,0.0401480089597943,0.00396710055051457
9328,-0.0491047116412326,-0.0722769300336362,-0.117642889108701,-0.0987180926004673,420,405,420,244,-0.0720088670925358,-0.0491192903790664,-0.0718006654286726
9331,0.129357797321285,-0.0161851526869143,0.0058739520455312,-0.0132670702504141,9,9,9,7,0.0134421552575174,0.129343218583451,-0.0157088880819507
9332,-0.0222475368116187,-0.0469226310905253,-0.0489963877746474,-0.227940812842221,172,163,172,113,-0.20123158733429,-0.0222621155494525,-0.0464463664855617
9334,0.0015884112440011,-0.0002550337808015,0.0075197764949565,,1,1,1,,,,
9339,0.0082486001387941,-0.0078050515389202,-0.0339632059535944,-0.0206793390679115,42,41,42,16,0.00602988644001999,0.00823402140096031,-0.00732878693395663
9340,0.0752936526031519,-0.010538798729362,0.0898796289844111,-0.0284895385857395,612,582,612,560,-0.00178031307780801,0.0752790738653181,-0.0100625341243984
9347,-0.0186148732987146,-0.0544618549566978,-0.0267310435169182,-0.0854065744835019,677,641,677,537,-0.0586973489755704,-0.0186294520365484,-0.0539855903517342
9356,-0.0039158478341686,-0.0619242626966315,-0.0504592771170542,-0.187360853760636,486,458,486,436,-0.160651628252705,-0.00393042657200239,-0.0614479980916679
9362,-0.0189731916310197,-0.043161367231807,-0.0383393338456313,-0.0199095138360491,255,244,255,223,0.00679971167188239,-0.0189877703688535,-0.0426851026268434
9369,-0.0174644152388298,-0.0292842235586289,-0.0459846713427565,-0.0260215998582442,269,258,269,226,0.000687625649687294,-0.0174789939766636,-0.0288079589536653
9373,0.0232580419452639,0.0191437675772639,0.0246469112709527,-0.0739874068139981,222,204,222,200,-0.0472781813060666,0.0232434632074301,0.0196200321822275
9375,-0.0414759724170804,-0.0518018823548808,-0.0953404436060291,-0.135745485513739,292,264,292,152,-0.109036260005808,-0.0414905511549142,-0.0513256177499172
9377,0.0142826230585089,0.134226443813557,0.0900265770790016,-0.050110938618669,386,369,386,215,-0.0234017131107375,0.0142680443206751,0.134702708418521
9385,-0.0056026801920096,0.0306586101009855,0.0154792952162339,-0.0120493767502923,266,248,266,219,0.0146598487576392,-0.00561725892984339,0.0311348747059491
9396,0.057626956912553,-0.0586082289876538,-0.0173350578450368,0.108935976430742,78,73,78,67,0.135645201938674,0.0576123781747192,-0.0581319643826902
9405,-0.016955000479613,-0.0364848257554933,-0.0234034987385327,-0.186040558419684,161,151,161,113,-0.159331332911753,-0.0169695792174468,-0.0360085611505297
9406,0.092958853621996,-0.0268230735049716,0.0480658459448609,-0.0376373277966555,367,344,367,324,-0.010928102288724,0.0929442748841622,-0.026346808900008
9407,-0.0305088710119169,-0.0723009075716634,-0.0936624103092497,-0.151079975538849,553,525,553,310,-0.124370750030918,-0.0305234497497507,-0.0718246429666998
9408,-0.0139462524031122,0.0472048643073472,-0.0235393570818345,-0.202206749446191,167,159,167,74,-0.175497523938259,-0.013960831140946,0.0476811289123108
9409,-0.0101819233487907,-0.0386531240254984,-0.0181345839085119,-0.178459970439683,503,483,503,330,-0.151750744931752,-0.0101965020866245,-0.0381768594205348
9410,0.009652943132614,-0.0940665609761647,-0.120026016379954,-0.192627206975992,78,73,78,35,-0.165917981468061,0.00963836439478021,-0.0935902963712011
9411,0.009004281968077,-0.0048772704851819,-0.0210939186927105,-0.131625377225862,106,104,106,51,-0.104916151717931,0.00898970323024321,-0.00440100588021833
9419,-0.022930720498534,-0.0203726741158674,-0.0626792611009734,-0.0046038482571386,31,28,31,13,0.0221053772507929,-0.0229452992363678,-0.0198964095109038
9422,-0.0269508507271749,-0.0046753259249217,-0.010233249640125,-0.205782636421279,6,5,6,3,-0.179073410913348,-0.0269654294650087,-0.00419906131995813
9431,0.0062774728592865,0.0177719058191253,0.0157288490609407,,1,1,1,,,,
9457,-0.0138126956625005,-0.0079038685413903,-0.0242949351930397,,1,1,1,,,,
9460,-0.0480250512826417,-0.05707701388858,-0.105836947283168,-0.222762500962851,50,48,50,17,-0.196053275454919,-0.0480396300204755,-0.0566007492836164
9461,0.007627246162551,0.0006258395574407,-0.0105671149247103,,3,3,3,,,,
9472,-0.0491033855509522,-0.0780408304049556,-0.120424487105964,-0.182687205195904,961,910,961,514,-0.155977979687973,-0.049117964288786,-0.077564565799992
9474,0.0176258233227495,-0.102635587365086,-0.0356245401084342,-0.153186080138401,300,278,300,210,-0.12647685463047,0.0176112445849157,-0.102159322760122
9484,0.0757278143828843,-0.0122085069564594,0.0611213198312247,-0.0978532024266451,261,243,261,245,-0.0711439769187136,0.0757132356450505,-0.0117322423514958
9486,-0.0008165826558345,-0.0204292516877769,-0.0106266669217216,-0.10527218004217,183,163,183,140,-0.0785629545342385,-0.000831161393668292,-0.0199529870828133
9487,-0.0559205017708068,0.163980403945154,-0.026580535932503,-0.216591437145337,148,146,148,66,-0.189882211637405,-0.0559350805086406,0.164456668550118
9489,-0.0391840463547015,-0.0825777539606964,-0.0330179837597936,-0.187697547217329,218,205,218,171,-0.160988321709398,-0.0391986250925353,-0.0821014893557328
9500,0.122476060768868,-0.0290838880251712,0.0139513289829097,-0.0222089209210541,91,89,91,83,0.00450030458687739,0.122461482031034,-0.0286076234202076
9502,-0.0362166841313483,0.0244985252533665,0.019278544792149,-0.181663972773159,139,131,139,115,-0.154954747265228,-0.0362312628691821,0.0249747898583301
9504,-0.0187997961250053,0.0143920826324729,0.0333219561575759,-0.133683908850462,587,556,587,487,-0.106974683342531,-0.0188143748628391,0.0148683472374365
9505,0.0383341292357643,-0.0602513184229377,0.0474147652113851,0.184607925510079,301,287,301,272,0.211317151018011,0.0383195504979305,-0.0597750538179741
9506,-0.0027147927538361,-0.0114112102632871,-0.0078760549935324,,4,4,4,,,,
9509,0.0595040543888247,-0.0114228228613926,-0.0155513133734355,-0.345738204214775,85,84,85,68,-0.319028978706844,0.0594894756509909,-0.010946558256429
9519,0.0858188707597722,-0.0079340456415555,0.0622409926972529,-0.0868169612756189,281,259,281,254,-0.0601077357676874,0.0858042920219384,-0.00745778103659193
9534,0.002306549668403,0.0080186673063673,0.0437924369847801,0.0752557397309231,364,345,364,330,0.101964965238855,0.00229197093056921,0.00849493191133087
9547,0.0070853006882341,-0.0018072043072382,-0.0090239794291893,,2,2,2,,,,
9553,0.0145137137028108,-0.0239774453277288,-0.0223548355792487,-0.265644197833177,121,112,121,106,-0.238934972325246,0.014499134964977,-0.0235011807227652
9564,0.150230804041004,-0.0013719886458082,0.0657627852478259,-0.0199250552980016,335,322,335,323,0.0067841702099299,0.15021622530317,-0.000895724040844628
9570,0.176448258750322,-0.0017554792300949,0.0029095767459497,-0.0238701291214498,342,332,342,323,0.0028390963864817,0.176433680012488,-0.00127921462513133
9579,0.0393481161731575,0.109760242707992,-0.0091514690618746,-0.155153492817468,480,467,480,260,-0.128444267309536,0.0393335374353237,0.110236507312956
9581,0.0013619624106599,-0.0815468402682378,-0.0998510743835071,-0.126685610491194,378,334,378,237,-0.0999763849832625,0.00134738367282611,-0.0810705756632742
9582,-0.0098943030125579,-0.030164932156362,-0.0825464744306118,-0.018445874892032,159,137,159,78,0.00826335061589949,-0.00990888175039169,-0.0296886675513984
9583,0.02423598402442,-0.0336568663515675,-0.0940073609527476,-0.133327553055516,398,378,398,173,-0.106618327547584,0.0242214052865862,-0.0331806017466039
9584,-0.0153873577064011,-0.0321639576216644,-0.0218603126804085,-0.186671474225569,272,264,272,156,-0.159962248717638,-0.0154019364442349,-0.0316876930167008
9585,-0.0256323133974453,-0.0288336133394884,-0.100872479279439,,12,12,12,,,,
9586,-0.0302346661056269,-0.0299565255180758,-0.103122311435503,0.0376120180171496,17,17,17,1,0.0643212435250811,-0.0302492448434607,-0.0294802609131122
9587,0.0510912202469453,-0.0678572464598319,-0.0649196645887265,-0.164850864394574,135,126,135,80,-0.138141638886643,0.0510766415091115,-0.0673809818548683
9599,-0.0057727408692037,0.0497586304958389,0.0366103578159854,-0.212996581725749,124,121,124,63,-0.186287356217818,-0.00578731960703749,0.0502348951008025
9601,-0.0336927037767324,-0.0245199914782291,-0.0955560309588511,-0.308981725986289,142,135,142,53,-0.282272500478358,-0.0337072825145662,-0.0240437268732655
9608,-0.0246891469258219,-0.0334359034449103,-0.102906473371521,-0.16934174233036,107,85,107,44,-0.142632516822429,-0.0247037256636557,-0.0329596388399467
9611,-0.0038837074893156,-0.0028874904804974,-0.0128531516025427,,1,1,1,,,,
9614,-0.0118771594538528,-0.0044599230168268,-0.0133054454721123,,1,1,1,,,,
9616,0.0187084808255005,0.0039916866119965,0.0030468835167213,,2,2,2,,,,
9617,-0.0101295544925965,-0.0167195778839185,-0.0670463317580495,,6,6,6,,,,
9631,-0.0178135786588616,-0.069636525456416,-0.179969864129304,-0.122241303511624,44,43,44,3,-0.0955320780036925,-0.0178281573966954,-0.0691602608514524
9634,-0.0280730149500838,-0.0224866016543812,-0.0914261178530646,-0.184650407834261,544,515,544,243,-0.15794118232633,-0.0280875936879176,-0.0220103370494176
9637,-0.0274509969072388,-0.0473488113102386,0.004319484290843,-0.112014199287252,485,470,485,421,-0.0853049737793205,-0.0274655756450726,-0.046872546705275
9638,0.047264087717305,0.0222945602367341,0.0400261791377077,-0.160513121181401,101,98,101,73,-0.133803895673469,0.0472495089794712,0.0227708248416977
9646,-0.0363663926066653,-0.0749437153748721,0.0057323791501584,0.182566517331799,456,426,456,345,0.209275742839731,-0.0363809713444991,-0.0744674507699085
9647,-0.0293229659877878,-0.0402866738907375,0.0455343071174476,-0.0958771391251527,359,341,359,318,-0.0691679136172212,-0.0293375447256216,-0.0398104092857739
9655,0.0291604053077071,0.013337455841709,-0.0197057536566797,0.043676915770391,298,280,298,267,0.0703861412783225,0.0291458265698733,0.0138137204466726
9656,0.050253905818313,-0.005681905677549,0.0373564843815943,0.031347478156255,374,357,374,328,0.0580567036641865,0.0502393270804792,-0.00520564107258543
9659,0.000620895095569,-0.0153360042189601,-0.0160911169706461,-0.10641756683341,348,325,348,243,-0.0797083413254785,0.000606316357735208,-0.0148597396139965
9660,0.010782437742202,-0.0386504779197693,0.0119481229030806,-0.126233007040771,384,365,384,309,-0.0995237815328395,0.0107678590043682,-0.0381742133148057
9665,-0.0373196003909767,-0.113554297952274,-0.0846924402807982,-0.195636743906681,295,282,295,169,-0.16892751839875,-0.0373341791288105,-0.11307803334731
9666,-0.025083144980392,0.0161972414248317,-0.0564655464157002,-0.0914613916026051,28,26,28,6,-0.0647521660946736,-0.0250977237182258,0.0166735060297953
9668,-0.0364511683664273,0.0324908219551655,0.0578291217617673,0.0132857449751463,26,25,26,14,0.0399949704830778,-0.0364657471042611,0.0329670865601291
9673,0.0455325984607033,-0.0105928788259073,0.0448498469357403,-0.0661584296754819,156,149,156,138,-0.0394492041675504,0.0455180197228695,-0.0101166142209437
9684,0.074115921414558,-0.0202629110155034,0.053225018075118,0.0269755785465597,249,237,249,216,0.0536848040544912,0.0741013426767242,-0.0197866464105398
9686,-0.028753791416871,-0.0980252995586369,-0.15631999737784,-0.182684706449894,266,225,266,107,-0.155975480941963,-0.0287683701547048,-0.0975490349536733
9687,-0.0060764163572077,-0.0840908624778871,-0.0914061582538564,-0.0894883854320555,183,174,183,98,-0.062779159924124,-0.00609099509504149,-0.0836145978729235
9688,0.0244107243872029,-0.096927254116287,-0.0597292639699817,-0.12753616465136,222,205,222,123,-0.100826939143429,0.0243961456493691,-0.0964509895113234
9690,0.0080207057578809,-0.0573828085359599,-0.14173263833901,-0.14925119074155,66,63,66,20,-0.122541965233619,0.00800612702004711,-0.0569065439309963
9693,-0.0136739053409027,0.0631693537225565,-0.0162774043010697,-0.144916677572204,707,682,707,401,-0.118207452064273,-0.0136884840787365,0.0636456183275201
9694,-0.0276464472701767,-0.0412765332683773,-0.0105990481398825,-0.188458936885626,224,217,224,89,-0.161749711377695,-0.0276610260080105,-0.0408002686634137
9695,-0.0142761776498024,0.0228706148743061,-0.0480512467736045,-0.145312290672618,47,46,47,21,-0.118603065164687,-0.0142907563876362,0.0233468794792697
9697,0.0842119140731073,0.0484465860041682,0.0272559128087481,-0.142221968636279,86,83,86,42,-0.115512743128348,0.0841973353352735,0.0489228506091318
9698,-0.0008585596269846,-0.0051151262219791,-0.0159870742243444,,1,1,1,,,,
9699,-0.0016243978047196,0.000637587763563,-0.006327466499828,,1,1,1,,,,
9701,0.0013864092179038,-0.045720892786646,-0.065166504137603,-0.187104527380647,60,59,60,31,-0.160395301872716,0.00137183048007001,-0.0452446281816824
9709,0.0101290497738897,-0.0004159705275495,0.0018990302557583,,1,1,1,,,,
9713,-0.0052355415152449,-0.0372252653647473,-0.0954116023552226,,17,17,17,,,,
9720,-0.0069317757117598,-0.0042751098864499,-0.0130179780743021,,1,1,1,,,,
9722,-0.0666924709399798,-0.0913480184836401,-0.155321378674499,-0.218249724501145,65,62,65,24,-0.191540498993213,-0.0667070496778136,-0.0908717538786765
9726,-0.0031545981500509,0.0043512939831519,-0.0487136278660788,-0.0332126259431646,82,80,82,26,-0.0065034004352331,-0.00316917688788469,0.00482755858811547
9738,-0.0057471555422737,-0.0049451653268022,-0.0129886292148872,,1,1,1,,,,
9747,-0.0075903603606354,-0.0401703963751292,-0.11414524618641,0.0199017734768191,50,50,50,4,0.0466109989847506,-0.00760493909846919,-0.0396941317701656
9754,-0.0317875068536442,-0.0954083386215964,-0.0607152928019031,-0.128039519634412,388,371,388,189,-0.101330294126481,-0.031802085591478,-0.0949320740166328
9757,0.0065391401907847,0.0170275826534337,0.0161622509637241,-0.0248743479900731,244,232,244,218,0.00183487751785839,0.00652456145295091,0.0175038472583973
9758,-0.0216687300796786,0.0172924749974771,0.0171915505737507,0.111549811897528,281,263,281,261,0.13825903740546,-0.0216833088175124,0.0177687396024407
9759,0.0318973803613872,-0.0249414870217121,0.0413213397502981,-0.197425308618943,303,284,303,278,-0.170716083111012,0.0318828016235534,-0.0244652224167485
9766,0.0708888067430521,0.0096033875410333,0.008641413016398,-0.147602247171508,156,145,156,144,-0.120893021663577,0.0708742280052183,0.0100796521459969
9767,0.0780095233344578,-0.0373373492693875,-0.0107156527361228,-0.0451573954759527,310,288,310,295,-0.0184481699680212,0.077994944596624,-0.0368610846644239
9768,0.066762229436469,0.0002443288482567,0.0399865474443579,-0.0620592486580954,418,404,418,390,-0.0353500231501639,0.0667476506986352,0.000720593453220272
9771,0.0288008641858614,-0.0316025950603349,0.0060750781336198,-0.0049450680286136,269,249,269,226,0.0217641574793179,0.0287862854480276,-0.0311263304553713
9779,-0.0126963294822261,-0.0414966963893824,-0.102386278199213,-0.0964102989982859,467,428,467,148,-0.0697010734903544,-0.0127109082200599,-0.0410204317844188
9780,-0.010401653027206,0.0135293698768783,0.0011915142529725,-0.168556321919981,124,118,124,78,-0.14184709641205,-0.0104162317650398,0.0140056344818419
9781,-0.0120490897049924,-0.0273374854185385,-0.0825842871545245,-0.120654787221603,942,874,942,385,-0.0939455617136715,-0.0120636684428262,-0.0268612208135749
9784,-0.0469346437083819,0.107038551466038,-0.0064263743650911,-0.153026974589333,131,128,131,26,-0.126317749081402,-0.0469492224462157,0.107514816071002
9796,-0.0026027127015927,-0.0367967670315299,-0.0101846668392394,-0.119776190712626,119,113,119,108,-0.0930669652046945,-0.00261729143942649,-0.0363205024265663
9797,0.0160476056580201,-0.0157391422452462,-0.0055635141960299,-0.0717466313879938,136,126,136,122,-0.0450374058800623,0.0160330269201863,-0.0152628776402826
9799,0.0171311764919464,-0.0492058763251382,0.0016730861070696,-0.165523228072266,480,451,480,396,-0.138814002564335,0.0171165977541126,-0.0487296117201746
9800,0.0572702303391316,0.0149122925648445,0.0580130755503121,0.134115762677666,293,276,293,268,0.160824988185598,0.0572556516012978,0.0153885571698081
9801,0.0199522921834879,0.0055760979833487,0.0179994791903301,-0.111136913491372,208,192,208,171,-0.0844276879834405,0.0199377134456541,0.00605236258831227
9810,0.0158222250610378,-0.0291595597463143,0.0375133760039591,-0.0552926650775174,197,184,197,141,-0.0285834395695859,0.015807646323204,-0.0286832951413507
9824,0.0286291271176959,-0.0098551385563727,0.0243426179122707,-0.138409634352336,257,229,257,211,-0.111700408844405,0.0286145483798621,-0.00937887395140913
9827,-0.0044680543132053,0.0462170988817483,0.0301929322534343,-0.225866124232408,567,539,567,453,-0.199156898724477,-0.00448263305103909,0.0466933634867119
9828,-0.0170434409359429,-0.0125809733530707,-0.0428373180991813,-0.0106024418258163,69,64,69,44,0.0161067836821152,-0.0170580196737767,-0.0121047087481071
9829,-0.0301353186422168,-0.0535145769563259,-0.0563604727967943,-0.129641829315048,513,483,513,312,-0.102932603807117,-0.0301498973800506,-0.0530383123513623
9834,-0.0111376993887094,-0.0498506786985855,-0.0748771467382273,-0.0963357583732335,517,486,517,258,-0.069626532865302,-0.0111522781265432,-0.0493744140936219
9844,0.005056291705729,-0.0636023107708984,-0.0079514883146333,-0.0274302221986611,186,169,186,138,-0.000720996690729604,0.00504171296789521,-0.0631260461659348
9845,0.0010250564136109,0.0008408062757164,-0.0161522946238382,-0.0018441160772405,247,240,247,209,0.024865109430691,0.00101047767577711,0.00131707088067997
9852,0.0136404402072472,0.0338716810723517,0.0467405160553923,-0.0483449533903341,407,389,407,360,-0.0216357278824026,0.0136258614694134,0.0343479456773153
9853,0.0171102841458459,-0.0255053203683777,0.0060051459294107,0.0329285154270604,116,108,116,67,0.0596377409349919,0.0170957054080121,-0.0250290557634141
9855,0.0853835307130168,0.0340313700086798,0.0934869900840441,0.238266562651173,65,61,65,62,0.264975788159105,0.085368951975183,0.0345076346136434
9860,-0.0301263355796967,0.15204997476396,0.0323361060445352,-0.152261979572589,611,594,611,375,-0.125552754064658,-0.0301409143175305,0.152526239368924
9861,0.0305075249819167,0.0172287875365813,-0.0446545894590509,-0.189939423830996,109,101,109,56,-0.163230198323065,0.0304929462440829,0.0177050521415449
9862,0.0053968703151838,-0.0036077912561008,-0.0296693001296036,-0.062434840857861,339,304,339,192,-0.0357256153499295,0.00538229157735001,-0.00313152665113723
9863,-0.0006241051842409,0.0150206948922586,-0.0200209349544562,-0.173307313824184,210,199,210,145,-0.146598088316253,-0.000638683922074692,0.0154969594972222
9864,0.0050322421687977,-0.0616769358004092,-0.016855108677584,-0.0371008332894089,204,196,204,119,-0.0103916077814774,0.00501766343096391,-0.0612006711954456
9865,0.0017382981802815,-0.0317536244187017,-0.0686207539630298,-0.0270989137712846,153,145,153,79,-0.000389688263353106,0.00172371944244771,-0.0312773598137381
9866,0.0070028321327137,0.0126910057342461,0.0795844416281418,-0.122000707681538,302,291,302,189,-0.0952914821736065,0.00698825339487991,0.0131672703392097
9867,-0.0296260508322013,-0.053305323077822,-0.136329158837628,-0.184411665066209,437,390,437,231,-0.157702439558278,-0.0296406295700351,-0.0528290584728584
9877,-0.0167981441153,-0.0537080251798483,-0.106544751152655,-0.0930412638507491,30,29,30,3,-0.0663320383428176,-0.0168127228531338,-0.0532317605748847
9879,-0.0038688726375458,-0.0047794820989748,-0.0147723712771352,,1,1,1,,,,
9887,-0.0151209438262108,0.0471562847158942,0.0053040771847483,-0.0540558952541066,79,72,79,39,-0.0273466697461751,-0.0151355225640446,0.0476325493208578
9889,-0.0115702497018953,-0.0398337002279727,-0.0485000750996242,-0.106994604174554,200,190,200,127,-0.0802853786666225,-0.0115848284397291,-0.0393574356230091
9896,0.0331610318408863,-0.0475108225827313,-0.0803615522372394,-0.0852690180160842,238,226,238,168,-0.0585597925081527,0.0331464531030525,-0.0470345579777677
9897,-0.0225038713906706,-0.0012293367828255,-0.0245299315920837,-0.0574526553566458,1032,973,1032,595,-0.0307434298487143,-0.0225184501285044,-0.000753072177861928
9900,-0.0228516500947151,-0.0533614852011361,-0.0589873815055928,-0.026142566187737,545,502,545,320,0.000566659320194497,-0.0228662288325489,-0.0528852205961725
9903,0.0272134051462572,-0.0229544254787092,0.0024551115333415,-0.0146565772353752,337,321,337,288,0.0120526482725563,0.0271988264084234,-0.0224781608737456
9905,0.17493640266735,-0.0047252037697523,0.0323343790374784,0.131020812913216,316,307,316,308,0.157730038421148,0.174921823929516,-0.00424893916478873
9906,-0.0175330816885502,-0.0579652563827099,-0.0431973831493575,-0.110749120192349,295,276,295,214,-0.0840398946844175,-0.017547660426384,-0.0574889917777463
9907,0.0658601610143751,-0.0376105921009422,0.0285489353645644,0.104218362705482,267,256,267,254,0.130927588213414,0.0658455822765413,-0.0371343274959786
9909,-0.0178503998222656,-0.0678933308275556,-0.066999367074084,-0.235392405974016,890,822,890,529,-0.208683180466085,-0.0178649785600994,-0.067417066222592
9910,-0.0063427662903074,-0.0591154826425968,-0.0562405982078475,-0.0269702114118768,92,85,92,82,-0.000260985903945306,-0.00635734502814119,-0.0586392180376332
9911,0.0005311396172618,-0.0035425525672709,0.0025362267603603,-0.0636700047091884,295,274,295,267,-0.0369607792012569,0.000516560879428008,-0.00306628796230733
9912,0.0035990478254366,0.0091391848801637,0.0007019579902179,-0.0948478401843016,154,150,154,138,-0.0681386146763701,0.00358446908760281,0.00961544948512727
9913,-0.0105471239048298,-0.0054833064062608,-0.0392775682274803,,7,7,7,,,,
9917,-0.07273925239384,-0.0690132715896525,-0.0899730263969679,-0.158479398879049,642,605,642,437,-0.131770173371118,-0.0727538311316738,-0.0685370069846889
9919,0.0296769492443353,0.0515993184490637,0.0100021072518748,-0.118343558304164,144,140,144,136,-0.0916343327962325,0.0296623705065015,0.0520755830540273
9924,0.0726518566903899,0.0198828092416566,-0.0144514858657721,0.0697660705885806,392,383,392,366,0.0964752960965121,0.0726372779525561,0.0203590738466202
9926,0.0053126196755991,-0.0369945882848716,-0.0090672958998445,-0.0042417538999751,117,110,117,108,0.0224674716079564,0.00529804093776531,-0.036518323679908
9930,-0.0062455582027463,-0.0177425880348375,0.0700476155796561,-0.117465337693938,119,110,119,97,-0.0907561121860065,-0.00626013694058009,-0.0172663234298739
9937,0.0713801012763761,-0.0035047939174182,0.0272724715867996,0.0202757578246793,246,238,246,232,0.0469849833326108,0.0713655225385423,-0.00302852931245463
9940,-0.002875275567819,-0.0572620383938079,-0.0522252077887974,-0.0831396843254651,318,303,318,283,-0.0564304588175336,-0.00288985430565279,-0.0567857737888443
9942,-0.0294053805829812,-0.0654869542432467,-0.0478108796958586,-0.0361057268891977,41,38,41,19,-0.00939650138126621,-0.029419959320815,-0.0650106896382831
9945,-0.0527367021270504,-0.0209782829662254,-0.0630285608295179,-0.168577938252844,94,87,94,45,-0.141868712744913,-0.0527512808648842,-0.0205020183612618
9947,0.032388517631305,0.0659768990780807,0.0047409895594639,-0.13898061640784,572,550,572,476,-0.112271390899909,0.0323739388934712,0.0664531636830443
9950,-0.0520240484568709,-0.0173153647313444,0.0399186098955382,-0.0244786698905165,142,138,142,127,0.002230555617415,-0.0520386271947047,-0.0168391001263808
9955,-0.01024179482433,-0.0130041689706371,0.001807860116808,-0.165956188174098,118,114,118,77,-0.139246962666167,-0.0102563735621638,-0.0125279043656735
9957,-0.0740919996330785,0.014009909429948,-0.179169695564889,-0.251904172292368,723,709,723,361,-0.225194946784437,-0.0741065783709123,0.0144861740349116
9959,0.0053219410603818,-0.0606054006892999,-0.008082702716356,-0.144869632317033,652,615,652,514,-0.118160406809102,0.00530736232254801,-0.0601291360843363
9960,0.0416386165421276,-0.0561239693777953,0.0352855224800862,0.0614095082733024,110,108,110,100,0.0881187337812339,0.0416240378042938,-0.0556477047728317
9967,0.181085737503412,-0.01860054825053,0.0342121601616388,0.323482715738443,203,197,203,199,0.350191941246375,0.181071158765578,-0.0181242836455664
9970,0.120857030855928,-0.0331357273272368,0.0488603728325882,-0.0616751644248766,52,48,52,49,-0.0349659389169451,0.120842452118094,-0.0326594627222732
9972,-0.0137830340353856,-0.0424275423230793,-0.003065111722291,-0.125495114986631,177,165,177,153,-0.0987858894786995,-0.0137976127732194,-0.0419512777181157
9973,0.0710370861644842,-0.0062280273483814,-0.0228762575077417,0.0591950843264034,127,123,127,120,0.0859043098343349,0.0710225074266504,-0.00575176274341783
9979,0.0125342340744268,-0.002815061710924,0.0081890163012146,-0.043419322103018,90,84,90,80,-0.0167100965950865,0.012519655336593,-0.00233879710596043
9981,-0.0358043418575356,0.126926741438696,-0.0482416161175959,-0.139756900423303,420,403,420,249,-0.113047674915372,-0.0358189205953694,0.12740300604366
9982,-0.0144634402990906,-0.0909288422243294,-0.0326612700852782,-0.207450370113713,652,624,652,360,-0.180741144605782,-0.0144780190369244,-0.0904525776193658
9985,-0.0283883517547767,-0.0828027160126719,-0.136021474030366,-0.0583607860311516,237,207,237,102,-0.0316515605232201,-0.0284029304926105,-0.0823264514077083
9986,0.022719718966118,-0.0512666170685,0.0021152816430507,-0.0412567377234879,144,136,144,74,-0.0145475122155564,0.0227051402282842,-0.0507903524635364
10023,0.050494285412435,0.0037176249774854,0.0332716355701523,-0.145710664460436,187,181,187,153,-0.119001438952505,0.0504797066746012,0.00419388958244897
10030,0.0696887425346992,0.0230322466893221,0.0456285172292209,0.0031343466488594,535,514,535,486,0.0298435721567909,0.0696741637968654,0.0235085112942857
10042,0.108110545152462,-0.0227720678364076,0.0189871017500433,0.124137079674279,339,322,339,320,0.150846305182211,0.108095966414628,-0.022295803231444
10044,-0.0536590409882189,0.082339839636908,-0.0166865175506085,-0.159000075389705,504,485,504,247,-0.132290849881774,-0.0536736197260527,0.0828161042418716
10052,-0.0326032390901863,-0.0787591586013062,-0.183877722478712,-0.128781355257318,263,254,263,48,-0.102072129749386,-0.0326178178280201,-0.0782828939963426
10058,0.0377788356006718,-0.0757688978204519,-0.0020100720438663,-0.17199126040862,148,142,148,113,-0.145282034900689,0.037764256862838,-0.0752926332154883
10069,0.0212622093868636,-0.0387907263038123,-0.0252539050519342,-0.0130737579735962,259,250,259,222,0.0136354675343353,0.0212476306490298,-0.0383144616988487
10073,-0.0043194129732491,0.0995032015619584,-0.0194059437654848,-0.188171759155447,547,526,547,350,-0.161462533647516,-0.00433399171108289,0.099979466166922
10075,0.0298105431855458,-0.0549673994542943,-0.0952312496922803,-0.21511556792311,187,184,187,79,-0.188406342415179,0.029795964447712,-0.0544911348493307
10076,0.0017046468361684,-0.0513550044967374,-0.0960571489648457,-0.126964616225886,368,339,368,182,-0.100255390717955,0.00169006809833461,-0.0508787398917738
10077,0.0081898588891946,-0.0369825763174797,-0.122695266966614,-0.236641764110137,244,237,244,71,-0.209932538602205,0.00817528015136081,-0.0365063117125161
10087,0.0009652282989589,-0.004303215056022,-0.0180570904920784,0.0272695212965748,2,2,2,1,0.0539787468045063,0.000950649561125108,-0.00382695045105843
10088,0.0119066718005257,0.0012203271237082,-0.0054187174883907,,1,1,1,,,,
10091,0.0278238464926201,-0.0267825022427692,-0.0363493698298258,-0.0496189849330175,130,123,130,60,-0.022909759425086,0.0278092677547863,-0.0263062376378056
10102,0.0064164971814556,-0.0014120733619494,-0.0035344294467526,,1,1,1,,,,
10106,0.0598054223984712,-0.0614540422923133,-0.0188921636597346,0.0227041258533022,136,128,136,96,0.0494133513612337,0.0597908436606374,-0.0609777776873497
10120,-0.0027232097277855,-0.0473146190814387,-0.149651098306416,0.197806927576539,78,76,78,5,0.224516153084471,-0.00273778846561929,-0.0468383544764751
10126,-0.0041484109144779,-0.0165934992952245,-0.0822095934444278,0.0346838493196177,80,75,80,32,0.0613930748275492,-0.00416298965231169,-0.0161172346902609
10128,0.005015261507445,-0.0306446700957249,-0.0755566270480426,0.198850150761969,52,52,52,9,0.225559376269901,0.00500068276961121,-0.0301684054907613
10130,0.0670710515142437,0.0301842109838547,0.0431711719929675,0.120085079203934,117,113,117,91,0.146794304711866,0.0670564727764099,0.0306604755888183
10140,-0.101748782571186,0.015000117212404,0.0058781584129052,-0.147372623517882,93,89,93,79,-0.120663398009951,-0.10176336130902,0.0154763818173676
10158,-0.010272780166442,0.0789184146834879,0.104686210994566,-0.0988566372776056,264,253,264,221,-0.0721474117696741,-0.0102873589042758,0.0793946792884515
10162,0.0130329915913985,-0.049890870154953,-0.025079115863315,0.0385585127509742,153,139,153,130,0.0652677382589057,0.0130184128535647,-0.0494146055499894
10164,0.0046796403180893,-0.0397436202965773,-0.0277088472055811,0.0505716294341911,145,132,145,127,0.0772808549421226,0.00466506158025551,-0.0392673556916137
10187,0.0346148993520442,-0.0041516648562342,-0.0037890333399658,0.0285340369578424,308,290,308,269,0.0552432624657739,0.0346003206142104,-0.00367540025127063
10193,-0.0246159013386591,-0.0452110093266273,-0.0463481290689716,0.0289941531309187,143,137,143,119,0.0557033786388502,-0.0246304800764929,-0.0447347447216637
10196,-0.0386005852919022,0.11505770682311,0.0035343136630141,-0.134716414978472,728,698,728,414,-0.108007189470541,-0.038615164029736,0.115533971428074
10199,-0.0426176422483856,-0.0065514116843674,-0.0380737910543982,-0.11027677201059,114,107,114,68,-0.0835675465026585,-0.0426322209862194,-0.00607514707940383
10201,-0.0085966490616107,-0.0307682461576124,-0.08993926729215,-0.121267629941458,26,26,26,3,-0.0945584044335265,-0.00861122779944449,-0.0302919815526488
10220,0.0276410593726422,0.0429217874240068,0.0746538596532347,0.139398008865119,222,203,222,188,0.166107234373051,0.0276264806348084,0.0433980520289704
10223,-0.0201364987951944,-0.0426509158091124,-0.0074871136991389,-0.130907984987946,523,481,523,413,-0.104198759480015,-0.0201510775330282,-0.0421746512041488
10224,0.0568211170217317,-0.0625294649699957,-0.0351309240033453,0.0594664425024713,278,261,278,254,0.0861756680104028,0.0568065382838979,-0.0620532003650321
10232,-0.0596001133053996,-0.0539773730499293,-0.0440484851225905,-0.209522790177005,283,267,283,223,-0.182813564669074,-0.0596146920432334,-0.0535011084449657
10239,0.0117726508084191,0.0013815572413582,-0.0039762830788342,,1,1,1,,,,
10240,-0.0156395627860088,-0.0216217586805306,-0.0586205719979079,-0.161390738512597,180,161,180,103,-0.134681513004665,-0.0156541415238426,-0.021145494075567
10246,0.020162629482508,-0.0828113353088298,-0.0241299681625433,-0.224515352555778,526,503,526,404,-0.197806127047847,0.0201480507446742,-0.0823350707038662
10248,-0.0330929873311242,-0.0331895508268387,-0.01701966895221,-0.21766065094993,424,401,424,209,-0.190951425441999,-0.033107566068958,-0.0327132862218751
10250,-0.0049303038824761,0.038433388317285,-0.0566148031790753,-0.157797288837831,176,164,176,88,-0.1310880633299,-0.00494488262030989,0.0389096529222486
10251,0.0118845083974022,0.006545070103229,-0.053258505016912,-0.0330612851986257,131,121,131,71,-0.00635205969069421,0.0118699296595684,0.00702133470819257
10252,0.0008343332816999,0.0311455252465598,0.0318245600773716,-0.0633895471940189,100,89,100,67,-0.0366803216860874,0.000819754543866108,0.0316217898515234
10253,-0.0092219934942643,-0.0811488530559405,-0.0410810209021923,-0.150795115197014,414,388,414,292,-0.124085889689083,-0.00923657223209809,-0.0806725884509769
10254,-0.0130278077669672,-0.0596666253448461,-0.0567527809202579,-0.208691492948402,124,120,124,41,-0.181982267440471,-0.013042386504801,-0.0591903607398825
10255,0.0218349343828586,-0.0405307457424493,-0.0500821211453337,-0.151913296215227,380,343,380,200,-0.125204070707296,0.0218203556450248,-0.0400544811374857
10259,-0.0480694947853173,-0.0271392835666332,-0.0545457341419847,-0.0229129613172246,116,106,116,68,0.0037962641907069,-0.0480840735231511,-0.0266630189616696
10263,0.0082817193013436,0.0027364015867093,0.0033580468302593,,1,1,1,,,,
10269,-0.0242318828610558,-0.0524096860625122,-0.0743885775727866,-0.162467684780703,101,93,101,59,-0.135758459272772,-0.0242464615988896,-0.0519334214575486
10272,0.0122279197303119,2.50603611284e-05,-0.0075407797855588,,1,1,1,,,,
10313,-0.0235633295570243,-0.0692527844645175,0.0287514751425715,0.0092550522132984,266,250,266,186,0.0359642777212299,-0.0235779082948581,-0.0687765198595539
10315,-0.0696722523070962,0.0126002250080719,-0.0176360071239817,-0.101254752999925,149,138,149,127,-0.0745455274919935,-0.06968683104493,0.0130764896130355
10320,-0.02066608637811,-0.0224944025427198,-0.0489305115824608,-0.101745752084616,279,264,279,198,-0.0750365265766845,-0.0206806651159438,-0.0220181379377562
10329,-0.0419759547607398,-0.039544816987296,-0.0763063820772231,-0.0634876418550854,114,103,114,69,-0.0367784163471539,-0.0419905334985736,-0.0390685523823324
10337,0.0578634388556632,-0.0235492300171333,0.0049845880297823,-0.0431831221548364,142,133,142,127,-0.0164738966469049,0.0578488601178294,-0.0230729654121697
10344,-0.0229471147323543,-0.0365592417354028,-0.0004218131385476,-0.0457273000316637,268,256,268,227,-0.0190180745237322,-0.0229616934701881,-0.0360829771304392
10350,0.0591215915931798,0.0260498718123253,0.0726401661124935,-0.0408178028840959,227,216,227,208,-0.0141085773761644,0.059107012855346,0.0265261364172889
10352,0.081619847998237,0.0163576343378241,0.0501147723216962,0.154308529095285,94,90,94,76,0.181017754603217,0.0816052692604032,0.0168338989427877
10355,-0.0266658302891147,-0.0278562431652043,-0.090794955767545,,18,17,18,,,,
10377,-0.0303971590709684,-0.0022370988548624,-0.0596336374823628,-0.027037936285475,70,66,70,39,-0.000328710777543505,-0.0304117378088022,-0.00176083424989883
10385,-0.0219388421327785,0.0495379496113857,0.0280932087635004,-0.014847247558748,137,130,137,116,0.0118619779491835,-0.0219534208706123,0.0500142142163493
10396,-0.0271686249424932,0.0416016421119222,-0.0212560007471545,-0.121904617295547,465,448,465,201,-0.0951953917876155,-0.027183203680327,0.0420779067168858
10397,-0.0347858223992465,0.102269356186402,-0.0470456562503494,-0.188500274184901,235,230,235,87,-0.16179104867697,-0.0348004011370803,0.102745620791366
10398,0.0043005421375186,-0.0009300882150772,-0.0024477880258589,-0.0756488709112435,1,1,1,1,-0.048939645403312,0.00428596339968481,-0.000453823610113628
10399,-0.0171275120374534,-0.0647729477496901,-0.0962993712881024,-0.221121067208716,818,765,818,314,-0.194411841700785,-0.0171420907752872,-0.0642966831447265
10400,0.0251961944213712,-0.0097814668744226,-0.0312781544147904,,6,6,6,,,,
10401,0.0624197039804523,0.019631889912019,0.087913923935988,0.0363360080261119,75,74,75,66,0.0630452335340434,0.0624051252426185,0.0201081545169826
10404,0.0123652951508752,0.0161761710145892,0.0250221942651277,0.0958590125221771,1,1,1,1,0.122568238030109,0.0123507164130414,0.0166524356195528
10405,-0.0296567232878884,-0.0411622328305876,-0.0431057419708292,-0.0793307974551087,335,326,335,159,-0.0526215719471772,-0.0296713020257222,-0.040685968225624
10408,-0.0077090784935746,0.0226522306819693,-0.0632527924378694,-0.251482827846495,272,267,272,114,-0.224773602338564,-0.00772365723140839,0.0231284952869329
10415,-0.0114893342473428,-0.0089647624741976,0.0525547691450584,-0.205604704993197,552,515,552,457,-0.178895479485266,-0.0115039129851766,-0.00848849786923403
10419,-0.0170911412612604,-0.0158103263693078,-0.0534843372187311,-0.14373441079905,747,712,747,423,-0.117025185291119,-0.0171057199990942,-0.0153340617643442
10420,0.0090196313101189,-0.0019005036049535,-0.0140600419206814,,2,2,2,,,,
10422,-0.0130817782659597,-0.0330145156155864,-0.0515493388031188,-0.103159046960212,16,16,16,4,-0.0764498214522805,-0.0130963570037935,-0.0325382510106228
10425,-0.005239987682746,-0.0048381952175293,-0.0158375493979435,,1,1,1,,,,
10432,0.0291003929220864,0.0225797106097546,0.0028413238651437,-0.262640320118478,292,278,292,168,-0.235931094610547,0.0290858141842526,0.0230559752147182
10433,-0.0001546362315801,0.0322569919437887,-0.0203987444228044,-0.101102260995757,137,130,137,84,-0.0743930354878255,-0.000169214969413892,0.0327332565487523
10450,0.0109237052068522,-0.0412581956806249,-0.0379623088993054,-0.10637673832168,426,389,426,303,-0.0796675128137485,0.0109091264690184,-0.0407819310756613
10452,-0.008043832714054,-0.0247837828266899,-0.0980752437203442,-0.134901417189128,161,154,161,97,-0.108192191681196,-0.00805841145188779,-0.0243075182217263
10453,-0.0377940400824853,0.0896683428867191,-0.0494802426395605,-0.167640672012695,430,422,430,204,-0.140931446504764,-0.0378086188203191,0.0901446074916827
10455,0.005283774563356,-0.0442877125520566,-0.0748623279523469,-0.191961107187527,143,132,143,78,-0.165251881679596,0.00526919582552221,-0.043811447947093
10456,-0.0504506797312925,-0.0258746662774882,-0.0609953695786025,-0.183667957902626,465,454,465,246,-0.156958732394695,-0.0504652584691263,-0.0253984016725246
10457,0.0087766202314407,-0.0452811577840624,-0.0522101547372969,-0.202279130872468,212,199,212,135,-0.175569905364537,0.00876204149360691,-0.0448048931790988
10460,-0.0313805058716574,-0.0449207175799776,-0.113904373705087,-0.104848850134728,22,21,22,1,-0.0781396246267965,-0.0313950846094912,-0.044444452975014
10470,-0.0399356219829193,-0.0260322242066032,-0.003483598936641,-0.140241602429289,450,432,450,298,-0.113532376921358,-0.0399502007207531,-0.0255559596016396
10479,-0.0312179108718154,-0.0754720319163228,-0.0984487058617392,-0.0090790181857365,149,140,149,137,0.017630207322195,-0.0312324896096492,-0.0749957673113592
10482,-0.0599250852082403,-0.0579744046794375,-0.131616697931627,-0.193101474950889,95,88,95,48,-0.166392249442958,-0.0599396639460741,-0.0574981400744739
10484,-0.029094480295601,-0.0369916414106238,-0.0299693216983611,-0.164592627651487,275,258,275,220,-0.137883402143556,-0.0291090590334348,-0.0365153768056602
10487,-0.0294215630644371,-0.0392037324792481,-0.0311165091032925,-0.133526978943153,1003,932,1003,877,-0.106817753435221,-0.0294361418022709,-0.0387274678742845
10489,0.01142516726663,-0.0137373267048341,0.048325095587704,-0.0528767218402715,274,259,274,236,-0.02616749633234,0.0114105885287962,-0.0132610620998705
10491,0.0648944845934842,0.0096259876303293,0.038970234213695,0.0008291584261711,172,166,172,157,0.0275383839341026,0.0648799058556504,0.0101022522352929
10492,0.0741512589508789,0.0150621052589364,0.0223670038173299,-0.0151244689127756,98,93,98,77,0.0115847565951559,0.0741366802130451,0.0155383698639
10493,-0.0345630995357248,-0.0293211607249499,-0.0506281412272349,-0.0838652768459083,344,324,344,279,-0.0571560513379768,-0.0345776782735586,-0.0288448961199863
10496,-0.0610063882710536,0.155252959352054,0.0038371208818225,-0.226484781459555,704,688,704,416,-0.199775555951623,-0.0610209670088874,0.155729223957018
10500,-0.0314719919917887,-0.0732351683160556,-0.0735355138925524,-0.22411105021745,289,262,289,173,-0.197401824709519,-0.0314865707296225,-0.072758903711092
10501,-0.0412732030015496,-0.0386472270188621,-0.115041689099477,-0.219022298035261,218,203,218,130,-0.192313072527329,-0.0412877817393834,-0.0381709624138985
10503,0.107409289674494,0.0460933361210357,0.14245671700089,0.204672941284224,266,252,266,248,0.231382166792156,0.10739471093666,0.0465696007259993
10505,0.0019245226981489,-0.0076729444688113,0.0103018772732964,-0.126495603153074,270,242,270,237,-0.0997863776451425,0.00190994396031511,-0.00719667986384773
10506,-0.0613595881082983,-0.0303802625375129,-0.0693379007406446,-0.232694517343627,207,196,207,161,-0.205985291835696,-0.0613741668461321,-0.0299039979325493
10507,-0.0067999748170588,-0.0202000096819,-0.101837410866077,-0.154337266182133,692,623,692,429,-0.127628040674202,-0.00681455355489259,-0.0197237450769364
10512,0.0243208560667256,0.0503163622232277,0.104190014007748,0.125026780579107,96,90,96,84,0.151736006087039,0.0243062773288918,0.0507926268281913
10513,-0.0370238858417674,0.0093961390502387,0.0369118153923193,-0.174664622153264,24,23,24,18,-0.147955396645333,-0.0370384645796012,0.00987240365520227
10515,-0.0387565025718095,-0.0324017296955271,-0.0204887517644019,-0.179907856732777,99,88,99,68,-0.153198631224846,-0.0387710813096433,-0.0319254650905635
10516,0.0070410083371684,-0.0437293914764901,-0.0542162604205204,-0.111363943345903,200,192,200,132,-0.0846547178379715,0.00702642959933461,-0.0432531268715265
10520,0.0217390657870905,0.0078035387431126,-0.0144157175461529,-0.194526419864701,163,154,163,117,-0.16781719435677,0.0217244870492567,0.00827980334807617
10526,-0.0355660975831665,-0.0243274875817079,-0.0809991529366971,-0.250923563325777,272,252,272,169,-0.224214337817845,-0.0355806763210003,-0.0238512229767443
10540,-0.0129568399135443,-0.0162579356753836,-0.0177779027126884,-0.133881797267009,148,137,148,137,-0.107172571759078,-0.0129714186513781,-0.01578167107042
10541,-0.0065475102893267,-0.0936788851779071,-0.0211983804520606,-0.188767350206255,989,952,989,519,-0.162058124698324,-0.00656208902716049,-0.0932026205729435
10542,-0.0160857281699638,-0.0427309090740046,-0.116256098879453,-0.113637231571422,181,179,181,74,-0.0869280060634905,-0.0161003069077976,-0.042254644469041
10543,-0.010246950738458,-0.0499317482904892,-0.0630690486597132,-0.0746992824681427,317,306,317,180,-0.0479900569602112,-0.0102615294762918,-0.0494554836855256
10544,-0.0238622061730179,-0.0847563360253903,-0.122480383085861,-0.131471994387154,654,594,654,368,-0.104762768879223,-0.0238767849108517,-0.0842800714204267
10545,-0.0279702410161145,0.0282762988470506,-0.0962455388306705,-0.13697657017325,342,335,342,133,-0.110267344665318,-0.0279848197539483,0.0287525634520142
10548,0.0020742192392098,-0.0009057832968896,-0.0110953736196072,,1,1,1,,,,
10551,-0.0034621065408974,-0.0227298344919137,-0.000672088689118,-0.148735555875129,120,118,120,61,-0.122026330367198,-0.00347668527873119,-0.0222535698869501
10555,-0.0332190806815014,-0.0377762800922784,-0.0920023960464508,,10,10,10,,,,
10556,0.0034007667396572,-0.0006364944061039,-0.0063286962008363,,1,1,1,,,,
10565,0.0024594212986517,-0.0040669313513136,-0.011083359617079,,1,1,1,,,,
10569,-0.0109373029439899,-0.0327704064023515,-0.110573034416641,,19,19,19,,,,
10572,-0.0002813634020703,-0.0173227997611737,-0.0767565880992107,0.0372953438042201,21,21,21,3,0.0640045693121516,-0.000295942139904092,-0.0168465351562101
10573,-0.0413131826963005,-0.038376125194158,-0.0881496085461545,-0.195501959528494,104,97,104,52,-0.168792734020563,-0.0413277614341343,-0.0378998605891944
10576,0.0096724549684868,0.0013798316313903,-0.0002757035204218,,2,2,2,,,,
10581,0.0003923905778252,-6.32589566911e-05,-0.0202223311066001,,10,10,10,,,,
10584,-0.0171071416276785,-0.0507617188076354,-0.104398584245059,-0.011400683363291,118,113,118,16,0.0153085421446405,-0.0171217203655123,-0.0502854542026718
10586,0.0051787176589756,0.0084758338870427,-0.0269716467123425,0.0020992275495163,11,11,11,1,0.0288084530574478,0.00516413892114181,0.00895209849200627
10588,0.0800000248480305,-0.0282611961164972,-0.0126353413300297,-0.173187676926322,92,87,92,62,-0.146478451418391,0.0799854461101967,-0.0277849315115336
10592,-0.0463268756627297,0.0152848816751872,-0.0166511154648212,-0.194723870870761,121,115,121,66,-0.16801464536283,-0.0463414544005635,0.0157611462801508
10594,0.0083993020122329,-0.0376568768003353,-0.0173583523620515,-0.0643294117627356,109,103,109,94,-0.0376201862548041,0.00838472327439911,-0.0371806121953717
10600,0.0428806213339918,0.016155696608777,0.0775190790684585,-0.231989023878971,330,309,330,302,-0.20527979837104,0.042866042596158,0.0166319612137406
10604,-0.0375666065925005,0.0378970655887133,0.0083900361901353,-0.083953184684015,126,113,126,75,-0.0572439591760835,-0.0375811853303343,0.0383733301936769
10606,0.0015434979228512,-0.0513356849118439,-0.0146002246403086,-0.207215770636131,109,102,109,99,-0.1805065451282,0.00152891918501741,-0.0508594203068803
10607,-0.0286688775888775,-0.006340125042236,-0.0032845886240099,-0.0322628910430086,117,109,117,62,-0.0055536655350771,-0.0286834563267113,-0.00586386043727243
10608,0.0127894976499111,-0.0353357677255427,0.00771388676175,0.0081435084878047,602,565,602,525,0.0348527339957362,0.0127749189120773,-0.0348595031205791
10610,0.0431822252178815,-0.0118908478352328,0.0403386443866549,-0.126011173141516,252,239,252,236,-0.0993019476335845,0.0431676464800477,-0.0114145832302692
10611,0.0773204934148588,0.0587576335650674,0.0423115824927331,0.212908600894392,294,283,294,282,0.239617826402324,0.077305914677025,0.059233898170031
10615,0.0986774376916074,-0.0049117465776918,-0.0133346494595999,0.209349733382051,62,59,62,60,0.236058958889983,0.0986628589537736,-0.00443548197272823
10618,0.0214137802344907,-0.0081931157025668,0.0322219308822821,-0.0051503207271969,721,687,721,640,0.0215589047807346,0.0213992014966569,-0.00771685109760323
10626,-0.0042099485086067,0.0029021500911843,0.0243526250109716,-0.102882815559778,113,110,113,85,-0.0761735900518465,-0.00422452724644049,0.00337841469614787
10628,0.020569301188187,-0.0124208386047633,-0.0161893092757246,-0.209917724398026,89,82,89,62,-0.183208498890095,0.0205547224503532,-0.0119445739997997
10632,-0.0302819476990783,-0.0546591588764957,-0.0240320328361825,-0.235696549880065,248,233,248,104,-0.208987324372134,-0.0302965264369121,-0.0541828942715321
10635,0.0446152658158459,-0.0169523222123266,-0.0052264902369175,-0.0965922634206965,292,281,292,276,-0.069883037912765,0.0446006870780121,-0.016476057607363
10638,0.0029322066094922,-0.0489252838541398,-0.0673392240011084,-0.20211101530445,789,743,789,508,-0.175401789796519,0.00291762787165841,-0.0484490192491762
10640,-0.0253441020024688,-0.0200488878485309,-0.0673658409369249,0.162428804912605,14,13,14,8,0.189138030420537,-0.0253586807403026,-0.0195726232435673
10641,-0.009546717217138,-0.0418557395325976,-0.0651214220806972,-0.263673464849349,169,151,169,109,-0.236964239341418,-0.00956129595497179,-0.041379474927634
10642,-0.0177914504846045,-0.0821441304305347,-0.0957344445737123,-0.353828954016018,223,190,223,138,-0.327119728508087,-0.0178060292224383,-0.0816678658255711
10645,-0.0012663458558831,-0.0010162676573973,-0.050732202224665,-0.246779193232005,113,100,113,73,-0.220069967724073,-0.00128092459371689,-0.000540003052433728
10652,0.0006392344505134,-0.0051355149365784,-0.0140535827850158,,1,1,1,,,,
10658,-0.0289948359027122,0.0126208298109916,0.0187252442684882,-0.226066284583892,1117,1028,1117,933,-0.19935705907596,-0.029009414640546,0.0130970944159552
10662,0.0267388858405505,0.0454391073620079,0.0364978785835861,0.196220061042755,111,103,111,103,0.222929286550687,0.0267243071027167,0.0459153719669715
10663,-0.0143249737645923,-0.0686634299413091,-0.036514006048722,-0.197986882156849,582,526,582,374,-0.171277656648918,-0.0143395525024261,-0.0681871653363455
10666,0.0266917954765672,0.0564407094819059,0.131688900756562,-0.124709275446946,269,254,269,207,-0.0980000499390145,0.0266772167387334,0.0569169740868695
10667,-0.0215697622343186,-0.0077665616075704,-0.004771414297119,-0.30555850371318,171,152,171,114,-0.278849278205249,-0.0215843409721524,-0.00729029700260683
10669,0.0252789124066956,0.0282349289686792,0.0740691973648734,-0.106620152469914,106,97,106,83,-0.0799109269619825,0.0252643336688618,0.0287111935736428
10683,-0.0185161062385353,-0.007398483537433,-0.0264267761997263,,1,1,1,,,,
10685,0.034889799601701,-0.0022120509008803,0.0890482335660587,0.0623918437038988,275,244,275,263,0.0891010692118303,0.0348752208638672,-0.00173578629591673
10686,-0.0153894993832202,-0.0126214828001373,-0.0441165790323922,-0.231522100979012,205,190,205,129,-0.20481287547108,-0.015404078121054,-0.0121452181951737
10688,-0.0184999927134719,-0.0081682032693689,-0.0363273786821261,0.342956585634725,11,11,11,2,0.369665811142656,-0.0185145714513057,-0.00769193866440533
10694,-0.0062444902136808,-0.0041659526190316,-0.0084683360082447,-0.002201684324955,1,1,1,1,0.0245075411829765,-0.00625906895151459,-0.00368968801406803
10696,0.0943118044979986,-0.0417080315713612,0.0301958072376022,-0.132129516486327,468,441,468,370,-0.105420290978396,0.0942972257601648,-0.0412317669663976
10697,0.0208329677319895,-0.0490384617767135,-0.0353418099807959,-0.201624439280472,809,749,809,526,-0.174915213772541,0.0208183889941557,-0.0485621971717499
10699,0.180200343528605,0.0343481342371787,0.159325093696726,0.033982318875111,167,158,167,153,0.0606915443830425,0.180185764790771,0.0348243988421423
10702,-0.0022755743700614,-0.0038669676023441,-0.0094428148117087,,1,1,1,,,,
10710,0.116943897173639,-0.0145515500793416,0.0562092559368031,0.0377648833365029,239,223,239,226,0.0644741088444344,0.116929318435805,-0.014075285474378
10711,-0.0302718085930926,-0.129904781649091,0.0604886292303937,-0.134838863229003,684,652,684,514,-0.108129637721071,-0.0302863873309264,-0.129428517044127
10713,-0.0118590030246789,-0.0031022232935536,0.0339803213047027,-0.0061631430029609,242,224,242,209,0.0205460825049706,-0.0118735817625127,-0.00262595868859003
10715,-0.0604270216509784,-0.0135357241996937,-0.0698525520542429,-0.0321659756898204,300,284,300,207,-0.00545675018188891,-0.0604416003888122,-0.0130594595947301
10717,-0.0286697658435897,-0.104232421778125,-0.149494154600112,-0.173806276770169,312,284,312,150,-0.147097051262238,-0.0286843445814235,-0.103756157173161
10719,0.203841969454086,0.062348564010755,0.134676578887797,0.0633000726154938,91,86,91,82,0.0900092981234253,0.203827390716252,0.0628248286157186
10721,-0.0212975769393041,-0.0909686819728258,-0.0291137322150462,-0.169120790214226,358,339,358,273,-0.142411564706294,-0.0213121556771379,-0.0904924173678622
10723,0.123835796315865,0.061262809570687,0.139733129526212,-0.0832522576394516,106,100,106,106,-0.0565430321315201,0.123821217578031,0.0617390741756506
10724,0.173897596370535,-0.0482440368517508,0.0660874829952035,0.318982451764712,220,212,220,205,0.345691677272644,0.173883017632701,-0.0477677722467872
10725,-0.0265208299846987,0.0033494309121343,0.0004465640624358,-0.207798863327467,337,329,337,187,-0.181089637819535,-0.0265354087225325,0.00382569551709787
10726,0.0707934948809182,-0.0602021606687796,0.0558972779911551,0.0333946092628229,224,211,224,205,0.0601038347707544,0.0707789161430844,-0.059725896063816
10727,0.0114112580995407,-0.028768996360404,-0.0438115482774794,-0.0711982215684398,120,117,120,57,-0.0444889960605083,0.0113966793617069,-0.0282927317554404
10734,-0.0557085184128946,-0.0136149766035361,-0.0266083898007914,-0.226266489652872,390,346,390,302,-0.19955726414494,-0.0557230971507284,-0.0131387119985725
10735,-0.0228964550317604,-0.0255928425118755,-0.109862899757492,-0.346006102303484,120,112,120,44,-0.319296876795553,-0.0229110337695942,-0.0251165779069119
10737,0.0005348064921058,0.0115498741128327,0.055265013868713,0.0635344103857864,54,49,54,35,0.0902436358937179,0.000520227754272008,0.0120261387177963
10746,0.0096994329368515,-0.0607887657632777,-0.0887739082464495,-0.0876582955416785,183,174,183,97,-0.060949070033747,0.00968485419901771,-0.0603125011583141
10749,-0.0275112875559188,0.0195746913385241,-0.0593931205372337,-0.155679628091909,274,265,274,165,-0.128970402583978,-0.0275258662937526,0.0200509559434877
10751,0.0004987174990759,-0.0745585543601084,-0.032747018021879,-0.170074877568622,145,141,145,65,-0.143365652060691,0.000484138761242108,-0.0740822897551448
10755,0.0024950628774408,-0.0014598835928703,-0.0067329308383464,,1,1,1,,,,
10757,-0.0362966891228887,-0.0444087414132237,-0.0315037193638852,-0.0809598450558422,209,196,209,161,-0.0542506195479107,-0.0363112678607225,-0.0439324768082601
10772,-0.0493979837741473,0.0077314441494213,0.0436042316072729,-0.176714795183825,296,273,296,269,-0.150005569675894,-0.0494125625119811,0.00820770875438487
10773,-0.0464361442236312,-0.0579195360443766,-0.0626074178615188,-0.168879396061183,616,591,616,422,-0.142170170553251,-0.046450722961465,-0.057443271439413
10777,0.105700829626309,0.0232620768074398,0.0705374331614737,0.281300371114047,65,63,65,61,0.308009596621978,0.105686250888475,0.0237383414124034
10780,0.0028819832144964,-0.0241207692295545,-0.0297502350795076,-0.139267689227951,957,904,957,630,-0.11255846372002,0.00286740447666261,-0.0236445046245909
10781,-0.0199614270426975,0.0053659896493505,-0.0983163668436062,-0.217004086361791,402,388,402,176,-0.19029486085386,-0.0199760057805313,0.00584225425431407
10783,0.0439362513947167,-0.0240200908577683,-0.006839721559361,-0.0400869810528492,136,131,136,84,-0.0133777555449177,0.0439216726568829,-0.0235438262528047
10791,-0.0437517609723327,-0.0025697887588525,-0.0980047416284413,-0.103905576512452,14,12,14,3,-0.0771963510045205,-0.0437663397101665,-0.00209352415388893
10792,-0.0027778894702749,-0.0031440091058896,-0.0318147943877247,-0.139368200909207,200,194,200,125,-0.112658975401276,-0.00279246820810869,-0.00266774450092603
10828,-0.0032583953357513,-0.0068364064319389,0.0126436190026015,-0.0527023433672755,319,300,319,295,-0.025993117859344,-0.00327297407358509,-0.00636014182697533
10829,-0.0300217277008731,-0.0118396878248183,-0.0527618350789314,-0.150447027651557,160,138,160,102,-0.123737802143626,-0.0300363064387069,-0.0113634232198547
10830,-0.0374981672022827,-0.106030969087019,-0.132583224381314,-0.146726148924281,379,363,379,274,-0.12001692341635,-0.0375127459401165,-0.105554704482055
10831,0.0328989829749022,-0.0319113446774793,-0.0188496938915547,-0.0979546088890651,434,411,434,395,-0.0712453833811336,0.0328844042370684,-0.0314350800725157
10832,-0.0441903747607227,-0.0592371587554065,-0.0056522963626691,-0.107043735409822,1284,1198,1284,1011,-0.0803345099018905,-0.0442049534985565,-0.0587608941504429
10833,-0.0348720487870506,0.0083235747378939,-0.0012930554191624,-0.183930366826082,279,257,279,187,-0.15722114131815,-0.0348866275248844,0.00879983934285747
10834,0.210154858116961,0.0387302235529185,0.0951641268718553,0.313047828953972,145,133,145,139,0.339757054461903,0.210140279379127,0.0392064881578821
10845,0.0353276247394514,0.0386289423983332,0.0140880223939416,-0.20789497582811,651,614,651,460,-0.181185750320179,0.0353130460016176,0.0391052070032968
10851,-0.0570404309646882,0.0212183122502475,0.029742074869323,-0.202392330894837,125,117,125,103,-0.175683105386905,-0.057055009702522,0.0216945768552111
10854,-0.0341203234808704,-0.0227153612575835,-0.0556013408033546,-0.191023416810422,234,221,234,148,-0.164314191302491,-0.0341349022187042,-0.0222390966526199
10865,-0.0047675257668946,-0.0036662950426713,-0.0056822980771538,,1,1,1,,,,
10873,-0.00087566088202,-0.0312728727447274,0.0223798144043268,-0.159198202951547,182,175,182,143,-0.132488977443616,-0.000890239619853792,-0.0307966081397638
10892,-0.0537696734549951,0.004787339455908,0.0270714173598731,-0.0787745943660185,750,716,750,674,-0.052065368858087,-0.0537842521928289,0.00526360406087157
10900,0.140251966080914,0.0069121443797425,0.0255245202074031,0.286614014031291,183,180,183,163,0.313323239539223,0.14023738734308,0.00738840898470607
10901,-0.0803235558896879,-0.0265298504833371,-0.006085812675413,-0.0230089724572543,97,95,97,83,0.0037002530506772,-0.0803381346275217,-0.0260535858783735
10905,-0.0048961058131283,-0.0040556556697578,-0.0113847366589084,,1,1,1,,,,
10906,-0.036457853849045,0.111174690603292,0.162643206805373,0.150509058660472,131,124,131,126,0.177218284168404,-0.0364724325868788,0.111650955208256
10911,-0.0552778247739855,0.0568865057400539,-0.0092246828367566,-0.165596796591556,422,407,422,272,-0.138887571083624,-0.0552924035118193,0.0573627703450175
10915,-0.0259266588269484,0.0230548088705388,0.0627980371720316,0.150937301013486,411,398,411,377,0.177646526521418,-0.0259412375647822,0.0235310734755024
10917,-0.0737494174679105,-0.0097436340432976,-0.0266346075843671,-0.0502622377879948,711,686,711,465,-0.0235530122800633,-0.0737639962057443,-0.00926736943833403
10962,0.164247098168014,-0.0136701471419122,0.0926354856067988,-0.0413244642165143,378,364,378,355,-0.0146152387085828,0.16423251943018,-0.0131938825369486
10967,0.0120876459739669,0.0397911548242064,0.0316692658387351,-0.159629129516029,414,373,414,223,-0.132919904008098,0.0120730672361331,0.04026741942917
10968,0.0377078322184316,0.0501832549613056,-0.0698843243980845,-0.154685162094515,469,454,469,155,-0.127975936586583,0.0376932534805978,0.0506595195662692
10970,-0.0258248296265046,-0.0243771199924945,0.0198050981029774,-0.219300898979313,681,638,681,277,-0.192591673471382,-0.0258394083643384,-0.0239008553875309
11034,0.139420426673621,0.0452307120608818,-0.0168393830989295,-0.238930426254109,301,287,301,90,-0.212221200746178,0.139405847935787,0.0457069766658454
11035,0.11652446885082,0.0410757233265344,0.0852987249364209,0.234985014074527,82,80,82,74,0.261694239582458,0.116509890112986,0.041551987931498
11038,0.130202790236135,0.0214905928093552,-0.0172477887752553,-0.116603784710591,232,220,232,120,-0.0898945592026595,0.130188211498301,0.0219668574143188
11103,0.0208821528632754,0.0556478129000119,0.0950456437956074,0.116101864876165,106,99,106,100,0.142811090384097,0.0208675741254416,0.0561240775049755
11105,-5.7434334924e-06,0.0773631279149244,0.140989612742649,0.0714962137192603,285,265,285,243,0.0982054392271918,-2.03221713261924e-05,0.077839392519888
11106,0.0431708366157919,0.0400141510400896,0.0911385215942817,0.253738025179572,425,419,425,404,0.280447250687504,0.0431562578779581,0.0404904156450532
11107,-0.0494595090819485,-0.0011157632687688,0.0189086636613682,-0.0201596024536553,114,109,114,101,0.0065496230542762,-0.0494740878197823,-0.000639498663805228
11110,-0.0549273511903383,-0.0251070783775084,-0.0442783159372488,-0.125157562768238,21,20,21,12,-0.0984483372603065,-0.0549419299281721,-0.0246308137725448
11111,-0.0031979309228806,0.0368303015595696,0.0337743978637929,-0.274901103146904,193,178,193,104,-0.248191877638973,-0.00321250966071439,0.0373065661645332
11130,-0.0487497928540011,0.0056803879602146,0.0388905621375983,-0.0654103659459393,130,123,130,122,-0.0387011404380078,-0.0487643715918349,0.00615665256517817
11133,-0.0445612928696609,0.01762803358758,0.0202088587383125,-0.139200879182004,94,87,94,71,-0.112491653674073,-0.0445758716074947,0.0181042981925436
11136,0.0194558303257817,0.0031970156218859,0.0063651803709375,0.12924898702727,1,1,1,1,0.155958212535202,0.0194412515879479,0.00367328022684947
11139,-0.0108933654001147,-0.0045829549520925,-0.0775947418049155,-0.17952590903565,320,304,320,124,-0.152816683527719,-0.0109079441379485,-0.00410669034712893
11144,-0.0074424226752629,-0.0442138426606154,-0.0432772018905215,0.0077608781680769,202,182,202,112,0.0344701036760084,-0.00745700141309669,-0.0437375780556518
11145,-0.11468459518453,0.0070764510649701,0.0152291698794777,-0.238572639467576,153,139,153,139,-0.211863413959645,-0.114699173922364,0.00755271566993367
11155,-0.010353974398874,0.0108137849412851,-0.0635335410214869,-0.221477051670011,400,384,400,124,-0.19476782616208,-0.0103685531367078,0.0112900495462487
11157,0.0361471261334243,-0.0254325974590788,0.0298800637863865,-0.269447051908689,113,101,113,101,-0.242737826400758,0.0361325473955905,-0.0249563328541152
11176,0.0589781715641095,0.0750362779258434,0.191449836396724,0.468390179324237,410,403,410,403,0.495099404832169,0.0589635928262757,0.075512542530807
11177,-0.0151731175013063,0.0339261600457109,0.040601719148802,-0.176497245738951,254,223,254,220,-0.14978802023102,-0.0151876962391401,0.0344024246506745
11199,-0.0373182216812958,0.0027477732418103,0.0044889285046608,-0.13770199682854,175,164,175,149,-0.110992771320609,-0.0373328004191296,0.00322403784677387
11201,-0.0055370505640762,-0.00533477185027,-0.0184551636064584,,1,1,1,,,,
11209,-0.0371451037043202,-0.0201159077139306,-0.0005243104949696,-0.129758255670058,110,104,110,92,-0.103049030162127,-0.037159682442154,-0.019639643108967
11217,-0.0480295657447691,-0.0128129232805745,-0.0412530375237614,-0.159537467555975,67,56,67,34,-0.132828242048044,-0.0480441444826029,-0.0123366586756109
11237,0.298631205342419,0.0166077143958783,0.0756084110494484,0.495868499387879,50,49,50,47,0.522577724895811,0.298616626604585,0.0170839790008419
11240,-0.0238782791487594,0.0059024615290608,0.0768029763093959,0.0842607700148561,126,119,126,123,0.110969995522788,-0.0238928578865932,0.00637872613402437
11241,-0.0235190744397797,-0.0091465433455584,-0.0653300459263488,-0.031719301548052,8,7,8,2,-0.0050100760401205,-0.0235336531776135,-0.00867027874059483
11246,-0.0243517862761973,-0.0123607952667924,-0.0771900534748826,-0.099813804364239,34,31,34,4,-0.0731045788563075,-0.0243663650140311,-0.0118845306618288
11248,-0.0796639287684475,0.0039075472277657,-0.0780348587726677,-0.0134347136966448,57,52,57,28,0.0132745118112867,-0.0796785075062813,0.00438381183272927
11256,-0.0784544744582077,-0.0103787226084807,0.0420985097878675,-0.0335764095473741,301,292,301,268,-0.0068671840394426,-0.0784690531960415,-0.00990245800351713
11265,-0.0501375851075628,-0.0420811244113979,-0.0948104338008547,-0.133455831415339,369,327,369,205,-0.106746605907408,-0.0501521638453966,-0.0416048598064343
11284,-0.0213947662841503,-0.0230123564609793,-0.113356037719071,0.0398438850061918,159,151,159,19,0.0665531105141233,-0.0214093450219841,-0.0225360918560157
11286,-0.0286752737135499,-0.0695768992532562,-0.209359542464335,0.0184371179829202,86,81,86,4,0.0451463434908517,-0.0286898524513837,-0.0691006346482926
11287,-0.0517612783046375,-0.0869401920556684,-0.120455269715971,-0.12800048168502,267,245,267,123,-0.101291256177089,-0.0517758570424713,-0.0864639274507048
11291,0.0088009136741841,-0.008832622299058,0.0060117708323637,0.241858924517094,167,163,167,160,0.268568150025026,0.00878633493635031,-0.00835635769409443
11336,-0.075536025241431,-0.0063258374981377,-0.0092204045107999,0.0259247698334073,146,137,146,132,0.0526339953413388,-0.0755506039792648,-0.00584957289317413
11337,-0.0204232095915123,-0.0233819529400619,-0.0822628074035596,-0.181713991623616,43,40,43,4,-0.155004766115685,-0.0204377883293461,-0.0229056883350983
11338,0.0046630620821074,-0.0020898776727821,-0.0039626499421548,,1,1,1,,,,
11344,-0.0255830123292304,-0.0236602563316692,-0.0892877563538697,-0.0768834899574606,106,92,106,25,-0.0501742644495291,-0.0255975910670642,-0.0231839917267056
11348,-0.0822370364376666,0.0156943036017719,0.0173555435858328,0.0130582025874745,206,191,206,181,0.039767428095406,-0.0822516151755004,0.0161705682067355
11397,-0.0768181090707566,-0.0278926259969059,0.0090760185173377,-0.0696703246439508,155,145,155,131,-0.0429610991360193,-0.0768326878085904,-0.0274163613919423
11400,-0.0306705206510205,-0.0593745180605221,-0.103142294618654,-0.0239236671408158,184,170,184,103,0.0027855583671157,-0.0306850993888543,-0.0588982534555585
11415,0.121911771861537,0.0125915324027039,0.0239139380506095,0.0770483543567397,1,1,1,1,0.103757579864671,0.121897193123703,0.0130677970076675
11417,-0.0362433593107575,-0.048175257089124,-0.138251418201188,-0.135379960876128,47,46,47,2,-0.108670735368197,-0.0362579380485913,-0.0476989924841604
11430,-0.0899593581167721,-0.0541485807901014,-0.0188674352711084,-0.0537995553134238,315,305,315,299,-0.0270903298054923,-0.0899739368546059,-0.0536723161851378
11465,-0.0120049776640186,-0.0042968281841822,-0.0016176211825478,-0.107407203128221,2,2,2,1,-0.0806979776202895,-0.0120195564018524,-0.00382056357921863
11498,-0.060083463683428,-0.0295704218218894,-0.0881716472361587,-0.0072472570221017,220,214,220,105,0.0194619684858298,-0.0600980424212618,-0.0290941572169258
11527,-0.0530983198095129,-0.0354663108672297,-0.0689317520271202,0.0454558557857704,142,115,142,87,0.0721650812937019,-0.0531128985473467,-0.0349900462622661
11591,-0.0473877452161634,0.0239313710117937,-0.031333900220602,-0.130523804904061,140,124,140,93,-0.10381457939613,-0.0474023239539972,0.0244076356167573
11594,0.0009553278049679,0.0010828378321844,-0.0045683529170319,,1,1,1,,,,
11608,-0.0610940938224121,0.0041108098263491,-0.0333560175583789,-0.147109095368203,466,437,466,233,-0.120399869860272,-0.0611086725602459,0.00458707443131267
11678,-0.100414108890519,0.0360984320940368,0.0616032201187702,-0.149065305495018,142,132,142,123,-0.122356079987087,-0.100428687628353,0.0365746966990004
11680,-0.0916922559647373,0.0122409099249032,0.0306389628652419,0.117231135088327,152,143,152,143,0.143940360596259,-0.0917068347025711,0.0127171745298668
11681,0.0055742680332384,0.0290951309689227,0.0837198755322518,0.201750164661101,235,221,235,218,0.228459390169033,0.00555968929540461,0.0295713955738863
11705,-0.0108062484860647,-0.0055423919839085,-0.018787012683405,,1,1,1,,,,
11706,-0.0524453391309246,-0.0383124374079993,-0.081983562321749,-0.0908939396934001,176,167,176,92,-0.0641847141854686,-0.0524599178687584,-0.0378361728030357
11709,0.065126902522793,0.049041750919139,0.0040837291921555,0.0377836415911316,86,83,86,65,0.0644928670990631,0.0651123237849592,0.0495180155241026
11712,-0.0998103445194915,0.002840943628101,-0.05479025542364,-0.0802795114656072,179,173,179,159,-0.0535702859576757,-0.0998249232573253,0.00331720823306457
11716,-0.0429441506551246,0.0407940288262909,0.0206920137334704,0.262096980597911,53,52,53,19,0.288806206105842,-0.0429587293929584,0.0412702934312545
11766,0.164851356070117,-0.154338903488846,-0.0982205058456897,-0.211950718329938,69,66,69,57,-0.185241492822007,0.164836777332283,-0.153862638883882
11776,0.361736674786734,0.02168204781051,0.151859781185144,0.556752897957105,278,276,278,270,0.583462123465037,0.3617220960489,0.0221583124154736
11793,-0.0112862997349117,-0.013169796360055,-0.0478884221140165,-0.0078507876787346,8,8,8,1,0.0188584378291969,-0.0113008784727455,-0.0126935317550914
11797,0.0059075653624149,0.0142356983787397,0.0146717702603684,0.14504975083977,1,1,1,1,0.171758976347702,0.00589298662458111,0.0147119629837033
11805,-0.0681888237871407,-0.0397850648448666,-0.0389506896623773,-0.192980988711281,112,104,112,63,-0.166271763203349,-0.0682034025249745,-0.039308800239903
11812,-0.0429432373991311,-0.0660120230231674,-0.0404211145662648,-0.0723245543444958,267,247,267,208,-0.0456153288365643,-0.0429578161369649,-0.0655357584182038
11814,-0.0054956973552094,-0.112615474207029,-0.24230713572799,-0.0600619965663683,57,57,57,5,-0.0333527710584368,-0.00551027609304319,-0.112139209602065
11818,-0.012821280516364,-0.0154324280351646,-0.0452576263064011,-0.186212384341398,184,175,184,72,-0.159503158833467,-0.0128358592541978,-0.014956163430201
11831,-0.0287808401308735,0.102085369125199,-0.0041860739893877,-0.167792485191824,528,512,528,269,-0.141083259683892,-0.0287954188687073,0.102561633730163
11843,-0.0162791323536593,0.0026871921180064,0.0465694211375729,-0.12450279931133,185,177,185,152,-0.0977935738033985,-0.0162937110914931,0.00316345672296997
11851,-0.0180100796924266,-0.0459805539616736,0.0336376291986748,-0.141590904212034,363,328,363,319,-0.114881678704102,-0.0180246584302604,-0.04550428935671
11853,0.0017848236427545,-0.000420678801992,-0.004321184069198,,1,1,1,,,,
11867,-0.0060600672126467,-0.0153058382637317,0.0126501181039265,-0.0890959090847816,97,94,97,75,-0.0623866835768501,-0.00607464595048049,-0.0148295736587681
11871,0.264889629745683,0.0151853201146661,0.0903946829453633,0.276048689996463,243,237,243,232,0.302757915504394,0.264875051007849,0.0156615847196297
11883,0.0089739930310791,-0.0277117652003616,-0.0517270448296617,-0.151682815804687,407,380,407,269,-0.124973590296756,0.00895941429324531,-0.027235500595398
11918,-0.0082502263115652,-0.0406929683463117,0.0351353298723362,0.0037014530518573,252,240,252,205,0.0304106785597888,-0.00826480504939899,-0.0402167037413481
11921,-0.0157808658532327,-0.0336187541859241,-0.101547090958378,0.0300650369369441,44,42,44,2,0.0567742624448756,-0.0157954445910665,-0.0331424895809605
11931,-0.0622169770236705,-0.0930220156909925,-0.170143645623572,-0.126464932227441,121,114,121,60,-0.0997557067195095,-0.0622315557615043,-0.0925457510860289
11936,-0.0442458944222851,-0.0255535536445469,-0.0631963106956766,-0.247295076851266,159,153,159,110,-0.220585851343334,-0.0442604731601189,-0.0250772890395833
11950,-0.0072516338721286,-0.0135108779028185,0.0280156231919907,-0.0630947318656069,307,288,307,259,-0.0363855063576754,-0.00726621260996239,-0.0130346132978549
11952,0.0015979657195163,0.0031354769417346,-0.0150106050936486,0.0228730422130441,5,5,5,1,0.0495822677209756,0.00158338698168251,0.00361174154669817
11962,0.301615008146527,0.0935649496204661,0.144953516399001,0.413695734820011,365,359,365,356,0.440404960327942,0.301600429408693,0.0940412142254297
11965,-0.0302855838014402,-0.023676002263396,0.0032987260751394,0.152938350140223,237,224,237,196,0.179647575648155,-0.030300162539274,-0.0231997376584324
11968,0.438924193919719,-0.006396080211681,0.161161595141075,0.797791708351571,467,462,467,457,0.824500933859503,0.438909615181885,-0.00591981560671743
11971,0.285341900902433,0.0381024975394486,0.110692767827638,0.126033428652714,169,167,169,163,0.152742654160646,0.285327322164599,0.0385787621444122
11977,-0.0121830548995113,0.0394677286040986,0.0808368193834659,-0.297474936186622,157,145,157,138,-0.270765710678691,-0.0121976336373451,0.0399439932090622
11993,0.0244099340869345,-0.0171495556100681,-0.0183134178935994,0.0196352826864722,101,97,101,81,0.0463445081944037,0.0243953553491007,-0.0166732910051045
11994,-0.0363292615466438,-0.051566079294426,-0.137938552454768,-0.106049756149308,157,151,157,74,-0.0793405306413765,-0.0363438402844776,-0.0510898146894624
12001,-0.0515192262052169,0.0174456646838823,0.0044023913000365,-0.0782571717326039,129,122,129,83,-0.0515479462246724,-0.0515338049430507,0.0179219292888459
12004,-0.0328762336533627,0.0660704267417484,-0.0468548009764166,-0.224622243221849,162,154,162,24,-0.197913017713918,-0.0328908123911965,0.066546691346712
12005,-0.0752015186206956,0.0575082928743132,-0.0679698079622177,-0.201429442450567,649,623,649,383,-0.174720216942635,-0.0752160973585294,0.0579845574792768
12006,-0.0199644586397232,-0.0664949753756151,-0.114947534016766,-0.0894189580162304,35,29,35,15,-0.0627097325082989,-0.019979037377557,-0.0660187107706515
12015,-0.0210175617574337,0.0761662085246446,0.0681447683756576,0.141722845300971,165,161,165,156,0.168432070808903,-0.0210321404952675,0.0766424731296082
12024,-0.0125983203357269,0.0221824434561267,0.0562108602274548,0.233114046255783,149,148,149,143,0.259823271763715,-0.0126128990735607,0.0226587080610903
12025,0.179517728383488,0.0076955949854871,0.0976863040568034,0.652989447539267,67,67,67,65,0.679698673047199,0.179503149645654,0.00817185959045067
12027,-0.0604569382511512,-0.0218984617934489,-0.0848047319308592,-0.112116304611284,296,280,296,146,-0.0854070791033525,-0.060471516988985,-0.0214221971884853
12031,-0.0538533439962425,-0.0276930703806065,0.0266132430608912,0.116002215419996,164,159,164,148,0.142711440927928,-0.0538679227340763,-0.0272168057756429
12032,-0.0717775274614029,-0.0353423765128564,-0.000802847139491,0.0865003267877347,128,124,128,126,0.113209552295666,-0.0717921061992367,-0.0348661119078928
12033,0.119393858747564,0.137638351292794,-0.0315689119152167,-0.199234820049411,655,633,655,257,-0.17252559454148,0.11937928000973,0.138114615897758
12036,0.0839040410728638,0.0602034524538314,0.0893423807444277,0.773029445424002,66,66,66,66,0.799738670931934,0.08388946233503,0.060679717058795
12037,-0.0887696346344797,0.0067139525205347,-0.0223786888996495,0.043860125244532,165,152,165,144,0.0705693507524635,-0.0887842133723135,0.00719021712549827
12042,-0.0258198167513294,-0.0232063267342387,-0.062247653171419,,6,6,6,,,,
12046,-0.0842266793811265,-0.0170019488374682,0.0360149287522661,0.14596333135204,117,112,117,113,0.172672556859972,-0.0842412581189603,-0.0165256842325046
12050,-0.0459803281293055,-0.0676876905608346,-0.080424512039013,-0.115380823899566,245,229,245,112,-0.0886715983916345,-0.0459949068671393,-0.067211425955871
12059,-0.0147037511480528,-0.0428645873187894,-0.0734858781294319,-0.134131136793672,74,66,74,32,-0.107421911285741,-0.0147183298858866,-0.0423883227138258
12062,-0.0026406784105444,0.133111966848347,0.002739271513108,-0.0819069223681528,815,787,815,570,-0.0551976968602213,-0.00265525714837819,0.133588231453311
12063,-0.008073423843602,0.100323226701679,0.194098053548496,0.550997767454243,166,161,166,160,0.577706992962175,-0.00808800258143579,0.100799491306643
12077,-0.0396232023141432,-0.0448023872885073,-0.0669895292380673,-0.0096719654379286,272,254,272,234,0.0170372600700029,-0.039637781051977,-0.0443261226835437
12085,0.0469838486686066,0.0111153895469071,0.0180835787749958,0.13174974152914,111,109,111,98,0.158458967037072,0.0469692699307728,0.0115916541518707
12086,0.142826078259471,0.0025031494566148,0.060793433241154,0.100428705255167,79,77,79,75,0.127137930763099,0.142811499521637,0.00297941406157837
12087,0.3440262502835,-0.0109023618647335,0.152231154813738,0.516546345075827,305,298,305,294,0.543255570583759,0.344011671545666,-0.0104260972597699
12090,0.0010353630578758,-0.0360728870963724,-0.0800593486757586,0.0840915195635261,45,45,45,32,0.110800745071458,0.00102078432004201,-0.0355966224914088
12094,0.250278201950445,0.0122571639283262,0.110631368200561,0.245989998725607,219,211,219,206,0.272699224233538,0.250263623212611,0.0127334285332898
12111,-0.0033084033401661,-0.0395612343450167,0.0256486904204282,-0.144701832043386,203,192,203,137,-0.117992606535455,-0.00332298207799989,-0.0390849697400531
12115,-0.0358950295329583,-0.048275730853783,-0.093772263419666,-0.130060149694619,244,236,244,88,-0.103350924186688,-0.0359096082707921,-0.0477994662488194
12117,-0.0081415460929836,0.0007972598832537,-0.0554876474192634,-0.133744712966794,385,372,385,185,-0.107035487458863,-0.00815612483081739,0.00127352448821727
12126,-0.0098029006063032,-0.0054270622223066,-0.015577571872098,,1,1,1,,,,
12133,0.218863634775548,0.0230031681963107,0.0470941055745242,0.772810820611177,82,82,82,78,0.799520046119109,0.218849056037714,0.0234794328012743
12146,-0.0041579684735861,-0.0505826137581857,-0.122050373499634,-0.218302210749336,54,53,54,6,-0.191592985241405,-0.00417254721141989,-0.0501063491532221
12151,-0.0190345010992245,0.0204861154066321,0.0160988584074545,-0.166587936871194,914,871,914,608,-0.139878711363262,-0.0190490798370583,0.0209623800115957
12177,0.0283320523133748,0.0192394684259549,0.0583764470455783,-0.113506245653362,326,307,326,296,-0.0867970201454305,0.028317473575541,0.0197157330309185
12182,0.0212302181638804,0.0220942457530522,0.0112196946466945,0.0206154608763556,8,8,8,1,0.0473246863842871,0.0212156394260466,0.0225705103580158
12183,-0.110089833405897,0.0096346950175536,0.054574372072392,0.20714471117257,119,115,119,112,0.233853936680502,-0.110104412143731,0.0101109596225172
12185,-0.0601197432360969,0.0116288586982343,-0.0799547196249027,-0.0406586408030227,61,61,61,36,-0.0139494152950912,-0.0601343219739307,0.0121051233031979
12192,-0.0531379711414169,-0.0921649893371911,-0.20390497951829,-0.028493221517824,471,429,471,99,-0.00178399600989251,-0.0531525498792507,-0.0916887247322275
12217,-0.0483132948669173,-0.0440130223163818,-0.0331314746437231,-0.176174662212409,725,695,725,369,-0.149465436704477,-0.0483278736047511,-0.0435367577114182
12225,0.0122360969544132,-0.0475505569701889,-0.0664385227737829,-0.139242480198109,238,215,238,184,-0.112533254690178,0.0122215182165794,-0.0470742923652253
12241,0.12907596517884,-0.0534977840919828,0.0059118930233066,0.0355616532734483,120,112,120,93,0.0622708787813798,0.129061386441006,-0.0530215194870192
12242,-0.0115532887892614,-0.0305505247469904,-0.0542373506807157,-0.146516555592197,242,233,242,90,-0.119807330084266,-0.0115678675270952,-0.0300742601420268
12244,-0.0295201551277053,-0.0047246092907282,-0.0069631308900583,-0.0267357910350887,458,420,458,377,-2.6565527157206e-05,-0.0295347338655391,-0.00424834468576463
12251,0.007861881619555,0.0023342018449527,0.0034233069285624,,1,1,1,,,,
12258,-0.0255358040881029,0.0064475140879887,0.0119377748138617,-0.111590822617013,2,2,2,1,-0.0848815971090815,-0.0255503828259367,0.00692377869295227
12260,0.0950544516980101,0.0545752147449946,0.0634835190592892,0.172205199732771,53,50,53,48,0.198914425240703,0.0950398729601763,0.0550514793499582
12265,0.309668660074733,0.0317092399979316,0.0864684611049839,0.605260506450592,151,147,151,142,0.631969731958524,0.309654081336899,0.0321855046028952
12266,0.10821209626523,-0.0611348322221418,-0.0171841649383349,-0.0730684481602858,32,32,32,24,-0.0463592226523543,0.108197517527396,-0.0606585676171782
12294,-0.0268539831786798,0.0056190150729814,0.0324729628024912,-0.296561681878644,42,38,42,24,-0.269852456370713,-0.0268685619165136,0.00609527967794497
12295,0.0894957967897882,0.116879671602966,0.174646939796913,0.18999268454873,159,151,159,148,0.216701910056662,0.0894812180519544,0.11735593620793
12301,-0.0287236684161692,0.0343949263454647,0.0597863395198109,-0.0620216402593894,85,79,85,79,-0.0353124147514579,-0.028738247154003,0.0348711909504283
12305,-0.0377510644991729,0.0026425261203553,0.0166141752422114,-0.139856662944174,246,225,246,197,-0.113147437436243,-0.0377656432370067,0.00311879072531887
12309,-0.0550943348286686,0.0004485154886846,0.0015428621739093,-0.185068585892084,153,143,153,126,-0.158359360384152,-0.0551089135665024,0.000924780093648172
12312,0.0068144209385186,-0.0178466329418037,-0.0319939927736291,-0.109637623399644,90,84,90,54,-0.0829283978917125,0.00679984220068481,-0.0173703683368401
12332,0.0296496867105283,-0.0101855866327539,-0.0306756358670756,-0.187114006867592,198,174,198,127,-0.160404781359661,0.0296351079726945,-0.00970932202779033
12336,0.0550895223989762,0.130299672616024,0.0588715693532502,-0.19369926120065,416,397,416,330,-0.166990035692719,0.0550749436611424,0.130775937220988
12368,-0.0748531949820442,-0.0653641695749146,-0.0780131278819521,-0.140126740269551,205,191,205,159,-0.11341751476162,-0.074867773719878,-0.064887904969951
12502,-0.072032648764666,-0.0046776120008855,-0.0110450830138453,-0.0153553952476913,105,99,105,90,0.0113538302602402,-0.0720472275024998,-0.00420134739592193
12504,-0.0796317719000986,0.0234112940576065,0.0307038740181995,-0.212484615576336,96,92,96,67,-0.185775390068405,-0.0796463506379324,0.0238875586625701
12505,-0.0011319787363197,-0.0164686745520307,-0.0663330136748196,,11,11,11,,,,
12509,-0.0271573773845906,0.0503090892457302,0.0497405059167558,0.0071352664463244,238,221,238,207,0.0338444919542559,-0.0271719561224244,0.0507853538506938
12515,-0.0193007094746763,0.0029709085750005,-0.0381534495280898,-0.152775422856916,101,94,101,74,-0.126066197348985,-0.0193152882125101,0.00344717317996407
12518,-0.0793968326576013,0.0425606972744143,0.087859038336928,-0.0835365842817207,285,277,285,218,-0.0568273587737892,-0.0794114113954351,0.0430369618793779
12534,-0.0771290425588291,-0.0033962700982969,-0.0708797390460243,-0.137499265520584,511,494,511,310,-0.110790040012653,-0.0771436212966629,-0.00292000549333333
12547,-0.0791492346977282,-0.0182639092637296,-0.0024614487464469,-0.137797171077199,551,518,551,458,-0.111087945569267,-0.079163813435562,-0.017787644658766
12551,-0.0594450768109686,0.0102471367025833,-0.0309098410429477,-0.0749781887419946,297,281,297,155,-0.0482689632340631,-0.0594596555488024,0.0107234013075469
12566,-0.0746863858821833,0.030445439671653,0.0587891398893252,-0.14140420120931,450,438,450,252,-0.114694975701379,-0.0747009646200171,0.0309217042766166
12573,-0.0416240220190004,0.0430028522224277,0.0288137818502841,-0.173034098077669,236,221,236,187,-0.146324872569738,-0.0416386007568342,0.0434791168273913
12587,-0.079500112294754,0.0114995840560876,0.0251801928586823,-0.205802845297256,293,279,293,276,-0.179093619789325,-0.0795146910325878,0.0119758486610512
12588,-0.0296575105947666,-0.0234069219424281,-0.103412110966957,,24,24,24,,,,
12590,-0.104306015684847,-0.0290877983380844,-0.027715038937538,-0.0571416000626922,165,159,165,122,-0.0304323745547607,-0.104320594422681,-0.0286115337331208
12591,-0.0587658474465932,0.0524129226239151,0.0639719392619614,-0.04667809661032,334,318,334,311,-0.0199688711023885,-0.058780426184427,0.0528891872288787
12594,-0.0706481503747964,0.0326291720072223,0.0662889774313328,-0.0055065522515985,115,109,115,100,0.021202673256333,-0.0706627291126302,0.0331054366121859
12602,-0.0615313697738843,0.0329436618886432,0.0220132876707179,-0.119191251171023,145,132,145,56,-0.0924820256630915,-0.0615459485117181,0.0334199264936068
12603,-0.0847956200389346,0.0332315319606708,0.0553285985151209,-0.0915731455714286,301,289,301,230,-0.0648639200634971,-0.0848101987767684,0.0337077965656344
12604,-0.0686065044733039,-0.0448891244035926,0.0013135066347347,-0.0188213602306932,190,181,190,140,0.0078878652772383,-0.0686210832111377,-0.044412859798629
12605,-0.0784083167222574,0.0078103948142935,-0.0050007078327344,-0.0836791010918723,343,320,343,285,-0.0569698755839408,-0.0784228954600912,0.00828665941925707
12610,-0.0410871547588329,-0.0534044495619789,-0.0688929915393522,-0.224471504379018,232,229,232,128,-0.197762278871086,-0.0411017334966667,-0.0529281849570153
12630,-0.0423172487153836,-0.0270871017102899,-0.100356827787154,-0.122504981314254,174,158,174,92,-0.0957957558063225,-0.0423318274532174,-0.0266108371053263
12631,-0.077388386799637,0.0603125403747002,0.0962528177565004,-0.0879156893486841,469,452,469,393,-0.0612064638407526,-0.0774029655374708,0.0607888049796638
12632,-0.0522916441177275,0.0172382964613135,-0.0395937670575841,-0.190221531503652,152,149,152,45,-0.163512305995721,-0.0523062228555613,0.0177145610662771
12636,0.0889338124026538,-0.0146104080713475,0.0002258558966004,-0.053806243139643,38,35,38,34,-0.0270970176317115,0.08891923366482,-0.0141341434663839
12646,-0.0545283440360201,0.0283083008162261,-0.0104680308273846,0.0118894259892075,38,36,38,33,0.038598651497139,-0.0545429227738539,0.0287845654211897
12649,-0.0736038621799468,-0.0015444094664747,0.0582437780380455,-0.103926234710153,359,343,359,256,-0.0772170092022215,-0.0736184409177806,-0.00106814486151113
12650,-0.0728855182215824,0.0499140169635639,0.0542560843571071,-0.128077129981638,852,820,852,631,-0.101367904473707,-0.0729000969594162,0.0503902815685275
12652,-0.0771030052311274,0.0805908592343326,0.0452962078223926,-0.187319513380801,386,372,386,255,-0.160610287872869,-0.0771175839689612,0.0810671238392962
12655,-0.0677062298413714,0.103302923820503,-0.0124536666781562,-0.202086708704029,144,139,144,79,-0.175377483196098,-0.0677208085792052,0.103779188425467
12657,0.140016840826566,0.0205266365814405,0.0679900480369878,0.559944511437639,91,89,91,79,0.586653736945571,0.140002262088732,0.0210029011864041
12658,-0.0439584709241517,-0.0308304041955482,-0.0556558304595769,-0.0755467863729113,30,24,30,14,-0.0488375608649798,-0.0439730496619855,-0.0303541395905846
12667,-0.0323668955323411,-0.0584034510133164,-0.0265770504169166,-0.133269537542559,503,478,503,468,-0.106560312034628,-0.0323814742701749,-0.0579271864083528
12669,0.171081007234099,-0.0139221356986296,0.0442280724376793,0.415125978269018,305,296,305,293,0.441835203776949,0.171066428496265,-0.013445871093666
12672,-0.0349076768765131,0.0108785564639469,0.0685377738694187,0.0516640905474853,264,251,264,238,0.0783733160554168,-0.0349222556143469,0.0113548210689105
12682,-0.03990890421952,-0.0585660487853187,-0.113517611830534,0.108746471374013,42,40,42,4,0.135455696881945,-0.0399234829573538,-0.0580897841803551
12686,-0.070119138611814,-0.0953460309155272,-0.109075595964706,-0.147166529073077,270,265,270,135,-0.120457303565146,-0.0701337173496478,-0.0948697663105636
12711,0.0099783538913926,0.0030917645411141,0.0017388016668686,,1,1,1,,,,
12712,-0.0677332159433929,-0.0656351848594506,-0.101592517166636,-0.124048699701531,177,170,177,114,-0.0973394741935995,-0.0677477946812267,-0.065158920254487
12713,-0.049149388993516,-0.0004404772763994,0.0419694897858828,0.0552718496440511,196,187,196,169,0.0819810751519826,-0.0491639677313498,3.57873285641718e-05
12716,-0.0449887441556448,-0.0560097892685496,-0.0970902842459492,-0.0493657523538577,479,457,479,279,-0.0226565268459262,-0.0450033228934786,-0.055533524663586
12719,-0.0589723901088188,-0.0259501052348084,-0.062927659573836,-0.030892514594649,74,71,74,37,-0.0041832890867175,-0.0589869688466526,-0.0254738406298448
12720,-0.0619062834859042,0.016155907438798,0.0015814080830355,-0.0653065312108404,124,116,124,104,-0.0385973057029089,-0.061920862223738,0.0166321720437616
12726,0.0009064407678271,-0.003978447095502,-0.0103285568110759,,1,1,1,,,,
12730,-6.53272033674e-05,-0.0022899690239688,-0.00188370657478,,1,1,1,,,,
12741,-0.0434107369848435,0.0467469588940455,0.0346911881337745,-0.243017597853962,70,61,70,47,-0.21630837234603,-0.0434253157226773,0.0472232234990091
12747,-0.0787006489367294,0.0096827115336578,0.0130074407977776,-0.330336251986485,147,144,147,66,-0.303627026478554,-0.0787152276745632,0.0101589761386214
12749,-0.0525716942526843,0.0196993833349198,-0.0439530645567698,-0.201827930545386,204,193,204,92,-0.175118705037455,-0.0525862729905181,0.0201756479398834
12750,-0.0189038913506954,-0.0293457843827933,-0.0365438128840252,-0.0064224171294106,28,27,28,6,0.0202868083785209,-0.0189184700885292,-0.0288695197778297
12758,-0.0124020105883131,-0.0530349521196776,-0.139274126169666,-0.0470014612984003,40,39,40,3,-0.0202922357904688,-0.0124165893261469,-0.052558687514714
12759,-0.0724970408378131,0.0038547300307424,-0.0782939233488434,-0.127242676634696,31,29,31,22,-0.100533451126765,-0.0725116195756469,0.00433099463570597
12762,-0.097849100340172,-0.014811101100188,-0.0692538034147634,-0.0832381085343664,79,75,79,69,-0.0565288830264349,-0.0978636790780058,-0.0143348364952244
12766,-0.01033203717169,-0.076521737739533,-0.162583423124072,-0.307014358107643,46,45,46,19,-0.280305132599712,-0.0103466159095238,-0.0760454731345694
12767,-0.0936654755969702,-0.0633927031325785,-0.0875827594400253,-0.20843074933947,89,81,89,68,-0.181721523831539,-0.093680054334804,-0.0629164385276149
12775,-0.0189097551394624,-0.0627968870306489,-0.0303498340837616,-0.0649249822336526,181,170,181,156,-0.0382157567257211,-0.0189243338772962,-0.0623206224256853
12778,-0.0271909385814493,-0.0152775169981198,-0.0325087758956628,,11,11,11,,,,
12779,-0.0042600242450373,-0.0010762659379292,0.0860500927900398,-0.0738121815348451,73,71,73,66,-0.0471029560269136,-0.00427460298287109,-0.000600001332965628
12781,-0.0796207912658059,0.000559665988489,-0.0394736185445377,-0.0204235022504472,103,100,103,101,0.00628572325748429,-0.0796353700036397,0.00103593059345257
12800,0.35321719535978,0.0505721457591134,0.124977195078361,0.0254577196889576,116,113,116,99,0.0521669451968891,0.353202616621946,0.051048410364077
12802,0.337912988094134,-0.016237086329717,0.110199858139767,-0.0100407741168012,131,125,131,121,0.0166684513911303,0.3378984093563,-0.0157608217247534
12823,0.0203151122704683,0.0258528174390221,-0.0122780189612811,-0.25622572686675,121,118,121,85,-0.229516501358818,0.0203005335326345,0.0263290820439857
12824,0.0352764703556411,0.0033935604647799,-0.0006313998610883,,1,1,1,,,,
12829,0.167162141707984,-0.0206209722348104,0.0514996290475911,0.324080453548534,141,139,141,136,0.350789679056466,0.16714756297015,-0.0201447076298468
12830,0.181356868360474,-0.0642396241433464,0.113703317830348,-0.169498099734421,593,569,593,378,-0.14278887422649,0.18134228962264,-0.0637633595383828
12832,0.260610708583425,0.0534208970450063,0.109280965097622,0.491258994990757,145,145,145,137,0.517968220498689,0.260596129845591,0.0538971616499699
12833,0.0969666583226166,-0.0005356270656806,0.0019276348920371,0.0519404928121959,6,6,6,3,0.0786497183201274,0.0969520795847828,-5.93624607170282e-05
12834,0.0435600421639948,0.0047690237776681,0.0231617899062416,-0.234921542902853,37,34,37,12,-0.208212317394921,0.043545463426161,0.00524528838263167
12836,-0.0476559213411287,0.0430777602063772,-0.0700044048545631,-0.345894694802608,178,161,178,68,-0.319185469294677,-0.0476705000789625,0.0435540248113408
12837,0.284406394204198,0.0117876294516972,0.0744986214724332,-0.0375487024357798,126,116,126,96,-0.0108394769278483,0.284391815466364,0.0122638940566608
12838,-0.044754256359117,-0.0563497309456794,-0.0457100394033405,-0.256119255813779,237,226,237,192,-0.229410030305847,-0.0447688350969508,-0.0558734663407158
12842,0.10600608221238,-0.078710417603525,-0.0441732631094045,-0.219262034702848,229,210,229,181,-0.192552809194916,0.105991503474546,-0.0782341529985614
12846,0.301517620043961,-0.0122160550235152,0.131455383976387,0.258193959137115,137,135,137,127,0.284903184645047,0.301503041306127,-0.0117397904185516
12851,0.0857847243377863,-0.000330867201442,0.0882748239347629,-0.0695087626945548,247,239,247,235,-0.0427995371866233,0.0857701455999525,0.000145397403521572
12853,0.235160068822507,0.0798574471180238,0.119847337557876,0.0243480004848815,250,243,250,239,0.051057225992813,0.235145490084673,0.0803337117229874
12855,0.0811431604014293,-0.0363887109803352,0.0533972432653593,-0.172270432517135,184,175,184,119,-0.145561207009204,0.0811285816635955,-0.0359124463753716
12864,0.394454866851835,0.0524839227139128,0.22951645758843,0.715987980111698,158,157,158,152,0.74269720561963,0.394440288114001,0.0529601873188764
12867,0.0462933015775062,-0.0336181589124037,-0.0616487740575307,-0.309419862106348,48,46,48,35,-0.282710636598417,0.0462787228396724,-0.0331418943074401
12868,0.405438892541081,0.0542371228262821,0.118703253063088,-0.041033740699467,163,156,163,149,-0.0143245151915355,0.405424313803247,0.0547133874312457
12870,-0.0103390965715301,-0.0541940098042922,-0.141785578822232,-0.12739725555335,114,109,114,9,-0.100688030045419,-0.0103536753093639,-0.0537177451993286
12876,0.0406428278193453,-0.0085703036283077,0.0083490215194343,0.173466312744863,53,50,53,47,0.200175538252795,0.0406282490815115,-0.00809403902334413
12884,0.365227414556764,0.0336436864938811,0.171413090056295,0.534374283884508,152,151,152,144,0.56108350939244,0.36521283581893,0.0341199510988447
12885,0.377465616399889,0.0085037316246795,0.160078183148973,0.238360994711577,430,419,430,410,0.265070220219509,0.377451037662055,0.00897999622964307
12891,0.256659761624889,0.0057139628845835,0.0982656704420523,-0.137823118970364,325,305,325,276,-0.111113893462433,0.256645182887055,0.00619022748954707
12935,0.230150431975202,-0.0121237688391274,0.0387135006609707,-0.183205895636711,270,256,270,224,-0.15649667012878,0.230135853237368,-0.0116475042341638
12943,0.0318464905854041,0.19935137901057,0.139531363604237,-0.158192792466927,733,719,733,407,-0.131483566958996,0.0318319118475703,0.199827643615534
12958,0.224753500141225,-0.0378418562115618,0.0498775876550517,0.0233408493844323,136,132,136,121,0.0500500748923638,0.224738921403391,-0.0373655916065982
12961,0.0186372294780651,-0.0466131461228428,-0.0703756464127814,0.0877839717741153,47,44,47,16,0.114493197282047,0.0186226507402313,-0.0461368815178792
12962,0.0102092370489729,-0.0023465801699327,-0.0085607638099536,,1,1,1,,,,
12963,0.32691198627805,0.0281562278384902,0.117787353506788,0.0441128567783137,384,369,384,354,0.0708220822862452,0.326897407540216,0.0286324924434538
12966,0.257141511108174,0.0340589461341776,0.109737049504872,0.220293926295563,143,140,143,134,0.247003151803495,0.25712693237034,0.0345352107391412
12970,0.328233359518907,0.0964564053878643,0.190312128780519,0.0836614689430954,166,158,166,151,0.110370694451027,0.328218780781073,0.0969326699928279
12972,-0.021146025470368,0.0141971279871724,-0.0036250888219345,0.0748872385175998,6,6,6,2,0.101596464025531,-0.0211606042082018,0.014673392592136
12974,0.26027427861478,-0.0422165681585603,0.0071631288421202,0.060652329173052,24,22,24,16,0.0873615546809835,0.260259699876946,-0.0417403035535967
12977,0.298460757008484,0.049943265793878,0.0860334974095351,0.0669983920732738,352,339,352,305,0.0937076175812053,0.29844617827065,0.0504195303988416
12980,0.0601862218236301,0.02895070592804,0.0306521613496565,0.0314012120469506,252,236,252,230,0.0581104375548821,0.0601716430857963,0.0294269705330036
13103,0.168103448742994,0.0296932985953696,0.0433381424996579,-0.0817139225052763,114,110,114,98,-0.0550046969973448,0.16808887000516,0.0301695632003332
13112,0.286607850904371,0.0448417132038592,0.114255233039607,0.345200293725378,377,367,377,336,0.37190951923331,0.286593272166537,0.0453179778088228
13117,0.342372598068535,0.016547128805057,0.1065501545067,0.532087298179597,194,188,194,188,0.558796523687529,0.342358019330701,0.0170233934100206
13118,0.0061100715912473,9.4370288534e-05,-0.0066614284661053,,1,1,1,,,,
13122,0.009097975827935,-0.0181924930591982,-0.0695347195986812,-0.0308339386267187,22,22,22,2,-0.0041247131187872,0.00908339709010121,-0.0177162284542346
13125,0.246035271901712,0.0400423885304722,0.0772385435709521,0.351921769558566,103,101,103,94,0.378630995066498,0.246020693163878,0.0405186531354358
13145,0.195990438676885,0.0462213273667559,0.0449198951004878,-0.184031533248112,732,690,732,379,-0.157322307740181,0.195975859939051,0.0466975919717195
13146,0.153957686359989,0.147969254995633,0.0554943357084505,-0.219026070430953,636,627,636,331,-0.192316844923022,0.153943107622155,0.148445519600597
13149,0.286316178516317,0.0292568966759985,0.0964842495103656,0.260294150922079,87,84,87,86,0.287003376430011,0.286301599778483,0.0297331612809621
13156,0.243475947618299,-0.0187627562302726,0.0853318785841687,-0.0649317683280571,346,332,346,256,-0.0382225428201256,0.243461368880465,-0.018286491625309
13168,0.176776664620342,0.0639198685812641,0.0434221008433812,-0.191481436903712,170,164,170,70,-0.164772211395781,0.176762085882508,0.0643961331862277
13176,0.0167155020479379,-0.0522100888874383,-0.128901577390411,-0.20504808693031,84,80,84,5,-0.178338861422378,0.0167009233101041,-0.0517338242824747
13178,0.104275928846397,-0.0609610708869434,-0.0307990492288422,-0.0994676066065244,49,49,49,41,-0.0727583810985929,0.104261350108563,-0.0604848062819798
13185,0.15127428874232,0.0312659052016881,-0.0061915047802173,-0.0953374721895694,439,403,439,232,-0.0686282466816379,0.151259710004486,0.0317421698066517
13186,-0.031762183321257,-0.0296351153397961,-0.0832524924670408,,5,5,5,,,,
13188,0.242643579698779,0.0121932066592827,0.0737225278499114,-0.0801038558006057,195,190,195,171,-0.0533946302926742,0.242629000960945,0.0126694712642463
13190,0.250677662649669,0.0742378814267831,0.139883459184507,0.647298961029044,76,74,76,75,0.674008186536976,0.250663083911835,0.0747141460317467
13193,0.0011148992578344,-0.0074191243585302,-0.0788886129849174,0.0479231973960768,23,22,23,3,0.0746324229040083,0.00110032052000061,-0.00694285975356663
13202,0.168655244968287,0.0327434888922974,0.14676564327121,0.208926672216329,311,298,311,298,0.235635897724261,0.168640666230453,0.033219753497261
13205,0.14438644860882,-0.0108243380573639,0.0693000482694758,0.0733588403198784,37,35,37,33,0.10006806582781,0.144371869870986,-0.0103480734524003
13208,-0.0225903148619317,-0.0159835323653232,-0.0767871787937785,-0.172075685592704,14,13,14,1,-0.145366460084773,-0.0226048935997655,-0.0155072677603596
13215,-0.0661939161824741,-0.0061826095919743,-0.0269994563264409,,1,1,1,,,,
13220,-0.0182226856888696,-0.0428853713724325,-0.0541762667720656,-0.226096918584536,306,287,306,205,-0.199387693076605,-0.0182372644267034,-0.0424091067674689
13300,0.244212628543151,0.0067733981063167,0.103262658279055,0.528546945721642,148,145,148,145,0.555256171229574,0.244198049805317,0.00724966271128027
13305,0.0300151538525551,0.013759112022521,0.0700191338821066,-0.127928208180805,78,76,78,71,-0.101218982672874,0.0300005751147213,0.0142353766274846
13313,0.105617876555597,0.0566054021033255,0.0930848756527664,0.0636103788203887,403,381,403,379,0.0903196043283202,0.105603297817763,0.0570816667082891
13314,0.0659297583234708,0.0092430678046656,0.0534387705948483,-0.0535418918587068,233,216,233,207,-0.0268326663507753,0.065915179585637,0.00971933240962917
13319,0.137653877076657,-0.0080056170401207,0.0463582044590903,0.611157283715693,148,145,148,145,0.637866509223625,0.137639298338823,-0.00752935243515713
13324,0.0073028100421889,-0.0084660001180564,0.0579461344025097,-0.213856304073503,219,203,219,203,-0.187147078565572,0.00728823130435511,-0.00798973551309283
13330,0.0028255454926109,0.0455367459087692,0.0860591881484261,0.0292242544170372,40,34,40,28,0.0559334799249687,0.00281096675477711,0.0460130105137328
13332,0.216134392791064,0.0356839060642852,0.143246247928137,0.186533207016204,83,80,83,76,0.213242432524136,0.21611981405323,0.0361601706692488
13333,-0.0101409834487334,-0.0474535524851112,-0.0746518405524116,-0.232926179787864,96,78,96,49,-0.206216954279933,-0.0101555621865672,-0.0469772878801476
13341,0.0155857724819171,5.31220586611e-05,-0.0159438180034557,-0.054664385709247,37,32,37,18,-0.0279551602013155,0.0155711937440833,0.000529386663624672
13344,-0.0509561267101041,0.0077175950289979,0.0218787337080004,-0.207427567568654,219,204,219,159,-0.180718342060722,-0.0509707054479379,0.00819385963396147
13352,-0.0256203926750548,0.0324046528944844,-0.0534796338419801,-0.0825961801805799,260,250,260,210,-0.0558869546726484,-0.0256349714128886,0.032880917499448
13356,-0.0034102329831548,0.0251218976092077,0.0701053691978895,0.0668426625787053,261,243,261,243,0.0935518880866368,-0.00342481172098859,0.0255981622141713
13360,-0.0214180804001532,-0.0018229050319984,0.0113660459533887,-0.0084470318629585,187,176,187,175,0.018262193644973,-0.021432659137987,-0.00134664042703483
13361,-0.0233324155320342,-0.0032327410901753,0.0750896921868004,-0.047633740301281,267,253,267,243,-0.0209245147933495,-0.023346994269868,-0.00275647648521173
13370,0.0189882538938199,-0.048112625294242,0.0138184171554821,0.0181830957922808,116,114,116,106,0.0448923213002123,0.0189736751559861,-0.0476363606892784
13372,0.10004229094572,0.0487151280746838,0.0958055466390157,-0.0939683481529248,139,131,139,133,-0.0672591226449933,0.100027712207886,0.0491913926796474
13373,-0.0819131512109976,0.0521682253221866,0.0486587761680597,0.0324854249858456,242,224,242,217,0.0591946504937771,-0.0819277299488314,0.0526444899271502
13383,-0.0413220465623728,0.0289716735014791,0.0302325640219203,-0.185096870617713,111,104,111,88,-0.158387645109781,-0.0413366253002066,0.0294479381064427
13384,-0.0383675449772466,-0.0233690478620502,0.0428865037859483,0.017716870695129,292,275,292,264,0.0444260962030605,-0.0383821237150804,-0.0228927832570866
13387,-0.0427099825250542,0.0019271287838678,0.0063793964987262,0.0005019928693723,176,168,176,148,0.0272112183773038,-0.042724561262888,0.00240339338883137
13388,0.0017680354689974,0.0368217952938997,0.0592263593092568,0.0417030246477604,191,183,191,181,0.0684122501556919,0.00175345673116361,0.0372980598988633
13394,-0.0875105171426589,0.0167053437614017,-0.0150521486863926,-0.12527177760721,84,83,84,60,-0.0985625520992785,-0.0875250958804927,0.0171816083663653
13395,0.0108754238275813,-0.0025023221659639,-0.0058363583011944,,1,1,1,,,,
13415,0.0177740020780049,-0.0033946709861198,-0.0654018811116849,-0.0265378273491332,60,54,60,12,0.000171398158798294,0.0177594233401711,-0.00291840638115623
13416,-0.0173902232008857,-0.0435376612632798,0.0100596117573397,-0.186527448723342,83,71,83,64,-0.159818223215411,-0.0174048019387195,-0.0430613966583162
13417,-0.0896853481663795,-0.0121078149544257,0.0276566365187192,0.0115369451337541,107,99,107,94,0.0382461706416856,-0.0896999269042133,-0.0116315503494621
13420,-0.0290632671822995,-0.0289485814163607,-0.0446470021116622,-0.160923944924323,445,402,445,291,-0.134214719416392,-0.0290778459201333,-0.0284723168113971
13426,-0.0979904541354968,0.0401781179219526,0.072855565844975,-0.0989175759715311,61,59,61,54,-0.0722083504635996,-0.0980050328733306,0.0406543825269162
13427,-0.0524671958247594,0.0098194605098028,0.0154582748468955,-0.275440636397816,219,203,219,185,-0.248731410889885,-0.0524817745625932,0.0102957251147664
13434,0.0489325423760556,0.0124805650657144,0.0203961939571378,0.144625633806261,221,211,221,215,0.171334859314193,0.0489179636382218,0.012956829670678
13437,-0.0123950523056101,,-0.0038189658216028,-0.006695918497694,1,,1,1,,,
13439,0.0578553447446664,-0.0017600808013729,0.115144993641812,-0.0042933996912613,153,150,153,142,0.0224158258166702,0.0578407660068326,-0.00128381619640933
13442,-0.0234672954108832,0.0573332217063725,0.0273273472210472,-0.109857941611977,333,305,333,280,-0.0831487161040455,-0.023481874148717,0.0578094863113361
13445,-0.0194652430795118,0.0670060264458092,0.0432695404639412,-0.134525538274833,75,70,75,47,-0.107816312766901,-0.0194798218173456,0.0674822910507728
13446,-0.0270795164230158,0.029137332881128,0.0840133611984609,-0.0821557195031204,258,247,258,231,-0.0554464939951889,-0.0270940951608496,0.0296135974860916
13450,0.0690342640402454,0.0127893772689834,0.0661287742304617,0.340959001082275,230,223,230,223,0.367668226590207,0.0690196853024116,0.013265641873947
13461,0.0208911757643124,0.0325433214827304,-0.0331452802333256,-0.0851495159150649,149,136,149,78,-0.0584402904071334,0.0208765970264786,0.033019586087694
13462,0.0169823420142836,0.0091161987450493,0.026380663342184,-0.152096875612086,75,72,75,60,-0.125387650104155,0.0169677632764498,0.00959246335001287
13475,-0.0406380943951138,-0.0024732177771504,-0.134624564608881,-0.221469128887713,227,218,227,71,-0.194759903379782,-0.0406526731329476,-0.00199695317218683
13486,-0.0333324076092403,0.0154773624208636,0.045437584914209,-0.0590619758873259,468,443,468,365,-0.0323527503793944,-0.0333469863470741,0.0159536270258272
13489,0.0499991979556307,0.0077269026135583,0.0824663911141845,0.0509614716478396,248,228,248,212,0.0776706971557711,0.0499846192177969,0.00820316721852187
13491,-0.0248264254881958,-0.0012057582111401,-0.023802669017512,-0.294930517808286,244,233,244,185,-0.268221292300355,-0.0248410042260296,-0.000729493606176528
13503,-0.0216785794718499,0.0242355817376783,0.0751837722379745,0.0455523988904744,174,162,174,148,0.0722616243984059,-0.0216931582096837,0.0247118463426419
13504,-0.002387267942689,-0.0368750450585188,0.0105978662667007,-0.236923329269064,160,145,160,125,-0.210214103761133,-0.00240184668052279,-0.0363987804535552
13513,-0.0083141726098409,-0.0062139910158241,0.0131896112174429,0.0057730035002891,126,117,126,101,0.0324822290082206,-0.00832875134767469,-0.00573772641086053
13525,0.0266798604430114,-0.0033009248970744,-0.0181015465284557,0.204736916049718,13,13,13,2,0.23144614155765,0.0266652817051776,-0.00282466029211083
13527,0.108218441900453,0.0128555981785468,0.0441644135163686,0.172135368518433,61,60,61,57,0.198844594026365,0.108203863162619,0.0133318627835104
13528,0.0073131353395564,-0.0553067716813824,-0.127471807721193,-0.156813917117814,38,35,38,4,-0.130104691609883,0.00729855660172261,-0.0548305070764188
13535,-0.0798259436395803,0.0159415216739525,0.0436249039819423,-0.145675609246427,130,122,130,118,-0.118966383738496,-0.0798405223774141,0.0164177862789161
13542,-0.0022930945268546,0.0030550854306397,0.0556073130912677,0.221404598626077,122,117,122,112,0.248113824134009,-0.00230767326468839,0.00353135003560327
13545,0.0032564285518831,-0.0147600236523553,0.0070717248024468,-0.168015650081734,50,47,50,42,-0.141306424573803,0.00324184981404931,-0.0142837590473917
13551,-0.0169654787421363,-0.0182210355686433,-0.0407559417991144,-0.152887537924613,199,187,199,149,-0.126178312416682,-0.0169800574799701,-0.0177447709636797
13552,0.0143340073763556,0.000817547355301,-0.0005607122782595,,1,1,1,,,,
13553,-0.013571626803434,-0.0005297412005873,0.0277216631528069,-0.0260005758006896,101,93,101,62,0.000708649707241896,-0.0135862055412678,-5.34765956237283e-05
13558,0.0282909489165478,-0.0001066971862501,0.0397095262497207,-0.0272139780214816,411,379,411,288,-0.000504752513550106,0.028276370178714,0.000369567418713472
13561,0.0122401765354775,-0.0437192244535711,-0.0226451515749157,-0.0875790651170953,329,311,329,270,-0.0608698396091638,0.0122255977976437,-0.0432429598486075
13565,-0.0071838345096257,0.0153315920533863,0.0418280147440393,-0.0192351140704587,149,135,149,135,0.0074741114374728,-0.00719841324745949,0.0158078566583499
13573,0.0576595169806479,-0.0483328493070665,0.0501667769958681,0.175902870355171,154,147,154,151,0.202612095863103,0.0576449382428141,-0.0478565847021029
13574,0.0621071567474539,0.0906784361410755,0.195685600702382,0.0842989802864074,104,98,104,97,0.111008205794339,0.0620925780096201,0.0911547007460391
13576,-0.0223338757221697,-0.0207590392411687,-0.016160706856824,-0.300772148673063,261,241,261,156,-0.274062923165132,-0.0223484544600035,-0.0202827746362051
13582,-0.026377832448642,0.0506629351009426,-0.0114780412650918,-0.22744096361603,360,347,360,179,-0.200731738108099,-0.0263924111864758,0.0511391997059062
13584,-0.0198859891011056,0.0533772067470208,0.0093294237371454,-0.0291262089159462,22,20,22,4,-0.00241698340801471,-0.0199005678389394,0.0538534713519844
13586,-0.026929188873216,-0.0382528969052855,-0.0374216539379148,-0.234968230472915,235,220,235,170,-0.208259004964984,-0.0269437676110498,-0.0377766323003219
13590,-0.0201545790075861,-0.0511135160709314,-0.063186942842973,-0.103679917447618,82,80,82,47,-0.0769706919396865,-0.0201691577454199,-0.0506372514659678
13591,0.0051836345251955,-0.0207927975718298,-0.0729864501548074,-0.0196586146270713,84,81,84,18,0.0070506108808602,0.00516905578736171,-0.0203165329668662
13592,0.0019854374483251,-0.0030792749223869,-0.004722163988753,,1,1,1,,,,
13604,-0.031326840238914,0.0244724667783924,0.0694845426165552,0.0140588985454031,128,116,128,106,0.0407681240533346,-0.0313414189767478,0.024948731383356
13606,-0.0263603783725217,-0.0213648268431126,-0.0223614493321322,-0.214340463848635,259,235,259,203,-0.187631238340704,-0.0263749571103555,-0.020888562238149
13610,-0.0680832786306682,-0.0154985231707316,-0.0770573918838881,-0.154373417717833,62,59,62,43,-0.127664192209902,-0.068097857368502,-0.015022258565768
13611,-0.0273114647648111,-0.0356043778277239,-0.0965946936858848,0.0344949888512312,19,19,19,1,0.0612042143591627,-0.0273260435026449,-0.0351281132227603
13612,0.0322141867701717,0.0137627090340584,0.0134157698302786,-0.120597724608995,7,7,7,2,-0.0938884991010635,0.0321996080323379,0.014238973639022
13621,-0.009676976459145,0.0384196067408664,0.0462227415930324,-0.0385385265489209,106,98,106,76,-0.0118293010409894,-0.00969155519697879,0.03889587134583
13626,-0.0150297171093307,0.0083119907463968,-0.0426319404306566,-0.243773277500517,67,59,67,33,-0.217064051992586,-0.0150442958471645,0.00878825535136037
13627,-0.0545821100786326,0.0127792759052497,-0.0537205199129982,-0.305687411283667,112,101,112,90,-0.278978185775736,-0.0545966888164664,0.0132555405102133
13633,-0.0102785973573906,0.0059795248862922,0.0025277267019019,-0.201136629108699,130,121,130,111,-0.174427403600768,-0.0102931760952244,0.00645578949125577
14201,0.0025978654378619,0.0016043472716775,-0.0036881034985591,0.0237952632070117,1,1,1,1,0.0505044887149432,0.00258328670002811,0.00208061187664107
14202,-0.0485850649717872,0.0618805764459211,0.0401849940511098,-0.236037053218316,138,136,138,95,-0.209327827710385,-0.048599643709621,0.0623568410508847
14206,-0.0050100030579006,-0.0561303389959039,-0.0651562332539481,-0.073181693950984,65,57,65,34,-0.0464724684430525,-0.00502458179573439,-0.0556540743909403
14208,-0.0002833488234287,-0.042405524176771,-0.113745429540749,0.0044019581467186,81,76,81,7,0.0311111836546501,-0.000297927561262492,-0.0419292595718074
14210,-0.0487545829838875,0.0138992284102558,-0.0146405198139482,-0.194695506608739,395,351,395,293,-0.167986281100808,-0.0487691617217213,0.0143754930152194
14211,-0.0998913231430893,0.017525025368293,-0.011992413046514,-0.328074974755586,137,130,137,118,-0.301365749247655,-0.0999059018809231,0.0180012899732566
14217,0.195513951499274,0.116893592691374,0.21646524710998,0.195288407195726,103,99,103,100,0.221997632703658,0.19549937276144,0.117369857296338
14225,-0.0079680692140799,-0.0529664070115687,-0.0802218097864256,0.0654359502939741,21,19,21,3,0.0921451758019056,-0.00798264795191369,-0.0524901424066051
14232,-0.0156815869948936,0.0186228796147072,0.0247754775117103,-0.0307538955745137,153,135,153,99,-0.00404467006658221,-0.0156961657327274,0.0190991442196708
14233,0.0457873514340588,-0.0250833089019811,-0.0128264021212766,0.0671531493879439,78,74,78,64,0.0938623748958754,0.045772772696225,-0.0246070442970175
14237,-0.0447495527683894,-0.0244436243166612,-0.0447217578865398,-0.211308160051688,76,67,76,59,-0.184598934543757,-0.0447641315062232,-0.0239673597116976
14249,0.0723532561563222,-0.0031616153897623,0.168964988322497,0.701573348604504,81,81,81,79,0.728282574112436,0.0723386774184884,-0.00268535078479873
14260,-0.0878903696572617,0.0283248876228389,0.050769216329282,-0.0996682027092936,67,64,67,57,-0.0729589772013621,-0.0879049483950955,0.0288011522278025
14265,-0.0379068836178298,0.0578571993403398,0.145996874809843,-0.148091619397948,89,84,89,83,-0.121382393890016,-0.0379214623556636,0.0583334639453034
14266,-0.0367438283727432,-0.0469627347313536,-0.0448484723137527,-0.082872618762879,71,66,71,45,-0.0561633932549475,-0.036758407110577,-0.04648647012639
14270,-0.0299374280729164,0.0304881237282347,0.0942499962156268,-0.0926821322193478,120,112,120,112,-0.0659729067114163,-0.0299520068107502,0.0309643883331983
14280,0.154042440535291,0.0231227621016284,0.07958586744331,0.395216194615941,166,159,166,160,0.421925420123872,0.154027861797457,0.023599026706592
14284,-0.0349835316566026,0.0651629946359278,0.0703786225491807,-0.0899950861959025,329,304,329,286,-0.063285860687971,-0.0349981103944364,0.0656392592408914
14288,0.0174829941507493,0.0297931865770581,0.0907455611015786,0.038869487223262,147,146,147,132,0.0655787127311935,0.0174684154129155,0.0302694511820217
14292,-0.0456727593686518,0.0118659415577731,-0.0003092294108109,-0.145634294816453,7,6,7,1,-0.118925069308522,-0.0456873381064856,0.0123422061627367
14299,-0.0682592351302572,0.000788816862046,0.0414823853434425,-0.171331894603526,143,132,143,123,-0.144622669095595,-0.068273813868091,0.00126508146700957
14300,-0.0095216135942731,-0.0024416039060809,-0.0118827078499665,,1,1,1,,,,
14307,0.0023798520070474,-0.0159370511320518,-0.103706079884275,0.050516034301376,26,26,26,3,0.0772252598093075,0.00236527326921361,-0.0154607865270882
14313,0.003675979268534,0.0420263036184377,0.0645511658061147,0.0025763124330079,153,142,153,146,0.0292855379409394,0.00366140053070021,0.0425025682234013
14314,-0.0962749321540509,0.0459965580405895,0.0588247025258696,0.0628388299552961,100,93,100,94,0.0895480554632276,-0.0962895108918847,0.0464728226455531
14315,-0.0586418889740418,-0.0079448958139344,-0.0493594504780858,-0.214323022693577,57,52,57,51,-0.187613797185646,-0.0586564677118756,-0.00746863120897083
14316,-0.0376542327518579,0.0084736760747732,0.041668511515397,-0.0183598909754276,93,86,93,88,0.0083493345325039,-0.0376688114896917,0.00894994067973677
14324,-0.0832883507543349,0.0143720459482889,0.0742277298950364,-0.152293744895333,18,16,18,13,-0.125584519387402,-0.0833029294921687,0.0148483105532525
14332,0.0601409916538375,0.0377807995258184,0.0378614659699268,0.258275206238173,66,64,66,61,0.284984431746105,0.0601264129160037,0.038257064130782
14334,0.123931264168166,0.0474282701583356,0.141055293983721,0.430452105184096,300,292,300,290,0.457161330692028,0.123916685430332,0.0479045347632992
14336,-0.0340297948933428,-0.0408676908692113,-0.0771503194508321,-0.255881841887882,103,76,103,54,-0.229172616379951,-0.0340443736311766,-0.0403914262642477
14348,0.034896858332209,0.0300860733213603,0.0741395486038058,0.0686498871075817,285,262,285,245,0.0953591126155132,0.0348822795943752,0.0305623379263239
14359,-0.0163375941788064,-0.0133653220697828,0.0130788762273068,-0.0590382645786235,557,527,557,518,-0.032329039070692,-0.0163521729166402,-0.0128890574648192
14363,-0.0263006183170644,0.0920289781851439,0.133864051680683,0.189024127729513,457,437,457,430,0.215733353237445,-0.0263151970548982,0.0925052427901075
14365,-0.0177827913871085,-0.043170501228502,-0.103998697214899,-0.0504241000423068,81,80,81,45,-0.0237148745343753,-0.0177973701249423,-0.0426942366235384
14373,-0.006925150888898,0.0517680998243505,0.0797328252443416,-0.0610176287560594,98,95,98,64,-0.0343084032481279,-0.00693972962673179,0.0522443644293141
14375,-0.000416499569934,-0.0328996663075031,-0.05889628990936,-0.120005510909451,211,197,211,167,-0.0932962854015195,-0.000431078307767792,-0.0324234017025395
14379,0.05029714685217,0.0124195755678027,0.0843591830547268,0.301581171787222,134,131,134,122,0.328290397295153,0.0502825681143362,0.0128958401727663
14380,0.167362977122241,0.0338750956427486,0.0877082230747736,0.0473825179156212,11,10,11,11,0.0740917434235527,0.167348398384407,0.0343513602477122
14381,-0.0091540055266131,-0.015199164041889,-0.0198093247898487,0.113608875476622,86,80,86,82,0.140318100984554,-0.00916858426444689,-0.0147228994369254
14387,-0.0292870604000114,0.0424275869486222,0.043970175160489,-0.1858931684928,76,68,76,59,-0.159183942984868,-0.0293016391378452,0.0429038515535858
14389,0.0092359341398527,-0.0122146232761655,-0.0535300208266866,0.06533912625512,75,73,75,15,0.0920483517630515,0.00922135540201891,-0.0117383586712019
14397,0.0237125077479597,0.0034043348202076,-0.0027350751965603,0.0125370229523596,67,63,67,45,0.0392462484602911,0.0236979290101259,0.00388059942517117
14400,-0.0046741972000107,-0.0186228117531748,-0.0762947671124954,,6,6,6,,,,
14413,-0.0321414640225412,0.0448233574642229,0.0373903802760075,0.0514183335974478,161,151,161,143,0.0781275591053793,-0.032156042760375,0.0452996220691865
14416,-0.0217492134545397,-0.0274246000184536,0.0199465334200025,0.0801599792582632,323,302,323,301,0.106869204766195,-0.0217637921923735,-0.02694833541349
14417,0.0029618990580098,-0.0188205893404289,-0.0560881456884844,0.0013368949052259,26,22,26,1,0.0280461204131574,0.00294732032017601,-0.0183443247354653
14418,-0.0205551611303744,-0.0421384062402457,-0.127561332459988,-0.256272665255455,50,48,50,15,-0.229563439747524,-0.0205697398682082,-0.0416621416352821
14420,-0.0152117318426975,-0.0167818532987307,-0.0234734040688204,-0.0020727963157937,86,80,86,76,0.0246364291921378,-0.0152263105805313,-0.0163055886937671
14421,0.0101688781369209,-0.0006394875390845,-0.105706811821457,-0.0168231392466462,59,58,59,8,0.00988608626128529,0.0101542993990871,-0.000163222934120928
14428,0.0184663068841511,0.0002842496580696,0.0673338878865805,-0.117282081955061,32,32,32,27,-0.0905728564471295,0.0184517281463173,0.000760514263033172
14439,-0.0389632895566766,-0.0054554526397704,-0.0501669984990376,,10,8,10,,,,
14453,0.0036093909086639,-0.0089306767940391,0.000630593520151,-0.273921215263385,60,60,60,56,-0.247211989755454,0.00359481217083011,-0.00845441218907553
14454,-0.0157887757371975,-0.045374959117902,-0.118775793966516,-0.288408153395745,78,76,78,10,-0.261698927887814,-0.0158033544750313,-0.0448986945129384
14462,0.0277087786987979,-0.0275087753204471,-0.0929452468360275,-0.0847192242302875,50,49,50,10,-0.058009998722356,0.0276941999609641,-0.0270325107154835
14466,-0.0655546982591853,0.0195586346067202,0.0496367714988415,0.335708401790799,121,118,121,120,0.362417627298731,-0.0655692769970191,0.0200348992116838
14467,-0.010128505241035,-0.0486846837722954,-0.0903308211255716,0.220504990442154,21,20,21,1,0.247214215950086,-0.0101430839788688,-0.0482084191673318
14470,-0.0289851350992947,-0.0578409524605941,-0.194847536555671,-0.21549056723319,290,279,290,116,-0.188781341725259,-0.0289997138371285,-0.0573646878556305
14476,0.0820007493937845,0.0506162595299184,0.0922143056863485,0.282995890007409,90,83,90,83,0.309705115515341,0.0819861706559507,0.051092524134882
14487,-0.0504888230837859,0.027846551840808,0.0576241379003396,-0.0504395331309649,219,204,219,195,-0.0237303076230334,-0.0505034018216197,0.0283228164457716
14490,-0.0435391909507977,0.0052435013518969,0.0439992770554706,-0.13916444033123,197,180,197,140,-0.112455214823299,-0.0435537696886315,0.00571976595686047
14492,-0.0187419462026959,-0.0349238220911023,-0.106248944632643,0.076297533610057,36,35,36,3,0.103006759117988,-0.0187565249405297,-0.0344475574861387
14494,-0.133343872346503,0.002622155167796,0.0179375776001498,-0.0997641745938603,93,88,93,83,-0.0730549490859288,-0.133358451084337,0.00309841977275957
14498,0.0973993361695534,0.011616961695103,0.0377915826896329,0.376082071087624,107,104,107,105,0.402791296595555,0.0973847574317196,0.0120932263000666
14502,0.246121513368659,0.0899886521790605,0.146697656689813,0.455046085514197,88,85,88,79,0.481755311022129,0.246106934630825,0.0904649167840241
14504,-0.0771878405163152,-0.0270702181169991,-0.0537401464228391,-0.1047956067942,80,73,80,68,-0.0780863812862685,-0.077202419254149,-0.0265939535120355
14506,-0.0180140554702806,0.0575187158003417,0.0496843730763814,0.110749297664498,299,291,299,289,0.137458523172429,-0.0180286342081144,0.0579949804053053
14507,0.0056872823728086,-0.00586634896405,-0.0169537617048862,,1,1,1,,,,
14508,0.0197089308898206,0.0980093257879266,0.106960414334524,0.5711594209639,84,83,84,81,0.597868646471832,0.0196943521519868,0.0984855903928902
14510,0.003299202753584,0.0512383798910592,0.0665665294073109,0.0003703362615059,208,191,208,187,0.0270795617694374,0.00328462401575021,0.0517146444960228
14511,-0.0460646822630152,-0.0481368845176979,-0.0130388767960818,-0.0578544049462187,94,89,94,82,-0.0311451794382872,-0.046079261000849,-0.0476606199127343
14514,0.0087590856749037,0.0300268126007246,0.0805006626670235,0.199784786306634,255,228,255,240,0.226494011814566,0.00874450693706991,0.0305030772056882
14516,-0.0410736865811808,-0.0222437801523001,-0.0707745022914295,,4,4,4,,,,
14523,0.0481185805264414,-0.0055816933278423,0.0511185727226397,0.0209028686869552,300,277,300,252,0.0476120941948867,0.0481040017886076,-0.00510542872287873
14525,-0.0024409437317055,-0.0423339218001881,-0.130187267618863,0.26715841672663,39,39,39,2,0.293867642234561,-0.00245552246953929,-0.0418576571952245
14526,-0.0819500120455511,0.0122963140618809,-0.0004414602995822,-0.0139250068700747,263,245,263,230,0.0127842186378568,-0.0819645907833849,0.0127725786668445
14527,-0.0050019948104098,0.0134972041216613,0.0331404688234098,-0.11416531798925,123,109,123,93,-0.0874560924813185,-0.00501657354824359,0.0139734687266249
14534,-0.0179021102695811,0.0492730836497597,0.0856443691406819,0.0384953648582791,115,106,115,101,0.0652045903662106,-0.0179166890074149,0.0497493482547233
14537,-0.0440195304664352,0.0003484089220377,0.0211848966078371,-0.0310120028448731,236,219,236,196,-0.0043027773369416,-0.044034109204269,0.000824673527001272
14538,-0.0315607901459978,-0.0131371954312024,0.008542902364716,0.0581799240014697,212,198,212,204,0.0848891495094012,-0.0315753688838316,-0.0126609308262388
14541,-0.0005999481313776,0.0145934358849353,0.013676370391409,-0.0973385141089076,125,119,125,116,-0.0706292886009761,-0.000614526869211392,0.0150697004898989
14545,-0.0221454216270149,-0.023455266214248,-0.121374638855841,-0.13976759822669,91,87,91,13,-0.113058372718759,-0.0221600003648487,-0.0229790016092844
14547,-0.0115338914321205,-0.0210537036940598,-0.045320395044241,0.099212787753788,23,23,23,4,0.12592201326172,-0.0115484701699543,-0.0205774390890962
14552,-0.0531644707639794,-0.0619418799442466,-0.0728121056744771,-0.167266562358796,142,129,142,127,-0.140557336850865,-0.0531790495018132,-0.061465615339283
14556,-0.0531864470459209,0.0256793961321264,0.0077283585326678,0.038726280256584,69,63,69,34,0.0654355057645155,-0.0532010257837547,0.02615566073709
14565,-0.119780303170801,0.01047134175542,0.021767001306303,-0.0550954595136786,109,105,109,99,-0.0283862340057471,-0.119794881908635,0.0109476063603836
14568,-0.0359148725779287,-0.0120549405236183,-0.0012010232664432,-0.21889617928423,117,111,117,100,-0.192186953776298,-0.0359294513157625,-0.0115786759186547
14573,0.015275980661948,0.002412735255184,-0.0001306273337995,,1,1,1,,,,
14580,-0.0468576531938759,0.0071137122933549,0.0329978414328634,0.0142159649746016,92,85,92,73,0.0409251904825331,-0.0468722319317097,0.00758997689831847
14592,0.0094032518304749,-0.0229043346020628,-0.103514476132379,0.112863841753712,83,79,83,10,0.139573067261644,0.00938867309264111,-0.0224280699970992
14594,0.0319124864070604,0.0248629859656659,0.0588650708840086,-0.0308166238658755,111,102,111,101,-0.00410739835794401,0.0318979076692266,0.0253392505706295
14599,-0.0160209906743232,-0.0498660371577662,-0.0276702336444836,0.0755069645610548,88,83,88,83,0.102216190068986,-0.016035569412157,-0.0493897725528026
14605,-0.009294009531626,0.0109823580912831,0.0557657647751351,0.025841343850171,227,210,227,195,0.0525505693581025,-0.00930858826945979,0.0114586226962467
14606,-0.0486643661947218,-0.0110010788909771,0.0151523634919928,-0.0665033734462156,70,66,70,57,-0.0397941479382841,-0.0486789449325556,-0.0105248142860135
14608,-0.0466401893674618,-0.0359420659001869,-0.0147780602041395,-0.277896497969006,267,244,267,203,-0.251187272461075,-0.0466547681052956,-0.0354658012952233
14614,-0.0917827698060014,0.0371806214659578,0.0343651062094549,-0.104748261570192,226,219,226,215,-0.0780390360622605,-0.0917973485438352,0.0376568860709214
14616,-0.0559284083725002,-0.0199782341385711,-0.0057386217868619,-0.237704054744917,63,60,63,46,-0.210994829236985,-0.055942987110334,-0.0195019695336075
14622,-0.0657864734595396,-0.0311637542699377,-0.0832382178373289,0.0235169173272578,90,86,90,79,0.0502261428351893,-0.0658010521973734,-0.0306874896649741
14625,0.0098375304056034,-0.0163771931875179,-0.0370411648376432,0.0043138790672246,25,24,25,3,0.0310231045751561,0.00982295166776961,-0.0159009285825543
14626,-0.0399510174044124,-0.0595012400420397,-0.0236868342559876,-0.217042042678956,81,72,81,53,-0.190332817171024,-0.0399655961422462,-0.0590249754370761
14628,-0.0385599627150465,-0.0464803664896564,-0.0674769705703141,-0.0384587226310635,31,29,31,12,-0.011749497123132,-0.0385745414528803,-0.0460041018846928
14629,-0.0770362428421986,0.0132355159949493,-0.0051966682120651,-0.108308823700199,384,345,384,326,-0.0815995981922675,-0.0770508215800324,0.0137117805999129
14641,-0.0556612533192767,-0.0357602289712591,-0.0372159802003463,0.0170257869473543,120,115,120,104,0.0437350124552858,-0.0556758320571105,-0.0352839643662955
14642,0.0169950009931719,-0.0286315522602821,-0.0391076494314678,-0.101822817648873,116,110,116,76,-0.0751135921409415,0.0169804222553381,-0.0281552876553185
14643,-0.0429121159245047,0.0394532677080104,0.0467092862626703,-0.101417348626243,67,62,67,54,-0.0747081231183115,-0.0429266946623385,0.039929532312974
14654,-0.0284952516573167,-0.0564146162859467,-0.10209565672209,-0.137352175484722,72,63,72,22,-0.110642949976791,-0.0285098303951505,-0.0559383516809831
14655,-0.0042902132086505,0.0017416932622004,-0.0007580153436321,,1,1,1,,,,
14657,-0.0474200539516428,-0.0349717795849718,-0.0690237680269077,-0.157238338856073,22,22,22,13,-0.130529113348141,-0.0474346326894766,-0.0344955149800082
14659,-0.0140826183138141,-0.0403701171399478,-0.0525531642635587,-0.254677847781013,60,55,60,35,-0.227968622273082,-0.0140971970516479,-0.0398938525349842
14670,0.0265424806129501,0.029645620192536,0.104888650498838,-0.0552890293737206,238,228,238,220,-0.0285798038657891,0.0265279018751163,0.0301218847974996
14671,-0.0358841568170492,0.0258707939145616,-0.0050064264113847,-0.111805681267425,196,167,196,159,-0.0850964557594935,-0.035898735554883,0.0263470585195252
14673,-0.0373173872105823,0.0146120320532871,0.0423482066689971,-0.0853706905774508,117,106,117,98,-0.0586614650695193,-0.0373319659484161,0.0150882966582507
14674,0.0069687489060395,0.0418993488331119,0.0506679234670812,-0.156704310638343,246,229,246,214,-0.129995085130412,0.00695417016820571,0.0423756134380755
14675,0.0315331924758299,-0.0048895272420008,0.0293075073698629,0.10764453765023,41,38,41,34,0.134353763158162,0.0315186137379961,-0.00441326263703723
14676,-0.0314754155439061,-0.0050575533897713,-0.0202353109135152,,2,2,2,,,,
14677,-0.0850104336050512,-0.0390049561874061,-0.0628120472151625,-0.203310200766909,76,70,76,50,-0.176600975258978,-0.085025012342885,-0.0385286915824425
14687,-0.0719156104433505,-0.0348676729064407,-0.0791781404435546,-0.0589070194363446,129,119,129,108,-0.0321977939284131,-0.0719301891811843,-0.0343914083014771
14697,-0.025830101121461,0.0257931517739795,0.0492243727016473,-0.08614575197596,268,250,268,236,-0.0594365264680285,-0.0258446798592948,0.0262694163789431
14699,-0.0042600490441819,-0.0236850323635196,-0.0101391681512055,-0.0065501982792117,164,156,164,159,0.0201590272287198,-0.00427462778201569,-0.023208767758556
14703,-0.0997104099895692,0.0201124326199928,-0.0465101195750797,-0.141577921143219,286,271,286,250,-0.114868695635288,-0.099724988727403,0.0205886972249564
14707,-0.0181222828647375,0.0385450083959396,0.0604670532415783,0.0253906529239134,94,88,94,89,0.0520998784318449,-0.0181368616025713,0.0390212730009032
14711,-0.0196598144382887,-0.0232538274518891,-0.136767479139951,0.126282815525362,47,47,47,7,0.152992041033294,-0.0196743931761225,-0.0227775628469255
14716,-0.0296080097017092,0.0513712677331624,0.0348413416472943,-0.179043459086159,163,155,163,151,-0.152334233578228,-0.029622588439543,0.051847532338126
14717,-0.0542453212778075,-0.0502520617393494,0.0379608987633759,-0.135260514826776,132,118,132,114,-0.108551289318845,-0.0542599000156413,-0.0497757971343858
14720,-0.07731475302959,-0.0746861911023816,-0.151151218168399,-0.222116602809937,243,195,243,132,-0.195407377302006,-0.0773293317674238,-0.074209926497418
14750,0.0123173651865175,0.0297015940126901,0.0615796530748094,-0.0724707938801497,100,92,100,95,-0.0457615683722182,0.0123027864486837,0.0301778586176537
14751,0.0312755676051552,0.0366669199859098,0.0523278375386576,-0.010439438125636,98,92,98,84,0.0162697873822955,0.0312609888673214,0.0371431845908734
14759,-0.0280868025296757,-0.0341627371093962,-0.133385593079079,-0.186344063031547,31,31,31,8,-0.159634837523616,-0.0281013812675095,-0.0336864725044326
14761,-0.0021800839686951,-0.0017841083403067,-0.0355324364574402,0.139597283780499,4,4,4,1,0.166306509288431,-0.00219466270652889,-0.00130784373534313
14764,-0.050335698404912,0.0611334927102565,0.0796654877791153,0.21233292960958,206,201,206,194,0.239042155117512,-0.0503502771427458,0.0616097573152201
14770,-0.0580572517977696,0.0621610631016817,0.112978974638638,0.212623136284427,234,217,234,222,0.239332361792359,-0.0580718305356034,0.0626373277066453
14771,-0.0657067510210768,0.0493690496794445,0.114007867205421,0.0989562736159527,55,54,55,53,0.125665499123884,-0.0657213297589106,0.0498453142844081
14773,-0.051060583423559,0.0237479570953739,-0.0224124249498725,-0.171403277613347,124,114,124,117,-0.144694052105416,-0.0510751621613928,0.0242242217003375
14775,-0.0203633444132777,-0.0243014812366354,-0.01737227760487,-0.258808527861312,97,91,97,86,-0.232099302353381,-0.0203779231511115,-0.0238252166316718
14778,-0.0587302905874321,-0.0353998092623429,-0.026309739843379,-0.138374664379544,98,90,98,64,-0.111665438871613,-0.0587448693252659,-0.0349235446573793
14779,-0.0626472513916834,-0.0018673789545468,0.0242127903406214,-0.0297760476956132,99,90,99,88,-0.0030668221876817,-0.0626618301295172,-0.00139111434958323
14782,0.0039735975038097,-0.009682483497442,0.0356835394411102,0.109278043354271,116,111,116,104,0.135987268862203,0.00395901876597591,-0.00920621889247843
14783,-0.0729395093205858,0.0446285938952182,0.0528637674979773,-0.0384649151546959,288,265,288,254,-0.0117556896467644,-0.0729540880584196,0.0451048585001818
14788,-0.0381885962610679,0.0074340983720472,0.0245276071521043,-0.126779826251268,108,100,108,88,-0.100070600743336,-0.0382031749989017,0.00791036297701077
14790,-0.054013113514256,0.0116016720828426,0.0048797962576372,-0.0921053501326764,189,175,189,160,-0.0653961246247449,-0.0540276922520898,0.0120779366878062
14791,-0.0179247016635155,-0.0210838268909156,-0.0658669279432504,,6,6,6,,,,
14796,0.011405474006437,-0.0416806000072419,-0.106632819525609,-0.0130034651184412,16,16,16,4,0.0137057603894903,0.0113908952686032,-0.0412043354022783
14818,-0.050518541637931,0.0142819223532602,0.024306578545131,0.0853549782755714,166,156,166,148,0.112064203783503,-0.0505331203757648,0.0147581869582238
14819,-0.0707108973220295,-0.017346516763766,-0.0219535853925194,0.111361675671663,84,78,84,74,0.138070901179595,-0.0707254760598633,-0.0168702521588024
14820,-0.0232839989051145,-0.0287743080669363,-0.0577077351253742,-0.0517676291190519,65,59,65,41,-0.0250584036111204,-0.0232985776429483,-0.0282980434619727
14822,-0.0362729167019243,0.0333108121297689,0.0577935193942521,-0.0676703344455454,176,152,176,149,-0.0409611089376139,-0.0362874954397581,0.0337870767347325
14823,0.0019766541288657,0.0024284752601233,-0.0393773768621704,-0.0060956613414421,71,68,71,62,0.0206135641664894,0.00196207539103191,0.00290473986508687
14825,-0.0641775456996096,-0.056678193621758,-0.0773191130683232,-0.0983167847283971,117,111,117,82,-0.0716075592204656,-0.0641921244374434,-0.0562019290167944
14846,-0.0118170746124194,-0.0145941646617649,-0.0707949384021392,-0.0165615703259906,39,36,39,2,0.0101476551819409,-0.0118316533502532,-0.0141179000568013
14852,0.00307572064046,-0.0304987335645051,-0.0941114328840577,0.0019595702443128,62,59,62,7,0.0286687957522443,0.00306114190262621,-0.0300224689595415
14856,-0.0385407205766295,0.0334143373915881,0.0314518025043872,-0.122347612318779,189,181,189,161,-0.0956383868108475,-0.0385552993144633,0.0338906019965517
14860,0.0360920374429162,0.0123489131760308,0.0302639934667817,-0.0522840729402872,53,43,53,48,-0.0255748474323557,0.0360774587050824,0.0128251777809944
14865,0.0318639022406046,-0.0060205528558462,-0.040336297212749,-0.11716231778099,62,57,62,33,-0.0904530922730585,0.0318493235027708,-0.00554428825088263
14866,-0.0026596392518823,-0.0001782218959026,0.0253154636893657,-0.0482694996674599,277,260,277,262,-0.0215602741595284,-0.00267421798971609,0.000298042709060972
14868,-0.0531739575142543,-0.0773935256463016,-0.0774580811914876,-0.128000117729039,120,105,120,55,-0.101290892221108,-0.0531885362520881,-0.076917261041338
14870,-0.0404342120702823,-0.0080461810529573,-0.0576905284638981,-0.193842096635669,67,61,67,43,-0.167132871127738,-0.0404487908081161,-0.00756991644799373
14874,0.021481107328583,0.0040687176026798,-0.0404355691723317,0.0353090010190238,29,28,29,2,0.0620182265269553,0.0214665285907492,0.00454498220764337
14877,-0.0155958702366286,0.0293325276521166,-0.0138134247942461,-0.234769164551392,210,196,210,136,-0.208059939043461,-0.0156104489744624,0.0298087922570802
14879,-0.0166689911625882,0.038671568360222,-0.0383661756282232,-0.172505687200714,688,656,688,451,-0.145796461692782,-0.016683569900422,0.0391478329651856
14881,0.0820934698000576,-0.0708534093567075,-0.0591690121423444,-0.157846903148464,205,183,205,156,-0.131137677640533,0.0820788910622238,-0.0703771447517439
14885,-0.0262329459154521,0.0338930229018528,0.0781359707122246,-0.0795481687997091,60,57,60,59,-0.0528389432917776,-0.0262475246532859,0.0343692875068164
14901,-0.108562122317878,0.0113614415902061,-0.0052247479712761,0.115694629539099,225,207,225,200,0.14240385504703,-0.108576701055712,0.0118377061951697
14902,-0.0570145197586372,0.0518430932401596,0.109134457816627,-0.0495469047192739,103,94,103,93,-0.0228376792113424,-0.057029098496471,0.0523193578451232
14910,-0.0168961258685234,-0.0336686480674304,-0.123397285531578,,17,15,17,,,,
14912,-0.0457349248670278,0.0467250795494659,0.100588538810007,0.0693843083348689,309,300,309,294,0.0960935338428004,-0.0457495036048616,0.0472013441544295
14913,-0.0333694514640148,0.0028096384194223,0.0800100451893044,-0.163106624448701,102,95,102,84,-0.13639739894077,-0.0333840302018486,0.00328590302438587
14922,-0.0513976965863832,0.0726120053702592,0.0990176864257807,-0.0330084790979483,98,94,98,79,-0.00629925359001681,-0.051412275324217,0.0730882699752228
14923,-0.082145910489688,-0.0185716289328676,-0.057902380639632,-0.181297984745125,140,134,140,114,-0.154588759237194,-0.0821604892275218,-0.018095364327904
14946,-0.0013321782985095,-0.0017167432170978,-0.0058335771559163,,1,1,1,,,,
14952,0.0645307376660796,0.0486467208930209,0.106120299678065,0.224501743105055,110,104,110,99,0.251210968612986,0.0645161589282458,0.0491229854979845
14953,-0.0695819837924539,-0.0238886068787553,-0.0573387436033008,-0.251507955571261,98,90,98,80,-0.22479873006333,-0.0695965625302877,-0.0234123422737917
15502,-0.0711106532743345,-0.0545140809440811,-0.0250796818586529,-0.142009414511809,259,235,259,209,-0.115300189003878,-0.0711252320121683,-0.0540378163391175
15510,0.0225409721898476,0.0851037864439832,0.114176900794451,0.477002639401505,195,192,195,193,0.503711864909437,0.0225263934520138,0.0855800510489468
15521,0.164178828027662,0.0114039140574207,0.0490087602962195,0.664505250221333,208,204,208,199,0.691214475729265,0.164164249289828,0.0118801786623843
15522,0.0420727544470448,-0.0573498110627099,-0.0609166790483561,-0.150032959746741,95,93,95,82,-0.12332373423881,0.042058175709211,-0.0568735464577463
15524,0.102858909141619,-0.0378274793193369,0.0294739271187128,0.481341781927101,76,73,76,70,0.508051007435033,0.102844330403785,-0.0373512147143733
15534,-0.0743402783692926,-0.0052387675174601,0.0141793409562191,-0.0798413767184376,195,186,195,170,-0.0531321512105061,-0.0743548571071264,-0.00476250291249653
15535,0.0099462412161706,-0.0352201213748369,-0.0978785951916168,,9,9,9,,,,
15544,-0.0172973720274604,0.0551288504904253,0.0570377929483096,-0.0163267439367064,101,93,101,92,0.0103824815712251,-0.0173119507652942,0.0556051150953889
15554,-0.0555634312922527,0.0368305559045255,0.0517541609773277,0.323009278603876,229,225,229,219,0.349718504111808,-0.0555780100300865,0.0373068205094891
15564,0.329108485287325,0.0128070543138733,0.13792433272706,0.541514841838718,173,167,173,169,0.56822406734665,0.329093906549491,0.0132833189188369
15574,-0.0667838797497301,-0.0359615441620007,-0.10127115904804,-0.0106780149502296,33,31,33,4,0.0160312105577019,-0.0667984584875639,-0.0354852795570371
15576,0.299859158111136,0.0134182185097244,0.0954620089276263,0.665387966011474,76,69,76,75,0.692097191519406,0.299844579373302,0.013894483114688
15583,-0.0534275392925142,-0.0785451965055092,-0.132166443205156,-0.0843073771160124,326,291,326,158,-0.0575981516080809,-0.053442118030348,-0.0780689319005456
15589,-0.0382256634825603,0.0092261353543725,0.0150255770062335,-0.0509319322253332,75,67,75,62,-0.0242227067174017,-0.0382402422203941,0.00970239995933607
15593,-0.0306650701754185,-0.0208725216618016,-0.0754599554447833,,7,7,7,,,,
15596,-0.0620014095340768,-0.0051591137124752,0.0035664479401175,-0.0304287454295949,58,53,58,34,-0.00371951992166341,-0.0620159882719106,-0.00468284910751163
15600,-0.037338688160107,0.0058561609360826,0.0561662043791437,-0.115005992523849,176,160,176,157,-0.0882967670159175,-0.0373532668979408,0.00633242554104617
15601,-0.0730267236229308,0.0217662058980811,-0.066995027128151,-0.10077059626589,207,200,207,194,-0.0740613707579585,-0.0730413023607646,0.0222424705030447
15610,-0.0732048868219523,-0.0107555876756256,-0.0440522295572268,-0.121997098099265,183,171,183,167,-0.0952878725913335,-0.0732194655597861,-0.010279323070662
15621,-0.127312721300979,-0.001305963281378,-0.01367786925475,-0.328181310589509,135,128,135,124,-0.301472085081578,-0.127327300038813,-0.000829698676414428
15624,-0.0373481695973266,-0.0421634200351137,-0.027705808369394,-0.134818129302523,370,337,370,323,-0.108108903794591,-0.0373627483351604,-0.0416871554301501
15627,-0.0686496031399036,-0.0142027547484617,-0.0474657430908931,-0.212020439852531,100,89,100,77,-0.1853112143446,-0.0686641818777374,-0.0137264901434981
15631,-0.0031977946145714,-0.000694313952202,0.0416366784307736,0.0116315661333388,89,85,89,86,0.0383407916412703,-0.00321237335240519,-0.000218049347238428
15633,-0.0337858274297651,0.0256651177812641,0.0394707845369548,-0.0136023813760364,121,117,121,108,0.0131068441318951,-0.0338004061675989,0.0261413823862277
15643,-0.0126229631260004,0.0654835069571308,0.0984736720294433,-0.250283663673903,50,45,50,24,-0.223574438165972,-0.0126375418638342,0.0659597715620944
15646,-0.0580319562348904,-0.0555479697724464,-0.0624631080904473,-0.116145889378446,687,647,687,393,-0.0894366638705145,-0.0580465349727242,-0.0550717051674828
15657,-0.0438820556042927,0.0685176956553461,0.0958266492122785,0.244907780025668,262,250,262,249,0.271617005533599,-0.0438966343421265,0.0689939602603097
15662,-0.0643769126618332,-0.067167649722526,-0.094261754652177,-0.120879167010243,374,363,374,319,-0.0941699415023115,-0.064391491399667,-0.0666913851175624
15664,-0.0027487512591517,-0.020408302946048,0.0287919499461652,-0.0047148083770114,400,370,400,358,0.0219944171309201,-0.00276332999698549,-0.0199320383410844
15665,-0.0125965488897896,-0.0326619344095643,-0.118913302536048,0.153581233316645,61,59,61,3,0.180290458824577,-0.0126111276276234,-0.0321856698046007
15676,-0.0772056795639186,-0.0186883760193954,-0.0590633667917061,0.0050869398110514,271,255,271,221,0.0317961653189829,-0.0772202583017524,-0.0182121114144318
15682,-0.0902965931431657,0.0234183513398164,-0.0757664735918129,-0.0595305566930569,79,75,79,64,-0.0328213311851254,-0.0903111718809995,0.02389461594478
15683,-0.0709301547902495,-0.0068763932971841,0.0206380818441217,-0.0449641634440223,215,191,215,185,-0.0182549379360908,-0.0709447335280833,-0.00640012869222053
15684,-0.0844510120693679,0.0183020400832436,0.0532939899921243,0.0834138171512737,115,110,115,113,0.110123042659205,-0.0844655908072017,0.0187783046882072
15690,0.0184252922754249,0.0645159085200128,0.081930061387901,0.634231929445078,243,237,243,238,0.66094115495301,0.0184107135375911,0.0649921731249764
15700,-0.0214622728533539,0.0293519455157298,0.0579305744527838,0.0248937009634854,250,228,250,234,0.0516029264714169,-0.0214768515911877,0.0298282101206934
15707,-0.0992262607705748,-0.0165819326815884,-0.0225775832762059,-0.217364162708638,74,69,74,58,-0.190654937200707,-0.0992408395084086,-0.0161056680766248
15719,-0.0393052865218203,-0.0169023359116911,0.0308266800976544,-0.067001223823019,42,41,42,30,-0.0402919983150875,-0.0393198652596541,-0.0164260713067275
15720,-0.0356383717911772,-0.058640983358927,-0.0927840554195919,-0.0452158322981833,275,255,275,153,-0.0185066067902518,-0.035652950529011,-0.0581647187539634
15722,0.025133255957103,-0.0101628472838833,-0.0037387713496729,0.242369808408283,161,155,161,149,0.269079033916215,0.0251186772192692,-0.00968658267891973
15723,-0.0305549134814203,-0.0594613483127145,-0.130023534481261,-0.167273984406336,47,46,47,5,-0.140564758898405,-0.0305694922192541,-0.0589850837077509
15726,-0.0582740411164539,0.0037212396552668,0.0134692472840385,-0.25538300535595,50,49,50,36,-0.228673779848018,-0.0582886198542877,0.00419750426023037
15731,-0.0512892485261413,-0.0331154816445252,-0.0282713987868997,-0.0222366623831467,94,92,94,77,0.0044725631247848,-0.0513038272639751,-0.0326392170395616
15732,0.0135274932789606,-0.0207336502277681,-0.0751059746266774,,15,15,15,,,,
15739,-0.0775686869673794,-0.0917717408897359,-0.118431572751952,-0.262434537713414,235,225,235,170,-0.235725312205483,-0.0775832657052132,-0.0912954762847723
15744,-0.0254164648672015,-0.0108022744269771,-0.0211960239574883,-0.0197519008562413,136,123,136,114,0.0069573246516902,-0.0254310436050353,-0.0103260098220135
15745,-0.0471243226212825,-0.0187173728178964,-0.0555050062878951,-0.199645936946757,163,153,163,125,-0.172936711438826,-0.0471389013591163,-0.0182411082129328
15746,-0.0477294588925033,-0.0479858445730339,-0.105267815126742,-0.0259828419903944,49,48,49,17,0.000726383517537094,-0.0477440376303371,-0.0475095799680703
15750,-0.075787296465542,-0.0225926027869563,-0.0197830078714467,-0.0817946132205016,94,82,94,52,-0.0550853877125701,-0.0758018752033758,-0.0221163381819927
15756,-0.0311884219271894,0.0058457625632412,-0.0757962883596062,-0.168451140827645,27,26,27,3,-0.141741915319714,-0.0312030006650232,0.00632202716820477
15758,-0.0108117913798013,-0.0194387537123928,0.0598638353034683,-0.109999280129526,74,68,74,66,-0.0832900546215945,-0.0108263701176351,-0.0189624891074292
15759,-0.0812645745741834,0.0226187696068643,-0.0392399597989615,-0.166962712191045,260,249,260,127,-0.140253486683114,-0.0812791533120172,0.0230950342118279
15763,-0.0319710158168896,-0.0490690981431766,-0.136684262261232,-0.0492399243445121,11,11,11,3,-0.0225306988365806,-0.0319855945547234,-0.048592833538213
15767,-0.0922346795332381,-0.0383354131363931,0.0088508866629075,-0.124607652023971,134,126,134,103,-0.0978984265160395,-0.0922492582710719,-0.0378591485314295
15769,-0.042892001399988,-0.0223599034914347,-0.0682631495519553,-0.0141390432194073,106,102,106,26,0.0125701822885242,-0.0429065801378218,-0.0218836388864711
15774,-0.020548074449757,-0.0404743133981765,-0.110742629951713,-0.109164109181526,76,59,76,21,-0.0824548836735945,-0.0205626531875908,-0.0399980487932129
15775,-0.0644845156373971,-0.0678344726232909,-0.0591000056752807,-0.159817738893885,141,135,141,97,-0.133108513385954,-0.0644990943752309,-0.0673582080183273
15781,-0.0191255235586511,-0.0301503621024302,-0.0480555620376201,-0.218592051208148,215,193,215,127,-0.191882825700217,-0.0191401022964849,-0.0296740974974666
15787,-0.0511887717586026,-0.0343296588958847,-0.0787567371622064,-0.163923401380968,167,154,167,141,-0.137214175873037,-0.0512033504964364,-0.0338533942909211
15792,-0.0739270370711542,0.0596971867314672,0.0598657682297258,-0.0459922417102298,133,127,133,114,-0.0192830162022983,-0.073941615808988,0.0601734513364308
15793,-0.0521438973855388,-0.0077241630943213,0.0206038857503247,-0.187609528913309,127,115,127,102,-0.160900303405378,-0.0521584761233726,-0.00724789848935773
15808,-0.0832122020487947,-0.0290630762803071,-0.098916866585367,-0.084327808875818,127,123,127,81,-0.0576185833678865,-0.0832267807866285,-0.0285868116753435
15809,-0.0701572763590939,-0.0002922958256335,-0.0023326726207663,-0.0845378591258384,191,182,191,153,-0.0578286336179069,-0.0701718550969277,0.000183968779330072
15817,-0.0609729205578859,-0.0266305322387102,-0.0138795131178211,0.121611029725153,322,312,322,301,0.148320255233085,-0.0609874992957197,-0.0261542676337466
15820,0.0028489570980786,-0.0351921397036898,-0.0180564116593588,0.0175142722241215,213,195,213,189,0.044223497732053,0.00283437836024481,-0.0347158750987262
15830,-0.0250285318467896,-0.038640096988528,-0.08280519524014,-0.0924135815266861,16,15,16,1,-0.0657043560187546,-0.0250431105846234,-0.0381638323835644
15832,-0.0359489453396649,0.0026986008276416,-0.0304355392724147,-0.205835575276125,46,39,46,32,-0.179126349768194,-0.0359635240774987,0.00317486543260517
15840,-0.0713862853793061,-0.12419084663789,-0.0943764868470585,-0.28165573867973,175,161,175,84,-0.254946513171799,-0.0714008641171399,-0.123714582032926
15843,-0.0477655294199818,0.0634749189531955,-0.0677892862628308,-0.185501177506092,511,482,511,259,-0.15879195199816,-0.0477801081578156,0.0639511835581591
15848,-0.0155390213361511,-0.0205568289038413,-0.0691413174167189,0.0952376873150469,10,10,10,1,0.121946912822978,-0.0155536000739849,-0.0200805642988777
15854,-0.0478782887444725,-0.0598496966270893,-0.131648358951343,-0.0804007885438146,39,36,39,6,-0.0536915630358831,-0.0478928674823063,-0.0593734320221257
16410,-0.0650059619342346,-0.0110763539375376,-0.0784739345959707,-0.0562857170393846,169,155,169,127,-0.0295764915314531,-0.0650205406720684,-0.010600089332574
16415,-0.0918330855141765,0.016390789278707,-0.0159127318430932,-0.106654837704315,431,410,431,400,-0.0799456121963835,-0.0918476642520103,0.0168670538836706
16417,-0.100185915858887,0.0246257938323565,-0.049302863474744,-0.221569295375836,768,722,768,505,-0.194860069867905,-0.100200494596721,0.0251020584373201
16424,-0.0984950093009093,-0.0528511770082871,-0.0625900591547782,-0.204773180806518,243,228,243,209,-0.178063955298587,-0.0985095880387431,-0.0523749124033235
16427,-0.126026098595084,-0.0069843842808176,-0.039705855711675,-0.0073007583943191,153,148,153,139,0.0194084671136124,-0.126040677332918,-0.00650811967585403
16431,0.21141218946826,0.0560385239849077,0.102500679796282,0.716820858666099,97,92,97,92,0.743530084174031,0.211397610730426,0.0565147885898713
16432,-0.034674805083564,-0.015103802320041,-0.166300517182405,-0.0781026363420829,69,65,69,24,-0.0513934108341514,-0.0346893838213978,-0.0146275377150774
16434,-0.0653997326748782,-0.055699327887914,-0.148651808832608,-0.227371697887693,321,310,321,111,-0.200662472379761,-0.065414311412712,-0.0552230632829504
16441,-0.112214058413031,-0.0009807419201476,-0.0280215826278834,0.0702512370119101,515,493,515,454,0.0969604625198416,-0.112228637150865,-0.000504477315184028
16443,-0.0633004531075499,-0.0562233865254258,-0.101568959366163,-0.118775753845666,560,524,560,201,-0.0920665283377345,-0.0633150318453837,-0.0557471219204622
16444,-0.0065969258728626,-0.0003821179606962,-0.008354322064627,,1,1,1,,,,
16446,-0.0826401387164261,-0.0530629610771315,-0.0950974239061574,-0.198918280938278,365,323,365,253,-0.172209055430347,-0.0826547174542599,-0.0525866964721679
16448,-0.105544119063053,-0.0438790019749859,-0.0067823636759015,-0.0814811377284571,466,448,466,409,-0.0547719122205256,-0.105558697800887,-0.0434027373700223
16452,-0.0677469749695097,0.0190533609410767,-0.0813997885071339,-0.151331877044171,369,337,369,164,-0.12462265153624,-0.0677615537073435,0.0195296255460403
16453,0.185094392403028,0.0500835545137008,0.148622711030769,0.930629895479578,109,104,109,106,0.957339120987509,0.185079813665194,0.0505598191186644
16457,-0.0168666720633944,-0.0582273466006301,-0.116234421125309,-0.17480447389236,69,64,69,6,-0.148095248384429,-0.0168812508012282,-0.0577510819956665
16459,-0.03481972444418,0.0439440613941026,0.0257648433938421,-0.227433901129357,87,84,87,49,-0.200724675621426,-0.0348343031820138,0.0444203259990662
16461,-0.0140512145258697,-0.0022415818692186,-0.0318360887013038,0.0420137615202861,20,20,20,3,0.0687229870282176,-0.0140657932637035,-0.00176531726425503
16462,-0.0404633543557952,-0.0037118959019695,-0.0669030640062481,-0.0406805860263131,41,40,41,16,-0.0139713605183816,-0.040477933093629,-0.00323563129700593
16467,-0.101482953789046,0.0148997601786802,0.0388868934116292,-0.0348478975691965,293,272,293,228,-0.008138672061265,-0.10149753252688,0.0153760247836438
16469,-0.0631445305395539,-0.0572223781180832,-0.0617387335035221,-0.0275401395943358,248,232,248,198,-0.000830914086404306,-0.0631591092773877,-0.0567461135131196
16470,-0.0996124683768186,-0.0187546069693749,-0.0376269448723829,-0.0231911759131459,224,216,224,216,0.00351804959478559,-0.0996270471146524,-0.0182783423644113
16476,-0.0500087199335403,-0.0016048114718785,-0.0344506361139854,0.193814830899482,77,72,77,76,0.220524056407414,-0.0500232986713741,-0.00112854686691493
16477,-0.0885296540353369,0.0753228550721943,0.0717135874556672,0.40685994028891,117,110,117,109,0.433569165796841,-0.0885442327731707,0.0757991196771579
16485,-0.06351444523894,-0.0321754368862868,0.008266821434407,0.159417143808348,62,61,62,60,0.18612636931628,-0.0635290239767738,-0.0316991722813232
16488,-0.0852799999626918,0.0478094489762038,0.0016173822834228,0.0849561035555758,155,144,155,131,0.111665329063507,-0.0852945787005256,0.0482857135811674
16489,-0.125356759402508,0.010981609929184,0.0292394876280593,0.0574817104982391,91,88,91,85,0.0841909360061706,-0.125371338140342,0.0114578745341476
16494,-0.0956573621377734,-0.0392000994944945,-0.0851512612937345,-0.0700431834334727,121,112,121,93,-0.0433339579255412,-0.0956719408756072,-0.0387238348895309
16497,-0.0991971296227167,-0.0099745205883785,0.0345896921768089,0.073209020726766,84,80,84,80,0.0999182462346975,-0.0992117083605505,-0.00949825598341493
16502,-0.0854947024079284,-0.0611662698221717,-0.0568113414923224,-0.161409141981926,225,211,225,196,-0.134699916473994,-0.0855092811457622,-0.0606900052172081
16507,-0.134880440552152,-0.0185695494502548,-0.0403269371601956,-0.239431458156182,120,118,120,114,-0.21272223264825,-0.134895019289986,-0.0180932848452912
16508,-0.0743138457668539,0.0195662429492175,0.0279004150073989,0.127534466332932,250,236,250,241,0.154243691840864,-0.0743284245046877,0.0200425075541811
16509,0.0284117617815586,-0.0241518608189179,0.0089078549523912,0.066797182321209,128,121,128,116,0.0935064078291405,0.0283971830437248,-0.0236755962139543
16512,-0.104596501448826,-0.0343871935867047,-0.0234117521963265,-0.13800110369157,140,125,140,123,-0.111291878183639,-0.10461108018666,-0.0339109289817411
16520,-0.0516398804950502,0.0374415993414821,0.0842948078015123,0.0603195881242207,50,46,50,46,0.0870288136321522,-0.051654459232884,0.0379178639464457
16535,-0.103205444799895,0.046279372383029,0.0479125162929405,0.0951767802409542,219,205,219,197,0.121886005748886,-0.103220023537729,0.0467556369879926
16541,-0.0889240338715457,-0.0105557186676155,-0.0240399388458195,-0.220540970372776,194,182,194,137,-0.193831744864845,-0.0889386126093795,-0.0100794540626519
16549,-0.0809913131577238,-0.0563199318830172,-0.0505088204492215,-0.0950362555344324,138,127,138,99,-0.0683270300265009,-0.0810058918955576,-0.0558436672780536
16550,-0.135744134753467,0.0246138350423184,0.0455839394931862,0.373913548531335,100,95,100,97,0.400622774039267,-0.135758713491301,0.025090099647282
16551,-0.0487919969932276,-0.0314846099308532,-0.122684477646868,-0.239107754469358,109,96,109,27,-0.212398528961426,-0.0488065757310614,-0.0310083453258896
16556,-0.0058509782797086,-0.0036677052136181,-0.0207937903891646,,1,1,1,,,,
16564,-0.0662128757386115,-0.0154967447306884,-0.0293636633912555,0.0037359010842729,136,113,136,85,0.0304451265922044,-0.0662274544764453,-0.0150204801257248
16570,-0.071106460943252,-0.0658539977409997,-0.0126276438361699,-0.132640816831503,115,103,115,94,-0.105931591323572,-0.0711210396810858,-0.0653777331360361
16582,-0.0687361403902152,-0.101844694013802,-0.145738953218098,-0.201133901402019,536,435,536,237,-0.174424675894088,-0.068750719128049,-0.101368429408838
16583,-0.0581650775798692,-0.10420369496183,-0.0951261962662778,0.0323800076811825,339,311,339,208,0.059089233189114,-0.058179656317703,-0.103727430356866
16587,-0.0472986127369818,0.0001787123444502,0.006581522338546,-0.219389620591057,405,342,405,230,-0.192680395083126,-0.0473131914748156,0.000654976949413772
16588,-0.0834284737404524,-0.0436479285699043,-0.019486304621434,-0.0469171271325165,230,205,230,191,-0.020207901624585,-0.0834430524782862,-0.0431716639649407
16600,-0.128854184838691,-0.0134357014110224,-0.0080380846226345,-0.0580332820692731,321,293,321,277,-0.0313240565613416,-0.128868763576525,-0.0129594368060588
16604,-0.0773453504501894,0.0194935291354039,0.0134174579835656,0.41726852177997,81,78,81,68,0.443977747287901,-0.0773599291880232,0.0199697937403675
16608,-0.073489494450554,-0.0081023356115928,-0.0476415732389164,-0.223010751525905,194,172,194,132,-0.196301526017973,-0.0735040731883878,-0.00762607100662923
16627,-0.129755546672707,0.0168587437315404,0.0205892563009136,0.260449265257723,596,576,596,573,0.287158490765655,-0.129770125410541,0.017335008336504
16634,-0.0850605237157602,0.039214080572337,-0.020526955821742,0.0205646538573559,768,644,768,509,0.0472738793652874,-0.085075102453594,0.0396903451773006
16642,-0.0462114763816522,-0.0041442759515252,-0.0383516359281313,0.150248817870566,41,38,41,19,0.176958043378498,-0.046226055119486,-0.00366801134656163
16644,-0.0897194694687895,0.0069582340501511,-0.0403031304396098,-0.105206024502116,460,422,460,343,-0.0784967989941845,-0.0897340482066233,0.00743449865511467
16652,-0.0385720962838952,-0.0300767349129267,-0.0208314990881343,0.210755054073258,47,40,47,24,0.23746427958119,-0.038586675021729,-0.0296004703079631
16656,-0.0012010519216339,0.0045891298082438,-0.0410145097559956,,14,14,14,,,,
16676,-0.0500875637811068,-0.0301917174372777,-0.0838917645019532,-0.108591665190424,150,141,150,50,-0.0818824396824925,-0.0501021425189406,-0.0297154528323141
16678,-0.0846374315241005,-0.0194181317585043,-0.0650436675266977,-0.171948597445128,248,228,248,176,-0.145239371937197,-0.0846520102619343,-0.0189418671535407
16685,-0.055809215850754,-0.0186213992816433,-0.0048720332119174,0.0624382826569978,96,84,96,73,0.0891475081649293,-0.0558237945885878,-0.0181451346766797
16697,-0.057731046631184,-0.0028625061938477,-0.0437416688596721,-0.0851454798866409,434,394,434,193,-0.0584362543787094,-0.0577456253690178,-0.00238624158888413
16716,-0.0832030616817939,-0.0264376188126209,0.0277605074812692,0.359140963098377,660,623,660,603,0.385850188606308,-0.0832176404196277,-0.0259613542076573
16722,-0.0067678576650296,-0.0126591812334494,-0.0327142960673676,,3,3,3,,,,
16727,0.0007550106320232,0.0202907462054135,-0.0140732559545495,,13,12,13,,,,
16728,-0.1114831642769,0.0791986263194127,0.0697107053133991,0.14540845995623,264,252,264,245,0.172117685464162,-0.111497743014734,0.0796748909243763
16729,-0.0750494272878088,-0.0616865370112178,-0.0753979730907544,-0.0869970997108972,182,164,182,93,-0.0602878742029657,-0.0750640060256426,-0.0612102724062542
16730,-0.0951389144346164,-0.0071393319588721,-0.0018830331469062,0.120202598502601,158,146,158,142,0.146911824010533,-0.0951534931724502,-0.00666306735390853
16744,-0.0708543009043986,-0.016762060648589,-0.0700425272613101,0.184907514872014,18,18,18,16,0.211616740379946,-0.0708688796422324,-0.0162857960436254
16748,-0.11796934106399,-0.0218553784633066,-0.0101915010253855,-0.0587444105999276,204,193,204,190,-0.0320351850919961,-0.117983919801824,-0.021379113858343
16749,-0.107672598694204,0.0675976329402204,0.0385948244966211,-0.138274211067334,169,158,169,139,-0.111564985559403,-0.107687177432038,0.068073897545184
16751,-0.0884579513768114,-0.001726892587132,-0.0191739925559596,-0.10296620426633,359,339,359,323,-0.0762569787583985,-0.0884725301146452,-0.00125062798216843
16752,-0.0124045382996709,-0.0210537589063467,-0.0667666409447178,,11,10,11,,,,
16754,-0.0533743337011792,-0.0112009256920053,-0.0106192110686515,-0.237492990302901,206,177,206,113,-0.210783764794969,-0.053388912439013,-0.0107246610870417
16756,-0.106132351419507,0.0159265809404329,-0.0266739217829029,0.0255078003591569,120,109,120,101,0.0522170258670884,-0.106146930157341,0.0164028455453965
16757,-0.0230130709093215,-0.0285692679260699,-0.0075210145839593,-0.112824392966127,57,53,57,50,-0.0861151674581955,-0.0230276496471553,-0.0280930033211063
16761,-0.0035264392515334,0.0034217404503991,-0.001040052044545,,1,1,1,,,,
16776,0.0865173983911594,0.0017218747850618,-0.0226973036178909,0.236489642040455,19,19,19,10,0.263198867548387,0.0865028196533256,0.00219813939002537
16778,0.0050048896093439,-0.0103747664622156,-0.0215259496785074,,3,3,3,,,,
16783,-0.0132847952608696,-0.0119009027295096,-0.0396063316260758,,4,4,4,,,,
16793,-0.0674594587442845,-0.0520570670018507,-0.0472300208361354,-0.140374598052683,321,291,321,238,-0.113665372544751,-0.0674740374821183,-0.0515808023968871
16798,-0.0721889563373232,0.0068397311544411,0.038520948362393,-0.164123157076315,72,70,72,65,-0.137413931568384,-0.072203535075157,0.00731599575940467
16799,-0.0116927772740918,-0.108035354462517,-0.18939605460172,-0.113078892981811,81,79,81,7,-0.0863696674738795,-0.0117073560119256,-0.107559089857553
16807,0.000340394539151,-0.0381125975193944,0.0103978812630769,-0.0145439282039234,156,147,156,139,0.0121652973040081,0.000325815801317208,-0.0376363329144308
16815,0.0021210878300027,-0.0008593857837285,0.0951187253835061,-0.0117786782949374,40,39,40,35,0.0149305472129941,0.00210650909216891,-0.000383121178764928
16820,-0.0061738235019418,-0.0408077430872054,-0.113069413183393,-0.0778440204844063,64,60,64,22,-0.0511347949764748,-0.00618840223977559,-0.0403314784822418
16825,0.0144248235304824,0.0046842505179669,0.0496348364470642,0.0181885648549628,73,71,73,58,0.0448977903628943,0.0144102447926486,0.00516051512293047
16830,-0.0313537227285793,-0.0502106690877834,-0.0431980155473273,-0.0756136756584898,117,105,117,56,-0.0489044501505583,-0.0313683014664131,-0.0497344044828198
16840,-0.0234399393191141,0.0203309752249716,-0.0162316081678347,,8,8,8,,,,
16843,-0.0828025414115276,-0.0150887207778246,-0.14288976352006,-0.135516947759347,583,506,583,309,-0.108807722251416,-0.0828171201493614,-0.014612456172861
16844,-0.0722766566401135,0.0065085570966883,-0.167924643986527,-0.212857108681904,303,276,303,142,-0.186147883173972,-0.0722912353779473,0.00698482170165187
16847,-0.0133180037668158,-0.0157473255191603,-0.0582848785638151,,13,13,13,,,,
16849,0.0068583477396724,-0.020901364409937,-0.0701696205064028,0.0457068667308532,17,17,17,1,0.0724160922387847,0.00684376900183861,-0.0204250998049734
16851,-0.0062515819514041,-0.0436477493908026,-0.0308132350569895,-0.132786750584384,64,62,64,55,-0.106077525076453,-0.00626616068923789,-0.043171484785839
16856,-0.0971546145531117,0.0490903743009932,0.0292065039899903,0.245967502090475,77,68,77,66,0.272676727598407,-0.0971691932909455,0.0495666389059568
16857,-0.0169871013323262,-0.0223098423529575,-0.0273846341263089,,6,6,6,,,,
16883,-0.0045156953396733,-0.0037123634085061,-0.0097063701434239,,1,1,1,,,,
16886,-0.0274488249329612,-0.0478961802530775,0.0069730422929775,-0.24381868761043,209,195,209,157,-0.217109462102498,-0.027463403670795,-0.0474199156481139
16887,0.0144214982569103,0.0290546927478047,0.0316283736804967,0.0276631215362016,22,19,22,4,0.0543723470441331,0.0144069195190765,0.0295309573527683
16892,-0.0123772328116774,-0.0145858846720429,-0.0071793488378061,-0.230629621468762,59,53,59,8,-0.203920395960831,-0.0123918115495112,-0.0141096200670793
16896,-0.0137599760236437,,-0.00903414866549,-0.0733549080395334,1,,1,1,,,
16915,-0.0209665044873601,-0.0675740628377902,-0.148649578979968,0.0252512248909643,30,29,30,3,0.0519604503988958,-0.0209810832251939,-0.0670977982328266
16919,-0.0116576121960566,-0.0164351356819122,0.0214194428989427,-0.063643139654117,14,13,14,11,-0.0369339141461855,-0.0116721909338904,-0.0159588710769486
16922,-0.014206714028437,-0.0276169939652029,-0.073700169760989,,22,22,22,,,,
16923,0.0340185657735338,0.0354520399250728,0.0738094959380461,0.191585179397147,123,120,123,119,0.218294404905079,0.0340039870357,0.0359283045300364
16932,-0.0759954450769679,-0.027852216369005,-0.102486014744855,-0.0689057172515675,116,105,116,50,-0.042196491743636,-0.0760100238148017,-0.0273759517640414
16935,-0.0082020921562836,-0.0021753380672595,-0.008780799017483,,1,1,1,,,,
16942,-0.0507260068333776,-0.0399649348015641,-0.0083248791477505,0.0869182499389592,75,69,75,59,0.113627475446891,-0.0507405855712114,-0.0394886701966005
16945,-0.0544356828132872,0.0105415914312202,-0.0110736907779333,-0.0834917652078308,29,23,29,21,-0.0567825396998993,-0.054450261551121,0.0110178560361838
16955,0.0575451747982463,-0.0004189807934847,0.0542633381918089,0.658113545974755,78,72,78,74,0.684822771482687,0.0575305960604125,5.72838114788718e-05
16958,-0.0164195919715243,-0.0899052362139517,-0.0924023870295111,-0.145268110924093,95,92,95,71,-0.118558885416162,-0.0164341707093581,-0.0894289716089881
16978,0.0562047419346711,-0.0322772903261019,-0.0321255498462756,0.116846905384995,24,24,24,20,0.143556130892927,0.0561901631968373,-0.0318010257211383
16985,-0.0906247563248802,0.005071026574321,-0.0178775714239149,-0.0004670670203628,146,138,146,117,0.0262421584875687,-0.090639335062714,0.00554729117928457
16993,-0.0167731474586588,-0.0275647177245959,-0.091944489438179,-0.10542827038451,42,40,42,7,-0.0787190448765785,-0.0167877261964926,-0.0270884531196323
16997,-0.0144411958015327,-0.0320064635613416,-0.0219020161542091,-0.192491614166888,86,82,86,69,-0.165782388658957,-0.0144557745393665,-0.031530198956378
17600,-0.0963809765774534,0.0346879004760643,0.0486942939016964,-0.0671172149228028,620,601,620,595,-0.0404079894148713,-0.0963955553152872,0.0351641650810279
17602,0.0168916055652576,0.0332550685635782,-0.0078671192056058,-0.105974335313405,11,11,11,5,-0.0792651098054735,0.0168770268274238,0.0337313331685418
17605,-0.0988148688031464,0.0961397284873992,0.0511050457047123,-0.0169915609555925,282,269,282,266,0.009717664552339,-0.0988294475409802,0.0966159930923628
17606,-0.0124311941995639,0.0636264558342262,0.108693892394602,0.38864680581936,349,344,349,336,0.415356031327292,-0.0124457729373977,0.0641027204391898
17607,-0.0472973424434715,-0.0499902381770263,-0.0394543920675067,0.308815009380144,182,177,182,156,0.335524234888076,-0.0473119211813053,-0.0495139735720627
17634,0.134620039647483,0.010116398107902,0.103365049441595,0.497413260454082,86,84,86,83,0.524122485962014,0.134605460909649,0.0105926627128656
17635,-0.0408484398357531,0.0319804157493382,0.0239755342311564,-0.135191222394588,479,456,479,398,-0.108481996886657,-0.0408630185735869,0.0324566803543018
17643,-0.0028844760680086,-0.0149666502588632,-0.0640571808844658,-0.071669616972471,46,42,46,16,-0.0449603914645395,-0.00289905480584239,-0.0144903856538996
17652,-0.101128666869807,0.000462060264675,0.0234941073853089,0.0710663120338789,158,146,158,145,0.0977755375418104,-0.101143245607641,0.000938324869638572
17654,0.0013354589894463,-0.0355188439951607,-0.095929078611514,-0.130857722470947,60,54,60,7,-0.104148496963016,0.00132088025161251,-0.0350425793901971
17657,-0.0549737235408199,0.0633386217867326,0.0502908488751008,-0.0914561404102123,317,304,317,298,-0.0647469149022808,-0.0549883022786537,0.0638148863916962
17658,0.0291192312972722,-0.018516041495072,0.0109966625844705,-0.16588381643756,52,52,52,39,-0.139174590929629,0.0291046525594384,-0.0180397768901084
17660,-0.03493512005341,0.0418282431450772,0.0201488329438494,0.286096918677997,99,96,99,95,0.312806144185929,-0.0349496987912438,0.0423045077500408
17662,-0.0614947731615608,-0.0523391205170833,-0.0667863963083873,0.143025360316592,445,419,445,248,0.169734585824524,-0.0615093518993946,-0.0518628559121197
17687,-0.0878757310446522,-0.003933496729014,-0.002863974823297,-0.0987360902944465,286,275,286,276,-0.072026864786515,-0.087890309782486,-0.00345723212405043
17698,-0.0159829901186134,-0.0298320558767032,-0.0878259741812498,,11,11,11,,,,
17701,-0.0129702129113,-0.0548167641099169,-0.129586357398748,0.000949478016868,76,71,76,14,0.0276587035247995,-0.0129847916491338,-0.0543404995049533
17703,-0.0997682590488573,0.0271384830391942,0.0725287112382338,-0.0576686400584629,284,274,284,262,-0.0309594145505314,-0.0997828377866911,0.0276147476441578
17708,-0.071808720956499,0.0316669946902303,0.0309178624780634,-0.0371450306478397,101,98,101,96,-0.0104358051399082,-0.0718232996943328,0.0321432592951939
17719,-0.145250171678809,0.0491369290942547,0.0690491342215783,0.384322196702792,130,124,130,127,0.411031422210723,-0.145264750416643,0.0496131936992183
17725,-0.10752597688717,0.0549972768020446,0.0676518716107927,0.0594902486983637,166,159,166,154,0.0861994742062952,-0.107540555625004,0.0554735414070082
17726,-0.0036647974669995,0.0059121024174925,-0.0033504430856091,-0.142066205101708,13,13,13,2,-0.115356979593777,-0.00367937620483329,0.00638836702245607
17728,-0.136807276454058,0.0378032314098467,0.0641912478793791,0.0097003153866152,115,113,115,111,0.0364095408945467,-0.136821855191892,0.0382794960148103
17734,-0.0944958128317182,-0.0605877542743198,-0.0481540806459965,-0.0880764433731633,87,81,87,78,-0.0613672178652318,-0.094510391569552,-0.0601114896693562
17735,-0.0655195534699095,-0.0192042850413085,-0.0688089648520907,0.0689017221873047,200,189,200,159,0.0956109476952362,-0.0655341322077433,-0.0187280204363449
17736,-0.0784396377345076,0.0521070500711396,-0.0254160905520469,-0.183635404333135,224,205,224,168,-0.156926178825203,-0.0784542164723414,0.0525833146761032
17737,-0.0441255542571574,-0.0384586976948641,-0.0518987655143005,-0.0677289162391466,50,42,50,16,-0.0410196907312151,-0.0441401329949912,-0.0379824330899005
17746,-0.0243401041345035,0.0014870289207264,-0.0034311747295418,0.0197535535094139,23,21,23,15,0.0464627790173454,-0.0243546828723373,0.00196329352568997
17750,-0.0351767892072491,0.0987183695266481,0.0805603036723393,-0.0215153134413736,817,797,817,704,0.0051939120665579,-0.0351913679450829,0.0991946341316117
17751,-0.0012351520676834,0.0037132461904278,-0.0563177984738354,,16,15,16,,,,
17754,0.0060159046984897,-0.003463723765764,-0.002443369557732,-0.0797365889824865,20,19,20,3,-0.053027363474555,0.00600132596065591,-0.00298745916080043
17762,0.0061127967249203,-0.0004512573949805,-0.0048646348673265,,1,1,1,,,,
17765,-0.0687683172430735,-0.0051158460524769,0.0310234285364455,0.101292623898803,295,272,295,268,0.128001849406735,-0.0687828959809073,-0.00463958144751333
17772,-0.0501282060539644,-0.0549795424330961,-0.101782770664484,-0.0418182022961571,469,452,469,211,-0.0151089767882256,-0.0501427847917982,-0.0545032778281325
17778,-0.0827761664487459,-0.0159053466379079,-0.0542143817604184,-0.125422509105161,322,304,322,262,-0.0987132835972295,-0.0827907451865797,-0.0154290820329443
17779,-0.076714242698158,-0.0015233165902725,0.0086011276129252,0.0991396641624416,140,136,140,130,0.125848889670373,-0.0767288214359918,-0.00104705198530893
17782,-0.0619761009214461,-0.0793678635350946,-0.0940349385331921,-0.221777220587441,138,133,138,77,-0.19506799507951,-0.0619906796592799,-0.078891598930131
17787,0.0028136273421941,-0.0030740285530097,-0.0093045406923215,,1,1,1,,,,
17788,-0.0984267784893206,0.0495509855537628,0.0334951652632578,-0.0170719611473518,460,442,460,427,0.00963726436057969,-0.0984413572271544,0.0500272501587264
17790,-0.0497466387773742,-0.0779109753579585,-0.101044751517573,-0.0535428715051514,345,314,345,191,-0.0268336459972199,-0.049761217515208,-0.0774347107529949
17793,-0.0817365546116087,0.0772955329978854,0.0870015807274159,0.30793323598891,262,254,262,243,0.334642461496841,-0.0817511333494425,0.077771797602849
17794,-0.0603110512951011,0.0802698141476356,0.0681247663485434,0.158047530701049,719,690,719,692,0.184756756208981,-0.0603256300329349,0.0807460787525992
17795,-0.0028980351696523,-0.0070437640451959,-0.0616804537109551,,15,14,15,,,,
17796,-0.0441421165896422,-0.0788670715412306,-0.141007656970532,-0.0248787582766988,61,59,61,6,0.0018304672312327,-0.044156695327476,-0.078390806936267
17800,-0.0784519057671638,-0.0015434732537614,-0.0079782692453945,-0.073234277102756,280,262,280,260,-0.0465250515948245,-0.0784664845049976,-0.00106720864879783
17810,-0.0212520696532608,-0.0803281001651453,-0.140615383751937,-0.0754317846445491,102,98,102,6,-0.0487225591366176,-0.0212666483910946,-0.0798518355601817
17812,-0.0580160771851936,0.068091413355474,0.070973595377108,0.202594798646338,318,311,318,307,0.22930402415427,-0.0580306559230274,0.0685676779604376
17817,-0.0576907699683993,-0.0598737129152284,-0.110866107087051,-0.280104406971202,109,102,109,93,-0.253395181463271,-0.0577053487062331,-0.0593974483102648
17818,-0.0574804768708671,-0.0439112030838288,-0.0857498804373451,-0.198185880700891,449,418,449,222,-0.17147665519296,-0.0574950556087009,-0.0434349384788652
17829,-0.030707616484116,-0.0393702578376261,-0.12997869781949,0.0832467549959385,46,45,46,5,0.10995598050387,-0.0307221952219498,-0.0388939932326625
17833,-0.116042042498047,0.0153972317644329,0.0212220724497214,-0.0086682089136412,585,562,585,541,0.0180410165942903,-0.116056621235881,0.0158734963693965
17838,-0.0556095352350616,0.0747525382743343,-0.0294563760949776,-0.178182732215861,233,221,233,110,-0.15147350670793,-0.0556241139728954,0.0752288028792979
17843,-0.075138611573169,0.0007247561348081,-0.0065511460818473,-0.069254113233764,557,526,557,504,-0.0425448877258325,-0.0751531903110028,0.00120102073977167
17846,-0.0015658561065129,-0.006870258496707,-0.0420961328065561,,11,11,11,,,,
17847,-0.0329297766792648,-0.012369225378339,-0.120439746241504,0.0274788089451518,23,23,23,2,0.0541880344530833,-0.0329443554170986,-0.0118929607733754
17848,-0.0503177545278383,-0.024446984954284,0.0016298868941672,-0.0082012431876482,115,106,115,73,0.0185079823202833,-0.0503323332656721,-0.0239707203493204
17850,-0.0578150336234956,-0.030735623849921,-0.0250575474473414,-0.141492856921667,515,488,515,438,-0.114783631413736,-0.0578296123613294,-0.0302593592449574
17854,-0.0507050559805849,-0.0436176471258864,-0.0208534979659809,0.0856150540743933,105,101,105,87,0.112324279582325,-0.0507196347184187,-0.0431413825209228
17855,-0.113459516891235,0.0486630520841499,0.0057075791064815,0.0063797807464568,251,245,251,236,0.0330890062543883,-0.113474095629069,0.0491393166891135
17857,-0.0959768312977633,0.0694273294679297,0.0777146098337002,-0.0771782483056655,323,299,323,292,-0.050469022797734,-0.0959914100355971,0.0699035940728933
17858,-0.0690360305540512,0.0585467288543299,0.0708273281867754,0.0898682618275531,236,229,236,223,0.116577487335485,-0.069050609291885,0.0590229934592935
17859,0.0404009165520614,0.0530368454826617,0.0903941646177588,0.265503515673474,393,385,393,380,0.292212741181406,0.0403863378142276,0.0535131100876253
17860,-0.0338547137628771,0.0048741202315168,0.0058131303505058,-0.007486805959522,97,85,97,61,0.0192224195484095,-0.0338692925007109,0.00535038483648037
17876,-0.0830952146997935,-0.035821857494972,-0.0355026351363397,-0.0140651269537051,238,227,238,225,0.0126440985542264,-0.0831097934376273,-0.0353455928900084
17877,-0.0658766691408449,0.0176777063397826,0.0761466501376649,0.0677455128819323,326,310,326,311,0.0944547383898638,-0.0658912478786787,0.0181539709447462
17879,-0.0389539397385352,-0.0858539758928577,-0.164769258748983,0.0481864747990977,180,163,180,46,0.0748957003070292,-0.038968518476369,-0.0853777112878941
17880,0.0170732117382046,-0.0033197561161506,-0.0499344558080718,,12,11,12,,,,
17881,-0.0067814299494388,-0.0138794890116752,-0.0589896961906383,-0.209256789194701,44,39,44,8,-0.18254756368677,-0.00679600868727259,-0.0134032244067116
17885,-0.0790966203610001,-0.012958049870631,-0.0228540935776409,-0.0436697191578643,745,709,745,607,-0.0169604936499328,-0.0791111990988339,-0.0124817852656674
17892,-0.037766965914998,-0.0065917253448064,-0.0409231226271504,-0.215732922028518,25,23,25,8,-0.189023696520586,-0.0377815446528318,-0.00611546073984283
17893,0.110233814421333,-0.0113656220530386,0.0528043005553475,0.095618343905187,82,75,82,80,0.122327569413119,0.110219235683499,-0.010889357448075
17895,-0.0710100642939182,-0.0296633961006431,0.0190911191632319,-0.0490549936567404,285,264,285,236,-0.0223457681488089,-0.071024643031752,-0.0291871314956795
17900,-0.15903348138182,0.0226168148750114,0.0502117280176015,0.226779498602914,137,135,137,133,0.253488724110846,-0.159048060119654,0.023093079479975
17902,-0.128389353962362,-0.0217235562097166,-0.0070851685989732,0.181600279620422,163,155,163,147,0.208309505128354,-0.128403932700196,-0.021247291604753
17903,-0.120982268421247,0.0227103667525593,0.0198554454244107,-0.0293020433867169,136,130,136,128,-0.00259281787878541,-0.120996847159081,0.0231866313575229
17907,-0.0946174383802499,0.0398277015576214,0.0272302656914479,-0.0225743755649155,273,258,273,230,0.004134849943016,-0.0946320171180837,0.040303966162585
17908,-0.100648164026941,-0.0089898324113868,-0.0567449857198506,0.0732834172906118,323,288,323,293,0.0999926427985433,-0.100662742764775,-0.00851356780642323
17912,-0.0724960957898717,0.0543068202995279,0.0317095178573259,0.059452932576957,288,276,288,271,0.0861621580848885,-0.0725106745277055,0.0547830849044915
17915,-0.0419707792501693,-0.001706245755241,-0.0424851501562221,-0.266380292129612,179,167,179,116,-0.239671066621681,-0.0419853579880031,-0.00122998115027743
17918,-0.112837825781601,0.0370475023406011,0.0380705797912311,0.0013320487070105,308,296,308,288,0.028041274214942,-0.112852404519435,0.0375237669455647
17920,-0.0904573520596028,-0.0460218192847347,-0.0116404704884621,-0.0838285480144326,297,277,297,263,-0.0571193225065011,-0.0904719307974366,-0.0455455546797711
17922,0.0651335378084506,-0.0048228912500225,-0.0039280379622008,-0.0901943675511077,2,2,2,2,-0.0634851420431762,0.0651189590706168,-0.00434662664505893
18004,-0.0538490143506218,-0.0738973500120139,-0.0805352779644725,-0.061961785897621,449,391,449,262,-0.0352525603896895,-0.0538635930884556,-0.0734210854070503
18007,-0.0344721941103115,0.0465309594316658,0.0688233068675924,0.118699792596468,239,238,239,226,0.145409018104399,-0.0344867728481453,0.0470072240366294
18009,-0.0246737158885306,0.0043910635924997,-0.122705431836332,-0.0468509224005148,67,64,67,14,-0.0201416968925833,-0.0246882946263644,0.00486732819746327
18012,0.021320613336318,0.0040644363127952,0.0072552126381198,,1,1,1,,,,
18017,-0.0426414859680824,-0.0001540587434531,-0.0030424172011873,-0.0852406288856604,131,124,131,79,-0.0585314033777289,-0.0426560647059162,0.000322205861510472
18021,-0.053281968802174,-0.0229546467471453,-0.0563061225941464,-0.0619931734216971,14,12,14,6,-0.0352839479137656,-0.0532965475400078,-0.0224783821421817
18028,-0.0751585879185339,-0.0240624587455121,-0.0533387672707981,-0.12644215457944,248,227,248,180,-0.0997329290715085,-0.0751731666563677,-0.0235861941405485
18034,-0.0842834352246496,0.0019374325422741,-0.0239964530196876,0.0435638161193136,263,244,263,228,0.0702730416272451,-0.0842980139624834,0.00241369714723767
18035,-0.104524908427179,0.0116064597466405,-0.0217398973482855,-0.0118524792250189,90,85,90,84,0.0148567462829126,-0.104539487165013,0.0120827243516041
18037,-0.0484923626325203,-0.0111081891648613,-0.0405208169189428,-0.21769060230316,89,86,89,45,-0.190981376795229,-0.0485069413703541,-0.0106319245598977
18045,0.0069335971898224,0.000566115907003,-0.0036818610526637,,1,1,1,,,,
18049,-0.122378448911086,-0.0160104183194774,0.0605146460388947,-0.105070495865007,279,266,279,245,-0.0783612703570755,-0.12239302764892,-0.0155341537145138
18050,-0.0542476426653054,0.0121935912335132,0.061275795076704,0.175887815505891,121,112,121,112,0.202597041013823,-0.0542622214031392,0.0126698558384768
18054,-0.0073535129442825,-0.0149662750191981,-0.040969178385271,-0.0738721257931301,63,59,63,15,-0.0471629002851986,-0.00736809168211629,-0.0144900104142345
18055,-0.132789572576273,0.0234975377400246,0.0353406591594949,-0.0904168512030216,52,52,52,50,-0.0637076256950901,-0.132804151314107,0.0239738023449882
18065,0.0051977935806904,-0.0023750226791442,-0.0036333152945626,,1,1,1,,,,
18066,-0.0376936090537117,0.015637933679494,0.0269668518601536,-0.0228310927295513,440,413,440,360,0.0038781327783802,-0.0377081877915455,0.0161141982844576
18075,-0.0082698937020766,0.0031136811195572,-0.0414382770984641,0.0196076180704247,58,56,58,41,0.0463168435783562,-0.00828447243991039,0.00358994572452077
18080,-0.0503953483262702,0.055425081552393,-0.0894109526401391,-0.297201234286425,279,271,279,124,-0.270492008778494,-0.050409927064104,0.0559013461573566
18082,-0.0174405577340805,-0.0180417034165312,-0.0719946695902726,0.0542469397417343,30,29,30,1,0.0809561652496658,-0.0174551364719143,-0.0175654388115676
18087,-0.0515782600807841,-0.0056886027557891,0.0120385964313923,0.314529957985508,148,140,148,139,0.341239183493439,-0.0515928388186179,-0.00521233815082553
18090,-0.0534710613970613,-0.0343976118980934,-0.0832198653931012,-0.190573225513212,87,81,87,31,-0.163864000005281,-0.0534856401348951,-0.0339213472931298
18097,0.0056539645454305,0.0590307676837776,0.10309311819682,0.15325053796208,447,438,447,428,0.179959763470012,0.00563938580759671,0.0595070322887412
18099,-0.0603907386620696,-0.0214385317199082,-0.0270329995482796,0.132348898394336,64,61,64,31,0.159058123902268,-0.0604053173999034,-0.0209622671149446
18112,-0.0459301495778597,-0.0540379742874983,-0.0522826603866102,0.0022517186512517,84,84,84,56,0.0289609441591832,-0.0459447283156935,-0.0535617096825347
18114,-0.0202579633832706,0.0281224724151038,0.0217421782241383,0.108283659719604,106,103,106,88,0.134992885227536,-0.0202725421211044,0.0285987370200674
18124,-0.0660025482405086,-0.0114806546221805,0.0310453358666352,-0.0807062852319222,125,119,125,120,-0.0539970597239907,-0.0660171269783424,-0.0110043900172169
18126,-3.86784986982e-05,0.0096223867752854,-0.0210979800552618,-0.125030191948825,19,19,19,7,-0.0983209664408935,-5.32572365319924e-05,0.010098651380249
18128,-0.103879244390398,0.0492608142879269,0.0383593210082589,0.293454239870158,128,121,128,126,0.320163465378089,-0.103893823128232,0.0497370788928905
18149,-0.0080657843497215,-0.0048935672660155,-0.0111022486356634,,1,1,1,,,,
18163,-0.0692920838788768,-0.0176016704542616,-0.0193349815235084,0.206174084772063,6,5,6,4,0.232883310279995,-0.0693066626167106,-0.017125405849298
18166,0.0090449887543261,-0.0101754779273812,-0.0309347797344374,,4,4,4,,,,
18172,-0.0807995118676137,0.023854599129932,0.004078151420053,-0.0362144227722228,274,260,274,249,-0.00950519726429131,-0.0808140906054475,0.0243308637348956
18181,-0.0489806235146698,-0.0604121057286364,-0.0265996525995111,-0.0739838198556308,276,267,276,263,-0.0472745943476993,-0.0489952022525036,-0.0599358411236728
18199,-0.107152752752662,-0.0640237003837361,-0.0914633751018165,-0.07110234805606,222,202,222,190,-0.0443931225481285,-0.107167331490496,-0.0635474357787725
18216,-0.064363180201873,-0.017832158452671,0.0145359713382728,-0.0655368706862507,80,74,80,69,-0.0388276451783192,-0.0643777589397068,-0.0173558938477074
18218,-0.0449509984655332,-0.0103873920159882,-0.0340763492983054,-0.0851556148305116,111,100,111,56,-0.0584463893225801,-0.044965577203367,-0.00991112741102463
18220,-0.0273621334673346,0.0484839479762513,0.0700440622934784,0.288969753391267,159,156,159,150,0.315678978899199,-0.0273767122051684,0.0489602125812149
18223,0.0086250845057358,-0.0010008470208682,-0.00599847648857,,1,1,1,,,,
18237,-0.0227420266678116,0.025061685356023,0.0723511621151452,-0.006662697513568,294,290,294,271,0.0200465279943635,-0.0227566054056454,0.0255379499609866
18241,-0.0192701352496093,-0.0509986563359865,-0.137598723487367,0.169000377404056,48,46,48,8,0.195709602911988,-0.0192847139874431,-0.0505223917310229
18244,0.0056087355628945,-0.0096164407233434,-0.019194603744052,,7,7,7,,,,
18248,-0.0046938641949598,-0.0742624329094825,-0.130988584514998,-0.137402948427684,22,22,22,3,-0.110693722919753,-0.00470844293279359,-0.0737861683045189
18249,-0.0430911021979244,-0.0411838939348916,-0.0416517485653135,-0.0930564918211856,67,59,67,54,-0.0663472663132541,-0.0431056809357582,-0.040707629329928
18251,-0.0822396347037927,0.0582657074616432,0.0362543174500548,0.0207459204216097,110,107,110,95,0.0474551459295412,-0.0822542134416265,0.0587419720666068
19906,-0.0677386679177984,-0.0225362800824683,-0.0806832363855613,-0.0743982478426728,596,586,596,288,-0.0476890223347413,-0.0677532466556322,-0.0220600154775047
19908,0.0342294479004086,0.0126397673050858,0.134315935023919,0.516934292227134,219,215,219,215,0.543643517735066,0.0342148691625748,0.0131160319100494
19913,-0.0437230966564805,-0.0382569194739365,-0.0604615663967099,-0.133217648895015,223,207,223,144,-0.106508423387084,-0.0437376753943143,-0.0377806548689729
19921,-0.0585597496998875,-0.0153960148601424,0.0425405630630759,0.0158076462219612,126,117,126,103,0.0425168717298927,-0.0585743284377213,-0.0149197502551788
19922,-0.0113510969892879,-0.0247000261682682,-0.0438946682675617,,8,8,8,,,,
19923,-0.0146477114281846,-0.0017449322317631,-0.0301177892433268,-0.0112323011277757,7,7,7,2,0.0154769243801558,-0.0146622901660184,-0.00126866762679953
19925,-0.0438743746444006,-0.0724670160254231,-0.0784917244582683,-0.106099942474288,160,153,160,94,-0.0793907169663565,-0.0438889533822344,-0.0719907514204595
19949,0.0028586703511377,-8.39514442202e-05,0.0021780612713544,,1,1,1,,,,
19952,-0.115364504595217,-0.0270331794134512,0.0109108879900539,0.252883740285862,275,259,275,256,0.279592965793794,-0.115379083333051,-0.0265569148084876
19953,-0.028262518871411,-0.0416328720488535,-0.053562826331845,-0.0750897133543721,27,27,27,12,-0.0483804878464406,-0.0282770976092448,-0.0411566074438899
19954,-0.0845389644670701,0.0117391197123444,-0.0265446929102498,0.143881558239057,64,59,64,55,0.170590783746988,-0.0845535432049039,0.012215384317308
19959,-0.0933895696732706,-0.0595127587958145,-0.0393480995635788,-0.0283191080983991,60,55,60,53,-0.00160988259046761,-0.0934041484111044,-0.0590364941908509
19962,0.228222340958164,-0.0163223547016115,0.0566841694018226,0.427685016676751,58,57,58,49,0.454394242184683,0.22820776222033,-0.0158460900966479
19968,-0.0984464809094145,0.0160075609340322,0.0253242567334993,-0.140970274786068,150,138,150,145,-0.114261049278137,-0.0984610596472483,0.0164838255389958
19972,-0.0792997463551688,-0.0010446474920542,0.0227001468895789,0.0024357107549968,60,58,60,55,0.0291449362629283,-0.0793143250930026,-0.000568382887090628
19974,-0.0579184754842057,0.0610139956368125,-0.0492906091443558,-0.149690305718692,209,206,209,65,-0.122981080210761,-0.0579330542220395,0.0614902602417761
19981,-0.113506997203938,0.0535792448737866,0.10693552151368,0.0669847659247798,117,113,117,115,0.0936939914327113,-0.113521575941772,0.0540555094787502
19983,-0.0921793548791416,-0.0023358325967904,0.0479966813425859,-0.0119543572767401,280,259,280,222,0.0147548682311914,-0.0921939336169754,-0.00185956799182683
19993,-0.022425790852976,-0.0421574017265543,-0.104298581837427,-0.0244083031591147,21,20,21,2,0.0023009223488168,-0.0224403695908098,-0.0416811371215907
20001,-0.0403553540152536,-0.0666862713654339,-0.138782641588763,0.0902193707992245,54,54,54,3,0.116928596307156,-0.0403699327530874,-0.0662100067604703
20008,-0.0948000704301238,-0.0525085723610735,0.0197822062900587,-0.103360437125391,92,87,92,74,-0.0766512116174595,-0.0948146491679576,-0.0520323077561099
20012,-0.0264390662702258,-0.0532535183224066,-0.0898647719165052,0.0210468402875011,31,31,31,2,0.0477560657954326,-0.0264536450080596,-0.052777253717443
20016,-0.0924873402967112,-0.0196113874781901,-0.054727398124128,-0.120096400723279,87,82,87,63,-0.0933871752153475,-0.092501919034545,-0.0191351228732265
20025,-0.0898926575080937,-0.0294297485522853,-0.0670212470866144,0.0566645271799415,260,252,260,235,0.083373752687873,-0.0899072362459275,-0.0289534839473217
20026,0.0042557292369031,-0.00315439026079,-0.0092687113931185,,1,1,1,,,,
20037,-0.0798449662468966,-0.0589716201774762,-0.0777001545898649,-0.101005893698651,149,143,149,88,-0.0742966681907195,-0.0798595449847304,-0.0584953555725126
20041,-0.0140103606193322,0.0603309030050442,0.0935641436721052,-0.126170838162483,84,74,84,55,-0.0994616126545515,-0.014024939357166,0.0608071676100078
20043,0.0021488854063821,0.0248377576050988,-0.027404114619928,0.0416610519375159,19,19,19,4,0.0683702774454474,0.00213430666854831,0.0253140222100624
20044,-0.039907779091114,-0.0440737412622288,-0.129545758444574,0.0450467723750631,83,82,83,18,0.0717559978829946,-0.0399223578289478,-0.0435974766572652
20048,-0.135642763963857,0.0174603313755453,0.0240366518022279,-0.0841242439553466,248,239,248,227,-0.0574150184474151,-0.135657342701691,0.0179365959805089
20052,-0.061219049508523,-0.0152924409931099,-0.089629810784446,-0.166754705018589,148,134,148,57,-0.140045479510658,-0.0612336282463568,-0.0148161763881463
20053,-0.0215410791770099,-0.0551000357798401,-0.132174130568627,-0.0499602734034125,47,42,47,17,-0.023251047895481,-0.0215556579148437,-0.0546237711748765
20063,-0.0473832855056389,-0.0476944935236354,-0.0911037792733583,0.16192362621793,62,58,62,15,0.188632851725862,-0.0473978642434727,-0.0472182289186718
20066,-0.0378976547677348,-0.0040779252271729,-0.0355763719005155,,2,1,2,,,,
20068,-0.127034163138377,0.0334092455249387,0.0637026536297402,-0.0687592658986985,101,99,101,94,-0.042050040390767,-0.127048741876211,0.0338855101299023
20073,-0.0018717242982408,-0.0307348544643798,-0.0414618762813775,-0.0564920984580561,13,13,13,1,-0.0297828729501246,-0.00188630303607459,-0.0302585898594162
20074,-0.103435269468672,0.0124907855923283,0.0159965257334118,-0.0089526513524841,126,123,126,113,0.0177565741554474,-0.103449848206506,0.0129670501972919
20078,-0.0252982366693283,-0.0338203396842482,-0.110893211641305,-0.102703893382861,13,13,13,1,-0.0759946678749295,-0.0253128154071621,-0.0333440750792846
20085,-0.0996128466323408,-0.0126354987045792,-0.0626517884646182,-0.231356333076318,67,63,67,58,-0.204647107568387,-0.0996274253701746,-0.0121592340996156
20089,-0.018495009480554,-0.0295404519775035,-0.108603878793849,0.0588735552061249,22,22,22,2,0.0855827807140564,-0.0185095882183878,-0.0290641873725399
20090,-0.128243756251855,0.008581393233678,0.0438865772717908,0.214105224138622,128,121,128,123,0.240814449646554,-0.128258334989689,0.00905765783864157
20091,-0.0210685286421667,0.0280022179725508,0.0893950934717289,0.539591276809149,234,233,234,224,0.566300502317081,-0.0210831073800005,0.0284784825775144
20095,-0.065728938945179,-0.0306071091400868,-0.0175408421917503,0.0119373316968552,37,31,37,31,0.0386465572047867,-0.0657435176830128,-0.0301308445351232
20096,-0.0059322972226514,-0.005819079562596,-0.0175403684488258,-0.0791286129904907,1,1,1,1,-0.0524193874825592,-0.00594687596048519,-0.00534281495763243
20102,-0.0526081247323181,-0.0354453451635253,-0.121053188336031,0.285864041249839,8,8,8,1,0.312573266757771,-0.0526227034701519,-0.0349690805585617
20103,-0.0411616177466485,-0.0222342181270475,-0.0515072224671872,-0.0734333805800984,164,155,164,99,-0.0467241550721669,-0.0411761964844823,-0.0217579535220839
20114,-0.0003750163094661,0.0058981359394411,-0.006630102812966,0.069072382553252,14,14,14,2,0.0957816080611835,-0.000389595047299892,0.00637440054440467
20127,-0.047266348463109,-0.0626757375149805,-0.109870660047991,0.0090461400644022,52,51,52,10,0.0357553655723337,-0.0472809272009428,-0.0621994729100169
20129,-0.0970372470251627,-0.0068509158982842,-0.0011765849640365,-0.0134503444525661,170,160,170,125,0.0132588810553654,-0.0970518257629965,-0.00637465129332063
20131,-0.0119085983459538,-0.0037702202315061,-0.0147103217397441,,9,8,9,,,,
20136,-0.0395289642561926,-0.0374545285197404,-0.105880892313459,-0.0783751075028693,51,48,51,8,-0.0516658819949378,-0.0395435429940264,-0.0369782639147768
20137,-0.108565884410473,0.005443180595929,0.0234856828441563,-0.0055609478577813,288,272,288,261,0.0211482776501502,-0.108580463148307,0.00591944520089257
20139,-0.0497815372961152,-0.079519886197334,-0.197211218384299,-0.0402208729953652,184,178,184,78,-0.0135116474874337,-0.049796116033949,-0.0790436215923704
20151,-0.0176597830647679,-0.0449812643645095,-0.0976002951997711,-0.0399811220801295,29,28,29,2,-0.013271896572198,-0.0176743618026017,-0.0445049997595459
20153,-0.104002988094745,0.0342877411633891,0.0085573160477583,0.377716967133553,92,91,92,86,0.404426192641485,-0.104017566832579,0.0347640057683527
20158,-0.0675278988408719,0.0130397553185292,0.0055491527766381,0.0399462799526519,67,60,67,55,0.0666555054605834,-0.0675424775787057,0.0135160199234928
20159,-0.119183332140168,0.0374571357559346,0.0045811131149439,0.0106734572136056,718,678,718,628,0.0373826827215371,-0.119197910878002,0.0379334003608982
20161,-0.0047998905870874,-0.0047990050946899,-0.0159466452122059,,1,1,1,,,,
20162,0.0073597819553047,-0.0068544895705409,-0.0129184687421075,,8,8,8,,,,
20164,-0.0474619534487473,0.0062263524412656,-0.0440329495362121,0.0256862959412477,79,74,79,38,0.0523955214491792,-0.0474765321865811,0.00670261704622917
20167,-0.114856961713619,0.0015730216397142,-0.0286769068383792,-0.131338039042561,267,250,267,236,-0.10462881353463,-0.114871540451453,0.00204928624467777
20173,-0.124304273539303,0.0611513763475066,0.0909081110100268,0.0060013352663665,266,254,266,248,0.032710560774298,-0.124318852277137,0.0616276409524702
20175,-0.0535028497073851,-0.0826898329263893,-0.0802849905551703,-0.205340872782755,63,61,63,35,-0.178631647274824,-0.0535174284452189,-0.0822135683214257
20176,-0.0540904354492511,-0.0016663560074064,0.0226344430295664,0.0461142774607802,68,56,68,38,0.0728235029687117,-0.0541050141870849,-0.00119009140244283
20181,-0.129740502099668,0.0346491604367484,-0.0223652365417775,0.173417256123717,168,163,168,156,0.200126481631649,-0.129755080837502,0.035125425041712
20184,-0.0597953491083074,-0.0487825594771695,-0.0530272482189167,0.0168410449168805,59,56,59,34,0.043550270424812,-0.0598099278461412,-0.0483062948722059
20193,-0.0490829831646858,0.0243172253721302,0.0012620247543747,0.0365096359251266,18,17,18,10,0.0632188614330581,-0.0490975619025196,0.0247934899770938
20194,-0.0518362516424962,-0.0107613465957381,0.0052394388668095,0.121080334630434,87,84,87,85,0.147789560138366,-0.05185083038033,-0.0102850819907745
20196,-0.0139935932908853,-0.0487842633366592,-0.109183770012242,,23,23,23,,,,
20205,-0.095232144249983,0.0134759483899479,0.0043351861645035,0.0918635282997365,114,109,114,82,0.118572753807668,-0.0952467229878168,0.0139522129949115
20208,-0.0112076851402271,-0.0152577959863582,-0.0433847509518768,,4,4,4,,,,
20209,-0.0541360312200968,-0.0008012726666357,0.0031319215967708,0.0814195820525738,83,80,83,75,0.108128807560505,-0.0541506099579306,-0.000325008061672128
20213,-0.0653956485356578,-0.0540419192521665,-0.0651946863468138,-0.159299080025544,101,97,101,66,-0.132589854517613,-0.0654102272734916,-0.0535656546472029
20214,-0.0432902472385277,-0.022193508809865,-0.0485432199082095,-0.0789929723532479,37,34,37,8,-0.0522837468453164,-0.0433048259763615,-0.0217172442049014
20215,-0.0136940845946099,0.0249687522435392,0.0410729438047075,-0.0034848111584935,4,4,4,1,0.023224414349438,-0.0137086633324437,0.0254450168485028
20219,-0.0718492654127617,0.0025279892956549,-0.0774758121064401,-0.207728159472283,76,71,76,55,-0.181018933964352,-0.0718638441505955,0.00300425390061847
20226,-0.0398934022427396,-0.0240273934237769,-0.0677156605342835,0.0707345436172538,20,19,20,5,0.0974437691251853,-0.0399079809805734,-0.0235511288188133
20230,-0.0722851092648426,-0.0143624682440851,-0.0588656514319258,-0.111873448161074,59,59,59,31,-0.0851642226531425,-0.0722996880026764,-0.0138862036391215
20231,0.007474188881234,0.0197983416155301,0.0567382277835831,-0.0192448818640304,10,10,10,6,0.00746434364390109,0.00745961014340021,0.0202746062204937
20232,0.005615398736518,-0.0229052637406876,-0.0701216562199464,-0.289796255560312,9,9,9,3,-0.263087030052381,0.00560081999868421,-0.022428999135724
20235,-0.114535633293172,-0.0112951979365355,-0.0184759589260098,0.0238581754727665,231,226,231,218,0.050567400980698,-0.114550212031006,-0.0108189333315719
20244,-0.0131497954865851,-0.0162170435455581,-0.0628054869619401,,10,10,10,,,,
20245,-0.0098546973247199,-0.015031252443122,-0.0410378444000253,,7,6,7,,,,
20248,-0.0571458687311407,0.0477401338795013,0.0383659314912068,-0.0947284320136631,105,99,105,81,-0.0680192065057316,-0.0571604474689745,0.0482163984844649
20258,-0.12465125925468,0.0398868534705464,0.011363189461885,0.179739392115535,325,307,325,298,0.206448617623467,-0.124665837992514,0.04036311807551
20260,0.0008983785803489,0.0014837401207383,-0.0085540621657068,,2,2,2,,,,
20261,-0.0163869473590984,-0.0227521782677219,-0.0622098514476086,0.0745134922433347,35,32,35,2,0.101222717751266,-0.0164015260969322,-0.0222759136627583
20266,-0.118351018557286,0.0698709268162268,0.061377544067548,0.674412607441008,260,255,260,256,0.70112183294894,-0.11836559729512,0.0703471914211904
20270,-0.0253899585794259,-0.0396728348729207,-0.089943451970183,-0.0932392558117042,26,25,26,7,-0.0665300303037727,-0.0254045373172597,-0.0391965702679571
20274,-0.0846299291808042,-0.0341610543618341,-0.0670563752061565,-0.162031191120472,142,138,142,119,-0.135321965612541,-0.084644507918638,-0.0336847897568705
20277,-0.0174391418917155,0.0151613351489427,0.0183017491695106,0.0509529183811693,1,1,1,1,0.0776621438891008,-0.0174537206295493,0.0156375997539063
20278,0.0772785011990881,-0.0225355702912299,-0.0479499893205406,-0.149964881897817,11,11,11,4,-0.123255656389886,0.0772639224612543,-0.0220593056862663
20290,-0.0995366974346608,0.0084263829425943,-0.0015818594772913,-0.0318827340898813,211,200,211,179,-0.00517350858194981,-0.0995512761724946,0.00890264754755787
20298,-0.0893991299834766,0.109837993063734,0.109396388240986,0.112791360028807,51,50,51,45,0.139500585536739,-0.0894137087213104,0.110314257668698
20299,-0.0503572938044734,-0.0740432466793531,-0.106237539731001,-0.267085043678345,64,59,64,50,-0.240375818170414,-0.0503718725423072,-0.0735669820743895
20308,0.0656289017341776,-0.0207285964524497,0.0324765473820357,0.172893024116779,54,53,54,51,0.199602249624711,0.0656143229963438,-0.0202523318474861
20310,0.009921239827901,-0.0411350390327634,-0.0845727556009647,-0.0264655071158037,21,20,21,2,0.000243718392127796,0.00990666109006721,-0.0406587744277998
20311,0.263150715702614,0.0301373238470676,0.0831948568423146,0.370657223711207,52,52,52,50,0.397366449219139,0.26313613696478,0.0306135884520312
20316,0.0015076053221472,-0.0162291293585952,-0.0221042213867045,-0.0328053277207928,61,54,61,24,-0.00609610221286131,0.00149302658431341,-0.0157528647536316
20324,0.0019171203495899,-0.0242678147536677,0.0097517578440953,-0.114476289681311,126,114,126,102,-0.0877670641733795,0.00190254161175611,-0.0237915501487041
20326,0.0176803778031359,-0.0201764338575821,-0.0368188388837723,-0.0206721618390634,16,11,16,7,0.0060370636688681,0.0176657990653021,-0.0197001692526185
20347,-0.0187564384755171,-0.0235126539415999,-0.0884122158586387,-0.0273546064001163,55,53,55,8,-0.000645380892184806,-0.0187710172133509,-0.0230363893366363
20348,0.0354244076876532,-0.026759599921741,0.0387227591351224,-0.15234347698738,170,159,170,164,-0.125634251479449,0.0354098289498194,-0.0262833353167774
20352,-0.1079796148135,0.0171545210567391,0.0618212046125719,-0.0407561844025868,381,362,381,351,-0.0140469588946553,-0.107994193551334,0.0176307856617027
20356,0.0147799858075367,0.0750586763676932,0.0477582942989886,-0.0823228202750215,62,57,62,24,-0.05561359476709,0.0147654070697029,0.0755349409726568
20359,-0.0220484409808653,-0.0066442705955787,-0.0260201620650964,0.0028561591812417,12,12,12,2,0.0295653846891732,-0.0220630197186991,-0.00616800599061513
20361,-0.038440390165713,-0.0605270225988794,-0.141841462884069,-0.27186680121663,19,18,19,5,-0.245157575708698,-0.0384549689035468,-0.0600507579939158
20364,-0.0745952512408224,-0.0293845262553242,0.0319729775239508,0.0560417395326823,328,308,328,294,0.0827509650406138,-0.0746098299786562,-0.0289082616503606
20376,-0.0434035754322357,-0.0185281560019584,0.0107460470352539,-0.24624530423774,123,103,123,49,-0.219536078729809,-0.0434181541700695,-0.0180518913969948
20388,-0.023763590881658,-0.0157623583136522,-0.0382810707231323,,3,3,3,,,,
20393,-0.0004649761383848,-0.0690401761359057,-0.160056192516422,0.0128146411694492,42,41,42,4,0.0395238666773807,-0.000479554876218592,-0.0685639115309421
20395,-0.0221110823517661,0.002434018552258,-0.068854157322933,-0.136742052821078,64,59,64,12,-0.110032827313147,-0.0221256610895999,0.00291028315722157
20399,-0.0461591001242713,-0.017984025820922,-0.0709961295446035,-0.267418402522199,16,14,16,2,-0.240709177014268,-0.0461736788621051,-0.0175077612159584
20400,0.187997462806053,0.0166774652350559,0.0516753486080609,0.0707351498298532,65,63,65,56,0.0974443753377847,0.187982884068219,0.0171537298400195
20402,-0.0287649546427861,0.0037202986828344,0.0034077243085664,-0.062772644159745,12,10,12,2,-0.0360634186518135,-0.0287795333806199,0.00419656328779797
20404,-0.0406762848569915,-0.0817815259773311,-0.188306573470801,-0.0195819678177749,35,35,35,6,0.0071272576901566,-0.0406908635948253,-0.0813052613723675
20406,-0.0014433613363439,-0.015221667116718,-0.042562675897918,0.125833174835875,32,31,32,6,0.152542400343807,-0.00145794007417769,-0.0147454025117544
20409,-0.0425088577372203,-0.0549896182299028,-0.138182308697469,-0.162085613417429,18,18,18,5,-0.135376387909497,-0.0425234364750541,-0.0545133536249392
20410,-0.0232596436342093,-0.0313852016876815,-0.0051226194367982,-0.0055161497019972,17,17,17,7,0.0211930758059343,-0.0232742223720431,-0.0309089370827179
20411,-0.001577886630934,-0.0157318914790333,-0.0491932333341434,-0.0705962727459427,5,5,5,1,-0.0438870472380112,-0.00159246536876779,-0.0152556268740697
20424,-0.0956041698984888,0.0083673980236459,-0.0377147712330784,-0.0279989487228436,99,96,99,76,-0.00128972321491211,-0.0956187486363226,0.00884366262860947
20425,0.0038521342329254,-0.0037396294793099,0.0002375865921197,,1,1,1,,,,
20436,-0.017046084609653,0.0030643306312021,0.0252064969675583,-0.0013801662745471,97,92,97,84,0.0253290592333844,-0.0170606633474868,0.00354059523616567
20440,0.0495395290094641,-0.0202235619953528,0.0009570369043785,0.0018696366380047,58,53,58,37,0.0285788621459362,0.0495249502716303,-0.0197472973903892
20441,0.173375894670722,0.0459222040012401,0.0761444792426264,0.22491383538687,132,128,132,123,0.251623060894802,0.173361315932888,0.0463984686062037
20443,-0.0104762243772526,-0.0234842815377254,-0.0752317054296534,0.040101788879199,73,70,73,11,0.0668110143871305,-0.0104908031150864,-0.0230080169327618
20445,0.0679390110852622,0.005928304139885,0.0085717651911282,0.0544116061671446,67,65,67,60,0.0811208316750761,0.0679244323474284,0.00640456874484857
20452,-0.0484277286013572,-0.006999718128088,-0.102271484340286,0.06624800167599,20,19,20,7,0.0929572271839215,-0.048442307339191,-0.00652345352312443
20460,-0.0011898871584925,-0.0204378259272777,-0.0684639873775127,-0.0876975009769926,15,14,15,1,-0.0609882754690611,-0.00120446589632629,-0.0199615613223141
20461,-0.0679754630561903,-0.0511227868033865,-0.104078510161153,-0.214179248901815,256,237,256,167,-0.187470023393884,-0.0679900417940241,-0.0506465221984229
20464,-0.0131504691134165,-0.0230908910715363,-0.0821212510535355,-0.0452627557533997,7,6,7,1,-0.0185535302454682,-0.0131650478512503,-0.0226146264665727
20466,-0.0168151528990663,-0.0518667674984876,-0.125928440630758,0.0935508295254034,114,107,114,21,0.120260055033335,-0.0168297316369001,-0.051390502893524
20469,-0.0002977261869139,-0.0299029032797335,-0.098166581152249,0.0506917113450312,37,34,37,4,0.0774009368529627,-0.000312304924747692,-0.0294266386747699
20470,-0.0202234639406539,-0.0603335716718599,-0.125989050319288,0.15628925835422,59,55,59,4,0.182998483862152,-0.0202380426784877,-0.0598573070668963
20474,-0.0943476049584952,0.0062420427173164,-0.0428659505250637,-0.157108130861877,24,22,24,16,-0.130398905353946,-0.094362183696329,0.00671830732227997
20475,-0.0484003767370799,-0.0273486487944789,-0.0523253221251419,-0.113044684869034,74,70,74,45,-0.0863354593611025,-0.0484149554749137,-0.0268723841895153
20478,-0.0477500948931029,0.128200096950791,0.018928164637715,-0.248833170050095,503,487,503,231,-0.222123944542163,-0.0477646736309367,0.128676361555755
20484,-0.0333127975979626,-0.0343861634610996,-0.0773376720098451,-0.0025981506131486,8,8,8,2,0.0241110748947829,-0.0333273763357964,-0.033909898856136
20494,-0.0283924258374651,-0.003740479005465,-0.0384047973302964,-0.0203028697684834,14,12,14,3,0.0064063557394481,-0.0284070045752989,-0.00326421440050143
20498,-0.0327441053021454,-0.016489693818902,-0.0461125471100079,-0.11014237827226,14,14,14,4,-0.0834331527643285,-0.0327586840399792,-0.0160134292139384
20502,0.123064857228782,-0.0079232915782976,-0.0211935827259692,0.568746542955042,35,35,35,29,0.595455768462974,0.123050278490948,-0.00744702697333403
20503,-0.0045252866524652,-0.0038140841500656,-0.010705538394252,,1,1,1,,,,
20505,-0.0514773138310319,-0.0340690893949109,-0.0328083292810356,-0.0931950742188969,13,12,13,4,-0.0664858487109654,-0.0514918925688657,-0.0335928247899473
20509,-0.0152558569440849,-0.0138922523811509,-0.0745644235420842,,12,12,12,,,,
20510,-0.0094483262876789,0.0029136245742861,-0.0522640940983495,-0.253103734344929,17,17,17,3,-0.226394508836998,-0.00946290502551269,0.00338988917924967
20513,0.129492480531269,0.0314554486114649,0.0876774980787167,0.166367110713528,132,131,132,125,0.19307633622146,0.129477901793435,0.0319317132164285
20519,0.0473273766003577,-0.0278387665175572,-0.0211216826774422,-0.16899456306018,69,61,69,53,-0.142285337552248,0.0473127978625239,-0.0273625019125936
20520,0.232986124685521,0.00366722586992,0.0148016723659909,-0.0256252182802332,56,54,56,45,0.0010840072276983,0.232971545947687,0.00414349047488357
20601,-0.0925335720599469,0.0284549554770534,0.0482190370916257,-0.0562303866179003,62,59,62,52,-0.0295211611099688,-0.0925481507977807,0.028931220082017
20631,-0.0198877063719225,-0.0113342481815401,-0.0218985289427885,-0.119467821110639,3,3,3,2,-0.0927585956027075,-0.0199022851097563,-0.0108579835765765
20663,-0.0616295419138445,-0.0354891711124079,-0.108875228971819,,6,6,6,,,,
20665,0.0340731246445925,-0.0883560308293415,-0.0712874966338543,-0.139193222359282,18,18,18,13,-0.112483996851351,0.0340585459067587,-0.0878797662243779
22007,-0.0724801622244972,0.0096254043307741,0.0274019014686584,-0.019275734345032,194,175,194,170,0.0074334911628995,-0.072494740962331,0.0101016689357377
22010,0.0005873465809049,-0.0003557035864341,-0.0097509616117182,,1,1,1,,,,
22012,-0.0642218061666784,-0.0737811835565723,-0.115337935570049,-0.162082818653721,136,131,136,65,-0.13537359314579,-0.0642363849045122,-0.0733049189516087
22014,-0.113764397360923,0.0136900729858951,0.0017627548186592,-0.159487236187633,107,97,107,85,-0.132778010679702,-0.113778976098757,0.0141663375908587
22021,-0.0601179090336645,-0.0702037538442971,-0.137027946731685,-0.284561866037789,181,163,181,93,-0.257852640529858,-0.0601324877714983,-0.0697274892393335
22022,-0.0489496804650366,-0.0579518816569394,-0.087425063660067,-0.150821755158651,306,284,306,147,-0.12411252965072,-0.0489642592028704,-0.0574756170519758
22024,-0.0433235268899189,-0.0629809217782951,-0.168518747798991,-0.221881133294906,128,116,128,38,-0.195171907786974,-0.0433381056277527,-0.0625046571733315
22027,-0.083135037948592,-0.0726481942248858,-0.12833543643968,-0.201003219216898,195,170,195,102,-0.174293993708967,-0.0831496166864258,-0.0721719296199222
22029,-0.0904760550810689,0.0150798905953799,0.0184345675528305,0.0292913022593981,24,21,24,21,0.0560005277673296,-0.0904906338189027,0.0155561552003435
22050,-0.055901591358887,-0.0080733724443148,-0.0700129923348347,-0.0057727414218806,148,134,148,67,0.0209364840860509,-0.0559161700967208,-0.00759710783935123
22065,-0.0891490752979066,-0.0584597979645541,-0.0428721183303871,-0.0603936515653742,302,291,302,264,-0.0336844260574427,-0.0891636540357404,-0.0579835333595905
22066,-0.0033557011992727,-0.0168832271110725,-0.0792745109642945,,8,8,8,,,,
22083,-0.0989384399230492,-0.0140206963512962,-0.0355187240917297,-0.0740609608705102,81,70,81,56,-0.0473517353625787,-0.098953018660883,-0.0135444317463326
22084,-0.0255838290916845,-0.0353751020018365,-0.0816013286949773,-0.0309993100427353,63,59,63,24,-0.00429008453480381,-0.0255984078295183,-0.0348988373968729
22086,-0.0538246613078372,-0.0928766896889634,-0.134790985935526,-0.0772217927207605,64,61,64,25,-0.050512567212829,-0.053839240045671,-0.0924004250839998
22089,-0.0171946340498981,0.0150329322216812,-0.0017104907954127,,7,7,7,,,,
22113,-0.0636192802010005,-0.015549224327242,-0.0428427309711522,-0.212594766638777,174,168,174,99,-0.185885541130846,-0.0636338589388343,-0.0150729597222784
22114,-0.0717739241104015,-0.0178464013175531,-0.0842800018941604,-0.162721390732292,217,205,217,119,-0.13601216522436,-0.0717885028482353,-0.0173701367125895
22140,-0.0677130593293966,0.191930279316867,0.0032853731271319,-0.0154257244135181,600,581,600,178,0.0112835010944134,-0.0677276380672304,0.192406543921831
22144,0.198061933493683,0.0182704594991267,0.0769960604741187,0.843799201308352,180,173,180,177,0.870508426816284,0.198047354755849,0.0187467241040903
22146,-0.0055213896935448,-0.0114574397291032,-0.0292391277082522,,15,14,15,,,,
22155,0.008913381764174,0.0287224648143556,0.064110793982412,0.0182420048798628,117,111,117,109,0.0449512303877943,0.00889880302634021,0.0291987294193192
22158,-0.0040874519072327,-0.0029334917955789,-0.0149581040572683,,1,1,1,,,,
22160,-0.122169646321095,0.0488075331544506,0.0256081917260733,-0.0731303579985259,97,91,97,85,-0.0464211324905944,-0.122184225058929,0.0492837977594142
22177,0.0118081693312742,0.0570079172649216,0.112046141936394,0.353431332239114,111,102,111,106,0.380140557747045,0.0117935905934404,0.0574841818698852
22187,-0.0412838264402778,-0.0340914305548933,-0.15823354493876,0.021396521413998,90,84,90,13,0.0481057469219295,-0.0412984051781116,-0.0336151659499297
22188,-0.0357907753773017,-0.0201691484166244,-0.0682518700390981,0.157634851230459,15,13,15,3,0.184344076738391,-0.0358053541151355,-0.0196928838116608
22189,-0.0095692663707185,-0.0333758093443975,-0.0859614657256645,,15,14,15,,,,
22191,-0.096097056912392,0.060950225067435,0.0296608815466238,-0.0579127648565112,290,273,290,222,-0.0312035393485797,-0.0961116356502258,0.0614264896723986
22192,-0.0718770900941763,-0.0120729860764019,0.0241164170780207,0.217555842375152,292,271,292,258,0.244265067883084,-0.0718916688320101,-0.0115967214714383
22196,-0.0741502872020986,0.0587936165346695,0.0828956475886721,0.200987889316983,60,59,60,56,0.227697114824915,-0.0741648659399324,0.0592698811396331
22200,-0.0751362825730578,0.0022762389449858,-0.0060432851925056,-0.0400948492693161,188,174,188,139,-0.0133856237613846,-0.0751508613108916,0.00275250354994937
22210,-0.127922885014612,-0.047143570791028,-0.0321672489701126,0.0439148127668095,91,85,91,80,0.070624038274741,-0.127937463752446,-0.0466673061860644
22211,0.0197086323147384,0.0509446984600253,0.065821417638227,0.183162562114681,114,110,114,109,0.209871787622613,0.0196940535769046,0.0514209630649889
22218,-0.0935123330489101,-0.0094630441919784,-0.0359985239437364,-0.12685780181263,62,57,62,37,-0.100148576304699,-0.0935269117867439,-0.00898677958701483
22224,-0.114781025886266,0.0299404110171246,0.063300570559435,-0.160359350442463,98,92,98,92,-0.133650124934531,-0.1147956046241,0.0304166756220882
22230,-0.0181017467167735,-0.0167965489619295,-0.0803662985652326,,14,14,14,,,,
22231,-0.0962055069340383,0.0796860022599042,0.0642409460686461,0.237494055853287,175,167,175,164,0.264203281361219,-0.0962200856718721,0.0801622668648678
22234,-0.0712563690057342,0.0565720842027239,0.0322167757766144,0.0259109852160821,99,95,99,83,0.0526202107240136,-0.071270947743568,0.0570483488076875
22236,-0.0652118213902068,0.0552523174969056,0.03985745102614,0.112389852246656,217,206,217,190,0.139099077754588,-0.0652264001280406,0.0557285821018692
22262,-0.092401025950893,0.0488493619817641,0.0599195223191786,0.0465491910705659,158,143,158,130,0.0732584165784974,-0.0924156046887268,0.0493256265867277
22270,-0.0213178599589898,-0.0410029346907698,-0.0437570429146711,-0.0820079559647387,37,33,37,16,-0.0552987304568072,-0.0213324386968236,-0.0405266700858062
22271,-0.0895048747249858,0.0734081690133727,0.025669205094741,-0.200267682996456,260,247,260,174,-0.173558457488525,-0.0895194534628196,0.0738844336183363
22276,-0.0258310631523313,-0.0453836594025801,-0.110221956495181,0.027681247814116,40,38,40,1,0.0543904733220475,-0.0258456418901651,-0.0449073947976165
22296,-0.0291855796840128,0.0076530570519018,-0.027392929998528,0.0099230811933626,63,57,63,21,0.0366323067012941,-0.0292001584218466,0.00812932165686537
22306,-0.0507722900396002,0.0503406840981149,-0.0138136450954966,0.0037671663716861,76,68,76,60,0.0304763918796176,-0.050786868777434,0.0508169487030785
22307,-0.021440058277379,-0.0545067425982896,-0.178712364324651,0.0220953402728651,31,31,31,1,0.0488045657807966,-0.0214546370152128,-0.054030477993326
22309,-0.0833359823526034,-0.0050894147753146,0.015756282813577,-0.209422907269432,159,150,159,119,-0.182713681761501,-0.0833505610904372,-0.00461315017035103
22313,-0.0632416901496623,0.0625989919249919,0.0313595789539997,-0.0049549039398179,68,61,68,49,0.0217543215681136,-0.0632562688874961,0.0630752565299555
22317,-0.024045851376088,-0.0567561850625973,-0.100192782360642,0.0119734686074888,46,44,46,13,0.0386826941154203,-0.0240604301139218,-0.0562799204576337
22322,-0.0885248212754699,0.0958921117095265,0.0609720321824059,-0.0256311243235153,97,87,97,72,0.0010781011844162,-0.0885394000133037,0.0963683763144901
22330,-0.0746306065961584,0.0079469474597963,0.0114807303396468,0.314695672792145,106,104,106,102,0.341404898300076,-0.0746451853339922,0.00842321206475987
22351,-0.101996656216135,0.0428082142582927,0.0459378714178827,0.0926324007965829,298,294,298,285,0.119341626304514,-0.102011234953969,0.0432844788632563
22354,-0.0057902300819611,0.0032793490040141,-0.0242844217975189,,3,3,3,,,,
22355,0.0069143019847049,-0.0033329471411262,-0.023884897298278,,4,4,4,,,,
22356,-0.0967750992395813,-0.0137954740904779,-0.031340322066355,-0.0880486643923297,213,197,213,173,-0.0613394388843982,-0.0967896779774151,-0.0133192094855143
22358,-0.0658242542223237,0.0396898172358593,0.0364052173216791,-0.195258032404476,145,132,145,98,-0.168548806896545,-0.0658388329601575,0.0401660818408229
22361,-0.0086218542346525,-0.0027013147620645,-0.0060948517453033,-0.0083672325160654,5,5,5,1,0.0183419929918661,-0.00863643297248629,-0.00222505015710093
22372,-0.055256618214264,-0.0167318622644644,-0.0236897508610639,-0.0119239579175754,105,98,105,96,0.0147852675903561,-0.0552711969520978,-0.0162555976595008
22374,-0.0461582307927209,-0.0247850888133602,-0.0912275801743251,-0.0302804300200836,59,58,59,23,-0.0035712045121521,-0.0461728095305547,-0.0243088242083966
22388,-0.0411778037192796,-0.0799682301215736,-0.114149952585495,-0.20811811550666,44,43,44,13,-0.181408889998729,-0.0411923824571134,-0.07949196551661
22397,-0.048595744103163,-0.0394907541816263,-0.110187838051156,-0.331722460357104,146,128,146,39,-0.305013234849173,-0.0486103228409968,-0.0390144895766627
22398,-0.0641694763407699,-0.0635924828510314,-0.0543511472408723,-0.122567783013983,62,60,62,54,-0.0958585575060515,-0.0641840550786037,-0.0631162182460678
22401,-0.0002687904036895,-0.0373919819653715,-0.0946878554001772,-0.0393094191124839,36,36,36,1,-0.0126001936045524,-0.000283369141523292,-0.0369157173604079
22403,0.0015279045633159,0.0025474702879299,0.0434558735866418,-0.048634746092746,92,88,92,73,-0.0219255205848145,0.00151332582548211,0.00302373489289347
22405,-0.0446286496279094,0.0385252605003323,-0.0571953593230041,-0.0708879434529981,45,42,45,11,-0.0441787179450666,-0.0446432283657432,0.0390015251052959
22410,-0.129544486222209,0.0478197737274281,0.0180556252216871,-0.0894829331449666,266,259,266,261,-0.0627737076370351,-0.129559064960043,0.0482960383323917
22415,-0.0760018507098996,-0.0075210824062717,-0.0655682823630553,-0.156392638837745,94,89,94,46,-0.129683413329814,-0.0760164294477334,-0.00704481780130813
22434,-0.0854932219137044,-0.0465286510062399,0.0060242071571706,0.154385523595905,639,605,639,603,0.181094749103837,-0.0855078006515382,-0.0460523864012763
22436,-0.087968668337923,0.050184051368842,-0.0157120096028457,-0.235557520685784,339,309,339,146,-0.208848295177852,-0.0879832470757568,0.0506603159738056
22445,-0.002664438619602,0.0094439588097832,-0.0024115021326516,,2,2,2,,,,
22446,-0.007555229530854,-0.0351079397306089,-0.11315770521189,-0.100325485930801,22,22,22,1,-0.0736162604228695,-0.00756980826868779,-0.0346316751256453
22459,-0.128574978442219,0.0017178653257788,0.01532032509672,-0.137379426551666,105,102,105,90,-0.110670201043735,-0.128589557180053,0.00219412993074237
22461,-0.0969183572619075,-0.009860740128315,-0.0275947415387626,-0.0504822561411129,152,140,152,115,-0.0237730306331814,-0.0969329359997413,-0.00938447552335143
22462,-0.0560592111374112,-0.0118029930445278,-0.013791531331573,-0.0483972939502782,150,137,150,104,-0.0216880684423467,-0.056073789875245,-0.0113267284395642
22464,-0.0452278849243727,-0.0423869937479574,-0.11900167245513,-0.207455836669084,271,261,271,106,-0.180746611161152,-0.0452424636622065,-0.0419107291429938
22466,-0.0032508794554312,-0.0405852668169629,-0.110672120036097,-0.0142117015938774,25,24,25,1,0.0124975239140541,-0.00326545819326499,-0.0401090022119993
22467,-0.0434590507914976,-0.0253894481366448,0.0045597629865311,-0.147848965747142,57,55,57,46,-0.121139740239211,-0.0434736295293314,-0.0249131835316812
22473,-0.0095581658875399,-0.0417840356252725,-0.106165441398096,-0.201939067501228,21,21,21,2,-0.175229841993297,-0.00957274462537369,-0.0413077710203089
22475,-0.0220583669198334,-0.0106457726786894,-0.0618197887966044,0.0065379035674939,12,11,12,1,0.0332471290754254,-0.0220729456576672,-0.0101695080737258
22476,-0.0197251793935686,-0.0169942411761332,-0.0778537693167546,,9,9,9,,,,
22478,-0.0759471951771504,-0.0008271942781287,-0.0535693014156952,-0.127505275667825,401,367,401,165,-0.100796050159894,-0.0759617739149842,-0.000350929673165128
22480,0.0036718343704794,-0.0015125020718868,-0.0022054487619076,,1,1,1,,,,
22482,-0.0129377257147092,-0.044966718564286,-0.0989043537303574,0.172057589873994,28,28,28,2,0.198766815381926,-0.012952304452543,-0.0444904539593224
22483,-0.132913785399053,0.0320078170635231,0.0144055297763054,0.0021989946922131,462,444,462,439,0.0289082202001446,-0.132928364136887,0.0324840816684867
22485,0.0045279476533833,-0.0191698630677715,-0.0643089315587429,0.0560499026559413,15,15,15,1,0.0827591281638728,0.00451336891554951,-0.0186935984628079
22494,-0.0639975326909142,-0.0523973961337218,-0.0273112675688254,-0.154047442764037,485,412,485,198,-0.127338217256106,-0.064012111428748,-0.0519211315287582
22495,-0.0904547382809096,-0.0068571246311489,0.0530229674298995,-0.119936958470528,66,60,66,53,-0.0932277329625965,-0.0904693170187434,-0.00638086002618533
22496,-0.0509890530011605,-0.0065971709696483,-0.0262155511079347,-0.14274676990922,41,40,41,21,-0.116037544401289,-0.0510036317389943,-0.00612090636468473
22499,-0.0855573504716318,0.0257649739928344,0.0119893333893966,-0.0613160671343301,417,389,417,276,-0.0346068416263986,-0.0855719292094656,0.026241238597798
22503,-0.0091806839412155,-0.0025277051572461,-0.0289048491978252,,5,5,5,,,,
22504,-0.05774579011459,0.0039757747267419,-0.0436014255908923,-0.248269734380068,192,180,192,103,-0.221560508872137,-0.0577603688524238,0.00445203933170547
22505,-0.0764491393563669,0.0250487886465673,0.0470089206767456,-0.0098073564371895,65,64,65,51,0.016901869070742,-0.0764637180942007,0.0255250532515309
22506,0.0892590832760774,0.0673282361624685,0.0847939775481037,0.600302227721452,180,173,180,175,0.627011453229384,0.0892445045382436,0.0678045007674321
22514,-0.0110431531181618,0.0152231408541954,0.0179431956862817,,1,1,1,,,,
22516,-0.0939464418530721,0.0432624671024329,0.0370776330182198,-0.244325961277106,318,304,318,236,-0.217616735769175,-0.0939610205909059,0.0437387317073965
22517,-0.0040883558256996,-0.0029084626297405,-0.0231218431405516,,2,2,2,,,,
22535,-0.0461965786756646,-0.0074651966772244,-0.0818560724906434,-0.0063582275516409,50,48,50,22,0.0203509979562906,-0.0462111574134984,-0.00698893207226083
22536,0.005038327673591,0.0357371214890527,0.106131887841123,0.389403251767646,79,76,79,76,0.416112477275578,0.00502374893575721,0.0362133860940163
22540,-0.103779418118702,0.0012482388291866,0.0022781628233872,-0.130179960797816,347,325,347,274,-0.103470735289884,-0.103793996856536,0.00172450343415017
22542,-0.118025659930531,0.0622010371926177,0.0616061648778273,-0.023512220064986,142,135,142,122,0.0031970054429455,-0.118040238668365,0.0626773017975813
22543,-0.0632125175420809,-0.136908357284924,-0.190065307599181,-0.18035982516785,495,440,495,146,-0.153650599659919,-0.0632270962799147,-0.13643209267996
22544,-0.043823735811632,-0.040812082967973,-0.121294711648861,-0.121589939105067,197,186,197,69,-0.0948807135971355,-0.0438383145494658,-0.0403358183630094
22545,-0.013809082476298,-0.0367059767607225,-0.0808371586358781,0.144498017130029,32,32,32,2,0.171207242637961,-0.0138236612141318,-0.0362297121557589
22549,0.0065136223805073,-0.0086032617059476,-0.0671730401914189,-0.0553926553759248,11,11,11,1,-0.0286834298679933,0.00649904364267351,-0.00812699710098403
22551,-0.0151744274410881,-0.0563862559985474,-0.115280066391324,-0.182835783539223,44,43,44,2,-0.156126558031292,-0.0151890061789219,-0.0559099913935838
22553,-0.0405430536897601,0.0233446484563013,-0.064110871925424,-0.0722644795248698,358,347,358,70,-0.0455552540169383,-0.0405576324275939,0.0238209130612649
22560,-0.0869108003541584,0.0204652313569516,0.0485267805561444,0.152928134925893,233,220,233,178,0.179637360433825,-0.0869253790919922,0.0209414959619152
22564,-0.084217693375368,-0.0234480290479777,-0.0405819087822066,-0.141080652307088,298,201,298,179,-0.114371426799157,-0.0842322721132018,-0.0229717644430141
22597,-0.0685063458192716,-0.0608691475775948,-0.123644048450577,-0.230349797357571,185,177,185,113,-0.20364057184964,-0.0685209245571054,-0.0603928829726312
22602,-0.0756477216115711,-0.0367109514665354,-0.0312179041014477,0.020927262721404,115,112,115,97,0.0476364882293355,-0.0756623003494049,-0.0362346868615718
22603,0.0137978435518096,0.0042677679421178,0.0085305862766063,,1,1,1,,,,
22604,0.0013510820931189,-0.0069149378877863,-0.0355891526805365,,8,8,8,,,,
22609,-0.10660840913831,0.0288609227984858,0.0411261156711505,0.0331797248070643,184,173,184,158,0.0598889503149958,-0.106622987876144,0.0293371874034494
22624,0.0016449427717492,-0.0174993437473355,-0.0429716642245663,,6,6,6,,,,
22626,-0.0713043476379871,0.127916579583042,0.0542414115157924,-0.171867204800299,214,202,214,110,-0.145157979292368,-0.0713189263758209,0.128392844188006
22627,-0.0233730040847011,0.0250232149401053,0.0408264426046387,0.132088159583036,47,43,47,42,0.158797385090968,-0.0233875828225349,0.0254994795450689
22629,-0.110438658185384,0.0554038866916391,0.0986593164022085,-0.0293438116334655,152,141,152,131,-0.002634586125534,-0.110453236923218,0.0558801512966027
22634,-0.0946671678833628,0.0424001464537184,0.0439080594378278,-0.140098033762085,187,176,187,169,-0.113388808254154,-0.0946817466211966,0.042876411058682
22637,-0.0049819523708298,-8.96274024455e-05,0.0035097928135813,,2,2,2,,,,
22641,-0.117640790044415,-0.0271251721048832,-0.0602451970253322,-0.176059813151933,78,69,78,65,-0.149350587644002,-0.117655368782249,-0.0266489074999196
22655,-0.072229227633881,-0.0596525409892551,-0.0695208083411321,-0.230093567950694,214,199,214,150,-0.203384342442762,-0.0722438063717148,-0.0591762763842915
22664,-0.0534600966339791,0.0040717629818419,-0.0488137001296882,0.0043217889976,273,250,273,118,0.0310310145055315,-0.0534746753718129,0.00454802758680547
22672,-0.108931418565901,0.0043982430068906,-0.029755151595505,0.0700639719117217,111,102,111,79,0.0967731974196532,-0.108945997303735,0.00487450761185417
22674,-0.0771629469983575,-0.0066753725420138,-0.0261299223619292,-0.0548367077082252,154,144,154,115,-0.0281274822002937,-0.0771775257361913,-0.00619910793705023
22686,0.0005964259239743,-0.0044574614523656,-0.0137125520996868,,1,1,1,,,,
22691,-0.0664729748478302,-0.0642105677238156,-0.0971699535608066,-0.150267183290029,366,336,366,237,-0.123557957782098,-0.066487553585664,-0.063734303118852
22692,-0.010159953084079,0.0700734934867965,0.116718194166535,0.16447575898615,166,156,166,153,0.191184984494082,-0.0101745318219128,0.0705497580917601
22701,0.0011082356671254,-0.0030424616633574,-0.0096531781979633,,1,1,1,,,,
22702,-0.0741298481283406,0.0001231209149128,0.001474130734298,-0.0671276604047935,181,170,181,117,-0.040418434896862,-0.0741444268661744,0.000599385519876372
22707,-0.0287207668585225,0.0268289057212871,0.0160721806727626,0.0661520513851745,34,33,34,8,0.092861276893106,-0.0287353455963563,0.0273051703262507
22743,-0.0306633519832153,0.000551674534863,0.0164144837256001,-0.063133864411224,55,50,55,42,-0.0364246389032925,-0.0306779307210491,0.00102793913982657
22752,-0.0572602968216821,-0.0278551631759602,-0.0906155916203345,-0.0277818662167458,303,243,303,161,-0.00107264070881431,-0.0572748755595159,-0.0273788985709966
22755,-0.0557443515766275,0.0146929530851548,-0.0614963369966107,-0.148904795567542,198,187,198,99,-0.122195570059611,-0.0557589303144613,0.0151692176901184
22758,-0.0587655651465619,-0.0644212221444998,-0.107826793801468,-0.297975906925281,102,81,102,63,-0.27126668141735,-0.0587801438843957,-0.0639449575395362
22759,-0.0979594562588178,-0.0067658570021897,0.0321218342338753,-0.171921991025231,90,87,90,83,-0.1452127655173,-0.0979740349966516,-0.00628959239722613
24201,-0.0367401682005886,0.0130141113496453,-0.0229928081611103,0.0208052718254887,169,154,169,133,0.0475144973334202,-0.0367547469384224,0.0134903759546089
24203,-0.0080356598688527,0.0217972547942916,0.0227792905691726,0.076286363392732,146,137,146,106,0.102995588900663,-0.00805023860668649,0.0222735193992552
24204,-0.0433532224914539,-0.0331661201868632,-0.0470295132101416,-0.157728895065689,131,122,131,110,-0.131019669557757,-0.0433678012292877,-0.0326898555818996
24206,-0.0715980853126477,-0.0248201601490189,-0.0436819687899415,-0.010395321478033,272,249,272,230,0.0163139040298985,-0.0716126640504815,-0.0243438955440553
24207,-0.0120549965274069,0.0644272593089578,0.12716997308223,0.341580898761745,297,283,297,261,0.368290124269677,-0.0120695752652407,0.0649035239139214
24209,-0.0495267506850795,0.0210863054577664,-0.0166607814861175,-0.0832776753823882,82,75,82,59,-0.0565684498744567,-0.0495413294229133,0.02156257006273
24212,0.0590127815960522,0.0256376198637719,0.0201526884421222,0.0265301138279564,217,212,217,202,0.0532393393358879,0.0589982028582184,0.0261138844687355
24213,0.0622285828548629,0.0225314182979008,0.03613568972995,0.175796551440495,106,100,106,99,0.202505776948427,0.0622140041170291,0.0230076829028644
24215,-0.0121481310079825,-0.0005687472311927,-0.0354411406231814,-0.0381021732622673,10,10,10,1,-0.0113929477543358,-0.0121627097458163,-9.24826262291282e-05
24224,-0.0658772197484032,-0.0022076536695005,-0.0525768600649786,-0.193998007984272,252,226,252,180,-0.167288782476341,-0.065891798486237,-0.00173138906453693
24230,0.0331621817071617,0.0892155878300305,0.108379335683427,0.201160905588169,231,221,231,201,0.227870131096101,0.0331476029693279,0.0896918524349941
24231,-0.0366805904066253,0.016276836434533,-0.0459995071985177,0.131673419903029,98,94,98,75,0.158382645410961,-0.0366951691444591,0.0167531010394966
24233,-0.0561116731275001,0.0196051895733579,0.0475735476155065,0.0075955214700732,68,61,68,50,0.0343047469780047,-0.0561262518653339,0.0200814541783215
24234,-0.0001433441298232,-0.0215606327850434,-0.0914491973961291,-0.0725725794890619,14,13,14,2,-0.0458633539811304,-0.000157922867656992,-0.0210843681800798
24237,-0.0054914492125293,0.0072923972758458,-0.0395134278748874,0.0433132575166786,48,42,48,6,0.0700224830246101,-0.00550602795036309,0.00776866188080937
24238,-0.0182641807826447,-0.0357634224762684,-0.102578112979104,-0.027561804908547,46,45,46,5,-0.000852579400615505,-0.0182787595204785,-0.0352871578713048
24240,-0.036858159228454,0.0582013950685405,0.0413019936858967,0.169866703842897,242,213,242,201,0.196575929350829,-0.0368727379662878,0.0586776596735041
24241,0.0298656662908427,0.0181998074965353,-0.0312426844426814,0.0024949699013521,77,71,77,10,0.0292041954092836,0.0298510875530089,0.0186760721014989
24300,-0.0780131136474761,-0.0355316947053681,-0.0253126740594666,-0.134566774189132,280,256,280,227,-0.107857548681201,-0.0780276923853099,-0.0350554301004045
24303,-0.0632596825649476,0.0345263289920025,0.0254019820158035,-0.0755294677310602,127,117,127,105,-0.0488202422231287,-0.0632742613027814,0.0350025935969661
24305,-0.0834982134288779,0.100753097345059,0.066100382699143,-0.0173783383987997,130,120,130,120,0.00933088710913179,-0.0835127921667117,0.101229361950023
24307,-0.0948902204553314,0.006985538982701,0.0478623218650619,-0.105113932937105,377,350,377,342,-0.0784047074291735,-0.0949047991931652,0.00746180358766457
24314,0.0690334520997805,0.0667091759906401,0.16632571095567,0.737026049221021,68,67,68,66,0.763735274728953,0.0690188733619467,0.0671854405956037
24316,-0.0540406258916393,-0.0004404742841651,-0.0756065283969824,-0.261066905865485,300,263,300,54,-0.234357680357553,-0.0540552046294731,3.57903207984718e-05
24317,-0.107170244525868,-0.0231128745361905,0.0199990785507704,0.0625008170060212,111,101,111,97,0.0892100425139527,-0.107184823263702,-0.0226366099312269
24319,-0.0762912594942549,-0.0075659960568814,0.0417855522755444,0.0226859099789265,122,115,122,106,0.049395135486858,-0.0763058382320887,-0.00708973145191783
24324,-0.0637303037659985,-0.0402048901688696,0.0537981906846228,-0.117688256374262,37,35,37,25,-0.0909790308663305,-0.0637448825038323,-0.039728625563906
24327,-0.117260664272444,0.0264869882282307,0.0458484576229762,0.0232100821585573,319,305,319,291,0.0499193076664888,-0.117275243010278,0.0269632528331943
24329,-0.109880531194659,0.0092044924499463,0.0617205618956655,-0.0217816170903316,371,353,371,329,0.0049276084175999,-0.109895109932493,0.00968075705490987
24330,-0.0206865252518429,-0.0237475625421528,-0.0757764625556897,0.140981183979749,19,17,19,1,0.167690409487681,-0.0207011039896767,-0.0232712979371892
24332,-0.0006451907415813,-0.0393411983056167,-0.109010351531833,0.0417469281973874,22,21,22,1,0.0684561537053189,-0.000659769479415092,-0.0388649337006531
24338,-0.0572078161001879,0.0463762269589664,0.0992973976776279,-0.0007377345256812,112,108,112,91,0.0259714909822503,-0.0572223948380217,0.04685249156393
24403,-0.0101396889893858,-0.0389061341775252,-0.0665183163889573,-0.204026850782416,147,143,147,38,-0.177317625274485,-0.0101542677272196,-0.0384298695725616
24405,-0.0198277724460553,-0.0844559484336984,-0.123416197099137,-0.055060778173497,69,64,69,37,-0.0283515526655655,-0.0198423511838891,-0.0839796838287348
24407,0.0168988464764097,0.0120892176894495,0.0634715602155266,-0.20553823972293,172,163,172,123,-0.178829014214999,0.0168842677385759,0.0125654822944131
24409,0.371499428178906,-0.0278641302183747,0.116529144850835,0.343312831086974,152,152,152,145,0.370022056594906,0.371484849441072,-0.0273878656134111
24410,-0.0023909196327059,-0.0560132973751064,-0.0491720673356171,-0.25185877903824,330,319,330,310,-0.225149553530308,-0.00240549837053969,-0.0555370327701428
24423,0.0098153361994193,-0.0197480014873881,0.0131603513799558,-0.137519738359006,272,263,272,259,-0.110810512851075,0.00980075746158551,-0.0192717368824245
24426,-0.0538854733966115,-0.0063646579091814,-0.0193548124399002,-0.0546074485367025,198,180,198,125,-0.027898223028771,-0.0539000521344453,-0.00588839330421783
24427,0.0882930483297291,0.044099773677016,0.0769491831469031,0.11104940879888,342,328,342,332,0.137758634306812,0.0882784695918953,0.0445760382819796
24438,-0.064971012884953,-0.0435413823422441,-0.0206214005499336,-0.140374261549425,146,137,146,115,-0.113665036041494,-0.0649855916227868,-0.0430651177372805
24443,0.023172210160184,-0.0041237368571816,0.0055636101995446,-0.0801848632126404,184,177,184,119,-0.0534756377047089,0.0231576314223502,-0.00364747225221803
24444,-0.0004654721753533,0.0017282870111164,-0.0856816159241709,-0.229925542956785,147,142,147,61,-0.203216317448854,-0.000480050913187092,0.00220455161607997
24445,-0.0139446341848681,0.0151837660865196,-0.0061928132662194,,17,17,17,,,,
24446,-0.0377988930535797,-0.0137228082868306,-0.110869076060642,-0.20087491896333,321,283,321,166,-0.174165693455399,-0.0378134717914135,-0.013246543681867
24448,0.109221543850979,-0.145507886722713,-0.0480700303435689,-0.327535828746272,114,107,114,80,-0.300826603238341,0.109206965113145,-0.145031622117749
24459,-0.0029759316658132,-0.0680641688471496,-0.143652703371028,0.153723882631189,118,115,118,11,0.180433108139121,-0.00299051040364699,-0.067587904242186
24473,-0.0444627714558543,-0.0991033015618785,-0.161385414561867,-0.1778369487054,377,275,377,208,-0.151127723197469,-0.0444773501936881,-0.0986270369569149
24482,-0.0421128301265171,0.19080457228702,0.0832669145454043,-0.0949960453170031,1208,1169,1208,812,-0.0682868198090716,-0.0421274088643509,0.191280836891984
24486,0.225446074508225,0.0681254284648789,0.119156569591068,0.546957297057815,170,168,170,158,0.573666522565747,0.225431495770391,0.0686016930698425
24491,0.0776929694684974,0.0016328723053958,0.0295191642227738,-0.236263841037562,58,54,58,53,-0.209554615529631,0.0776783907306636,0.00210913691035937
24494,0.0414684761543593,-0.0371111798677717,-0.0521487131277316,-0.281812993435757,9,8,9,7,-0.255103767927826,0.0414538974165255,-0.0366349152628081
24496,-0.0399485785730618,-0.0785648645325795,-0.0204072836891225,-0.121214301485907,280,265,280,166,-0.0945050759779755,-0.0399631573108956,-0.0780885999276159
24498,0.265185703021177,0.040706016719023,0.06257667237727,0.479218171304931,164,153,164,151,0.505927396812863,0.265171124283343,0.0411822813239866
24506,-0.0280040837416799,-0.0028667740470507,-0.0070951098441748,-0.193602428048339,1,1,1,1,-0.166893202540408,-0.0280186624795137,-0.00239050944208713
24599,0.0010300956190524,-0.0017783703415299,-0.0129239185263217,,1,1,1,,,,
24623,0.0147890860013732,-0.0277790505425785,0.0063693878152652,0.111900525090451,307,292,307,268,0.138609750598383,0.0147745072635394,-0.0273027859376149
24624,0.446422006824056,0.0068227830436896,0.173621616568231,0.866470010944832,463,457,463,458,0.893179236452763,0.446407428086222,0.00729904764865317
24625,0.0553490296297572,-0.0401327084557038,0.10049464316142,0.286174994774117,87,86,87,78,0.312884220282049,0.0553344508919234,-0.0396564438507402
24626,-0.0112362176677696,-0.0767020151060648,0.0359528204664478,-0.130163310300289,1041,991,1041,846,-0.103454084792358,-0.0112507964056034,-0.0762257505011012
24627,0.219647103165199,-0.0322412066977209,-0.0022512126111589,0.146144146772398,61,59,61,53,0.17285337228033,0.219632524427365,-0.0317649420927573
24638,0.0063758584589443,-0.0237108532797035,-0.0152267476130245,-0.195455821174737,279,261,279,191,-0.168746595666806,0.00636127972111051,-0.0232345886747399
24648,0.0875402621935961,0.0043389138975683,0.0852797344791816,0.122855214489915,296,281,296,279,0.149564439997847,0.0875256834557623,0.00481517850253187
24652,-0.0481834898352905,-0.0759368525438262,-0.111887166018768,-0.282436779511598,275,240,275,152,-0.255727554003667,-0.0481980685731243,-0.0754605879388626
24666,-0.0087961387845233,0.0238392228867718,-0.0484848901399412,0.117801338874563,11,11,11,8,0.144510564382494,-0.00881071752235709,0.0243154874917354
24670,0.225466562961376,0.0631741036345145,0.0695034293631268,0.400529378443358,101,100,101,101,0.42723860395129,0.225451984223542,0.0636503682394781
24671,0.327967984245249,-0.0129978925275902,0.184899656243216,0.178705532666496,64,63,64,59,0.205414758174428,0.327953405507415,-0.0125216279226266
24675,0.0658936403042017,0.0114827170606249,0.0384537520454798,-0.0507251541196326,109,97,109,98,-0.0240159286117011,0.0658790615663679,0.0119589816655885
24678,0.0639940342135974,0.0220992402582787,0.0517233508594661,0.120021704437776,25,24,25,23,0.146730929945708,0.0639794554757636,0.0225755048632423
24685,0.0057325423263603,-0.055473642591502,-0.0211150304388557,-0.195855836588948,961,916,961,670,-0.169146611081017,0.00571796358852651,-0.0549973779865384
24686,-0.0441453703020463,-0.0990152837544244,-0.035018197704735,-0.228223937618643,487,465,487,287,-0.201514712110712,-0.0441599490398801,-0.0985390191494608
24689,-0.0422779419782277,-0.0243180800445233,-0.0368860188471907,-0.187936424816078,56,55,56,38,-0.161227199308146,-0.0422925207160615,-0.0238418154395597
24690,0.0780746500812147,-0.0544794764062134,-0.0907133789577614,0.128822899386599,78,76,78,71,0.155532124894531,0.0780600713433809,-0.0540032118012498
24699,0.411422233707716,-0.0352863555722625,0.117826492108963,0.606895703942705,95,91,95,92,0.633604929450637,0.411407654969882,-0.0348100909672989
24700,-0.004576312161786,-0.0144063680006202,-0.0540524577083726,0.0694408438275305,10,10,10,2,0.096150069335462,-0.00459089089961979,-0.0139301033956566
24713,0.13948290583156,0.0624884449268222,0.0605355691120967,0.056534247666974,297,287,297,275,0.0832434731749055,0.139468327093726,0.0629647095317858
24714,0.0190515719149762,-0.0661813235489361,-0.0287504121784955,-0.0674163988623046,104,100,104,75,-0.0407071733543731,0.0190369931771424,-0.0657050589439725
24715,0.183585752925271,0.0025990150205471,0.0700460111738481,0.10960770409109,112,110,112,107,0.136316929599022,0.183571174187437,0.00307527962551067
24716,-0.0191530775526073,-0.0061221652503425,-0.0201900774921541,,1,1,1,,,,
24717,0.009120940091912,0.004625530636364,0.0574394785743464,-0.0001743378947392,211,193,211,180,0.0265348876131923,0.00910636135407821,0.00510179524132757
24718,0.129597231223213,0.0213780507711074,0.1032600021814,0.185698264115712,44,41,44,38,0.212407489623644,0.129582652485379,0.021854315376071
24719,0.22147655365879,0.0409037691704224,0.0660886928000521,0.412696855036695,93,89,93,91,0.439406080544627,0.221461974920956,0.041380033775386
24721,0.125879810776003,-0.0454764379307242,0.0459811701883072,0.402477180194112,103,97,103,92,0.429186405702044,0.125865232038169,-0.0450001733257606
24725,0.0356574795567117,0.0222589170407463,0.0697210026314419,0.177808995428301,25,24,25,22,0.204518220936233,0.0356429008188779,0.0227351816457099
24730,-0.0294869647574286,0.0629908812146899,0.0870713864518901,0.0150884985753615,119,111,119,111,0.041797724083293,-0.0295015434952624,0.0634671458196535
24733,-0.0559528030010949,-0.0017368045753117,-0.0191500090185637,-0.143960651151912,580,547,580,471,-0.117251425643981,-0.0559673817389287,-0.00126053997034813
24751,0.0393840558637811,-0.0364899506299853,-0.0272834373684576,-0.0725718684355538,8,8,8,3,-0.0458626429276223,0.0393694771259473,-0.0360136860250217
24754,-0.0004694104392091,-0.0246517842295527,-0.0997893768299568,0.108970828230151,44,43,44,1,0.135680053738083,-0.000483989177042892,-0.0241755196245891
24756,0.070319450202654,-0.0524407917275033,-0.0302087520296091,0.0055041274053727,282,268,282,251,0.0322133529133042,0.0703048714648202,-0.0519645271225397
24759,-0.0205530508111762,-0.0711481348261287,-0.0334780466417387,-0.148968033338979,119,114,119,101,-0.122258807831048,-0.02056762954901,-0.0706718702211651
24761,-0.0057615910537298,-0.147147908019147,-0.138988568868278,-0.115514058084428,179,172,179,123,-0.0888048325764965,-0.00577616979156359,-0.146671643414183
24762,0.239860932166303,0.0149270241999393,0.0985189768044641,0.453543580812286,86,84,86,84,0.480252806320218,0.239846353428469,0.0154032888049029
24763,-0.0140970023873945,-0.0198331110089213,-0.0469031688446322,,5,5,5,,,,
24766,-0.0116131806221128,-0.0190964540507336,-0.0155851563127642,-0.122317368398245,109,102,109,77,-0.0956081428903135,-0.0116277593599466,-0.01862018944577
24767,-0.017634180812363,-0.0045510340277235,-0.023645966641052,,1,1,1,,,,
24769,0.0074964054159365,-0.0659451558690077,-0.0735683431592956,-0.119805206559971,201,183,201,176,-0.0930959810520395,0.00748182667810271,-0.0654688912640441
24783,0.0561967552059221,-0.0442729655799293,0.0239952975826214,-0.0783779931180165,71,69,71,61,-0.051668767610085,0.0561821764680883,-0.0437967009749657
24790,0.0144156541940688,-0.0212796826724734,-0.0271603387486335,-0.0830537291131929,106,96,106,81,-0.0563445036052614,0.014401075456235,-0.0208034180675098
24795,-0.128550219223047,-0.0460468191171396,-0.0541391626032512,-0.192697885763446,15,15,15,10,-0.165988660255514,-0.128564797960881,-0.045570554512176
24798,0.0834456629696724,0.0037873213877007,0.0370040521854034,0.164918653451782,104,99,104,99,0.191627878959714,0.0834310842318386,0.00426358599266427
24800,0.0370413096022983,0.0297672986860796,0.0128973201123226,-0.0867119113833994,132,123,132,116,-0.0600026858754679,0.0370267308644645,0.0302435632910432
24801,-0.0015222691801182,-0.0183460068390399,-0.0547289662034723,-0.0059285051775936,36,31,36,25,0.0207807203303379,-0.00153684791795199,-0.0178697422340763
24812,-0.0135966256231497,0.0115806833149506,0.0239768572494689,-0.203373902200614,205,193,205,177,-0.176664676692682,-0.0136112043609835,0.0120569479199142
24826,0.26709116337175,-0.0083950359349182,0.102446948158556,0.343542744436979,167,163,167,148,0.370251969944911,0.267076584633916,-0.00791877132995463
24828,-0.0313450287539798,0.0962715579641593,0.031638724231639,-0.123734280682685,389,364,389,215,-0.0970250551747535,-0.0313596074918136,0.0967478225691229
24836,0.287664061580168,-0.0070581969260693,0.0648695627867758,0.423895596869298,213,204,213,211,0.45060482237723,0.287649482842334,-0.00658193232110573
24840,-0.0308207051985715,-0.0417247888459236,-0.0523763328888578,-0.214253182206945,32,31,32,12,-0.187543956699014,-0.0308352839364053,-0.04124852424096
24842,0.0201523982217433,-0.0633099917124799,-0.003564151959817,0.0754471690081202,75,71,75,65,0.102156394516052,0.0201378194839095,-0.0628337271075163
24843,-0.021350011890653,0.0007217293051475,-0.0193885886201046,-0.0902299283930317,260,243,260,164,-0.0635207028851002,-0.0213645906284868,0.00119799391011107
24856,0.0146128967013756,0.0357140282882865,0.160394980095029,-0.0390664962210544,56,51,56,47,-0.0123572707131229,0.0145983179635418,0.0361902928932501
24864,-0.0328403152120308,-0.0076161171160979,-0.0616600528197515,-0.0569385039192302,205,191,205,153,-0.0302292784112987,-0.0328548939498646,-0.00713985251113433
24873,0.199725779128348,-0.0264734478862478,-0.0267196741499261,0.0989945921447079,99,90,99,93,0.125703817652639,0.199711200390514,-0.0259971832812842
24874,0.0635987808406114,-0.004138559391851,-0.0111223578449058,0.0629467892957367,44,43,44,38,0.0896560148036682,0.0635842021027776,-0.00366229478688743
24876,-0.0124135718342822,-0.0084100500135983,-0.0683882713920642,-0.0005693241285993,18,17,18,1,0.0261399013793322,-0.012428150572116,-0.00793378540863473
24878,-0.048781468295671,-0.0818781398419774,-0.0980859422556874,-0.118865601142175,970,901,970,593,-0.0921563756342435,-0.0487960470335048,-0.0814018752370138
24884,0.276918537896921,0.0023325390019528,0.100061110599432,0.288725557103983,307,300,307,288,0.315434782611915,0.276903959159087,0.00280880360691637
24885,-0.0645835841819213,-0.071656125840743,-0.105790306335937,-0.244629777831341,646,615,646,385,-0.217920552323409,-0.0645981629197551,-0.0711798612357794
24889,0.0311827661852639,-0.0316416259824208,-0.0694009645352024,-0.128284352078179,190,183,190,108,-0.101575126570248,0.0311681874474301,-0.0311653613774572
24892,-0.0121286048976454,-0.031925196444146,-0.058799095228277,-0.214491245483072,76,76,76,35,-0.187782019975141,-0.0121431836354792,-0.0314489318391824
24893,0.0052750020382484,0.0004958577515411,-0.0038991293448306,,1,1,1,,,,
24894,-0.0551836364104867,-0.027167346288591,-0.0491846890211312,-0.0683583969180635,154,145,154,134,-0.041649171410132,-0.0551982151483205,-0.0266910816836274
24896,0.003546109450133,-0.0346944664988844,-0.0599890703207363,-0.126769094013816,78,73,78,32,-0.100059868505885,0.00353153071229921,-0.0342182018939208
24897,0.0586982986485216,-0.016853584695037,0.0363736120352903,0.130590725748448,70,65,70,60,0.15729995125638,0.0586837199106878,-0.0163773200900734
24898,0.0046847304566597,-0.0390688229579298,-0.0337053696979678,-0.12459253422123,197,183,197,145,-0.0978833087132985,0.00467015171882591,-0.0385925583529662
24903,0.0131772374802402,-0.0240952813261081,0.0002387271996414,0.0179254145868085,245,241,245,219,0.04463464009474,0.0131626587424064,-0.0236190167211445
24907,0.0707762632106814,-0.0560507839660658,-0.0014854636740469,0.108291330842559,87,84,87,78,0.13500055635049,0.0707616844728476,-0.0555745193611022
24908,0.299712338739611,0.037057568398376,0.125384516249024,0.360832051734474,326,321,326,294,0.387541277242406,0.299697760001777,0.0375338330033396
24911,-0.0308037753492288,-0.037849883130335,-0.116124572515542,0.108864372575067,22,21,22,1,0.135573598082999,-0.0308183540870626,-0.0373736185253714
24912,0.0807207366374645,-0.0079448704884247,0.0931466784063054,0.0088743744286541,112,107,112,105,0.0355835999365856,0.0807061578996307,-0.00746860588346113
24913,-0.0010792674846023,-0.0233029219363415,-0.026993246960456,0.175959915958454,67,64,67,64,0.202669141466386,-0.00109384622243609,-0.0228266573313779
24926,-0.0102085408441813,-0.0301420633855688,-0.113297231938547,0.0455789752188917,29,28,29,4,0.0722882007268232,-0.0102231195820151,-0.0296657987806052
24927,0.404079304651259,0.0509597924452646,0.171787149559311,0.628695341539876,449,439,449,435,0.655404567047808,0.404064725913425,0.0514360570502282
24930,-0.0275460650354823,-0.0315768428569408,-0.105250670858722,0.0542578261058469,35,35,35,8,0.0809670516137784,-0.0275606437733161,-0.0311005782519772
24933,-0.0088294044167814,-0.0054493121834337,-0.0198995786414673,,1,1,1,,,,
24935,-0.0586598776191161,-0.0591986613719553,-0.109061946646387,-0.250601808899105,59,56,59,27,-0.223892583391173,-0.0586744563569499,-0.0587223967669917
24944,0.238393539213773,-0.016535816775429,0.0598887632787147,0.41594056287151,162,158,162,153,0.442649788379442,0.238378960475939,-0.0160595521704654
24945,-0.002529489058753,-0.0137302225586391,-0.059163146960427,-0.0299346031648712,4,4,4,1,-0.00322537765693971,-0.00254406779658679,-0.0132539579536755
24946,-0.026914490034329,-0.0470337688863741,-0.0236643328700076,-0.156590004532356,807,764,807,502,-0.129880779024425,-0.0269290687721628,-0.0465575042814105
24956,-0.0095107443828148,0.126176692482133,0.0839171299079583,0.124025883645308,176,173,176,154,0.15073510915324,-0.00952532312064859,0.126652957087097
24963,0.0179441757364812,-0.0026387593035785,0.0449106645256171,0.0434387978667997,117,111,117,88,0.0701480233747312,0.0179295969986474,-0.00216249469861493
24966,0.0005603162028577,-0.0026236364005707,0.101913068465128,-0.100359913477689,98,89,98,76,-0.0736506879697575,0.000545737465023908,-0.00214737179560713
24971,0.0317168509161373,-0.0247170993997984,-0.0050288066382463,0.175073254617714,66,62,66,57,0.201782480125646,0.0317022721783035,-0.0242408347948348
24976,0.199738370727514,0.015210169446478,0.0840666401137479,0.353849618249728,201,197,201,192,0.380558843757659,0.19972379198968,0.0156864340514416
24977,0.218918009067636,0.0581562732036443,0.140712689246686,0.312595488384624,296,289,296,291,0.339304713892556,0.218903430329802,0.0586325378086079
24978,-0.0522487503446594,-0.0107704691198122,-0.0665936100630765,-0.152766839325781,966,911,966,505,-0.12605761381785,-0.0522633290824932,-0.0102942045148486
24979,0.448168522382939,0.0301574970970545,0.160093276161523,0.827853458148002,253,253,253,247,0.854562683655934,0.448153943645105,0.0306337617020181
24985,0.214862937367579,0.0414880174963758,0.0969735294431374,0.22528022534912,48,45,48,44,0.251989450857052,0.214848358629745,0.0419642821013394
24986,0.115294573527126,0.0088911851630898,0.0194753159791554,-0.0942919108977347,170,166,170,150,-0.0675826853898032,0.115279994789292,0.00936744976805337
24988,0.150608380474354,-0.0650119513520028,-0.0742292214626776,0.0476043932897219,162,157,162,141,0.0743136187976534,0.15059380173652,-0.0645356867470392
24995,0.0259251397859423,0.025682605960914,0.0497765052564414,-0.0380430522754941,79,74,79,58,-0.0113338267675626,0.0259105610481085,0.0261588705658776
24997,-0.0295858125898451,-0.03086330731352,-0.113020359117569,-0.119909400307531,14,13,14,4,-0.0932001747995995,-0.0296003913276789,-0.0303870427085564
25001,0.151964124488907,0.0344630645634594,0.100081200756469,0.309656181394914,279,274,279,268,0.336365406902846,0.151949545751073,0.034939329168423
25009,0.0153622812616861,-0.030444179709312,-0.112233365477709,-0.126879783574839,42,42,42,4,-0.100170558066908,0.0153477025238523,-0.0299679151043484
25012,-0.0198721171866566,0.0067402733779195,0.0495845136237954,-0.001760100421676,442,422,442,383,0.0249491250862555,-0.0198866959244904,0.00721653798288307
25014,-0.0071952924216838,-0.0397073977349182,-0.0608574863441482,0.0320419148899675,18,18,18,3,0.058751140397899,-0.00720987115951759,-0.0392311331299546
25026,-0.0405365676503087,-0.107345792516528,-0.1302716188211,-0.132670795942635,224,199,224,127,-0.105961570434704,-0.0405511463881425,-0.106869527911564
25027,-0.0316964363322324,-0.0591105125627809,-0.11476564760714,-0.191205276111886,230,217,230,169,-0.164496050603955,-0.0317110150700662,-0.0586342479578173
25028,-0.0293997770330217,-0.067044830791315,-0.033922418330739,-0.122840115780384,193,183,193,136,-0.0961308902724525,-0.0294143557708555,-0.0665685661863514
25032,-0.0294307790959084,-0.0457366025716262,-0.137736749460045,-0.253959518281429,300,279,300,93,-0.227250292773498,-0.0294453578337422,-0.0452603379666626
25038,-0.0043488254596508,0.0011544439921456,0.0327325436180792,-0.158370627429676,122,115,122,103,-0.131661401921745,-0.00436340419748459,0.00163070859710917
25043,-0.0120289300380768,-0.0388071831017593,-0.141747692887967,-0.134470157580371,33,33,33,1,-0.10776093207244,-0.0120435087759106,-0.0383309184967957
25045,0.194512980765406,0.0090564205973217,0.0355815738331333,0.264131812325773,13,13,13,13,0.290841037833704,0.194498402027572,0.00953268520228527
25048,0.0549340810367729,0.0326630551121168,0.0777978171301145,0.029692671371859,240,234,240,234,0.0564018968797905,0.0549195022989391,0.0331393197170804
25050,-0.0043398555761435,0.0029416371977267,-0.0281403056724817,-0.0616897032686794,184,179,184,115,-0.0349804777607479,-0.00435443431397729,0.00341790180269027
25054,0.0192443469650991,-0.0901957556221612,-0.114978663937,0.0419383189037513,95,88,95,67,0.0686475444116828,0.0192297682272653,-0.0897194910171976
25055,0.281368144233053,-0.003149853888586,0.0389865452810374,0.310105274333521,332,316,332,317,0.336814499841452,0.281353565495219,-0.00267358928362243
25057,-0.0668597791812009,0.0217093471966085,-0.0020286790108349,-0.0506250094584106,33,30,33,17,-0.0239157839504791,-0.0668743579190347,0.0221856118015721
25059,0.0325008711091863,-0.0097071844036967,0.027186660221275,-0.131076618473543,260,247,260,218,-0.104367392965612,0.0324862923713525,-0.00923091979873313
25061,-0.0793250551107291,-0.0125028027239515,-0.144322081827036,-0.291790951015151,158,134,158,83,-0.26508172550722,-0.0793396338485629,-0.0120265381189879
25065,0.19223134851331,0.0196888657785129,0.064114999489692,0.134075742536369,802,788,802,762,0.160784968044301,0.192216769775476,0.0201651303834765
25070,0.0067720964685164,0.0316437765968381,0.0466557638642439,0.0791651470107894,157,152,157,124,0.105874372518721,0.00675751773068261,0.0321200412018017
25071,-0.0416680805550602,-0.0049470689382329,0.025228989971803,-0.188427984365078,198,185,198,160,-0.161718758857146,-0.041682659292894,-0.00447080433326933
25082,-0.0082744189596065,0.0429360635356596,0.0967107511839855,0.0885909287208873,211,202,211,140,0.115300154228819,-0.00828899769744029,0.0434123281406232
25084,-0.0284790871093769,-0.0574031372031756,-0.0510409237808276,-0.0817743595996922,148,135,148,110,-0.0550651340917607,-0.0284936658472107,-0.056926872598212
25085,-0.0117164923698234,-0.0259896958718342,-0.125821630917164,-0.0832369145997486,50,49,50,8,-0.0565276890918171,-0.0117310711076572,-0.0255134312668706
25089,-0.0067171521642888,-0.0314919532971137,-0.109486766247895,-0.0400706513043597,23,23,23,1,-0.0133614257964282,-0.00673173090212259,-0.0310156886921501
25091,0.0038651530689754,-0.0095141359549379,-0.012558314636071,0.0153920142248236,562,533,562,477,0.0421012397327551,0.00385057433114161,-0.00903787134997433
25094,-0.0207463774065246,0.0004794246976016,-0.0272325205071256,-0.153008133261094,101,95,101,68,-0.126298907753162,-0.0207609561443584,0.000955689302565172
25095,-0.0416275803007975,0.0040465892152773,0.0174364925869204,-0.206684294126828,57,55,57,33,-0.179975068618897,-0.0416421590386313,0.00452285382024087
25099,-0.0799764609478274,-0.009147728478743,-0.0385416783804494,-0.0695768597554382,12,9,12,5,-0.0428676342475067,-0.0799910396856612,-0.00867146387377943
25101,-0.0136093098610966,0.0195269740391895,0.0417054327270699,0.0589816122257096,374,356,374,337,0.0856908377336411,-0.0136238885989304,0.0200032386441531
25107,0.0295909315858003,-0.0038748360315251,-0.0229087432907016,0.535415748404097,64,64,64,33,0.562124973912029,0.0295763528479665,-0.00339857142656153
25114,0.0087882124411593,-0.0532647951049322,-0.0754647174483731,-0.119165040006264,318,302,318,196,-0.0924558144983325,0.00877363370332551,-0.0527885304999686
25121,-0.0204776858430378,-0.0750633893160042,-0.0351866682057462,-0.0979761662390762,310,284,310,249,-0.0712669407311447,-0.0204922645808716,-0.0745871247110406
25127,0.0785663827444732,0.0047485070534541,0.0261253541371862,0.198995379539751,100,94,100,98,0.225704605047683,0.0785518040066394,0.00522477165841767
25130,0.158321192644836,-0.0323758974082535,0.0522051961146764,-0.044421279746227,86,83,86,78,-0.0177120542382955,0.158306613907002,-0.0318996328032899
25132,-0.0228759328493732,-0.0099819251288142,-0.0169274646376122,-0.165753151771876,341,322,341,244,-0.139043926263944,-0.022890511587207,-0.00950566052385063
25136,-0.0277189848697206,-0.0694525430473569,-0.172962696666136,-0.142353199466952,193,186,193,53,-0.115643973959021,-0.0277335636075544,-0.0689762784423933
25138,0.0859136125005427,0.0058215210378581,0.0508439710574021,0.0755055005095319,134,125,134,119,0.102214726017463,0.0858990337627089,0.00629778564282167
25142,0.17934899149946,-0.0227391856635968,0.0789051734568193,0.102299947705155,27,26,27,22,0.129009173213087,0.179334412761626,-0.0222629210586332
25143,0.36610615740382,0.0537561722039427,0.206577333223067,0.7020379756563,373,362,373,361,0.728747201164232,0.366091578665986,0.0542324368089063
25153,0.0511051612616301,-0.0349556455633439,-0.0089761181963838,-0.139062023612718,467,437,467,415,-0.112352798104786,0.0510905825237963,-0.0344793809583803
25160,0.0239355772737814,-0.01846438194873,-0.0309389560622073,-0.111232700254529,70,67,70,53,-0.0845234747465975,0.0239209985359476,-0.0179881173437664
25166,0.0067024893825672,-0.0435041744933144,-0.0951490346054811,-0.142293216870582,222,213,222,140,-0.115583991362651,0.00668791064473341,-0.0430279098883508
25171,-0.0320531374767154,-0.056737592459578,-0.100802758309053,-0.267738236020788,171,154,171,98,-0.241029010512857,-0.0320677162145492,-0.0562613278546144
25172,0.356632636931204,0.068397069452265,0.197798732298583,0.550280064168745,455,449,455,436,0.576989289676677,0.35661805819337,0.0688733340572286
25175,0.0344572842306012,-0.0630780926219986,-0.0523567708262753,-0.0356179512428747,84,83,84,74,-0.00890872573494321,0.0344427054927674,-0.062601828017035
25180,0.141304608657562,0.0227721103275382,0.0512779462526819,0.124946476945225,52,49,52,44,0.151655702453157,0.141290029919728,0.0232483749325018
25182,-0.009138990464425,-0.042710846595025,-0.138050420107339,-0.0355019851665782,89,87,89,39,-0.00879275965864671,-0.00915356920225879,-0.0422345819900614
25185,0.0015857986229512,0.0132423023344945,0.0318629711327222,-0.0223816829510124,238,226,238,222,0.00432754255691909,0.00157121988511741,0.0137185669394581
25190,0.020463445469781,-0.0579903013837623,-0.0034598380230576,-0.0515590699500195,38,37,38,22,-0.024849844442088,0.0204488667319472,-0.0575140367787987
25196,-0.0059229530749929,0.0164226042007757,0.0742842379287386,-0.198460161423535,195,178,195,171,-0.171750935915604,-0.00593753181282669,0.0168988688057393
25197,-0.0456769237358787,0.017477715952547,-0.0488398761926866,-0.259301182268404,57,52,57,48,-0.232591956760473,-0.0456915024737125,0.0179539805575106
25198,0.122829768374538,-0.0087653232805215,0.0627103462269517,0.199912975829818,466,456,466,431,0.22662220133775,0.122815189636704,-0.00828905867555793
25202,0.288213128632063,-0.0018710757636855,0.0684617288102297,0.637399436545835,434,421,434,420,0.664108662053767,0.288198549894229,-0.00139481115872193
25209,-0.006560558115281,-0.0001302805922395,-0.0095564720427831,,1,1,1,,,,
25210,-0.034610018190352,-0.0239589258350282,-0.0632652681064747,-0.108019174322603,5,5,5,2,-0.0813099488146715,-0.0346245969281858,-0.0234826612300646
25211,0.0584785284764345,-0.0092555215074592,-0.0123181174504208,0.0329536274042262,4,4,4,3,0.0596628529121577,0.0584639497386007,-0.00877925690249563
25215,-0.0536322591791438,-0.1005022191664,-0.0598868972430623,-0.0855580379012439,408,389,408,306,-0.0588488123933124,-0.0536468379169776,-0.100025954561436
25218,0.0426126521043891,-0.0232163607516915,0.0303769112748529,-0.122920363721294,324,307,324,296,-0.0962111382133625,0.0425980733665553,-0.0227400961467279
25220,-0.0485172606533882,-0.10092348325465,-0.107819275644192,-0.16902563259147,234,218,234,127,-0.142316407083539,-0.048531839391222,-0.100447218649686
25221,0.0726327025379371,-0.0120995568285102,0.0389415904679431,-0.014951510691802,20,19,20,17,0.0117577148161295,0.0726181238001033,-0.0116232922235466
25223,0.148693256212417,-0.0152098866254074,-0.0047241919042293,0.169099594304548,294,282,294,280,0.195808819812479,0.148678677474583,-0.0147336220204438
25224,0.0242734096356271,-0.004551219666118,-0.0267163484410102,0.141708837433766,57,56,57,40,0.168418062941698,0.0242588308977933,-0.00407495506115443
25235,-0.0008578685350656,-0.0238505428166326,-0.0938000280304359,-0.0779560092756536,22,22,22,2,-0.0512467837677221,-0.000872447272899392,-0.023374278211669
25237,-0.0112477474505686,-0.0542275963388619,-0.114542763424602,-0.275535578952067,84,80,84,12,-0.248826353444135,-0.0112623261884024,-0.0537513317338983
25238,-0.0079401660034321,-0.0544697852185685,-0.0010920855556965,-0.0938878107173143,246,231,246,210,-0.0671785852093828,-0.00795474474126589,-0.0539935206136049
25241,0.134128421368859,-0.0056118800131109,0.0413919168951277,0.168634555565232,98,94,98,94,0.195343781073164,0.134113842631025,-0.00513561540814733
25247,-0.0154447075737651,-0.0004556464574181,-0.0140883580557661,-0.0384860969636888,16,14,16,3,-0.0117768714557573,-0.0154592863115989,2.06181475454717e-05
25249,0.0545269621505145,-0.0563754738122789,-0.0475850989971254,0.138094627337409,164,157,164,155,0.164803852845341,0.0545123834126807,-0.0558992092073153
25250,0.108195571513904,-0.0487545091288621,0.0131615489716485,0.0339505546385801,218,205,218,205,0.0606597801465116,0.10818099277607,-0.0482782445238985
25256,0.0179414570871312,0.003394346988082,0.0570160057565481,-0.0393564366170744,273,248,273,246,-0.0126472111091429,0.0179268783492974,0.00387061159304557
25258,-0.0303520178097825,-0.0660151952493885,-0.0969041449136368,-0.103700021613539,130,125,130,65,-0.0769907961056075,-0.0303665965476163,-0.0655389306444249
25265,-0.021100961890382,0.0118158136225738,0.0043192215284328,-0.193436068408578,211,194,211,168,-0.166726842900647,-0.0211155406282158,0.0122920782275374
25269,0.0474259021163244,-0.0366486177061118,-0.0006056094196094,0.0217909722239978,113,108,113,95,0.0485001977319293,0.0474113233784906,-0.0361723531011482
25270,-0.0210050992494677,-0.0355829419061835,-0.0997057642835833,0.0403184819417333,33,29,33,4,0.0670277074496648,-0.0210196779873015,-0.0351066773012199
25271,-0.0047693942459394,0.0042909047966069,-0.0005812559962589,0.0089827178269627,34,29,34,10,0.0356919433348942,-0.00478397298377319,0.00476716940157047
25278,0.225031556494545,-0.0001748686159828,0.0808218124855974,0.671700679719199,107,103,107,103,0.698409905227131,0.225016977756711,0.000301395988980772
25282,0.0505430979576154,0.0172085516903241,0.0382650793857081,-0.0038693707170078,427,399,427,395,0.0228398547909237,0.0505285192197816,0.0176848162952877
25300,-0.0588831631408858,-0.0660751279149632,-0.154512372814485,0.0153709681394003,47,46,47,17,0.0420801936473318,-0.0588977418787196,-0.0655988633099996
25303,0.0184983926808268,-0.0310832129885458,-0.0893094257385599,-0.0456011697912355,106,99,106,33,-0.018891944283304,0.018483813942993,-0.0306069483835822
25304,-0.048813367242796,-0.0731651978658943,-0.137234243433276,-0.196051311529795,424,405,424,196,-0.169342086021864,-0.0488279459806298,-0.0726889332609307
25310,0.241899966123098,-0.0278564651546789,0.0448780245233731,0.144502744276808,183,175,183,170,0.17121196978474,0.241885387385264,-0.0273802005497153
25315,0.0008285569652006,-0.0047065318290698,-0.014550123077938,,1,1,1,,,,
25316,0.0886279871231509,-0.0102480706318037,0.117832754383337,0.0770587209151,55,54,55,46,0.103767946423031,0.0886134083853171,-0.00977180602684013
25322,0.0129730608543843,-0.0362716619381207,-0.105477953074956,0.0382532673999056,24,24,24,1,0.0649624929078371,0.0129584821165505,-0.0357953973331571
25328,-0.0208027052827353,-0.0506853996477262,-0.052808972643715,0.0267308922599421,186,176,186,155,0.0534401177678736,-0.0208172840205691,-0.0502091350427626
25329,0.474256880080286,0.104301562004479,0.2332271871711,0.731499586075294,289,285,289,278,0.758208811583226,0.474242301342452,0.104777826609443
25330,0.048939043290522,-0.0058127420576774,0.0181726233042256,0.0161900614446829,74,71,74,42,0.0428992869526144,0.0489244645526882,-0.00533647745271383
25332,0.134820956899159,-0.0007422957472497,0.0470120033340763,0.228709913670418,104,98,104,102,0.25541913917835,0.134806378161325,-0.000266031142286128
25339,-0.0196991910086265,-0.0487023910442034,-0.114165248607801,-0.100028912579758,29,28,29,2,-0.0733196870718265,-0.0197137697464603,-0.0482261264392398
25342,0.0462510720156176,-0.0873775150772093,-0.0845090646012857,-0.224088975154963,231,224,231,194,-0.197379749647032,0.0462364932777838,-0.0869012504722457
25347,0.0648030844893605,-0.011682663137112,-0.0224625654073301,-0.0467339709325491,205,193,205,180,-0.0200247454246176,0.0647885057515267,-0.0112063985321484
25348,0.422387652748426,0.0057973424627879,0.125249075239714,0.4840232158295,257,251,257,247,0.510732441337432,0.422373074010592,0.00627360706775147
25349,-0.0522800336916181,-0.0222177755644347,-0.0109078127781053,-0.0384605199575775,226,207,226,183,-0.011751294449646,-0.0522946124294519,-0.0217415109594711
25352,-0.0328467857890022,-0.0198111764087783,-0.0738665824102497,-0.184143917408415,662,609,662,437,-0.157434691900483,-0.032861364526836,-0.0193349118038147
25359,-0.0113737867607629,-0.010277776862746,-0.0180607272126448,-0.219585943429422,59,55,59,53,-0.192876717921491,-0.0113883654985967,-0.00980151225778243
25362,0.0283423025876121,0.0013435886622029,-0.0118572811879064,,8,8,8,,,,
25366,0.2180576314535,-0.0668862277763471,-0.0746643935756257,0.110001230906885,138,129,138,121,0.136710456414817,0.218043052715666,-0.0664099631713835
25367,0.0691975959524948,-0.011815707655691,0.0373691584531004,-0.127533337676587,316,293,316,287,-0.100824112168656,0.069183017214661,-0.0113394430507274
25368,0.0254627268076257,0.011126595144213,0.0435337846591228,-0.151371604958557,388,344,388,331,-0.124662379450626,0.0254481480697919,0.0116028597491766
25369,0.0391017093524517,-0.0038653949284689,0.0396353783194655,0.122586856624356,1105,1043,1105,998,0.149296082132288,0.0390871306146179,-0.00338913032350533
25371,0.0087655863283623,-0.0220423138274954,0.0257026500002713,-0.122761309865426,630,591,630,520,-0.0960520843574945,0.00875100759052851,-0.0215660492225318
25373,-0.0623908543700253,-0.0369119587520216,-0.0554264643815621,-0.40302915354667,47,45,47,38,-0.376319928038739,-0.0624054331078591,-0.036435694147058
25382,-0.040654785658453,0.0010215803881219,-0.0575406281491745,0.276960899934843,112,103,112,93,0.303670125442775,-0.0406693643962868,0.00149784499308547
25386,-0.0091017104934226,-0.0036902178374132,-0.0377591927335318,-0.0650650056219327,375,345,375,260,-0.0383557801140012,-0.00911628923125639,-0.00321395323244963
25387,-0.0033044890014771,-0.0070655069905608,-0.029614389477992,-0.0864637513133029,475,448,475,325,-0.0597545258053714,-0.00331906773931089,-0.00658924238559723
25389,0.0677803996633307,-0.0294427733351835,0.0097352098172135,0.0262640614798742,539,505,539,487,0.0529732869878057,0.0677658209254969,-0.0289665087302199
25393,0.0450820869311842,-0.0265658455683066,0.067354465258984,-0.168648196008313,161,154,161,140,-0.141938970500382,0.0450675081933504,-0.026089580963343
25395,0.063469021657686,0.0603779575180736,0.138145424257478,0.10352976135241,179,164,179,157,0.130238986860342,0.0634544429198522,0.0608542221230372
25396,-0.0166288924372997,-0.0494386427252782,-0.0619415201026858,-0.198821298920347,583,562,583,295,-0.172112073412416,-0.0166434711751335,-0.0489623781203146
25402,0.162994604776927,0.0311099679446869,0.0670014419747225,0.267182751717158,306,295,306,294,0.293891977225089,0.162980026039093,0.0315862325496505
25418,-0.0115726800115255,-0.0317084915329649,-0.0139245368257216,-0.082013472926033,361,332,361,187,-0.0553042474181015,-0.0115872587493593,-0.0312322269280013
25434,-0.0012632545354156,0.0180851329992491,0.0823793100393325,-0.0489312453460243,233,221,233,200,-0.0222220198380928,-0.00127783327324939,0.0185613976042127
25439,-0.0088328107758191,-0.0339732808190991,-0.0262954236308875,-0.0469708313130493,811,771,811,746,-0.0202616058051178,-0.00884738951365289,-0.0334970162141355
25442,0.0365536159214367,-0.0106149174918473,0.102064315446234,0.0246305607197171,260,244,260,250,0.0513397862276486,0.0365390371836029,-0.0101386528868837
25447,-0.0224839498841319,0.0064102521323808,0.0029698163078197,-0.180982001587084,75,75,75,44,-0.154272776079152,-0.0224985286219657,0.00688651673734437
25448,-0.0248030238207915,0.0019852086666345,0.0020821873915194,-0.240588010698714,655,622,655,431,-0.213878785190783,-0.0248176025586253,0.00246147327159807
25450,-0.0259571699896983,-0.0273674807559716,0.002035633979773,0.0249351604320645,84,79,84,54,0.051644385939996,-0.0259717487275321,-0.026891216151008
25452,0.231426981598014,-0.0058917061394507,0.0415552589608836,0.525091071720289,151,142,151,150,0.551800297228221,0.23141240286018,-0.00541544153448713
25454,0.140486840140115,0.0091582319649984,-0.0110262440128792,0.0672477167357752,83,74,83,64,0.0939569422437067,0.140472261402281,0.00963449656996197
25458,-0.0049237933181669,-0.0470632500782933,-0.0755259835211266,-0.166996130816147,412,395,412,241,-0.140286905308216,-0.00493837205600069,-0.0465869854733297
25462,0.0387394049235566,0.0202605339252813,0.0332971035179128,-0.127895250928013,162,152,162,119,-0.101186025420082,0.0387248261857228,0.0207367985302449
25463,-0.0323291544547705,0.0204991732197696,-0.0269457818917717,-0.166119916807429,58,55,58,12,-0.139410691299497,-0.0323437331926043,0.0209754378247332
25464,0.0491922466800861,0.067224684424113,0.127058700874272,0.263524658301547,576,555,576,529,0.290233883809478,0.0491776679422523,0.0677009490290766
25471,-0.0479771427323495,-0.022855739784939,0.0241496507272924,-0.230542314308153,127,116,127,96,-0.203833088800222,-0.0479917214701833,-0.0223794751799754
25475,-0.0425583338814053,-0.0048807979329313,-0.0241630364244494,-0.0260044933880422,158,150,158,102,0.000704732119889296,-0.0425729126192391,-0.00440453332796773
25477,0.261000692175973,0.0449743258364905,0.194165529275282,0.334900745173101,214,207,214,205,0.361609970681032,0.260986113438139,0.0454505904414541
25478,0.218062169391681,0.0001644853845122,0.0932719993359247,0.309024515024578,442,438,442,423,0.335733740532509,0.218047590653847,0.000640749989475772
25480,-0.0170212719840445,0.0197087087949585,0.0636768114871927,-0.0065217549044232,75,71,75,66,0.0201874706035083,-0.0170358507218783,0.0201849733999221
25481,0.0273741003985168,0.0027905848921247,0.0462975950183314,-0.109250825959469,268,254,268,256,-0.0825416004515375,0.027359521660683,0.00326684949708827
25482,0.0531955059168158,0.0145505588297494,0.0285076174531392,-0.0725934016575856,108,107,108,96,-0.0458841761496541,0.053180927178982,0.015026823434713
25484,-0.0122333230649236,-0.0031988978517642,-0.0822977178290792,0.0906255238140877,22,22,22,2,0.117334749322019,-0.0122479018027574,-0.00272263324680063
25487,0.151832997153861,-0.0152463896760901,0.0701153029654155,0.449782304643845,440,425,440,415,0.476491530151777,0.151818418416027,-0.0147701250711265
25496,-0.028764777953712,-0.0237262830702375,-0.0152441019971605,-0.105019672496166,1171,1102,1171,756,-0.0783104469882345,-0.0287793566915458,-0.0232500184652739
25501,0.0083340759391963,0.013546615649247,-0.0006468918943254,0.0738477718876829,287,273,287,249,0.100556997395614,0.00831949720136251,0.0140228802542106
25502,-0.0126777009237186,-0.0156254816433713,-0.0875386199647618,-0.277057825713953,31,31,31,1,-0.250348600206022,-0.0126922796615524,-0.0151492170384077
25504,-0.0108351839330543,-0.0221428243886899,-0.0827295836850929,-0.179065203275262,41,41,41,2,-0.152355977767331,-0.0108497626708881,-0.0216665597837263
25508,0.0922787909046967,0.007126007849484,0.0651975177989105,0.109109443681962,118,116,118,113,0.135818669189894,0.0922642121668629,0.00760227245444757
25509,0.0647856985195489,-0.0166855346765238,0.0001000929437337,-0.0306824070857835,261,249,261,240,-0.00397318157785201,0.0647711197817151,-0.0162092700715602
25514,-0.068098281016381,-0.127733452682144,-0.20906324784819,-0.278342633827798,128,120,128,14,-0.251633408319867,-0.0681128597542148,-0.12725718807718
25520,0.176542546794231,0.0125159524907701,0.0733854635336835,0.229453412070517,298,291,298,280,0.256162637578449,0.176527968056397,0.0129922170957337
25523,-0.0174815232580771,0.0879050566160693,0.0310988719320129,0.0245246425492645,315,287,315,207,0.051233868057196,-0.0174961019959109,0.0883813212210329
25524,-0.0098208775220079,-0.0134623599884515,-0.078856810438315,-0.2021021159883,14,14,14,2,-0.175392890480369,-0.00983545625984169,-0.0129860953834879
25525,0.0257963785074907,-0.0204687861947092,0.0603834915766587,-0.117883725869314,95,88,95,82,-0.0911745003613825,0.0257817997696569,-0.0199925215897456
25526,-0.0072467183987047,-0.0402743137835107,-0.0248789135432136,-0.203538590929103,306,290,306,260,-0.176829365421172,-0.00726129713653849,-0.0397980491785471
25540,0.0736984105894421,-0.0343271282907595,0.0180607641567573,-0.0852771843091534,258,239,258,228,-0.0585679588012219,0.0736838318516083,-0.0338508636857959
25541,0.311963793913235,0.0585651352054495,0.090646426992029,0.230705074169286,135,133,135,132,0.257414299677218,0.311949215175401,0.0590413998104131
25542,0.0273367496723467,0.0140606694881402,0.031807868070857,0.0430092168916692,281,264,281,196,0.0697184423996007,0.0273221709345129,0.0145369340931038
25543,-0.0533751975422041,-0.0721715197332457,-0.196492155365858,0.0187581219131021,67,62,67,13,0.0454673474210336,-0.0533897762800379,-0.0716952551282821
25550,-0.0256112629157715,-0.0077481552415128,-0.0101439186833094,-0.118415868907526,321,300,321,281,-0.0917066433995945,-0.0256258416536053,-0.00727189063654923
25556,0.0031536100061704,-0.0394578384019416,-0.0518505019121303,-0.124719195009908,142,136,142,68,-0.0980099695019765,0.00313903126833661,-0.038981573796978
25557,-0.0048913451286371,-0.0062015123041805,0.0020949686565287,-0.151707287436931,225,206,225,176,-0.124998061929,-0.00490592386647089,-0.00572524769921693
25558,0.155025468313468,0.0958542477773077,0.105535895318504,0.320603282892464,229,219,229,224,0.347312508400395,0.155010889575634,0.0963305123822713
25562,-0.0016769753383379,0.0280674205208195,0.0338882304375007,0.030676703771353,310,289,310,251,0.0573859292792845,-0.00169155407617169,0.0285436851257831
25571,-0.003919048901965,0.0120270819635072,0.0950380045718547,-0.297754518132982,214,200,214,178,-0.271045292625051,-0.00393362763979879,0.0125033465684708
25577,-0.0263402157984614,-0.0154934050063306,0.0047758012785002,0.016704587918639,179,171,179,157,0.0434138134265705,-0.0263547945362952,-0.015017140401367
25580,0.0383369328387726,-0.0015694847252816,0.006458547117926,0.0748728307886029,276,257,276,249,0.101582056296534,0.0383223541009388,-0.00109322012031803
25589,0.11973705629865,-0.0338585897119512,0.0511374025568068,-0.0942480468392764,107,100,107,84,-0.0675388213313449,0.119722477560816,-0.0333823251069876
25591,-0.0077174497997489,0.0370758023753784,0.0653676800767121,-0.232524819228582,682,649,682,477,-0.205815593720651,-0.00773202853758269,0.037552066980342
25592,0.0534747353785405,-0.0575797222797521,-0.0524755430131055,-0.0157808466800066,118,109,118,71,0.0109283788279249,0.0534601566407067,-0.0571034576747885
25599,-0.0690717260678959,0.0274699056014355,0.0171355817295534,-0.139758369025534,227,215,227,145,-0.113049143517603,-0.0690863048057297,0.0279461702063991
25602,0.080996322582652,0.0104904176610033,-0.0061742231612198,0.0819568288880463,111,105,111,105,0.108666054395978,0.0809817438448182,0.0109666822659669
25611,0.304256873286548,0.0063337018691227,0.0960936358680752,0.045320011807718,55,54,55,51,0.0720292373156495,0.304242294548714,0.00680996647408627
25613,0.0251880415599087,0.0009869378895714,0.0401644137051125,0.0071070834767569,274,261,274,232,0.0338163089846884,0.0251734628220749,0.00146320249453497
25615,-0.0152744370686702,-0.0318204133014484,-0.0953523692954993,0.0075152086084046,134,127,134,53,0.0342244341163361,-0.015289015806504,-0.0313441486964848
25625,0.119198370673534,-0.0354980576593881,0.0102934692145977,0.0139737680225448,96,95,96,90,0.0406829935304763,0.1191837919357,-0.0350217930544245
25630,0.0043111837969547,-0.0023914664047138,-0.0151710172089833,,2,2,2,,,,
25633,-0.0259403688323116,-0.0805537817305687,-0.155866984377619,0.0783738712418843,54,54,54,3,0.105083096749816,-0.0259549475701454,-0.0800775171256051
25640,0.0825920678278297,0.0183762189240898,0.0541863302789667,0.246933044256601,235,228,235,224,0.273642269764533,0.0825774890899959,0.0188524835290534
25644,0.0858082376706707,0.0582579655365486,0.0466625798445056,-0.0794309167645997,206,189,206,180,-0.0527216912566682,0.0857936589328369,0.0587342301415122
25645,-0.0390711206027625,-0.0674225447791905,-0.0158487333455738,-0.0711128636589194,1209,1153,1209,930,-0.0444036381509879,-0.0390856993405963,-0.0669462801742269
25650,0.193414406877576,0.0478253796532976,0.113098547330918,0.414517193437405,524,507,524,490,0.441226418945336,0.193399828139742,0.0483016442582612
25654,0.394023348230546,-0.0055838492001202,0.0766619311882989,0.771285929634162,554,548,554,531,0.797995155142094,0.394008769492712,-0.00510758459515663
25655,0.0235222787833511,-0.0471458221261862,-0.0164348585234568,-0.163409855006906,205,194,205,179,-0.136700629498975,0.0235077000455173,-0.0466695575212226
25666,0.0054914478196079,-0.0350197256343025,-0.0277013238291679,-0.0113364316992514,62,58,62,51,0.0153727938086801,0.00547686908177411,-0.0345434610293389
25669,0.387700007784246,0.0083384875373557,0.155655861626425,0.733935504296652,185,179,185,181,0.760644729804584,0.387685429046412,0.00881475214231927
25671,-0.0176541852236594,-0.0379135963949574,-0.109863897858307,-0.0194047651565863,62,62,62,12,0.00730446035134519,-0.0176687639614932,-0.0374373317899938
25675,0.159883691091964,-0.0165860551373367,0.0403599424383877,0.0637285394712201,267,260,267,254,0.0904377649791516,0.15986911235413,-0.0161097905323731
25676,-0.0507896823460396,-0.0246364087130703,-0.0790322419520481,-0.0772709247707279,413,391,413,266,-0.0505616992627964,-0.0508042610838734,-0.0241601441081067
25681,-0.0159168987747794,0.0098896738122878,-0.0183019230737899,-0.148520636266041,76,73,76,52,-0.12181141075811,-0.0159314775126132,0.0103659384172514
25692,0.115784952154479,-0.0428321431876826,0.0148032019613518,0.21270073918825,92,89,92,86,0.239409964696182,0.115770373416645,-0.042355878582719
25693,0.04714770350648,-0.0560098434036414,-0.023361964553883,-0.126726427690912,161,157,161,156,-0.100017202182981,0.0471331247686462,-0.0555335787986778
25695,0.0392811984874309,-0.0179049598085031,0.0264257771736919,0.160950282881449,248,242,248,227,0.187659508389381,0.0392666197495971,-0.0174286952035395
25697,0.0329182616852332,-0.0181146162932046,0.0564358511701659,-0.101375435279749,106,99,106,79,-0.0746662097718175,0.0329036829473994,-0.017638351688241
25698,-0.0097224536524784,-0.0417077833050573,-0.0932258207986195,-0.0502824440388317,25,25,25,1,-0.0235732185309002,-0.00973703239031219,-0.0412315187000937
25700,-0.0147665172455903,-0.0032268420259565,0.0467895075448287,-0.0898195556705962,251,241,251,230,-0.0631103301626647,-0.0147810959834241,-0.00275057742099293
25703,0.0983281029214494,-0.0006541131201574,0.0686514784350987,0.276746437551689,176,171,176,161,0.303455663059621,0.0983135241836156,-0.000177848515193828
25704,-0.0058031474983877,-0.0097247732016247,0.0749292935661673,0.271038573000218,269,259,269,248,0.29774779850815,-0.00581772623622149,-0.00924850859666113
25709,0.0058617769317819,-0.02958536023228,-0.0434020636555614,-0.113897517251539,268,253,268,230,-0.0871882917436075,0.00584719819394811,-0.0291090956273164
25711,0.0376790982563348,-0.0288769413288061,0.0068517340397901,-0.0568671439617124,177,169,177,121,-0.0301579184537809,0.037664519518501,-0.0284006767238425
25712,0.0054426154667095,-0.01497247404747,-0.0404148000252703,-0.313412913774322,60,55,60,45,-0.286703688266391,0.00542803672887571,-0.0144962094425064
25713,0.0481835855622635,0.005533016406053,0.0098458017814287,0.152317594197006,141,135,141,135,0.179026819704938,0.0481690068244297,0.00600928101101657
25714,0.0377769042758667,-0.0405717989036129,0.0374007811663844,-0.208758888594225,209,195,209,178,-0.182049663086294,0.0377623255380329,-0.0400955342986493
25716,0.0152870998874882,0.0048651043587,0.0387370953670473,-0.0371956327339567,222,211,222,201,-0.0104864072260252,0.0152725211496544,0.00534136896366357
25717,0.0397485658362675,-0.0074062531483042,0.0614615442326708,0.0690175342667375,434,412,434,386,0.095726759774669,0.0397339870984337,-0.00692998854334063
25718,-0.055659987672383,-0.0041142400299174,-0.0152041536090141,-0.149724199224789,62,60,62,43,-0.123014973716858,-0.0556745664102168,-0.00363797542495383
25722,0.255031333261111,0.013558534266354,0.036934950748154,0.278951099971463,232,223,232,222,0.305660325479395,0.255016754523277,0.0140347988713176
25723,-0.018520020346399,-0.0263621570958511,-0.0724890375259839,-0.0072670712903371,15,15,15,1,0.0194421542175944,-0.0185345990842328,-0.0258858924908875
25724,0.100338211471528,0.0326242588570155,0.0880583866886165,0.370637567901592,254,245,254,241,0.397346793409524,0.100323632733694,0.0331005234619791
25725,0.0798999658767566,0.0107157965068448,0.0869810656084096,0.259113041462868,274,265,274,252,0.2858222669708,0.0798853871389228,0.0111920611118084
25727,0.0563058186813546,-0.0441675246193607,-0.0011714726017417,0.0030528213676692,413,393,413,390,0.0297620468756007,0.0562912399435208,-0.0436912600143971
25735,-0.0104125461116817,-0.0315504928792695,-0.0934585986737426,0.0032081000402525,49,46,49,3,0.029917325548184,-0.0104271248495155,-0.0310742282743059
25736,-0.0186802262121201,-0.047593390536764,-0.144910865701549,-0.150696329787919,80,76,80,9,-0.123987104279988,-0.0186948049499539,-0.0471171259318004
25737,-0.0141986845666422,0.0062387911292533,0.0107314507429711,-0.0254499192724801,153,141,153,117,0.0012593062354514,-0.014213263304476,0.00671505573421687
25739,0.0490351991309067,0.0019822269985317,0.0573152974963258,-0.133812970833766,337,315,337,302,-0.107103745325835,0.0490206203930729,0.00245849160349527
25749,0.0188828197807592,-0.0432710277012769,-0.018147321541886,0.484646011757284,758,738,758,699,0.511355237265216,0.0188682410429254,-0.0427947630963133
25751,0.0284637718509786,-0.0649946016136385,-0.0228600027849782,-0.0506621504496606,301,285,301,274,-0.0239529249417291,0.0284491931131448,-0.0645183370086749
25752,-0.0088906088548443,-0.02072610560932,-0.0776959043476839,,24,23,24,,,,
25753,-0.0120755478512708,-0.0327391173323338,-0.130128228589778,-0.010656236187341,65,64,65,4,0.0160529893205905,-0.0120901265891046,-0.0322628527273702
25766,-0.0123505824332501,0.0046110610763729,-0.0268129262782162,-0.0517205441581267,383,355,383,328,-0.0250113186501952,-0.0123651611710839,0.00508732568133647
25767,0.0328096425096307,-0.031998735842566,0.0375506336819975,-0.199392096342348,67,62,67,57,-0.172682870834417,0.0327950637717969,-0.0315224712376024
25770,0.23527654087224,0.0047564527221023,0.129767471390645,0.385666239329273,874,843,874,839,0.412375464837205,0.235261962134406,0.00523271732706587
25775,-0.0483862575709408,-0.0493599929770265,-0.111121956995569,-0.0869510142794762,19,17,19,6,-0.0602417887715447,-0.0484008363087746,-0.0488837283720629
25779,0.0054346566894913,0.0483011218659933,0.0341405776054522,-0.0070045597152935,325,305,325,235,0.019704665792638,0.00542007795165751,0.0487773864709569
25781,0.0666110603227779,0.047665559621683,0.0154834927462984,0.168499249620384,442,429,442,394,0.195208475128316,0.0665964815849441,0.0481418242266466
25783,0.049651249378801,-0.0268176700584437,0.0961733500078472,-0.045915937838964,92,88,92,70,-0.0192067123310325,0.0496366706409672,-0.0263414054534801
25785,0.0265848339703199,-0.0717442303564836,-0.0103674303672758,-0.0022067447617361,129,118,129,108,0.0245024807461954,0.0265702552324861,-0.07126796575152
25790,-0.0386326781833447,-0.0824909161818007,-0.113656083278214,-0.143173817815716,100,95,100,55,-0.116464592307785,-0.0386472569211785,-0.0820146515768371
25795,-0.0050374379351216,-0.0522025528254883,-0.0162621271503203,-0.272732306795822,275,255,275,218,-0.246023081287891,-0.00505201667295539,-0.0517262882205247
25798,-0.0138351597345304,-0.0332953267170054,0.0162635407720706,-0.176346448735549,112,104,112,77,-0.149637223227618,-0.0138497384723642,-0.0328190621120418
25804,-0.0478926402151376,-0.0099091199473851,0.0342010388482938,-0.0536648008833245,406,389,406,363,-0.026955575375393,-0.0479072189529714,-0.00943285534242153
25812,-0.004137496921304,-0.0159040358961208,-0.0657436822536856,,8,8,8,,,,
25814,-0.0443057366848121,0.0101585760851284,0.0289762927935668,-0.149831676042806,102,98,102,81,-0.123122450534875,-0.0443203154226459,0.010634840690092
25818,-0.0314987094578534,-0.0705695180812421,-0.140828880566944,-0.103138936277648,308,285,308,43,-0.0764297107697165,-0.0315132881956872,-0.0700932534762785
25824,-0.0390061216337677,-0.0049903515670399,-0.0890555229706411,-0.0315204595634698,531,510,531,212,-0.0048112340555383,-0.0390207003716015,-0.00451408696207633
25825,0.370960617658652,-0.0684673329604465,0.106931353847548,0.350369619995924,128,127,128,126,0.377078845503855,0.370946038920818,-0.0679910683554829
25826,0.0291148853884032,0.0004286484703476,0.0564452850206618,0.0453625913127836,56,54,56,43,0.0720718168207151,0.0291003066505694,0.000904913075311172
25829,0.0222577618263405,-0.0104676099398867,0.0149732961328588,-0.0352154711005005,289,279,289,268,-0.00850624559256901,0.0222431830885067,-0.00999134533492313
25832,0.0565045022662779,-0.0874103328182681,-0.0552275762446784,-0.0551803944069626,94,90,94,80,-0.0284711688990311,0.0564899235284441,-0.0869340682133045
25839,0.0853783515481181,0.0171736140219181,0.0417864245128609,-0.0725938346795682,12,12,12,7,-0.0458846091716367,0.0853637728102843,0.0176498786268817
25842,0.0802080506290047,0.0181907621483693,0.034940564283,0.116376340381457,161,157,161,149,0.143085565889389,0.0801934718911709,0.0186670267533329
25843,0.0214985651145395,-0.0092513998681571,0.0104104011232387,0.0290016595951389,253,247,253,243,0.0557108851030704,0.0214839863767057,-0.00877513526319353
25845,0.0068065804497495,0.0026861156224861,-0.0045415226563142,,2,2,2,,,,
25850,0.0087572147057927,-0.0457950051177038,-0.0382799529616281,-0.0867476624176579,149,139,149,135,-0.0600384369097264,0.00874263596795891,-0.0453187405127402
25852,0.116637215793398,-0.0080107642206877,0.10246278875237,-0.0809213796303946,242,239,242,230,-0.0542121541224631,0.116622637055564,-0.00753449961572413
25853,-0.0444782356541866,-0.0517764209367007,-0.0996510618993096,-0.128750118670571,596,577,596,268,-0.10204089316264,-0.0444928143920204,-0.0513001563317371
25855,0.0593922079507367,0.0135787632243567,0.102285966389467,0.0433271032051956,701,671,701,651,0.0700363287131271,0.0593776292129029,0.0140550278293203
25865,0.0145304366300187,-0.0376496564982329,-0.0273413012645133,-0.0562069611746995,151,142,151,94,-0.029497735666768,0.0145158578921849,-0.0371733918932693
25874,-0.0131556575999935,-0.0107582211821304,-0.0452017684270725,,4,4,4,,,,
25876,-0.028505704517719,-0.046443584491151,-0.122955672645027,0.091860619536812,53,51,53,7,0.118569845044743,-0.0285202832555528,-0.0459673198861874
25882,0.0046042249173622,0.0435830165046006,0.0440005926114221,-0.0887833579844434,236,222,236,196,-0.0620741324765119,0.00458964617952841,0.0440592811095642
25885,0.0836480849150904,0.0243375530134615,0.0690977898763987,0.18066378884403,274,265,274,252,0.207373014351962,0.0836335061772566,0.0248138176184251
25894,0.0087267178959718,0.0326968952933662,0.0686194288543609,-0.200014204977205,137,133,137,130,-0.173304979469274,0.00871213915813801,0.0331731598983298
25895,0.0016904649800183,-0.0369960169922711,-0.0060486702920585,0.0121256418066,299,283,299,237,0.0388348673145315,0.00167588624218451,-0.0365197523873075
25899,-0.0541551392827838,-0.0101359176340263,-0.0839579878209404,-0.129284611793073,228,216,228,130,-0.102575386285141,-0.0541697180206176,-0.00965965302906273
25916,-0.0084310675337213,-0.0417738433933535,-0.0179320830336793,0.0538912895373578,245,233,245,201,0.0806005150452893,-0.00844564627155509,-0.0412975787883899
25919,0.0457682103958385,0.0204411914437185,0.119826546907073,0.144521678505018,125,118,125,119,0.17123090401295,0.0457536316580047,0.0209174560486821
25921,-0.0337920590493929,-0.0723528636692875,-0.0745116050533911,-0.1591148782305,111,103,111,84,-0.132405652722569,-0.0338066377872267,-0.0718765990643239
25922,-0.019136173061965,0.0131704500576089,0.01557658226291,0.0039131427882855,261,249,261,231,0.030622368296217,-0.0191507517997988,0.0136467146625725
25926,-0.0499919277327944,-0.0307503574374427,-0.0059594086937334,-0.0851172853852504,435,407,435,268,-0.0584080598773189,-0.0500065064706282,-0.0302740928324791
25929,-0.0125748809739714,0.103565970257557,0.123581068487945,-0.0934560002667029,242,230,242,165,-0.0667467747587714,-0.0125894597118052,0.104042234862521
25932,0.0074006510762078,-0.0092380299340677,-0.0850063395632932,-0.0318693279914085,45,43,45,5,-0.005160102483477,0.00738607233837401,-0.00876176532910413
25936,-0.0476998689242641,-0.0361020781846083,-0.0324130362250057,-0.21719382663302,135,123,135,96,-0.190484601125089,-0.0477144476620979,-0.0356258135796447
25938,0.005680782371665,-0.0597081951107762,-0.14318714357586,0.0742458014103407,69,67,69,6,0.100955026918272,0.00566620363383121,-0.0592319305058126
25944,0.047881901349937,0.0248015985377512,0.104800256096813,0.0714714917964699,197,190,197,183,0.0981807173044014,0.0478673226121032,0.0252778631427148
25950,-0.0484296088750718,-0.0821905179966843,-0.161873690486894,-0.111902124786203,128,125,128,55,-0.0851928992782715,-0.0484441876129056,-0.0817142533917207
25951,-0.0207814284427996,-0.0242884645814784,-0.105491483593699,0.191193304154344,24,24,24,4,0.217902529662276,-0.0207960071806334,-0.0238121999765148
25954,-0.0416965454020503,-0.001097962472942,-0.0172149944564596,-0.216505852825428,78,68,78,37,-0.189796627317497,-0.0417111241398841,-0.000621697867978428
25960,0.0333711082409963,-0.0206286783918422,-0.046792585890127,-0.116999498983276,219,208,219,123,-0.0902902734753445,0.0333565295031625,-0.0201524137868786
25961,0.144770882521338,0.0172758822514851,0.121979929002785,0.714732918502692,437,429,437,418,0.741442144010624,0.144756303783504,0.0177521468564487
25969,0.0132152847750438,-0.0016170990247726,0.0203274849183744,-0.133808184271862,634,588,634,541,-0.107098958763931,0.01320070603721,-0.00114083441980903
25977,-0.0398004660499213,-0.0559018146418137,-0.117945349362203,-0.0026028482831724,19,18,19,3,0.0241063772247591,-0.0398150447877551,-0.0554255500368501
25978,-0.0026765112564416,-0.0006441636639572,-0.0079959510001658,,1,1,1,,,,
25982,-0.0095479473702076,-0.0301496766913035,-0.0793946701688395,0.111495932712067,26,23,26,4,0.138205158219998,-0.00956252610804139,-0.0296734120863399
25984,-0.0499496060611158,-0.0393178350396403,-0.0437829172573308,-0.149730297685813,122,117,122,96,-0.123021072177882,-0.0499641847989496,-0.0388415704346767
25988,0.0097204506651778,0.068411080517281,0.0529853950258366,-0.0774652126437195,331,292,331,226,-0.050755987135788,0.00970587192734401,0.0688873451222446
25995,-0.044993786289754,0.0020895252170813,-0.0908937137363685,-0.207017660501626,452,421,452,219,-0.180308434993695,-0.0450083650275878,0.00256578982204487
25999,0.0290186512779598,-0.0085098398395307,0.0262508116199143,0.0871257525063164,852,799,852,769,0.113834978014248,0.029004072540126,-0.00803357523456713
26001,0.155695081767894,0.0027799235860772,0.0724208513469456,0.211161879612241,441,421,441,420,0.237871105120173,0.15568050303006,0.00325618819104077
26006,-0.0030587286056104,0.0259156661550019,0.0392275311438261,-0.137304898921259,135,126,135,118,-0.110595673413328,-0.00307330734344419,0.0263919307599655
26012,-0.0261595400641428,-0.0140530463632908,0.0353275888642123,-0.0975029089385405,310,286,310,254,-0.070793683430609,-0.0261741188019766,-0.0135767817583272
26017,0.0066465237396952,0.0195773187461348,0.0518711515446797,-0.212496733269776,138,132,138,128,-0.185787507761845,0.00663194500186141,0.0200535833510984
26019,0.0197801309399682,-0.016883520902312,-0.0281468183014402,0.0007195645196373,15,14,15,4,0.0274287900275688,0.0197655522021344,-0.0164072562973484
26025,-0.0191513812682387,-0.0707298216770965,-0.160034068632364,,29,29,29,,,,
26027,-0.0219126960925758,-0.0309537326143293,-0.0767330680360485,-0.218665577507662,10,9,10,2,-0.191956351999731,-0.0219272748304096,-0.0304774680093657
26028,0.0694849794631796,-0.0315414231707015,0.0106749737286651,-0.0969948947022341,102,100,102,85,-0.0702856691943026,0.0694704007253458,-0.0310651585657379
26030,-0.0320483302770823,-0.0457271591787268,-0.0894263733233531,-0.149742702103738,66,58,66,29,-0.123033476595807,-0.0320629090149161,-0.0452508945737632
26032,-0.000134691379107,-0.0103489557462735,-0.0073543640881505,-0.11742236547919,5,4,5,1,-0.0907131399712585,-0.000149270116940792,-0.00987269114130993
26033,0.0340790226840818,-0.0417456523791622,0.0023996796541973,-0.0702826665628793,462,438,462,418,-0.0435734410549478,0.034064443946248,-0.0412693877741986
26035,0.141117777245612,-0.0017675692150538,0.139286064643457,0.296682504541878,306,285,306,281,0.32339173004981,0.141103198507778,-0.00129130461009023
26036,-0.0079692010600902,-0.0061636027949713,-0.0197363665041709,,1,1,1,,,,
26037,-0.0005276487249842,0.0025671120463123,-0.0652279138854205,-0.158830811968719,316,298,316,207,-0.132121586460788,-0.000542227462817992,0.00304337665127587
26045,-0.0040534217693111,-0.0186612401807414,0.0091381880939322,-0.116404079532882,195,185,195,140,-0.0896948540249505,-0.00406800050714489,-0.0181849755757778
26046,0.199119672493286,-0.0310877448140156,0.0270289798857082,0.350250598826965,313,303,313,297,0.376959824334897,0.199105093755452,-0.030611480209052
26048,-0.0093129849081404,-0.0400371484641133,-0.102457008364891,-0.17600750506694,18,17,18,3,-0.149298279559009,-0.00932756364597419,-0.0395608838591497
26053,-0.0079471816723382,0.0008164046752849,0.0547135665589311,-0.131677768552295,345,331,345,311,-0.104968543044363,-0.00796176041017199,0.00129266928024847
26054,0.0044927664583033,0.0072129373888502,-0.0322669059706354,-0.21482024272272,19,18,19,6,-0.188111017214789,0.00447818772046951,0.00768920199381377
26061,-0.007475262430775,-0.0288897156227623,-0.0799273393846973,-0.0218941290720179,41,40,41,4,0.0048150964359136,-0.00748984116860879,-0.0284134510177987
26062,-0.0372155341423038,-0.0448150038970496,-0.136767051096655,-0.0989053818530278,13,13,13,3,-0.0721961563450963,-0.0372301128801376,-0.044338739292086
26063,-0.0107587653387668,-0.0049621660610237,-0.0528175304059384,,15,15,15,,,,
26070,0.0004770445861675,-0.0085656938880607,-0.0270723190649724,,3,3,3,,,,
26075,0.0232105682041041,-0.0102640461078501,-0.0040380083037286,-0.169721225471034,80,75,80,57,-0.143011999963103,0.0231959894662703,-0.00978778150288653
26077,-0.0056207031890411,-0.0309731877572847,-0.0910577405614117,0.0012978157723194,13,13,13,2,0.0280070412802509,-0.00563528192687489,-0.0304969231523211
26080,0.381041403634279,0.0506245663832975,0.203058632250092,1.28696077759e-05,131,127,131,124,0.0267220951157074,0.381026824896445,0.0511008309882611
26083,-0.0082722503819674,0.0442515019436908,0.0438031504607034,-0.0045217469164712,163,153,163,130,0.0221874785914603,-0.00828682911980119,0.0447277665486544
26084,-0.0550512573333505,-0.0420516545957218,-0.102803755698253,-0.0934808717493295,68,63,68,32,-0.066771646241398,-0.0550658360711843,-0.0415753899907582
26085,-0.0147149657003439,0.0075450748834839,-0.0557960913089402,-0.199626382364061,26,23,26,9,-0.17291715685613,-0.0147295444381777,0.00802133948844747
26087,-0.0060871381910045,-0.0083624142354688,-0.0838820671682658,0.0494690165055459,26,26,26,2,0.0761782420134774,-0.00610171692883829,-0.00788614963050523
26092,-0.0003005986233072,-0.0076824107091923,0.0264103438671735,-0.0875803111633166,220,202,220,186,-0.0608710856553851,-0.000315177361140992,-0.00720614610422873
26094,-0.0267158570501268,-0.0723201172036533,-0.0390398985295846,-0.327545900566757,169,149,169,133,-0.300836675058826,-0.0267304357879606,-0.0718438525986897
26110,-0.0557630715909177,0.0114800030498419,0.075975043247624,-0.167927486376614,317,295,317,276,-0.141218260868683,-0.0557776503287515,0.0119562676548055
26115,-0.0258947405664729,-0.0155898938506666,0.0284349673292674,-0.177791795573519,454,426,454,371,-0.151082570065588,-0.0259093193043067,-0.015113629245703
26117,0.0159167441404928,-0.038803142011577,0.0120881695020936,-0.123111629952753,220,198,220,174,-0.0964024044448215,0.015902165402659,-0.0383268774066134
26134,0.0005206802446805,-0.102363299896992,-0.141135923257492,-0.22168888343646,80,75,80,38,-0.194979657928529,0.000506101506846708,-0.101887035292028
26135,0.0017176238171061,-0.0143691267347566,0.0771955362464581,-0.146629284463181,453,416,453,404,-0.11992005895525,0.00170304507927231,-0.013892862129793
26137,-0.0024812189032082,-0.0606833597111458,-0.0472417623637813,-0.143879164114537,89,89,89,70,-0.117169938606606,-0.00249579764104199,-0.0602070951061822
26138,-0.0067727567695885,-0.0046230354969544,-0.0141734086725904,,1,1,1,,,,
26143,-0.0043931617888845,-0.0231048625994764,-0.0940183863634982,0.0244519688385183,34,33,34,3,0.0511611943464498,-0.00440774052671829,-0.0226285979945128
26150,-0.0006420528652936,0.0642478504451696,0.0910255828511036,0.0248037050438007,108,102,108,86,0.0515129305517322,-0.000656631603127392,0.0647241150501332
26155,0.259452974321411,0.0028274087227175,0.142354739503728,0.647727489693389,221,220,221,206,0.674436715201321,0.259438395583577,0.00330367332768107
26157,-0.0202628268866929,-0.0190200828130584,-0.0647583429320545,-0.0825423866016629,244,240,244,138,-0.0558331610937314,-0.0202774056245267,-0.0185438182080948
26164,-0.00678616146097,-0.0162158221581419,-0.064534113603753,-0.0632828302958104,90,84,90,58,-0.0365736047878789,-0.00680074019880379,-0.0157395575531783
26168,-0.0027713606902947,-0.0414864187850566,-0.0385821781586717,-0.174066008413192,204,190,204,98,-0.14735678290526,-0.00278593942812849,-0.041010154180093
26201,-0.0482656714908041,-0.0629318403260832,-0.160050319347863,0.0370881835095247,26,25,26,3,0.0637974090174562,-0.0482802502286379,-0.0624555757211196
26209,-0.0207900273421058,0.0132978900982575,0.0160440328306079,-0.0970440531569314,76,71,76,47,-0.0703348276489999,-0.0208046060799396,0.0137741547032211
26213,-0.0178610664419474,0.0038021397254306,0.0182222435969985,,2,2,2,,,,
26214,-0.00987394978723,0.0085472866896114,-0.0063623498883423,-0.0134644531713892,23,21,23,3,0.0132447723365423,-0.00988852852506379,0.00902355129457497
26219,0.003124636816951,-0.0536888655836824,-0.0993451902361596,-0.0571454421031402,146,139,146,46,-0.0304362165952087,0.00311005807911721,-0.0532126009787188
26225,-0.0307482696705652,-0.0499732058119,-0.142000016079856,0.240430349300976,56,54,56,7,0.267139574808907,-0.030762848408399,-0.0494969412069364
26228,-0.0846871629759118,-0.0223330346498848,-0.0953574092759533,-0.027035251303722,4,4,4,1,-0.000326025795790504,-0.0847017417137456,-0.0218567700449212
26238,0.390181853017598,0.0505287076428123,0.191386917191028,0.364915765137352,211,207,211,202,0.391624990645284,0.390167274279764,0.0510049722477759
26254,-0.0112031667881645,-0.0314676772495186,-0.0091653002008208,-0.128396553064828,143,135,143,92,-0.101687327556897,-0.0112177455259983,-0.030991412644555
26260,-0.0243133544084769,-0.0274261780239291,0.0277056202224709,-0.191472628175435,410,387,410,367,-0.164763402667504,-0.0243279331463107,-0.0269499134189655
26268,-0.0147042660486141,-0.0741738822002632,-0.0029827135853622,0.140695327876628,186,179,186,168,0.16740455338456,-0.0147188447864479,-0.0736976175952996
26269,-0.006968412026903,-0.016592354131874,-0.0780926045014134,-0.20970311747811,283,263,283,238,-0.182993891970178,-0.00698299076473679,-0.0161160895269104
26272,0.0451787484670807,0.0206536196536373,-0.0207749386130993,0.0054038243611754,215,209,215,200,0.0321130498691069,0.0451641697292469,0.0211298842586009
26274,0.0235592578393458,-0.0153380476957102,-0.010030160604747,0.0821974152518029,26,24,26,11,0.108906640759734,0.023544679101512,-0.0148617830907466
26286,-0.0298260042331992,-0.0108951429653675,-0.0626871444289566,,9,9,9,,,,
26292,-0.0291436142402867,-0.0967073569430138,-0.155147226274164,-0.206766511729382,455,400,455,274,-0.180057286221451,-0.0291581929781205,-0.0962310923380502
26297,0.042790341227704,-0.0318916950194736,-0.0258518743044483,0.0688893467650166,16,15,16,10,0.0955985722729481,0.0427757624898702,-0.03141543041451
26303,-0.0209371533562441,-0.0435749170071967,-0.0555728823669564,0.0197731087327092,186,179,186,85,0.0464823342406407,-0.0209517320940779,-0.0430986524022331
26305,0.111385863477229,0.0180706174950524,0.0682362731928787,-0.10125993877726,10,10,10,9,-0.0745507132693285,0.111371284739395,0.018546882100016
26311,0.310567103258428,0.0183486008249564,0.102020123822034,0.651445364286229,119,118,119,110,0.678154589794161,0.310552524520594,0.01882486542992
26324,-0.0316588205591612,0.030676381883795,0.0059344406984058,-0.209061853181452,94,87,94,72,-0.182352627673521,-0.031673399296995,0.0311526464887586
26328,0.0511322694382498,-0.0678595111784773,-0.0025327201400523,-0.0620418180358886,44,44,44,39,-0.0353325925279571,0.051117690700416,-0.0673832465735137
26333,-0.025147759527819,-0.051891856829963,-0.131545078967521,0.0378978932502306,120,116,120,14,0.0646071187581621,-0.0251623382656528,-0.0514155922249994
26335,0.278748297125886,0.0055864927023073,0.1218241457641,0.595748046218832,377,368,377,352,0.622457271726764,0.278733718388052,0.00606275730727087
26362,-0.0240292011025635,-0.0140853875574067,-0.0234693597432855,-0.15027050469329,182,175,182,120,-0.123561279185359,-0.0240437798403973,-0.0136091229524431
26365,0.0211859797898737,0.0358858541645272,0.0785603024169162,-0.0531640827131845,391,370,391,317,-0.026454857205253,0.0211714010520399,0.0363621187694908
26367,-0.0366261931646405,-0.0007702987659934,-0.0383257437478579,-0.0654904792581595,376,362,376,344,-0.038781253750228,-0.0366407719024743,-0.000294034161029828
26368,-0.0101825699850501,0.009012120329922,0.0454672673415762,-0.126575350760506,134,124,134,121,-0.0998661252525745,-0.0101971487228839,0.00948838493488557
26371,-0.0304194769506914,-0.0482356581267438,-0.112286388232988,0.0620887013503234,75,71,75,27,0.0887979268582549,-0.0304340556885252,-0.0477593935217802
26372,-0.0417930923808967,0.0823610283687399,0.0879941318402909,-0.0357116866091062,211,196,211,169,-0.00900246110117471,-0.0418076711187305,0.0828372929737035
26378,0.0808109966762545,-0.0421368316763886,0.0801285651508703,0.046429112006377,141,133,141,135,0.0731383375143085,0.0807964179384207,-0.041660567071425
26379,-7.96247421604e-05,0.0524204562760614,0.0335142587782667,0.0034193733923015,262,253,262,216,0.030128598900233,-9.42034799941924e-05,0.052896720881025
26381,-0.0218549144291332,-0.0045900217475085,0.0390780923305402,-0.181027113730482,252,233,252,210,-0.15431788822255,-0.021869493166967,-0.00411375714254493
26383,0.0335300144064463,-0.0527748854215433,-0.0666507573921811,-0.263896600704555,156,148,156,123,-0.237187375196624,0.0335154356686125,-0.0522986208165797
26384,-0.0577277954358225,-0.0440315498284324,-0.124296478606252,-0.0901674123898764,102,99,102,49,-0.0634581868819449,-0.0577423741736563,-0.0435552852234688
26399,0.169746126828363,0.0706945565833876,0.120179046281697,0.530692848245716,260,256,260,243,0.557402073753648,0.169731548090529,0.0711708211883512
26405,0.0079824880799591,-0.0029116931179584,0.0077474739913672,-0.0683495602538811,458,425,458,409,-0.0416403347459496,0.00796790934212531,-0.00243542851299483
26411,-0.0072918760103146,0.0158393719262996,0.016079968447835,-0.106718994986409,196,185,196,167,-0.0800097694784775,-0.00730645474814839,0.0163156365312632
26416,-0.0491997392672728,-0.0316001317117356,-0.122117811179344,-0.216477677015123,169,162,169,92,-0.189768451507191,-0.0492143180051066,-0.031123867106772
26426,-0.0353992846635895,-0.0042996862426142,-0.0582317575218675,-0.181583340888292,9,9,9,5,-0.154874115380361,-0.0354138634014233,-0.00382342163765063
26434,-0.0207455823864857,-0.0604915112281621,-0.121539543029478,-0.0468409849716611,88,85,88,13,-0.0201317594637296,-0.0207601611243195,-0.0600152466231985
26436,-0.0138629974324379,-0.0596189034818069,-0.0320328437609045,-0.0286863168896754,675,640,675,565,-0.0019770913817439,-0.0138775761702717,-0.0591426388768433
26454,0.0118470249588664,0.0673629237564734,0.133205996863772,-0.0684451016507705,296,274,296,264,-0.041735876142839,0.0118324462210326,0.067839188361437
26465,-0.0308259380821496,-0.0675897945821202,-0.0605399594070948,-0.186978745639557,133,127,133,99,-0.160269520131626,-0.0308405168199834,-0.0671135299771566
26466,0.0080985622248595,-0.0362114761928832,0.0656637073637876,-0.0307379712334933,554,525,554,433,-0.00402874572556181,0.00808398348702571,-0.0357352115879196
26476,0.0506302602004658,-0.0156090983509482,0.0348403772424663,-0.0209009711917649,542,527,542,482,0.0058082543161666,0.050615681462632,-0.0151328337459846
26482,0.0016211475291688,-0.0529758619026586,-0.0391612468385688,-0.0959287713162937,103,92,103,97,-0.0692195458083622,0.00160656879133501,-0.052499597297695
26501,0.0152196331839608,0.0007862643513369,-0.104727620822549,-0.102094044506007,260,246,260,147,-0.0753848189980755,0.015205054446127,0.00126252895630047
26503,0.0199914032261217,0.0325517135915468,0.0637625296381217,-0.225863243805015,101,95,101,86,-0.199154018297083,0.0199768244882879,0.0330279781965104
26507,0.227576294511512,0.0009301733799533,0.0416412287352472,0.459758572014177,94,94,94,93,0.486467797522109,0.227561715773678,0.00140643798491687
26519,-0.0204726514254476,-0.005620286498448,0.0174607660364452,-0.0442113497868092,11,10,11,1,-0.0175021242788777,-0.0204872301632814,-0.00514402189348443
26524,0.0486432569307161,-0.02532061252922,0.0178079835213415,-0.0855081600317221,175,167,175,160,-0.0587989345237906,0.0486286781928823,-0.0248443479242564
26531,-0.0095131030708425,-0.0024948794331688,-0.0325019964231845,,6,6,6,,,,
26538,0.0071736451669275,-0.0325680197396027,0.00539812699913,-0.039264950298547,681,652,681,583,-0.0125557247906155,0.00715906642909371,-0.0320917551346391
30001,-0.0932510095678925,0.0433181919078272,0.0622085244240665,-0.0429474640284374,140,136,140,127,-0.0162382385205059,-0.0932655883057263,0.0437944565127908
30003,-0.0430410667804609,-0.0361475009500868,-0.0101340275967242,-0.0542975804959384,246,236,246,196,-0.0275883549880069,-0.0430556455182947,-0.0356712363451232
30013,-0.010953909652299,-0.0178143637957646,0.0485088568872741,0.356835046567701,70,69,70,63,0.383544272075632,-0.0109684883901328,-0.017338099190801
31002,-0.0797609834088535,0.0497530191318282,0.0591566497142728,-0.0703139340349184,80,76,80,66,-0.0436047085269869,-0.0797755621466873,0.0502292837367918
31005,-0.0521367476268817,0.0323415123346273,0.057006719831065,-0.0654501919002553,42,40,42,25,-0.0387409663923238,-0.0521513263647155,0.0328177769395909
31010,-0.142516740338434,0.0576982109044428,0.10115806800277,-0.0445127680993493,386,375,386,367,-0.0178035425914178,-0.142531319076268,0.0581744755094064
31011,0.005504808792112,-0.0104360877046444,-0.0289534636957813,,4,4,4,,,,
31012,-0.0606703468389814,0.0197035683680733,-0.0159276235730132,0.0944186384806552,57,49,57,43,0.121127863988587,-0.0606849255768152,0.0201798329730369
31030,-0.0481246915340686,-0.0537030535007623,-0.123453829565193,-0.197551585488011,801,771,801,466,-0.170842359980079,-0.0481392702719024,-0.0532267888957987
31034,0.0008869525145372,-0.0262292847840639,-0.0572617689978781,-0.0561645130996166,25,25,25,5,-0.0294552875916851,0.000872373776703408,-0.0257530201791003
31037,0.0600191552316779,0.143693343753844,0.136439591917722,-0.0902513000323113,587,557,587,514,-0.0635420745243798,0.0600045764938441,0.144169608358808
31039,-0.0230431102359089,-0.0024639068654988,-0.0165278134161308,-0.0579842598749077,6,6,6,1,-0.0312750343669762,-0.0230576889737427,-0.00198764226053523
31040,0.0391563681244773,0.0357739810854601,0.0802037686622745,0.255222044096684,100,96,100,89,0.281931269604615,0.0391417893866435,0.0362502456904237
31042,-0.0344118479777665,0.0071768633832687,-0.0232918831640706,0.196957186330662,57,53,57,52,0.223666411838594,-0.0344264267156003,0.00765312798823227
31047,-0.0500659569659297,-0.0657641038707726,-0.0380494493459077,-0.364391981066969,64,58,64,35,-0.337682755559038,-0.0500805357037635,-0.065287839265809
31048,0.0111432781282919,-0.0312861797141584,-0.124764759459001,0.380391084608636,41,39,41,5,0.407100310116568,0.0111286993904581,-0.0308099151091948
31052,0.0326606272249778,-0.0197331062860081,0.072443254954275,0.005843791631254,144,134,144,126,0.0325530171391855,0.032646048487144,-0.0192568416810445
31064,-0.030398322916765,-0.0727000210598739,-0.185154655018887,-0.0380574756488226,180,178,180,53,-0.0113482501408911,-0.0304129016545988,-0.0722237564549103
31065,0.039534931795196,-0.0250624509300572,-0.0155134168093504,-0.0675089539708086,460,434,460,404,-0.0407997284628771,0.0395203530573622,-0.0245861863250936
31066,0.0482858007830237,-0.0568488545600288,-0.0058825206326121,-0.151208562051824,101,96,101,70,-0.124499336543893,0.0482712220451899,-0.0563725899550652
31068,-0.0087277065975444,-0.0453379608373646,-0.0656406899465388,-0.0047765410339885,144,139,144,88,0.021932684473943,-0.00874228533537819,-0.044861696232401
31071,0.0632608877846912,0.0241415259962723,0.128851490771553,0.109715319663949,601,568,601,566,0.136424545171881,0.0632463090468574,0.0246177906012359
31074,0.103998665877047,0.0031034781627845,0.0037784785947274,0.188601471802598,572,552,572,540,0.21531069731053,0.103984087139213,0.00357974276774807
31078,0.160430443589272,0.0201713678994789,0.0986316757602094,0.350320019439663,312,299,312,304,0.377029244947595,0.160415864851438,0.0206476325044425
31080,-0.0287927067849703,-0.0690233287343289,-0.0951318973399726,-0.187721584279191,152,142,152,85,-0.16101235877126,-0.0288072855228041,-0.0685470641293653
31083,0.0511849346718621,0.055991056523445,0.096950987164692,0.0776173866294623,415,392,415,388,0.104326612137394,0.0511703559340283,0.0564673211284086
31084,-0.0672490861926355,-0.0247628562763888,-0.0089849544936792,-0.111788774134031,47,44,47,37,-0.0850795486260995,-0.0672636649304693,-0.0242865916714252
31085,-0.100162034281714,-0.0217048267641309,0.0093283799934523,0.0082321328981483,344,335,344,313,0.0349413584060798,-0.100176613019548,-0.0212285621591673
31087,-0.099234581003301,0.0367950017833462,0.0126366736730005,-0.0568760208451233,105,94,105,94,-0.0301667953371918,-0.0992491597411348,0.0372712663883098
31098,-0.0266782552527702,-0.0026618042086525,-0.0282622820324077,0.0848795013357087,5,5,5,1,0.11158872684364,-0.026692833990604,-0.00218553960368893
31103,-0.0890741440759656,0.0554225419739601,0.0395619385381666,0.382222095757263,304,298,304,295,0.408931321265194,-0.0890887228137994,0.0558988065789237
31106,-0.0909912512893519,0.0305932091315169,0.067714744244307,-0.0582000087011352,98,95,98,88,-0.0314907831932037,-0.0910058300271857,0.0310694737364805
31107,0.0280920407454974,-0.0277532297635204,-0.0179042438593227,0.058611161443756,6,6,6,6,0.0853203869516875,0.0280774620076636,-0.0272769651585568
31110,-0.0789182620958263,0.049911391058441,0.0625658923183024,0.172641553729285,305,301,305,290,0.199350779237217,-0.0789328408336601,0.0503876556634046
31116,-0.0649557768993926,0.0092228968825824,-0.0145333058971758,-0.0642245349480737,530,498,530,411,-0.0375153094401422,-0.0649703556372264,0.00969916148754597
31124,-0.0054154127035199,-0.020313385666041,-0.0170230058279899,-0.236614690885135,27,25,27,10,-0.209905465377204,-0.00542999144135369,-0.0198371210610774
31128,-0.0013363948562092,0.0259935607398577,-0.0062817616916351,-0.105913729476098,173,164,173,120,-0.0792045039681665,-0.00135097359404299,0.0264698253448213
31130,-0.0669696558745794,-0.0696712216678717,-0.120636530844963,-0.0669623607723004,29,29,29,26,-0.0402531352643689,-0.0669842346124132,-0.0691949570629081
31132,-0.014296393789082,-0.026311887637081,-0.041757686045982,-0.226291745885848,20,15,20,3,-0.199582520377916,-0.0143109725269158,-0.0258356230321174
31153,0.0106481320012092,0.0641001471697266,0.0159022936495035,-0.13731873417213,430,398,430,271,-0.110609508664199,0.0106335532633754,0.0645764117746902
31161,-0.0115980767095782,-0.0456489021961046,-0.0245457740496238,-0.165543938405399,229,213,229,180,-0.138834712897468,-0.011612655447412,-0.045172637591141
31162,-0.00488883206781,-0.0181070119775526,-0.0491421513717398,-0.0438183080150566,13,13,13,4,-0.0171090825071251,-0.00490341080564379,-0.017630747372589
31163,-0.0308139302237564,-0.0317831726516676,-0.128595877702175,0.0464253173894895,36,35,36,3,0.073134542897421,-0.0308285089615902,-0.031306908046704
31167,-0.009294114869598,-0.0336659802536169,-0.0893375403070921,-0.0540140995766311,68,66,68,24,-0.0273048740686996,-0.00930869360743179,-0.0331897156486533
31175,-0.0218439291796067,-0.0122967348561696,0.015508684034492,-0.348507393401496,67,64,67,49,-0.321798167893565,-0.0218585079174405,-0.011820470251206
31187,0.0061305774565099,-0.0169171261623978,-0.0388462881603588,-0.138594176865586,11,11,11,1,-0.111884951357655,0.00611599871867611,-0.0164408615574342
31189,-0.0848007170106552,-0.0008895549814357,-0.0245102610129022,-0.166476325244511,3,3,3,2,-0.13976709973658,-0.084815295748489,-0.000413290376472128
31192,-0.0061906426442864,-0.0602365931761222,-0.153153028294077,0.185413225122674,70,69,70,6,0.212122450630606,-0.00620522138212019,-0.0597603285711586
31194,-0.0144040526982043,-0.0101444463756403,-0.0427439782133598,-0.246692542505518,46,41,46,36,-0.219983316997586,-0.0144186314360381,-0.00966818177067673
31201,0.0474135137396335,0.006130435197189,0.0638903810642484,-0.203674493944428,91,84,91,87,-0.176965268436497,0.0473989350017997,0.00660669980215257
31203,0.0421877746185381,-0.0712453068945351,-0.0699767236596514,-0.187770937269123,88,82,88,74,-0.161061711761191,0.0421731958807043,-0.0707690422895715
31220,-0.0184762181186589,-0.0520920695326856,-0.114676698302557,0.0384491792003106,32,30,32,3,0.0651584047082421,-0.0184907968564927,-0.051615804927722
31222,0.050584429266669,-0.0305171792837649,-0.0972102498772791,-0.0049054805902912,33,32,33,2,0.0218037449176403,0.0505698505288352,-0.0300409146788013
31252,-0.0210264785574823,-0.0139221800848769,-0.0867472099396431,,12,12,12,,,,
31253,-0.004697190630269,-0.0439144105041992,-0.0041833441442418,-0.098218082516045,144,130,144,113,-0.0715088570081135,-0.00471176936810279,-0.0434381458992356
31258,0.0776253858149871,-0.0634081618412612,0.0383497638346243,-0.193134608930483,35,33,35,30,-0.166425383422552,0.0776108070771533,-0.0629318972362976
31260,-0.0446697787327506,0.0410427631031356,0.0793973396629746,-0.347228758824735,124,110,124,104,-0.320519533316804,-0.0446843574705844,0.0415190277080992
31262,0.0414499137940578,0.0311597987796656,0.0413643315031046,-0.0587195029297314,142,133,142,122,-0.0320102774217999,0.041435335056224,0.0316360633846292
31264,0.0293926004640264,-0.0271102309401414,0.0382655185916933,0.155400350891495,100,93,100,95,0.182109576399427,0.0293780217261926,-0.0266339663351778
31265,-0.0273614169502916,0.014117540695155,0.0074255002636241,-0.0320019526206417,1,1,1,1,-0.0052927271127102,-0.0273759956881254,0.0145938053001186
31267,0.0076794401731639,-0.0239884800741831,-0.0260947327432327,0.0207211004069467,13,13,13,12,0.0474303259148782,0.00766486143533011,-0.0235122154692195
31271,0.180441525629654,0.0350923219087768,0.112176645735152,0.0256488211594272,37,36,37,36,0.0523580466673587,0.18042694689182,0.0355685865137404
31274,-0.0180672549397354,-0.0285113747692579,-0.0693672810341772,-0.0949610063516232,108,101,108,83,-0.0682517808436917,-0.0180818336775692,-0.0280351101642943
31276,0.0675021036935476,0.0006083275793456,0.0608586923610247,0.0962943354589152,190,184,190,172,0.123003560966847,0.0674875249557138,0.00108459218430917
31278,-0.0397643965020486,-0.0736979319284186,-0.0504536192893544,-0.148327198070964,181,173,181,121,-0.121617972563033,-0.0397789752398824,-0.073221667323455
31279,0.0302071790187377,0.0092365859454703,0.0112768237527275,-0.171638506661358,27,26,27,3,-0.144929281153427,0.0301926002809039,0.00971285055043387
31287,0.010833881263409,-0.0338881570873232,-0.0923198169245686,0.0862739716606409,14,14,14,1,0.112983197168572,0.0108193025255752,-0.0334118924823596
31288,0.0337479926901608,0.0292530685377948,0.0312825437085339,0.0731198859458408,157,145,157,110,0.0998291114537723,0.033733413952327,0.0297293331427584
31290,-0.0277159482064537,-0.0392337864925605,-0.0128727025501741,-0.0579326960107918,179,164,179,152,-0.0312234705028603,-0.0277305269442875,-0.0387575218875969
31293,0.0367997482183706,-0.0181486916435006,0.0163640323361757,0.0101752680300663,359,347,359,343,0.0368844935379978,0.0367851694805368,-0.017672427038537
31294,0.207925359034409,0.0183288051605436,0.110387285363604,0.234899066943064,452,432,452,436,0.261608292450996,0.207910780296575,0.0188050697655072
31295,0.0853204391965193,0.043895591521023,0.0792051243701658,0.245478545258857,659,626,659,595,0.272187770766789,0.0853058604586855,0.0443718561259866
31299,0.0020169963316413,0.0182867422926466,0.043224714235318,-0.138501341796391,311,291,311,286,-0.11179211628846,0.00200241759380751,0.0187630068976102
31327,0.0573782002954148,0.0032758691124179,0.0659991069249837,-0.0056231362366517,705,683,705,655,0.0210860892712798,0.057363621557581,0.00375213371738147
31338,-0.003576581917656,-0.0528303711291451,-0.10076871247586,-0.14528531498642,37,35,37,8,-0.118576089478489,-0.00359116065548979,-0.0523541065241815
31339,-0.0253724613577591,-0.0220762898612654,-0.0815444423084175,,6,6,6,,,,
31340,0.364900948782808,0.078825216818078,0.186029454070899,0.204062737063484,560,541,560,535,0.230771962571416,0.364886370044974,0.0793014814230416
31342,0.377763464830108,0.005061803492068,0.202842421411278,0.213026215646524,158,148,158,155,0.239735441154456,0.377748886092274,0.00553806809703157
31343,0.134938431856954,0.014533500493008,0.0122684830235464,-0.112514102389407,440,409,440,286,-0.0858048768814755,0.13492385311912,0.0150097650979716
31344,0.150090586876444,0.0031798445741726,0.0269647860091694,0.004746973776563,7,6,7,4,0.0314561992844945,0.15007600813861,0.00365610917913617
31345,0.0509019804250763,0.0005780158596554,-0.065289993389996,-0.195773509519705,325,316,325,110,-0.169064284011774,0.0508874016872425,0.00105428046461897
31346,-0.0616461453169671,0.0176971437428409,0.0281034483788257,-0.135723231210046,19,17,19,6,-0.109014005702115,-0.0616607240548009,0.0181734083478045
31368,-0.0143970731491108,0.0041372734263614,-0.0232442404215808,-0.0070406434941696,8,8,8,2,0.0196685820137619,-0.0144116518869446,0.00461353803132497
31373,0.240470377901093,0.0334652609459818,0.104290965381936,0.413902263728406,106,103,106,97,0.440611489236338,0.240455799163259,0.0339415255509454
31375,-0.0080937458623392,-0.0576196395287434,-0.16559303598432,-0.0208709891638373,55,55,55,11,0.00583823634409419,-0.00810832460017299,-0.0571433749237798
31376,-0.04465631706373,-0.0468356770231385,-0.0444376037860611,0.0810090033277013,31,29,31,10,0.107718228835633,-0.0446708958015638,-0.0463594124181749
31378,0.0138227028818979,0.0122126640939175,0.0318661730076279,0.080856327107536,302,295,302,285,0.107565552615468,0.0138081241440641,0.0126889286988811
31379,0.117413556890074,0.0018286897713058,0.0898327584221123,0.210663755271076,146,138,146,137,0.237372980779008,0.11739897815224,0.00230495437626937
31387,0.173593930734316,-0.0147949586526547,0.0387899098149904,-0.008952314395032,215,207,215,195,0.0177569111128995,0.173579351996482,-0.0143186940476911
31388,-0.0515397258762816,-0.092162191262392,-0.0265956915980757,-0.142489276037761,271,252,271,163,-0.11578005052983,-0.0515543046141154,-0.0916859266574284
31392,0.0898286018385431,0.0339800347564481,0.0160204828512392,0.0425907217372257,67,63,67,60,0.0692999472451572,0.0898140231007093,0.0344562993614117
31395,-0.0276926753959309,-0.027161828018326,-0.0725615552878048,,7,6,7,,,,
31405,-0.0126236851033585,-0.0210081879576439,-0.0609084337444545,-0.174174616267091,21,21,21,5,-0.147465390759159,-0.0126382638411923,-0.0205319233526803
31407,-0.049856860087535,-0.0206286938938372,-0.0882201026784717,-0.147545569416986,10,10,10,2,-0.120836343909055,-0.0498714388253688,-0.0201524292888736
31419,0.0170974347224448,-0.0114042785585538,-0.0516780334234553,0.330699503687591,13,13,13,10,0.357408729195523,0.017082855984611,-0.0109280139535902
31421,-0.0059108756125888,0.0068389343065966,-0.0321797668664689,0.0268221147088519,90,85,90,66,0.0535313402167834,-0.00592545435042259,0.00731519891156017
31428,-0.0379792478019828,-0.0688067827909929,-0.143416114980104,0.0462527756619594,82,79,82,21,0.0729620011698909,-0.0379938265398166,-0.0683305181860293
31432,-0.0297313740583225,-0.0787665238912038,-0.103745891749456,-0.180823327835759,182,169,182,117,-0.154114102327828,-0.0297459527961563,-0.0782902592862402
31438,0.0300044386462692,-0.0164865647113431,-0.029139804340663,-0.169762098475852,9,8,9,2,-0.14305287296792,0.0299898599084354,-0.0160103001063795
31444,0.0145884641613292,-0.0291978906264653,-0.0543319710023742,-0.0363677683644709,10,10,10,4,-0.00965854285653941,0.0145738854234954,-0.0287216260215017
31445,-0.0059623852890362,-0.0142232647565877,0.0589192543001394,0.148624968096768,65,61,65,59,0.1753341936047,-0.00597696402686999,-0.0137470001516241
31466,-0.0618410112756816,-0.0017860795511869,-0.0328858194698775,,4,4,4,,,,
31486,-0.0032954351135697,-0.0254968683947093,-0.0821026763020545,0.091720200646784,20,20,20,3,0.118429426154716,-0.00331001385140349,-0.0250206037897457
31494,-0.0938436101764255,-0.0275198450322895,-0.0930401004710581,0.0658405691144464,5,5,5,3,0.0925497946223779,-0.0938581889142593,-0.0270435804273259
31495,0.0486995476562944,-0.0115207146964826,0.0242324994610016,0.0530604079915303,111,101,111,94,0.0797696334994618,0.0486849689184606,-0.011044450091519
31499,0.182645059852391,-0.0138001248524805,0.0656807925985889,0.288768666309643,45,44,45,42,0.315477891817574,0.182630481114557,-0.0133238602475169
31504,0.141366981305985,0.0164575446481515,0.0384369094283441,0.43062082392067,7,7,7,7,0.457330049428602,0.141352402568151,0.0169338092531151
31509,-0.0382905731982895,-0.031056731423775,-0.0514415259093706,-0.155293587181579,65,61,65,42,-0.128584361673648,-0.0383051519361233,-0.0305804668188114
32060,-0.0242370280280842,-0.0120260570844621,-0.0305883314610884,,2,2,2,,,,
40008,0.0768176210220158,-0.0346183962154832,-0.110180741187493,-0.0261180112854891,51,47,51,5,0.000591214222442394,0.076803042284182,-0.0341421316105196
40023,0.0324408678868642,0.0306488237289492,0.0346661011843218,0.346804536448681,286,271,286,269,0.373513761956612,0.0324262891490304,0.0311250883339128
40024,-0.0520460160156549,0.0212728244194064,-0.0077178077536321,0.108822365794565,394,356,394,187,0.135531591302497,-0.0520605947534887,0.02174908902437
40025,-0.0378351281767181,-0.0213478376743119,-0.0156209702226118,-0.164613133467212,234,220,234,131,-0.137903907959281,-0.0378497069145519,-0.0208715730693483
40027,-0.0350899869128693,0.0053208087853447,0.0558507294186816,0.0038979814507079,128,122,128,125,0.0306072069586394,-0.0351045656507031,0.00579707339030827
40029,0.0126900889193411,-0.0094850689282988,-0.0095841097327795,-0.172670554424293,86,84,86,67,-0.145961328916362,0.0126755101815073,-0.00900880432333523
40042,-0.0373744764412302,0.042748708120553,0.0396186314572561,0.0327552002731474,172,164,172,151,0.0594644257810789,-0.037389055179064,0.0432249727255166
40047,0.0001864857866059,-0.0022412283736813,-0.0072546044044229,,1,1,1,,,,
40064,0.0542983148548911,-0.0274249567832125,0.0611689728455695,-0.23781986170718,138,126,138,112,-0.211110636199248,0.0542837361170573,-0.0269486921782489
40073,0.0030580572016186,0.0011599898529132,-0.0046081816385784,,1,1,1,,,,
40076,-0.0105104622819988,-0.0441495822362719,-0.113518174033742,-0.0540547797569455,134,130,134,23,-0.027345554249014,-0.0105250410198326,-0.0436733176313083
40080,-0.0524245986725363,-0.0608129694027665,-0.0959573356164714,-0.247679108803817,353,311,353,227,-0.220969883295885,-0.0524391774103701,-0.0603367047978029
40099,-0.0217133706631365,-0.0464743160483737,-0.0543564111924494,-0.112489977500055,132,122,132,71,-0.0857807519921235,-0.0217279494009703,-0.0459980514434101
40102,-0.0187404440944438,-0.009196713431237,-0.0781981253658577,-0.0324656877695637,52,50,52,16,-0.0057564622616322,-0.0187550228322776,-0.00872044882627343
40110,-0.0981495308352027,0.0285879796751816,0.0810850446284601,0.149311548739159,90,87,90,79,0.176020774247091,-0.0981641095730365,0.0290642442801452
40114,-0.0820348386694144,-0.0147633385796784,-0.0198553954550336,0.0174248197005018,549,517,549,486,0.0441340452084333,-0.0820494174072482,-0.0142870739747148
40115,-0.0461461309728719,-0.0410654032251906,-0.11573160357669,-0.263830737646298,64,59,64,15,-0.237121512138366,-0.0461607097107057,-0.040589138620227
40125,0.0929758960849467,0.108796090895044,0.209900682839192,0.69642104747848,184,180,184,174,0.723130272986412,0.0929613173471129,0.109272355500008
40126,-0.0380512397479475,0.0311661877168658,-0.0515461636782201,-0.117293377274996,290,280,290,126,-0.0905841517670645,-0.0380658184857813,0.0316424523218294
40146,-0.0077180763128985,-0.0269783503817764,-0.0668888843592614,,8,8,8,,,,
40155,-0.0205096111271105,0.0101406395260686,-0.0361487755526319,-0.107568022778723,156,142,156,120,-0.0808587972707915,-0.0205241898649443,0.0106169041310322
40160,-0.0139479891012386,-0.0666846031549693,-0.182177835953634,0.0658928317410053,95,89,95,8,0.0926020572489368,-0.0139625678390724,-0.0662083385500057
40186,-0.0186796859605703,-0.0354445941595019,-0.100262194093843,0.0419791438880875,63,59,63,9,0.068688369396019,-0.0186942646984041,-0.0349683295545383
40194,0.0473103341349017,0.0365388905330669,0.0744671475100613,-0.0141109550043092,279,256,279,235,0.0125982705036223,0.0472957553970679,0.0370151551380305
40202,0.102040300762275,-0.0154998582141854,0.0093311223131279,-0.169755318605025,68,63,68,62,-0.143046093097093,0.102025722024441,-0.0150235936092218
40205,-0.0044521901286816,-6.39803546758e-05,-0.001526633050462,,1,1,1,,,,
40206,-0.0301128130272831,0.0052491750083646,0.0549757598265211,0.123499313013924,29,27,29,11,0.150208538521856,-0.0301273917651169,0.00572543961332817
40208,0.0664586508522761,0.0206690468881883,-0.0093525161920706,-0.0466536848160495,39,36,39,18,-0.019944459308118,0.0664440721144423,0.0211453114931519
40230,-0.0368892285241617,0.119236941534933,-0.0368397980013141,-0.113165792933875,87,87,87,32,-0.0864565674259435,-0.0369038072619955,0.119713206139897
40231,0.0040449017400557,0.0341424691943805,0.0822209330444706,0.225632861256393,124,117,124,114,0.252342086764325,0.00403032300222191,0.0346187337993441
40248,-0.000927145124054,-0.0017940884320408,-0.012562650223243,,1,1,1,,,,
40251,-0.0679229448626682,0.0134845814566443,0.0921429810826411,-0.0595770282681861,484,462,484,455,-0.0328678027602546,-0.067937523600502,0.0139608460616079
40252,-0.061005917460184,-0.0349357214818717,-0.0071796853942914,-0.134713834981656,359,330,359,323,-0.108004609473725,-0.0610204961980178,-0.0344594568769081
40256,-0.075848549563853,-0.0442968254929465,-0.0625884206584547,-0.143985952990907,411,373,411,239,-0.117276727482976,-0.0758631283016868,-0.0438205608879829
40278,0.126566424040655,0.0355260678939254,0.0903439309352625,-0.0030629669570043,83,81,83,76,0.0236462585509272,0.126551845302821,0.036002332498889
40282,-0.0235744445568117,-0.01211403062351,-0.0383424481635022,,2,2,2,,,,
40284,-0.0771371949455448,-0.0133360105251855,0.0092282139537337,-0.0139762753599687,117,106,117,97,0.0127329501479628,-0.0771517736833786,-0.0128597459202219
40285,-0.108223844527643,0.0170948231926722,0.0601516864584869,-0.0402615085652065,121,120,121,112,-0.013552283057275,-0.108238423265477,0.0175710877976358
40288,-0.0155416474130468,0.0012192520115396,-0.0320867466818279,,13,12,13,,,,
40289,-0.0350777813284576,-0.0101927490242574,-0.0006665771184497,-0.091942620277587,305,289,305,268,-0.0652333947696555,-0.0350923600662914,-0.00971648441929383
40295,-0.0489269399163204,0.0512436664810632,0.0124419919025748,-0.0468167650353931,209,201,209,161,-0.0201075395274616,-0.0489415186541542,0.0517199310860268
40298,-0.0373046125198928,-0.0320602442742897,-0.0321431644066052,-0.0704591758342902,284,267,284,211,-0.0437499503263587,-0.0373191912577266,-0.0315839796693261
40299,0.0072975909876644,0.0577774311272747,0.0505783373902122,0.0302551791738883,84,82,84,75,0.0569644046818198,0.00728301224983061,0.0582536957322383
40301,-0.0771619225365951,-0.0401456373291388,-0.144853787942721,-0.190115057766465,345,332,345,158,-0.163405832258534,-0.0771765012744289,-0.0396693727241752
40305,-0.0049094072270718,0.0556005094372645,0.0715063504561486,-0.254669384630779,164,147,164,147,-0.227960159122847,-0.00492398596490559,0.0560767740422281
40308,-0.0075976485873328,-0.0554417310976341,-0.142080297173678,0.145262687764817,68,67,68,4,0.171971913272749,-0.00761222732516659,-0.0549654664926705
40310,-0.0882898961595548,-0.0061413714985766,0.0017496745145731,-0.0328131209179678,176,166,176,157,-0.00610389541003631,-0.0883044748973886,-0.00566510689361303
40316,-0.0868119409576111,0.0526226201106159,0.0722662923005973,0.106856546477148,110,104,110,87,0.133565771985079,-0.0868265196954449,0.0530988847155795
40319,-0.0306833046463493,-0.0181137108926956,0.0037266016374332,-0.150786622050083,272,250,272,247,-0.124077396542152,-0.0306978833841831,-0.017637446287732
40320,-0.0018693000711014,0.0108186765403339,0.0148557915427319,0.0942787482344193,420,399,420,394,0.120987973742351,-0.00188387880893519,0.0112949411452975
40321,0.0016574181546807,-0.0725888760175234,-0.158212600949068,0.0782079033995381,42,37,42,3,0.10491712890747,0.00164283941684691,-0.0721126114125598
40334,-0.0182758051808275,-0.0149396313919408,-0.0423265018225032,,4,4,4,,,,
40335,-0.0204653010791371,-0.0110538820608442,-0.0229030838425723,-0.0643875719550784,11,11,11,1,-0.0376783464471469,-0.0204798798169709,-0.0105776174558806
40338,-0.0122604908480976,-0.0124015834620049,-0.0726577502385158,-0.0586082117214131,20,20,20,2,-0.0318989862134816,-0.0122750695859314,-0.0119253188570413
40340,0.0801538034750832,0.0339730886329354,-0.0681359620958748,-0.089715447464004,148,138,148,81,-0.0630062219560725,0.0801392247372494,0.034449353237899
40343,-0.0756931794032272,-0.0001104280933586,0.0439292136195282,0.0527906078298858,224,210,224,195,0.0794998333378173,-0.075707758141061,0.000365836511604972
40351,-0.094883031275394,0.0296839598991853,0.0251536068610282,-0.0717305366535339,167,155,167,139,-0.0450213111456024,-0.0948976100132278,0.0301602245041489
40352,0.0235899046796773,0.0269060417803851,-0.0064970984215031,-0.171414769221114,101,98,101,62,-0.144705543713183,0.0235753259418435,0.0273823063853487
40354,0.0052728248006426,-0.010506426796158,-0.0351298425014175,-0.143491530860192,22,20,22,17,-0.116782305352261,0.00525824606280881,-0.0100301621911944
40370,0.0367063092396967,0.0405366165294131,-0.0110270297288096,-0.257283992710585,114,109,114,96,-0.230574767202654,0.0366917305018629,0.0410128811343767
40371,-0.0799751108093172,0.016791977086489,0.0085312688672907,-0.219904666928209,197,168,197,169,-0.193195441420278,-0.079989689547151,0.0172682416914526
40381,0.0028619399513076,-0.0076049865669313,-0.0313269238736745,-0.0050699504117299,18,18,18,1,0.0216392750962016,0.00284736121347381,-0.00712872196196773
40390,-0.0765959772745305,-0.002696920218537,-0.0257957349626318,0.0069748205859542,4,4,4,1,0.0336840460938857,-0.0766105560123643,-0.00222065561357343
40393,-0.0469516197959884,-0.0039428764209894,-0.0153270761529516,0.280893811330883,55,52,55,53,0.307603036838814,-0.0469661985338222,-0.00346661181602583
40399,-0.0445236553073795,-0.0231281981473748,-0.0286554741105357,0.0551134047696479,74,70,74,41,0.0818226302775794,-0.0445382340452133,-0.0226519335424112
40400,-0.0057673123268898,0.0320494257311649,0.0199761788748649,-0.0898147794985221,58,51,58,17,-0.0631055539905906,-0.00578189106472359,0.0325256903361285
40406,0.0098179010085585,-0.0437083518526387,-0.0678522831689555,-0.11298236470948,90,82,90,24,-0.0862731392015485,0.00980332227072471,-0.0432320872476751
40407,0.0047061832232358,-0.0077557872472445,-0.0742870711723839,0.201031818663473,55,51,55,4,0.227741044171405,0.00469160448540201,-0.00727952264228093
40414,-0.0230208544549729,-0.0909677206910347,-0.175125547861556,-0.105532759155504,88,85,88,17,-0.0788235336475725,-0.0230354331928067,-0.0904914560860711
40422,-0.0765964877621673,0.0049694321497047,-0.0922513947047379,-0.187948387784152,349,316,349,146,-0.16123916227622,-0.0766110665000011,0.00544569675466827
40429,-0.007472659887665,-0.0671162456566275,-0.155575913817063,-0.0114401038516522,43,43,43,1,0.0152691216562793,-0.00748723862549879,-0.0666399810516639
40435,0.0226575032722354,-0.0296361551659834,0.0046828144692957,0.0347820683089968,19,17,19,8,0.0614912938169283,0.0226429245344016,-0.0291598905610198
40436,-0.0419984899359158,-0.0068045338914153,0.0041156892921823,-0.0640258769189084,59,56,59,41,-0.0373166514109769,-0.0420130686737496,-0.00632826928645173
40447,0.0023146312395633,-0.0803681524781412,-0.182215493160723,0.0451264300166151,68,65,68,4,0.0718356555245466,0.00230005250172951,-0.0798918878731776
40457,-0.0433281671928553,-0.0287925538868625,-0.127277827231255,-0.128256290601677,94,93,94,29,-0.101547065093746,-0.0433427459306891,-0.0283162892818989
41009,0.342910780860892,0.0086576825047203,0.162941828864299,0.0987258959184784,167,162,167,153,0.12543512142641,0.342896202123058,0.00913394710968387
41063,0.0060371895363608,-0.0136952891366469,-0.0811468383810016,,9,9,9,,,,
41099,-0.0207564222772789,0.01770680854429,-0.0387871519764066,-0.129706889545151,47,42,47,12,-0.10299766403722,-0.0207710010151127,0.0181830731492536
41109,-0.0077605225548203,0.0092643769841973,0.002766303425498,0.0255846416000336,102,95,102,78,0.0522938671079651,-0.00777510129265409,0.00974064158916087
41135,-0.0609073705718835,0.0310762924927986,-0.010619777797594,-0.193911564429077,116,108,116,58,-0.167202338921146,-0.0609219493097173,0.0315525570977622
41173,-0.0423146381576405,-0.0303633906974978,-0.0988302964391377,,6,6,6,,,,
41264,0.0028073046848495,-0.0175630798781279,0.0099640148136583,-0.190883347103754,17,14,17,12,-0.164174121595822,0.00279272594701571,-0.0170868152731643
41295,0.0010329831929591,-0.0073721106413942,-0.0548363493518347,,6,6,6,,,,
41349,-0.0699375696400043,-0.0491352622150701,-0.115615840242072,-0.0394279239147566,16,14,16,3,-0.0127186984068251,-0.0699521483778381,-0.0486589976101065
41374,0.0050057416559504,-0.0084151502415616,-0.018498680245021,,3,3,3,,,,
41375,-0.0057091857252284,-0.0097149991396736,-0.0346814830901501,,4,4,4,,,,
41417,-0.0224799843668132,-0.0112605311950652,-0.0465084140198959,,3,3,3,,,,
41418,-0.0093328537479625,-0.0017762123783017,-0.0157492795378985,,2,2,2,,,,
41421,-0.0070328571499544,-0.0547015781993481,-0.0315124743897756,-0.114862311761377,99,95,99,61,-0.0881530862534455,-0.00704743588778819,-0.0542253135943845
41439,0.0527355540412519,-0.0125809839657685,0.0849570266684073,0.305991864425985,57,56,57,49,0.332701089933917,0.0527209753034181,-0.0121047193608049
41533,-0.0101010607726679,0.0105304222129994,0.0003202143962069,,3,3,3,,,,
41556,0.0193530993971466,-0.0277866989994439,0.0272040272045471,0.0035343362630237,9,9,9,7,0.0302435617709552,0.0193385206593128,-0.0273104343944803
41617,0.0616692576994258,-0.0047151223811976,-0.0032716013888336,0.181264143485011,433,408,433,268,0.207973368992942,0.061654678961592,-0.00423885777623403
41654,-0.0099500959210101,-0.0071685872599211,-0.0223302638691986,,1,1,1,,,,
41658,-0.0971334571042093,-0.0146073092344187,-0.0342998579949988,-0.0859832261777412,233,226,233,210,-0.0592740006698097,-0.0971480358420431,-0.0141310446294551
41702,-0.109259885000161,-0.0118428393781179,0.0482222111071635,0.137550458411092,185,177,185,172,0.164259683919024,-0.109274463737995,-0.0113665747731543
41712,0.0060564878322186,-0.0061446342409328,-0.0207724229415209,-0.0529821325794396,2,2,2,1,-0.0262729070715081,0.00604190909438481,-0.00566836963596923
41773,-0.0161817470258661,-0.0009916142249035,-0.0091330096781191,,1,1,1,,,,
41780,0.265243770603716,0.0690222340475021,0.101081070550373,0.262144650856767,64,62,64,61,0.288853876364699,0.265229191865882,0.0694984986524657
41791,0.165630312899655,0.0354988855141288,0.066606678861905,0.407667450356275,14,14,14,13,0.434376675864207,0.165615734161821,0.0359751501190924
41800,-0.0209444510901144,-0.0073150636857374,-0.0227273751930303,-0.0252906266455018,1,1,1,1,0.00141859886242969,-0.0209590298279482,-0.00683879908077383
41814,-0.0404069520114898,0.0140521672712407,0.0196494263636599,0.050290069063474,46,46,46,41,0.0769992945714055,-0.0404215307493236,0.0145284318762043
41846,-0.018753726858787,0.0133752438992438,-0.0129261145102518,0.0836621317556497,9,9,9,7,0.110371357263581,-0.0187683055966208,0.0138515085042074
41872,-0.0002288157465169,-0.0048781588836,-0.010970633505903,,2,2,2,,,,
41888,-0.0046253216840987,-0.000193456063338,-0.0148356847414166,,1,1,1,,,,
41892,0.0004482913465905,-0.0028715663741313,-0.0175766474106229,,2,2,2,,,,
41899,-0.131315557199207,0.154841016378071,0.114812536004747,0.0961834464088226,81,79,81,79,0.122892671916754,-0.131330135937041,0.155317280983035
41916,-0.014075769026487,-0.0059697999431838,-0.0369687218107824,0.028042781915682,3,3,3,1,0.0547520074236135,-0.0140903477643208,-0.00549353533822023
41917,-0.0019292211487204,-0.0053846151705971,0.0056667332188643,,1,1,1,,,,
41955,-0.0104816631559324,-0.0182132687149236,-0.0114611277132409,-0.0458486770774837,7,7,7,2,-0.0191394515695522,-0.0104962418937662,-0.01773700410996
42018,-0.0080771737344811,-0.0029218861300519,-0.0069717490556341,,1,1,1,,,,
42035,-0.0149343375862445,-0.0033715323472123,0.0143233261558032,-0.0637972445839396,1,1,1,1,-0.0370880190760081,-0.0149489163240783,-0.00289526774224873
42042,-0.0045048796532896,-0.0027303353087585,-0.0118099522805506,,1,1,1,,,,
42061,-0.006313127563479,0.0015445791132331,-0.0020575814115337,,1,1,1,,,,
42081,-0.0197652929860158,0.0120815833144665,0.0218490847703532,0.0473666292056936,2,2,2,1,0.0740758547136251,-0.0197798717238496,0.0125578479194301
42105,0.0036029934140506,-0.0002980814754174,0.0220232090257705,-0.0518981144774353,1,1,1,1,-0.0251888889695038,0.00358841467621681,0.000178183129546172
42130,-0.0238115147640435,-0.0076561273041626,-0.0391069197268069,,2,2,2,,,,
42158,-0.0062011983426184,-0.0294363141950522,-0.0858376664075629,0.0810907924736852,25,24,25,3,0.107800017981617,-0.00621577708045219,-0.0289600495900886
42166,0.002818957976959,-0.0248005143560011,-0.0569739598977165,-0.300814956485967,8,8,8,3,-0.274105730978036,0.00280437923912521,-0.0243242497510375
42168,0.0432171589123897,-0.0280140006742246,-0.0494319198455801,0.189524432901179,5,5,5,1,0.216233658409111,0.0432025801745559,-0.027537736069261
42178,0.0355921335495076,-0.0329301994703797,0.01434838041497,0.115806575744001,7,7,7,7,0.142515801251933,0.0355775548116738,-0.0324539348654161
42198,0.116319089987332,0.0005771548183012,0.0243085290275757,,3,3,3,,,,
