spec,outcome_group,beta,se,p_value,n_obs,fs_beta,fs_se,fs_f
program_income_adj_eb,Program income,1.30219288167837,0.152293350707743,1.2249657741937e-17,92947,0.447390254843172,0.00644855967471167,4813.35167746657
