school_rbd,analysis_sample,outcome,va_raw,va_centered,va_se,va_resid_sd,va_se_method,n_students,n_total
1,All,log_program_income_full_clp_m1,0,-.106991917364496,.029240336751337,.424286342022565,stata_areg_centered_student_vce_unadjusted,321,757999
3,All,log_program_income_full_clp_m1,-.279628709694707,-.386620627059203,.179011796557594,.195812836664674,stata_areg_centered_student_vce_unadjusted,6,757999
4,All,log_program_income_full_clp_m1,.17342406552429,.0664321481597943,.0217549488288008,.430188055163222,stata_areg_centered_student_vce_unadjusted,849,757999
5,All,log_program_income_full_clp_m1,.151769223122958,.0447773057584625,.0275834357966129,.432000342727318,stata_areg_centered_student_vce_unadjusted,429,757999
7,All,log_program_income_full_clp_m1,.0513772008008462,-.0556147165636496,.023187950277861,.449318168105758,stata_areg_centered_student_vce_unadjusted,731,757999
8,All,log_program_income_full_clp_m1,.0701672255288151,-.0368246918356806,.0409495286080105,.430043726394058,stata_areg_centered_student_vce_unadjusted,167,757999
15,All,log_program_income_full_clp_m1,.0287171128303344,-.0782748045341614,.0583962018598617,.405665402532713,stata_areg_centered_student_vce_unadjusted,85,757999
22,All,log_program_income_full_clp_m1,-.430767362972913,-.537759280337409,.436923772390609,.,stata_areg_centered_student_vce_unadjusted,1,757999
25,All,log_program_income_full_clp_m1,.185699561855472,.0787076444909761,.0493948667203195,.421597507087935,stata_areg_centered_student_vce_unadjusted,107,757999
28,All,log_program_income_full_clp_m1,-.129966466636769,-.236958384001265,.087632367854421,.310767992202489,stata_areg_centered_student_vce_unadjusted,26,757999
32,All,log_program_income_full_clp_m1,.0937546549126387,-.0132372624518571,.0724649875234792,.508238967389526,stata_areg_centered_student_vce_unadjusted,72,757999
45,All,log_program_income_full_clp_m1,.167922555157111,.0609306377926154,.0381617716204896,.419739703681926,stata_areg_centered_student_vce_unadjusted,227,757999
50,All,log_program_income_full_clp_m1,.130187274512067,.0231953571475709,.0626363177538011,.413025555970812,stata_areg_centered_student_vce_unadjusted,193,757999
52,All,log_program_income_full_clp_m1,.0983117012510883,-.00868021611340744,.0205812454159122,.435654357120232,stata_areg_centered_student_vce_unadjusted,1333,757999
56,All,log_program_income_full_clp_m1,.223753772647782,.116761855283286,.0420412448268934,.464829861582717,stata_areg_centered_student_vce_unadjusted,287,757999
59,All,log_program_income_full_clp_m1,.147113951503812,.0401220341393166,.0537780920392429,.508525553052653,stata_areg_centered_student_vce_unadjusted,131,757999
60,All,log_program_income_full_clp_m1,.133790299377674,.0267983820131781,.0418057979525863,.442291155155485,stata_areg_centered_student_vce_unadjusted,256,757999
67,All,log_program_income_full_clp_m1,.266499079083828,.159507161719333,.0677735390875682,.42617515550978,stata_areg_centered_student_vce_unadjusted,156,757999
69,All,log_program_income_full_clp_m1,.254535392568623,.147543475204127,.0544742126748331,.496462297971939,stata_areg_centered_student_vce_unadjusted,162,757999
72,All,log_program_income_full_clp_m1,-.267818141326394,-.374810058690889,.327686655257891,.0034811381563186,stata_areg_centered_student_vce_unadjusted,2,757999
78,All,log_program_income_full_clp_m1,.00303902635937635,-.103952891005119,.125446524469101,.528806849540944,stata_areg_centered_student_vce_unadjusted,25,757999
97,All,log_program_income_full_clp_m1,.114308927173373,.00731700980887695,.0340212244313253,.465107028348298,stata_areg_centered_student_vce_unadjusted,196,757999
103,All,log_program_income_full_clp_m1,.00753974690118242,-.0994521704633134,.0462004900567046,.437143078706427,stata_areg_centered_student_vce_unadjusted,138,757999
106,All,log_program_income_full_clp_m1,.0119635677326051,-.0950283496318907,.0305809779787434,.441998194549447,stata_areg_centered_student_vce_unadjusted,280,757999
107,All,log_program_income_full_clp_m1,.124639854884321,.0176479375198249,.0403842656904402,.5044535268031,stata_areg_centered_student_vce_unadjusted,135,757999
108,All,log_program_income_full_clp_m1,-.00955473477962579,-.116546652144122,.0301633648989101,.403613795086617,stata_areg_centered_student_vce_unadjusted,273,757999
109,All,log_program_income_full_clp_m1,.02662311714787,-.0803688002166257,.036276461654471,.422447106219776,stata_areg_centered_student_vce_unadjusted,176,757999
110,All,log_program_income_full_clp_m1,.0678965669734828,-.039095350391013,.0435438341545598,.473803625169916,stata_areg_centered_student_vce_unadjusted,159,757999
124,All,log_program_income_full_clp_m1,.0914703065077,-.0155216108567958,.0218002667061368,.496732480602946,stata_areg_centered_student_vce_unadjusted,753,757999
125,All,log_program_income_full_clp_m1,.172530056525366,.06553813916087,.0443249895128254,.492377631841508,stata_areg_centered_student_vce_unadjusted,140,757999
127,All,log_program_income_full_clp_m1,.17757376469401,.0705818473295144,.0392196713381789,.426790884886005,stata_areg_centered_student_vce_unadjusted,277,757999
129,All,log_program_income_full_clp_m1,.052252074417494,-.0547398429470018,.0859063752727534,.442142759573712,stata_areg_centered_student_vce_unadjusted,31,757999
130,All,log_program_income_full_clp_m1,.213405389639129,.106413472274634,.0598383457591084,.423329584877702,stata_areg_centered_student_vce_unadjusted,92,757999
131,All,log_program_income_full_clp_m1,-.0198264880066471,-.126818405371143,.0615177557201871,.460360093192402,stata_areg_centered_student_vce_unadjusted,75,757999
132,All,log_program_income_full_clp_m1,.188472034725343,.0814801173608472,.0282355721404126,.481628497817203,stata_areg_centered_student_vce_unadjusted,685,757999
133,All,log_program_income_full_clp_m1,.145874723743413,.0388828063789168,.053821551450211,.445987146667423,stata_areg_centered_student_vce_unadjusted,160,757999
134,All,log_program_income_full_clp_m1,.0774272908291566,-.0295646265353392,.0672752394693853,.445944658256462,stata_areg_centered_student_vce_unadjusted,64,757999
144,All,log_program_income_full_clp_m1,.0151768172870311,-.0918151000774647,.0506212484357106,.383942455232501,stata_areg_centered_student_vce_unadjusted,97,757999
161,All,log_program_income_full_clp_m1,.175844008989315,.0688520916248189,.0719601033181659,.400190195045744,stata_areg_centered_student_vce_unadjusted,65,757999
178,All,log_program_income_full_clp_m1,.211633194002348,.104641276637853,.118353746424511,.492990595328717,stata_areg_centered_student_vce_unadjusted,23,757999
191,All,log_program_income_full_clp_m1,.0396373785006415,-.0673545388638543,.0337357842418988,.459253233861297,stata_areg_centered_student_vce_unadjusted,546,757999
199,All,log_program_income_full_clp_m1,.134394859394297,.027402942029801,.0400756667105269,.479171097871267,stata_areg_centered_student_vce_unadjusted,358,757999
200,All,log_program_income_full_clp_m1,.0446803940132526,-.0623115233512432,.0395947725885558,.489425290371278,stata_areg_centered_student_vce_unadjusted,447,757999
208,All,log_program_income_full_clp_m1,.194884351621047,.0878924342565509,.0405218552878099,.443568194576049,stata_areg_centered_student_vce_unadjusted,396,757999
211,All,log_program_income_full_clp_m1,.0952918419219461,-.0117000754425497,.0711786940208491,.459372917453021,stata_areg_centered_student_vce_unadjusted,180,757999
217,All,log_program_income_full_clp_m1,.138917330319177,.0319254129546811,.0207578964995835,.460873759363481,stata_areg_centered_student_vce_unadjusted,923,757999
218,All,log_program_income_full_clp_m1,.0407080759323521,-.0662838414321437,.0336432354778734,.476503144694967,stata_areg_centered_student_vce_unadjusted,206,757999
219,All,log_program_income_full_clp_m1,.113412259079466,.0064203417149698,.0247771626337943,.471088885993359,stata_areg_centered_student_vce_unadjusted,515,757999
220,All,log_program_income_full_clp_m1,.212691796105871,.105699878741375,.0218741051295813,.500469081389189,stata_areg_centered_student_vce_unadjusted,809,757999
222,All,log_program_income_full_clp_m1,-.134444330584072,-.241436247948568,.0503827099686988,.367015934632422,stata_areg_centered_student_vce_unadjusted,83,757999
227,All,log_program_income_full_clp_m1,-.310490326030378,-.417482243394874,.437767139121289,.,stata_areg_centered_student_vce_unadjusted,1,757999
253,All,log_program_income_full_clp_m1,.175145775560301,.0681538581958053,.0412729422142566,.465129750699908,stata_areg_centered_student_vce_unadjusted,219,757999
254,All,log_program_income_full_clp_m1,.177312758669333,.070320841304837,.0445485971626083,.427401945741374,stata_areg_centered_student_vce_unadjusted,155,757999
255,All,log_program_income_full_clp_m1,.00237745851489965,-.104614458849596,.0414568078695149,.462042385587719,stata_areg_centered_student_vce_unadjusted,192,757999
256,All,log_program_income_full_clp_m1,.153528498650198,.0465365812857019,.0368890891088149,.457664303111995,stata_areg_centered_student_vce_unadjusted,446,757999
257,All,log_program_income_full_clp_m1,.22168622593089,.114694308566394,.0496947148017409,.444145696409981,stata_areg_centered_student_vce_unadjusted,217,757999
270,All,log_program_income_full_clp_m1,.0959043432706767,-.0110875740938191,.0904520820116404,.42319096348548,stata_areg_centered_student_vce_unadjusted,46,757999
279,All,log_program_income_full_clp_m1,.0839328140614513,-.0230591033030445,.0174540308985862,.503290215624562,stata_areg_centered_student_vce_unadjusted,1325,757999
280,All,log_program_income_full_clp_m1,.133028149409241,.0260362320447456,.0203806563168469,.493434537651261,stata_areg_centered_student_vce_unadjusted,758,757999
283,All,log_program_income_full_clp_m1,.0997877141291649,-.00720420323533086,.0205349152965442,.422501623125195,stata_areg_centered_student_vce_unadjusted,723,757999
284,All,log_program_income_full_clp_m1,.0962231321488601,-.0107687852156357,.0481049879917131,.480749885362176,stata_areg_centered_student_vce_unadjusted,103,757999
285,All,log_program_income_full_clp_m1,.162944422662761,.0559525052982654,.0366243817461802,.470714872690771,stata_areg_centered_student_vce_unadjusted,180,757999
286,All,log_program_income_full_clp_m1,.0528068827835436,-.0541850345809521,.0254084248052689,.455978574957315,stata_areg_centered_student_vce_unadjusted,403,757999
287,All,log_program_income_full_clp_m1,.149125514457765,.0421335970932688,.0204107021389238,.46394388400399,stata_areg_centered_student_vce_unadjusted,784,757999
298,All,log_program_income_full_clp_m1,-.00360949514689571,-.110601412511391,.43716450301289,.,stata_areg_centered_student_vce_unadjusted,1,757999
304,All,log_program_income_full_clp_m1,.237021359405916,.13002944204142,.0386070770070218,.485408810533169,stata_areg_centered_student_vce_unadjusted,428,757999
312,All,log_program_income_full_clp_m1,-.180082010195782,-.287073927560278,.438123425195533,.,stata_areg_centered_student_vce_unadjusted,1,757999
320,All,log_program_income_full_clp_m1,.1848133650779,.0778214477134046,.0429889816576396,.493144742735504,stata_areg_centered_student_vce_unadjusted,155,757999
324,All,log_program_income_full_clp_m1,-.277205916922146,-.384197834286642,.254771344850881,.228716324944408,stata_areg_centered_student_vce_unadjusted,3,757999
329,All,log_program_income_full_clp_m1,.293259417331687,.186267499967191,.0628343876640604,.508635887124229,stata_areg_centered_student_vce_unadjusted,103,757999
335,All,log_program_income_full_clp_m1,.0349622533300182,-.0720296640344776,.0557875428030734,.482074203997197,stata_areg_centered_student_vce_unadjusted,97,757999
336,All,log_program_income_full_clp_m1,.146197553901317,.0392056365368212,.030173968217716,.455783251993201,stata_areg_centered_student_vce_unadjusted,405,757999
337,All,log_program_income_full_clp_m1,.34639344847594,.239401531111444,.0492738055131192,.456032899464295,stata_areg_centered_student_vce_unadjusted,247,757999
341,All,log_program_income_full_clp_m1,.212716590780611,.105724673416115,.0384066228850747,.459976447186906,stata_areg_centered_student_vce_unadjusted,267,757999
342,All,log_program_income_full_clp_m1,.225575608937052,.118583691572556,.0304028839420869,.476750900162603,stata_areg_centered_student_vce_unadjusted,452,757999
344,All,log_program_income_full_clp_m1,.185680500346622,.0786885829821265,.0415044510698114,.471063823441654,stata_areg_centered_student_vce_unadjusted,266,757999
350,All,log_program_income_full_clp_m1,.169013988212401,.0620220708479049,.0462719137803055,.463797229189605,stata_areg_centered_student_vce_unadjusted,236,757999
355,All,log_program_income_full_clp_m1,.0036447697267898,-.103347147637706,.106803829110308,.44734585514517,stata_areg_centered_student_vce_unadjusted,18,757999
356,All,log_program_income_full_clp_m1,.271138301208629,.164146383844134,.0604125357691119,.460971017843172,stata_areg_centered_student_vce_unadjusted,285,757999
357,All,log_program_income_full_clp_m1,.399734257291314,.292742339926818,.054122008183523,.481838458291315,stata_areg_centered_student_vce_unadjusted,245,757999
358,All,log_program_income_full_clp_m1,.283936493337513,.176944575973017,.0554156150511405,.449709902284163,stata_areg_centered_student_vce_unadjusted,102,757999
361,All,log_program_income_full_clp_m1,.433140535969302,.326148618604806,.0565582180786844,.462983166439511,stata_areg_centered_student_vce_unadjusted,210,757999
364,All,log_program_income_full_clp_m1,.223813176762112,.116821259397616,.0487337207399701,.491497724290338,stata_areg_centered_student_vce_unadjusted,132,757999
365,All,log_program_income_full_clp_m1,.239081395002886,.13208947763839,.0409938930125146,.473775305583668,stata_areg_centered_student_vce_unadjusted,256,757999
366,All,log_program_income_full_clp_m1,.375377062490727,.268385145126231,.0419792139012579,.428583782326384,stata_areg_centered_student_vce_unadjusted,234,757999
367,All,log_program_income_full_clp_m1,.180894854049162,.0739029366846662,.0432433214055721,.492082490765694,stata_areg_centered_student_vce_unadjusted,389,757999
371,All,log_program_income_full_clp_m1,.00831556039951746,-.0986763569649783,.134617407260312,.388981636310996,stata_areg_centered_student_vce_unadjusted,15,757999
372,All,log_program_income_full_clp_m1,.0647536070797828,-.0422383102847129,.0592685455603539,.431821737020351,stata_areg_centered_student_vce_unadjusted,288,757999
373,All,log_program_income_full_clp_m1,.0860986292503994,-.0208932881140964,.056175940139364,.449935213229994,stata_areg_centered_student_vce_unadjusted,328,757999
379,All,log_program_income_full_clp_m1,.00860331411327121,-.0983886032512246,.0447262794406051,.433646209128664,stata_areg_centered_student_vce_unadjusted,573,757999
381,All,log_program_income_full_clp_m1,-.461058864345564,-.56805078171006,.442064110290611,.,stata_areg_centered_student_vce_unadjusted,1,757999
384,All,log_program_income_full_clp_m1,.161109682543475,.0541177651789793,.0479295555210867,.474541692262767,stata_areg_centered_student_vce_unadjusted,405,757999
392,All,log_program_income_full_clp_m1,.189758674497772,.0827667571332767,.0484777915678139,.451387192020026,stata_areg_centered_student_vce_unadjusted,256,757999
396,All,log_program_income_full_clp_m1,.139142697416915,.0321507800524191,.0267294753229538,.47706392726209,stata_areg_centered_student_vce_unadjusted,464,757999
397,All,log_program_income_full_clp_m1,.00604506036084059,-.100946857003655,.196445419877237,.515230329838839,stata_areg_centered_student_vce_unadjusted,5,757999
399,All,log_program_income_full_clp_m1,.150741896953506,.04374997958901,.0258783535418017,.456222985288721,stata_areg_centered_student_vce_unadjusted,538,757999
400,All,log_program_income_full_clp_m1,.149987174531686,.0429952571671904,.0331058414419456,.459253940481946,stata_areg_centered_student_vce_unadjusted,532,757999
415,All,log_program_income_full_clp_m1,.135113100607404,.0281211832429083,.0484169213225392,.469225082233763,stata_areg_centered_student_vce_unadjusted,302,757999
416,All,log_program_income_full_clp_m1,-.192408530440128,-.299400447804624,.436829848335758,.,stata_areg_centered_student_vce_unadjusted,1,757999
419,All,log_program_income_full_clp_m1,.0360011799049594,-.0709907374595364,.124406188761669,.38075578074763,stata_areg_centered_student_vce_unadjusted,13,757999
420,All,log_program_income_full_clp_m1,.0918012022509561,-.0151907151135397,.0340980141009993,.468810819059513,stata_areg_centered_student_vce_unadjusted,273,757999
429,All,log_program_income_full_clp_m1,.245623726909446,.13863180954495,.0367461290800399,.496138224780918,stata_areg_centered_student_vce_unadjusted,544,757999
430,All,log_program_income_full_clp_m1,.118585565682093,.0115936483175968,.0404790644879281,.456832522301241,stata_areg_centered_student_vce_unadjusted,224,757999
431,All,log_program_income_full_clp_m1,.202229108375277,.0952371910107814,.0380818096409201,.424720119713297,stata_areg_centered_student_vce_unadjusted,192,757999
433,All,log_program_income_full_clp_m1,.235025120553289,.128033203188793,.0448298349319464,.495051229646094,stata_areg_centered_student_vce_unadjusted,297,757999
437,All,log_program_income_full_clp_m1,.282386160698746,.17539424333425,.0212504253474196,.510360967511896,stata_areg_centered_student_vce_unadjusted,1047,757999
438,All,log_program_income_full_clp_m1,.0769707447904848,-.030021172574011,.0403211645414477,.495776526591378,stata_areg_centered_student_vce_unadjusted,310,757999
440,All,log_program_income_full_clp_m1,.150317970808786,.0433260534442907,.043949290308135,.470415807697302,stata_areg_centered_student_vce_unadjusted,335,757999
441,All,log_program_income_full_clp_m1,.0326735617553183,-.0743183556091774,.0912725253636993,.434157146753176,stata_areg_centered_student_vce_unadjusted,36,757999
448,All,log_program_income_full_clp_m1,.112824418452816,.00583250108832051,.0310553374251499,.436188217323838,stata_areg_centered_student_vce_unadjusted,666,757999
449,All,log_program_income_full_clp_m1,.121291180478317,.0142992631138216,.0328144073946684,.486406053549606,stata_areg_centered_student_vce_unadjusted,502,757999
478,All,log_program_income_full_clp_m1,.129159521415408,.0221676040509119,.0656277734402571,.423256780873426,stata_areg_centered_student_vce_unadjusted,328,757999
479,All,log_program_income_full_clp_m1,.137194235633843,.0302023182693476,.0344569096174554,.439217512963771,stata_areg_centered_student_vce_unadjusted,486,757999
486,All,log_program_income_full_clp_m1,.124632437334906,.0176405199704102,.0419715945858751,.42209797430982,stata_areg_centered_student_vce_unadjusted,324,757999
487,All,log_program_income_full_clp_m1,-.139820685207284,-.246812602571779,.181882039462679,.164631595803127,stata_areg_centered_student_vce_unadjusted,6,757999
516,All,log_program_income_full_clp_m1,.0784156862371919,-.0285762311273039,.0280404963432456,.436450793613684,stata_areg_centered_student_vce_unadjusted,293,757999
517,All,log_program_income_full_clp_m1,.164504969891298,.0575130525268022,.0230695782188524,.438071531540778,stata_areg_centered_student_vce_unadjusted,608,757999
518,All,log_program_income_full_clp_m1,.03485794562939,-.0721339717351058,.0274411585724772,.410006255121401,stata_areg_centered_student_vce_unadjusted,294,757999
521,All,log_program_income_full_clp_m1,.215348995278091,.108357077913596,.0659476018196503,.411602413259246,stata_areg_centered_student_vce_unadjusted,67,757999
526,All,log_program_income_full_clp_m1,.12205936661528,.0150674492507841,.0562698305668716,.430596224842822,stata_areg_centered_student_vce_unadjusted,131,757999
530,All,log_program_income_full_clp_m1,.048098488968925,-.0588934283955708,.0337783364307071,.446683749861694,stata_areg_centered_student_vce_unadjusted,215,757999
531,All,log_program_income_full_clp_m1,.234463647164615,.12747172980012,.0601061969437035,.393558324841884,stata_areg_centered_student_vce_unadjusted,83,757999
532,All,log_program_income_full_clp_m1,-.0584808836986875,-.165472801063183,.0486036006826011,.38707654145453,stata_areg_centered_student_vce_unadjusted,87,757999
535,All,log_program_income_full_clp_m1,.151230758884603,.0442388415201074,.0502136642595819,.416156041078577,stata_areg_centered_student_vce_unadjusted,108,757999
565,All,log_program_income_full_clp_m1,.191534714943312,.0845427975788158,.040868748258844,.469538275546758,stata_areg_centered_student_vce_unadjusted,251,757999
566,All,log_program_income_full_clp_m1,.0803721548201435,-.0266197625443523,.444382341094277,.,stata_areg_centered_student_vce_unadjusted,1,757999
567,All,log_program_income_full_clp_m1,.3372602241917,.230268306827205,.0517927143269705,.395115014734519,stata_areg_centered_student_vce_unadjusted,293,757999
568,All,log_program_income_full_clp_m1,.155462455586101,.0484705382216048,.0668068647027759,.427024947844173,stata_areg_centered_student_vce_unadjusted,167,757999
570,All,log_program_income_full_clp_m1,.343632815336807,.236640897972311,.0678066288047072,.457100400828623,stata_areg_centered_student_vce_unadjusted,168,757999
573,All,log_program_income_full_clp_m1,.169460283404924,.0624683660404277,.0361820233380423,.446233060622914,stata_areg_centered_student_vce_unadjusted,282,757999
574,All,log_program_income_full_clp_m1,.105919562129107,-.00107235523538923,.0264761894608416,.45361599213639,stata_areg_centered_student_vce_unadjusted,641,757999
575,All,log_program_income_full_clp_m1,.0613936156209683,-.0455983017435274,.022939372161058,.39456828515461,stata_areg_centered_student_vce_unadjusted,600,757999
578,All,log_program_income_full_clp_m1,-.00651614978463385,-.11350806714913,.0370168088606687,.445851829367009,stata_areg_centered_student_vce_unadjusted,154,757999
579,All,log_program_income_full_clp_m1,.243851573101994,.136859655737498,.0338896285608256,.442634108892001,stata_areg_centered_student_vce_unadjusted,455,757999
580,All,log_program_income_full_clp_m1,.277340228660944,.170348311296449,.0357039904257578,.458129407206998,stata_areg_centered_student_vce_unadjusted,424,757999
581,All,log_program_income_full_clp_m1,.121345074407408,.014353157042912,.0570921105374044,.445695707650644,stata_areg_centered_student_vce_unadjusted,162,757999
582,All,log_program_income_full_clp_m1,.213800151851722,.106808234487226,.0389942362108903,.450379380046619,stata_areg_centered_student_vce_unadjusted,213,757999
583,All,log_program_income_full_clp_m1,.146087733308805,.039095815944309,.0526832735939904,.494161615824452,stata_areg_centered_student_vce_unadjusted,259,757999
585,All,log_program_income_full_clp_m1,.362392862179551,.255400944815056,.0726787013174051,.541081347068811,stata_areg_centered_student_vce_unadjusted,182,757999
587,All,log_program_income_full_clp_m1,.322043155068228,.215051237703732,.0699647077657629,.50569806150972,stata_areg_centered_student_vce_unadjusted,77,757999
589,All,log_program_income_full_clp_m1,.142203119150608,.0352112017861123,.0575612894430981,.461528127001188,stata_areg_centered_student_vce_unadjusted,105,757999
590,All,log_program_income_full_clp_m1,.238484144485947,.131492227121451,.0359494843433556,.437711735676182,stata_areg_centered_student_vce_unadjusted,268,757999
591,All,log_program_income_full_clp_m1,.293120769409936,.18612885204544,.0536044643693955,.495284754028198,stata_areg_centered_student_vce_unadjusted,193,757999
597,All,log_program_income_full_clp_m1,-.057388012503011,-.164379929867507,.076848529150423,.46309286189972,stata_areg_centered_student_vce_unadjusted,48,757999
609,All,log_program_income_full_clp_m1,.188332260862827,.0813403434983312,.0220246798404205,.458170484138396,stata_areg_centered_student_vce_unadjusted,605,757999
610,All,log_program_income_full_clp_m1,.106148939027353,-.000842978337142961,.027748753930482,.457923243472208,stata_areg_centered_student_vce_unadjusted,318,757999
611,All,log_program_income_full_clp_m1,.0307376426055096,-.0762542747589862,.0382174702442411,.442019525940131,stata_areg_centered_student_vce_unadjusted,149,757999
613,All,log_program_income_full_clp_m1,.0549813596033926,-.0520105577611032,.0423780553946993,.407524025605325,stata_areg_centered_student_vce_unadjusted,206,757999
629,All,log_program_income_full_clp_m1,.128025015039142,.0210330976746462,.0420565799787175,.453106289298532,stata_areg_centered_student_vce_unadjusted,151,757999
646,All,log_program_income_full_clp_m1,.134422517713423,.0274306003489267,.0283576174092462,.451536990857372,stata_areg_centered_student_vce_unadjusted,407,757999
647,All,log_program_income_full_clp_m1,.124305272886501,.0173133555220057,.0463480503403407,.433430002971001,stata_areg_centered_student_vce_unadjusted,130,757999
648,All,log_program_income_full_clp_m1,.197544264344233,.0905523469797374,.0751936330030523,.402631822871912,stata_areg_centered_student_vce_unadjusted,301,757999
649,All,log_program_income_full_clp_m1,.133866236680915,.0268743193164193,.0387816289353019,.450768101792325,stata_areg_centered_student_vce_unadjusted,405,757999
656,All,log_program_income_full_clp_m1,.160055598579787,.0530636812152917,.050989298634653,.436095269536506,stata_areg_centered_student_vce_unadjusted,211,757999
664,All,log_program_income_full_clp_m1,.133941101538231,.0269491841737349,.0538776554759796,.416080542570436,stata_areg_centered_student_vce_unadjusted,191,757999
665,All,log_program_income_full_clp_m1,-.0150553649991405,-.122047282363636,.0355044598183514,.42517260136491,stata_areg_centered_student_vce_unadjusted,361,757999
666,All,log_program_income_full_clp_m1,-.374894528741261,-.481886446105757,.438693738696021,.,stata_areg_centered_student_vce_unadjusted,1,757999
668,All,log_program_income_full_clp_m1,.156288733724063,.049296816359567,.0613085883125569,.417160661457877,stata_areg_centered_student_vce_unadjusted,94,757999
690,All,log_program_income_full_clp_m1,.158988421967693,.0519965046031975,.0465965877058523,.396522286491518,stata_areg_centered_student_vce_unadjusted,277,757999
701,All,log_program_income_full_clp_m1,.0613245496133924,-.0456673677511033,.032047827675517,.409115093477372,stata_areg_centered_student_vce_unadjusted,288,757999
704,All,log_program_income_full_clp_m1,.163414846078842,.0564229287143466,.0346629354269071,.413074339711698,stata_areg_centered_student_vce_unadjusted,568,757999
705,All,log_program_income_full_clp_m1,.0448772617679431,-.0621146555965527,.0235018825973568,.416326948182757,stata_areg_centered_student_vce_unadjusted,876,757999
706,All,log_program_income_full_clp_m1,-.312850603973105,-.419842521337601,.437453669607196,.,stata_areg_centered_student_vce_unadjusted,1,757999
709,All,log_program_income_full_clp_m1,-.278455246412272,-.385447163776768,.43746134459504,.,stata_areg_centered_student_vce_unadjusted,1,757999
712,All,log_program_income_full_clp_m1,-.326344652462157,-.433336569826652,.438303914957189,.,stata_areg_centered_student_vce_unadjusted,1,757999
763,All,log_program_income_full_clp_m1,.104716451894625,-.00227546546987052,.047397898782799,.40298330904572,stata_areg_centered_student_vce_unadjusted,329,757999
766,All,log_program_income_full_clp_m1,.0505906705608192,-.0564012468036766,.0429449135817656,.437908001712669,stata_areg_centered_student_vce_unadjusted,506,757999
767,All,log_program_income_full_clp_m1,.229678369699087,.122686452334592,.0647223325037441,.361887051349705,stata_areg_centered_student_vce_unadjusted,131,757999
768,All,log_program_income_full_clp_m1,.03356103960509,-.0734308777594058,.0251732545225493,.369716745939321,stata_areg_centered_student_vce_unadjusted,740,757999
769,All,log_program_income_full_clp_m1,.260776951215167,.153785033850671,.0691076528612475,.414814427909949,stata_areg_centered_student_vce_unadjusted,344,757999
770,All,log_program_income_full_clp_m1,.230088476795495,.123096559430999,.086163857043863,.479630858327082,stata_areg_centered_student_vce_unadjusted,147,757999
772,All,log_program_income_full_clp_m1,.0622784656674207,-.0447134516970751,.0293179251697598,.418866294041115,stata_areg_centered_student_vce_unadjusted,386,757999
774,All,log_program_income_full_clp_m1,.107386780236949,.000394862872453133,.0812792560468118,.401780371627321,stata_areg_centered_student_vce_unadjusted,69,757999
799,All,log_program_income_full_clp_m1,.0860724129128198,-.0209195044516759,.0446064487116883,.415804471649293,stata_areg_centered_student_vce_unadjusted,174,757999
800,All,log_program_income_full_clp_m1,-.00487496520637412,-.11186688257087,.440700553693842,.,stata_areg_centered_student_vce_unadjusted,1,757999
802,All,log_program_income_full_clp_m1,.0388756119997814,-.0681163053647144,.0325754157365243,.406313342182475,stata_areg_centered_student_vce_unadjusted,389,757999
803,All,log_program_income_full_clp_m1,.0242867676709716,-.0827051496935242,.437285831934262,.,stata_areg_centered_student_vce_unadjusted,1,757999
845,All,log_program_income_full_clp_m1,.0874389581041039,-.0195529592603919,.0464833411189261,.434662575938539,stata_areg_centered_student_vce_unadjusted,335,757999
892,All,log_program_income_full_clp_m1,.443108421595596,.336116504231101,.439534638196848,.,stata_areg_centered_student_vce_unadjusted,1,757999
908,All,log_program_income_full_clp_m1,-.162441873723585,-.269433791088081,.443473134575213,.,stata_areg_centered_student_vce_unadjusted,1,757999
964,All,log_program_income_full_clp_m1,-.114975360769479,-.221967278133975,.121127488990715,.341032064334819,stata_areg_centered_student_vce_unadjusted,14,757999
967,All,log_program_income_full_clp_m1,.137428234317592,.0304363169530961,.0415763608985621,.3960691139804,stata_areg_centered_student_vce_unadjusted,284,757999
968,All,log_program_income_full_clp_m1,.074250561094478,-.0327413562700178,.0370314197954326,.458601971486811,stata_areg_centered_student_vce_unadjusted,367,757999
982,All,log_program_income_full_clp_m1,.333962934150976,.226971016786481,.0883985139630962,.432387404746565,stata_areg_centered_student_vce_unadjusted,32,757999
987,All,log_program_income_full_clp_m1,.108071757027147,.0010798396626517,.0525278286381106,.432051011673294,stata_areg_centered_student_vce_unadjusted,303,757999
988,All,log_program_income_full_clp_m1,.0657894226568188,-.0412024947076769,.0475200420789711,.406936251280654,stata_areg_centered_student_vce_unadjusted,133,757999
1013,All,log_program_income_full_clp_m1,-.0184234788837874,-.125415396248283,.0474720614722572,.428762275389298,stata_areg_centered_student_vce_unadjusted,246,757999
1036,All,log_program_income_full_clp_m1,.110912038887826,.00392012152333011,.0474378697812656,.435113749256742,stata_areg_centered_student_vce_unadjusted,299,757999
1048,All,log_program_income_full_clp_m1,.0230547629014661,-.0839371544630297,.0382914432709322,.40971306145841,stata_areg_centered_student_vce_unadjusted,489,757999
1049,All,log_program_income_full_clp_m1,-.658847251749393,-.765839169113888,.438022800453782,.,stata_areg_centered_student_vce_unadjusted,1,757999
1119,All,log_program_income_full_clp_m1,.0245132397295123,-.0824786776349835,.0592978598764785,.400769208700199,stata_areg_centered_student_vce_unadjusted,133,757999
1120,All,log_program_income_full_clp_m1,-.126775747539173,-.233767664903669,.134585707620497,.341890092317717,stata_areg_centered_student_vce_unadjusted,11,757999
1121,All,log_program_income_full_clp_m1,.0701303914481074,-.0368615259163884,.0320983217235112,.427301830072153,stata_areg_centered_student_vce_unadjusted,386,757999
1123,All,log_program_income_full_clp_m1,.0924199620161646,-.0145719553483312,.0528941568294939,.445557826945223,stata_areg_centered_student_vce_unadjusted,143,757999
1125,All,log_program_income_full_clp_m1,-.194843099313016,-.301835016677511,.441457956943312,.,stata_areg_centered_student_vce_unadjusted,1,757999
1148,All,log_program_income_full_clp_m1,.0553621466979891,-.0516297706665067,.0587826010040283,.408552371588616,stata_areg_centered_student_vce_unadjusted,163,757999
1149,All,log_program_income_full_clp_m1,-.133073711462937,-.240065628827432,.0894891349587735,.373155059777037,stata_areg_centered_student_vce_unadjusted,53,757999
1161,All,log_program_income_full_clp_m1,.0342966593425945,-.0726952580219012,.440633401315332,.,stata_areg_centered_student_vce_unadjusted,1,757999
1164,All,log_program_income_full_clp_m1,.141132886380074,.0341409690155778,.0732156546730252,.437856545573804,stata_areg_centered_student_vce_unadjusted,131,757999
1167,All,log_program_income_full_clp_m1,.0211462440095678,-.085845673354928,.0395984838151735,.390958111994998,stata_areg_centered_student_vce_unadjusted,316,757999
1183,All,log_program_income_full_clp_m1,.110156157184797,.00316423982030076,.0357294421209715,.435681394159935,stata_areg_centered_student_vce_unadjusted,269,757999
1184,All,log_program_income_full_clp_m1,.099741812116449,-.00725010524804677,.0659487466614711,.443401845754443,stata_areg_centered_student_vce_unadjusted,83,757999
1190,All,log_program_income_full_clp_m1,.188924173881418,.0819322565169221,.0722342745844394,.41601141571261,stata_areg_centered_student_vce_unadjusted,118,757999
1194,All,log_program_income_full_clp_m1,.119132305232702,.0121403878682063,.0227867688037182,.421644770261351,stata_areg_centered_student_vce_unadjusted,809,757999
1195,All,log_program_income_full_clp_m1,.15497202920337,.0479801118388745,.0231651691953881,.450532624400434,stata_areg_centered_student_vce_unadjusted,714,757999
1196,All,log_program_income_full_clp_m1,.00981285266311978,-.097179064701376,.0311361128148566,.361869825789866,stata_areg_centered_student_vce_unadjusted,268,757999
1198,All,log_program_income_full_clp_m1,-.0141967716937042,-.1211886890582,.0824086470525578,.39292722926422,stata_areg_centered_student_vce_unadjusted,35,757999
1199,All,log_program_income_full_clp_m1,.0801843778260896,-.0268075395384061,.0424207205898812,.415498581966046,stata_areg_centered_student_vce_unadjusted,130,757999
1206,All,log_program_income_full_clp_m1,.0835499914617024,-.0234419259027934,.0660868635142288,.395888893743342,stata_areg_centered_student_vce_unadjusted,47,757999
1213,All,log_program_income_full_clp_m1,.114316239729881,.00732432236538484,.021689099324559,.463318205473184,stata_areg_centered_student_vce_unadjusted,883,757999
1214,All,log_program_income_full_clp_m1,.193411490487027,.0864195731225311,.0327469292283194,.419065298301913,stata_areg_centered_student_vce_unadjusted,308,757999
1225,All,log_program_income_full_clp_m1,.343333581229555,.236341663865059,.0365363185420692,.480208915937375,stata_areg_centered_student_vce_unadjusted,393,757999
1226,All,log_program_income_full_clp_m1,.104380334843253,-.00261158252124327,.0676636401535125,.448086473794129,stata_areg_centered_student_vce_unadjusted,79,757999
1255,All,log_program_income_full_clp_m1,.0845140036734008,-.022477913691095,.0304553603505639,.415596672204812,stata_areg_centered_student_vce_unadjusted,272,757999
1257,All,log_program_income_full_clp_m1,-.187424026510949,-.294415943875445,.147784829740354,.256988085730484,stata_areg_centered_student_vce_unadjusted,9,757999
1260,All,log_program_income_full_clp_m1,.145591150639604,.0385992332751081,.0572136456779656,.42917345433503,stata_areg_centered_student_vce_unadjusted,108,757999
1261,All,log_program_income_full_clp_m1,.0561414266458263,-.0508504907186695,.0465369896239157,.413085188481589,stata_areg_centered_student_vce_unadjusted,108,757999
1262,All,log_program_income_full_clp_m1,.140316527973956,.0333246106094598,.0200318897800559,.463916572296135,stata_areg_centered_student_vce_unadjusted,1033,757999
1263,All,log_program_income_full_clp_m1,.0216499210594193,-.0853419963050765,.0353815131782552,.372323601393087,stata_areg_centered_student_vce_unadjusted,231,757999
1264,All,log_program_income_full_clp_m1,-.166704271875742,-.273696189240238,.0961735721867362,.256541262800841,stata_areg_centered_student_vce_unadjusted,24,757999
1276,All,log_program_income_full_clp_m1,-.0772601095106506,-.184252026875146,.436599317173055,.,stata_areg_centered_student_vce_unadjusted,1,757999
1288,All,log_program_income_full_clp_m1,.405256444191125,.298264526826629,.0668383235080512,.46915764210302,stata_areg_centered_student_vce_unadjusted,220,757999
1289,All,log_program_income_full_clp_m1,.0394500973758195,-.0675418199886763,.0357358770904637,.361279343956511,stata_areg_centered_student_vce_unadjusted,181,757999
1290,All,log_program_income_full_clp_m1,.227990423797494,.120998506432998,.0450402624716899,.395308427699549,stata_areg_centered_student_vce_unadjusted,186,757999
1291,All,log_program_income_full_clp_m1,.17102020263287,.0640282852683739,.0639886095767693,.439304392949654,stata_areg_centered_student_vce_unadjusted,138,757999
1292,All,log_program_income_full_clp_m1,.227160692660399,.120168775295903,.0324414742828442,.407547741895756,stata_areg_centered_student_vce_unadjusted,362,757999
1294,All,log_program_income_full_clp_m1,.141666634033255,.0346747166687588,.0385764238897945,.438126536914101,stata_areg_centered_student_vce_unadjusted,239,757999
1300,All,log_program_income_full_clp_m1,-.0330073905808948,-.139999307945391,.027266168981495,.355020418641612,stata_areg_centered_student_vce_unadjusted,397,757999
1301,All,log_program_income_full_clp_m1,.130014341465669,.0230224241011735,.0652327617905583,.422647830350347,stata_areg_centered_student_vce_unadjusted,69,757999
1302,All,log_program_income_full_clp_m1,-.00161970368554368,-.108611621050039,.0802009111876484,.411146133261602,stata_areg_centered_student_vce_unadjusted,35,757999
1316,All,log_program_income_full_clp_m1,.107228456053068,.000236538688571861,.0591827131897403,.414094848849031,stata_areg_centered_student_vce_unadjusted,96,757999
1318,All,log_program_income_full_clp_m1,.282571271641574,.175579354277078,.0719518115822973,.498794130026945,stata_areg_centered_student_vce_unadjusted,52,757999
1319,All,log_program_income_full_clp_m1,-.361691359567099,-.468683276931595,.439541654660382,.,stata_areg_centered_student_vce_unadjusted,1,757999
1327,All,log_program_income_full_clp_m1,.0740807814265312,-.0329111359379646,.040473761936216,.380870888244025,stata_areg_centered_student_vce_unadjusted,200,757999
1335,All,log_program_income_full_clp_m1,.140815996490161,.0338240791256651,.0303654670553551,.438977439866168,stata_areg_centered_student_vce_unadjusted,490,757999
1347,All,log_program_income_full_clp_m1,.0341400757486976,-.0728518416157981,.0313338969019285,.388979620301683,stata_areg_centered_student_vce_unadjusted,434,757999
1354,All,log_program_income_full_clp_m1,.146511066966638,.0395191496021427,.0339624052615888,.429849425850742,stata_areg_centered_student_vce_unadjusted,320,757999
1361,All,log_program_income_full_clp_m1,.00464719357287729,-.102344723791618,.0595268225383135,.375908673745952,stata_areg_centered_student_vce_unadjusted,89,757999
1362,All,log_program_income_full_clp_m1,.010542211537111,-.0964497058273847,.0363149473902522,.348034245837496,stata_areg_centered_student_vce_unadjusted,191,757999
1363,All,log_program_income_full_clp_m1,.151480806482763,.0444888891182668,.0427905531191507,.442515990468947,stata_areg_centered_student_vce_unadjusted,151,757999
1364,All,log_program_income_full_clp_m1,.224997423730848,.118005506366353,.0481114726302396,.415144221989213,stata_areg_centered_student_vce_unadjusted,154,757999
1366,All,log_program_income_full_clp_m1,.0829629301586986,-.0240289872057971,.0289966748874413,.402404275206785,stata_areg_centered_student_vce_unadjusted,323,757999
1367,All,log_program_income_full_clp_m1,.0579928752243161,-.0489990421401797,.0637984189688388,.372812973262312,stata_areg_centered_student_vce_unadjusted,64,757999
1368,All,log_program_income_full_clp_m1,.102839161764097,-.00415275560039891,.0645879667231756,.336366216657125,stata_areg_centered_student_vce_unadjusted,65,757999
1370,All,log_program_income_full_clp_m1,.0900050109650512,-.0169869063994446,.0695430831203395,.42393766020673,stata_areg_centered_student_vce_unadjusted,86,757999
1371,All,log_program_income_full_clp_m1,.181198156383172,.0742062390186757,.0464327362527608,.431727086463577,stata_areg_centered_student_vce_unadjusted,198,757999
1392,All,log_program_income_full_clp_m1,.197203120119487,.0902112027549917,.0292422514128836,.400903204276881,stata_areg_centered_student_vce_unadjusted,399,757999
1393,All,log_program_income_full_clp_m1,.222442710406639,.115450793042143,.0408259674589613,.423310964771768,stata_areg_centered_student_vce_unadjusted,273,757999
1395,All,log_program_income_full_clp_m1,.123494408039016,.0165024906745204,.0517014958253876,.398419493878686,stata_areg_centered_student_vce_unadjusted,266,757999
1397,All,log_program_income_full_clp_m1,.173504379496815,.0665124621323195,.0267214439913951,.451750450494502,stata_areg_centered_student_vce_unadjusted,518,757999
1400,All,log_program_income_full_clp_m1,.0268284275620384,-.0801634898024574,.05554195201242,.362140204437348,stata_areg_centered_student_vce_unadjusted,69,757999
1403,All,log_program_income_full_clp_m1,.162534118993967,.0555422016294716,.0515254033739595,.469262910819904,stata_areg_centered_student_vce_unadjusted,163,757999
1404,All,log_program_income_full_clp_m1,.244252859261428,.137260941896932,.0350268970530439,.439862187270856,stata_areg_centered_student_vce_unadjusted,502,757999
1405,All,log_program_income_full_clp_m1,.0995930060108363,-.00739891135365947,.0476122449471179,.421936047940628,stata_areg_centered_student_vce_unadjusted,218,757999
1412,All,log_program_income_full_clp_m1,.214057657050629,.107065739686134,.0719456401736197,.370323791179185,stata_areg_centered_student_vce_unadjusted,81,757999
1414,All,log_program_income_full_clp_m1,.00315206098284969,-.103839856381646,.0590365961409942,.418333238501449,stata_areg_centered_student_vce_unadjusted,85,757999
1421,All,log_program_income_full_clp_m1,.184048772007212,.0770568546427163,.057628625420829,.438783642625062,stata_areg_centered_student_vce_unadjusted,102,757999
1422,All,log_program_income_full_clp_m1,-.00509646411674324,-.112088381481239,.0438186752200517,.347619367543626,stata_areg_centered_student_vce_unadjusted,131,757999
1425,All,log_program_income_full_clp_m1,.0809716157386209,-.0260203016258749,.0489318499579552,.450807911386496,stata_areg_centered_student_vce_unadjusted,113,757999
1436,All,log_program_income_full_clp_m1,.190753813065094,.083761895700598,.0343818467354527,.407372525012786,stata_areg_centered_student_vce_unadjusted,377,757999
1437,All,log_program_income_full_clp_m1,.159628675005467,.0526367576409707,.042516264891204,.405511596697898,stata_areg_centered_student_vce_unadjusted,178,757999
1443,All,log_program_income_full_clp_m1,.155373196973246,.0483812796087501,.0249961036560851,.441171837181729,stata_areg_centered_student_vce_unadjusted,609,757999
1444,All,log_program_income_full_clp_m1,.105940979985618,-.00105093737887811,.0545748852366217,.388617752778168,stata_areg_centered_student_vce_unadjusted,126,757999
1445,All,log_program_income_full_clp_m1,.142812835188821,.0358209178243249,.0564991392716512,.444617019665634,stata_areg_centered_student_vce_unadjusted,147,757999
1449,All,log_program_income_full_clp_m1,.0563856273660433,-.0506062899984524,.0351427818522613,.41060436532129,stata_areg_centered_student_vce_unadjusted,298,757999
1450,All,log_program_income_full_clp_m1,.237733941294419,.130742023929923,.050406773580497,.42270115940095,stata_areg_centered_student_vce_unadjusted,183,757999
1453,All,log_program_income_full_clp_m1,.198205855367397,.091213938002901,.0463435077473985,.395517953943318,stata_areg_centered_student_vce_unadjusted,185,757999
1464,All,log_program_income_full_clp_m1,.0996008119586869,-.00739110540580891,.0246214602932665,.434552170359801,stata_areg_centered_student_vce_unadjusted,605,757999
1467,All,log_program_income_full_clp_m1,.0911905236512394,-.0158013937132564,.0650106710773808,.396422035337844,stata_areg_centered_student_vce_unadjusted,140,757999
1468,All,log_program_income_full_clp_m1,.0464186996765545,-.0605732176879413,.0620561659156474,.417066837375592,stata_areg_centered_student_vce_unadjusted,55,757999
1469,All,log_program_income_full_clp_m1,.157951952375933,.0509600350114367,.0949937212701045,.339973862615884,stata_areg_centered_student_vce_unadjusted,27,757999
1478,All,log_program_income_full_clp_m1,-.0176752364948223,-.124667153859318,.067805131866362,.42363480531401,stata_areg_centered_student_vce_unadjusted,158,757999
1482,All,log_program_income_full_clp_m1,.172230714929003,.065238797564507,.0382204868246367,.449357874493062,stata_areg_centered_student_vce_unadjusted,275,757999
1489,All,log_program_income_full_clp_m1,.0921882791168768,-.014803638247619,.0418972415347175,.398999122398641,stata_areg_centered_student_vce_unadjusted,174,757999
1490,All,log_program_income_full_clp_m1,.0175190082583247,-.0894729091061711,.0663053406064519,.411124893238036,stata_areg_centered_student_vce_unadjusted,57,757999
1500,All,log_program_income_full_clp_m1,.0801373739834318,-.026854543381064,.0374138451614511,.432441386510959,stata_areg_centered_student_vce_unadjusted,248,757999
1502,All,log_program_income_full_clp_m1,.142667176454358,.0356752590898626,.0205125545811014,.450385463318422,stata_areg_centered_student_vce_unadjusted,612,757999
1503,All,log_program_income_full_clp_m1,.0749574198264942,-.0320344975380016,.0173035663857814,.466180259489865,stata_areg_centered_student_vce_unadjusted,867,757999
1504,All,log_program_income_full_clp_m1,.0509024701115074,-.0560894472529884,.0186362727255753,.386523210982672,stata_areg_centered_student_vce_unadjusted,775,757999
1506,All,log_program_income_full_clp_m1,-.306860669989736,-.413852587354232,.438925119321397,.,stata_areg_centered_student_vce_unadjusted,1,757999
1507,All,log_program_income_full_clp_m1,-.0544278437289368,-.161419761093433,.196332753202319,.162767603767133,stata_areg_centered_student_vce_unadjusted,5,757999
1515,All,log_program_income_full_clp_m1,.127946187389238,.0209542700247427,.0182787762563837,.425913093591523,stata_areg_centered_student_vce_unadjusted,897,757999
1516,All,log_program_income_full_clp_m1,.0807460721891076,-.0262458451753882,.0445886237508696,.463070202896647,stata_areg_centered_student_vce_unadjusted,118,757999
1517,All,log_program_income_full_clp_m1,.10920073658732,.00220881922282437,.0494277923155191,.423642280395953,stata_areg_centered_student_vce_unadjusted,98,757999
1518,All,log_program_income_full_clp_m1,-.0131260595437248,-.120117976908221,.0493514660066439,.401175213901354,stata_areg_centered_student_vce_unadjusted,87,757999
1519,All,log_program_income_full_clp_m1,-.079361471814731,-.186353389179227,.0518271949478231,.380301123082021,stata_areg_centered_student_vce_unadjusted,83,757999
1520,All,log_program_income_full_clp_m1,.188356405219894,.0813644878553985,.0273659848812324,.450566968992959,stata_areg_centered_student_vce_unadjusted,383,757999
1521,All,log_program_income_full_clp_m1,.0210627195352626,-.0859291978292332,.0400643753496535,.39247201035189,stata_areg_centered_student_vce_unadjusted,134,757999
1522,All,log_program_income_full_clp_m1,.0332127643794419,-.0737791529850539,.073243769967403,.430382397130632,stata_areg_centered_student_vce_unadjusted,42,757999
1525,All,log_program_income_full_clp_m1,.0329711553405565,-.0740207620239392,.0197874681714747,.447568056165828,stata_areg_centered_student_vce_unadjusted,706,757999
1542,All,log_program_income_full_clp_m1,.0922805026139954,-.0147114147505004,.0723806405523514,.373957477617103,stata_areg_centered_student_vce_unadjusted,50,757999
1549,All,log_program_income_full_clp_m1,.0674980242248811,-.0394938931396147,.0507533513815129,.459493805883614,stata_areg_centered_student_vce_unadjusted,102,757999
1579,All,log_program_income_full_clp_m1,.0623943190536715,-.0445975983108242,.049539459476869,.42157689578039,stata_areg_centered_student_vce_unadjusted,116,757999
1580,All,log_program_income_full_clp_m1,.477708276822222,.370716359457726,.441783997218785,.,stata_areg_centered_student_vce_unadjusted,1,757999
1581,All,log_program_income_full_clp_m1,.248726772116628,.141734854752132,.0483748085976791,.426199551435659,stata_areg_centered_student_vce_unadjusted,333,757999
1582,All,log_program_income_full_clp_m1,.191498407250691,.0845064898861956,.0526417954294848,.400025549504159,stata_areg_centered_student_vce_unadjusted,170,757999
1584,All,log_program_income_full_clp_m1,-.139118214031255,-.246110131395751,.132788825413453,.216296305605371,stata_areg_centered_student_vce_unadjusted,11,757999
1585,All,log_program_income_full_clp_m1,.137208023537589,.0302161061730927,.0395914249747456,.449203203126963,stata_areg_centered_student_vce_unadjusted,250,757999
1586,All,log_program_income_full_clp_m1,.210484081087432,.103492163722936,.0368175400133687,.428005410372692,stata_areg_centered_student_vce_unadjusted,251,757999
1587,All,log_program_income_full_clp_m1,.160222049334728,.0532301319702321,.0381065420011837,.399857690809357,stata_areg_centered_student_vce_unadjusted,219,757999
1588,All,log_program_income_full_clp_m1,.247637726266243,.140645808901747,.0572534178151171,.410358846368816,stata_areg_centered_student_vce_unadjusted,126,757999
1590,All,log_program_income_full_clp_m1,.219934265305896,.1129423479414,.0212382769860227,.436386045153196,stata_areg_centered_student_vce_unadjusted,804,757999
1594,All,log_program_income_full_clp_m1,.11260251611226,.00561059874776459,.0516261013684489,.379554455403581,stata_areg_centered_student_vce_unadjusted,131,757999
1597,All,log_program_income_full_clp_m1,.196829462059399,.0898375446949033,.22012635823106,.336185230869864,stata_areg_centered_student_vce_unadjusted,4,757999
1604,All,log_program_income_full_clp_m1,.112522871932896,.00553095456840066,.0438107734033953,.428580702408314,stata_areg_centered_student_vce_unadjusted,270,757999
1607,All,log_program_income_full_clp_m1,.194642735043585,.0876508176790895,.0586903953096036,.427750314459767,stata_areg_centered_student_vce_unadjusted,98,757999
1610,All,log_program_income_full_clp_m1,.0325903725025513,-.0744015448619445,.0439389330188468,.43547917028732,stata_areg_centered_student_vce_unadjusted,147,757999
1619,All,log_program_income_full_clp_m1,.0700520766641384,-.0369398407003573,.0599546541521347,.403483150306686,stata_areg_centered_student_vce_unadjusted,90,757999
1629,All,log_program_income_full_clp_m1,.289624040960059,.182632123595563,.0727744294047252,.488311842576381,stata_areg_centered_student_vce_unadjusted,58,757999
1631,All,log_program_income_full_clp_m1,.457120247018152,.350128329653656,.0427808773025669,.420942606524604,stata_areg_centered_student_vce_unadjusted,319,757999
1632,All,log_program_income_full_clp_m1,.130322272614536,.0233303552500403,.0566217635361158,.372537306303329,stata_areg_centered_student_vce_unadjusted,148,757999
1634,All,log_program_income_full_clp_m1,.206600201477287,.0996082841127917,.0469752978403121,.439096816292859,stata_areg_centered_student_vce_unadjusted,245,757999
1635,All,log_program_income_full_clp_m1,.243354434052397,.136362516687901,.0552705159972675,.409052973630333,stata_areg_centered_student_vce_unadjusted,115,757999
1638,All,log_program_income_full_clp_m1,.165855252845415,.0588633354809191,.0967620778791164,.532332479712964,stata_areg_centered_student_vce_unadjusted,75,757999
1641,All,log_program_income_full_clp_m1,.20850799857584,.101516081211345,.0745599519658961,.394708687027041,stata_areg_centered_student_vce_unadjusted,102,757999
1653,All,log_program_income_full_clp_m1,.129298443733142,.0223065263686467,.0519748697159897,.47323577687092,stata_areg_centered_student_vce_unadjusted,133,757999
1657,All,log_program_income_full_clp_m1,.203095630393171,.0961037130286748,.065611102184133,.453966846872753,stata_areg_centered_student_vce_unadjusted,110,757999
1663,All,log_program_income_full_clp_m1,.0997077176501992,-.00728419971429654,.0239731257858208,.437585666855955,stata_areg_centered_student_vce_unadjusted,405,757999
1664,All,log_program_income_full_clp_m1,.0504237810028112,-.0565681363616846,.0319273541244513,.432331577475453,stata_areg_centered_student_vce_unadjusted,234,757999
1666,All,log_program_income_full_clp_m1,-.166187875133141,-.273179792497637,.0899046667370222,.322711854544435,stata_areg_centered_student_vce_unadjusted,24,757999
1672,All,log_program_income_full_clp_m1,.0155754856834281,-.0914164316810677,.0372013017424118,.384798712046293,stata_areg_centered_student_vce_unadjusted,160,757999
1674,All,log_program_income_full_clp_m1,.011772654391454,-.0952192629730417,.0328818622494263,.398853946846787,stata_areg_centered_student_vce_unadjusted,195,757999
1675,All,log_program_income_full_clp_m1,.118264480436579,.0112725630720834,.0360534595714467,.437607290383031,stata_areg_centered_student_vce_unadjusted,170,757999
1676,All,log_program_income_full_clp_m1,.102129559002999,-.00486235836149655,.0221334197277685,.43735023657753,stata_areg_centered_student_vce_unadjusted,505,757999
1681,All,log_program_income_full_clp_m1,.0150339961116725,-.0919579212528232,.0397339938169395,.412934747484705,stata_areg_centered_student_vce_unadjusted,144,757999
1685,All,log_program_income_full_clp_m1,.0937060928537323,-.0132858245107635,.0655929850979563,.420949652660093,stata_areg_centered_student_vce_unadjusted,68,757999
1689,All,log_program_income_full_clp_m1,-.139367046475614,-.24635896384011,.438542060466553,.,stata_areg_centered_student_vce_unadjusted,1,757999
1707,All,log_program_income_full_clp_m1,-.285294733908951,-.392286651273447,.437221651847926,.,stata_areg_centered_student_vce_unadjusted,1,757999
1710,All,log_program_income_full_clp_m1,.0503535580750727,-.0566383592894231,.0833629328149875,.346866150407678,stata_areg_centered_student_vce_unadjusted,28,757999
1734,All,log_program_income_full_clp_m1,.17196415994059,.0649722425760944,.0428806048018236,.44175535961209,stata_areg_centered_student_vce_unadjusted,276,757999
1735,All,log_program_income_full_clp_m1,.20602462181962,.0990327044551246,.0440476293146946,.419583029131512,stata_areg_centered_student_vce_unadjusted,463,757999
1738,All,log_program_income_full_clp_m1,.191666651313901,.0846747339494048,.0403943172706985,.397760007433323,stata_areg_centered_student_vce_unadjusted,280,757999
1739,All,log_program_income_full_clp_m1,-.0497486685310699,-.156740585895566,.0229717599162673,.50631235114106,stata_areg_centered_student_vce_unadjusted,434,757999
1741,All,log_program_income_full_clp_m1,.115178122953636,.00818620558914049,.0526693241950747,.415033646082739,stata_areg_centered_student_vce_unadjusted,131,757999
1742,All,log_program_income_full_clp_m1,.096448852530645,-.0105430648338507,.0560946579913753,.450895494087179,stata_areg_centered_student_vce_unadjusted,103,757999
1743,All,log_program_income_full_clp_m1,.109666603506052,.00267468614155637,.0509824442991462,.433872874294877,stata_areg_centered_student_vce_unadjusted,177,757999
1747,All,log_program_income_full_clp_m1,.196029702812764,.0890377854482683,.0237799954619074,.419883999627932,stata_areg_centered_student_vce_unadjusted,402,757999
1749,All,log_program_income_full_clp_m1,.115311144602857,.0083192272383615,.0350340616756025,.411769578880688,stata_areg_centered_student_vce_unadjusted,241,757999
1750,All,log_program_income_full_clp_m1,.172959417966871,.0659675006023749,.0588418047612717,.418659229530365,stata_areg_centered_student_vce_unadjusted,154,757999
1755,All,log_program_income_full_clp_m1,.14874864215195,.0417567247874541,.033591223700816,.417760026382951,stata_areg_centered_student_vce_unadjusted,336,757999
1756,All,log_program_income_full_clp_m1,.0615620251603892,-.0454298922041066,.0416531920785436,.415244928444719,stata_areg_centered_student_vce_unadjusted,234,757999
1757,All,log_program_income_full_clp_m1,.156481015839555,.0494890984750595,.0237463507461,.473579522613832,stata_areg_centered_student_vce_unadjusted,732,757999
1761,All,log_program_income_full_clp_m1,.15235569782457,.0453637804600738,.0623297724778438,.437750839681872,stata_areg_centered_student_vce_unadjusted,115,757999
1769,All,log_program_income_full_clp_m1,.12226932609873,.015277408734234,.0593653849896309,.410538493395151,stata_areg_centered_student_vce_unadjusted,113,757999
1774,All,log_program_income_full_clp_m1,.220125392207453,.113133474842958,.0456839430528161,.454616995834759,stata_areg_centered_student_vce_unadjusted,221,757999
1775,All,log_program_income_full_clp_m1,.256056781612368,.149064864247872,.0715940573436035,.456444265585463,stata_areg_centered_student_vce_unadjusted,61,757999
1776,All,log_program_income_full_clp_m1,.401470999546168,.294479082181673,.0736733189089659,.410006535954491,stata_areg_centered_student_vce_unadjusted,79,757999
1777,All,log_program_income_full_clp_m1,.240394036779016,.133402119414521,.0426866102370181,.45438428466624,stata_areg_centered_student_vce_unadjusted,238,757999
1780,All,log_program_income_full_clp_m1,.25695034667823,.149958429313735,.0607539730984659,.413020375880762,stata_areg_centered_student_vce_unadjusted,84,757999
1781,All,log_program_income_full_clp_m1,.397785763845327,.290793846480831,.0879484215318649,.530010572131645,stata_areg_centered_student_vce_unadjusted,170,757999
1783,All,log_program_income_full_clp_m1,.484643895229932,.377651977865436,.0647536091735812,.443510230509312,stata_areg_centered_student_vce_unadjusted,222,757999
1787,All,log_program_income_full_clp_m1,.169392019873178,.0624001025086826,.102157550501803,.438737514253579,stata_areg_centered_student_vce_unadjusted,58,757999
1788,All,log_program_income_full_clp_m1,.402492239178706,.29550032181421,.0745784009262185,.457156066206092,stata_areg_centered_student_vce_unadjusted,214,757999
1789,All,log_program_income_full_clp_m1,.159480980006258,.0524890626417618,.0759641631280684,.492261308665448,stata_areg_centered_student_vce_unadjusted,47,757999
1791,All,log_program_income_full_clp_m1,.122836859768213,.015844942403717,.0640128000352305,.478179126150407,stata_areg_centered_student_vce_unadjusted,185,757999
1792,All,log_program_income_full_clp_m1,.19687803831363,.0898861209491337,.0488705590163243,.426968345904801,stata_areg_centered_student_vce_unadjusted,151,757999
1795,All,log_program_income_full_clp_m1,.108155286640618,.00116336927612191,.0557100080762268,.464234007487535,stata_areg_centered_student_vce_unadjusted,210,757999
1796,All,log_program_income_full_clp_m1,.314218048638869,.207226131274373,.0552846441644304,.418401958962092,stata_areg_centered_student_vce_unadjusted,121,757999
1801,All,log_program_income_full_clp_m1,.244048949366163,.137057032001668,.0478765570975082,.496993383576053,stata_areg_centered_student_vce_unadjusted,210,757999
1839,All,log_program_income_full_clp_m1,.362394677404436,.25540276003994,.0766968142586738,.524505945101991,stata_areg_centered_student_vce_unadjusted,324,757999
1844,All,log_program_income_full_clp_m1,.235349051543204,.128357134178709,.0737539004845928,.549033765601215,stata_areg_centered_student_vce_unadjusted,52,757999
1851,All,log_program_income_full_clp_m1,.0486290781742965,-.0583628391901993,.0359230394480585,.442612056119679,stata_areg_centered_student_vce_unadjusted,243,757999
1855,All,log_program_income_full_clp_m1,-.5990782649346,-.706070182299096,.438070729006241,.,stata_areg_centered_student_vce_unadjusted,1,757999
1858,All,log_program_income_full_clp_m1,.101143044900972,-.00584887246352347,.033811574910503,.434242293176875,stata_areg_centered_student_vce_unadjusted,443,757999
1859,All,log_program_income_full_clp_m1,.129274187087545,.0222822697230491,.0608285494354535,.426753335888506,stata_areg_centered_student_vce_unadjusted,134,757999
1860,All,log_program_income_full_clp_m1,-.000887386227157683,-.107879303591653,.0381293086090988,.433751461535263,stata_areg_centered_student_vce_unadjusted,227,757999
1863,All,log_program_income_full_clp_m1,.0237915562460731,-.0832003611184226,.0432574846591374,.390201821770241,stata_areg_centered_student_vce_unadjusted,222,757999
1864,All,log_program_income_full_clp_m1,.126269423793271,.0192775064287751,.0345882501659848,.429998008462379,stata_areg_centered_student_vce_unadjusted,293,757999
1875,All,log_program_income_full_clp_m1,-.178143555602297,-.285135472966793,.252753637685408,.144170897754222,stata_areg_centered_student_vce_unadjusted,3,757999
1880,All,log_program_income_full_clp_m1,.0173329193062299,-.0896589980582659,.0315052993586446,.419260021221394,stata_areg_centered_student_vce_unadjusted,222,757999
1881,All,log_program_income_full_clp_m1,.0401147747422071,-.0668771426222887,.0531629421741368,.396965247003615,stata_areg_centered_student_vce_unadjusted,95,757999
1882,All,log_program_income_full_clp_m1,.019693583640653,-.0872983337238428,.0275685611263398,.378380561654226,stata_areg_centered_student_vce_unadjusted,294,757999
1884,All,log_program_income_full_clp_m1,.0396623434346764,-.0673295739298193,.0270994494353853,.457976129183534,stata_areg_centered_student_vce_unadjusted,308,757999
1886,All,log_program_income_full_clp_m1,.0909116239028961,-.0160802934615997,.0626281161017549,.45262872485657,stata_areg_centered_student_vce_unadjusted,72,757999
1887,All,log_program_income_full_clp_m1,.0882460359450605,-.0187458814194353,.0481577871846322,.43912370008068,stata_areg_centered_student_vce_unadjusted,134,757999
1889,All,log_program_income_full_clp_m1,.0787380732687677,-.0282538440957281,.0664775824505723,.443261851584437,stata_areg_centered_student_vce_unadjusted,55,757999
1891,All,log_program_income_full_clp_m1,.0135071424989172,-.0934847748655785,.0958006291582217,.406575809782917,stata_areg_centered_student_vce_unadjusted,33,757999
1894,All,log_program_income_full_clp_m1,-.174167146941282,-.281159064305777,.052780625018289,.247244544892483,stata_areg_centered_student_vce_unadjusted,74,757999
1895,All,log_program_income_full_clp_m1,-.0593961222618115,-.166388039626307,.0445536956405955,.393099008152211,stata_areg_centered_student_vce_unadjusted,121,757999
1908,All,log_program_income_full_clp_m1,.0381463242398088,-.068845593124687,.065432176038782,.47281341808291,stata_areg_centered_student_vce_unadjusted,57,757999
1909,All,log_program_income_full_clp_m1,.165980918102016,.0589890007375203,.0295166635677913,.434378016190186,stata_areg_centered_student_vce_unadjusted,412,757999
1911,All,log_program_income_full_clp_m1,.16653143297375,.0595395156092542,.0481037775778533,.421242119139745,stata_areg_centered_student_vce_unadjusted,124,757999
1918,All,log_program_income_full_clp_m1,.152991215571056,.0459992982065603,.0373703442551128,.43325614156479,stata_areg_centered_student_vce_unadjusted,216,757999
1919,All,log_program_income_full_clp_m1,.16943979582628,.0624478784617844,.0604852934494369,.428931042916758,stata_areg_centered_student_vce_unadjusted,160,757999
1923,All,log_program_income_full_clp_m1,-.000460446963290617,-.107452364327786,.0346098730710121,.416194647788911,stata_areg_centered_student_vce_unadjusted,236,757999
1934,All,log_program_income_full_clp_m1,.132054477837604,.0250625604731087,.0283975774893779,.426135432446122,stata_areg_centered_student_vce_unadjusted,446,757999
1937,All,log_program_income_full_clp_m1,.104918368508213,-.0020735488562825,.0622966158166508,.491344978995908,stata_areg_centered_student_vce_unadjusted,92,757999
1941,All,log_program_income_full_clp_m1,.0493181383335279,-.0576737790309679,.0401190906704647,.419740054836934,stata_areg_centered_student_vce_unadjusted,209,757999
1958,All,log_program_income_full_clp_m1,-.0399065426575925,-.146898460022088,.035762195913163,.391217010962045,stata_areg_centered_student_vce_unadjusted,172,757999
1959,All,log_program_income_full_clp_m1,.0353251125975319,-.0716668047669639,.055619847818287,.400351826818792,stata_areg_centered_student_vce_unadjusted,114,757999
1967,All,log_program_income_full_clp_m1,.103799112570338,-.00319280479415746,.0322502443533272,.471001004493093,stata_areg_centered_student_vce_unadjusted,318,757999
1969,All,log_program_income_full_clp_m1,.0349200198925807,-.0720718974719151,.0466874720701666,.425155660059595,stata_areg_centered_student_vce_unadjusted,117,757999
1971,All,log_program_income_full_clp_m1,.137244934376976,.0302530170124801,.0515205785910513,.448216513852078,stata_areg_centered_student_vce_unadjusted,112,757999
1977,All,log_program_income_full_clp_m1,.175876164582831,.0688842472183354,.0279295405352994,.443892311393695,stata_areg_centered_student_vce_unadjusted,522,757999
1980,All,log_program_income_full_clp_m1,.10371286325317,-.00327905411132547,.0577432785520557,.41347940023525,stata_areg_centered_student_vce_unadjusted,123,757999
1987,All,log_program_income_full_clp_m1,-.00107815926704579,-.108070076631542,.0575554888118529,.431764497167231,stata_areg_centered_student_vce_unadjusted,73,757999
1989,All,log_program_income_full_clp_m1,.104940982025173,-.00205093533932235,.0667855969313534,.491723781060265,stata_areg_centered_student_vce_unadjusted,91,757999
1996,All,log_program_income_full_clp_m1,.0825663055263793,-.0244256118381165,.0308990178075649,.427537885659907,stata_areg_centered_student_vce_unadjusted,446,757999
1997,All,log_program_income_full_clp_m1,.0964372027008885,-.0105547146636073,.0642178612339285,.417747968153454,stata_areg_centered_student_vce_unadjusted,125,757999
2007,All,log_program_income_full_clp_m1,-.00131863080924872,-.108310548173744,.0573033059190691,.424832737948801,stata_areg_centered_student_vce_unadjusted,103,757999
2009,All,log_program_income_full_clp_m1,.104394106524406,-.00259781084008996,.140443401972166,.459967805095956,stata_areg_centered_student_vce_unadjusted,25,757999
2012,All,log_program_income_full_clp_m1,-.000394147535608459,-.107386064900104,.0322459211100539,.365765997958899,stata_areg_centered_student_vce_unadjusted,239,757999
2013,All,log_program_income_full_clp_m1,-.0166049244594297,-.123596841823925,.0238499657677439,.434008583169092,stata_areg_centered_student_vce_unadjusted,539,757999
2018,All,log_program_income_full_clp_m1,.102049612831786,-.00494230453271002,.040383057427107,.431087749625748,stata_areg_centered_student_vce_unadjusted,178,757999
2019,All,log_program_income_full_clp_m1,.0781027766977307,-.0288891406667651,.0560910862400431,.4304824041067,stata_areg_centered_student_vce_unadjusted,84,757999
2021,All,log_program_income_full_clp_m1,-.117808647898598,-.224800565263094,.165863390610828,.202601086596511,stata_areg_centered_student_vce_unadjusted,7,757999
2035,All,log_program_income_full_clp_m1,-.087369821417247,-.194361738781743,.0858606481063671,.367576910936078,stata_areg_centered_student_vce_unadjusted,31,757999
2040,All,log_program_income_full_clp_m1,.0810554610947957,-.0259364562697001,.0449028852242396,.44707072481244,stata_areg_centered_student_vce_unadjusted,231,757999
2041,All,log_program_income_full_clp_m1,.085760731526503,-.0212311858379928,.046910389412445,.395853362444165,stata_areg_centered_student_vce_unadjusted,155,757999
2042,All,log_program_income_full_clp_m1,.25347111433496,.146479196970464,.05426728981136,.417516261830106,stata_areg_centered_student_vce_unadjusted,344,757999
2043,All,log_program_income_full_clp_m1,-.0148022266482309,-.121794144012727,.0540238563045264,.424702900239274,stata_areg_centered_student_vce_unadjusted,106,757999
2044,All,log_program_income_full_clp_m1,.0228018524879392,-.0841900648765566,.0225105945036382,.445453539766924,stata_areg_centered_student_vce_unadjusted,611,757999
2045,All,log_program_income_full_clp_m1,.219895851472919,.112903934108423,.0698793993345246,.472127513265123,stata_areg_centered_student_vce_unadjusted,147,757999
2047,All,log_program_income_full_clp_m1,.0940175124643361,-.0129744049001597,.0541536139053302,.39514848131521,stata_areg_centered_student_vce_unadjusted,93,757999
2049,All,log_program_income_full_clp_m1,.237895846723636,.13090392935914,.093250262932596,.431176153765204,stata_areg_centered_student_vce_unadjusted,167,757999
2050,All,log_program_income_full_clp_m1,-.0500347654655966,-.157026682830092,.0521763054720978,.370262246045647,stata_areg_centered_student_vce_unadjusted,100,757999
2052,All,log_program_income_full_clp_m1,-.000509900828831397,-.107501818193327,.0547099349172595,.43434044796711,stata_areg_centered_student_vce_unadjusted,95,757999
2055,All,log_program_income_full_clp_m1,.0629483878778099,-.0440435294866858,.0570169217600448,.439724216592986,stata_areg_centered_student_vce_unadjusted,114,757999
2057,All,log_program_income_full_clp_m1,.072062785714712,-.0349291316497837,.109969071928094,.440350235443937,stata_areg_centered_student_vce_unadjusted,18,757999
2064,All,log_program_income_full_clp_m1,.0238296755936797,-.0831622417708161,.0270552335850653,.416862545950733,stata_areg_centered_student_vce_unadjusted,372,757999
2066,All,log_program_income_full_clp_m1,-.0296502742849828,-.136642191649479,.064846632062877,.466330898509758,stata_areg_centered_student_vce_unadjusted,53,757999
2075,All,log_program_income_full_clp_m1,.0413141381166438,-.0656777792478519,.0363789161816239,.463764347393314,stata_areg_centered_student_vce_unadjusted,221,757999
2078,All,log_program_income_full_clp_m1,.0918441391756076,-.0151477781888882,.0355274855479304,.447406327361613,stata_areg_centered_student_vce_unadjusted,243,757999
2084,All,log_program_income_full_clp_m1,-.0306665650020899,-.137658482366586,.0303432379213004,.414161896357601,stata_areg_centered_student_vce_unadjusted,312,757999
2090,All,log_program_income_full_clp_m1,.045582463464924,-.0614094538995718,.0710808996554371,.439252895030107,stata_areg_centered_student_vce_unadjusted,144,757999
2091,All,log_program_income_full_clp_m1,.108935650135126,.0019437327706307,.0398598014773388,.423161447744817,stata_areg_centered_student_vce_unadjusted,261,757999
2099,All,log_program_income_full_clp_m1,.196897442001359,.0899055246368628,.0587312576315521,.449696902284084,stata_areg_centered_student_vce_unadjusted,123,757999
2101,All,log_program_income_full_clp_m1,-.212266330317495,-.319258247681991,.119004198531176,.249438349271277,stata_areg_centered_student_vce_unadjusted,16,757999
2102,All,log_program_income_full_clp_m1,.017995196030637,-.0889967213338588,.0209405730601888,.372829510640046,stata_areg_centered_student_vce_unadjusted,578,757999
2103,All,log_program_income_full_clp_m1,.0894803199853556,-.0175115973791402,.0177952202896707,.446618264350374,stata_areg_centered_student_vce_unadjusted,976,757999
2104,All,log_program_income_full_clp_m1,.117915390076562,.010923472712066,.0156039581077052,.427578474604863,stata_areg_centered_student_vce_unadjusted,1517,757999
2105,All,log_program_income_full_clp_m1,.142382085790476,.0353901684259801,.0175101843499593,.45720161821212,stata_areg_centered_student_vce_unadjusted,1049,757999
2109,All,log_program_income_full_clp_m1,.109036760752444,.00204484338794846,.0255932439015673,.408677611835299,stata_areg_centered_student_vce_unadjusted,421,757999
2110,All,log_program_income_full_clp_m1,.0984683786083346,-.00852353875616116,.0248572207982983,.456288277389439,stata_areg_centered_student_vce_unadjusted,1456,757999
2111,All,log_program_income_full_clp_m1,-.00480581426696735,-.111797731631463,.0230819171674834,.395244553207502,stata_areg_centered_student_vce_unadjusted,463,757999
2123,All,log_program_income_full_clp_m1,.165916480649686,.0589245632851901,.023926822224627,.480377802363848,stata_areg_centered_student_vce_unadjusted,473,757999
2124,All,log_program_income_full_clp_m1,-.0510009589245311,-.157992876289027,.0397548040895649,.36776482129384,stata_areg_centered_student_vce_unadjusted,167,757999
2134,All,log_program_income_full_clp_m1,.0476225971662559,-.0593693201982398,.0264597801348906,.394645504049996,stata_areg_centered_student_vce_unadjusted,330,757999
2138,All,log_program_income_full_clp_m1,.0427026017955174,-.0642893155689784,.441169467754736,.,stata_areg_centered_student_vce_unadjusted,1,757999
2150,All,log_program_income_full_clp_m1,.187348570281837,.0803566529173417,.0663440454998027,.446887506779298,stata_areg_centered_student_vce_unadjusted,149,757999
2153,All,log_program_income_full_clp_m1,.0158424989840116,-.0911494183804842,.101839617554617,.550634299876101,stata_areg_centered_student_vce_unadjusted,19,757999
2163,All,log_program_income_full_clp_m1,.0162159499806564,-.0907759673838394,.0364701989526612,.417441707909279,stata_areg_centered_student_vce_unadjusted,159,757999
2164,All,log_program_income_full_clp_m1,.0683642933093794,-.0386276240551163,.0346502392745114,.423757095350686,stata_areg_centered_student_vce_unadjusted,242,757999
2165,All,log_program_income_full_clp_m1,-.00727239173939222,-.114264309103888,.0395518839970067,.423295176412842,stata_areg_centered_student_vce_unadjusted,196,757999
2166,All,log_program_income_full_clp_m1,.110745398462338,.00375348109784195,.0281309891479493,.448445836597426,stata_areg_centered_student_vce_unadjusted,409,757999
2167,All,log_program_income_full_clp_m1,.0735793271919259,-.0334125901725699,.0537564357914903,.456000985271922,stata_areg_centered_student_vce_unadjusted,71,757999
2170,All,log_program_income_full_clp_m1,.138019883500872,.0310279661363762,.0494265060204199,.452607477241024,stata_areg_centered_student_vce_unadjusted,161,757999
2171,All,log_program_income_full_clp_m1,.080892306319727,-.0260996110447688,.0494202034365095,.460568090407324,stata_areg_centered_student_vce_unadjusted,110,757999
2183,All,log_program_income_full_clp_m1,.113133646250385,.00614172888588953,.0558054935548634,.471552197719914,stata_areg_centered_student_vce_unadjusted,140,757999
2185,All,log_program_income_full_clp_m1,.0517410156938448,-.055250901670651,.0624298012974637,.4337605027099,stata_areg_centered_student_vce_unadjusted,53,757999
2194,All,log_program_income_full_clp_m1,.467520988950051,.360529071585556,.0719235737830219,.47484666740632,stata_areg_centered_student_vce_unadjusted,290,757999
2198,All,log_program_income_full_clp_m1,.136765874927989,.0297739575634935,.147823296635665,.476906628003722,stata_areg_centered_student_vce_unadjusted,9,757999
2200,All,log_program_income_full_clp_m1,.306823347053532,.199831429689036,.0418713127392863,.484909598912869,stata_areg_centered_student_vce_unadjusted,584,757999
2205,All,log_program_income_full_clp_m1,.0356153219880174,-.0713765953764784,.0338938105064841,.398353449984581,stata_areg_centered_student_vce_unadjusted,230,757999
2206,All,log_program_income_full_clp_m1,.134446183214838,.0274542658503418,.0468729212062752,.448935770419894,stata_areg_centered_student_vce_unadjusted,107,757999
2217,All,log_program_income_full_clp_m1,.0195081374891711,-.0874837798753247,.0642360623219832,.431452145825739,stata_areg_centered_student_vce_unadjusted,159,757999
2218,All,log_program_income_full_clp_m1,.0449672183503016,-.0620246990141941,.0487365021859221,.465884680835462,stata_areg_centered_student_vce_unadjusted,168,757999
2219,All,log_program_income_full_clp_m1,-.0427003787793397,-.149692296143835,.031242034199915,.367775530247286,stata_areg_centered_student_vce_unadjusted,252,757999
2222,All,log_program_income_full_clp_m1,.0915665573476401,-.0154253600168557,.0286541645439086,.427453411473148,stata_areg_centered_student_vce_unadjusted,403,757999
2224,All,log_program_income_full_clp_m1,.0345341930551113,-.0724577243093845,.0484753071035768,.410227245109443,stata_areg_centered_student_vce_unadjusted,123,757999
2233,All,log_program_income_full_clp_m1,.0311216223096926,-.0758702950548032,.0525535121163082,.462293223393349,stata_areg_centered_student_vce_unadjusted,82,757999
2244,All,log_program_income_full_clp_m1,-.118079130185406,-.225071047549902,.0935298313589674,.331309731864015,stata_areg_centered_student_vce_unadjusted,37,757999
2250,All,log_program_income_full_clp_m1,.0370693096865376,-.0699226076779581,.105770263710198,.451278656292668,stata_areg_centered_student_vce_unadjusted,19,757999
2259,All,log_program_income_full_clp_m1,.0850157994223931,-.0219761179421027,.0429636587178339,.41564009383973,stata_areg_centered_student_vce_unadjusted,234,757999
2260,All,log_program_income_full_clp_m1,.133150199713773,.0261582823492767,.0618594867239421,.505639847834826,stata_areg_centered_student_vce_unadjusted,196,757999
2263,All,log_program_income_full_clp_m1,-.0203235740734182,-.127315491437914,.0653799709419486,.452163614695283,stata_areg_centered_student_vce_unadjusted,60,757999
2278,All,log_program_income_full_clp_m1,.0779517325281937,-.0290401848363021,.0337112993420446,.426662975060222,stata_areg_centered_student_vce_unadjusted,590,757999
2280,All,log_program_income_full_clp_m1,.0417431013840491,-.0652488159804467,.0263147712074296,.422733004289246,stata_areg_centered_student_vce_unadjusted,480,757999
2283,All,log_program_income_full_clp_m1,.0277466980554235,-.0792452193090722,.0272537823565653,.417515423802028,stata_areg_centered_student_vce_unadjusted,413,757999
2285,All,log_program_income_full_clp_m1,.0437552914843882,-.0632366258801076,.0608422729394536,.450210795339374,stata_areg_centered_student_vce_unadjusted,63,757999
2297,All,log_program_income_full_clp_m1,-.349225087499514,-.456217004864009,.440119273876114,.,stata_areg_centered_student_vce_unadjusted,1,757999
2308,All,log_program_income_full_clp_m1,.194949155657368,.0879572382928719,.046246318012522,.456354159318086,stata_areg_centered_student_vce_unadjusted,267,757999
2309,All,log_program_income_full_clp_m1,.0117126913988135,-.0952792259656822,.0491648814077079,.42749960146797,stata_areg_centered_student_vce_unadjusted,185,757999
2319,All,log_program_income_full_clp_m1,-.0424420440652254,-.149433961429721,.0383593270922537,.362942777872317,stata_areg_centered_student_vce_unadjusted,240,757999
2326,All,log_program_income_full_clp_m1,.0680826157359702,-.0389093016285255,.0584661175599796,.432851332083998,stata_areg_centered_student_vce_unadjusted,289,757999
2329,All,log_program_income_full_clp_m1,.0834050226313522,-.0235868947331436,.0221768052761971,.433867039384766,stata_areg_centered_student_vce_unadjusted,1019,757999
2330,All,log_program_income_full_clp_m1,-.0885570638403489,-.195548981204845,.436522390146233,.,stata_areg_centered_student_vce_unadjusted,1,757999
2334,All,log_program_income_full_clp_m1,.15071443233394,.0437225149694441,.31260115255494,.0538881952710418,stata_areg_centered_student_vce_unadjusted,2,757999
2339,All,log_program_income_full_clp_m1,.00904159441314645,-.0979503229513493,.0555277152017102,.40597327994685,stata_areg_centered_student_vce_unadjusted,108,757999
2355,All,log_program_income_full_clp_m1,.194939031835248,.0879471144707526,.0487581775853998,.420591851455967,stata_areg_centered_student_vce_unadjusted,302,757999
2356,All,log_program_income_full_clp_m1,.200964803902547,.093972886538051,.0541162159306281,.392438079963247,stata_areg_centered_student_vce_unadjusted,255,757999
2375,All,log_program_income_full_clp_m1,-.0333449524657555,-.140336869830251,.0355164094332127,.390758951343,stata_areg_centered_student_vce_unadjusted,349,757999
2378,All,log_program_income_full_clp_m1,-.0832516366847852,-.190243554049281,.0359389254295241,.387871181830891,stata_areg_centered_student_vce_unadjusted,254,757999
2400,All,log_program_income_full_clp_m1,.251284836461672,.144292919097176,.061561034980492,.432540622697356,stata_areg_centered_student_vce_unadjusted,77,757999
2401,All,log_program_income_full_clp_m1,-.0060845031842197,-.113076420548715,.0342740592065571,.382246657142967,stata_areg_centered_student_vce_unadjusted,218,757999
2406,All,log_program_income_full_clp_m1,-.0525274642163183,-.159519381580814,.0515213671826191,.376909860281123,stata_areg_centered_student_vce_unadjusted,110,757999
2411,All,log_program_income_full_clp_m1,.0172128991094853,-.0897790182550105,.0304418301056502,.408920715186366,stata_areg_centered_student_vce_unadjusted,406,757999
2422,All,log_program_income_full_clp_m1,.040896070546553,-.0660958468179428,.0283635619509563,.434109232136317,stata_areg_centered_student_vce_unadjusted,580,757999
2442,All,log_program_income_full_clp_m1,-.0394962962169951,-.146488213581491,.0233098384839343,.35907369113589,stata_areg_centered_student_vce_unadjusted,506,757999
2443,All,log_program_income_full_clp_m1,-.017868235306228,-.124860152670724,.0214134986360407,.443653432985149,stata_areg_centered_student_vce_unadjusted,682,757999
2444,All,log_program_income_full_clp_m1,.0321049128162597,-.0748870045482361,.0254044231453429,.447643643706496,stata_areg_centered_student_vce_unadjusted,419,757999
2447,All,log_program_income_full_clp_m1,.0473760960051247,-.0596158213593711,.0320118357069962,.442074889084735,stata_areg_centered_student_vce_unadjusted,245,757999
2448,All,log_program_income_full_clp_m1,.0131777583922807,-.0938141589722151,.0290539074821993,.409605544104025,stata_areg_centered_student_vce_unadjusted,285,757999
2453,All,log_program_income_full_clp_m1,.00834205951199521,-.0986498578525006,.0419178677573073,.405971650106486,stata_areg_centered_student_vce_unadjusted,194,757999
2454,All,log_program_income_full_clp_m1,.150895728609331,.0439038112448348,.0260783073586072,.451755334282591,stata_areg_centered_student_vce_unadjusted,732,757999
2455,All,log_program_income_full_clp_m1,.0304295684063913,-.0765623489581045,.0442774016405673,.455250969136565,stata_areg_centered_student_vce_unadjusted,312,757999
2476,All,log_program_income_full_clp_m1,-.102873124510047,-.209865041874543,.262821068626359,.231178138234717,stata_areg_centered_student_vce_unadjusted,3,757999
2482,All,log_program_income_full_clp_m1,.155327500056626,.0483355826921299,.0410009035569346,.510403053334876,stata_areg_centered_student_vce_unadjusted,373,757999
2485,All,log_program_income_full_clp_m1,-.0354575408449427,-.142449458209438,.0250752604476986,.382725918840035,stata_areg_centered_student_vce_unadjusted,393,757999
2486,All,log_program_income_full_clp_m1,.0112509828000945,-.0957409345644012,.0279755249606532,.440446198810532,stata_areg_centered_student_vce_unadjusted,645,757999
2488,All,log_program_income_full_clp_m1,-.0901143017338057,-.197106219098301,.17967930523824,.183858745660942,stata_areg_centered_student_vce_unadjusted,6,757999
2492,All,log_program_income_full_clp_m1,.257768963140159,.150777045775663,.221237924221346,.353042522937701,stata_areg_centered_student_vce_unadjusted,4,757999
2507,All,log_program_income_full_clp_m1,-.205019042749028,-.312010960113524,.168790554843336,.226919386986134,stata_areg_centered_student_vce_unadjusted,7,757999
2514,All,log_program_income_full_clp_m1,-.12021921785845,-.227211135222945,.0404121635931225,.401451336157379,stata_areg_centered_student_vce_unadjusted,192,757999
2518,All,log_program_income_full_clp_m1,-.067860340910952,-.174852258275448,.0700648159824684,.385680562984764,stata_areg_centered_student_vce_unadjusted,49,757999
2523,All,log_program_income_full_clp_m1,-.0855796859668612,-.192571603331357,.44166735325309,.,stata_areg_centered_student_vce_unadjusted,1,757999
2530,All,log_program_income_full_clp_m1,.0354968843350377,-.071495033029458,.0326473278922124,.418489888934967,stata_areg_centered_student_vce_unadjusted,306,757999
2551,All,log_program_income_full_clp_m1,.0641509163576192,-.0428410010068766,.0260738587877588,.424733146675888,stata_areg_centered_student_vce_unadjusted,494,757999
2552,All,log_program_income_full_clp_m1,-.000661450170354551,-.10765336753485,.0217565760589998,.414733358099651,stata_areg_centered_student_vce_unadjusted,950,757999
2554,All,log_program_income_full_clp_m1,-.100355939472882,-.207347856837377,.43869736911383,.,stata_areg_centered_student_vce_unadjusted,1,757999
2579,All,log_program_income_full_clp_m1,.11386753107794,.00687561371344381,.0433363888020251,.419202146549393,stata_areg_centered_student_vce_unadjusted,448,757999
2580,All,log_program_income_full_clp_m1,.0645302872996148,-.0424616300648809,.0512159386297195,.416360619968097,stata_areg_centered_student_vce_unadjusted,319,757999
2583,All,log_program_income_full_clp_m1,-.0470155065502623,-.154007423914758,.0452758592272893,.411400267327592,stata_areg_centered_student_vce_unadjusted,253,757999
2611,All,log_program_income_full_clp_m1,.00682366282173124,-.100168254542765,.157840590195308,.27375286359012,stata_areg_centered_student_vce_unadjusted,8,757999
2612,All,log_program_income_full_clp_m1,.0848660602861836,-.0221258570783121,.0531563274768504,.403480706201538,stata_areg_centered_student_vce_unadjusted,124,757999
2625,All,log_program_income_full_clp_m1,.0212730783113432,-.0857188390531526,.0361187966365381,.403916646123061,stata_areg_centered_student_vce_unadjusted,295,757999
2635,All,log_program_income_full_clp_m1,-.0599355975533271,-.166927514917823,.0373024163388689,.438261575405571,stata_areg_centered_student_vce_unadjusted,473,757999
2656,All,log_program_income_full_clp_m1,-.0120224951543254,-.119014412518821,.0787938638716436,.461926932810866,stata_areg_centered_student_vce_unadjusted,144,757999
2657,All,log_program_income_full_clp_m1,.0494491047316446,-.0575428126328512,.0476766364771064,.457656012866069,stata_areg_centered_student_vce_unadjusted,213,757999
2660,All,log_program_income_full_clp_m1,.0709539323701638,-.0360379849943319,.200718317557499,.430788647267788,stata_areg_centered_student_vce_unadjusted,5,757999
2681,All,log_program_income_full_clp_m1,.0114749012418096,-.0955170161226862,.0410284604203518,.434080947857651,stata_areg_centered_student_vce_unadjusted,245,757999
2694,All,log_program_income_full_clp_m1,-.136085803499455,-.243077720863951,.43901398752264,.,stata_areg_centered_student_vce_unadjusted,1,757999
2701,All,log_program_income_full_clp_m1,-.0700617359944696,-.177053653358965,.0442327590783915,.398401096648788,stata_areg_centered_student_vce_unadjusted,138,757999
2732,All,log_program_income_full_clp_m1,.0315685221908955,-.0754233951736003,.0484862134362508,.422269855644501,stata_areg_centered_student_vce_unadjusted,87,757999
2733,All,log_program_income_full_clp_m1,-.0391163246150614,-.146108241979557,.0279835832983571,.424755239879247,stata_areg_centered_student_vce_unadjusted,305,757999
2737,All,log_program_income_full_clp_m1,.0546649975413689,-.0523269198231269,.103006669263108,.475533363425608,stata_areg_centered_student_vce_unadjusted,28,757999
2749,All,log_program_income_full_clp_m1,-.107055867173015,-.214047784537511,.439988176061394,.,stata_areg_centered_student_vce_unadjusted,1,757999
2751,All,log_program_income_full_clp_m1,-.0988779851100652,-.205869902474561,.0989165671596604,.322122827675101,stata_areg_centered_student_vce_unadjusted,20,757999
2753,All,log_program_income_full_clp_m1,-.0601951677099203,-.167187085074416,.147475213519064,.357991786839879,stata_areg_centered_student_vce_unadjusted,9,757999
2782,All,log_program_income_full_clp_m1,.0783410996639011,-.0286508177005947,.0488282330666565,.436258431038588,stata_areg_centered_student_vce_unadjusted,464,757999
2785,All,log_program_income_full_clp_m1,.0951528581604191,-.0118390592040767,.0693789438841911,.449696115287952,stata_areg_centered_student_vce_unadjusted,123,757999
2786,All,log_program_income_full_clp_m1,.236976808384133,.129984891019637,.0388108135945097,.471926036987963,stata_areg_centered_student_vce_unadjusted,379,757999
2787,All,log_program_income_full_clp_m1,.136616701657813,.0296247842933172,.0512190570780813,.462605478997601,stata_areg_centered_student_vce_unadjusted,219,757999
2789,All,log_program_income_full_clp_m1,.391811757647708,.284819840283212,.11023027457295,.457297118563343,stata_areg_centered_student_vce_unadjusted,152,757999
2790,All,log_program_income_full_clp_m1,.366913857286499,.259921939922003,.126206835003895,.498028098811882,stata_areg_centered_student_vce_unadjusted,68,757999
2793,All,log_program_income_full_clp_m1,-.0353252670136515,-.142317184378147,.0198108298356726,.424561881333899,stata_areg_centered_student_vce_unadjusted,904,757999
2794,All,log_program_income_full_clp_m1,-.0456136615378639,-.15260557890236,.0332485424437312,.384779069686981,stata_areg_centered_student_vce_unadjusted,273,757999
2817,All,log_program_income_full_clp_m1,-.502124408925435,-.60911632628993,.437800584736468,.,stata_areg_centered_student_vce_unadjusted,1,757999
2833,All,log_program_income_full_clp_m1,.0583392167405943,-.0486527006239015,.167954177135492,.457786932290234,stata_areg_centered_student_vce_unadjusted,7,757999
2835,All,log_program_income_full_clp_m1,-.0644805896027641,-.17147250696726,.029113325679117,.377446140412894,stata_areg_centered_student_vce_unadjusted,372,757999
2836,All,log_program_income_full_clp_m1,-.0562768610424108,-.163268778406907,.0365415607280267,.360676018535501,stata_areg_centered_student_vce_unadjusted,201,757999
2863,All,log_program_income_full_clp_m1,.115591564906215,.00859964754171888,.053770821287758,.413061185204251,stata_areg_centered_student_vce_unadjusted,158,757999
2865,All,log_program_income_full_clp_m1,-.0771451707000141,-.18413708806451,.0303340049772291,.369131983737775,stata_areg_centered_student_vce_unadjusted,279,757999
2882,All,log_program_income_full_clp_m1,.193464131482893,.0864722141183974,.0459252709716599,.411031497809639,stata_areg_centered_student_vce_unadjusted,374,757999
2896,All,log_program_income_full_clp_m1,.123086762103028,.0160948447385322,.0556779680648222,.421696810352241,stata_areg_centered_student_vce_unadjusted,202,757999
2908,All,log_program_income_full_clp_m1,-.00560214580845989,-.112594063172956,.078820751005935,.456298051321501,stata_areg_centered_student_vce_unadjusted,46,757999
2909,All,log_program_income_full_clp_m1,.297565678081598,.190573760717102,.099864097771251,.348100455123678,stata_areg_centered_student_vce_unadjusted,50,757999
2910,All,log_program_income_full_clp_m1,.19428730790129,.0872953905367937,.118446385262899,.42253991741144,stata_areg_centered_student_vce_unadjusted,68,757999
2930,All,log_program_income_full_clp_m1,-.0186124876117433,-.125604404976239,.0400468436408679,.408036058717606,stata_areg_centered_student_vce_unadjusted,157,757999
2934,All,log_program_income_full_clp_m1,-.00929571752033959,-.116287634884835,.0199437977760616,.353470248043737,stata_areg_centered_student_vce_unadjusted,789,757999
2935,All,log_program_income_full_clp_m1,.0672164643955036,-.0397754529689921,.0180082921245152,.410200275909518,stata_areg_centered_student_vce_unadjusted,1135,757999
2937,All,log_program_income_full_clp_m1,.0454250771805587,-.0615668401839371,.0236451263158695,.439741365486953,stata_areg_centered_student_vce_unadjusted,471,757999
2938,All,log_program_income_full_clp_m1,.0226956930373116,-.0842962243271842,.0184107439547031,.411232384970766,stata_areg_centered_student_vce_unadjusted,976,757999
2939,All,log_program_income_full_clp_m1,.0445229365191273,-.0624689808453685,.0349008105449326,.437574657862827,stata_areg_centered_student_vce_unadjusted,174,757999
2940,All,log_program_income_full_clp_m1,.0938972427135677,-.013094674650928,.0601762415995311,.452820019769772,stata_areg_centered_student_vce_unadjusted,61,757999
2943,All,log_program_income_full_clp_m1,-.00177511177851699,-.108767029143013,.0662864622484447,.33873221964043,stata_areg_centered_student_vce_unadjusted,47,757999
2947,All,log_program_income_full_clp_m1,-.200052566634451,-.307044483998947,.31146116244289,.144909934776432,stata_areg_centered_student_vce_unadjusted,2,757999
2959,All,log_program_income_full_clp_m1,.172831581059179,.0658396636946828,.437188562502964,.,stata_areg_centered_student_vce_unadjusted,1,757999
2961,All,log_program_income_full_clp_m1,-.16586281046107,-.272854727825566,.180216239409918,.0409169237274589,stata_areg_centered_student_vce_unadjusted,6,757999
2973,All,log_program_income_full_clp_m1,.147305173948437,.0403132565839411,.017348085328973,.423000545939534,stata_areg_centered_student_vce_unadjusted,1622,757999
2974,All,log_program_income_full_clp_m1,.022065125627875,-.0849267917366208,.0883497549219565,.398861383404392,stata_areg_centered_student_vce_unadjusted,25,757999
2979,All,log_program_income_full_clp_m1,.0400913450594273,-.0669005723050685,.0604921647107926,.357831814717581,stata_areg_centered_student_vce_unadjusted,69,757999
2991,All,log_program_income_full_clp_m1,.0983499243523818,-.00864199301211394,.0528673337861124,.411379713342695,stata_areg_centered_student_vce_unadjusted,278,757999
2992,All,log_program_income_full_clp_m1,.141907844624875,.0349159272603796,.0366213364543822,.430545012015031,stata_areg_centered_student_vce_unadjusted,387,757999
2995,All,log_program_income_full_clp_m1,.0666618806194183,-.0403300367450774,.0441187205442232,.40971495658383,stata_areg_centered_student_vce_unadjusted,457,757999
2997,All,log_program_income_full_clp_m1,-.00727952818354072,-.114271445548036,.0416851716864966,.402164980556516,stata_areg_centered_student_vce_unadjusted,127,757999
3003,All,log_program_income_full_clp_m1,-.0353455077052835,-.142337425069779,.0449354804849941,.307692980452091,stata_areg_centered_student_vce_unadjusted,111,757999
3005,All,log_program_income_full_clp_m1,.12428978864436,.0172978712798638,.0323209568376846,.401375737021512,stata_areg_centered_student_vce_unadjusted,321,757999
3006,All,log_program_income_full_clp_m1,.124764329363533,.0177724119990373,.0196669169919065,.459731133156288,stata_areg_centered_student_vce_unadjusted,1064,757999
3010,All,log_program_income_full_clp_m1,.137724211725089,.0307322943605935,.0669557368425466,.393013548395726,stata_areg_centered_student_vce_unadjusted,55,757999
3012,All,log_program_income_full_clp_m1,.148928282460765,.0419363650962688,.0466887791084999,.437100371141036,stata_areg_centered_student_vce_unadjusted,255,757999
3013,All,log_program_income_full_clp_m1,.0638401524443391,-.0431517649201566,.0300718330680363,.427042005045873,stata_areg_centered_student_vce_unadjusted,362,757999
3014,All,log_program_income_full_clp_m1,.36890561573101,.261913698366515,.0598411068436208,.402826893829145,stata_areg_centered_student_vce_unadjusted,316,757999
3015,All,log_program_income_full_clp_m1,.405701434458166,.29870951709367,.0534872601670294,.510800307523996,stata_areg_centered_student_vce_unadjusted,237,757999
3016,All,log_program_income_full_clp_m1,-.0526755878589326,-.159667505223428,.0425370783506568,.383288124587826,stata_areg_centered_student_vce_unadjusted,147,757999
3017,All,log_program_income_full_clp_m1,-.0950411457951793,-.202033063159675,.437001851350601,.,stata_areg_centered_student_vce_unadjusted,1,757999
3033,All,log_program_income_full_clp_m1,-.112156811873668,-.219148729238164,.0488552228383348,.390636686178636,stata_areg_centered_student_vce_unadjusted,175,757999
3055,All,log_program_income_full_clp_m1,-.00451274011357852,-.111504657478074,.0272865029093394,.39343591638846,stata_areg_centered_student_vce_unadjusted,400,757999
3059,All,log_program_income_full_clp_m1,.106016530320484,-.000975387044011289,.052638282669018,.410413123806025,stata_areg_centered_student_vce_unadjusted,82,757999
3108,All,log_program_income_full_clp_m1,-.0128651769908846,-.11985709435538,.0630866305374108,.421278428427532,stata_areg_centered_student_vce_unadjusted,167,757999
3110,All,log_program_income_full_clp_m1,.0792227113954605,-.0277692059690353,.0628101599074462,.388308536645951,stata_areg_centered_student_vce_unadjusted,61,757999
3126,All,log_program_income_full_clp_m1,-.0139858047223084,-.120977722086804,.035183681436635,.334736078012722,stata_areg_centered_student_vce_unadjusted,182,757999
3127,All,log_program_income_full_clp_m1,-.0849251940930335,-.191917111457529,.0259598182970671,.378885464186724,stata_areg_centered_student_vce_unadjusted,313,757999
3128,All,log_program_income_full_clp_m1,.0104271123466587,-.0965648050178371,.059731328868482,.436283008277367,stata_areg_centered_student_vce_unadjusted,118,757999
3138,All,log_program_income_full_clp_m1,-.0700542352327905,-.177046152597286,.0684205262943671,.377329943141825,stata_areg_centered_student_vce_unadjusted,51,757999
3163,All,log_program_income_full_clp_m1,-.0371206177109191,-.144112535075415,.0340541441508534,.430749805409748,stata_areg_centered_student_vce_unadjusted,529,757999
3165,All,log_program_income_full_clp_m1,.0386600924817758,-.06833182488272,.0351715760117262,.404660403304468,stata_areg_centered_student_vce_unadjusted,461,757999
3172,All,log_program_income_full_clp_m1,-.0723057884787957,-.179297705843291,.0559528615817336,.377836818992108,stata_areg_centered_student_vce_unadjusted,127,757999
3173,All,log_program_income_full_clp_m1,-.0323414525640886,-.139333369928584,.0535570773242216,.365200385230188,stata_areg_centered_student_vce_unadjusted,131,757999
3202,All,log_program_income_full_clp_m1,.178696747054653,.071704829690157,.0417855149456828,.439097766614567,stata_areg_centered_student_vce_unadjusted,381,757999
3204,All,log_program_income_full_clp_m1,.439447934930508,.332456017566012,.120935053513249,.451402682207066,stata_areg_centered_student_vce_unadjusted,100,757999
3205,All,log_program_income_full_clp_m1,-.000348739738292969,-.107340657102789,.0620272060855118,.456395423693758,stata_areg_centered_student_vce_unadjusted,217,757999
3209,All,log_program_income_full_clp_m1,-.069646245722646,-.176638163087142,.196580894445653,.233233705225841,stata_areg_centered_student_vce_unadjusted,5,757999
3247,All,log_program_income_full_clp_m1,.127687107503407,.0206951901389115,.0207891390711645,.447188343426398,stata_areg_centered_student_vce_unadjusted,1109,757999
3248,All,log_program_income_full_clp_m1,.0804604824495892,-.0265314349149066,.0196667431569477,.41117301770571,stata_areg_centered_student_vce_unadjusted,1094,757999
3252,All,log_program_income_full_clp_m1,.0922301030772341,-.0147618142872617,.022011410748875,.363962144328613,stata_areg_centered_student_vce_unadjusted,737,757999
3258,All,log_program_income_full_clp_m1,-.231024979895335,-.338016897259831,.311382690228388,.0503294258782124,stata_areg_centered_student_vce_unadjusted,2,757999
3267,All,log_program_income_full_clp_m1,-.0937905609528432,-.200782478317339,.312717899524996,.114144949577149,stata_areg_centered_student_vce_unadjusted,2,757999
3268,All,log_program_income_full_clp_m1,-.0692790206066539,-.17627093797115,.220696818850667,.190319067205772,stata_areg_centered_student_vce_unadjusted,4,757999
3269,All,log_program_income_full_clp_m1,-.489721768975281,-.596713686339777,.452855204261429,.,stata_areg_centered_student_vce_unadjusted,1,757999
3290,All,log_program_income_full_clp_m1,.104927401537842,-.00206451582665411,.0251462964412059,.406435103283121,stata_areg_centered_student_vce_unadjusted,533,757999
3291,All,log_program_income_full_clp_m1,.076083652832301,-.0309082645321947,.198158289090269,.122686666742619,stata_areg_centered_student_vce_unadjusted,5,757999
3296,All,log_program_income_full_clp_m1,.0258024126387418,-.081189504725754,.0241537713999658,.408412941494251,stata_areg_centered_student_vce_unadjusted,731,757999
3298,All,log_program_income_full_clp_m1,.259782503589657,.152790586225161,.0587812482740729,.483577613376156,stata_areg_centered_student_vce_unadjusted,322,757999
3300,All,log_program_income_full_clp_m1,.163845528352811,.0568536109883154,.069438389753369,.461652229030918,stata_areg_centered_student_vce_unadjusted,340,757999
3302,All,log_program_income_full_clp_m1,.0504442183440077,-.0565476990204881,.0447940930487239,.399022063451448,stata_areg_centered_student_vce_unadjusted,200,757999
3303,All,log_program_income_full_clp_m1,.0496037867109924,-.0573881306535034,.0445316269762296,.421106627904963,stata_areg_centered_student_vce_unadjusted,247,757999
3304,All,log_program_income_full_clp_m1,.165030603675051,.0580386863105547,.0518172500122448,.451213983449891,stata_areg_centered_student_vce_unadjusted,200,757999
3305,All,log_program_income_full_clp_m1,.0249112983664651,-.0820806189980306,.0257680802991305,.383045063166913,stata_areg_centered_student_vce_unadjusted,412,757999
3308,All,log_program_income_full_clp_m1,.107671012544769,.000679095180273523,.0685922895616585,.490347359993784,stata_areg_centered_student_vce_unadjusted,127,757999
3311,All,log_program_income_full_clp_m1,.107963935755448,.000972018390952636,.0531181056794197,.411202314879345,stata_areg_centered_student_vce_unadjusted,160,757999
3313,All,log_program_income_full_clp_m1,.0148118384642247,-.092180078900271,.0514751199606503,.379853474326955,stata_areg_centered_student_vce_unadjusted,114,757999
3317,All,log_program_income_full_clp_m1,.0976569483602204,-.00933496900427536,.0743503845795349,.35213411032184,stata_areg_centered_student_vce_unadjusted,45,757999
3327,All,log_program_income_full_clp_m1,-.017656742855672,-.124648660220168,.0355819311608323,.384144579309168,stata_areg_centered_student_vce_unadjusted,179,757999
3328,All,log_program_income_full_clp_m1,.0114304991300644,-.0955614182344314,.0295444640601303,.3914404211948,stata_areg_centered_student_vce_unadjusted,439,757999
3348,All,log_program_income_full_clp_m1,.0060993841024021,-.100892533262094,.0305240189335579,.362434813847238,stata_areg_centered_student_vce_unadjusted,354,757999
3359,All,log_program_income_full_clp_m1,.0261018873301863,-.0808900300343094,.0854463434319515,.43082283936182,stata_areg_centered_student_vce_unadjusted,44,757999
3362,All,log_program_income_full_clp_m1,.0599949016390181,-.0469970157254777,.197419420577553,.269015569145265,stata_areg_centered_student_vce_unadjusted,5,757999
3367,All,log_program_income_full_clp_m1,.403786132602231,.296794215237736,.254038409658984,.512902850928499,stata_areg_centered_student_vce_unadjusted,3,757999
3387,All,log_program_income_full_clp_m1,-.00917697086644055,-.116168888230936,.030749622303224,.4138198713853,stata_areg_centered_student_vce_unadjusted,442,757999
3393,All,log_program_income_full_clp_m1,-.323896246075227,-.430888163439723,.440038001707392,.,stata_areg_centered_student_vce_unadjusted,1,757999
3396,All,log_program_income_full_clp_m1,-.144010611251712,-.251002528616207,.0645930513501331,.296710982070986,stata_areg_centered_student_vce_unadjusted,50,757999
3400,All,log_program_income_full_clp_m1,-.10391458412087,-.210906501485366,.0634538667213314,.385490632701522,stata_areg_centered_student_vce_unadjusted,77,757999
3430,All,log_program_income_full_clp_m1,.140846113883597,.0338541965191012,.0667467099155063,.447945344958617,stata_areg_centered_student_vce_unadjusted,145,757999
3431,All,log_program_income_full_clp_m1,.200451305958471,.0934593885939749,.0481245815623266,.439064642656525,stata_areg_centered_student_vce_unadjusted,317,757999
3432,All,log_program_income_full_clp_m1,.0805624218276479,-.0264294955368479,.051065229176372,.429701090252824,stata_areg_centered_student_vce_unadjusted,359,757999
3433,All,log_program_income_full_clp_m1,.364636065749741,.257644148385245,.0567677415004067,.436269594157705,stata_areg_centered_student_vce_unadjusted,177,757999
3434,All,log_program_income_full_clp_m1,-.0223881725723323,-.129380089936828,.0284200451330294,.39483627976302,stata_areg_centered_student_vce_unadjusted,592,757999
3442,All,log_program_income_full_clp_m1,-.077799082858752,-.184791000223248,.0778365052567377,.372652994040949,stata_areg_centered_student_vce_unadjusted,45,757999
3443,All,log_program_income_full_clp_m1,-.0508560070625279,-.157847924427024,.0737262789004749,.390976399903444,stata_areg_centered_student_vce_unadjusted,79,757999
3448,All,log_program_income_full_clp_m1,-.272041408760034,-.379033326124529,.445566332079657,.,stata_areg_centered_student_vce_unadjusted,1,757999
3460,All,log_program_income_full_clp_m1,.105138562498506,-.00185335486598941,.0465717348221143,.418443246067647,stata_areg_centered_student_vce_unadjusted,206,757999
3461,All,log_program_income_full_clp_m1,-.0224433080862083,-.129435225450704,.0442913186494212,.389894938557039,stata_areg_centered_student_vce_unadjusted,130,757999
3478,All,log_program_income_full_clp_m1,-.112364393688223,-.219356311052718,.052852784751366,.304250608240091,stata_areg_centered_student_vce_unadjusted,82,757999
3479,All,log_program_income_full_clp_m1,.0576558232158832,-.0493360941486126,.0232100912193019,.410306710930717,stata_areg_centered_student_vce_unadjusted,975,757999
3530,All,log_program_income_full_clp_m1,.22712499491851,.120133077554014,.0462628564049294,.407984738976059,stata_areg_centered_student_vce_unadjusted,236,757999
3531,All,log_program_income_full_clp_m1,.109685439669855,.00269352230535888,.0620898456164149,.459876941836288,stata_areg_centered_student_vce_unadjusted,293,757999
3533,All,log_program_income_full_clp_m1,.0691673373235633,-.0378245800409325,.0472023104520809,.378034124518646,stata_areg_centered_student_vce_unadjusted,308,757999
3535,All,log_program_income_full_clp_m1,-.33500021639039,-.441992133754886,.438698788327445,.,stata_areg_centered_student_vce_unadjusted,1,757999
3538,All,log_program_income_full_clp_m1,.0215379424218815,-.0854539749426142,.0382582223336326,.380335909831338,stata_areg_centered_student_vce_unadjusted,336,757999
3539,All,log_program_income_full_clp_m1,.0723433805033068,-.034648536861189,.0320984781157983,.402201772939554,stata_areg_centered_student_vce_unadjusted,624,757999
3540,All,log_program_income_full_clp_m1,-.00695983968218612,-.113951757046682,.0347742740982423,.370256012990926,stata_areg_centered_student_vce_unadjusted,423,757999
3608,All,log_program_income_full_clp_m1,.182338954250635,.0753470368861396,.0585475112061522,.455070578358041,stata_areg_centered_student_vce_unadjusted,269,757999
3609,All,log_program_income_full_clp_m1,-.0158592114430082,-.122851128807504,.0437991068305483,.413286816735964,stata_areg_centered_student_vce_unadjusted,314,757999
3618,All,log_program_income_full_clp_m1,-.0728549744057899,-.179846891770286,.0527271587075788,.381867655838728,stata_areg_centered_student_vce_unadjusted,177,757999
3638,All,log_program_income_full_clp_m1,.108144740707715,.00115282334321962,.021519274500805,.420027322792531,stata_areg_centered_student_vce_unadjusted,648,757999
3639,All,log_program_income_full_clp_m1,.0671590231291383,-.0398328942353575,.036081270206117,.422615743143949,stata_areg_centered_student_vce_unadjusted,183,757999
3640,All,log_program_income_full_clp_m1,.0613967762478889,-.0455951411166068,.0207255838813255,.406740502578434,stata_areg_centered_student_vce_unadjusted,674,757999
3641,All,log_program_income_full_clp_m1,.148213462439912,.0412215450754162,.0240743311391919,.453372239776255,stata_areg_centered_student_vce_unadjusted,444,757999
3642,All,log_program_income_full_clp_m1,.0245553643275924,-.0824365530369034,.0267323567929033,.305989135264425,stata_areg_centered_student_vce_unadjusted,340,757999
3643,All,log_program_income_full_clp_m1,.109180523657847,.00218860629335153,.0691758454664871,.396518343992352,stata_areg_centered_student_vce_unadjusted,43,757999
3645,All,log_program_income_full_clp_m1,-.0536790133138291,-.160670930678325,.114027425040552,.411585289953198,stata_areg_centered_student_vce_unadjusted,15,757999
3656,All,log_program_income_full_clp_m1,.0977111697229896,-.00928074764150617,.0547483731416481,.37058007930397,stata_areg_centered_student_vce_unadjusted,114,757999
3657,All,log_program_income_full_clp_m1,.0919778900757376,-.0150140272887582,.0603182687725278,.468157902838097,stata_areg_centered_student_vce_unadjusted,72,757999
3662,All,log_program_income_full_clp_m1,.0144099214278509,-.0925819959366449,.0512984496836777,.386560271191721,stata_areg_centered_student_vce_unadjusted,119,757999
3686,All,log_program_income_full_clp_m1,-.238180296595595,-.34517221396009,.438064232976984,.,stata_areg_centered_student_vce_unadjusted,1,757999
3711,All,log_program_income_full_clp_m1,.15940093985391,.0524090224894138,.0348653173475865,.428708295840463,stata_areg_centered_student_vce_unadjusted,261,757999
3713,All,log_program_income_full_clp_m1,.134945694281282,.0279537769167858,.0392248285435728,.470715354257102,stata_areg_centered_student_vce_unadjusted,615,757999
3718,All,log_program_income_full_clp_m1,.222312756630116,.11532083926562,.047970194288618,.438059940997449,stata_areg_centered_student_vce_unadjusted,428,757999
3719,All,log_program_income_full_clp_m1,-.0136056007508373,-.120597518115333,.0474955864282353,.379587321575128,stata_areg_centered_student_vce_unadjusted,164,757999
3720,All,log_program_income_full_clp_m1,.343347907579958,.236355990215462,.157880315860584,.427860041170402,stata_areg_centered_student_vce_unadjusted,119,757999
3723,All,log_program_income_full_clp_m1,.0693196173228056,-.0376723000416902,.0429614800192468,.403115007096336,stata_areg_centered_student_vce_unadjusted,184,757999
3724,All,log_program_income_full_clp_m1,.121620901137894,.0146289837733978,.0482243828938371,.444545144890376,stata_areg_centered_student_vce_unadjusted,316,757999
3728,All,log_program_income_full_clp_m1,.140005996728229,.0330140793637331,.0547492521509687,.428301940784028,stata_areg_centered_student_vce_unadjusted,163,757999
3730,All,log_program_income_full_clp_m1,.0682607757958644,-.0387311415686313,.0552232742699681,.425091012460719,stata_areg_centered_student_vce_unadjusted,134,757999
3733,All,log_program_income_full_clp_m1,.0352490380010568,-.071742879363439,.061428585261931,.448192992320196,stata_areg_centered_student_vce_unadjusted,69,757999
3734,All,log_program_income_full_clp_m1,-.013112367867498,-.120104285231994,.0933182229192213,.457123097988317,stata_areg_centered_student_vce_unadjusted,23,757999
3735,All,log_program_income_full_clp_m1,.123272745692388,.0162808283278918,.0284926950712836,.420361011902721,stata_areg_centered_student_vce_unadjusted,367,757999
3739,All,log_program_income_full_clp_m1,-.0202693150788169,-.127261232443313,.0316996376438845,.371282672580131,stata_areg_centered_student_vce_unadjusted,222,757999
3740,All,log_program_income_full_clp_m1,.147186726126054,.0401948087615583,.180355115824323,.416272103255503,stata_areg_centered_student_vce_unadjusted,6,757999
3741,All,log_program_income_full_clp_m1,.0215121721239461,-.0854797452405496,.129307481864411,.378038353194076,stata_areg_centered_student_vce_unadjusted,12,757999
3742,All,log_program_income_full_clp_m1,-.00489162008379143,-.111883537448287,.0298069764386524,.427591031428453,stata_areg_centered_student_vce_unadjusted,522,757999
3743,All,log_program_income_full_clp_m1,.13638346738697,.0293915500224746,.0480731232804286,.422158178940418,stata_areg_centered_student_vce_unadjusted,203,757999
3759,All,log_program_income_full_clp_m1,.0521226431393923,-.0548692742251035,.441876908579642,.,stata_areg_centered_student_vce_unadjusted,1,757999
3760,All,log_program_income_full_clp_m1,-.116220087841531,-.223212005206026,.442528767367806,.,stata_areg_centered_student_vce_unadjusted,1,757999
3795,All,log_program_income_full_clp_m1,.0311413541978323,-.0758505631666635,.0573766898052137,.46277959539749,stata_areg_centered_student_vce_unadjusted,246,757999
3796,All,log_program_income_full_clp_m1,.0742116079418825,-.0327803094226132,.0361014349611858,.404580627546382,stata_areg_centered_student_vce_unadjusted,438,757999
3797,All,log_program_income_full_clp_m1,.10088370996129,-.00610820740320558,.0363879063723633,.408450779458262,stata_areg_centered_student_vce_unadjusted,430,757999
3800,All,log_program_income_full_clp_m1,-.200548918698904,-.3075408360634,.0788607769249998,.424658221997218,stata_areg_centered_student_vce_unadjusted,40,757999
3802,All,log_program_income_full_clp_m1,-.082693293485281,-.189685210849777,.0521474685073721,.390412977225961,stata_areg_centered_student_vce_unadjusted,176,757999
3823,All,log_program_income_full_clp_m1,.0493544982081491,-.0576374191563466,.057516190533699,.37825452175642,stata_areg_centered_student_vce_unadjusted,168,757999
3865,All,log_program_income_full_clp_m1,.0830247756270381,-.0239671417374577,.0245082345731171,.421248430761198,stata_areg_centered_student_vce_unadjusted,573,757999
3871,All,log_program_income_full_clp_m1,.0413442461883185,-.0656476711761773,.0410156947542712,.399653171149565,stata_areg_centered_student_vce_unadjusted,269,757999
3885,All,log_program_income_full_clp_m1,.113509912546487,.00651799518199112,.0487134684846812,.38824869781183,stata_areg_centered_student_vce_unadjusted,226,757999
3886,All,log_program_income_full_clp_m1,.151148497028592,.0441565796640962,.056878309391493,.37512463503664,stata_areg_centered_student_vce_unadjusted,121,757999
3887,All,log_program_income_full_clp_m1,-.010934986572317,-.117926903936813,.0705262680701906,.379318976281675,stata_areg_centered_student_vce_unadjusted,140,757999
3888,All,log_program_income_full_clp_m1,-.0314602663386272,-.138452183703123,.0765088134997996,.317384531698345,stata_areg_centered_student_vce_unadjusted,61,757999
3899,All,log_program_income_full_clp_m1,-.339430754732764,-.44642267209726,.317945585066218,.0710350121374356,stata_areg_centered_student_vce_unadjusted,2,757999
3907,All,log_program_income_full_clp_m1,.0692688832257886,-.0377230341387072,.048884143243289,.379194706365161,stata_areg_centered_student_vce_unadjusted,197,757999
3909,All,log_program_income_full_clp_m1,.0803229346564615,-.0266689827080342,.0378986155119625,.392498617223915,stata_areg_centered_student_vce_unadjusted,612,757999
3940,All,log_program_income_full_clp_m1,.0291605275625991,-.0778313898018967,.0371731336257123,.419423051577553,stata_areg_centered_student_vce_unadjusted,341,757999
3941,All,log_program_income_full_clp_m1,-.0123001454713766,-.119292062835872,.0528489832791731,.422404682925462,stata_areg_centered_student_vce_unadjusted,114,757999
3960,All,log_program_income_full_clp_m1,.204413174776404,.0974212574119085,.0762501953888676,.407805234362062,stata_areg_centered_student_vce_unadjusted,154,757999
3961,All,log_program_income_full_clp_m1,.0405896317730932,-.0664022855914026,.0634593245505536,.415836470869197,stata_areg_centered_student_vce_unadjusted,178,757999
3976,All,log_program_income_full_clp_m1,.0378056112021854,-.0691863061623104,.0371771018578363,.398483234510344,stata_areg_centered_student_vce_unadjusted,308,757999
3977,All,log_program_income_full_clp_m1,.0323900286906611,-.0746018886738346,.0453416281054031,.427482514343398,stata_areg_centered_student_vce_unadjusted,184,757999
3998,All,log_program_income_full_clp_m1,-.0638869541881563,-.170878871552652,.0386556242756613,.389395771734696,stata_areg_centered_student_vce_unadjusted,241,757999
4000,All,log_program_income_full_clp_m1,-.112614418471203,-.219606335835699,.462839474058281,.,stata_areg_centered_student_vce_unadjusted,1,757999
4025,All,log_program_income_full_clp_m1,.0518312801003361,-.0551606372641597,.0623071221150362,.408292717577447,stata_areg_centered_student_vce_unadjusted,185,757999
4032,All,log_program_income_full_clp_m1,.043493330285463,-.0634985870790328,.0830751084724329,.384140450338736,stata_areg_centered_student_vce_unadjusted,90,757999
4043,All,log_program_income_full_clp_m1,.00416143468785812,-.102830482676638,.079541960632791,.373871476920486,stata_areg_centered_student_vce_unadjusted,70,757999
4049,All,log_program_income_full_clp_m1,.083199491108014,-.0237924262564818,.0363439561962776,.41933621741549,stata_areg_centered_student_vce_unadjusted,640,757999
4052,All,log_program_income_full_clp_m1,.193910513554842,.0869185961903467,.0722865115299096,.44323329943658,stata_areg_centered_student_vce_unadjusted,57,757999
4084,All,log_program_income_full_clp_m1,.0673606664908154,-.0396312508736804,.0672870978147979,.385770247511659,stata_areg_centered_student_vce_unadjusted,76,757999
4102,All,log_program_income_full_clp_m1,.0825473829322215,-.0244445344322743,.0479467059371352,.398928885866291,stata_areg_centered_student_vce_unadjusted,483,757999
4124,All,log_program_income_full_clp_m1,.055524210126738,-.0514677072377577,.0582812519986191,.355774794104172,stata_areg_centered_student_vce_unadjusted,161,757999
4140,All,log_program_income_full_clp_m1,.125726722905789,.0187348055412927,.0207174542357311,.445106364337475,stata_areg_centered_student_vce_unadjusted,1033,757999
4141,All,log_program_income_full_clp_m1,.157509537517606,.0505176201531099,.0567209635269953,.401220529629384,stata_areg_centered_student_vce_unadjusted,123,757999
4160,All,log_program_income_full_clp_m1,.0365600372628943,-.0704318801016015,.0354370688566024,.395811211386032,stata_areg_centered_student_vce_unadjusted,290,757999
4162,All,log_program_income_full_clp_m1,.0978302911505034,-.00916162621399234,.0189242464820681,.387036083021434,stata_areg_centered_student_vce_unadjusted,1086,757999
4163,All,log_program_income_full_clp_m1,.0968814138872502,-.0101105034772456,.0312572375003262,.403422847976311,stata_areg_centered_student_vce_unadjusted,925,757999
4164,All,log_program_income_full_clp_m1,.0292112482337766,-.0777806691307192,.0210067075141589,.387233615453109,stata_areg_centered_student_vce_unadjusted,869,757999
4165,All,log_program_income_full_clp_m1,.0391938793669552,-.0677980379975406,.0228857577879517,.417440104599759,stata_areg_centered_student_vce_unadjusted,569,757999
4166,All,log_program_income_full_clp_m1,-.0262454667642703,-.133237384128766,.022336753697089,.330855933106376,stata_areg_centered_student_vce_unadjusted,620,757999
4190,All,log_program_income_full_clp_m1,.0989750339439078,-.00801688342058793,.0565438820058312,.359662395316932,stata_areg_centered_student_vce_unadjusted,110,757999
4195,All,log_program_income_full_clp_m1,.0448429655508179,-.0621489518136778,.0600603539723585,.352713112102828,stata_areg_centered_student_vce_unadjusted,76,757999
4205,All,log_program_income_full_clp_m1,-.0852527130281716,-.192244630392667,.437892206558579,.,stata_areg_centered_student_vce_unadjusted,1,757999
4262,All,log_program_income_full_clp_m1,.0714394031356652,-.0355525142288306,.0397729369855892,.38751620715552,stata_areg_centered_student_vce_unadjusted,205,757999
4263,All,log_program_income_full_clp_m1,.116464160205151,.00947224284065487,.0248695545941455,.430417574427616,stata_areg_centered_student_vce_unadjusted,476,757999
4269,All,log_program_income_full_clp_m1,.0941686788844245,-.0128232384800713,.040544380773669,.419107050135662,stata_areg_centered_student_vce_unadjusted,214,757999
4270,All,log_program_income_full_clp_m1,-.00638361101549344,-.113375528379989,.0520574822880217,.375869815134661,stata_areg_centered_student_vce_unadjusted,98,757999
4277,All,log_program_income_full_clp_m1,.125839717948206,.0188478005837102,.0218006420011948,.433701000559608,stata_areg_centered_student_vce_unadjusted,903,757999
4285,All,log_program_income_full_clp_m1,.257365978442633,.150374061078137,.0534489247130515,.443397023220217,stata_areg_centered_student_vce_unadjusted,351,757999
4286,All,log_program_income_full_clp_m1,.11153773191113,.00454581454663433,.07419406284384,.496188951945534,stata_areg_centered_student_vce_unadjusted,173,757999
4287,All,log_program_income_full_clp_m1,.0503542828404798,-.0566376345240159,.0243553814760302,.401651185400926,stata_areg_centered_student_vce_unadjusted,453,757999
4288,All,log_program_income_full_clp_m1,.0127487971098949,-.0942431202546008,.0334076560256743,.402477684674508,stata_areg_centered_student_vce_unadjusted,485,757999
4289,All,log_program_income_full_clp_m1,.0544675903611846,-.0525243270033112,.0347468410118265,.39587703927562,stata_areg_centered_student_vce_unadjusted,484,757999
4292,All,log_program_income_full_clp_m1,.03416614785827,-.0728257695062258,.069463055831757,.466655519505428,stata_areg_centered_student_vce_unadjusted,50,757999
4307,All,log_program_income_full_clp_m1,.113408235266371,.00641631790187559,.0425605371350996,.408265554332648,stata_areg_centered_student_vce_unadjusted,341,757999
4309,All,log_program_income_full_clp_m1,-.0277196060549986,-.134711523419494,.0412197895662608,.408988653377458,stata_areg_centered_student_vce_unadjusted,237,757999
4310,All,log_program_income_full_clp_m1,.101523159129322,-.0054687582351742,.0698903953840595,.444795079190537,stata_areg_centered_student_vce_unadjusted,71,757999
4324,All,log_program_income_full_clp_m1,.0630874753205704,-.0439044420439253,.0627067270229063,.403802038321009,stata_areg_centered_student_vce_unadjusted,146,757999
4331,All,log_program_income_full_clp_m1,-.0154604533077766,-.122452370672272,.0724177774586929,.379210822503759,stata_areg_centered_student_vce_unadjusted,132,757999
4333,All,log_program_income_full_clp_m1,-.0573267793028084,-.164318696667304,.0670526953627526,.352928062407954,stata_areg_centered_student_vce_unadjusted,83,757999
4353,All,log_program_income_full_clp_m1,.0268879844932662,-.0801039328712296,.0372129933444521,.406539717914855,stata_areg_centered_student_vce_unadjusted,265,757999
4382,All,log_program_income_full_clp_m1,.0135713129992604,-.0934206043652354,.0534002925745743,.448889928479805,stata_areg_centered_student_vce_unadjusted,154,757999
4392,All,log_program_income_full_clp_m1,.0490649374682445,-.0579269798962512,.0680542669287218,.378723988132653,stata_areg_centered_student_vce_unadjusted,70,757999
4404,All,log_program_income_full_clp_m1,.114202081034007,.00721016366951154,.0371528829987976,.399197090689182,stata_areg_centered_student_vce_unadjusted,552,757999
4408,All,log_program_income_full_clp_m1,-.00306021858414482,-.110052135948641,.0396221961055627,.357805374876113,stata_areg_centered_student_vce_unadjusted,335,757999
4446,All,log_program_income_full_clp_m1,.0214212906713152,-.0855706266931806,.0445317754338186,.35763029433266,stata_areg_centered_student_vce_unadjusted,235,757999
4451,All,log_program_income_full_clp_m1,.100819197086318,-.00617272027817804,.0365489639119066,.391409918369084,stata_areg_centered_student_vce_unadjusted,729,757999
4483,All,log_program_income_full_clp_m1,.0917038108367753,-.0152881065277205,.0333198974952642,.398048475627997,stata_areg_centered_student_vce_unadjusted,865,757999
4499,All,log_program_income_full_clp_m1,.23132407459217,.124332157227674,.208677902803214,.359356484516826,stata_areg_centered_student_vce_unadjusted,6,757999
4500,All,log_program_income_full_clp_m1,.0580924005605761,-.0488995168039197,.0879161585181319,.353082627125993,stata_areg_centered_student_vce_unadjusted,75,757999
4505,All,log_program_income_full_clp_m1,.0320660940050798,-.074925823359416,.045803772427957,.424996228282312,stata_areg_centered_student_vce_unadjusted,184,757999
4507,All,log_program_income_full_clp_m1,-.0352592823736177,-.142251199738113,.0544925551656971,.447605898945022,stata_areg_centered_student_vce_unadjusted,132,757999
4509,All,log_program_income_full_clp_m1,.0443368128688855,-.0626551044956102,.0859752739443674,.419238949617449,stata_areg_centered_student_vce_unadjusted,54,757999
4530,All,log_program_income_full_clp_m1,.118322187255887,.0113302698913917,.0462865498330973,.418220303505488,stata_areg_centered_student_vce_unadjusted,295,757999
4531,All,log_program_income_full_clp_m1,.0517755793511505,-.0552163380133453,.0294895411797298,.436807508625117,stata_areg_centered_student_vce_unadjusted,384,757999
4533,All,log_program_income_full_clp_m1,-.0340840645047361,-.141075981869232,.0241157517320399,.339908084899551,stata_areg_centered_student_vce_unadjusted,409,757999
4534,All,log_program_income_full_clp_m1,.0950323604039049,-.0119595569605909,.0177299743649001,.451855757717354,stata_areg_centered_student_vce_unadjusted,921,757999
4535,All,log_program_income_full_clp_m1,.0371355368867946,-.0698563804777012,.0252407504658196,.459168345140833,stata_areg_centered_student_vce_unadjusted,371,757999
4536,All,log_program_income_full_clp_m1,.0432282699566017,-.063763647407894,.0340359097876407,.378602116056139,stata_areg_centered_student_vce_unadjusted,183,757999
4544,All,log_program_income_full_clp_m1,-.204100171717012,-.311092089081507,.437672160112862,.,stata_areg_centered_student_vce_unadjusted,1,757999
4553,All,log_program_income_full_clp_m1,.0900686696419254,-.0169232477225704,.0255199947760723,.3892977398444,stata_areg_centered_student_vce_unadjusted,353,757999
4554,All,log_program_income_full_clp_m1,-.0280715930633483,-.135063510427844,.11788974097278,.415497094253709,stata_areg_centered_student_vce_unadjusted,14,757999
4555,All,log_program_income_full_clp_m1,.0854030613542417,-.0215888560102541,.0341585265188237,.43407234242985,stata_areg_centered_student_vce_unadjusted,190,757999
4557,All,log_program_income_full_clp_m1,-.00786652036298776,-.114858437727484,.0385087823640623,.462084047813254,stata_areg_centered_student_vce_unadjusted,142,757999
4558,All,log_program_income_full_clp_m1,-.0945595796492892,-.201551497013785,.111198023193349,.316135749797184,stata_areg_centered_student_vce_unadjusted,16,757999
4559,All,log_program_income_full_clp_m1,-.0757154985285978,-.182707415893094,.0846670241902671,.363257870952947,stata_areg_centered_student_vce_unadjusted,28,757999
4560,All,log_program_income_full_clp_m1,.0454500550077969,-.0615418623566989,.0443124720654297,.465899749836607,stata_areg_centered_student_vce_unadjusted,143,757999
4561,All,log_program_income_full_clp_m1,-.221720158283199,-.328712075647695,.0753459928143334,.379733732392526,stata_areg_centered_student_vce_unadjusted,36,757999
4562,All,log_program_income_full_clp_m1,.00193875356052158,-.105053163803974,.0335597344992474,.416817087350219,stata_areg_centered_student_vce_unadjusted,218,757999
4563,All,log_program_income_full_clp_m1,.0889877518582597,-.018004165506236,.0725211960902459,.4387945881642,stata_areg_centered_student_vce_unadjusted,51,757999
4564,All,log_program_income_full_clp_m1,.0829005557147713,-.0240913616497244,.0303016566601499,.427718074362051,stata_areg_centered_student_vce_unadjusted,475,757999
4565,All,log_program_income_full_clp_m1,.0517549543831775,-.0552369629813183,.065469467325943,.39441498442732,stata_areg_centered_student_vce_unadjusted,89,757999
4571,All,log_program_income_full_clp_m1,.144788849107402,.037796931742906,.0699999994923649,.422935450084276,stata_areg_centered_student_vce_unadjusted,64,757999
4572,All,log_program_income_full_clp_m1,.0162099242903061,-.0907819930741896,.0443358435320001,.385043356499764,stata_areg_centered_student_vce_unadjusted,111,757999
4574,All,log_program_income_full_clp_m1,.0553762779092024,-.0516156394552933,.0306637049633713,.398306690917091,stata_areg_centered_student_vce_unadjusted,282,757999
4575,All,log_program_income_full_clp_m1,.0664042109911256,-.0405877063733702,.0498456594745551,.413897372637695,stata_areg_centered_student_vce_unadjusted,120,757999
4577,All,log_program_income_full_clp_m1,.00538843175880577,-.10160348560569,.06648006974257,.422796531487983,stata_areg_centered_student_vce_unadjusted,52,757999
4585,All,log_program_income_full_clp_m1,.14599422820763,.0390023108431338,.0737856820115479,.465775528468684,stata_areg_centered_student_vce_unadjusted,70,757999
4588,All,log_program_income_full_clp_m1,-.0429826194322964,-.149974536796792,.0412799699054924,.429781044867438,stata_areg_centered_student_vce_unadjusted,246,757999
4589,All,log_program_income_full_clp_m1,.0501332932706377,-.0568586240938581,.069900657293381,.396640390336274,stata_areg_centered_student_vce_unadjusted,59,757999
4591,All,log_program_income_full_clp_m1,.00173695355833655,-.105254963806159,.0609427666873829,.409582498224898,stata_areg_centered_student_vce_unadjusted,97,757999
4616,All,log_program_income_full_clp_m1,-.0296237426832205,-.136615660047716,.063450937883981,.29356907212496,stata_areg_centered_student_vce_unadjusted,63,757999
4617,All,log_program_income_full_clp_m1,.0308418265191419,-.0761500908453539,.054272119240917,.418566343720402,stata_areg_centered_student_vce_unadjusted,105,757999
4626,All,log_program_income_full_clp_m1,-.192579550125833,-.299571467490329,.114066392218151,.263530010569897,stata_areg_centered_student_vce_unadjusted,15,757999
4630,All,log_program_income_full_clp_m1,.126499516607808,.0195075992433125,.0236164565443693,.401943080809911,stata_areg_centered_student_vce_unadjusted,570,757999
4631,All,log_program_income_full_clp_m1,.0880313004567668,-.0189606169077289,.0332052861984571,.443210495442385,stata_areg_centered_student_vce_unadjusted,473,757999
4636,All,log_program_income_full_clp_m1,.0906535418512868,-.016338375513209,.0595805373368887,.40495277607396,stata_areg_centered_student_vce_unadjusted,140,757999
4644,All,log_program_income_full_clp_m1,.0475755313709022,-.0594163859935935,.0327706321621811,.397564422240278,stata_areg_centered_student_vce_unadjusted,385,757999
4646,All,log_program_income_full_clp_m1,.185820247796171,.0788283304316754,.0580065744183854,.405194040447433,stata_areg_centered_student_vce_unadjusted,287,757999
4655,All,log_program_income_full_clp_m1,.0928119963607453,-.0141799210037505,.0333848099137294,.433169288079531,stata_areg_centered_student_vce_unadjusted,306,757999
4656,All,log_program_income_full_clp_m1,.143250997725586,.0362590803610904,.0512028326557648,.446275936351815,stata_areg_centered_student_vce_unadjusted,252,757999
4659,All,log_program_income_full_clp_m1,.194388874597471,.0873969572329748,.0650253545021301,.430614206844579,stata_areg_centered_student_vce_unadjusted,271,757999
4662,All,log_program_income_full_clp_m1,.168406086598219,.0614141692337229,.0432820252096176,.431599902536523,stata_areg_centered_student_vce_unadjusted,458,757999
4663,All,log_program_income_full_clp_m1,.161962184452542,.0549702670880464,.0389456211413547,.417960550567114,stata_areg_centered_student_vce_unadjusted,453,757999
4664,All,log_program_income_full_clp_m1,.113447436452639,.00645551908814274,.0558972762179994,.464032916541327,stata_areg_centered_student_vce_unadjusted,300,757999
4666,All,log_program_income_full_clp_m1,.174097342460344,.0671054250958487,.0444664252792733,.399987668974463,stata_areg_centered_student_vce_unadjusted,285,757999
4667,All,log_program_income_full_clp_m1,.104988487720576,-.00200342964392015,.0438760703421768,.430589193574493,stata_areg_centered_student_vce_unadjusted,204,757999
4669,All,log_program_income_full_clp_m1,.120848155133507,.0138562377690108,.0559698560931401,.457094765206503,stata_areg_centered_student_vce_unadjusted,339,757999
4670,All,log_program_income_full_clp_m1,-.0675443683257572,-.174536285690253,.122338156470144,.227289147891729,stata_areg_centered_student_vce_unadjusted,14,757999
4672,All,log_program_income_full_clp_m1,.062899958950012,-.0440919584144838,.0376356819600943,.417804113774333,stata_areg_centered_student_vce_unadjusted,436,757999
4677,All,log_program_income_full_clp_m1,.343063134941971,.236071217577475,.0791501816577241,.402311467214921,stata_areg_centered_student_vce_unadjusted,172,757999
4679,All,log_program_income_full_clp_m1,.300352037301519,.193360119937023,.0517538931455123,.445662300419743,stata_areg_centered_student_vce_unadjusted,212,757999
4680,All,log_program_income_full_clp_m1,.146074579677733,.0390826623132367,.042023395625327,.476137051387149,stata_areg_centered_student_vce_unadjusted,166,757999
4686,All,log_program_income_full_clp_m1,.218697345238451,.111705427873956,.0556968930654815,.439349613850535,stata_areg_centered_student_vce_unadjusted,256,757999
4687,All,log_program_income_full_clp_m1,.229497936207363,.122506018842867,.0929404469408194,.481858633948308,stata_areg_centered_student_vce_unadjusted,275,757999
4688,All,log_program_income_full_clp_m1,.526309377666149,.419317460301653,.0966784024073151,.487220882373652,stata_areg_centered_student_vce_unadjusted,252,757999
4689,All,log_program_income_full_clp_m1,.24908591669712,.142093999332624,.0412806493646756,.461605653648458,stata_areg_centered_student_vce_unadjusted,240,757999
4691,All,log_program_income_full_clp_m1,.322803339479525,.215811422115029,.0634992515093337,.463892263159356,stata_areg_centered_student_vce_unadjusted,118,757999
4694,All,log_program_income_full_clp_m1,.326294716347155,.219302798982659,.0664070220305327,.47412350717358,stata_areg_centered_student_vce_unadjusted,341,757999
4698,All,log_program_income_full_clp_m1,.140779177126126,.0337872597616298,.037778606503946,.433900903982299,stata_areg_centered_student_vce_unadjusted,188,757999
4700,All,log_program_income_full_clp_m1,.0591097293738648,-.047882187990631,.0226822167478704,.440904200638845,stata_areg_centered_student_vce_unadjusted,613,757999
4702,All,log_program_income_full_clp_m1,.0638127257008807,-.0431791916636151,.0206300458151853,.437829572869299,stata_areg_centered_student_vce_unadjusted,890,757999
4703,All,log_program_income_full_clp_m1,.0658203481265749,-.0411715692379209,.0364541898736276,.445592415278012,stata_areg_centered_student_vce_unadjusted,174,757999
4706,All,log_program_income_full_clp_m1,.0639192283321119,-.0430726890323838,.0353398215773039,.391290711628892,stata_areg_centered_student_vce_unadjusted,180,757999
4707,All,log_program_income_full_clp_m1,.0395482254812611,-.0674436918832347,.0265675693999316,.432490227599368,stata_areg_centered_student_vce_unadjusted,379,757999
4708,All,log_program_income_full_clp_m1,-.0286828098087043,-.1356747271732,.0435398759224318,.406583450251525,stata_areg_centered_student_vce_unadjusted,116,757999
4709,All,log_program_income_full_clp_m1,-.0354219531358318,-.142413870500328,.0257172687463252,.357885021594256,stata_areg_centered_student_vce_unadjusted,437,757999
4712,All,log_program_income_full_clp_m1,.0933722091532681,-.0136197082112277,.0540413181886468,.424759981383888,stata_areg_centered_student_vce_unadjusted,97,757999
4714,All,log_program_income_full_clp_m1,-.264549520372007,-.371541437736503,.437583920463985,.,stata_areg_centered_student_vce_unadjusted,1,757999
4715,All,log_program_income_full_clp_m1,.112664336397792,.00567241903329622,.0481440096076357,.413570475910621,stata_areg_centered_student_vce_unadjusted,90,757999
4717,All,log_program_income_full_clp_m1,.0702075313496666,-.0367843860148292,.0565405962452121,.390076349593144,stata_areg_centered_student_vce_unadjusted,90,757999
4733,All,log_program_income_full_clp_m1,.133527235821205,.0265353184567095,.0634035468434568,.378314632583182,stata_areg_centered_student_vce_unadjusted,64,757999
4740,All,log_program_income_full_clp_m1,-.0426879497685968,-.149679867133093,.0885459516022408,.359154873200111,stata_areg_centered_student_vce_unadjusted,25,757999
4760,All,log_program_income_full_clp_m1,.18541757322611,.0784256558616142,.0610034185648687,.48237502582653,stata_areg_centered_student_vce_unadjusted,72,757999
4762,All,log_program_income_full_clp_m1,.149718424335557,.0427265069710615,.033671071807596,.434014259199512,stata_areg_centered_student_vce_unadjusted,685,757999
4768,All,log_program_income_full_clp_m1,-.111439820321359,-.218431737685854,.445341709569245,.,stata_areg_centered_student_vce_unadjusted,1,757999
4778,All,log_program_income_full_clp_m1,.117754249039083,.0107623316745873,.0364953767675233,.419946338585457,stata_areg_centered_student_vce_unadjusted,214,757999
4779,All,log_program_income_full_clp_m1,.172812144477237,.0658202271127417,.0346975380767973,.43922401529504,stata_areg_centered_student_vce_unadjusted,292,757999
4782,All,log_program_income_full_clp_m1,.108711717570169,.0017198002056736,.0349113356172612,.436070170169001,stata_areg_centered_student_vce_unadjusted,371,757999
4785,All,log_program_income_full_clp_m1,.239749351375126,.13275743401063,.0585280236494401,.39752131053295,stata_areg_centered_student_vce_unadjusted,213,757999
4790,All,log_program_income_full_clp_m1,.223810238413559,.116818321049064,.0485434993410401,.443443793843116,stata_areg_centered_student_vce_unadjusted,169,757999
4796,All,log_program_income_full_clp_m1,.0382103037174847,-.068781613647011,.0459249655127576,.47186249185911,stata_areg_centered_student_vce_unadjusted,167,757999
4798,All,log_program_income_full_clp_m1,.264029042847138,.157037125482642,.0501305912096476,.434375953191436,stata_areg_centered_student_vce_unadjusted,395,757999
4805,All,log_program_income_full_clp_m1,.0335003566917314,-.0734915606727644,.0251151374318284,.424539361314868,stata_areg_centered_student_vce_unadjusted,556,757999
4822,All,log_program_income_full_clp_m1,.170800430096079,.0638085127315836,.0593033665567899,.461174891902715,stata_areg_centered_student_vce_unadjusted,163,757999
4824,All,log_program_income_full_clp_m1,-.00314966215687477,-.110141579521371,.0293179529746936,.473197287899086,stata_areg_centered_student_vce_unadjusted,343,757999
4825,All,log_program_income_full_clp_m1,.0081809696207942,-.0988109477437016,.0331853398854093,.406973967722735,stata_areg_centered_student_vce_unadjusted,285,757999
4829,All,log_program_income_full_clp_m1,.0589080260504527,-.0480838913140431,.0295809366977815,.429429565767141,stata_areg_centered_student_vce_unadjusted,472,757999
4830,All,log_program_income_full_clp_m1,.122282254804575,.0152903374400789,.0409235120725957,.41820780559531,stata_areg_centered_student_vce_unadjusted,243,757999
4865,All,log_program_income_full_clp_m1,.0947770983070878,-.012214819057408,.0476894758254885,.406729993590885,stata_areg_centered_student_vce_unadjusted,236,757999
4868,All,log_program_income_full_clp_m1,.102937484660346,-.00405443270414931,.0526196592673024,.425689902468101,stata_areg_centered_student_vce_unadjusted,160,757999
4870,All,log_program_income_full_clp_m1,.0941494189627655,-.0128424984017303,.0584378215953934,.397253412783742,stata_areg_centered_student_vce_unadjusted,174,757999
4871,All,log_program_income_full_clp_m1,.153909882792505,.0469179654280097,.0776309897353791,.388697584099639,stata_areg_centered_student_vce_unadjusted,52,757999
4897,All,log_program_income_full_clp_m1,-.0310248187020759,-.138016736066572,.0334667694845208,.396427315963213,stata_areg_centered_student_vce_unadjusted,365,757999
4922,All,log_program_income_full_clp_m1,.0816882577431126,-.0253036596213832,.0573278441959825,.449947826809342,stata_areg_centered_student_vce_unadjusted,135,757999
4925,All,log_program_income_full_clp_m1,.0591474582320029,-.0478444591324929,.047053616191269,.428807769714533,stata_areg_centered_student_vce_unadjusted,391,757999
4926,All,log_program_income_full_clp_m1,-.217103691668326,-.324095609032822,.440368411704586,.,stata_areg_centered_student_vce_unadjusted,1,757999
4948,All,log_program_income_full_clp_m1,-.0347686666755196,-.141760584040015,.0398855773501107,.395296096703646,stata_areg_centered_student_vce_unadjusted,190,757999
4949,All,log_program_income_full_clp_m1,.0132973683090498,-.0936945490554459,.0604625045280004,.361096042127433,stata_areg_centered_student_vce_unadjusted,61,757999
4951,All,log_program_income_full_clp_m1,.0179973971228531,-.0889945202416427,.0298705370963743,.383889723907005,stata_areg_centered_student_vce_unadjusted,654,757999
4952,All,log_program_income_full_clp_m1,.0220387426588246,-.0849531747056711,.0532667030324347,.421529947249586,stata_areg_centered_student_vce_unadjusted,102,757999
4956,All,log_program_income_full_clp_m1,-.284193875367209,-.391185792731704,.438200119635405,.,stata_areg_centered_student_vce_unadjusted,1,757999
4958,All,log_program_income_full_clp_m1,-.00536845391452823,-.112360371279024,.0541378557960082,.41538638993178,stata_areg_centered_student_vce_unadjusted,107,757999
4965,All,log_program_income_full_clp_m1,-.0755341718036061,-.182526089168102,.0588683486582991,.331763098972812,stata_areg_centered_student_vce_unadjusted,62,757999
4969,All,log_program_income_full_clp_m1,.0483618180846004,-.0586300992798954,.101513457416701,.29410252576556,stata_areg_centered_student_vce_unadjusted,24,757999
4973,All,log_program_income_full_clp_m1,.204662373757416,.0976704563929199,.0651865751125087,.427107421200638,stata_areg_centered_student_vce_unadjusted,242,757999
4975,All,log_program_income_full_clp_m1,.123815800941984,.016823883577488,.0392341635292718,.441659866519968,stata_areg_centered_student_vce_unadjusted,151,757999
4977,All,log_program_income_full_clp_m1,.0794434864115856,-.0275484309529101,.0226258519286043,.387060279499183,stata_areg_centered_student_vce_unadjusted,762,757999
4982,All,log_program_income_full_clp_m1,.0410795208326194,-.0659123965318764,.0213787574208053,.416434768350315,stata_areg_centered_student_vce_unadjusted,1042,757999
4983,All,log_program_income_full_clp_m1,.0561549083295539,-.0508370090349419,.033055350692614,.377486191809663,stata_areg_centered_student_vce_unadjusted,265,757999
4984,All,log_program_income_full_clp_m1,.0758134311247831,-.0311784862397126,.0433132506024336,.420688563006676,stata_areg_centered_student_vce_unadjusted,155,757999
5002,All,log_program_income_full_clp_m1,.0104047325753743,-.0965871847891215,.108187280202534,.366330689287015,stata_areg_centered_student_vce_unadjusted,82,757999
5021,All,log_program_income_full_clp_m1,.00185074948854771,-.105141167875948,.0457323956815223,.385381077721678,stata_areg_centered_student_vce_unadjusted,355,757999
5024,All,log_program_income_full_clp_m1,.0736787625635247,-.033313154800971,.0550062189194532,.419353213183558,stata_areg_centered_student_vce_unadjusted,508,757999
5026,All,log_program_income_full_clp_m1,.0621187515993127,-.0448731657651831,.0563597599146059,.407604442002464,stata_areg_centered_student_vce_unadjusted,222,757999
5046,All,log_program_income_full_clp_m1,-.125663002953611,-.232654920318106,.441088801395336,.,stata_areg_centered_student_vce_unadjusted,1,757999
5048,All,log_program_income_full_clp_m1,-.0121210725213105,-.119112989885806,.0417595622006905,.400587862415517,stata_areg_centered_student_vce_unadjusted,577,757999
5057,All,log_program_income_full_clp_m1,-.108486687625631,-.215478604990126,.0929083071667808,.336878179646301,stata_areg_centered_student_vce_unadjusted,59,757999
5082,All,log_program_income_full_clp_m1,.0628324417800904,-.0441594755844054,.0495766584699309,.408879707472264,stata_areg_centered_student_vce_unadjusted,505,757999
5083,All,log_program_income_full_clp_m1,.224219109787154,.117227192422659,.102244600500957,.436379266998087,stata_areg_centered_student_vce_unadjusted,62,757999
5084,All,log_program_income_full_clp_m1,.0868793627912157,-.0201125545732801,.0405116760896094,.383952504613361,stata_areg_centered_student_vce_unadjusted,1005,757999
5104,All,log_program_income_full_clp_m1,.0499662070667218,-.057025710297774,.0551997222779099,.423429617148816,stata_areg_centered_student_vce_unadjusted,170,757999
5105,All,log_program_income_full_clp_m1,.0985989633510043,-.00839295401349152,.0378925867297161,.407407967860493,stata_areg_centered_student_vce_unadjusted,361,757999
5109,All,log_program_income_full_clp_m1,.110987685159073,.00399576779457761,.0462715077652557,.376637343130281,stata_areg_centered_student_vce_unadjusted,211,757999
5113,All,log_program_income_full_clp_m1,.0663344443504185,-.0406574730140772,.0771324650259763,.411924723558293,stata_areg_centered_student_vce_unadjusted,42,757999
5122,All,log_program_income_full_clp_m1,.0624602027529065,-.0445317146115893,.0415069634944872,.381907221409479,stata_areg_centered_student_vce_unadjusted,291,757999
5126,All,log_program_income_full_clp_m1,.115066745946678,.00807482858218174,.0308633880027059,.428235599163486,stata_areg_centered_student_vce_unadjusted,603,757999
5131,All,log_program_income_full_clp_m1,-.0513331207159654,-.158325038080461,.0907841607269441,.345565743259322,stata_areg_centered_student_vce_unadjusted,24,757999
5140,All,log_program_income_full_clp_m1,-.238542504522909,-.345534421887405,.443469721549452,.,stata_areg_centered_student_vce_unadjusted,1,757999
5150,All,log_program_income_full_clp_m1,.0972362262023436,-.00975569116215215,.0405518322637586,.428275498757809,stata_areg_centered_student_vce_unadjusted,480,757999
5153,All,log_program_income_full_clp_m1,.107792720025641,.000800802661144864,.0564706585356524,.411980906971545,stata_areg_centered_student_vce_unadjusted,130,757999
5155,All,log_program_income_full_clp_m1,.0992240853815934,-.0077678319829024,.0567052800130335,.375203112171152,stata_areg_centered_student_vce_unadjusted,230,757999
5215,All,log_program_income_full_clp_m1,.00113347050495776,-.105858446859538,.0270012089713144,.444656936315158,stata_areg_centered_student_vce_unadjusted,474,757999
5216,All,log_program_income_full_clp_m1,.0367677019654161,-.0702242153990797,.0321667777851382,.417349610808658,stata_areg_centered_student_vce_unadjusted,259,757999
5218,All,log_program_income_full_clp_m1,.121007238844326,.0140153214798306,.0271106088183145,.437795843771409,stata_areg_centered_student_vce_unadjusted,646,757999
5219,All,log_program_income_full_clp_m1,-.0122173161769496,-.119209233541445,.0242311607383143,.376170155807723,stata_areg_centered_student_vce_unadjusted,761,757999
5264,All,log_program_income_full_clp_m1,.0100838550021691,-.0969080623623267,.042702198304712,.438965755567521,stata_areg_centered_student_vce_unadjusted,296,757999
5265,All,log_program_income_full_clp_m1,.00846503402996718,-.0985268833345286,.0551457639912408,.467227417455084,stata_areg_centered_student_vce_unadjusted,122,757999
5266,All,log_program_income_full_clp_m1,.395919346740475,.28892742937598,.0898684405220206,.495449908182928,stata_areg_centered_student_vce_unadjusted,106,757999
5267,All,log_program_income_full_clp_m1,-.0555040751534826,-.162495992517978,.0532756637398434,.329835574960664,stata_areg_centered_student_vce_unadjusted,78,757999
5270,All,log_program_income_full_clp_m1,-.0609759371392829,-.167967854503779,.0424498103280882,.351314091192957,stata_areg_centered_student_vce_unadjusted,210,757999
5274,All,log_program_income_full_clp_m1,.0251381371198838,-.0818537802446119,.0685911670594639,.378618308324296,stata_areg_centered_student_vce_unadjusted,48,757999
5282,All,log_program_income_full_clp_m1,-.0388739223103807,-.145865839674876,.0298395276145759,.385810958234258,stata_areg_centered_student_vce_unadjusted,576,757999
5289,All,log_program_income_full_clp_m1,-.2140354660044,-.321027383368896,.180924976088719,.147209621812932,stata_areg_centered_student_vce_unadjusted,6,757999
5315,All,log_program_income_full_clp_m1,.0374269687267646,-.0695649486377312,.034882895694722,.425944303334074,stata_areg_centered_student_vce_unadjusted,452,757999
5323,All,log_program_income_full_clp_m1,-.00287208672224643,-.109864004086742,.0428467208801824,.374435921137949,stata_areg_centered_student_vce_unadjusted,370,757999
5343,All,log_program_income_full_clp_m1,-.131901087992919,-.238893005357415,.0366247756313612,.361084355147312,stata_areg_centered_student_vce_unadjusted,287,757999
5344,All,log_program_income_full_clp_m1,.05645747126414,-.0505344461003558,.0352693147446875,.418965524295872,stata_areg_centered_student_vce_unadjusted,521,757999
5373,All,log_program_income_full_clp_m1,-.220764222867761,-.327756140232257,.437674427610935,.,stata_areg_centered_student_vce_unadjusted,1,757999
5374,All,log_program_income_full_clp_m1,.118515720903755,.0115238035392593,.079007115160209,.421094580554032,stata_areg_centered_student_vce_unadjusted,50,757999
5393,All,log_program_income_full_clp_m1,.0250686519804468,-.0819232653840489,.0266552734347599,.397707641866096,stata_areg_centered_student_vce_unadjusted,623,757999
5394,All,log_program_income_full_clp_m1,.115418812466486,.0084268951019906,.0320563830933171,.422441508306273,stata_areg_centered_student_vce_unadjusted,405,757999
5434,All,log_program_income_full_clp_m1,.215602427948609,.108610510584113,.0589759532317949,.432449231227441,stata_areg_centered_student_vce_unadjusted,293,757999
5435,All,log_program_income_full_clp_m1,.114930798291069,.00793888092657349,.0512685886787833,.45208903493864,stata_areg_centered_student_vce_unadjusted,274,757999
5439,All,log_program_income_full_clp_m1,.0428797236351384,-.0641121937293574,.0423076617712568,.41514129895328,stata_areg_centered_student_vce_unadjusted,241,757999
5440,All,log_program_income_full_clp_m1,.0927551158539457,-.01423680151055,.0399652092459378,.396320742441341,stata_areg_centered_student_vce_unadjusted,254,757999
5444,All,log_program_income_full_clp_m1,-.13913333108859,-.246125248453086,.43888840302969,.,stata_areg_centered_student_vce_unadjusted,1,757999
5465,All,log_program_income_full_clp_m1,.148410971160727,.0414190537962317,.0513745187369024,.433239232426662,stata_areg_centered_student_vce_unadjusted,235,757999
5467,All,log_program_income_full_clp_m1,-.0519912672851518,-.158983184649648,.0521030844655956,.442186947930867,stata_areg_centered_student_vce_unadjusted,78,757999
5499,All,log_program_income_full_clp_m1,-.0563982509912247,-.16339016835572,.167561435926926,.292802725269437,stata_areg_centered_student_vce_unadjusted,7,757999
5507,All,log_program_income_full_clp_m1,.0321671942049517,-.0748247231595441,.042771095492469,.426885464111443,stata_areg_centered_student_vce_unadjusted,233,757999
5509,All,log_program_income_full_clp_m1,.159622007001648,.0526300896371519,.0573973688871727,.415085954442351,stata_areg_centered_student_vce_unadjusted,182,757999
5565,All,log_program_income_full_clp_m1,.132253058198074,.0252611408335784,.0342889595952193,.455793901256127,stata_areg_centered_student_vce_unadjusted,180,757999
5566,All,log_program_income_full_clp_m1,.040292532458077,-.0666993849064188,.0205662044578566,.418072752689099,stata_areg_centered_student_vce_unadjusted,613,757999
5567,All,log_program_income_full_clp_m1,.0119471998235579,-.0950447175409378,.0367844468732092,.422920142175397,stata_areg_centered_student_vce_unadjusted,163,757999
5568,All,log_program_income_full_clp_m1,-.00262176597457183,-.109613683339068,.0214933396046999,.35095464770042,stata_areg_centered_student_vce_unadjusted,531,757999
5569,All,log_program_income_full_clp_m1,.114522932096743,.00753101473224679,.0280623669732372,.407517413070345,stata_areg_centered_student_vce_unadjusted,281,757999
5570,All,log_program_income_full_clp_m1,.0971051003945115,-.00988681696998424,.0147388432195715,.406792712150971,stata_areg_centered_student_vce_unadjusted,1754,757999
5574,All,log_program_income_full_clp_m1,.0323782124588374,-.0746137049056584,.0425473812939293,.399276526369892,stata_areg_centered_student_vce_unadjusted,135,757999
5578,All,log_program_income_full_clp_m1,.496247508979461,.389255591614966,.436504570400778,.,stata_areg_centered_student_vce_unadjusted,1,757999
5590,All,log_program_income_full_clp_m1,.144344767627203,.0373528502627071,.0612417252436745,.383486819708839,stata_areg_centered_student_vce_unadjusted,70,757999
5597,All,log_program_income_full_clp_m1,.0731196106496962,-.0338723067147996,.0525079886108661,.420448900896633,stata_areg_centered_student_vce_unadjusted,79,757999
5613,All,log_program_income_full_clp_m1,.093175882868054,-.0138160344964417,.0382629046262858,.389877239922288,stata_areg_centered_student_vce_unadjusted,203,757999
5614,All,log_program_income_full_clp_m1,-.251541711330749,-.358533628695244,.219959997984233,.18814360075828,stata_areg_centered_student_vce_unadjusted,4,757999
5620,All,log_program_income_full_clp_m1,.0460012543770613,-.0609906629874345,.0809417751590113,.295919085604732,stata_areg_centered_student_vce_unadjusted,30,757999
5652,All,log_program_income_full_clp_m1,.0857682554502784,-.0212236619142174,.0312436332993196,.410817667289099,stata_areg_centered_student_vce_unadjusted,250,757999
5653,All,log_program_income_full_clp_m1,-.0641007897486823,-.171092707113178,.0325884275639985,.332863954491252,stata_areg_centered_student_vce_unadjusted,213,757999
5654,All,log_program_income_full_clp_m1,.124419246311112,.0174273289466166,.0223854874842366,.403037008588934,stata_areg_centered_student_vce_unadjusted,918,757999
5655,All,log_program_income_full_clp_m1,.0867300207361845,-.0202618966283113,.0191337078551739,.424243180298307,stata_areg_centered_student_vce_unadjusted,750,757999
5656,All,log_program_income_full_clp_m1,.0315402695200952,-.0754516478444006,.0190447713144985,.424614049800061,stata_areg_centered_student_vce_unadjusted,789,757999
5658,All,log_program_income_full_clp_m1,.0417779157229181,-.0652140016415776,.0319042187509724,.393515642073214,stata_areg_centered_student_vce_unadjusted,212,757999
5659,All,log_program_income_full_clp_m1,.213206048517388,.106214131152892,.0488584805313454,.473552164588698,stata_areg_centered_student_vce_unadjusted,284,757999
5661,All,log_program_income_full_clp_m1,.115433881074005,.0084419637095092,.0383865649662606,.420875551439877,stata_areg_centered_student_vce_unadjusted,291,757999
5662,All,log_program_income_full_clp_m1,.0979488161915284,-.00904310117296739,.0324455724984636,.428880173099031,stata_areg_centered_student_vce_unadjusted,204,757999
5663,All,log_program_income_full_clp_m1,.0169822210273281,-.0900096963371677,.0188953661405708,.409939537478623,stata_areg_centered_student_vce_unadjusted,909,757999
5666,All,log_program_income_full_clp_m1,.119314326843844,.0123224094793479,.0153169694930756,.423976196163354,stata_areg_centered_student_vce_unadjusted,1887,757999
5669,All,log_program_income_full_clp_m1,.138781033252321,.0317891158878248,.0494450081286576,.340134954862256,stata_areg_centered_student_vce_unadjusted,111,757999
5670,All,log_program_income_full_clp_m1,.115248881981093,.00825696461659725,.0638527761155192,.38998750903438,stata_areg_centered_student_vce_unadjusted,247,757999
5684,All,log_program_income_full_clp_m1,-.142467397416637,-.249459314781133,.184469311937567,.152763339370231,stata_areg_centered_student_vce_unadjusted,6,757999
5694,All,log_program_income_full_clp_m1,-.1455877689298,-.252579686294296,.442775335187645,.,stata_areg_centered_student_vce_unadjusted,1,757999
5697,All,log_program_income_full_clp_m1,.14772743594806,.040735518583564,.0769899165935735,.411793672176028,stata_areg_centered_student_vce_unadjusted,35,757999
5703,All,log_program_income_full_clp_m1,.0279953394733798,-.0789965778911159,.0518297367121745,.325106949590969,stata_areg_centered_student_vce_unadjusted,95,757999
5713,All,log_program_income_full_clp_m1,-.00213285409268394,-.10912477145718,.0339923616512297,.41168386918822,stata_areg_centered_student_vce_unadjusted,204,757999
5720,All,log_program_income_full_clp_m1,-.00622768433513534,-.113219601699631,.0645506691734818,.3501870902376,stata_areg_centered_student_vce_unadjusted,73,757999
5729,All,log_program_income_full_clp_m1,.100090291206939,-.0069016261575567,.0602215971635334,.381520815103072,stata_areg_centered_student_vce_unadjusted,59,757999
5761,All,log_program_income_full_clp_m1,-.262780518874075,-.369772436238571,.441271240852761,.,stata_areg_centered_student_vce_unadjusted,1,757999
5773,All,log_program_income_full_clp_m1,.138173860667718,.031181943303222,.455673030098943,.,stata_areg_centered_student_vce_unadjusted,1,757999
5806,All,log_program_income_full_clp_m1,-.217515513223497,-.324507430587993,.125387783704293,.168836203668269,stata_areg_centered_student_vce_unadjusted,14,757999
5808,All,log_program_income_full_clp_m1,.226294471441153,.119302554076658,.0652132721810603,.435961159963672,stata_areg_centered_student_vce_unadjusted,131,757999
5810,All,log_program_income_full_clp_m1,.207630878575689,.100638961211193,.0491273556102441,.466809438952314,stata_areg_centered_student_vce_unadjusted,254,757999
5812,All,log_program_income_full_clp_m1,.526871542871821,.419879625507325,.0906950065600935,.426870622242768,stata_areg_centered_student_vce_unadjusted,220,757999
5813,All,log_program_income_full_clp_m1,.225468919693892,.118477002329396,.0449234057649345,.432310971728718,stata_areg_centered_student_vce_unadjusted,274,757999
5814,All,log_program_income_full_clp_m1,.132212563840258,.0252206464757622,.0339778905709301,.432423995556572,stata_areg_centered_student_vce_unadjusted,357,757999
5816,All,log_program_income_full_clp_m1,.234714574168581,.127722656804085,.0521062302774931,.387671774507566,stata_areg_centered_student_vce_unadjusted,262,757999
5823,All,log_program_income_full_clp_m1,.124517844821551,.0175259274570554,.0238338670489003,.405177171167124,stata_areg_centered_student_vce_unadjusted,805,757999
5824,All,log_program_income_full_clp_m1,-.0691920929053633,-.176184010269859,.196159293830227,.217083568981953,stata_areg_centered_student_vce_unadjusted,5,757999
5879,All,log_program_income_full_clp_m1,.0792148353805062,-.0277770819839896,.0486140552814864,.379028934427279,stata_areg_centered_student_vce_unadjusted,231,757999
5897,All,log_program_income_full_clp_m1,.0140002577519353,-.0929916596125605,.0460575619904497,.398384972408354,stata_areg_centered_student_vce_unadjusted,178,757999
5921,All,log_program_income_full_clp_m1,-.0311520584363137,-.13814397580081,.0332536158314951,.383587439855203,stata_areg_centered_student_vce_unadjusted,383,757999
5923,All,log_program_income_full_clp_m1,-.0195737559980386,-.126565673362534,.0691774103934485,.337505765893035,stata_areg_centered_student_vce_unadjusted,43,757999
5957,All,log_program_income_full_clp_m1,.0844744890404334,-.0225174283240623,.0403290759144892,.410440603935695,stata_areg_centered_student_vce_unadjusted,328,757999
5959,All,log_program_income_full_clp_m1,.0912151713107762,-.0157767460537196,.063824906211743,.418909756499372,stata_areg_centered_student_vce_unadjusted,77,757999
5992,All,log_program_income_full_clp_m1,-.0404692768611684,-.147461194225664,.0481074213378977,.37979622475211,stata_areg_centered_student_vce_unadjusted,130,757999
6007,All,log_program_income_full_clp_m1,.0393484929216972,-.0676434244427986,.0649100584279034,.385191397734414,stata_areg_centered_student_vce_unadjusted,108,757999
6027,All,log_program_income_full_clp_m1,-.130660580981381,-.237652498345877,.062299942553904,.340038647229991,stata_areg_centered_student_vce_unadjusted,68,757999
6051,All,log_program_income_full_clp_m1,.0118212124575645,-.0951707049069312,.0336682316611657,.398582908967401,stata_areg_centered_student_vce_unadjusted,275,757999
6052,All,log_program_income_full_clp_m1,.0520522978441571,-.0549396195203386,.0437351242374013,.412728145453539,stata_areg_centered_student_vce_unadjusted,188,757999
6070,All,log_program_income_full_clp_m1,-.0375452162418356,-.144537133606331,.035135805922767,.373047816688609,stata_areg_centered_student_vce_unadjusted,234,757999
6084,All,log_program_income_full_clp_m1,.0872634487597945,-.0197284686047012,.0315312154100614,.433749973421442,stata_areg_centered_student_vce_unadjusted,439,757999
6085,All,log_program_income_full_clp_m1,-.0124879044212074,-.119479821785703,.026168916517048,.393946538212979,stata_areg_centered_student_vce_unadjusted,430,757999
6087,All,log_program_income_full_clp_m1,.0255959185081849,-.0813959988563109,.0495788492408642,.439389268138778,stata_areg_centered_student_vce_unadjusted,100,757999
6088,All,log_program_income_full_clp_m1,-.138755181001873,-.245747098366369,.43934758484555,.,stata_areg_centered_student_vce_unadjusted,1,757999
6112,All,log_program_income_full_clp_m1,.110984631473328,.00399271410883272,.024067647583299,.431223241745065,stata_areg_centered_student_vce_unadjusted,773,757999
6113,All,log_program_income_full_clp_m1,-.0220812964227602,-.129073213787256,.0277025279385482,.405867553784634,stata_areg_centered_student_vce_unadjusted,351,757999
6115,All,log_program_income_full_clp_m1,-.174780881061879,-.281772798426375,.0491901241977209,.348064471990342,stata_areg_centered_student_vce_unadjusted,98,757999
6118,All,log_program_income_full_clp_m1,.0825056089513454,-.0244863084131504,.0428429912801194,.419785786598363,stata_areg_centered_student_vce_unadjusted,230,757999
6119,All,log_program_income_full_clp_m1,.013321149190051,-.0936707681744448,.0637344365018166,.399569018784866,stata_areg_centered_student_vce_unadjusted,56,757999
6120,All,log_program_income_full_clp_m1,.0673367870765028,-.039655130287993,.0418795805511082,.381687774359,stata_areg_centered_student_vce_unadjusted,253,757999
6122,All,log_program_income_full_clp_m1,.190720820687918,.0837289033234227,.0512569243529918,.454303096837352,stata_areg_centered_student_vce_unadjusted,139,757999
6124,All,log_program_income_full_clp_m1,.159707440735045,.0527155233705494,.199392501561485,.261776763113188,stata_areg_centered_student_vce_unadjusted,5,757999
6135,All,log_program_income_full_clp_m1,-.105459535689732,-.212451453054227,.0459577817764492,.38143545637124,stata_areg_centered_student_vce_unadjusted,138,757999
6161,All,log_program_income_full_clp_m1,.338269372393979,.231277455029483,.148485160528149,.565998872340922,stata_areg_centered_student_vce_unadjusted,56,757999
6163,All,log_program_income_full_clp_m1,-.0269216200968704,-.133913537461366,.0338685148482849,.367363778817569,stata_areg_centered_student_vce_unadjusted,293,757999
6167,All,log_program_income_full_clp_m1,-.149146763939925,-.256138681304421,.442735310594344,.,stata_areg_centered_student_vce_unadjusted,1,757999
6188,All,log_program_income_full_clp_m1,.128831723542787,.0218398061782913,.0610372879377096,.384584725925154,stata_areg_centered_student_vce_unadjusted,102,757999
6210,All,log_program_income_full_clp_m1,-.0942150581845313,-.201206975549027,.0558014151329205,.354978326850233,stata_areg_centered_student_vce_unadjusted,69,757999
6223,All,log_program_income_full_clp_m1,.121717084266982,.0147251669024862,.0301241401370598,.422337750257169,stata_areg_centered_student_vce_unadjusted,355,757999
6230,All,log_program_income_full_clp_m1,.0262767644925495,-.0807151528719463,.0621423362372271,.315040463367663,stata_areg_centered_student_vce_unadjusted,65,757999
6252,All,log_program_income_full_clp_m1,.00812289537135556,-.0988690219931402,.024365256561892,.399635877421073,stata_areg_centered_student_vce_unadjusted,495,757999
6253,All,log_program_income_full_clp_m1,.0299543788988786,-.0770375384656172,.0263666790619593,.390616044156711,stata_areg_centered_student_vce_unadjusted,612,757999
6267,All,log_program_income_full_clp_m1,-.0122890102155655,-.119280927580061,.110247861362439,.343247769286422,stata_areg_centered_student_vce_unadjusted,21,757999
6269,All,log_program_income_full_clp_m1,-.0266937208182237,-.133685638182719,.0422221912910845,.406696087992121,stata_areg_centered_student_vce_unadjusted,185,757999
6270,All,log_program_income_full_clp_m1,.0191278818780291,-.0878640354864667,.0755496108705149,.367631959013307,stata_areg_centered_student_vce_unadjusted,45,757999
6301,All,log_program_income_full_clp_m1,-.0648537441543057,-.171845661518801,.040121730097303,.360570720058717,stata_areg_centered_student_vce_unadjusted,188,757999
6302,All,log_program_income_full_clp_m1,.116497972592435,.00950605522793971,.0314920853762904,.402026878207557,stata_areg_centered_student_vce_unadjusted,470,757999
6336,All,log_program_income_full_clp_m1,.00281039525900227,-.104181522105494,.0424509428941458,.391431137188563,stata_areg_centered_student_vce_unadjusted,253,757999
6348,All,log_program_income_full_clp_m1,.025720996659234,-.0812709207052617,.0366398972545369,.376683019359905,stata_areg_centered_student_vce_unadjusted,248,757999
6397,All,log_program_income_full_clp_m1,.0226986294154182,-.0842932879490776,.0737850900281695,.388511175471329,stata_areg_centered_student_vce_unadjusted,46,757999
6398,All,log_program_income_full_clp_m1,.137949828798722,.0309579114342259,.0616706582471377,.383737548837525,stata_areg_centered_student_vce_unadjusted,105,757999
6452,All,log_program_income_full_clp_m1,-.0347512716188224,-.141743188983318,.0570761109531912,.371792288999232,stata_areg_centered_student_vce_unadjusted,95,757999
6465,All,log_program_income_full_clp_m1,-.192217799775963,-.299209717140459,.107435406492547,.297829515150795,stata_areg_centered_student_vce_unadjusted,18,757999
6496,All,log_program_income_full_clp_m1,-.355639760611232,-.462631677975728,.226392146634198,.173341869260134,stata_areg_centered_student_vce_unadjusted,5,757999
6497,All,log_program_income_full_clp_m1,.0611038617651031,-.0458880555993927,.0325414839027548,.409614165052346,stata_areg_centered_student_vce_unadjusted,418,757999
6500,All,log_program_income_full_clp_m1,.112223115140682,.00523119777618659,.0363669942909905,.394124266885759,stata_areg_centered_student_vce_unadjusted,369,757999
6572,All,log_program_income_full_clp_m1,-.606775507810249,-.713767425174745,.439556735941056,.,stata_areg_centered_student_vce_unadjusted,1,757999
6584,All,log_program_income_full_clp_m1,.0117326778199383,-.0952592395445575,.0320446654054499,.437351841881556,stata_areg_centered_student_vce_unadjusted,272,757999
6585,All,log_program_income_full_clp_m1,.104535692121368,-.00245622524312802,.0284128053771146,.400919007781239,stata_areg_centered_student_vce_unadjusted,514,757999
6586,All,log_program_income_full_clp_m1,-.0142591143627117,-.121251031727207,.055706881283898,.440131917026888,stata_areg_centered_student_vce_unadjusted,89,757999
6641,All,log_program_income_full_clp_m1,.0221994658338871,-.0847924515306086,.0740112880429248,.383184126595806,stata_areg_centered_student_vce_unadjusted,47,757999
6643,All,log_program_income_full_clp_m1,-.0287336248102224,-.135725542174718,.0363249712088056,.34840565534267,stata_areg_centered_student_vce_unadjusted,232,757999
6644,All,log_program_income_full_clp_m1,.115904854072692,.00891293670819637,.0450474791946983,.409621667892664,stata_areg_centered_student_vce_unadjusted,308,757999
6649,All,log_program_income_full_clp_m1,.0741042146120198,-.032887702752476,.0840123491601327,.330828860761263,stata_areg_centered_student_vce_unadjusted,36,757999
6650,All,log_program_income_full_clp_m1,.100073284073225,-.00691863329127118,.0655862187775924,.337763978593158,stata_areg_centered_student_vce_unadjusted,60,757999
6708,All,log_program_income_full_clp_m1,.0194223201783258,-.08756959718617,.0426572521796342,.35666379909312,stata_areg_centered_student_vce_unadjusted,292,757999
6751,All,log_program_income_full_clp_m1,.0809623522650687,-.0260295650994271,.0240483952388492,.440960226272111,stata_areg_centered_student_vce_unadjusted,590,757999
6752,All,log_program_income_full_clp_m1,-.0155525563524233,-.122544473716919,.0242713523676215,.363614557635463,stata_areg_centered_student_vce_unadjusted,562,757999
6753,All,log_program_income_full_clp_m1,.118201528499735,.0112096111352389,.0290370688992707,.446186209524806,stata_areg_centered_student_vce_unadjusted,272,757999
6754,All,log_program_income_full_clp_m1,.0223690709525382,-.0846228464119576,.026812976497115,.44233089202696,stata_areg_centered_student_vce_unadjusted,515,757999
6755,All,log_program_income_full_clp_m1,-.00621172076996812,-.113203638134464,.0285862830136925,.45343363819879,stata_areg_centered_student_vce_unadjusted,329,757999
6757,All,log_program_income_full_clp_m1,-.148179995976446,-.255171913340941,.0911211224090476,.306275363794432,stata_areg_centered_student_vce_unadjusted,24,757999
6766,All,log_program_income_full_clp_m1,.0302472004951337,-.0767447168693621,.0447650889010048,.417104922340207,stata_areg_centered_student_vce_unadjusted,155,757999
6770,All,log_program_income_full_clp_m1,.179017386076486,.0720254687119906,.0637294090315802,.384459578070207,stata_areg_centered_student_vce_unadjusted,132,757999
6772,All,log_program_income_full_clp_m1,-.159425507480322,-.266417424844818,.0760898494227174,.247648430824378,stata_areg_centered_student_vce_unadjusted,34,757999
6774,All,log_program_income_full_clp_m1,-.309249689656359,-.416241607020855,.438407349912061,.,stata_areg_centered_student_vce_unadjusted,1,757999
6780,All,log_program_income_full_clp_m1,-.119754749425844,-.22674666679034,.439790624620555,.,stata_areg_centered_student_vce_unadjusted,1,757999
6787,All,log_program_income_full_clp_m1,-.0337154790392079,-.140707396403704,.0889621522680751,.330674458791914,stata_areg_centered_student_vce_unadjusted,25,757999
6826,All,log_program_income_full_clp_m1,.209995416038344,.103003498673848,.0759394164656149,.385253145222147,stata_areg_centered_student_vce_unadjusted,170,757999
6828,All,log_program_income_full_clp_m1,.0680520067462302,-.0389399106182656,.0511202776178012,.494268672664541,stata_areg_centered_student_vce_unadjusted,102,757999
6829,All,log_program_income_full_clp_m1,.205292061717553,.098300144353057,.0527977104942965,.436197706142475,stata_areg_centered_student_vce_unadjusted,309,757999
6830,All,log_program_income_full_clp_m1,.199821025816914,.0928291084524178,.0419335241276675,.424319126840812,stata_areg_centered_student_vce_unadjusted,292,757999
6832,All,log_program_income_full_clp_m1,.172453246554759,.0654613291902631,.0614080477987041,.401864812875963,stata_areg_centered_student_vce_unadjusted,153,757999
6835,All,log_program_income_full_clp_m1,.208587867996438,.101595950631942,.046594275330507,.420872511235273,stata_areg_centered_student_vce_unadjusted,256,757999
6836,All,log_program_income_full_clp_m1,.238515316881587,.131523399517091,.0625085020199148,.442020739083932,stata_areg_centered_student_vce_unadjusted,152,757999
6843,All,log_program_income_full_clp_m1,.366659192265433,.259667274900938,.0732644076217284,.458604926273858,stata_areg_centered_student_vce_unadjusted,230,757999
6844,All,log_program_income_full_clp_m1,.260131125811389,.153139208446893,.0944243103164238,.487065022115224,stata_areg_centered_student_vce_unadjusted,198,757999
6846,All,log_program_income_full_clp_m1,.0804136640601459,-.0265782533043499,.0437866762743898,.432268039790106,stata_areg_centered_student_vce_unadjusted,149,757999
6852,All,log_program_income_full_clp_m1,-.244216691406614,-.351208608771109,.441280490052088,.,stata_areg_centered_student_vce_unadjusted,1,757999
6853,All,log_program_income_full_clp_m1,-.0244494146912412,-.131441332055737,.0835256961085025,.37925148287685,stata_areg_centered_student_vce_unadjusted,39,757999
6886,All,log_program_income_full_clp_m1,.192270736012734,.0852788186482383,.620831712026526,.,stata_areg_centered_student_vce_unadjusted,1,757999
6895,All,log_program_income_full_clp_m1,.129338229920876,.0223463125563798,.0441186197629966,.42432784402125,stata_areg_centered_student_vce_unadjusted,232,757999
6896,All,log_program_income_full_clp_m1,.17214703819905,.0651551208345539,.042754156368286,.417503741988449,stata_areg_centered_student_vce_unadjusted,316,757999
6897,All,log_program_income_full_clp_m1,.0700336545095787,-.036958262854917,.031534115592028,.429363725921741,stata_areg_centered_student_vce_unadjusted,419,757999
6899,All,log_program_income_full_clp_m1,-.00890165094525421,-.11589356830975,.0650774706230883,.415896120008067,stata_areg_centered_student_vce_unadjusted,64,757999
6922,All,log_program_income_full_clp_m1,-.0241014617997439,-.13109337916424,.0651356149312534,.426508603132219,stata_areg_centered_student_vce_unadjusted,50,757999
6925,All,log_program_income_full_clp_m1,-.0532912796991569,-.160283197063653,.0749821387438177,.339508186967146,stata_areg_centered_student_vce_unadjusted,43,757999
6929,All,log_program_income_full_clp_m1,.116544301954355,.00955238458985923,.0292374788710159,.400550257825446,stata_areg_centered_student_vce_unadjusted,573,757999
6983,All,log_program_income_full_clp_m1,.138762429961932,.0317705125974364,.0579561993180738,.42136075380229,stata_areg_centered_student_vce_unadjusted,104,757999
7004,All,log_program_income_full_clp_m1,.0121141355795982,-.0948777817848976,.0644665488393354,.43073480508921,stata_areg_centered_student_vce_unadjusted,112,757999
7006,All,log_program_income_full_clp_m1,.0657374109137362,-.0412545064507596,.0339939491908286,.375664963392697,stata_areg_centered_student_vce_unadjusted,412,757999
7015,All,log_program_income_full_clp_m1,.149158144722715,.0421662273582189,.0652375967756496,.444381558767146,stata_areg_centered_student_vce_unadjusted,181,757999
7031,All,log_program_income_full_clp_m1,.0505293179469133,-.0564625994175825,.0547317466571023,.402600541955794,stata_areg_centered_student_vce_unadjusted,130,757999
7044,All,log_program_income_full_clp_m1,.149031795568855,.0420398782043595,.0451803822146478,.410444479285142,stata_areg_centered_student_vce_unadjusted,171,757999
7049,All,log_program_income_full_clp_m1,.0243340556939542,-.0826578616705415,.0409242210146649,.390747388071648,stata_areg_centered_student_vce_unadjusted,168,757999
7085,All,log_program_income_full_clp_m1,.129189623519615,.0221977061551197,.0843313534870027,.388418815749542,stata_areg_centered_student_vce_unadjusted,41,757999
7102,All,log_program_income_full_clp_m1,.0685560724014052,-.0384358449630906,.034118680760555,.418340298995066,stata_areg_centered_student_vce_unadjusted,220,757999
7128,All,log_program_income_full_clp_m1,.0490237876035486,-.0579681297609472,.0435176663469207,.429480780984473,stata_areg_centered_student_vce_unadjusted,201,757999
7129,All,log_program_income_full_clp_m1,.144014856162612,.0370229387981162,.027684821962101,.411441044241041,stata_areg_centered_student_vce_unadjusted,622,757999
7135,All,log_program_income_full_clp_m1,.163376303284243,.0563843859197471,.0508429730964476,.407512023300084,stata_areg_centered_student_vce_unadjusted,105,757999
7180,All,log_program_income_full_clp_m1,.309394362919427,.202402445554931,.0846727804862715,.416646970276724,stata_areg_centered_student_vce_unadjusted,81,757999
7181,All,log_program_income_full_clp_m1,.243566053748045,.13657413638355,.0632320367341601,.369740968514461,stata_areg_centered_student_vce_unadjusted,158,757999
7183,All,log_program_income_full_clp_m1,.21669959459278,.109707677228285,.0540523869295206,.423968153240974,stata_areg_centered_student_vce_unadjusted,108,757999
7200,All,log_program_income_full_clp_m1,.154202011971837,.0472100946073417,.029817376460169,.421324828366009,stata_areg_centered_student_vce_unadjusted,704,757999
7231,All,log_program_income_full_clp_m1,-.34833551474321,-.455327432107706,.437058174226398,.,stata_areg_centered_student_vce_unadjusted,1,757999
7236,All,log_program_income_full_clp_m1,.163415220348216,.05642330298372,.0352310688657613,.412354785897233,stata_areg_centered_student_vce_unadjusted,335,757999
7240,All,log_program_income_full_clp_m1,.129190932155372,.022199014790876,.0706597743441508,.44453383846447,stata_areg_centered_student_vce_unadjusted,49,757999
7276,All,log_program_income_full_clp_m1,.182808389102001,.0758164717375054,.0536620353806474,.430974499517617,stata_areg_centered_student_vce_unadjusted,294,757999
7299,All,log_program_income_full_clp_m1,.0663884866264972,-.0406034307379986,.0429667438701274,.436702201058635,stata_areg_centered_student_vce_unadjusted,209,757999
7303,All,log_program_income_full_clp_m1,-.338503576845364,-.44549549420986,.436388862673599,.,stata_areg_centered_student_vce_unadjusted,1,757999
7325,All,log_program_income_full_clp_m1,.162296567136502,.0553046497720064,.0211416119391671,.404991467798226,stata_areg_centered_student_vce_unadjusted,968,757999
7326,All,log_program_income_full_clp_m1,.101192267559646,-.0057996498048494,.0267879656516227,.409542035874033,stata_areg_centered_student_vce_unadjusted,369,757999
7328,All,log_program_income_full_clp_m1,.0760720066446021,-.0309199107198936,.0299229492072337,.389962977734251,stata_areg_centered_student_vce_unadjusted,303,757999
7329,All,log_program_income_full_clp_m1,.0976117788696573,-.00938013849483846,.0209992610834652,.404053519390973,stata_areg_centered_student_vce_unadjusted,847,757999
7331,All,log_program_income_full_clp_m1,.10138221693282,-.0056097004316758,.0213372917364851,.418819632171712,stata_areg_centered_student_vce_unadjusted,773,757999
7388,All,log_program_income_full_clp_m1,.197448867130665,.0904569497661697,.0489223069254125,.394652301424825,stata_areg_centered_student_vce_unadjusted,275,757999
7401,All,log_program_income_full_clp_m1,.103723871711189,-.00326804565330686,.0577234139350158,.403810694279787,stata_areg_centered_student_vce_unadjusted,298,757999
7404,All,log_program_income_full_clp_m1,-.157463757059188,-.264455674423684,.18027457729396,.123058230851079,stata_areg_centered_student_vce_unadjusted,6,757999
7406,All,log_program_income_full_clp_m1,.175892956998682,.0689010396341862,.0343387212482052,.453982960163768,stata_areg_centered_student_vce_unadjusted,416,757999
7414,All,log_program_income_full_clp_m1,.312012379289688,.205020461925192,.0886288709673098,.515116016599397,stata_areg_centered_student_vce_unadjusted,135,757999
7415,All,log_program_income_full_clp_m1,.253742787465605,.146750870101109,.0849893816733938,.440447484596388,stata_areg_centered_student_vce_unadjusted,169,757999
7416,All,log_program_income_full_clp_m1,.340632025866205,.233640108501709,.0508664230020804,.465017034745328,stata_areg_centered_student_vce_unadjusted,195,757999
7435,All,log_program_income_full_clp_m1,.406232533195032,.299240615830537,.0718224516818689,.504177768604749,stata_areg_centered_student_vce_unadjusted,196,757999
7441,All,log_program_income_full_clp_m1,-.00633718103887385,-.11332909840337,.0733597689076122,.395339457044234,stata_areg_centered_student_vce_unadjusted,46,757999
7459,All,log_program_income_full_clp_m1,-.282292636969773,-.389284554334268,.200450384073822,.108897402892744,stata_areg_centered_student_vce_unadjusted,5,757999
7470,All,log_program_income_full_clp_m1,-.0508671015264411,-.157859018890937,.0336453030902851,.366831171183189,stata_areg_centered_student_vce_unadjusted,242,757999
7505,All,log_program_income_full_clp_m1,.122193741735455,.0152018243709588,.0374888179496824,.374544932986429,stata_areg_centered_student_vce_unadjusted,277,757999
7509,All,log_program_income_full_clp_m1,-.0577675735316957,-.164759490896191,.0711943864856807,.306632921567395,stata_areg_centered_student_vce_unadjusted,46,757999
7536,All,log_program_income_full_clp_m1,.123136977730822,.0161450603663267,.0464511253422058,.410726449219182,stata_areg_centered_student_vce_unadjusted,325,757999
7542,All,log_program_income_full_clp_m1,.057633231711281,-.0493586856532147,.0480057486246316,.388997769511639,stata_areg_centered_student_vce_unadjusted,129,757999
7544,All,log_program_income_full_clp_m1,.147245904721561,.0402539873570647,.0792705666639906,.414075602818915,stata_areg_centered_student_vce_unadjusted,71,757999
7572,All,log_program_income_full_clp_m1,.134490623196485,.0274987058319891,.0598398523153671,.426098512949121,stata_areg_centered_student_vce_unadjusted,141,757999
7578,All,log_program_income_full_clp_m1,-.050258283804822,-.157250201169318,.0292647786621071,.392469887968209,stata_areg_centered_student_vce_unadjusted,273,757999
7614,All,log_program_income_full_clp_m1,-.0359575569978674,-.142949474362363,.0778891833952763,.298249480436479,stata_areg_centered_student_vce_unadjusted,46,757999
7624,All,log_program_income_full_clp_m1,.101924145555193,-.00506777180930268,.127105921654072,.254539639926748,stata_areg_centered_student_vce_unadjusted,12,757999
7625,All,log_program_income_full_clp_m1,-.0556735738907214,-.162665491255217,.0274182181609589,.420620559085355,stata_areg_centered_student_vce_unadjusted,318,757999
7626,All,log_program_income_full_clp_m1,.100798307933663,-.00619360943083279,.0234513991240896,.425603455267954,stata_areg_centered_student_vce_unadjusted,460,757999
7627,All,log_program_income_full_clp_m1,.14946772064351,.0424758032790146,.0227531711070911,.454648728090203,stata_areg_centered_student_vce_unadjusted,624,757999
7628,All,log_program_income_full_clp_m1,.107438716832591,.000446799468095019,.0271627228173137,.383485565735723,stata_areg_centered_student_vce_unadjusted,324,757999
7629,All,log_program_income_full_clp_m1,.0434506159741271,-.0635413013903687,.0239310478363363,.432384281375318,stata_areg_centered_student_vce_unadjusted,456,757999
7639,All,log_program_income_full_clp_m1,.156290127426047,.0492982100615508,.0391047768463969,.43524375875257,stata_areg_centered_student_vce_unadjusted,245,757999
7650,All,log_program_income_full_clp_m1,-.0219707394570243,-.12896265682152,.0468617596799481,.404349395013401,stata_areg_centered_student_vce_unadjusted,121,757999
7651,All,log_program_income_full_clp_m1,.0302099209402578,-.076781996424238,.049355703801225,.394463361199618,stata_areg_centered_student_vce_unadjusted,101,757999
7655,All,log_program_income_full_clp_m1,.199415232741856,.0924233153773606,.444327611581279,.,stata_areg_centered_student_vce_unadjusted,1,757999
7667,All,log_program_income_full_clp_m1,-.0435041495868206,-.150496066951316,.169092717766925,.224027341149175,stata_areg_centered_student_vce_unadjusted,7,757999
7699,All,log_program_income_full_clp_m1,.155195484298453,.0482035669339574,.0239798510317742,.437057665674097,stata_areg_centered_student_vce_unadjusted,936,757999
7700,All,log_program_income_full_clp_m1,.160250776069821,.0532588587053254,.0524734979626471,.475395667507626,stata_areg_centered_student_vce_unadjusted,396,757999
7701,All,log_program_income_full_clp_m1,.224322942975679,.117331025611183,.0662553460217803,.402783098514447,stata_areg_centered_student_vce_unadjusted,332,757999
7705,All,log_program_income_full_clp_m1,.0882259933604605,-.0187659240040353,.0222968570444253,.390993304287714,stata_areg_centered_student_vce_unadjusted,531,757999
7706,All,log_program_income_full_clp_m1,.194875195906694,.0878832785421978,.032541919244287,.469475747965426,stata_areg_centered_student_vce_unadjusted,370,757999
7707,All,log_program_income_full_clp_m1,.0148591222407852,-.0921327951237105,.0524516664146087,.456569049010709,stata_areg_centered_student_vce_unadjusted,276,757999
7709,All,log_program_income_full_clp_m1,.0881510803567215,-.0188408370077743,.0384002534492513,.423377525276443,stata_areg_centered_student_vce_unadjusted,282,757999
7717,All,log_program_income_full_clp_m1,.375843351000046,.26885143363555,.0950988979941912,.486206118036458,stata_areg_centered_student_vce_unadjusted,163,757999
7718,All,log_program_income_full_clp_m1,.262028338043649,.155036420679153,.0715093103586041,.435467753830927,stata_areg_centered_student_vce_unadjusted,89,757999
7720,All,log_program_income_full_clp_m1,.0879070694635057,-.0190848479009901,.0290403468385775,.424502920067918,stata_areg_centered_student_vce_unadjusted,354,757999
7722,All,log_program_income_full_clp_m1,.139634934712789,.0326430173482933,.0564558117147195,.465819694124751,stata_areg_centered_student_vce_unadjusted,103,757999
7724,All,log_program_income_full_clp_m1,.0226974926496809,-.0842944247148149,.0613450837339434,.479892769119901,stata_areg_centered_student_vce_unadjusted,73,757999
7742,All,log_program_income_full_clp_m1,.195407934115747,.0884160167512516,.0509652497816256,.442722100007926,stata_areg_centered_student_vce_unadjusted,254,757999
7743,All,log_program_income_full_clp_m1,.138486119963886,.0314942025993905,.0329657763985383,.439611009481537,stata_areg_centered_student_vce_unadjusted,489,757999
7744,All,log_program_income_full_clp_m1,.0919400643693104,-.0150518529951853,.0537880542735791,.422198790519634,stata_areg_centered_student_vce_unadjusted,308,757999
7753,All,log_program_income_full_clp_m1,.141031375979331,.0340394586148353,.0883852407483865,.410017729782467,stata_areg_centered_student_vce_unadjusted,64,757999
7760,All,log_program_income_full_clp_m1,.0516836131072096,-.0553083042572862,.0848013651096333,.36767472754137,stata_areg_centered_student_vce_unadjusted,42,757999
7772,All,log_program_income_full_clp_m1,-.0997468524149149,-.206738769779411,.0351520097773826,.395726587259408,stata_areg_centered_student_vce_unadjusted,324,757999
7773,All,log_program_income_full_clp_m1,.0677638611553394,-.0392280562091564,.0551652154054375,.490937284834502,stata_areg_centered_student_vce_unadjusted,141,757999
7775,All,log_program_income_full_clp_m1,-.0154899335130782,-.122481850877574,.0738692104218344,.438426362034115,stata_areg_centered_student_vce_unadjusted,55,757999
7776,All,log_program_income_full_clp_m1,.0202918340548066,-.0867000833096892,.1004852103504,.382523262811672,stata_areg_centered_student_vce_unadjusted,25,757999
7826,All,log_program_income_full_clp_m1,.0729921624327175,-.0339997549317783,.0376959173981602,.458380376606122,stata_areg_centered_student_vce_unadjusted,381,757999
7830,All,log_program_income_full_clp_m1,-.0139256136636017,-.120917531028097,.0493585307250779,.419722785608328,stata_areg_centered_student_vce_unadjusted,121,757999
7872,All,log_program_income_full_clp_m1,-.0182002376979694,-.125192155062465,.0785698064383163,.368187484290228,stata_areg_centered_student_vce_unadjusted,60,757999
7907,All,log_program_income_full_clp_m1,.159615438029897,.0526235206654008,.0444589431565041,.411779627447499,stata_areg_centered_student_vce_unadjusted,276,757999
7941,All,log_program_income_full_clp_m1,.080677486868188,-.0263144304963078,.0436374629643538,.399600029310632,stata_areg_centered_student_vce_unadjusted,267,757999
7942,All,log_program_income_full_clp_m1,.233731017792964,.126739100428468,.0504559460848972,.403446642926355,stata_areg_centered_student_vce_unadjusted,197,757999
7956,All,log_program_income_full_clp_m1,.0798227857667538,-.027169131597742,.0351326786471432,.378752685973525,stata_areg_centered_student_vce_unadjusted,278,757999
7970,All,log_program_income_full_clp_m1,.190549687343316,.0835577699788201,.179312128967397,.549687176867862,stata_areg_centered_student_vce_unadjusted,6,757999
7973,All,log_program_income_full_clp_m1,.0552051686423799,-.0517867487221158,.0265095468033215,.460352374200594,stata_areg_centered_student_vce_unadjusted,418,757999
7989,All,log_program_income_full_clp_m1,.143197391262307,.0362054738978113,.0706738628593662,.422467973351545,stata_areg_centered_student_vce_unadjusted,151,757999
8000,All,log_program_income_full_clp_m1,.345716257979832,.238724340615336,.0997451816143154,.512980304156554,stata_areg_centered_student_vce_unadjusted,59,757999
8001,All,log_program_income_full_clp_m1,.00923746292422544,-.0977544544402703,.0244728492419495,.411865236746616,stata_areg_centered_student_vce_unadjusted,904,757999
8002,All,log_program_income_full_clp_m1,.0952847934890727,-.0117071238754231,.0278425860717711,.428540098679219,stata_areg_centered_student_vce_unadjusted,738,757999
8005,All,log_program_income_full_clp_m1,.097408355060963,-.00958356230353276,.0858060338480269,.474585758792412,stata_areg_centered_student_vce_unadjusted,29,757999
8044,All,log_program_income_full_clp_m1,.0431566259580675,-.0638352914064283,.0433989865632064,.405215088513731,stata_areg_centered_student_vce_unadjusted,162,757999
8105,All,log_program_income_full_clp_m1,.103884166263408,-.00310775110108759,.0351560434878642,.439924757861868,stata_areg_centered_student_vce_unadjusted,345,757999
8107,All,log_program_income_full_clp_m1,-.0275958715763461,-.134587788940842,.44559422601908,.,stata_areg_centered_student_vce_unadjusted,1,757999
8108,All,log_program_income_full_clp_m1,.0125511304251651,-.0944407869393307,.0317425971526921,.412353249800281,stata_areg_centered_student_vce_unadjusted,583,757999
8109,All,log_program_income_full_clp_m1,.109852059976728,.00286014261223264,.0312565350590263,.430308807599233,stata_areg_centered_student_vce_unadjusted,522,757999
8111,All,log_program_income_full_clp_m1,-.0772729047893806,-.184264822153876,.0517733782243911,.393141168496109,stata_areg_centered_student_vce_unadjusted,120,757999
8162,All,log_program_income_full_clp_m1,.00347026525542815,-.103521652109068,.0460200881782016,.40541019764561,stata_areg_centered_student_vce_unadjusted,176,757999
8174,All,log_program_income_full_clp_m1,.0521919147403653,-.0548000026241304,.0434325263460604,.374759058270276,stata_areg_centered_student_vce_unadjusted,300,757999
8194,All,log_program_income_full_clp_m1,.223517171801483,.116525254436988,.0537794163745407,.400510857114788,stata_areg_centered_student_vce_unadjusted,169,757999
8195,All,log_program_income_full_clp_m1,-.13212634925784,-.239118266622335,.22608689999899,.0544780573388259,stata_areg_centered_student_vce_unadjusted,4,757999
8206,All,log_program_income_full_clp_m1,.0241474046880572,-.0828445126764385,.0420121922728498,.383631149412513,stata_areg_centered_student_vce_unadjusted,232,757999
8255,All,log_program_income_full_clp_m1,-.0421682937091905,-.149160211073686,.040570516578719,.397197188312636,stata_areg_centered_student_vce_unadjusted,314,757999
8309,All,log_program_income_full_clp_m1,.0961631040943245,-.0108288132701713,.155718000902437,.366486997555768,stata_areg_centered_student_vce_unadjusted,51,757999
8310,All,log_program_income_full_clp_m1,.0815990764200174,-.0253928409444784,.0665053039596779,.396307649399058,stata_areg_centered_student_vce_unadjusted,99,757999
8331,All,log_program_income_full_clp_m1,.144505460092774,.037513542728278,.0777161079822151,.430868526342792,stata_areg_centered_student_vce_unadjusted,88,757999
8339,All,log_program_income_full_clp_m1,.17067995876321,.0636880413987147,.0999513225791985,.37457509920529,stata_areg_centered_student_vce_unadjusted,63,757999
8345,All,log_program_income_full_clp_m1,.00833234254910095,-.0986595748153948,.0363835331342788,.401178784207664,stata_areg_centered_student_vce_unadjusted,285,757999
8352,All,log_program_income_full_clp_m1,.0131664170844591,-.0938255002800367,.0633207076374313,.386164827332826,stata_areg_centered_student_vce_unadjusted,81,757999
8365,All,log_program_income_full_clp_m1,.0351964183831317,-.0717954989813641,.0414660567210597,.4596314249316,stata_areg_centered_student_vce_unadjusted,619,757999
8367,All,log_program_income_full_clp_m1,.0883996345269328,-.0185922828375629,.047025348998501,.427990333691714,stata_areg_centered_student_vce_unadjusted,212,757999
8369,All,log_program_income_full_clp_m1,-.0356206531963948,-.142612570560891,.0455938148392998,.398095715339104,stata_areg_centered_student_vce_unadjusted,130,757999
8375,All,log_program_income_full_clp_m1,.0837548749306184,-.0232370424338774,.0492488862991124,.409505198143886,stata_areg_centered_student_vce_unadjusted,233,757999
8379,All,log_program_income_full_clp_m1,-.406181423395468,-.513173340759964,.195817146460242,.238504659439728,stata_areg_centered_student_vce_unadjusted,6,757999
8380,All,log_program_income_full_clp_m1,.160481989144601,.0534900717801051,.0753998917184508,.367872518551851,stata_areg_centered_student_vce_unadjusted,60,757999
8391,All,log_program_income_full_clp_m1,.0595317789997142,-.0474601383647816,.075152926511052,.386988691051829,stata_areg_centered_student_vce_unadjusted,76,757999
8392,All,log_program_income_full_clp_m1,.0156890789944974,-.0913028383699984,.0909835806603118,.40193287918373,stata_areg_centered_student_vce_unadjusted,50,757999
8394,All,log_program_income_full_clp_m1,.0947747188313665,-.0122171985331293,.0753654142135518,.392450293794209,stata_areg_centered_student_vce_unadjusted,159,757999
8403,All,log_program_income_full_clp_m1,-.0336987910329022,-.140690708397398,.100564603103261,.352906306166586,stata_areg_centered_student_vce_unadjusted,30,757999
8409,All,log_program_income_full_clp_m1,.261851563430351,.154859646065855,.134312479995458,.425847704365417,stata_areg_centered_student_vce_unadjusted,26,757999
8410,All,log_program_income_full_clp_m1,-.00193212677161629,-.108924044136112,.444607466301735,.,stata_areg_centered_student_vce_unadjusted,1,757999
8411,All,log_program_income_full_clp_m1,-.0172861061385778,-.124278023503074,.0502063246842022,.370051634346672,stata_areg_centered_student_vce_unadjusted,201,757999
8421,All,log_program_income_full_clp_m1,.106609838335346,-.000382079029149607,.0544735522621645,.404932375683179,stata_areg_centered_student_vce_unadjusted,254,757999
8422,All,log_program_income_full_clp_m1,.158150133207838,.0511582158433423,.0666404450399799,.444334917077916,stata_areg_centered_student_vce_unadjusted,93,757999
8424,All,log_program_income_full_clp_m1,.100873381778672,-.00611853558582422,.0280640496779142,.393915538565534,stata_areg_centered_student_vce_unadjusted,414,757999
8425,All,log_program_income_full_clp_m1,-.0185640193988028,-.125555936763299,.0316657855230257,.37412401674102,stata_areg_centered_student_vce_unadjusted,280,757999
8427,All,log_program_income_full_clp_m1,.0127034452715354,-.0942884720929603,.0332971590575215,.396701799032292,stata_areg_centered_student_vce_unadjusted,241,757999
8429,All,log_program_income_full_clp_m1,.0505364148080635,-.0564555025564323,.0272849709679797,.387636744390333,stata_areg_centered_student_vce_unadjusted,384,757999
8430,All,log_program_income_full_clp_m1,.0767480478075024,-.0302438695569933,.0408859287555207,.421308405635278,stata_areg_centered_student_vce_unadjusted,131,757999
8432,All,log_program_income_full_clp_m1,-.0134033850079743,-.12039530237247,.0738192230248557,.387943085398393,stata_areg_centered_student_vce_unadjusted,37,757999
8442,All,log_program_income_full_clp_m1,.120157987067783,.0131660697032874,.0372264381079916,.415274779941354,stata_areg_centered_student_vce_unadjusted,208,757999
8454,All,log_program_income_full_clp_m1,.151023172520203,.044031255155707,.0321452700770981,.410063342500543,stata_areg_centered_student_vce_unadjusted,405,757999
8455,All,log_program_income_full_clp_m1,.120818418120558,.0138265007560618,.0436333899172923,.39966545196354,stata_areg_centered_student_vce_unadjusted,281,757999
8457,All,log_program_income_full_clp_m1,.111040498101731,.00404858073723563,.0385793335653297,.375431299962234,stata_areg_centered_student_vce_unadjusted,234,757999
8458,All,log_program_income_full_clp_m1,.185648151576502,.0786562342120063,.0425495006212624,.37440390294914,stata_areg_centered_student_vce_unadjusted,239,757999
8463,All,log_program_income_full_clp_m1,.283134733433049,.176142816068553,.0674932962167005,.584123911817946,stata_areg_centered_student_vce_unadjusted,119,757999
8464,All,log_program_income_full_clp_m1,.356976050119946,.24998413275545,.0613137281120758,.441163808983002,stata_areg_centered_student_vce_unadjusted,169,757999
8474,All,log_program_income_full_clp_m1,-.0287728114749745,-.13576472883947,.0574146058519611,.403487023418117,stata_areg_centered_student_vce_unadjusted,249,757999
8483,All,log_program_income_full_clp_m1,.0999253120966468,-.00706660526784895,.062401773945019,.473613434556567,stata_areg_centered_student_vce_unadjusted,80,757999
8485,All,log_program_income_full_clp_m1,.148442269368232,.0414503520037364,.0172247393203082,.480501577088074,stata_areg_centered_student_vce_unadjusted,2423,757999
8487,All,log_program_income_full_clp_m1,.133643857923069,.0266519405585731,.0170671308434969,.455313791798601,stata_areg_centered_student_vce_unadjusted,1693,757999
8488,All,log_program_income_full_clp_m1,.0709162079693421,-.0360757093951536,.0292073611103036,.41924600822908,stata_areg_centered_student_vce_unadjusted,235,757999
8489,All,log_program_income_full_clp_m1,.177300948925537,.0703090315610407,.0280570432217553,.419146264994774,stata_areg_centered_student_vce_unadjusted,266,757999
8490,All,log_program_income_full_clp_m1,.030961388972728,-.0760305283917677,.0378688422553035,.40130146385238,stata_areg_centered_student_vce_unadjusted,140,757999
8491,All,log_program_income_full_clp_m1,.0829845697576958,-.0240073476067999,.0169462653796849,.46960567341587,stata_areg_centered_student_vce_unadjusted,928,757999
8492,All,log_program_income_full_clp_m1,.136950715972199,.0299587986077028,.021648106822729,.485646917083141,stata_areg_centered_student_vce_unadjusted,434,757999
8494,All,log_program_income_full_clp_m1,.074331939943608,-.0326599774208878,.0329315488985527,.458020771736331,stata_areg_centered_student_vce_unadjusted,185,757999
8495,All,log_program_income_full_clp_m1,.0299635857336241,-.0770283316308716,.0367016670882435,.469710082922542,stata_areg_centered_student_vce_unadjusted,144,757999
8496,All,log_program_income_full_clp_m1,-.0430997156971248,-.150091633061621,.037595953480329,.415351128117006,stata_areg_centered_student_vce_unadjusted,138,757999
8497,All,log_program_income_full_clp_m1,.0148763895191455,-.0921155278453503,.0484992168103235,.497825481408899,stata_areg_centered_student_vce_unadjusted,105,757999
8498,All,log_program_income_full_clp_m1,.179693719548278,.0727018021837822,.0363386836679744,.461160616657061,stata_areg_centered_student_vce_unadjusted,149,757999
8499,All,log_program_income_full_clp_m1,.149806283773209,.0428143664087133,.0190985898017201,.48856632201278,stata_areg_centered_student_vce_unadjusted,680,757999
8500,All,log_program_income_full_clp_m1,.107498585976758,.000506668612261785,.0223400536631364,.493161933889014,stata_areg_centered_student_vce_unadjusted,406,757999
8501,All,log_program_income_full_clp_m1,-.00106352118545167,-.108055438549947,.0471967850251687,.47297595816657,stata_areg_centered_student_vce_unadjusted,89,757999
8502,All,log_program_income_full_clp_m1,.140556089190365,.0335641718258696,.020690076686224,.457857433198822,stata_areg_centered_student_vce_unadjusted,530,757999
8503,All,log_program_income_full_clp_m1,.0863526594041939,-.0206392579603019,.0162971818585909,.450001328092182,stata_areg_centered_student_vce_unadjusted,870,757999
8504,All,log_program_income_full_clp_m1,-.0505075910992761,-.157499508463772,.01860134311037,.353662219334365,stata_areg_centered_student_vce_unadjusted,591,757999
8505,All,log_program_income_full_clp_m1,.106601815078392,-.000390102286103838,.0172167302939001,.427140562334346,stata_areg_centered_student_vce_unadjusted,700,757999
8506,All,log_program_income_full_clp_m1,.0568447771217941,-.0501471402427017,.0177087379806616,.440567892564116,stata_areg_centered_student_vce_unadjusted,671,757999
8507,All,log_program_income_full_clp_m1,.115849092706024,.00885717534152804,.0154436821207868,.480555995041658,stata_areg_centered_student_vce_unadjusted,872,757999
8508,All,log_program_income_full_clp_m1,.0714392380989839,-.0355526792655118,.0434608884265623,.449071420871468,stata_areg_centered_student_vce_unadjusted,106,757999
8510,All,log_program_income_full_clp_m1,.186498259146724,.0795063417822284,.0340990348523559,.428488094105574,stata_areg_centered_student_vce_unadjusted,171,757999
8511,All,log_program_income_full_clp_m1,.0720240386536561,-.0349678787108397,.0432350295395502,.425199327192412,stata_areg_centered_student_vce_unadjusted,191,757999
8514,All,log_program_income_full_clp_m1,.073912512671475,-.0330794046930208,.0293527810321757,.425660478270658,stata_areg_centered_student_vce_unadjusted,330,757999
8518,All,log_program_income_full_clp_m1,.0508327115775329,-.0561592057869629,.0610700552672196,.474698391158477,stata_areg_centered_student_vce_unadjusted,72,757999
8535,All,log_program_income_full_clp_m1,.110112546104568,.0031206287400723,.0607864383341054,.441330001343624,stata_areg_centered_student_vce_unadjusted,69,757999
8542,All,log_program_income_full_clp_m1,.222381200251938,.115389282887442,.0591291361110633,.487790481201952,stata_areg_centered_student_vce_unadjusted,126,757999
8553,All,log_program_income_full_clp_m1,-.108832400119985,-.21582431748448,.0327753074212384,.323164335225791,stata_areg_centered_student_vce_unadjusted,187,757999
8554,All,log_program_income_full_clp_m1,-.117549229643117,-.224541147007613,.074466957568532,.357019430991428,stata_areg_centered_student_vce_unadjusted,35,757999
8571,All,log_program_income_full_clp_m1,-.0121460799054132,-.119137997269909,.178544175524684,.288504904638027,stata_areg_centered_student_vce_unadjusted,6,757999
8587,All,log_program_income_full_clp_m1,-.0997925269445747,-.20678444430907,.0463090595032575,.349569616980229,stata_areg_centered_student_vce_unadjusted,91,757999
8589,All,log_program_income_full_clp_m1,.133964472355096,.0269725549905999,.0387195859299239,.417280673433882,stata_areg_centered_student_vce_unadjusted,457,757999
8592,All,log_program_income_full_clp_m1,.192959671147962,.085967753783466,.0392162336447429,.406541263116279,stata_areg_centered_student_vce_unadjusted,288,757999
8598,All,log_program_income_full_clp_m1,.0500663205803525,-.0569255967841433,.0316162561444258,.462129232540538,stata_areg_centered_student_vce_unadjusted,200,757999
8601,All,log_program_income_full_clp_m1,-.0662110073804199,-.173202924744916,.047692156872145,.428491369707834,stata_areg_centered_student_vce_unadjusted,85,757999
8603,All,log_program_income_full_clp_m1,.214987236445723,.107995319081227,.0166706102625807,.461967073504606,stata_areg_centered_student_vce_unadjusted,1215,757999
8604,All,log_program_income_full_clp_m1,.199020675192867,.0920287578283713,.0597852496373383,.439058211000425,stata_areg_centered_student_vce_unadjusted,245,757999
8609,All,log_program_income_full_clp_m1,.289881286193954,.182889368829459,.0460010512018015,.435744391112285,stata_areg_centered_student_vce_unadjusted,367,757999
8611,All,log_program_income_full_clp_m1,.145801803522944,.038809886158448,.0392606367365635,.422280293272244,stata_areg_centered_student_vce_unadjusted,305,757999
8613,All,log_program_income_full_clp_m1,.0235000079776486,-.0834919093868471,.0624513719173979,.38120633997448,stata_areg_centered_student_vce_unadjusted,119,757999
8614,All,log_program_income_full_clp_m1,.159603070089577,.0526111527250808,.0373478318605273,.402462799634506,stata_areg_centered_student_vce_unadjusted,285,757999
8615,All,log_program_income_full_clp_m1,.131595467000842,.0246035496363465,.059744199414548,.387882689671136,stata_areg_centered_student_vce_unadjusted,63,757999
8616,All,log_program_income_full_clp_m1,-.0204326324210489,-.127424549785545,.0281722258134656,.399120355608636,stata_areg_centered_student_vce_unadjusted,271,757999
8617,All,log_program_income_full_clp_m1,.0466324224517183,-.0603594949127775,.0179987676747208,.406808566619266,stata_areg_centered_student_vce_unadjusted,619,757999
8618,All,log_program_income_full_clp_m1,.155156359652031,.0481644422875355,.0430583599719997,.368126770783556,stata_areg_centered_student_vce_unadjusted,111,757999
8620,All,log_program_income_full_clp_m1,.107002086689353,.0000101693248569512,.0572163375994044,.468138102132085,stata_areg_centered_student_vce_unadjusted,91,757999
8625,All,log_program_income_full_clp_m1,.0558363477298035,-.0511555696346923,.0264319037045704,.492857791662851,stata_areg_centered_student_vce_unadjusted,320,757999
8627,All,log_program_income_full_clp_m1,.115435736930869,.00844381956637344,.0253606964438265,.46282352881059,stata_areg_centered_student_vce_unadjusted,439,757999
8629,All,log_program_income_full_clp_m1,.0338097421057189,-.0731821752587769,.0327655320759985,.416563931520123,stata_areg_centered_student_vce_unadjusted,268,757999
8631,All,log_program_income_full_clp_m1,.128045718718321,.0210538013538253,.0578270655881417,.400556891114077,stata_areg_centered_student_vce_unadjusted,82,757999
8632,All,log_program_income_full_clp_m1,.0350174076635738,-.071974509700922,.0326087758344166,.43023810633925,stata_areg_centered_student_vce_unadjusted,379,757999
8634,All,log_program_income_full_clp_m1,.22130281366577,.114310896301275,.0494063456918266,.425387959704437,stata_areg_centered_student_vce_unadjusted,249,757999
8636,All,log_program_income_full_clp_m1,.106855342140523,-.000136575223973201,.0482880124033339,.471949691153641,stata_areg_centered_student_vce_unadjusted,507,757999
8639,All,log_program_income_full_clp_m1,.172684128496318,.0656922111318226,.0359345620905867,.474635791776592,stata_areg_centered_student_vce_unadjusted,196,757999
8643,All,log_program_income_full_clp_m1,.0410566260758654,-.0659352912886303,.0277499859266361,.472827759113514,stata_areg_centered_student_vce_unadjusted,271,757999
8644,All,log_program_income_full_clp_m1,.00475350237061673,-.102238414993879,.0263209178872366,.431088098326808,stata_areg_centered_student_vce_unadjusted,291,757999
8645,All,log_program_income_full_clp_m1,.192810591012197,.0858186736477008,.0335231152680217,.42495830767528,stata_areg_centered_student_vce_unadjusted,465,757999
8649,All,log_program_income_full_clp_m1,.264073509368604,.157081592004108,.0596011816779664,.437917757761735,stata_areg_centered_student_vce_unadjusted,127,757999
8650,All,log_program_income_full_clp_m1,.10629961529007,-.000692302074425569,.0318055888943483,.470940745671477,stata_areg_centered_student_vce_unadjusted,265,757999
8652,All,log_program_income_full_clp_m1,.216934682044187,.109942764679691,.04614245808276,.435136777960962,stata_areg_centered_student_vce_unadjusted,152,757999
8654,All,log_program_income_full_clp_m1,.0904149836752859,-.0165769336892098,.0513092309161575,.462533841714855,stata_areg_centered_student_vce_unadjusted,76,757999
8657,All,log_program_income_full_clp_m1,.133219412255989,.0262274948914936,.0569751462636123,.476121324692688,stata_areg_centered_student_vce_unadjusted,83,757999
8658,All,log_program_income_full_clp_m1,.211588551002087,.104596633637591,.0397798057686106,.378758474277161,stata_areg_centered_student_vce_unadjusted,164,757999
8663,All,log_program_income_full_clp_m1,.170835228428754,.0638433110642586,.0281303545056655,.458612435282188,stata_areg_centered_student_vce_unadjusted,313,757999
8666,All,log_program_income_full_clp_m1,.140870750578719,.0338788332142229,.0657710294735744,.440142272678938,stata_areg_centered_student_vce_unadjusted,118,757999
8671,All,log_program_income_full_clp_m1,.229452467626275,.12246055026178,.0678684869637835,.488802867278425,stata_areg_centered_student_vce_unadjusted,91,757999
8675,All,log_program_income_full_clp_m1,.216313879159389,.109321961794894,.0402307852455447,.413910322527327,stata_areg_centered_student_vce_unadjusted,182,757999
8676,All,log_program_income_full_clp_m1,.165766062756087,.0587741453915913,.0502358912021287,.406186433418854,stata_areg_centered_student_vce_unadjusted,216,757999
8680,All,log_program_income_full_clp_m1,.201987808110983,.0949958907464877,.0387564488867684,.42574589122887,stata_areg_centered_student_vce_unadjusted,200,757999
8681,All,log_program_income_full_clp_m1,.217967156937057,.110975239572562,.0501982967857469,.391864765473369,stata_areg_centered_student_vce_unadjusted,302,757999
8682,All,log_program_income_full_clp_m1,.245141286450302,.138149369085806,.048594766959214,.434542325830607,stata_areg_centered_student_vce_unadjusted,328,757999
8697,All,log_program_income_full_clp_m1,.10971992062555,.00272800326105423,.0503838135003334,.464743362584652,stata_areg_centered_student_vce_unadjusted,273,757999
8715,All,log_program_income_full_clp_m1,.154335852583497,.0473439352190008,.0767447279264617,.445902141811945,stata_areg_centered_student_vce_unadjusted,51,757999
8724,All,log_program_income_full_clp_m1,.0477226755070946,-.0592692418574011,.0473072228300636,.464787947761256,stata_areg_centered_student_vce_unadjusted,104,757999
8740,All,log_program_income_full_clp_m1,.176585585699081,.0695936683345852,.0637498167800882,.435891569354462,stata_areg_centered_student_vce_unadjusted,146,757999
8748,All,log_program_income_full_clp_m1,.215665953990258,.108674036625762,.0448375348163683,.418467184141037,stata_areg_centered_student_vce_unadjusted,562,757999
8750,All,log_program_income_full_clp_m1,.160486734820674,.0534948174561783,.0438537737597979,.489058257545871,stata_areg_centered_student_vce_unadjusted,347,757999
8754,All,log_program_income_full_clp_m1,.168639457007056,.0616475396425606,.0491082503900751,.475049085270546,stata_areg_centered_student_vce_unadjusted,253,757999
8755,All,log_program_income_full_clp_m1,.313834379619353,.206842462254858,.0686041752756235,.416323311540962,stata_areg_centered_student_vce_unadjusted,72,757999
8756,All,log_program_income_full_clp_m1,.139197511672334,.0322055943078378,.0219347753209094,.447689368009577,stata_areg_centered_student_vce_unadjusted,559,757999
8757,All,log_program_income_full_clp_m1,.197356738034371,.0903648206698752,.04195487357573,.466010253683754,stata_areg_centered_student_vce_unadjusted,493,757999
8759,All,log_program_income_full_clp_m1,.169880782898318,.0628888655338222,.083168610509413,.389555072275693,stata_areg_centered_student_vce_unadjusted,43,757999
8761,All,log_program_income_full_clp_m1,.20488316993201,.097891252567514,.0494899567793788,.473321803334397,stata_areg_centered_student_vce_unadjusted,318,757999
8762,All,log_program_income_full_clp_m1,.18582654002592,.078834622661424,.0651550830176032,.439395790473496,stata_areg_centered_student_vce_unadjusted,84,757999
8769,All,log_program_income_full_clp_m1,.0838039281280765,-.0231879892364193,.058012203407804,.475046679969841,stata_areg_centered_student_vce_unadjusted,170,757999
8791,All,log_program_income_full_clp_m1,.137958425765365,.030966508400869,.0432062686017617,.434406708320591,stata_areg_centered_student_vce_unadjusted,269,757999
8811,All,log_program_income_full_clp_m1,.049217336551437,-.0577745808130587,.0181929099014031,.443815036739486,stata_areg_centered_student_vce_unadjusted,608,757999
8812,All,log_program_income_full_clp_m1,.0716430649061216,-.0353488524583742,.0257629787706091,.479513297274418,stata_areg_centered_student_vce_unadjusted,302,757999
8813,All,log_program_income_full_clp_m1,.135706779694553,.0287148623300574,.0196421986170281,.484501650070312,stata_areg_centered_student_vce_unadjusted,551,757999
8814,All,log_program_income_full_clp_m1,.00382026883509063,-.103171648529405,.0386422981429118,.433905025583238,stata_areg_centered_student_vce_unadjusted,133,757999
8815,All,log_program_income_full_clp_m1,.285664683877771,.178672766513275,.0567206792430447,.504086222749296,stata_areg_centered_student_vce_unadjusted,260,757999
8818,All,log_program_income_full_clp_m1,.18448866343284,.0774967460683446,.0506664069684828,.437781681227819,stata_areg_centered_student_vce_unadjusted,213,757999
8819,All,log_program_income_full_clp_m1,.0872911445612055,-.0197007728032903,.041440305375181,.485406652194279,stata_areg_centered_student_vce_unadjusted,193,757999
8821,All,log_program_income_full_clp_m1,.206672457625763,.0996805402612673,.0499890827229892,.48363362306713,stata_areg_centered_student_vce_unadjusted,375,757999
8822,All,log_program_income_full_clp_m1,.180771359813021,.0737794424485255,.0441713221874449,.468114659070628,stata_areg_centered_student_vce_unadjusted,156,757999
8825,All,log_program_income_full_clp_m1,.201604209559477,.0946122921949812,.0434516036938119,.441972944217265,stata_areg_centered_student_vce_unadjusted,221,757999
8827,All,log_program_income_full_clp_m1,.176309063384221,.069317146019725,.0522955746825857,.429493166739259,stata_areg_centered_student_vce_unadjusted,246,757999
8828,All,log_program_income_full_clp_m1,.173634063783477,.0666421464189811,.0414096474724532,.497609217867881,stata_areg_centered_student_vce_unadjusted,290,757999
8833,All,log_program_income_full_clp_m1,.474924731538634,.367932814174139,.0771427095986423,.468267160668363,stata_areg_centered_student_vce_unadjusted,131,757999
8835,All,log_program_income_full_clp_m1,.146511803118348,.0395198857538519,.0411141621574424,.493476783929895,stata_areg_centered_student_vce_unadjusted,173,757999
8839,All,log_program_income_full_clp_m1,-.137648306191239,-.244640223555735,.0702214206531606,.404407056750701,stata_areg_centered_student_vce_unadjusted,45,757999
8841,All,log_program_income_full_clp_m1,.123048950546466,.0160570331819704,.0588451403483269,.436650662796508,stata_areg_centered_student_vce_unadjusted,238,757999
8846,All,log_program_income_full_clp_m1,.246767470688869,.139775553324373,.0409474054526725,.479187644476819,stata_areg_centered_student_vce_unadjusted,222,757999
8849,All,log_program_income_full_clp_m1,.16155981150836,.0545678941438646,.0499345215284431,.462436745930259,stata_areg_centered_student_vce_unadjusted,251,757999
8854,All,log_program_income_full_clp_m1,.184135458488214,.0771435411237184,.0558117360640284,.486296227569193,stata_areg_centered_student_vce_unadjusted,122,757999
8860,All,log_program_income_full_clp_m1,.0947426945671059,-.0122492227973899,.0789042874046353,.439655638998295,stata_areg_centered_student_vce_unadjusted,38,757999
8861,All,log_program_income_full_clp_m1,.132164426541016,.0251725091765207,.0562875241566533,.50803142132621,stata_areg_centered_student_vce_unadjusted,88,757999
8862,All,log_program_income_full_clp_m1,.418421000770839,.311429083406344,.0890062752948856,.324722316145879,stata_areg_centered_student_vce_unadjusted,395,757999
8863,All,log_program_income_full_clp_m1,.167635602549057,.0606436851845608,.0818684885083904,.535397608221104,stata_areg_centered_student_vce_unadjusted,257,757999
8867,All,log_program_income_full_clp_m1,.315226749523889,.208234832159393,.0601481960268695,.398493640940388,stata_areg_centered_student_vce_unadjusted,235,757999
8868,All,log_program_income_full_clp_m1,.333011218750303,.226019301385807,.0751035672182038,.416545304616921,stata_areg_centered_student_vce_unadjusted,196,757999
8869,All,log_program_income_full_clp_m1,.364186409703772,.257194492339276,.0736654526277828,.372252190203875,stata_areg_centered_student_vce_unadjusted,305,757999
8870,All,log_program_income_full_clp_m1,.244114651199125,.137122733834629,.0414597013356142,.444134673830337,stata_areg_centered_student_vce_unadjusted,337,757999
8871,All,log_program_income_full_clp_m1,.341884528166718,.234892610802222,.0883495210647032,.358469236239041,stata_areg_centered_student_vce_unadjusted,239,757999
8872,All,log_program_income_full_clp_m1,.254501538783047,.147509621418551,.0930971814349264,.474513966217907,stata_areg_centered_student_vce_unadjusted,201,757999
8873,All,log_program_income_full_clp_m1,.366514823987605,.259522906623109,.100541640911808,.332378137676434,stata_areg_centered_student_vce_unadjusted,430,757999
8876,All,log_program_income_full_clp_m1,-.0490713564204918,-.156063273784988,.126658440262547,.575184701429542,stata_areg_centered_student_vce_unadjusted,12,757999
8877,All,log_program_income_full_clp_m1,.331979203754131,.224987286389636,.0594220176464259,.397407948250953,stata_areg_centered_student_vce_unadjusted,506,757999
8878,All,log_program_income_full_clp_m1,.307140988950409,.200149071585913,.059128328194465,.409703778918515,stata_areg_centered_student_vce_unadjusted,258,757999
8880,All,log_program_income_full_clp_m1,-.386433708839777,-.493425626204273,.0906770687433151,.601325803987775,stata_areg_centered_student_vce_unadjusted,183,757999
8885,All,log_program_income_full_clp_m1,.531730402754473,.424738485389977,.0776796642676376,.444761253477393,stata_areg_centered_student_vce_unadjusted,199,757999
8888,All,log_program_income_full_clp_m1,.360699778346902,.253707860982406,.072957215652014,.304192193885277,stata_areg_centered_student_vce_unadjusted,525,757999
8892,All,log_program_income_full_clp_m1,.207995467985212,.101003550620716,.0368426139195274,.439104901523345,stata_areg_centered_student_vce_unadjusted,357,757999
8893,All,log_program_income_full_clp_m1,.17985576473397,.0728638473694739,.0615496627427903,.630500728606348,stata_areg_centered_student_vce_unadjusted,272,757999
8894,All,log_program_income_full_clp_m1,.394554245263941,.287562327899446,.0651738760088726,.41616113045831,stata_areg_centered_student_vce_unadjusted,153,757999
8895,All,log_program_income_full_clp_m1,.0160709769983482,-.0909209403661476,.0913797268462817,.506253442591031,stata_areg_centered_student_vce_unadjusted,34,757999
8900,All,log_program_income_full_clp_m1,.195332812487153,.0883408951226576,.0436112741764159,.442511246780353,stata_areg_centered_student_vce_unadjusted,263,757999
8902,All,log_program_income_full_clp_m1,.384013196769373,.277021279404877,.0951367082986595,.3606259835075,stata_areg_centered_student_vce_unadjusted,244,757999
8903,All,log_program_income_full_clp_m1,.296930791889306,.189938874524811,.0942604967876543,.514202553806699,stata_areg_centered_student_vce_unadjusted,101,757999
8904,All,log_program_income_full_clp_m1,.402498583677188,.295506666312692,.0890813013840864,.385553584049955,stata_areg_centered_student_vce_unadjusted,195,757999
8905,All,log_program_income_full_clp_m1,.156683353877079,.0496914365125836,.0604486842113567,.512214595147306,stata_areg_centered_student_vce_unadjusted,91,757999
8906,All,log_program_income_full_clp_m1,.468288316934778,.361296399570282,.0715582124460103,.351889425756105,stata_areg_centered_student_vce_unadjusted,677,757999
8909,All,log_program_income_full_clp_m1,.077516940316728,-.0294749770477677,.0648770159349488,.468397917529961,stata_areg_centered_student_vce_unadjusted,279,757999
8911,All,log_program_income_full_clp_m1,.246971885300865,.13997996793637,.0946400717781689,.420473277189779,stata_areg_centered_student_vce_unadjusted,56,757999
8914,All,log_program_income_full_clp_m1,.285364162741322,.178372245376827,.0718227759560253,.485881325110368,stata_areg_centered_student_vce_unadjusted,69,757999
8917,All,log_program_income_full_clp_m1,.275057272990387,.168065355625891,.0809331922422347,.500240357001222,stata_areg_centered_student_vce_unadjusted,336,757999
8919,All,log_program_income_full_clp_m1,.293964227694027,.186972310329531,.0493154534282399,.490764758623829,stata_areg_centered_student_vce_unadjusted,257,757999
8921,All,log_program_income_full_clp_m1,.192653920630669,.0856620032661729,.0574537318058685,.538893043654567,stata_areg_centered_student_vce_unadjusted,83,757999
8923,All,log_program_income_full_clp_m1,-.0776661122802512,-.184658029644747,.0740391775682251,.652469749910819,stata_areg_centered_student_vce_unadjusted,507,757999
8925,All,log_program_income_full_clp_m1,.0987296961865854,-.00826222117791039,.0172297146726631,.445735147322945,stata_areg_centered_student_vce_unadjusted,763,757999
8926,All,log_program_income_full_clp_m1,.170755946200298,.0637640288358027,.0207723709157482,.4376631199708,stata_areg_centered_student_vce_unadjusted,808,757999
8927,All,log_program_income_full_clp_m1,.197437911464231,.0904459940997356,.0216060827069642,.44607783898611,stata_areg_centered_student_vce_unadjusted,1076,757999
8928,All,log_program_income_full_clp_m1,.134642521507029,.0276506041425332,.0148050009156578,.480514342715575,stata_areg_centered_student_vce_unadjusted,1337,757999
8930,All,log_program_income_full_clp_m1,.156007968418018,.049016051053522,.0163517728521605,.444162566035605,stata_areg_centered_student_vce_unadjusted,826,757999
8938,All,log_program_income_full_clp_m1,.0535059873131222,-.0534859300513736,.0252004029592036,.45331605326195,stata_areg_centered_student_vce_unadjusted,310,757999
8944,All,log_program_income_full_clp_m1,.158203779427622,.0512118620631266,.0368698018792443,.499558108190613,stata_areg_centered_student_vce_unadjusted,228,757999
8945,All,log_program_income_full_clp_m1,.0603493809679704,-.0466425363965253,.0225132244277273,.384931843135605,stata_areg_centered_student_vce_unadjusted,402,757999
8950,All,log_program_income_full_clp_m1,.22413740459635,.117145487231854,.0456636735002656,.437722198635196,stata_areg_centered_student_vce_unadjusted,197,757999
8953,All,log_program_income_full_clp_m1,.456250275938034,.349258358573539,.0645681133878513,.428695479469564,stata_areg_centered_student_vce_unadjusted,202,757999
8954,All,log_program_income_full_clp_m1,.15003905405763,.0430471366931341,.0435638169512133,.487844886031793,stata_areg_centered_student_vce_unadjusted,292,757999
8956,All,log_program_income_full_clp_m1,-.0358791008962045,-.1428710182607,.0809069575271747,.507869672977727,stata_areg_centered_student_vce_unadjusted,42,757999
8959,All,log_program_income_full_clp_m1,.172955981960891,.0659640645963957,.0795796538434509,.434881581102607,stata_areg_centered_student_vce_unadjusted,52,757999
8966,All,log_program_income_full_clp_m1,.356346983548909,.249355066184413,.0502302539850404,.4601072617954,stata_areg_centered_student_vce_unadjusted,436,757999
8969,All,log_program_income_full_clp_m1,.151228283251231,.044236365886735,.0578074308217047,.452255652860126,stata_areg_centered_student_vce_unadjusted,156,757999
8972,All,log_program_income_full_clp_m1,.382350042714629,.275358125350133,.0627036294620706,.320571200542898,stata_areg_centered_student_vce_unadjusted,396,757999
8974,All,log_program_income_full_clp_m1,.0200818040881336,-.0869101132763622,.0722006060132389,.531801683706008,stata_areg_centered_student_vce_unadjusted,76,757999
8978,All,log_program_income_full_clp_m1,.57326021407405,.466268296709554,.0577794326641252,.469152605645564,stata_areg_centered_student_vce_unadjusted,360,757999
8979,All,log_program_income_full_clp_m1,.309278140452896,.2022862230884,.0686400333330136,.55360797336768,stata_areg_centered_student_vce_unadjusted,489,757999
8981,All,log_program_income_full_clp_m1,.254096407939211,.147104490574715,.0572394676492326,.490753282235825,stata_areg_centered_student_vce_unadjusted,159,757999
8984,All,log_program_income_full_clp_m1,.334304270345608,.227312352981112,.058880383196295,.398250090074239,stata_areg_centered_student_vce_unadjusted,269,757999
8988,All,log_program_income_full_clp_m1,.269862392907586,.162870475543091,.0669817479708184,.444642536302947,stata_areg_centered_student_vce_unadjusted,79,757999
8991,All,log_program_income_full_clp_m1,.32748082266999,.220488905305494,.0638385704825355,.408766656657381,stata_areg_centered_student_vce_unadjusted,423,757999
8992,All,log_program_income_full_clp_m1,.375050101933356,.26805818456886,.0703927438522621,.479955197569481,stata_areg_centered_student_vce_unadjusted,209,757999
8995,All,log_program_income_full_clp_m1,.319237136893517,.212245219529021,.0860652967889467,.47258769254681,stata_areg_centered_student_vce_unadjusted,441,757999
8996,All,log_program_income_full_clp_m1,.190347009961414,.083355092596918,.0583417809841493,.417200202553686,stata_areg_centered_student_vce_unadjusted,486,757999
8997,All,log_program_income_full_clp_m1,-.0099142923739158,-.116906209738412,.0410960748615794,.486451874478747,stata_areg_centered_student_vce_unadjusted,118,757999
8998,All,log_program_income_full_clp_m1,.306423785355061,.199431867990566,.0694137513260832,.497100162829159,stata_areg_centered_student_vce_unadjusted,118,757999
9003,All,log_program_income_full_clp_m1,.236073052990207,.129081135625711,.0547473402980917,.455350410823792,stata_areg_centered_student_vce_unadjusted,390,757999
9004,All,log_program_income_full_clp_m1,-.448635599695761,-.555627517060256,.256614513211554,.697132579726276,stata_areg_centered_student_vce_unadjusted,3,757999
9006,All,log_program_income_full_clp_m1,-.105389831984425,-.212381749348921,.0293563584885951,.414206866663765,stata_areg_centered_student_vce_unadjusted,293,757999
9007,All,log_program_income_full_clp_m1,.0464413452917934,-.0605505720727023,.0377609206818406,.449456860013267,stata_areg_centered_student_vce_unadjusted,163,757999
9008,All,log_program_income_full_clp_m1,.116819283492873,.00982736612837756,.0333853767691608,.424685323314679,stata_areg_centered_student_vce_unadjusted,212,757999
9020,All,log_program_income_full_clp_m1,.198155626769224,.0911637094047284,.0498178963527401,.472470538862934,stata_areg_centered_student_vce_unadjusted,232,757999
9033,All,log_program_income_full_clp_m1,.0844939488975541,-.0224979684669417,.0458464002413754,.446796251029956,stata_areg_centered_student_vce_unadjusted,247,757999
9035,All,log_program_income_full_clp_m1,.306916270251733,.199924352887237,.0659627023800432,.446713865373629,stata_areg_centered_student_vce_unadjusted,95,757999
9038,All,log_program_income_full_clp_m1,.0327179013674017,-.074274015997094,.0756568964435274,.474353700476184,stata_areg_centered_student_vce_unadjusted,35,757999
9039,All,log_program_income_full_clp_m1,.106932305886703,-.0000596114777932366,.0557288127382145,.448375163028676,stata_areg_centered_student_vce_unadjusted,81,757999
9042,All,log_program_income_full_clp_m1,.124925919345365,.0179340019808693,.0597236093365111,.485173063489154,stata_areg_centered_student_vce_unadjusted,247,757999
9046,All,log_program_income_full_clp_m1,.321316941334026,.214325023969531,.089693715186169,.463779063054473,stata_areg_centered_student_vce_unadjusted,491,757999
9051,All,log_program_income_full_clp_m1,.300924127102781,.193932209738285,.0664948095528104,.451373447601716,stata_areg_centered_student_vce_unadjusted,503,757999
9053,All,log_program_income_full_clp_m1,.172015546314183,.0650236289496868,.0439816274282155,.476200593236962,stata_areg_centered_student_vce_unadjusted,280,757999
9054,All,log_program_income_full_clp_m1,.266714650769725,.159722733405229,.0704827187572856,.409483408600129,stata_areg_centered_student_vce_unadjusted,81,757999
9058,All,log_program_income_full_clp_m1,.0988439898486142,-.00814792751588157,.0187417669017005,.44468405196493,stata_areg_centered_student_vce_unadjusted,605,757999
9060,All,log_program_income_full_clp_m1,.0985160537616552,-.00847586360284056,.0278380120105348,.500646488760801,stata_areg_centered_student_vce_unadjusted,260,757999
9061,All,log_program_income_full_clp_m1,.0984505908177894,-.00854132654670636,.0322075784709003,.454258107711652,stata_areg_centered_student_vce_unadjusted,192,757999
9063,All,log_program_income_full_clp_m1,.0590835578013753,-.0479083595631205,.0170171623333793,.515318331622129,stata_areg_centered_student_vce_unadjusted,737,757999
9064,All,log_program_income_full_clp_m1,-.0874645612542773,-.194456478618773,.0229726025317726,.373672460353561,stata_areg_centered_student_vce_unadjusted,399,757999
9065,All,log_program_income_full_clp_m1,.0819850016552876,-.0250069157092082,.0230186615184873,.459440083131103,stata_areg_centered_student_vce_unadjusted,395,757999
9069,All,log_program_income_full_clp_m1,-.0212811993699159,-.128273116734412,.0602055966104333,.397585307438091,stata_areg_centered_student_vce_unadjusted,69,757999
9071,All,log_program_income_full_clp_m1,.127369160771592,.0203772434070963,.0318899667661673,.523677510416913,stata_areg_centered_student_vce_unadjusted,430,757999
9072,All,log_program_income_full_clp_m1,.0371400796805819,-.0698518376839138,.0353329113524825,.40941551217838,stata_areg_centered_student_vce_unadjusted,196,757999
9073,All,log_program_income_full_clp_m1,.0923779458124154,-.0146139715520804,.0264302383786459,.441451694370123,stata_areg_centered_student_vce_unadjusted,384,757999
9074,All,log_program_income_full_clp_m1,.119593591085002,.0126016737205067,.0187234979496105,.433355474577178,stata_areg_centered_student_vce_unadjusted,817,757999
9075,All,log_program_income_full_clp_m1,.0479857853025397,-.0590061320619561,.0480676436242029,.496286853934198,stata_areg_centered_student_vce_unadjusted,85,757999
9077,All,log_program_income_full_clp_m1,-.107235854360505,-.214227771725001,.0276019641240825,.444870949487669,stata_areg_centered_student_vce_unadjusted,270,757999
9078,All,log_program_income_full_clp_m1,.0243315595992308,-.082660357765265,.0444206722769082,.470414137979868,stata_areg_centered_student_vce_unadjusted,251,757999
9082,All,log_program_income_full_clp_m1,.078223557651273,-.0287683597132228,.0244633846655387,.446331460414224,stata_areg_centered_student_vce_unadjusted,333,757999
9086,All,log_program_income_full_clp_m1,-.440339739918832,-.547331657283328,.437310284604395,.,stata_areg_centered_student_vce_unadjusted,1,757999
9087,All,log_program_income_full_clp_m1,.130828456077818,.0238365387133219,.035581378438749,.451838390094968,stata_areg_centered_student_vce_unadjusted,208,757999
9088,All,log_program_income_full_clp_m1,.0991518015353259,-.00784011582916988,.0364147931977937,.454751687972524,stata_areg_centered_student_vce_unadjusted,249,757999
9098,All,log_program_income_full_clp_m1,-.173354673785287,-.280346591149783,.121913038517742,.189785795118155,stata_areg_centered_student_vce_unadjusted,13,757999
9100,All,log_program_income_full_clp_m1,.114505330984629,.00751341362013286,.0443024894979826,.461347318019185,stata_areg_centered_student_vce_unadjusted,489,757999
9103,All,log_program_income_full_clp_m1,-.556973216888673,-.663965134253169,.438104842564146,.,stata_areg_centered_student_vce_unadjusted,1,757999
9105,All,log_program_income_full_clp_m1,-.0694922052082447,-.176484122572741,.0424827946251817,.388619669624753,stata_areg_centered_student_vce_unadjusted,170,757999
9106,All,log_program_income_full_clp_m1,.0768674141010266,-.0301245032634692,.0243887912495493,.4652407997215,stata_areg_centered_student_vce_unadjusted,433,757999
9107,All,log_program_income_full_clp_m1,-.0484820669523144,-.15547398431681,.0681963757678373,.293526054214915,stata_areg_centered_student_vce_unadjusted,42,757999
9111,All,log_program_income_full_clp_m1,-.000880242758718891,-.107872160123215,.0591375875839253,.438764969704891,stata_areg_centered_student_vce_unadjusted,66,757999
9117,All,log_program_income_full_clp_m1,.0568477017981844,-.0501442155663113,.0622950221843133,.434264819544555,stata_areg_centered_student_vce_unadjusted,92,757999
9121,All,log_program_income_full_clp_m1,-.107362306442983,-.214354223807479,.104413415679217,.380074190650935,stata_areg_centered_student_vce_unadjusted,18,757999
9127,All,log_program_income_full_clp_m1,-.061478336522929,-.168470253887425,.0983056597515452,.352382780301637,stata_areg_centered_student_vce_unadjusted,20,757999
9135,All,log_program_income_full_clp_m1,.0558406535326328,-.0511512638318629,.0917711008292057,.516099773414978,stata_areg_centered_student_vce_unadjusted,28,757999
9140,All,log_program_income_full_clp_m1,.0517721150012467,-.0552198023632491,.0480434921986245,.446702123859386,stata_areg_centered_student_vce_unadjusted,149,757999
9144,All,log_program_income_full_clp_m1,-.238844382182095,-.345836299546591,.437055595062839,.,stata_areg_centered_student_vce_unadjusted,1,757999
9146,All,log_program_income_full_clp_m1,-.543926610348001,-.650918527712497,.310599012997002,.143714935062903,stata_areg_centered_student_vce_unadjusted,2,757999
9147,All,log_program_income_full_clp_m1,.122766592715153,.0157746753506569,.0553191532156541,.467561891992446,stata_areg_centered_student_vce_unadjusted,103,757999
9150,All,log_program_income_full_clp_m1,.0577488564997232,-.0492430608647725,.0400135531209678,.441202660161195,stata_areg_centered_student_vce_unadjusted,173,757999
9151,All,log_program_income_full_clp_m1,.158189176478744,.0511972591142486,.0718503118719563,.422086089162834,stata_areg_centered_student_vce_unadjusted,40,757999
9158,All,log_program_income_full_clp_m1,.120198572960485,.0132066555959892,.0337895820218314,.452621906148368,stata_areg_centered_student_vce_unadjusted,319,757999
9159,All,log_program_income_full_clp_m1,.0283346787877481,-.0786572385767477,.0308996087972618,.396570232718854,stata_areg_centered_student_vce_unadjusted,211,757999
9164,All,log_program_income_full_clp_m1,.0889980450599981,-.0179938723044977,.0225724313537416,.449904853568368,stata_areg_centered_student_vce_unadjusted,474,757999
9168,All,log_program_income_full_clp_m1,.170004387444272,.0630124700797761,.0429172832549967,.440871106341754,stata_areg_centered_student_vce_unadjusted,207,757999
9171,All,log_program_income_full_clp_m1,-.26727906314188,-.374270980506376,.436883949954537,.,stata_areg_centered_student_vce_unadjusted,1,757999
9172,All,log_program_income_full_clp_m1,-.113780697110577,-.220772614475073,.0720715479187281,.307861673352082,stata_areg_centered_student_vce_unadjusted,47,757999
9177,All,log_program_income_full_clp_m1,.0000660479971767312,-.106925869367319,.0361469185531466,.451978438701021,stata_areg_centered_student_vce_unadjusted,151,757999
9179,All,log_program_income_full_clp_m1,.11023542985026,.00324351248576439,.0567485330240404,.439178431961505,stata_areg_centered_student_vce_unadjusted,189,757999
9182,All,log_program_income_full_clp_m1,.0417595385449611,-.0652323788195347,.0375939192008647,.436421253901228,stata_areg_centered_student_vce_unadjusted,167,757999
9183,All,log_program_income_full_clp_m1,.599292470617438,.492300553252943,.438781061823785,.,stata_areg_centered_student_vce_unadjusted,1,757999
9184,All,log_program_income_full_clp_m1,.154949810449268,.0479578930847718,.0486588331738725,.463067930261575,stata_areg_centered_student_vce_unadjusted,129,757999
9185,All,log_program_income_full_clp_m1,.17871021870074,.0717183013362444,.0382689096334341,.453009032470217,stata_areg_centered_student_vce_unadjusted,409,757999
9189,All,log_program_income_full_clp_m1,.00565271871602613,-.10133919864847,.309295897737575,.274300878404116,stata_areg_centered_student_vce_unadjusted,2,757999
9194,All,log_program_income_full_clp_m1,.0862382299687662,-.0207536873957296,.0253946616668952,.45147488906655,stata_areg_centered_student_vce_unadjusted,327,757999
9200,All,log_program_income_full_clp_m1,.115859120484123,.00886720311962751,.0520095998935615,.43244062118572,stata_areg_centered_student_vce_unadjusted,118,757999
9208,All,log_program_income_full_clp_m1,.0641242918832558,-.0428676254812399,.0473379094962842,.439907992310175,stata_areg_centered_student_vce_unadjusted,140,757999
9209,All,log_program_income_full_clp_m1,.0759676128671152,-.0310243044973806,.0383757915227872,.443011811295772,stata_areg_centered_student_vce_unadjusted,184,757999
9213,All,log_program_income_full_clp_m1,.0299067042190167,-.0770852131454791,.0539777508404975,.458683471169973,stata_areg_centered_student_vce_unadjusted,90,757999
9216,All,log_program_income_full_clp_m1,-.0331703062025299,-.140162223567026,.0779032356045963,.622775677524227,stata_areg_centered_student_vce_unadjusted,134,757999
9217,All,log_program_income_full_clp_m1,.248170163312983,.141178245948487,.0520506155867769,.479335341101153,stata_areg_centered_student_vce_unadjusted,127,757999
9221,All,log_program_income_full_clp_m1,.0521825293683484,-.0548093879961474,.0379298216926579,.461712858962546,stata_areg_centered_student_vce_unadjusted,247,757999
9228,All,log_program_income_full_clp_m1,.13421775710482,.027225839740324,.0827297587877412,.488105120802947,stata_areg_centered_student_vce_unadjusted,39,757999
9230,All,log_program_income_full_clp_m1,.129488758955027,.0224968415905313,.0676859881639792,.418990286911377,stata_areg_centered_student_vce_unadjusted,70,757999
9237,All,log_program_income_full_clp_m1,.169791864398148,.0627999470336523,.0967161679617121,.61652155665806,stata_areg_centered_student_vce_unadjusted,288,757999
9239,All,log_program_income_full_clp_m1,.204866927462658,.0978750100981624,.0641989257967746,.400295661481556,stata_areg_centered_student_vce_unadjusted,103,757999
9244,All,log_program_income_full_clp_m1,.238017778027585,.131025860663089,.052778076115305,.465436608692768,stata_areg_centered_student_vce_unadjusted,170,757999
9246,All,log_program_income_full_clp_m1,.172658172133503,.0656662547690068,.0472481489229626,.490032981022868,stata_areg_centered_student_vce_unadjusted,259,757999
9249,All,log_program_income_full_clp_m1,.206979021241046,.0999871038765504,.0729582295654417,.47263772549078,stata_areg_centered_student_vce_unadjusted,190,757999
9250,All,log_program_income_full_clp_m1,.294321613426337,.187329696061842,.0460905201643912,.489964210038926,stata_areg_centered_student_vce_unadjusted,415,757999
9259,All,log_program_income_full_clp_m1,.146089705899031,.039097788534535,.0314981172171087,.47849304828337,stata_areg_centered_student_vce_unadjusted,348,757999
9263,All,log_program_income_full_clp_m1,.0702440552658868,-.0367478620986089,.0675871777456772,.499255524374955,stata_areg_centered_student_vce_unadjusted,47,757999
9267,All,log_program_income_full_clp_m1,.0636032170603411,-.0433887003041547,.0311528196762639,.460525881145682,stata_areg_centered_student_vce_unadjusted,401,757999
9270,All,log_program_income_full_clp_m1,.248557278942002,.141565361577506,.0789893100191281,.408075023104465,stata_areg_centered_student_vce_unadjusted,39,757999
9271,All,log_program_income_full_clp_m1,.35592953422261,.248937616858114,.06694183780689,.437817980143815,stata_areg_centered_student_vce_unadjusted,192,757999
9276,All,log_program_income_full_clp_m1,.199464140627348,.0924722232628521,.059312748605366,.464032423295821,stata_areg_centered_student_vce_unadjusted,175,757999
9277,All,log_program_income_full_clp_m1,.215146854867332,.108154937502836,.0431487673777429,.480957397646865,stata_areg_centered_student_vce_unadjusted,207,757999
9278,All,log_program_income_full_clp_m1,.27813079313284,.171138875768345,.0482062068092483,.427292941514824,stata_areg_centered_student_vce_unadjusted,174,757999
9281,All,log_program_income_full_clp_m1,.0961537331456189,-.0108381842188769,.0281757250876808,.463294644428152,stata_areg_centered_student_vce_unadjusted,253,757999
9283,All,log_program_income_full_clp_m1,.0855941852731648,-.021397732091331,.0414484253880077,.480277309948941,stata_areg_centered_student_vce_unadjusted,123,757999
9285,All,log_program_income_full_clp_m1,.0462350484993529,-.0607568688651429,.0703807216391883,.448685513152184,stata_areg_centered_student_vce_unadjusted,63,757999
9288,All,log_program_income_full_clp_m1,.105988732356599,-.00100318500789667,.0472204464371236,.449042299258223,stata_areg_centered_student_vce_unadjusted,119,757999
9292,All,log_program_income_full_clp_m1,.07061618948978,-.0363757278747158,.0358881498291648,.459364826953658,stata_areg_centered_student_vce_unadjusted,173,757999
9293,All,log_program_income_full_clp_m1,.0635154637607136,-.0434764536037822,.0685867059215566,.41914163269549,stata_areg_centered_student_vce_unadjusted,58,757999
9294,All,log_program_income_full_clp_m1,-.0670065778590706,-.173998495223566,.0743929300004976,.396045408401137,stata_areg_centered_student_vce_unadjusted,55,757999
9298,All,log_program_income_full_clp_m1,-.004587915143334,-.11157983250783,.036082449336719,.458202355798918,stata_areg_centered_student_vce_unadjusted,170,757999
9312,All,log_program_income_full_clp_m1,.118623848605441,.0116319312409449,.0217806504252749,.456641298595451,stata_areg_centered_student_vce_unadjusted,474,757999
9317,All,log_program_income_full_clp_m1,.127275434596159,.0202835172316636,.0502664388936935,.487404552278884,stata_areg_centered_student_vce_unadjusted,325,757999
9318,All,log_program_income_full_clp_m1,.122197321197989,.015205403833493,.0493777639403603,.432697379950039,stata_areg_centered_student_vce_unadjusted,99,757999
9324,All,log_program_income_full_clp_m1,.193293310041839,.086301392677343,.0659522625667509,.426649315474679,stata_areg_centered_student_vce_unadjusted,76,757999
9328,All,log_program_income_full_clp_m1,-.0225336240675394,-.129525541432035,.0233857759051563,.392058549334787,stata_areg_centered_student_vce_unadjusted,420,757999
9331,All,log_program_income_full_clp_m1,.118322528363608,.0113306109991117,.146161775082151,.363187753710499,stata_areg_centered_student_vce_unadjusted,9,757999
9332,All,log_program_income_full_clp_m1,.0438418429733681,-.0631500743911277,.0399073837339615,.419424484032254,stata_areg_centered_student_vce_unadjusted,172,757999
9334,All,log_program_income_full_clp_m1,.230399932253103,.123408014888607,.439016506677858,.,stata_areg_centered_student_vce_unadjusted,1,757999
9339,All,log_program_income_full_clp_m1,.042186405749361,-.0648055116151348,.0747154308878292,.472306781652543,stata_areg_centered_student_vce_unadjusted,42,757999
9340,All,log_program_income_full_clp_m1,.201076194887705,.094084277523209,.0246875955248226,.428172163463964,stata_areg_centered_student_vce_unadjusted,612,757999
9347,All,log_program_income_full_clp_m1,.0756840588705413,-.0313078584939544,.0200581068082836,.430907410066027,stata_areg_centered_student_vce_unadjusted,677,757999
9356,All,log_program_income_full_clp_m1,.0457415377973037,-.061250379567192,.0329185488099351,.438784739375452,stata_areg_centered_student_vce_unadjusted,486,757999
9362,All,log_program_income_full_clp_m1,.0578785117165491,-.0491134056479467,.0373976358799224,.486438427959459,stata_areg_centered_student_vce_unadjusted,255,757999
9369,All,log_program_income_full_clp_m1,.0455766466766153,-.0614152706878804,.0433988972464463,.468609024594151,stata_areg_centered_student_vce_unadjusted,269,757999
9373,All,log_program_income_full_clp_m1,.136889801126891,.0298978837623955,.0529105444178407,.424797672018875,stata_areg_centered_student_vce_unadjusted,222,757999
9375,All,log_program_income_full_clp_m1,-.00117793607972634,-.108169853444222,.0272429003125192,.4174738223491,stata_areg_centered_student_vce_unadjusted,292,757999
9377,All,log_program_income_full_clp_m1,.201122589164815,.0941306718003191,.0244930696956601,.436375778580264,stata_areg_centered_student_vce_unadjusted,386,757999
9385,All,log_program_income_full_clp_m1,.12174773200778,.0147558146432843,.0363508911636921,.459234387227957,stata_areg_centered_student_vce_unadjusted,266,757999
9396,All,log_program_income_full_clp_m1,.0752289458856594,-.0317629714788364,.0646289852233118,.466350519315593,stata_areg_centered_student_vce_unadjusted,78,757999
9405,All,log_program_income_full_clp_m1,.0760529705790152,-.0309389467854806,.0358154629661699,.454160464147717,stata_areg_centered_student_vce_unadjusted,161,757999
9406,All,log_program_income_full_clp_m1,.157180983294875,.0501890659303797,.0288673884165983,.473947414688204,stata_areg_centered_student_vce_unadjusted,367,757999
9407,All,log_program_income_full_clp_m1,.005409790248512,-.101582127115984,.0194784290347891,.438394121994688,stata_areg_centered_student_vce_unadjusted,553,757999
9408,All,log_program_income_full_clp_m1,.0761818810709098,-.030810036293586,.0346742948291066,.470926166578664,stata_areg_centered_student_vce_unadjusted,167,757999
9409,All,log_program_income_full_clp_m1,.0847525601752655,-.0222393571892303,.0200212323315912,.417151975926584,stata_areg_centered_student_vce_unadjusted,503,757999
9410,All,log_program_income_full_clp_m1,-.0599801867916566,-.166972104156152,.0514200018415041,.430219190933912,stata_areg_centered_student_vce_unadjusted,78,757999
9411,All,log_program_income_full_clp_m1,.0752097929303619,-.0317821244341338,.0487325893745731,.466999187437557,stata_areg_centered_student_vce_unadjusted,106,757999
9419,All,log_program_income_full_clp_m1,-.0229183290903977,-.129910246454894,.0850800949929279,.440145797174012,stata_areg_centered_student_vce_unadjusted,31,757999
9422,All,log_program_income_full_clp_m1,.0355608853404135,-.0714310320240823,.180640809994529,.442120144939913,stata_areg_centered_student_vce_unadjusted,6,757999
9431,All,log_program_income_full_clp_m1,.451069652974874,.344077735610378,.437992201501944,.,stata_areg_centered_student_vce_unadjusted,1,757999
9457,All,log_program_income_full_clp_m1,-.623346498311112,-.730338415675608,.436698465337282,.,stata_areg_centered_student_vce_unadjusted,1,757999
9460,All,log_program_income_full_clp_m1,-.0588359769106876,-.165827894275183,.0622515443742278,.466016838845362,stata_areg_centered_student_vce_unadjusted,50,757999
9461,All,log_program_income_full_clp_m1,-.0237680833498663,-.130760000714362,.253112541505769,.307517727128896,stata_areg_centered_student_vce_unadjusted,3,757999
9472,All,log_program_income_full_clp_m1,-.0200455246080297,-.127037441972525,.0147924958569005,.410247178164311,stata_areg_centered_student_vce_unadjusted,961,757999
9474,All,log_program_income_full_clp_m1,.0648805974071546,-.0421113199573412,.0259912159975646,.385470817811967,stata_areg_centered_student_vce_unadjusted,300,757999
9484,All,log_program_income_full_clp_m1,.177700823713626,.0707089063491306,.0399385202014716,.384238319158946,stata_areg_centered_student_vce_unadjusted,261,757999
9486,All,log_program_income_full_clp_m1,.0897529945914353,-.0172389227730605,.0445718193696904,.449970065318787,stata_areg_centered_student_vce_unadjusted,183,757999
9487,All,log_program_income_full_clp_m1,.0721405896655383,-.0348513276989575,.0364529621256632,.423011922345307,stata_areg_centered_student_vce_unadjusted,148,757999
9489,All,log_program_income_full_clp_m1,.0663348947641827,-.040657022600313,.0310040342357085,.433093782002538,stata_areg_centered_student_vce_unadjusted,218,757999
9500,All,log_program_income_full_clp_m1,.127459048129294,.0204671307647987,.0798422281727103,.440157460234119,stata_areg_centered_student_vce_unadjusted,91,757999
9502,All,log_program_income_full_clp_m1,.130128242404741,.0231363250402455,.0555818409613583,.432890062597884,stata_areg_centered_student_vce_unadjusted,139,757999
9504,All,log_program_income_full_clp_m1,.139489723042095,.0324978056775989,.0228104386915767,.431511297949158,stata_areg_centered_student_vce_unadjusted,587,757999
9505,All,log_program_income_full_clp_m1,.160475166554053,.0534832491895568,.0387511650332973,.436628652440841,stata_areg_centered_student_vce_unadjusted,301,757999
9506,All,log_program_income_full_clp_m1,.0253051229066485,-.0816867944578473,.219848314335485,.406410146628648,stata_areg_centered_student_vce_unadjusted,4,757999
9509,All,log_program_income_full_clp_m1,.0713695977044781,-.0356223196600177,.0826617257659435,.450757600686963,stata_areg_centered_student_vce_unadjusted,85,757999
9519,All,log_program_income_full_clp_m1,.187171370688015,.0801794533235192,.0510530484563869,.439169973369277,stata_areg_centered_student_vce_unadjusted,281,757999
9534,All,log_program_income_full_clp_m1,.15285435515502,.0458624377905246,.030181211202042,.468241250465312,stata_areg_centered_student_vce_unadjusted,364,757999
9547,All,log_program_income_full_clp_m1,-.0617518706173528,-.168743787981849,.310961677532713,.0945391988165914,stata_areg_centered_student_vce_unadjusted,2,757999
9553,All,log_program_income_full_clp_m1,.0701769991687561,-.0368149181957397,.057948909772244,.440532049396678,stata_areg_centered_student_vce_unadjusted,121,757999
9564,All,log_program_income_full_clp_m1,.203845234189404,.0968533168249085,.0633126789502357,.456470088617237,stata_areg_centered_student_vce_unadjusted,335,757999
9570,All,log_program_income_full_clp_m1,.10689467476952,-.0000972425949755662,.081227720465574,.485310080793885,stata_areg_centered_student_vce_unadjusted,342,757999
9579,All,log_program_income_full_clp_m1,.0941738859842885,-.0128180313802073,.0207526108733051,.490450684055351,stata_areg_centered_student_vce_unadjusted,480,757999
9581,All,log_program_income_full_clp_m1,-.00312754991144816,-.110119467275944,.0229228836517782,.371671674710339,stata_areg_centered_student_vce_unadjusted,378,757999
9582,All,log_program_income_full_clp_m1,.00627850497449286,-.100713412390003,.0362588438325879,.409168389547505,stata_areg_centered_student_vce_unadjusted,159,757999
9583,All,log_program_income_full_clp_m1,.0024534185566567,-.104538498807839,.0240240851600486,.374793826082092,stata_areg_centered_student_vce_unadjusted,398,757999
9584,All,log_program_income_full_clp_m1,.0796300934178264,-.0273618239466694,.0275080982441777,.487241481026821,stata_areg_centered_student_vce_unadjusted,272,757999
9585,All,log_program_income_full_clp_m1,-.225495177266009,-.332487094630505,.127593695075617,.217991231957406,stata_areg_centered_student_vce_unadjusted,12,757999
9586,All,log_program_income_full_clp_m1,-.162348059433822,-.269339976798317,.106664722660053,.333369609374629,stata_areg_centered_student_vce_unadjusted,17,757999
9587,All,log_program_income_full_clp_m1,.0227039222877179,-.0842879950767779,.0422722436093247,.403012316982905,stata_areg_centered_student_vce_unadjusted,135,757999
9599,All,log_program_income_full_clp_m1,.149201124086442,.0422092067219462,.0433662835934388,.433468227692821,stata_areg_centered_student_vce_unadjusted,124,757999
9601,All,log_program_income_full_clp_m1,-.0108733679090695,-.117865285273565,.0381043479698788,.412347367163303,stata_areg_centered_student_vce_unadjusted,142,757999
9608,All,log_program_income_full_clp_m1,-.0256923716817634,-.132684289046259,.0432744434948195,.413278524514433,stata_areg_centered_student_vce_unadjusted,107,757999
9611,All,log_program_income_full_clp_m1,-.317201951984329,-.424193869348825,.436936610191284,.,stata_areg_centered_student_vce_unadjusted,1,757999
9614,All,log_program_income_full_clp_m1,-.338233665905507,-.445225583270003,.441540895292093,.,stata_areg_centered_student_vce_unadjusted,1,757999
9616,All,log_program_income_full_clp_m1,.108193053056751,.00120113569225506,.309765985577034,.16578237163439,stata_areg_centered_student_vce_unadjusted,2,757999
9617,All,log_program_income_full_clp_m1,-.283542274968095,-.390534192332591,.183979466968113,.252719878445815,stata_areg_centered_student_vce_unadjusted,6,757999
9631,All,log_program_income_full_clp_m1,-.185900429056982,-.292892346421478,.0666631255146827,.204251674286689,stata_areg_centered_student_vce_unadjusted,44,757999
9634,All,log_program_income_full_clp_m1,.00227833909991941,-.104713578264576,.0284399690504668,.429715693633399,stata_areg_centered_student_vce_unadjusted,544,757999
9637,All,log_program_income_full_clp_m1,.108525530889126,.00153361352463058,.0308678221160021,.447784348304856,stata_areg_centered_student_vce_unadjusted,485,757999
9638,All,log_program_income_full_clp_m1,.159820621973888,.0528287046093918,.0560727145349298,.476642686531517,stata_areg_centered_student_vce_unadjusted,101,757999
9646,All,log_program_income_full_clp_m1,.10996628321172,.00297436584722403,.0232674941985371,.450256622500201,stata_areg_centered_student_vce_unadjusted,456,757999
9647,All,log_program_income_full_clp_m1,.156749692358948,.0497577749944522,.0353212436154435,.469081025825151,stata_areg_centered_student_vce_unadjusted,359,757999
9655,All,log_program_income_full_clp_m1,.0803471097861884,-.0266448075783074,.0360206811377407,.433953062994276,stata_areg_centered_student_vce_unadjusted,298,757999
9656,All,log_program_income_full_clp_m1,.147344727415727,.0403528100512316,.0357834368865229,.422809258499435,stata_areg_centered_student_vce_unadjusted,374,757999
9659,All,log_program_income_full_clp_m1,.0858233602240985,-.0211685571403973,.0286579200563809,.443469790705906,stata_areg_centered_student_vce_unadjusted,348,757999
9660,All,log_program_income_full_clp_m1,.116940696646862,.00994877928236655,.0281253868592431,.440564850823382,stata_areg_centered_student_vce_unadjusted,384,757999
9665,All,log_program_income_full_clp_m1,.00919906769860822,-.0977928496658876,.0292436453239971,.426392702340754,stata_areg_centered_student_vce_unadjusted,295,757999
9666,All,log_program_income_full_clp_m1,-.0133091798866104,-.120301097251106,.0870235243397354,.342300207255763,stata_areg_centered_student_vce_unadjusted,28,757999
9668,All,log_program_income_full_clp_m1,.233734804716902,.126742887352406,.0984094160993362,.501183314578939,stata_areg_centered_student_vce_unadjusted,26,757999
9673,All,log_program_income_full_clp_m1,.158872205367166,.0518802880026698,.0419925808240591,.491084740969748,stata_areg_centered_student_vce_unadjusted,156,757999
9684,All,log_program_income_full_clp_m1,.17062426460422,.0636323472397241,.0443422689113062,.404705637001928,stata_areg_centered_student_vce_unadjusted,249,757999
9686,All,log_program_income_full_clp_m1,-.0693840552690962,-.176375972633592,.0281683570109152,.324754674629172,stata_areg_centered_student_vce_unadjusted,266,757999
9687,All,log_program_income_full_clp_m1,-.00129321213815172,-.108285129502648,.0330207520159187,.415880064033931,stata_areg_centered_student_vce_unadjusted,183,757999
9688,All,log_program_income_full_clp_m1,.0365312080927536,-.0704607092717421,.0302714226755078,.415956763998261,stata_areg_centered_student_vce_unadjusted,222,757999
9690,All,log_program_income_full_clp_m1,-.0972389807837257,-.204230898148221,.0551542103134868,.369332745979044,stata_areg_centered_student_vce_unadjusted,66,757999
9693,All,log_program_income_full_clp_m1,.0869750294994836,-.0200168878650122,.0172965857997421,.474316734366508,stata_areg_centered_student_vce_unadjusted,707,757999
9694,All,log_program_income_full_clp_m1,.0917037279415753,-.0152881894229205,.0306953979657475,.465854577914152,stata_areg_centered_student_vce_unadjusted,224,757999
9695,All,log_program_income_full_clp_m1,.0246662271271022,-.0823256902373936,.0673654785165813,.42402596734706,stata_areg_centered_student_vce_unadjusted,47,757999
9697,All,log_program_income_full_clp_m1,.139288131246351,.032296213881855,.0493435026227013,.458776942838897,stata_areg_centered_student_vce_unadjusted,86,757999
9698,All,log_program_income_full_clp_m1,-.409043879070899,-.516035796435395,.440395839517462,.,stata_areg_centered_student_vce_unadjusted,1,757999
9699,All,log_program_income_full_clp_m1,-.143328196806941,-.250320114171437,.438000632176561,.,stata_areg_centered_student_vce_unadjusted,1,757999
9701,All,log_program_income_full_clp_m1,.00182136846009112,-.105170548904405,.0634017424048397,.428404917357037,stata_areg_centered_student_vce_unadjusted,60,757999
9709,All,log_program_income_full_clp_m1,.0781667384739656,-.0288251788905302,.439638601811115,.,stata_areg_centered_student_vce_unadjusted,1,757999
9713,All,log_program_income_full_clp_m1,-.142049030475602,-.249040947840098,.106410095661708,.221029917370582,stata_areg_centered_student_vce_unadjusted,17,757999
9720,All,log_program_income_full_clp_m1,-.323951814429706,-.430943731794202,.438167739878176,.,stata_areg_centered_student_vce_unadjusted,1,757999
9722,All,log_program_income_full_clp_m1,-.115274391656508,-.222266309021004,.0546673629575057,.460955131030745,stata_areg_centered_student_vce_unadjusted,65,757999
9726,All,log_program_income_full_clp_m1,.0376010577759389,-.0693908595885568,.0503450128296374,.407414837465563,stata_areg_centered_student_vce_unadjusted,82,757999
9738,All,log_program_income_full_clp_m1,-.32278318719184,-.429775104556335,.437968250941517,.,stata_areg_centered_student_vce_unadjusted,1,757999
9747,All,log_program_income_full_clp_m1,-.072166236390052,-.179158153754548,.0625887812027092,.361165355367704,stata_areg_centered_student_vce_unadjusted,50,757999
9754,All,log_program_income_full_clp_m1,.0388031146316251,-.0681888027328707,.0228892164115684,.436041144181991,stata_areg_centered_student_vce_unadjusted,388,757999
9757,All,log_program_income_full_clp_m1,.122975508556111,.0159835911916153,.0394732227309581,.427298259055452,stata_areg_centered_student_vce_unadjusted,244,757999
9758,All,log_program_income_full_clp_m1,.125491047504312,.0184991301398167,.0470909026105724,.454436262779579,stata_areg_centered_student_vce_unadjusted,281,757999
9759,All,log_program_income_full_clp_m1,.149871281382741,.0428793640182456,.0295112661685599,.41327309595847,stata_areg_centered_student_vce_unadjusted,303,757999
9766,All,log_program_income_full_clp_m1,.116735075683973,.00974315831947696,.0727151673904089,.434703799234646,stata_areg_centered_student_vce_unadjusted,156,757999
9767,All,log_program_income_full_clp_m1,.0842517285183169,-.0227401888461788,.0699953563664549,.449364108072732,stata_areg_centered_student_vce_unadjusted,310,757999
9768,All,log_program_income_full_clp_m1,.150806828784689,.0438149114201932,.036818926019716,.478717689873088,stata_areg_centered_student_vce_unadjusted,418,757999
9771,All,log_program_income_full_clp_m1,.110486714378145,.00349479701364926,.0300622283268484,.421722052606662,stata_areg_centered_student_vce_unadjusted,269,757999
9779,All,log_program_income_full_clp_m1,-.00478085388263502,-.111772771247131,.0212349682734928,.435980314181741,stata_areg_centered_student_vce_unadjusted,467,757999
9780,All,log_program_income_full_clp_m1,.104779571306015,-.00221234605848079,.0430172453086439,.416872614021331,stata_areg_centered_student_vce_unadjusted,124,757999
9781,All,log_program_income_full_clp_m1,.0187919741114125,-.0881999432530833,.0151467040838602,.441332687989592,stata_areg_centered_student_vce_unadjusted,942,757999
9784,All,log_program_income_full_clp_m1,.0956803771868714,-.0113115401776244,.0389281059035677,.456784592842211,stata_areg_centered_student_vce_unadjusted,131,757999
9796,All,log_program_income_full_clp_m1,.0882300848987274,-.0187618324657684,.0562004170293545,.450977339478657,stata_areg_centered_student_vce_unadjusted,119,757999
9797,All,log_program_income_full_clp_m1,.0948468759701919,-.0121450413943039,.0560354908844418,.464667119614852,stata_areg_centered_student_vce_unadjusted,136,757999
9799,All,log_program_income_full_clp_m1,.105558912203029,-.00143300516146708,.0288636473056128,.448306121963286,stata_areg_centered_student_vce_unadjusted,480,757999
9800,All,log_program_income_full_clp_m1,.173430559269688,.0664386419051918,.0391036627388966,.395971448950571,stata_areg_centered_student_vce_unadjusted,293,757999
9801,All,log_program_income_full_clp_m1,.124723971653409,.0177320542889135,.0363887872223223,.43361005302789,stata_areg_centered_student_vce_unadjusted,208,757999
9810,All,log_program_income_full_clp_m1,.148592699038658,.0416007816741624,.0388341525247583,.470045523695525,stata_areg_centered_student_vce_unadjusted,197,757999
9824,All,log_program_income_full_clp_m1,.131795200527983,.0248032831634867,.034395714788553,.443078527328449,stata_areg_centered_student_vce_unadjusted,257,757999
9827,All,log_program_income_full_clp_m1,.135894503257672,.0289025858931766,.0212964606707569,.430631700966586,stata_areg_centered_student_vce_unadjusted,567,757999
9828,All,log_program_income_full_clp_m1,.0388515513256998,-.068140366038796,.0600545670170015,.435667310522633,stata_areg_centered_student_vce_unadjusted,69,757999
9829,All,log_program_income_full_clp_m1,.0444032628995571,-.0625886544649386,.0201786537583538,.421785918261346,stata_areg_centered_student_vce_unadjusted,513,757999
9834,All,log_program_income_full_clp_m1,.0240790068414933,-.0829129105230025,.0219544239883509,.404439349018397,stata_areg_centered_student_vce_unadjusted,517,757999
9844,All,log_program_income_full_clp_m1,.0927612710848149,-.0142306462796809,.0474131412269014,.394088188682056,stata_areg_centered_student_vce_unadjusted,186,757999
9845,All,log_program_income_full_clp_m1,.0836393059683638,-.0233526113961319,.0404940655780169,.412020402643868,stata_areg_centered_student_vce_unadjusted,247,757999
9852,All,log_program_income_full_clp_m1,.157396728408649,.0504048110441532,.0334483237343314,.469420005063579,stata_areg_centered_student_vce_unadjusted,407,757999
9853,All,log_program_income_full_clp_m1,.110943988097353,.00395207073285736,.0469557500160882,.448243984296738,stata_areg_centered_student_vce_unadjusted,116,757999
9855,All,log_program_income_full_clp_m1,.267307802470107,.160315885105611,.0754949979365177,.417865357227383,stata_areg_centered_student_vce_unadjusted,65,757999
9860,All,log_program_income_full_clp_m1,.137709229047272,.0307173116827766,.0183790006228398,.496575763155781,stata_areg_centered_student_vce_unadjusted,611,757999
9861,All,log_program_income_full_clp_m1,.0426122359480279,-.0643796814164678,.0510181761741038,.468000108841568,stata_areg_centered_student_vce_unadjusted,109,757999
9862,All,log_program_income_full_clp_m1,.0715194726797588,-.035472444684737,.0253760834373499,.426294812101245,stata_areg_centered_student_vce_unadjusted,339,757999
9863,All,log_program_income_full_clp_m1,.0805950921480417,-.0263968252164541,.0331441394624377,.428796825457306,stata_areg_centered_student_vce_unadjusted,210,757999
9864,All,log_program_income_full_clp_m1,.0839440688754141,-.0230478484890816,.0347232821874084,.412782702589197,stata_areg_centered_student_vce_unadjusted,204,757999
9865,All,log_program_income_full_clp_m1,.0179657742231741,-.0890261431413217,.0424459348761337,.407809194816827,stata_areg_centered_student_vce_unadjusted,153,757999
9866,All,log_program_income_full_clp_m1,.190845702275163,.0838537849106677,.0264122864890121,.507554957853288,stata_areg_centered_student_vce_unadjusted,302,757999
9867,All,log_program_income_full_clp_m1,-.0421246617483789,-.149116579112875,.0228374207316692,.432560248778963,stata_areg_centered_student_vce_unadjusted,437,757999
9877,All,log_program_income_full_clp_m1,-.0982060075964835,-.205197924960979,.0803764257321525,.311391762026716,stata_areg_centered_student_vce_unadjusted,30,757999
9879,All,log_program_income_full_clp_m1,-.369623906664465,-.476615824028961,.437385432021991,.,stata_areg_centered_student_vce_unadjusted,1,757999
9887,All,log_program_income_full_clp_m1,.110180826312839,.00318890894834371,.0516587381732514,.431869144007355,stata_areg_centered_student_vce_unadjusted,79,757999
9889,All,log_program_income_full_clp_m1,.0467309341372988,-.060260983227197,.0355557276287199,.425803958357528,stata_areg_centered_student_vce_unadjusted,200,757999
9896,All,log_program_income_full_clp_m1,.0140534059603271,-.0929385114041687,.0292095441147625,.45259533081071,stata_areg_centered_student_vce_unadjusted,238,757999
9897,All,log_program_income_full_clp_m1,.0786856294425948,-.028306287921901,.0148080773483942,.44556679039978,stata_areg_centered_student_vce_unadjusted,1032,757999
9900,All,log_program_income_full_clp_m1,.0415696201601538,-.065422297204342,.0203613204303447,.44646974798119,stata_areg_centered_student_vce_unadjusted,545,757999
9903,All,log_program_income_full_clp_m1,.106417854529561,-.000574062834934733,.0315742697168699,.448559702936952,stata_areg_centered_student_vce_unadjusted,337,757999
9905,All,log_program_income_full_clp_m1,.151529115865573,.0445371985010771,.0617781983285407,.478167405705588,stata_areg_centered_student_vce_unadjusted,316,757999
9906,All,log_program_income_full_clp_m1,.055536340942628,-.0514555764218678,.0291278310337665,.427700390496666,stata_areg_centered_student_vce_unadjusted,295,757999
9907,All,log_program_income_full_clp_m1,.1371259726408,.0301340552763046,.0362417697913091,.439797546443142,stata_areg_centered_student_vce_unadjusted,267,757999
9909,All,log_program_income_full_clp_m1,.0339629729526555,-.0730289444118403,.0180075296673272,.422830582123965,stata_areg_centered_student_vce_unadjusted,890,757999
9910,All,log_program_income_full_clp_m1,.0214684710580535,-.0855234463064423,.0573324775717843,.423890572639226,stata_areg_centered_student_vce_unadjusted,92,757999
9911,All,log_program_income_full_clp_m1,.106492191509723,-.000499725854773037,.0361290880774268,.402195774624794,stata_areg_centered_student_vce_unadjusted,295,757999
9912,All,log_program_income_full_clp_m1,.104090377757092,-.0029015396074035,.045856337530285,.445561887617094,stata_areg_centered_student_vce_unadjusted,154,757999
9913,All,log_program_income_full_clp_m1,-.0915946583328567,-.198586575697352,.165424790284559,.296695151012598,stata_areg_centered_student_vce_unadjusted,7,757999
9917,All,log_program_income_full_clp_m1,.00792322322417862,-.0990686941403171,.0220911516285005,.414581187259001,stata_areg_centered_student_vce_unadjusted,642,757999
9919,All,log_program_income_full_clp_m1,.117067585030338,.0100756676658422,.05644586973945,.440056274080532,stata_areg_centered_student_vce_unadjusted,144,757999
9924,All,log_program_income_full_clp_m1,.0814173021102303,-.0255746152542655,.0588683188820913,.426364116454512,stata_areg_centered_student_vce_unadjusted,392,757999
9926,All,log_program_income_full_clp_m1,.0900996692296483,-.0168922481348474,.0546768958382567,.437216543034424,stata_areg_centered_student_vce_unadjusted,117,757999
9930,All,log_program_income_full_clp_m1,.200910024997597,.0939181076331016,.0543766928405389,.450597989627497,stata_areg_centered_student_vce_unadjusted,119,757999
9937,All,log_program_income_full_clp_m1,.135650608420482,.0286586910559867,.0363585593229115,.415487631030554,stata_areg_centered_student_vce_unadjusted,246,757999
9940,All,log_program_income_full_clp_m1,.0384133033814442,-.0685786139830516,.042356843509052,.470690209096823,stata_areg_centered_student_vce_unadjusted,318,757999
9942,All,log_program_income_full_clp_m1,.015243079988318,-.0917488373761778,.0772444627706702,.422404676626896,stata_areg_centered_student_vce_unadjusted,41,757999
9945,All,log_program_income_full_clp_m1,.0188422919465413,-.0881496254179545,.0498261282685053,.409456666589097,stata_areg_centered_student_vce_unadjusted,94,757999
9947,All,log_program_income_full_clp_m1,.10906511278568,.00207319542118414,.0348941526119464,.46627929959269,stata_areg_centered_student_vce_unadjusted,572,757999
9950,All,log_program_income_full_clp_m1,.156696363430685,.0497044460661895,.050496020616609,.449998660259425,stata_areg_centered_student_vce_unadjusted,142,757999
9955,All,log_program_income_full_clp_m1,.105517376280329,-.00147454108416699,.0453968038011036,.419574341056532,stata_areg_centered_student_vce_unadjusted,118,757999
9957,All,log_program_income_full_clp_m1,-.0822800414038153,-.189271958768311,.0170257353345339,.471280034449826,stata_areg_centered_student_vce_unadjusted,723,757999
9959,All,log_program_income_full_clp_m1,.0950232885245664,-.0119686288399294,.0248836917379654,.441168610838692,stata_areg_centered_student_vce_unadjusted,652,757999
9960,All,log_program_income_full_clp_m1,.157484456044916,.0504925386804203,.0644608051450441,.451529365662196,stata_areg_centered_student_vce_unadjusted,110,757999
9967,All,log_program_income_full_clp_m1,.151588468496011,.044596551131515,.0561875962853402,.444040930871347,stata_areg_centered_student_vce_unadjusted,203,757999
9970,All,log_program_income_full_clp_m1,.183354440124559,.0763625227600637,.070047449024616,.415938964004608,stata_areg_centered_student_vce_unadjusted,52,757999
9972,All,log_program_income_full_clp_m1,.099595819703441,-.00739609766105481,.040997357132199,.442224884494352,stata_areg_centered_student_vce_unadjusted,177,757999
9973,All,log_program_income_full_clp_m1,.0633102774164857,-.0436816399480101,.0714557403409845,.501777847933505,stata_areg_centered_student_vce_unadjusted,127,757999
9979,All,log_program_income_full_clp_m1,.116635665612199,.00964374824770335,.0790201955517967,.439765405426384,stata_areg_centered_student_vce_unadjusted,90,757999
9981,All,log_program_income_full_clp_m1,.0523952775609048,-.054596639803591,.022137206598437,.442298776105708,stata_areg_centered_student_vce_unadjusted,420,757999
9982,All,log_program_income_full_clp_m1,.0697379029804168,-.037254014384079,.0184026036985483,.4210280926676,stata_areg_centered_student_vce_unadjusted,652,757999
9985,All,log_program_income_full_clp_m1,-.0478155326631414,-.154807450027637,.0290135474587899,.391713631266955,stata_areg_centered_student_vce_unadjusted,237,757999
9986,All,log_program_income_full_clp_m1,.105987275383367,-.00100464198112843,.0372780912747716,.456842449792091,stata_areg_centered_student_vce_unadjusted,144,757999
10023,All,log_program_income_full_clp_m1,.143501160456258,.036509243091762,.0388827185115272,.464747556611856,stata_areg_centered_student_vce_unadjusted,187,757999
10030,All,log_program_income_full_clp_m1,.15570043173644,.0487085143719444,.0323528657994245,.447776361687544,stata_areg_centered_student_vce_unadjusted,535,757999
10042,All,log_program_income_full_clp_m1,.128053259306611,.0210613419421147,.0481950785825889,.421952299032681,stata_areg_centered_student_vce_unadjusted,339,757999
10044,All,log_program_income_full_clp_m1,.0862422760740533,-.0207496412904425,.0203647121078957,.463915063802015,stata_areg_centered_student_vce_unadjusted,504,757999
10052,All,log_program_income_full_clp_m1,-.099432639841729,-.206424557206225,.0278385695283438,.351741430675826,stata_areg_centered_student_vce_unadjusted,263,757999
10058,All,log_program_income_full_clp_m1,.100668365384831,-.00632355197966455,.0448494489425253,.485038981260661,stata_areg_centered_student_vce_unadjusted,148,757999
10069,All,log_program_income_full_clp_m1,.0737846983085826,-.0332072190559131,.0361678274362416,.443978809050284,stata_areg_centered_student_vce_unadjusted,259,757999
10073,All,log_program_income_full_clp_m1,.0834683889800242,-.0235235283844715,.0195524792264965,.493746115736967,stata_areg_centered_student_vce_unadjusted,547,757999
10075,All,log_program_income_full_clp_m1,-.00604318578323223,-.113035103147728,.033429473978509,.441235321630384,stata_areg_centered_student_vce_unadjusted,187,757999
10076,All,log_program_income_full_clp_m1,-.000479409880469987,-.107471327244966,.0251224722461652,.39608639638105,stata_areg_centered_student_vce_unadjusted,368,757999
10077,All,log_program_income_full_clp_m1,-.03293498058809,-.139926897952586,.0289760311961826,.422394634850081,stata_areg_centered_student_vce_unadjusted,244,757999
10087,All,log_program_income_full_clp_m1,-.185503563848969,-.292495481213464,.309014893228863,.0161320828365565,stata_areg_centered_student_vce_unadjusted,2,757999
10088,All,log_program_income_full_clp_m1,-.118380433986317,-.225372351350812,.437539849140264,.,stata_areg_centered_student_vce_unadjusted,1,757999
10091,All,log_program_income_full_clp_m1,.0577925429435704,-.0491993744209253,.0431253470736977,.420506671262182,stata_areg_centered_student_vce_unadjusted,130,757999
10102,All,log_program_income_full_clp_m1,-.0675020576788189,-.174493975043315,.437279318959194,.,stata_areg_centered_student_vce_unadjusted,1,757999
10106,All,log_program_income_full_clp_m1,.0797139268661796,-.0272779904983162,.0428397095005528,.429368959644452,stata_areg_centered_student_vce_unadjusted,136,757999
10120,All,log_program_income_full_clp_m1,-.0973997902377938,-.20439170760229,.0500834062920613,.25899215551158,stata_areg_centered_student_vce_unadjusted,78,757999
10126,All,log_program_income_full_clp_m1,-.0147990806028285,-.121790997967324,.0563800964800763,.330852017530935,stata_areg_centered_student_vce_unadjusted,80,757999
10128,All,log_program_income_full_clp_m1,-.0113797385650995,-.118371655929595,.0612578335056717,.36528725618378,stata_areg_centered_student_vce_unadjusted,52,757999
10130,All,log_program_income_full_clp_m1,.168988606393506,.0619966890290102,.0632898533907662,.492671443847953,stata_areg_centered_student_vce_unadjusted,117,757999
10140,All,log_program_income_full_clp_m1,.111795986731239,.00480406936674349,.069150768507059,.456131812858826,stata_areg_centered_student_vce_unadjusted,93,757999
10158,All,log_program_income_full_clp_m1,.228488818094616,.12149690073012,.0379066893815325,.471377917990381,stata_areg_centered_student_vce_unadjusted,264,757999
10162,All,log_program_income_full_clp_m1,.072660935096952,-.0343309822675437,.0407263744953772,.427013473419366,stata_areg_centered_student_vce_unadjusted,153,757999
10164,All,log_program_income_full_clp_m1,.0676825866978339,-.0393093306666619,.0456350017453303,.429282860501013,stata_areg_centered_student_vce_unadjusted,145,757999
10187,All,log_program_income_full_clp_m1,.0991358690501177,-.00785604831437811,.0348052957820396,.401845982218783,stata_areg_centered_student_vce_unadjusted,308,757999
10193,All,log_program_income_full_clp_m1,.0434196965953267,-.0635722207691691,.0462437132165424,.440893239781854,stata_areg_centered_student_vce_unadjusted,143,757999
10196,All,log_program_income_full_clp_m1,.107591779013172,.000599861648675898,.0184881470492653,.480172966023652,stata_areg_centered_student_vce_unadjusted,728,757999
10199,All,log_program_income_full_clp_m1,.0488445831495601,-.0581473342149356,.055525260806145,.462466523759314,stata_areg_centered_student_vce_unadjusted,114,757999
10201,All,log_program_income_full_clp_m1,-.0809963902101285,-.187988307574624,.0869888144085386,.316251660962403,stata_areg_centered_student_vce_unadjusted,26,757999
10220,All,log_program_income_full_clp_m1,.193288216248607,.0862962988841108,.0388058926058212,.469097766271024,stata_areg_centered_student_vce_unadjusted,222,757999
10223,All,log_program_income_full_clp_m1,.0958778356879271,-.0111140816765687,.021708506587695,.429661779440082,stata_areg_centered_student_vce_unadjusted,523,757999
10224,All,log_program_income_full_clp_m1,.0618094905761357,-.04518242678836,.0370964375613135,.391900988782546,stata_areg_centered_student_vce_unadjusted,278,757999
10232,All,log_program_income_full_clp_m1,.0528422200864731,-.0541496972780227,.0335098859641213,.448519323644693,stata_areg_centered_student_vce_unadjusted,283,757999
10239,All,log_program_income_full_clp_m1,-.0791283180817939,-.18612023544629,.436982117830464,.,stata_areg_centered_student_vce_unadjusted,1,757999
10240,All,log_program_income_full_clp_m1,.0325144478666746,-.0744774694978212,.039346852787742,.442465385416449,stata_areg_centered_student_vce_unadjusted,180,757999
10246,All,log_program_income_full_clp_m1,.0749633994796059,-.0320285178848899,.0367074555225389,.454051050223515,stata_areg_centered_student_vce_unadjusted,526,757999
10248,All,log_program_income_full_clp_m1,.0856275862415326,-.0213643311229632,.02262691578371,.478985670716891,stata_areg_centered_student_vce_unadjusted,424,757999
10250,All,log_program_income_full_clp_m1,.0352865218113376,-.0717053955531582,.0387969606289652,.398920753339955,stata_areg_centered_student_vce_unadjusted,176,757999
10251,All,log_program_income_full_clp_m1,.0342086160097156,-.0727833013547801,.0466708624980862,.471132645050082,stata_areg_centered_student_vce_unadjusted,131,757999
10252,All,log_program_income_full_clp_m1,.147301941294782,.0403100239302861,.0541462610943886,.443414002682391,stata_areg_centered_student_vce_unadjusted,100,757999
10253,All,log_program_income_full_clp_m1,.059260629672973,-.0477312876915227,.0248855742148728,.44335464382784,stata_areg_centered_student_vce_unadjusted,414,757999
10254,All,log_program_income_full_clp_m1,.0333847520497974,-.0736071653146983,.0414740240467865,.446990990038358,stata_areg_centered_student_vce_unadjusted,124,757999
10255,All,log_program_income_full_clp_m1,.0498844317643449,-.0571074856001509,.0238008690236223,.385212717100496,stata_areg_centered_student_vce_unadjusted,380,757999
10259,All,log_program_income_full_clp_m1,.0334225288179241,-.0735693885465716,.045442134370783,.477203840311554,stata_areg_centered_student_vce_unadjusted,116,757999
10263,All,log_program_income_full_clp_m1,.117696574396537,.0107046570320411,.438071146603494,.,stata_areg_centered_student_vce_unadjusted,1,757999
10269,All,log_program_income_full_clp_m1,.00401624350525333,-.102975673859242,.0494904565689807,.414116967788726,stata_areg_centered_student_vce_unadjusted,101,757999
10272,All,log_program_income_full_clp_m1,-.176303819389045,-.283295736753541,.43822337529689,.,stata_areg_centered_student_vce_unadjusted,1,757999
10313,All,log_program_income_full_clp_m1,.136472578487047,.0294806611225516,.0325237446528975,.427453913329723,stata_areg_centered_student_vce_unadjusted,266,757999
10315,All,log_program_income_full_clp_m1,.0759653657788188,-.031026551585677,.0611843848539877,.471197423610768,stata_areg_centered_student_vce_unadjusted,149,757999
10320,All,log_program_income_full_clp_m1,.0482632370475197,-.0587286803169761,.0312104574692215,.449216742474149,stata_areg_centered_student_vce_unadjusted,279,757999
10329,All,log_program_income_full_clp_m1,.00568538119383564,-.10130653617066,.0453376971412258,.438834119668793,stata_areg_centered_student_vce_unadjusted,114,757999
10337,All,log_program_income_full_clp_m1,.109748048279514,.00275613091501782,.0517307083490962,.40928664596971,stata_areg_centered_student_vce_unadjusted,142,757999
10344,All,log_program_income_full_clp_m1,.102877612724663,-.00411430463983289,.0399842110657491,.454615755114767,stata_areg_centered_student_vce_unadjusted,268,757999
10350,All,log_program_income_full_clp_m1,.192715017226678,.0857230998621819,.0412583727195149,.424019036655595,stata_areg_centered_student_vce_unadjusted,227,757999
10352,All,log_program_income_full_clp_m1,.176703570058827,.0697116526943314,.0594701667055961,.447175391561103,stata_areg_centered_student_vce_unadjusted,94,757999
10355,All,log_program_income_full_clp_m1,-.124674320828999,-.231666238193494,.104281624391067,.434149602634241,stata_areg_centered_student_vce_unadjusted,18,757999
10377,All,log_program_income_full_clp_m1,.0169099817178691,-.0900819356466267,.0569779302411072,.502501283553624,stata_areg_centered_student_vce_unadjusted,70,757999
10385,All,log_program_income_full_clp_m1,.139871459576428,.0328795422119325,.0477384273337853,.448502713276452,stata_areg_centered_student_vce_unadjusted,137,757999
10396,All,log_program_income_full_clp_m1,.0812085360591749,-.0257833813053209,.0218676883680987,.451958508677093,stata_areg_centered_student_vce_unadjusted,465,757999
10397,All,log_program_income_full_clp_m1,.0511597679511858,-.0558321494133099,.0293469349241644,.448067939713047,stata_areg_centered_student_vce_unadjusted,235,757999
10398,All,log_program_income_full_clp_m1,-.0377658538352153,-.144757771199711,.436427713201905,.,stata_areg_centered_student_vce_unadjusted,1,757999
10399,All,log_program_income_full_clp_m1,.00222439259232795,-.104767524772168,.0202528429460452,.4272013498198,stata_areg_centered_student_vce_unadjusted,818,757999
10400,All,log_program_income_full_clp_m1,-.0763932903844072,-.183385207748903,.179454124281509,.163908996798178,stata_areg_centered_student_vce_unadjusted,6,757999
10401,All,log_program_income_full_clp_m1,.227028200522051,.120036283157556,.0552547749085672,.543925030465644,stata_areg_centered_student_vce_unadjusted,75,757999
10404,All,log_program_income_full_clp_m1,.701962321817837,.594970404453341,.438164055048325,.,stata_areg_centered_student_vce_unadjusted,1,757999
10405,All,log_program_income_full_clp_m1,.0558374481860644,-.0511544691784314,.028574506200223,.427653300561005,stata_areg_centered_student_vce_unadjusted,335,757999
10408,All,log_program_income_full_clp_m1,.0327918666556747,-.0742000507088211,.0298612062795607,.523364499546413,stata_areg_centered_student_vce_unadjusted,272,757999
10415,All,log_program_income_full_clp_m1,.161570027890095,.054578110525599,.0272582023926661,.453580542315721,stata_areg_centered_student_vce_unadjusted,552,757999
10419,All,log_program_income_full_clp_m1,.047275218641221,-.0597166987232748,.0206995862495664,.424061594150013,stata_areg_centered_student_vce_unadjusted,747,757999
10420,All,log_program_income_full_clp_m1,-.131773590150001,-.238765507514497,.310343482168889,.2558436548853,stata_areg_centered_student_vce_unadjusted,2,757999
10422,All,log_program_income_full_clp_m1,-.0384568749142905,-.145448792278786,.111056333390897,.322017532911911,stata_areg_centered_student_vce_unadjusted,16,757999
10425,All,log_program_income_full_clp_m1,-.398120069576967,-.505111986941463,.437325887975223,.,stata_areg_centered_student_vce_unadjusted,1,757999
10432,All,log_program_income_full_clp_m1,.10684509437727,-.000146822987225723,.040987237926067,.447307563596092,stata_areg_centered_student_vce_unadjusted,292,757999
10433,All,log_program_income_full_clp_m1,.0759437154986025,-.0310482018658933,.0493282553525511,.467871927040682,stata_areg_centered_student_vce_unadjusted,137,757999
10450,All,log_program_income_full_clp_m1,.0621127887006776,-.0448791286638181,.0267327661046799,.445016133703855,stata_areg_centered_student_vce_unadjusted,426,757999
10452,All,log_program_income_full_clp_m1,-.01106140503445,-.118053322398946,.0352868824047603,.387441081213576,stata_areg_centered_student_vce_unadjusted,161,757999
10453,All,log_program_income_full_clp_m1,.0510813884059946,-.0559105289585012,.0221154035851148,.473406405581656,stata_areg_centered_student_vce_unadjusted,430,757999
10455,All,log_program_income_full_clp_m1,.00246843203374046,-.104523485330755,.0503629556504603,.420718848514068,stata_areg_centered_student_vce_unadjusted,143,757999
10456,All,log_program_income_full_clp_m1,.0387683695959794,-.0682235477685164,.0222095384163868,.402010594216234,stata_areg_centered_student_vce_unadjusted,465,757999
10457,All,log_program_income_full_clp_m1,.0407769042765087,-.0662150130879871,.0384692836704516,.413696805323067,stata_areg_centered_student_vce_unadjusted,212,757999
10460,All,log_program_income_full_clp_m1,-.148318300052205,-.255310217416701,.0935845875722771,.272086162899771,stata_areg_centered_student_vce_unadjusted,22,757999
10470,All,log_program_income_full_clp_m1,.100016586785796,-.00697533057869952,.0246754774924614,.441263424337981,stata_areg_centered_student_vce_unadjusted,450,757999
10479,All,log_program_income_full_clp_m1,-.0320032050442751,-.138995122408771,.0523454592330588,.443207738108573,stata_areg_centered_student_vce_unadjusted,149,757999
10482,All,log_program_income_full_clp_m1,-.0699548424729158,-.176946759837412,.0482443970171026,.456530446727866,stata_areg_centered_student_vce_unadjusted,95,757999
10484,All,log_program_income_full_clp_m1,.0692588862177439,-.0377330311467519,.0328364272249932,.43501003920018,stata_areg_centered_student_vce_unadjusted,275,757999
10487,All,log_program_income_full_clp_m1,.0687891414025546,-.0382027759619412,.0299159801475091,.431401334937943,stata_areg_centered_student_vce_unadjusted,1003,757999
10489,All,log_program_income_full_clp_m1,.161872847074707,.0548809297102115,.0393819986043126,.422462288457462,stata_areg_centered_student_vce_unadjusted,274,757999
10491,All,log_program_income_full_clp_m1,.153395996097975,.0464040787334788,.0461965732279651,.454646192358847,stata_areg_centered_student_vce_unadjusted,172,757999
10492,All,log_program_income_full_clp_m1,.136702214841596,.0297102974771005,.0626539664639158,.448700838355785,stata_areg_centered_student_vce_unadjusted,98,757999
10493,All,log_program_income_full_clp_m1,.0480069231488912,-.0589849942156045,.0272836310500204,.474505110310218,stata_areg_centered_student_vce_unadjusted,344,757999
10496,All,log_program_income_full_clp_m1,.107909720976861,.000917803612365389,.0187452448370905,.485203058826786,stata_areg_centered_student_vce_unadjusted,704,757999
10500,All,log_program_income_full_clp_m1,.0204529454253108,-.086538971939185,.0311536450034107,.420937324032062,stata_areg_centered_student_vce_unadjusted,289,757999
10501,All,log_program_income_full_clp_m1,-.0282677123603755,-.135259629724871,.0328810185432334,.435696915883424,stata_areg_centered_student_vce_unadjusted,218,757999
10503,All,log_program_income_full_clp_m1,.272703585632403,.165711668267908,.0372744079797792,.416492662968007,stata_areg_centered_student_vce_unadjusted,266,757999
10505,All,log_program_income_full_clp_m1,.115779256399102,.00878733903460578,.0381663976944132,.398690699595998,stata_areg_centered_student_vce_unadjusted,270,757999
10506,All,log_program_income_full_clp_m1,.0158593927297798,-.091132524634716,.0438844215980765,.437106711014705,stata_areg_centered_student_vce_unadjusted,207,757999
10507,All,log_program_income_full_clp_m1,-.00261261123545857,-.109604528599954,.0184132531187614,.420605176202279,stata_areg_centered_student_vce_unadjusted,692,757999
10512,All,log_program_income_full_clp_m1,.265827070242469,.158835152877974,.0648620140290917,.478445336511839,stata_areg_centered_student_vce_unadjusted,96,757999
10513,All,log_program_income_full_clp_m1,.185958187111918,.0789662697474221,.0990065713694006,.47907895133952,stata_areg_centered_student_vce_unadjusted,24,757999
10515,All,log_program_income_full_clp_m1,.074660509431151,-.0323314079333447,.0529161090814084,.404456900671613,stata_areg_centered_student_vce_unadjusted,99,757999
10516,All,log_program_income_full_clp_m1,.0389912179707026,-.0680006993937932,.0374093861825949,.439459538607739,stata_areg_centered_student_vce_unadjusted,200,757999
10520,All,log_program_income_full_clp_m1,.0846105854799329,-.0223813318845628,.0461436944340833,.436540095356822,stata_areg_centered_student_vce_unadjusted,163,757999
10526,All,log_program_income_full_clp_m1,.00233967907230719,-.104652238292189,.0426849527243805,.429234895753326,stata_areg_centered_student_vce_unadjusted,272,757999
10540,All,log_program_income_full_clp_m1,.0734023100988097,-.0335896072656861,.0676831288339824,.47026227529302,stata_areg_centered_student_vce_unadjusted,148,757999
10541,All,log_program_income_full_clp_m1,.082027724509774,-.0249641928547218,.0156936549151156,.459953840601444,stata_areg_centered_student_vce_unadjusted,989,757999
10542,All,log_program_income_full_clp_m1,-.0337066931421297,-.140698610506625,.0364982796541153,.431137763435052,stata_areg_centered_student_vce_unadjusted,181,757999
10543,All,log_program_income_full_clp_m1,.0350240921898377,-.0719678251746581,.0257840685421917,.441605942242316,stata_areg_centered_student_vce_unadjusted,317,757999
10544,All,log_program_income_full_clp_m1,-.0243129556859003,-.131304873050396,.0185895133136574,.396020430971381,stata_areg_centered_student_vce_unadjusted,654,757999
10545,All,log_program_income_full_clp_m1,-.00039248705762946,-.107384404422125,.02468651375886,.45047555415139,stata_areg_centered_student_vce_unadjusted,342,757999
10548,All,log_program_income_full_clp_m1,-.272988716730003,-.379980634094498,.438700714310765,.,stata_areg_centered_student_vce_unadjusted,1,757999
10551,All,log_program_income_full_clp_m1,.10253387576995,-.0044580415945462,.0409730151741643,.445055879550764,stata_areg_centered_student_vce_unadjusted,120,757999
10555,All,log_program_income_full_clp_m1,-.238029748524648,-.345021665889144,.139524781070017,.339530157202764,stata_areg_centered_student_vce_unadjusted,10,757999
10556,All,log_program_income_full_clp_m1,-.142977694894757,-.249969612259253,.437651974739243,.,stata_areg_centered_student_vce_unadjusted,1,757999
10565,All,log_program_income_full_clp_m1,-.26945490885782,-.376446826222316,.436771189932806,.,stata_areg_centered_student_vce_unadjusted,1,757999
10569,All,log_program_income_full_clp_m1,-.162952186257612,-.269944103622107,.10092022275612,.251909106103561,stata_areg_centered_student_vce_unadjusted,19,757999
10572,All,log_program_income_full_clp_m1,-.0738240327562922,-.180815950120788,.0968286647977939,.20613073808991,stata_areg_centered_student_vce_unadjusted,21,757999
10573,All,log_program_income_full_clp_m1,-.00846202494768617,-.115453942312182,.0444441660441671,.421804608753288,stata_areg_centered_student_vce_unadjusted,104,757999
10576,All,log_program_income_full_clp_m1,.0611540535143452,-.0458378638501506,.311939826059656,.0410922923637945,stata_areg_centered_student_vce_unadjusted,2,757999
10581,All,log_program_income_full_clp_m1,.02251491923786,-.0844769981266358,.139807078774429,.254962745308531,stata_areg_centered_student_vce_unadjusted,10,757999
10584,All,log_program_income_full_clp_m1,-.0246031749639514,-.131595092328447,.0408521422353497,.358943566921931,stata_areg_centered_student_vce_unadjusted,118,757999
10586,All,log_program_income_full_clp_m1,.00459978125933183,-.102392136105164,.133777852743373,.288454016156088,stata_areg_centered_student_vce_unadjusted,11,757999
10588,All,log_program_income_full_clp_m1,.0852268474670938,-.0217650698974019,.0540750777842004,.407191671342025,stata_areg_centered_student_vce_unadjusted,92,757999
10592,All,log_program_income_full_clp_m1,.0820821845621445,-.0249097328023513,.0446877903472154,.439513168123863,stata_areg_centered_student_vce_unadjusted,121,757999
10594,All,log_program_income_full_clp_m1,.0761498989079274,-.0308420184565684,.0618753927283194,.497416768349728,stata_areg_centered_student_vce_unadjusted,109,757999
10600,All,log_program_income_full_clp_m1,.204991094440686,.0979991770761902,.0482114176938538,.423906518416466,stata_areg_centered_student_vce_unadjusted,330,757999
10604,All,log_program_income_full_clp_m1,.114028249138303,.00703633177380765,.0467830333331637,.43592004465897,stata_areg_centered_student_vce_unadjusted,126,757999
10606,All,log_program_income_full_clp_m1,.0801411446711213,-.0268507726933745,.0625359969495014,.488821181544329,stata_areg_centered_student_vce_unadjusted,109,757999
10607,All,log_program_income_full_clp_m1,.0989649115335886,-.00802700583090712,.0459209694184334,.452849006058419,stata_areg_centered_student_vce_unadjusted,117,757999
10608,All,log_program_income_full_clp_m1,.112038369798013,.00504645243351755,.0213674103660417,.426240825816098,stata_areg_centered_student_vce_unadjusted,602,757999
10610,All,log_program_income_full_clp_m1,.155778087917189,.0487861705526937,.047502512138347,.432171735392407,stata_areg_centered_student_vce_unadjusted,252,757999
10611,All,log_program_income_full_clp_m1,.156589929313213,.0495980119487171,.0438772688607315,.478373876104234,stata_areg_centered_student_vce_unadjusted,294,757999
10615,All,log_program_income_full_clp_m1,.0788372810053799,-.0281546363591158,.0733496336238531,.487273497899729,stata_areg_centered_student_vce_unadjusted,62,757999
10618,All,log_program_income_full_clp_m1,.138949864432771,.0319579470682751,.0261037549493167,.447313258045705,stata_areg_centered_student_vce_unadjusted,721,757999
10626,All,log_program_income_full_clp_m1,.136486739087095,.0294948217225989,.0529192418908859,.40284347469725,stata_areg_centered_student_vce_unadjusted,113,757999
10628,All,log_program_income_full_clp_m1,.0797761898813363,-.0272157274831594,.05580020217044,.50358615386352,stata_areg_centered_student_vce_unadjusted,89,757999
10632,All,log_program_income_full_clp_m1,.0768060530154168,-.030185864349079,.029571540317596,.428034069981636,stata_areg_centered_student_vce_unadjusted,248,757999
10635,All,log_program_income_full_clp_m1,.097013742077709,-.00997817528678673,.0402113589161567,.494917044289375,stata_areg_centered_student_vce_unadjusted,292,757999
10638,All,log_program_income_full_clp_m1,.0326579825790047,-.074333934785491,.0205961030626017,.423453260704737,stata_areg_centered_student_vce_unadjusted,789,757999
10640,All,log_program_income_full_clp_m1,-.0938505338407641,-.20084245120526,.117133093759356,.315092143612032,stata_areg_centered_student_vce_unadjusted,14,757999
10641,All,log_program_income_full_clp_m1,.0235730703155629,-.0834188470489329,.0408088159370951,.393358824057256,stata_areg_centered_student_vce_unadjusted,169,757999
10642,All,log_program_income_full_clp_m1,-.00538201812271763,-.112373935487213,.0320095773901157,.389508196791039,stata_areg_centered_student_vce_unadjusted,223,757999
10645,All,log_program_income_full_clp_m1,.0363386402835053,-.0706532770809905,.0483240819210699,.387300851966583,stata_areg_centered_student_vce_unadjusted,113,757999
10652,All,log_program_income_full_clp_m1,-.351478055181814,-.45846997254631,.437967665014727,.,stata_areg_centered_student_vce_unadjusted,1,757999
10658,All,log_program_income_full_clp_m1,.123817293504428,.0168253761399322,.0223073655198953,.440981610674221,stata_areg_centered_student_vce_unadjusted,1117,757999
10662,All,log_program_income_full_clp_m1,.156622793901336,.0496308765368405,.0595632826712223,.456496894049818,stata_areg_centered_student_vce_unadjusted,111,757999
10663,All,log_program_income_full_clp_m1,.0643485515656184,-.0426433657988774,.024359461877631,.419163904951123,stata_areg_centered_student_vce_unadjusted,582,757999
10666,All,log_program_income_full_clp_m1,.256859648752864,.149867731388369,.0348435719060804,.463063459226491,stata_areg_centered_student_vce_unadjusted,269,757999
10667,All,log_program_income_full_clp_m1,.0969337251864238,-.010058192178072,.0471563410814623,.391800245416779,stata_areg_centered_student_vce_unadjusted,171,757999
10669,All,log_program_income_full_clp_m1,.205060160016743,.0980682426522475,.0529430311342488,.37822775247989,stata_areg_centered_student_vce_unadjusted,106,757999
10683,All,log_program_income_full_clp_m1,-.687689641462061,-.794681558826557,.438772881078697,.,stata_areg_centered_student_vce_unadjusted,1,757999
10685,All,log_program_income_full_clp_m1,.227974618467307,.120982701102811,.0547423629086565,.435981512499446,stata_areg_centered_student_vce_unadjusted,275,757999
10686,All,log_program_income_full_clp_m1,.0519845010971735,-.0550074162673223,.0352886534904408,.43175485535678,stata_areg_centered_student_vce_unadjusted,205,757999
10688,All,log_program_income_full_clp_m1,-.0259042226231905,-.132896139987686,.132718957628863,.378423603860418,stata_areg_centered_student_vce_unadjusted,11,757999
10694,All,log_program_income_full_clp_m1,-.207458144272724,-.31445006163722,.44272617156316,.,stata_areg_centered_student_vce_unadjusted,1,757999
10696,All,log_program_income_full_clp_m1,.136622951832068,.0296310344675719,.0255039038244186,.437142871301654,stata_areg_centered_student_vce_unadjusted,468,757999
10697,All,log_program_income_full_clp_m1,.0666918055734183,-.0403001117910775,.0196344977275938,.449152023235637,stata_areg_centered_student_vce_unadjusted,809,757999
10699,All,log_program_income_full_clp_m1,.302222101558461,.195230184193965,.0428672272981376,.365390393404378,stata_areg_centered_student_vce_unadjusted,167,757999
10702,All,log_program_income_full_clp_m1,-.226452008490717,-.333443925855213,.437432957728652,.,stata_areg_centered_student_vce_unadjusted,1,757999
10710,All,log_program_income_full_clp_m1,.180940330203709,.0739484128392137,.0536095698818144,.427622088118691,stata_areg_centered_student_vce_unadjusted,239,757999
10711,All,log_program_income_full_clp_m1,.167555813808643,.0605638964441473,.0197532035452883,.438026822976621,stata_areg_centered_student_vce_unadjusted,684,757999
10713,All,log_program_income_full_clp_m1,.144647349076389,.0376554317118931,.0397692916023051,.463228945900261,stata_areg_centered_student_vce_unadjusted,242,757999
10715,All,log_program_income_full_clp_m1,.0265441017147307,-.0804478156497651,.0278411683159128,.488039119379094,stata_areg_centered_student_vce_unadjusted,300,757999
10717,All,log_program_income_full_clp_m1,-.0607207618047478,-.167712679169244,.0272007123432199,.337453021925625,stata_areg_centered_student_vce_unadjusted,312,757999
10719,All,log_program_income_full_clp_m1,.317574499094484,.210582581729988,.0665330852677228,.458575511186524,stata_areg_centered_student_vce_unadjusted,91,757999
10721,All,log_program_income_full_clp_m1,.0709215070120923,-.0360704103524034,.0303476359122116,.467358280892416,stata_areg_centered_student_vce_unadjusted,358,757999
10723,All,log_program_income_full_clp_m1,.361637636114897,.254645718750401,.0798211590878377,.447369285331134,stata_areg_centered_student_vce_unadjusted,106,757999
10724,All,log_program_income_full_clp_m1,.206145217730114,.099153300365618,.064955446644682,.452347815278343,stata_areg_centered_student_vce_unadjusted,220,757999
10725,All,log_program_income_full_clp_m1,.104186528230687,-.00280538913380864,.029250459954983,.474576747218498,stata_areg_centered_student_vce_unadjusted,337,757999
10726,All,log_program_income_full_clp_m1,.169568937107817,.0625770197433216,.0366932496866473,.439791846855682,stata_areg_centered_student_vce_unadjusted,224,757999
10727,All,log_program_income_full_clp_m1,.0452237183222384,-.0617681990422574,.0486851658380174,.40034786318013,stata_areg_centered_student_vce_unadjusted,120,757999
10734,All,log_program_income_full_clp_m1,.0730246122272239,-.0339673051372719,.0331598988481451,.435266528938827,stata_areg_centered_student_vce_unadjusted,390,757999
10735,All,log_program_income_full_clp_m1,-.0366437626960038,-.1436356800605,.0449331555067888,.428090619568437,stata_areg_centered_student_vce_unadjusted,120,757999
10737,All,log_program_income_full_clp_m1,.188482837505532,.0814909201410367,.0642295377397534,.484681801979056,stata_areg_centered_student_vce_unadjusted,54,757999
10746,All,log_program_income_full_clp_m1,.000484334339662628,-.106507583024833,.0345041782159521,.395454412020821,stata_areg_centered_student_vce_unadjusted,183,757999
10749,All,log_program_income_full_clp_m1,.0371395309585467,-.069852386405949,.0298165883955182,.458345099951592,stata_areg_centered_student_vce_unadjusted,274,757999
10751,All,log_program_income_full_clp_m1,.0642038086134322,-.0427881087510636,.0382865903181957,.414346360812596,stata_areg_centered_student_vce_unadjusted,145,757999
10755,All,log_program_income_full_clp_m1,-.153886219288536,-.260878136653032,.437679163292565,.,stata_areg_centered_student_vce_unadjusted,1,757999
10757,All,log_program_income_full_clp_m1,.0661693912513557,-.0408225261131401,.0369297676120095,.432854040224539,stata_areg_centered_student_vce_unadjusted,209,757999
10772,All,log_program_income_full_clp_m1,.15685330088866,.0498613835241642,.0409482550792276,.443702760244907,stata_areg_centered_student_vce_unadjusted,296,757999
10773,All,log_program_income_full_clp_m1,.0371126017861144,-.0698793155783813,.0220468921228986,.451100868201369,stata_areg_centered_student_vce_unadjusted,616,757999
10777,All,log_program_income_full_clp_m1,.246189868373992,.139197951009496,.0885182064444088,.459526255780287,stata_areg_centered_student_vce_unadjusted,65,757999
10780,All,log_program_income_full_clp_m1,.0724853586804318,-.034506558684064,.020143582741861,.436781397749436,stata_areg_centered_student_vce_unadjusted,957,757999
10781,All,log_program_income_full_clp_m1,-.00341715280491698,-.110409070169413,.025818412809778,.449398103288578,stata_areg_centered_student_vce_unadjusted,402,757999
10783,All,log_program_income_full_clp_m1,.0948124275548221,-.0121794898096736,.0423604212483134,.420953040968481,stata_areg_centered_student_vce_unadjusted,136,757999
10791,All,log_program_income_full_clp_m1,-.186117838854245,-.293109756218741,.118613815857719,.269079594052052,stata_areg_centered_student_vce_unadjusted,14,757999
10792,All,log_program_income_full_clp_m1,.0643562928411752,-.0426356245233205,.040876915164675,.416116169350842,stata_areg_centered_student_vce_unadjusted,200,757999
10828,All,log_program_income_full_clp_m1,.119007435567609,.0120155182031134,.0422042084436792,.455611111586044,stata_areg_centered_student_vce_unadjusted,319,757999
10829,All,log_program_income_full_clp_m1,.0387285819988169,-.0682633353656788,.0407896943072236,.389754490822837,stata_areg_centered_student_vce_unadjusted,160,757999
10830,All,log_program_income_full_clp_m1,-.0410331800846738,-.14802509744917,.0260910426736577,.362090852391874,stata_areg_centered_student_vce_unadjusted,379,757999
10831,All,log_program_income_full_clp_m1,.0812762561078977,-.0257156612565981,.0363818977944057,.438645827930117,stata_areg_centered_student_vce_unadjusted,434,757999
10832,All,log_program_income_full_clp_m1,.0979360139608476,-.00905590340364815,.0194918607720721,.439709985664541,stata_areg_centered_student_vce_unadjusted,1284,757999
10833,All,log_program_income_full_clp_m1,.101979825014399,-.00501209235009634,.0362965639579258,.452238327742511,stata_areg_centered_student_vce_unadjusted,279,757999
10834,All,log_program_income_full_clp_m1,.236734879086523,.129742961722027,.0548632850174118,.455089805371148,stata_areg_centered_student_vce_unadjusted,145,757999
10845,All,log_program_income_full_clp_m1,.119303607009,.0123116896445039,.0280549510410689,.45273416925324,stata_areg_centered_student_vce_unadjusted,651,757999
10851,All,log_program_income_full_clp_m1,.143937375069895,.036945457705399,.0529705055475563,.444489450399434,stata_areg_centered_student_vce_unadjusted,125,757999
10854,All,log_program_income_full_clp_m1,.0358313050546417,-.071160612309854,.0398800654845947,.459228045922563,stata_areg_centered_student_vce_unadjusted,234,757999
10865,All,log_program_income_full_clp_m1,-.132304894935701,-.239296812300197,.444170875305412,.,stata_areg_centered_student_vce_unadjusted,1,757999
10873,All,log_program_income_full_clp_m1,.133550082618809,.0265581652543131,.0521344885108205,.415362545234598,stata_areg_centered_student_vce_unadjusted,182,757999
10892,All,log_program_income_full_clp_m1,.133931453373439,.0269395360089435,.0294529354693485,.429392286348481,stata_areg_centered_student_vce_unadjusted,750,757999
10900,All,log_program_income_full_clp_m1,.138911336265031,.0319194189005356,.0553664676966242,.555169677381115,stata_areg_centered_student_vce_unadjusted,183,757999
10901,All,log_program_income_full_clp_m1,.0936352344508317,-.0133566829136641,.059346617717824,.493267474047928,stata_areg_centered_student_vce_unadjusted,97,757999
10905,All,log_program_income_full_clp_m1,-.28133910125938,-.388331018623876,.439010791835626,.,stata_areg_centered_student_vce_unadjusted,1,757999
10906,All,log_program_income_full_clp_m1,.391709381976007,.284717464611511,.0760845773802369,.431058743783746,stata_areg_centered_student_vce_unadjusted,131,757999
10911,All,log_program_income_full_clp_m1,.0936251687710022,-.0133667485934936,.0267687906042791,.451589846995913,stata_areg_centered_student_vce_unadjusted,422,757999
10915,All,log_program_income_full_clp_m1,.177985928539061,.0709940111745648,.0371275274835042,.44611102880169,stata_areg_centered_student_vce_unadjusted,411,757999
10917,All,log_program_income_full_clp_m1,.0722909615377465,-.0347009558267492,.0357116393555322,.532980331686614,stata_areg_centered_student_vce_unadjusted,711,757999
10962,All,log_program_income_full_clp_m1,.21818299810014,.111191080735644,.0421173057707552,.446850390580086,stata_areg_centered_student_vce_unadjusted,378,757999
10967,All,log_program_income_full_clp_m1,.138449062643977,.0314571452794809,.0266060066761278,.44972008348703,stata_areg_centered_student_vce_unadjusted,414,757999
10968,All,log_program_income_full_clp_m1,.0285076663462972,-.0784842510181986,.0239225685425427,.493276153626421,stata_areg_centered_student_vce_unadjusted,469,757999
10970,All,log_program_income_full_clp_m1,.125019069783221,.0180271524187253,.0227866039332756,.438230586554814,stata_areg_centered_student_vce_unadjusted,681,757999
11034,All,log_program_income_full_clp_m1,.0838962225438549,-.0230956948206408,.0350770661420228,.541233199727922,stata_areg_centered_student_vce_unadjusted,301,757999
11035,All,log_program_income_full_clp_m1,.292638191914659,.185646274550163,.0963113080799947,.534455618654987,stata_areg_centered_student_vce_unadjusted,82,757999
11038,All,log_program_income_full_clp_m1,.0812641920849136,-.0257277252795822,.0449332923609573,.439249126449429,stata_areg_centered_student_vce_unadjusted,232,757999
11103,All,log_program_income_full_clp_m1,.231192985959029,.124201068594533,.0507783246914485,.427613767843803,stata_areg_centered_student_vce_unadjusted,106,757999
11105,All,log_program_income_full_clp_m1,.272645457043106,.16565353967861,.0384657698089271,.422289102977949,stata_areg_centered_student_vce_unadjusted,285,757999
11106,All,log_program_income_full_clp_m1,.219040458649325,.112048541284829,.0447367941981166,.463540169882878,stata_areg_centered_student_vce_unadjusted,425,757999
11107,All,log_program_income_full_clp_m1,.12756958764915,.0205776702846538,.0463285490768253,.436365070215429,stata_areg_centered_student_vce_unadjusted,114,757999
11110,All,log_program_income_full_clp_m1,-.0388291792665241,-.14582109663102,.124209707140645,.482083836493365,stata_areg_centered_student_vce_unadjusted,21,757999
11111,All,log_program_income_full_clp_m1,.146067842265429,.0390759249009329,.0445239967681283,.417145412167517,stata_areg_centered_student_vce_unadjusted,193,757999
11130,All,log_program_income_full_clp_m1,.181187088263519,.0741951708990229,.0887333024136005,.375211066550872,stata_areg_centered_student_vce_unadjusted,130,757999
11133,All,log_program_income_full_clp_m1,.132835854075444,.0258439367109484,.0607001634113585,.434819535739664,stata_areg_centered_student_vce_unadjusted,94,757999
11136,All,log_program_income_full_clp_m1,.199507928604609,.0925160112401131,.43991377117206,.,stata_areg_centered_student_vce_unadjusted,1,757999
11139,All,log_program_income_full_clp_m1,.0173866432116077,-.0896052741528881,.0288187107646465,.444517748169184,stata_areg_centered_student_vce_unadjusted,320,757999
11144,All,log_program_income_full_clp_m1,.0509517176191582,-.0560401997453375,.0395882848239943,.456262272103491,stata_areg_centered_student_vce_unadjusted,202,757999
11145,All,log_program_income_full_clp_m1,.127896322733063,.020904405368567,.0721405417049667,.414681041825342,stata_areg_centered_student_vce_unadjusted,153,757999
11155,All,log_program_income_full_clp_m1,.0342721912354243,-.0727197261290714,.0263083297308719,.478405379386119,stata_areg_centered_student_vce_unadjusted,400,757999
11157,All,log_program_income_full_clp_m1,.143271646787931,.0362797294234353,.050702683159707,.43670371188404,stata_areg_centered_student_vce_unadjusted,113,757999
11176,All,log_program_income_full_clp_m1,.326980164799568,.219988247435072,.0351493093463722,.435091221622148,stata_areg_centered_student_vce_unadjusted,410,757999
11177,All,log_program_income_full_clp_m1,.154185285543934,.0471933681794384,.0433152226679322,.415467128601991,stata_areg_centered_student_vce_unadjusted,254,757999
11199,All,log_program_income_full_clp_m1,.109018420151802,.00202650278730575,.0491133490257702,.439775010508549,stata_areg_centered_student_vce_unadjusted,175,757999
11201,All,log_program_income_full_clp_m1,-.472837194464988,-.579829111829484,.4390521154899,.,stata_areg_centered_student_vce_unadjusted,1,757999
11209,All,log_program_income_full_clp_m1,.10180478676308,-.00518713060141579,.0600830898814633,.428553574335906,stata_areg_centered_student_vce_unadjusted,110,757999
11217,All,log_program_income_full_clp_m1,.0398812645444512,-.0671106528200446,.0618749497906533,.421654004514113,stata_areg_centered_student_vce_unadjusted,67,757999
11237,All,log_program_income_full_clp_m1,.300690573139594,.193698655775098,.110989816623534,.500762606245432,stata_areg_centered_student_vce_unadjusted,50,757999
11240,All,log_program_income_full_clp_m1,.217922061185568,.110930143821073,.0609360711505804,.421009929846605,stata_areg_centered_student_vce_unadjusted,126,757999
11241,All,log_program_income_full_clp_m1,-.18621092980412,-.293202847168615,.156038994905578,.331576699127864,stata_areg_centered_student_vce_unadjusted,8,757999
11246,All,log_program_income_full_clp_m1,-.0377717979690871,-.144763715333583,.0771992629825086,.336156690124234,stata_areg_centered_student_vce_unadjusted,34,757999
11248,All,log_program_income_full_clp_m1,-.0427322212704379,-.149724138634934,.0792036695129265,.377589134565256,stata_areg_centered_student_vce_unadjusted,57,757999
11256,All,log_program_income_full_clp_m1,.152797643140062,.0458057257755666,.0354907757963638,.450292549754107,stata_areg_centered_student_vce_unadjusted,301,757999
11265,All,log_program_income_full_clp_m1,.000166014720011214,-.106825902644485,.026165875924713,.392529083312212,stata_areg_centered_student_vce_unadjusted,369,757999
11284,All,log_program_income_full_clp_m1,-.0300690033037367,-.137060920668232,.0363105366943494,.3730755457331,stata_areg_centered_student_vce_unadjusted,159,757999
11286,All,log_program_income_full_clp_m1,-.178267862931122,-.285259780295618,.0503957029832086,.255505927236251,stata_areg_centered_student_vce_unadjusted,86,757999
11287,All,log_program_income_full_clp_m1,-.0362221183881455,-.143214035752641,.034437459563995,.386681035747975,stata_areg_centered_student_vce_unadjusted,267,757999
11291,All,log_program_income_full_clp_m1,.110859551718139,.00386763435364357,.0444903169198264,.504222789194066,stata_areg_centered_student_vce_unadjusted,167,757999
11336,All,log_program_income_full_clp_m1,.0884578766386961,-.0185340407257996,.0620924906710455,.450223539915003,stata_areg_centered_student_vce_unadjusted,146,757999
11337,All,log_program_income_full_clp_m1,-.0338660149141778,-.140857932278674,.069470304574218,.331921805323147,stata_areg_centered_student_vce_unadjusted,43,757999
11338,All,log_program_income_full_clp_m1,-.0790226333507856,-.186014550715281,.437299766913005,.,stata_areg_centered_student_vce_unadjusted,1,757999
11344,All,log_program_income_full_clp_m1,-.0102466151173359,-.117238532481832,.0447517542367924,.346170278932492,stata_areg_centered_student_vce_unadjusted,106,757999
11348,All,log_program_income_full_clp_m1,.124901377198815,.0179094598343194,.0424878020067599,.413989784077086,stata_areg_centered_student_vce_unadjusted,206,757999
11397,All,log_program_income_full_clp_m1,.117060528593194,.0100686112286983,.0691356912672094,.430518072089542,stata_areg_centered_student_vce_unadjusted,155,757999
11400,All,log_program_income_full_clp_m1,-.0306586789013036,-.137650596265799,.0468841205023532,.388443118783233,stata_areg_centered_student_vce_unadjusted,184,757999
11415,All,log_program_income_full_clp_m1,.672396638505626,.565404721141131,.438294048092594,.,stata_areg_centered_student_vce_unadjusted,1,757999
11417,All,log_program_income_full_clp_m1,-.116597849953646,-.223589767318142,.0656714110953871,.344845262427632,stata_areg_centered_student_vce_unadjusted,47,757999
11430,All,log_program_income_full_clp_m1,.0721996273025961,-.0347922900618997,.0662621565587787,.41324961819701,stata_areg_centered_student_vce_unadjusted,315,757999
11465,All,log_program_income_full_clp_m1,.0402163347226624,-.0667755826418334,.316904174521094,.11241302664145,stata_areg_centered_student_vce_unadjusted,2,757999
11498,All,log_program_income_full_clp_m1,.000523617462525325,-.10646829990197,.0352714663869125,.399663353179359,stata_areg_centered_student_vce_unadjusted,220,757999
11527,All,log_program_income_full_clp_m1,.0190500000418125,-.0879419173226833,.0406249669923158,.348235905033588,stata_areg_centered_student_vce_unadjusted,142,757999
11591,All,log_program_income_full_clp_m1,.0615212809715668,-.045470636392929,.0490832234820215,.38011841009139,stata_areg_centered_student_vce_unadjusted,140,757999
11594,All,log_program_income_full_clp_m1,-.103778134785005,-.2107700521495,.446721091173229,.,stata_areg_centered_student_vce_unadjusted,1,757999
11608,All,log_program_income_full_clp_m1,.0648511051029921,-.0421408122615037,.0344316930650195,.419648911716938,stata_areg_centered_student_vce_unadjusted,466,757999
11678,All,log_program_income_full_clp_m1,.181711001276455,.0747190839119591,.0450198003944973,.414632066305741,stata_areg_centered_student_vce_unadjusted,142,757999
11680,All,log_program_income_full_clp_m1,.149131452102623,.0421395347381271,.0621510577073218,.443323008228763,stata_areg_centered_student_vce_unadjusted,152,757999
11681,All,log_program_income_full_clp_m1,.208799259473835,.101807342109339,.0438958368989587,.481171604747645,stata_areg_centered_student_vce_unadjusted,235,757999
11705,All,log_program_income_full_clp_m1,-.487326692275121,-.594318609639617,.441178060230225,.,stata_areg_centered_student_vce_unadjusted,1,757999
11706,All,log_program_income_full_clp_m1,.00395250385252267,-.103039413511973,.0396843302991381,.395536863230876,stata_areg_centered_student_vce_unadjusted,176,757999
11709,All,log_program_income_full_clp_m1,.108657332232127,.00166541486763147,.0597753588201735,.436440047612459,stata_areg_centered_student_vce_unadjusted,86,757999
11712,All,log_program_income_full_clp_m1,.0254332651473183,-.0815586522171774,.0552057746136029,.426239880987967,stata_areg_centered_student_vce_unadjusted,179,757999
11716,All,log_program_income_full_clp_m1,.13596646442512,.028974547060624,.0684687149282769,.430101086765569,stata_areg_centered_student_vce_unadjusted,53,757999
11766,All,log_program_income_full_clp_m1,-.0351470524483954,-.142138969812891,.0547047472603219,.358883417451017,stata_areg_centered_student_vce_unadjusted,69,757999
11776,All,log_program_income_full_clp_m1,.371963599188854,.264971681824358,.0759151506801506,.446796462449284,stata_areg_centered_student_vce_unadjusted,278,757999
11793,All,log_program_income_full_clp_m1,-.112713480209424,-.21970539757392,.156683836112195,.252912104612885,stata_areg_centered_student_vce_unadjusted,8,757999
11797,All,log_program_income_full_clp_m1,.422600073144525,.315608155780029,.438004665772445,.,stata_areg_centered_student_vce_unadjusted,1,757999
11805,All,log_program_income_full_clp_m1,.0509593009766962,-.0560326163877996,.0499083934788728,.459592456099449,stata_areg_centered_student_vce_unadjusted,112,757999
11812,All,log_program_income_full_clp_m1,.0576484120149015,-.0493435053495943,.031873427259799,.456097809220751,stata_areg_centered_student_vce_unadjusted,267,757999
11814,All,log_program_income_full_clp_m1,-.250227208940417,-.357219126304913,.05809012116955,.280972305169005,stata_areg_centered_student_vce_unadjusted,57,757999
11818,All,log_program_income_full_clp_m1,.0494543057348772,-.0575376116296186,.037799559875345,.450517461997904,stata_areg_centered_student_vce_unadjusted,184,757999
11831,All,log_program_income_full_clp_m1,.0994473919621745,-.00754452540232123,.0202772575887629,.471014712311285,stata_areg_centered_student_vce_unadjusted,528,757999
11843,All,log_program_income_full_clp_m1,.158950980892712,.0519590635282158,.0376255022112894,.459357188414985,stata_areg_centered_student_vce_unadjusted,185,757999
11851,All,log_program_income_full_clp_m1,.140822715626105,.0338307982616097,.0275704910328945,.417017096956033,stata_areg_centered_student_vce_unadjusted,363,757999
11853,All,log_program_income_full_clp_m1,-.0933347637975752,-.200326681162071,.442698292886617,.,stata_areg_centered_student_vce_unadjusted,1,757999
11867,All,log_program_income_full_clp_m1,.120049592601553,.0130576752370576,.0506973409108166,.463161900739995,stata_areg_centered_student_vce_unadjusted,97,757999
11871,All,log_program_income_full_clp_m1,.217668202195745,.11067628483125,.0443313790691639,.474201079016912,stata_areg_centered_student_vce_unadjusted,243,757999
11883,All,log_program_income_full_clp_m1,.0456420879558564,-.0613498294086394,.030009532229085,.424315564177775,stata_areg_centered_student_vce_unadjusted,407,757999
11918,All,log_program_income_full_clp_m1,.142786854041939,.0357949366774429,.0288431076134926,.428602402860251,stata_areg_centered_student_vce_unadjusted,252,757999
11921,All,log_program_income_full_clp_m1,-.0601244900738318,-.167116407438328,.0665502963138862,.322015132507964,stata_areg_centered_student_vce_unadjusted,44,757999
11931,All,log_program_income_full_clp_m1,-.116822167345916,-.223814084710411,.0465370683918147,.397658146787986,stata_areg_centered_student_vce_unadjusted,121,757999
11936,All,log_program_income_full_clp_m1,.0240839394991711,-.0829079778653246,.0432649766941299,.438854468668761,stata_areg_centered_student_vce_unadjusted,159,757999
11950,All,log_program_income_full_clp_m1,.136094254121799,.0291023367573034,.0345594833240879,.454339913382053,stata_areg_centered_student_vce_unadjusted,307,757999
11952,All,log_program_income_full_clp_m1,-.00482642288241416,-.11181834024691,.196483217674876,.322591415155255,stata_areg_centered_student_vce_unadjusted,5,757999
11962,All,log_program_income_full_clp_m1,.281647847171948,.174655929807452,.0412388429239438,.465717079426406,stata_areg_centered_student_vce_unadjusted,365,757999
11965,All,log_program_income_full_clp_m1,.107457103139648,.000465185775152047,.0528105938727736,.458822324999182,stata_areg_centered_student_vce_unadjusted,237,757999
11968,All,log_program_income_full_clp_m1,.342937336801011,.235945419436515,.0602754256961568,.342453160705517,stata_areg_centered_student_vce_unadjusted,467,757999
11971,All,log_program_income_full_clp_m1,.259742507208379,.152750589843883,.0555819395238614,.44152844092618,stata_areg_centered_student_vce_unadjusted,169,757999
11977,All,log_program_income_full_clp_m1,.207849343437926,.10085742607343,.0467086370006566,.424066860395824,stata_areg_centered_student_vce_unadjusted,157,757999
11993,All,log_program_income_full_clp_m1,.0783757480186796,-.0286161693458162,.0505104570001238,.471934670081694,stata_areg_centered_student_vce_unadjusted,101,757999
11994,All,log_program_income_full_clp_m1,-.0606512618459815,-.167643179210477,.0374597137967994,.398892032421648,stata_areg_centered_student_vce_unadjusted,157,757999
12001,All,log_program_income_full_clp_m1,.108946637827196,.0019547204627003,.0513089658022123,.413591920205203,stata_areg_centered_student_vce_unadjusted,129,757999
12004,All,log_program_income_full_clp_m1,.0414829751266149,-.0655089422378809,.0482592779513503,.385056643733038,stata_areg_centered_student_vce_unadjusted,162,757999
12005,All,log_program_income_full_clp_m1,.0307360686996655,-.0762558486648302,.0235588763338262,.385878883207089,stata_areg_centered_student_vce_unadjusted,649,757999
12006,All,log_program_income_full_clp_m1,-.106139194702888,-.213131112067384,.0772691707496386,.348444506422226,stata_areg_centered_student_vce_unadjusted,35,757999
12015,All,log_program_income_full_clp_m1,.196017024196882,.0890251068323863,.0520000655517982,.480242259603652,stata_areg_centered_student_vce_unadjusted,165,757999
12024,All,log_program_income_full_clp_m1,.196451622112155,.0894597047476594,.0709026469342336,.50758199438314,stata_areg_centered_student_vce_unadjusted,149,757999
12025,All,log_program_income_full_clp_m1,.352415246035384,.245423328670888,.1084499572045,.364618471301299,stata_areg_centered_student_vce_unadjusted,67,757999
12027,All,log_program_income_full_clp_m1,.00184260441910321,-.105149312945393,.038266301441739,.378619837386877,stata_areg_centered_student_vce_unadjusted,296,757999
12031,All,log_program_income_full_clp_m1,.141986936166217,.0349950188017209,.0595430618157022,.41063145388285,stata_areg_centered_student_vce_unadjusted,164,757999
12032,All,log_program_income_full_clp_m1,.0979948817290837,-.00899703563541211,.101386424841213,.419370735298916,stata_areg_centered_student_vce_unadjusted,128,757999
12033,All,log_program_income_full_clp_m1,.0700819157607818,-.036910001603714,.0225741533695956,.424357665252446,stata_areg_centered_student_vce_unadjusted,655,757999
12036,All,log_program_income_full_clp_m1,.324416091090232,.217424173725736,.105902225455166,.3995868367756,stata_areg_centered_student_vce_unadjusted,66,757999
12037,All,log_program_income_full_clp_m1,.0708147715534463,-.0361771458110495,.0562306325772908,.390147953647816,stata_areg_centered_student_vce_unadjusted,165,757999
12042,All,log_program_income_full_clp_m1,-.254588271690965,-.361580189055461,.183305092441165,.253485150849239,stata_areg_centered_student_vce_unadjusted,6,757999
12046,All,log_program_income_full_clp_m1,.161551179229688,.0545592618651926,.0693536995240072,.412954791484947,stata_areg_centered_student_vce_unadjusted,117,757999
12050,All,log_program_income_full_clp_m1,.0129497576351838,-.094042159729312,.0307379327153886,.382082109622221,stata_areg_centered_student_vce_unadjusted,245,757999
12059,All,log_program_income_full_clp_m1,-.0130656409639291,-.120057558328425,.0649419945641141,.320908265002116,stata_areg_centered_student_vce_unadjusted,74,757999
12062,All,log_program_income_full_clp_m1,.106759053168996,-.000232864195499435,.0193044408444322,.445650744101976,stata_areg_centered_student_vce_unadjusted,815,757999
12063,All,log_program_income_full_clp_m1,.50747060695377,.400478689589274,.0899837407347891,.477313786378733,stata_areg_centered_student_vce_unadjusted,166,757999
12077,All,log_program_income_full_clp_m1,.0231976821663656,-.0837942351981302,.0382507721348307,.438752056386583,stata_areg_centered_student_vce_unadjusted,272,757999
12085,All,log_program_income_full_clp_m1,.130677528843981,.0236856114794848,.0647005666046753,.462122873815755,stata_areg_centered_student_vce_unadjusted,111,757999
12086,All,log_program_income_full_clp_m1,.198443611231481,.0914516938669857,.0655566426772802,.494913675611652,stata_areg_centered_student_vce_unadjusted,79,757999
12087,All,log_program_income_full_clp_m1,.311607618880052,.204615701515556,.052355628112726,.508743618819002,stata_areg_centered_student_vce_unadjusted,305,757999
12090,All,log_program_income_full_clp_m1,-.047061563765368,-.154053481129864,.079532965897296,.498465732651879,stata_areg_centered_student_vce_unadjusted,45,757999
12094,All,log_program_income_full_clp_m1,.248000738429295,.1410088210648,.0478446138729544,.475556652953747,stata_areg_centered_student_vce_unadjusted,219,757999
12111,All,log_program_income_full_clp_m1,.134233431781185,.0272415144166891,.0385211758309164,.43583662637198,stata_areg_centered_student_vce_unadjusted,203,757999
12115,All,log_program_income_full_clp_m1,-.00167000134031808,-.108661918704814,.0301937731888275,.417005411868328,stata_areg_centered_student_vce_unadjusted,244,757999
12117,All,log_program_income_full_clp_m1,.04337832398644,-.0636135933780558,.025559727272453,.426798152597066,stata_areg_centered_student_vce_unadjusted,385,757999
12126,All,log_program_income_full_clp_m1,-.393362214494302,-.500354131858798,.438340392942664,.,stata_areg_centered_student_vce_unadjusted,1,757999
12133,All,log_program_income_full_clp_m1,.178573110844402,.0715811934799066,.0678081764929314,.429825928854734,stata_areg_centered_student_vce_unadjusted,82,757999
12146,All,log_program_income_full_clp_m1,-.0811239991507892,-.188115916515285,.0610892052942335,.28298731322358,stata_areg_centered_student_vce_unadjusted,54,757999
12151,All,log_program_income_full_clp_m1,.120865875742364,.0138739583778684,.0203517882561588,.464364146583473,stata_areg_centered_student_vce_unadjusted,914,757999
12177,All,log_program_income_full_clp_m1,.176390486478519,.0693985691140235,.0431911356669551,.416872811482597,stata_areg_centered_student_vce_unadjusted,326,757999
12182,All,log_program_income_full_clp_m1,.142956140316963,.0359642229524672,.157483460490275,.285666627792268,stata_areg_centered_student_vce_unadjusted,8,757999
12183,All,log_program_income_full_clp_m1,.183334718554231,.076342801189735,.0595160588102516,.39867675763907,stata_areg_centered_student_vce_unadjusted,119,757999
12185,All,log_program_income_full_clp_m1,-.0244896935129709,-.131481610877467,.0658046061036431,.458004027982383,stata_areg_centered_student_vce_unadjusted,61,757999
12192,All,log_program_income_full_clp_m1,-.119043663494125,-.226035580858621,.0261740680604165,.412776197059164,stata_areg_centered_student_vce_unadjusted,471,757999
12217,All,log_program_income_full_clp_m1,.0693820519927996,-.0376098653716961,.0176301008604283,.437629516536354,stata_areg_centered_student_vce_unadjusted,725,757999
12225,All,log_program_income_full_clp_m1,.0157241107549344,-.0912678066095613,.0482656773011314,.443822930803063,stata_areg_centered_student_vce_unadjusted,238,757999
12241,All,log_program_income_full_clp_m1,.111142327587128,.00415041022263243,.0548182641174443,.429339332324727,stata_areg_centered_student_vce_unadjusted,120,757999
12242,All,log_program_income_full_clp_m1,.0425842966106901,-.0644076207538057,.0305255902951004,.450384509232653,stata_areg_centered_student_vce_unadjusted,242,757999
12244,All,log_program_income_full_clp_m1,.0955008219892875,-.0114910953752082,.0341663351006349,.422773697754293,stata_areg_centered_student_vce_unadjusted,458,757999
12251,All,log_program_income_full_clp_m1,.119507116080271,.0125151987157748,.439005602134947,.,stata_areg_centered_student_vce_unadjusted,1,757999
12258,All,log_program_income_full_clp_m1,.244505365709429,.137513448344933,.325357717919952,.52980348625791,stata_areg_centered_student_vce_unadjusted,2,757999
12260,All,log_program_income_full_clp_m1,.23477713236153,.127785214997034,.0906436031178775,.405473785030263,stata_areg_centered_student_vce_unadjusted,53,757999
12265,All,log_program_income_full_clp_m1,.243416707686788,.136424790322292,.06844549162643,.535282692220283,stata_areg_centered_student_vce_unadjusted,151,757999
12266,All,log_program_income_full_clp_m1,.0640847727113183,-.0429071446531775,.0913964162813354,.507229369704575,stata_areg_centered_student_vce_unadjusted,32,757999
12294,All,log_program_income_full_clp_m1,.15560562719403,.0486137098295347,.0691744196264784,.426337152812134,stata_areg_centered_student_vce_unadjusted,42,757999
12295,All,log_program_income_full_clp_m1,.351232427017946,.244240509653451,.0558950844841437,.429326996616449,stata_areg_centered_student_vce_unadjusted,159,757999
12301,All,log_program_income_full_clp_m1,.19568067586283,.0886887584983346,.0643848223468454,.395567198364598,stata_areg_centered_student_vce_unadjusted,85,757999
12305,All,log_program_income_full_clp_m1,.122873006487866,.0158810891233701,.0347325526652978,.426190486395063,stata_areg_centered_student_vce_unadjusted,246,757999
12309,All,log_program_income_full_clp_m1,.105190882789928,-.00180103457456815,.044680552583887,.461137842002179,stata_areg_centered_student_vce_unadjusted,153,757999
12312,All,log_program_income_full_clp_m1,.0568599288428753,-.0501319885216205,.0566562511753144,.443514650975425,stata_areg_centered_student_vce_unadjusted,90,757999
12332,All,log_program_income_full_clp_m1,.0666100691346636,-.0403818482298322,.0385036435405958,.424880084437084,stata_areg_centered_student_vce_unadjusted,198,757999
12336,All,log_program_income_full_clp_m1,.173469569740373,.0664776523758774,.0373799156968696,.468625376916713,stata_areg_centered_student_vce_unadjusted,416,757999
12368,All,log_program_income_full_clp_m1,.00876314767193031,-.0982287696925655,.0396907383875555,.395693520693529,stata_areg_centered_student_vce_unadjusted,205,757999
12502,All,log_program_income_full_clp_m1,.0875077782945629,-.0194841390699328,.0537731939259421,.486424140582786,stata_areg_centered_student_vce_unadjusted,105,757999
12504,All,log_program_income_full_clp_m1,.144116045184873,.0371241278203768,.0499991067369565,.415483289341224,stata_areg_centered_student_vce_unadjusted,96,757999
12505,All,log_program_income_full_clp_m1,-.129299259841365,-.236291177205861,.133479818952806,.412545651333344,stata_areg_centered_student_vce_unadjusted,11,757999
12509,All,log_program_income_full_clp_m1,.167322985409497,.0603310680450013,.0462780251236967,.406238024530372,stata_areg_centered_student_vce_unadjusted,238,757999
12515,All,log_program_income_full_clp_m1,.0508413643073566,-.0561505530571392,.0519971956470209,.461820987140087,stata_areg_centered_student_vce_unadjusted,101,757999
12518,All,log_program_income_full_clp_m1,.207558716483703,.100566799119207,.0369382737791767,.435162120364637,stata_areg_centered_student_vce_unadjusted,285,757999
12534,All,log_program_income_full_clp_m1,.0253267633956413,-.0816651539688545,.0279890259823579,.440814276628619,stata_areg_centered_student_vce_unadjusted,511,757999
12547,All,log_program_income_full_clp_m1,.101004332906258,-.00598758445823755,.0277590148414084,.445002843364348,stata_areg_centered_student_vce_unadjusted,551,757999
12551,All,log_program_income_full_clp_m1,.0651773559183275,-.0418145614461683,.0416398426027694,.485009152726535,stata_areg_centered_student_vce_unadjusted,297,757999
12566,All,log_program_income_full_clp_m1,.169974770173226,.0629828528087301,.0307805837083782,.464600144425547,stata_areg_centered_student_vce_unadjusted,450,757999
12573,All,log_program_income_full_clp_m1,.136963440490846,.0299715231263502,.0343190272986587,.439991610925382,stata_areg_centered_student_vce_unadjusted,236,757999
12587,All,log_program_income_full_clp_m1,.135634732985954,.0286428156214579,.0462309640336366,.395826798479579,stata_areg_centered_student_vce_unadjusted,293,757999
12588,All,log_program_income_full_clp_m1,-.118779992510662,-.225771909875158,.0910946680031172,.314931108539237,stata_areg_centered_student_vce_unadjusted,24,757999
12590,All,log_program_income_full_clp_m1,.0660233374277103,-.0409685799367855,.0498048323243491,.442475812782291,stata_areg_centered_student_vce_unadjusted,165,757999
12591,All,log_program_income_full_clp_m1,.179340775083174,.0723488577186786,.0370655655570262,.471544362859576,stata_areg_centered_student_vce_unadjusted,334,757999
12594,All,log_program_income_full_clp_m1,.201863092395777,.0948711750312816,.0606824952990914,.4550576022695,stata_areg_centered_student_vce_unadjusted,115,757999
12602,All,log_program_income_full_clp_m1,.130841221162971,.0238493037984755,.0431438112597109,.46193123056503,stata_areg_centered_student_vce_unadjusted,145,757999
12603,All,log_program_income_full_clp_m1,.171089915152932,.0640979977884359,.0406942449857805,.480068084404832,stata_areg_centered_student_vce_unadjusted,301,757999
12604,All,log_program_income_full_clp_m1,.104841184214684,-.00215073314981207,.0475232907702166,.479580805393256,stata_areg_centered_student_vce_unadjusted,190,757999
12605,All,log_program_income_full_clp_m1,.0978069724729644,-.00918494489153139,.033703025454793,.442329666936189,stata_areg_centered_student_vce_unadjusted,343,757999
12610,All,log_program_income_full_clp_m1,.0246124888056473,-.0823794285588485,.032908216210682,.398002260311215,stata_areg_centered_student_vce_unadjusted,232,757999
12630,All,log_program_income_full_clp_m1,-.0198688371661701,-.126860754530666,.0410441969488906,.418671126659685,stata_areg_centered_student_vce_unadjusted,174,757999
12631,All,log_program_income_full_clp_m1,.215384383225585,.108392465861089,.0345926764663036,.468081923556986,stata_areg_centered_student_vce_unadjusted,469,757999
12632,All,log_program_income_full_clp_m1,.0542082812833124,-.0527836360811834,.0421550347131285,.453644609986435,stata_areg_centered_student_vce_unadjusted,152,757999
12636,All,log_program_income_full_clp_m1,.101365568891346,-.0056263484731502,.0884024033336181,.517670494410754,stata_areg_centered_student_vce_unadjusted,38,757999
12646,All,log_program_income_full_clp_m1,.0837045343240975,-.0232873830403983,.0736699022500545,.560103124388073,stata_areg_centered_student_vce_unadjusted,38,757999
12649,All,log_program_income_full_clp_m1,.169287008244044,.0622950908795479,.0306226721893867,.469296585383743,stata_areg_centered_student_vce_unadjusted,359,757999
12650,All,log_program_income_full_clp_m1,.162566879343973,.0555749619794776,.0248361540162313,.459690867366957,stata_areg_centered_student_vce_unadjusted,852,757999
12652,All,log_program_income_full_clp_m1,.155317824569704,.0483259072052081,.032344099522026,.452270294298391,stata_areg_centered_student_vce_unadjusted,386,757999
12655,All,log_program_income_full_clp_m1,.0875357321130603,-.0194561852514355,.0440267494736098,.435196127374031,stata_areg_centered_student_vce_unadjusted,144,757999
12657,All,log_program_income_full_clp_m1,.207653839839303,.100661922474807,.0636473196189136,.53788448949124,stata_areg_centered_student_vce_unadjusted,91,757999
12658,All,log_program_income_full_clp_m1,-.00925978725324719,-.116251704617743,.0852590649393595,.4280613379415,stata_areg_centered_student_vce_unadjusted,30,757999
12667,All,log_program_income_full_clp_m1,.0693084150542812,-.0376835023102146,.0451519761871955,.452963880572982,stata_areg_centered_student_vce_unadjusted,503,757999
12669,All,log_program_income_full_clp_m1,.159033527811287,.0520416104467916,.0439344538965003,.509711433573533,stata_areg_centered_student_vce_unadjusted,305,757999
12672,All,log_program_income_full_clp_m1,.19071523688215,.0837233195176544,.0452303697964007,.508047732107065,stata_areg_centered_student_vce_unadjusted,264,757999
12682,All,log_program_income_full_clp_m1,-.0844376016696989,-.191429519034195,.0689722359716437,.407005920804275,stata_areg_centered_student_vce_unadjusted,42,757999
12686,All,log_program_income_full_clp_m1,-.020570820588954,-.12756273795345,.03200819033638,.431088558384483,stata_areg_centered_student_vce_unadjusted,270,757999
12711,All,log_program_income_full_clp_m1,.0738262005060405,-.0331657168584553,.439578551845487,.,stata_areg_centered_student_vce_unadjusted,1,757999
12712,All,log_program_income_full_clp_m1,-.0296248633262254,-.136616780690721,.0476149859930896,.432482883377935,stata_areg_centered_student_vce_unadjusted,177,757999
12713,All,log_program_income_full_clp_m1,.15704300879259,.050051091428094,.0457471370519566,.445125598500014,stata_areg_centered_student_vce_unadjusted,196,757999
12716,All,log_program_income_full_clp_m1,-.00379892187915655,-.110790839243652,.0281703010151256,.390474791698026,stata_areg_centered_student_vce_unadjusted,479,757999
12719,All,log_program_income_full_clp_m1,.00834255721015703,-.0986493601543387,.060628997848089,.440724322132157,stata_areg_centered_student_vce_unadjusted,74,757999
12720,All,log_program_income_full_clp_m1,.105143231223048,-.00184868614144741,.0501403940487552,.412278198723856,stata_areg_centered_student_vce_unadjusted,124,757999
12726,All,log_program_income_full_clp_m1,-.251019195677579,-.358011113042075,.437913574780364,.,stata_areg_centered_student_vce_unadjusted,1,757999
12730,All,log_program_income_full_clp_m1,-.0256964351482163,-.132688352512712,.441688827498437,.,stata_areg_centered_student_vce_unadjusted,1,757999
12741,All,log_program_income_full_clp_m1,.159212836575173,.0522209192106773,.0690956146743485,.399437337870618,stata_areg_centered_student_vce_unadjusted,70,757999
12747,All,log_program_income_full_clp_m1,.11968981112988,.0126978937653843,.0441713411600726,.473665229834071,stata_areg_centered_student_vce_unadjusted,147,757999
12749,All,log_program_income_full_clp_m1,.0486989152405186,-.0582930021239771,.0423456726052144,.466107534501469,stata_areg_centered_student_vce_unadjusted,204,757999
12750,All,log_program_income_full_clp_m1,.0297777987176521,-.0772141186468437,.0840056437246634,.419192786429686,stata_areg_centered_student_vce_unadjusted,28,757999
12758,All,log_program_income_full_clp_m1,-.131181420495856,-.238173337860352,.070615704130294,.310847840411339,stata_areg_centered_student_vce_unadjusted,40,757999
12759,All,log_program_income_full_clp_m1,-.167475726448189,-.274467643812685,.13258730271873,.480612349547413,stata_areg_centered_student_vce_unadjusted,31,757999
12762,All,log_program_income_full_clp_m1,-.00356360707276294,-.110555524437259,.0626507246663609,.44392100986042,stata_areg_centered_student_vce_unadjusted,79,757999
12766,All,log_program_income_full_clp_m1,-.152446067353946,-.259437984718441,.0647544372064297,.328201806709945,stata_areg_centered_student_vce_unadjusted,46,757999
12767,All,log_program_income_full_clp_m1,-.0367942918586441,-.14378620922314,.0659338956919084,.44579982201952,stata_areg_centered_student_vce_unadjusted,89,757999
12775,All,log_program_income_full_clp_m1,.0668321215247855,-.0401597958397103,.0389879010022295,.441107472983679,stata_areg_centered_student_vce_unadjusted,181,757999
12778,All,log_program_income_full_clp_m1,-.0126614240100248,-.119653341374521,.13246267786603,.381335968046532,stata_areg_centered_student_vce_unadjusted,11,757999
12779,All,log_program_income_full_clp_m1,.231076377358661,.124084459994165,.0603953922274105,.445463438341691,stata_areg_centered_student_vce_unadjusted,73,757999
12781,All,log_program_income_full_clp_m1,.0413825330557332,-.0656093843087626,.0635414018144982,.520115407920312,stata_areg_centered_student_vce_unadjusted,103,757999
12800,All,log_program_income_full_clp_m1,.279793746610859,.172801829246363,.0554715375537382,.499551145205053,stata_areg_centered_student_vce_unadjusted,116,757999
12802,All,log_program_income_full_clp_m1,.255849875518428,.148857958153932,.0535646999725219,.406106056815812,stata_areg_centered_student_vce_unadjusted,131,757999
12823,All,log_program_income_full_clp_m1,.0851952600198503,-.0217966573446455,.0564034682774782,.403797585902389,stata_areg_centered_student_vce_unadjusted,121,757999
12824,All,log_program_income_full_clp_m1,-.0122221115408597,-.119214028905355,.487796194259957,.,stata_areg_centered_student_vce_unadjusted,1,757999
12829,All,log_program_income_full_clp_m1,.176742692061503,.0697507746970077,.0568403524150557,.553868069098028,stata_areg_centered_student_vce_unadjusted,141,757999
12830,All,log_program_income_full_clp_m1,.224692266189019,.117700348824524,.0215523057872351,.455818778237035,stata_areg_centered_student_vce_unadjusted,593,757999
12832,All,log_program_income_full_clp_m1,.257684228871709,.150692311507213,.0555465750314786,.508533175752521,stata_areg_centered_student_vce_unadjusted,145,757999
12833,All,log_program_income_full_clp_m1,.101443484063653,-.0055484333008427,.179731480715285,.649652980045529,stata_areg_centered_student_vce_unadjusted,6,757999
12834,All,log_program_income_full_clp_m1,.141675888820478,.0346839714559818,.0728040539493218,.554220419379873,stata_areg_centered_student_vce_unadjusted,37,757999
12836,All,log_program_income_full_clp_m1,.0144696963957541,-.0925222209687417,.0445143304649439,.413315586369501,stata_areg_centered_student_vce_unadjusted,178,757999
12837,All,log_program_income_full_clp_m1,.204457772001691,.0974658546371956,.051763966229751,.436071952746452,stata_areg_centered_student_vce_unadjusted,126,757999
12838,All,log_program_income_full_clp_m1,.0467175337769673,-.0602743835875285,.0419822747261817,.442431315584017,stata_areg_centered_student_vce_unadjusted,237,757999
12842,All,log_program_income_full_clp_m1,.0391701787823961,-.0678217385820997,.0569632482255981,.53245985872651,stata_areg_centered_student_vce_unadjusted,229,757999
12846,All,log_program_income_full_clp_m1,.284146745662604,.177154828298109,.0529120347663235,.496745371451586,stata_areg_centered_student_vce_unadjusted,137,757999
12851,All,log_program_income_full_clp_m1,.221844779868043,.114852862503548,.0505937433910551,.424387730959678,stata_areg_centered_student_vce_unadjusted,247,757999
12853,All,log_program_income_full_clp_m1,.268343338524604,.161351421160108,.0530317798455643,.402480800357251,stata_areg_centered_student_vce_unadjusted,250,757999
12855,All,log_program_income_full_clp_m1,.165494282064295,.0585023646997988,.0343849628030756,.465276505106153,stata_areg_centered_student_vce_unadjusted,184,757999
12864,All,log_program_income_full_clp_m1,.41220489727976,.305212979915265,.0506630660074944,.522075855292271,stata_areg_centered_student_vce_unadjusted,158,757999
12867,All,log_program_income_full_clp_m1,-.00675174684714549,-.113743664211641,.0749808759763464,.50075387377507,stata_areg_centered_student_vce_unadjusted,48,757999
12868,All,log_program_income_full_clp_m1,.255317179523144,.148325262158648,.0456202937873394,.395685579091338,stata_areg_centered_student_vce_unadjusted,163,757999
12870,All,log_program_income_full_clp_m1,-.0731332726883567,-.180125190052852,.0425084546177698,.345572119976864,stata_areg_centered_student_vce_unadjusted,114,757999
12876,All,log_program_income_full_clp_m1,.115957691094652,.00896577373015625,.0700640495375163,.483431088579408,stata_areg_centered_student_vce_unadjusted,53,757999
12884,All,log_program_income_full_clp_m1,.349352486644536,.24236056928004,.0569531157435574,.509561567681853,stata_areg_centered_student_vce_unadjusted,152,757999
12885,All,log_program_income_full_clp_m1,.302048227314761,.195056309950266,.0422513189438722,.459907184209236,stata_areg_centered_student_vce_unadjusted,430,757999
12891,All,log_program_income_full_clp_m1,.217496830946918,.110504913582423,.0343380988714579,.443329220235485,stata_areg_centered_student_vce_unadjusted,325,757999
12935,All,log_program_income_full_clp_m1,.149162208418681,.0421702910541856,.0364289557707896,.473338052980066,stata_areg_centered_student_vce_unadjusted,270,757999
12943,All,log_program_income_full_clp_m1,.264675956208637,.157684038844142,.0338074192473,.481550228568493,stata_areg_centered_student_vce_unadjusted,733,757999
12958,All,log_program_income_full_clp_m1,.172276333143249,.0652844157787531,.0537989525300715,.494945812636636,stata_areg_centered_student_vce_unadjusted,136,757999
12961,All,log_program_income_full_clp_m1,-.00908578031294233,-.116077697677438,.0656403922297631,.408493141966068,stata_areg_centered_student_vce_unadjusted,47,757999
12962,All,log_program_income_full_clp_m1,-.202032659790431,-.309024577154927,.436913618262154,.,stata_areg_centered_student_vce_unadjusted,1,757999
12963,All,log_program_income_full_clp_m1,.245145017149499,.138153099785004,.0387538323405658,.447782665512068,stata_areg_centered_student_vce_unadjusted,384,757999
12966,All,log_program_income_full_clp_m1,.263530045990929,.156538128626434,.0586976654920204,.484241045121143,stata_areg_centered_student_vce_unadjusted,143,757999
12970,All,log_program_income_full_clp_m1,.357156618784211,.250164701419715,.0497859881629024,.484946866640227,stata_areg_centered_student_vce_unadjusted,166,757999
12972,All,log_program_income_full_clp_m1,.0719498267251767,-.0350420906393191,.17872425909795,.409586104528469,stata_areg_centered_student_vce_unadjusted,6,757999
12974,All,log_program_income_full_clp_m1,.116133173355721,.00914125599122494,.0932170685978023,.495181496310377,stata_areg_centered_student_vce_unadjusted,24,757999
12977,All,log_program_income_full_clp_m1,.203507045716211,.0965151283517149,.0345876853929392,.45050615457521,stata_areg_centered_student_vce_unadjusted,352,757999
12980,All,log_program_income_full_clp_m1,.140703927933859,.0337120105693632,.0400927028380288,.444571670366283,stata_areg_centered_student_vce_unadjusted,252,757999
13103,All,log_program_income_full_clp_m1,.167212488789544,.0602205714250481,.0602765945433618,.489076997242194,stata_areg_centered_student_vce_unadjusted,114,757999
13112,All,log_program_income_full_clp_m1,.23983061559797,.132838698233474,.0378303005103623,.475148886933388,stata_areg_centered_student_vce_unadjusted,377,757999
13117,All,log_program_income_full_clp_m1,.263566847548052,.156574930183556,.0614937596877015,.465156524545928,stata_areg_centered_student_vce_unadjusted,194,757999
13118,All,log_program_income_full_clp_m1,-.152354670460274,-.25934658782477,.438023692687205,.,stata_areg_centered_student_vce_unadjusted,1,757999
13122,All,log_program_income_full_clp_m1,-.0571167582716876,-.164108675636183,.0966565364919075,.372646057113051,stata_areg_centered_student_vce_unadjusted,22,757999
13125,All,log_program_income_full_clp_m1,.236690004682294,.129698087317798,.0742702871114862,.467817842758601,stata_areg_centered_student_vce_unadjusted,103,757999
13145,All,log_program_income_full_clp_m1,.152266201202267,.0452742838377711,.024169139077591,.468875203653915,stata_areg_centered_student_vce_unadjusted,732,757999
13146,All,log_program_income_full_clp_m1,.164124847701923,.0571329303374274,.0254418679692566,.465944277229153,stata_areg_centered_student_vce_unadjusted,636,757999
13149,All,log_program_income_full_clp_m1,.256021928913507,.149030011549011,.0662402048334836,.454982538840109,stata_areg_centered_student_vce_unadjusted,87,757999
13156,All,log_program_income_full_clp_m1,.198609591777591,.091617674413095,.0288082256701355,.476544732934146,stata_areg_centered_student_vce_unadjusted,346,757999
13168,All,log_program_income_full_clp_m1,.155258376850053,.0482664594855576,.0377646117961282,.516940937755356,stata_areg_centered_student_vce_unadjusted,170,757999
13176,All,log_program_income_full_clp_m1,-.0697037825159045,-.1766956998804,.0501357781186888,.389886657633407,stata_areg_centered_student_vce_unadjusted,84,757999
13178,All,log_program_income_full_clp_m1,.0425676143058064,-.0644243030586894,.0819452887177617,.502097932860448,stata_areg_centered_student_vce_unadjusted,49,757999
13185,All,log_program_income_full_clp_m1,.0964496813680261,-.0105422359964697,.0335051251480108,.46042370451594,stata_areg_centered_student_vce_unadjusted,439,757999
13186,All,log_program_income_full_clp_m1,-.440036348754807,-.547028266119303,.198785386569616,.155566409142133,stata_areg_centered_student_vce_unadjusted,5,757999
13188,All,log_program_income_full_clp_m1,.197393595758285,.0904016783937888,.0452983105956765,.492932624234965,stata_areg_centered_student_vce_unadjusted,195,757999
13190,All,log_program_income_full_clp_m1,.32160433798234,.214612420617844,.0647669918359899,.511513511473531,stata_areg_centered_student_vce_unadjusted,76,757999
13193,All,log_program_income_full_clp_m1,-.0774624950037231,-.184454412368219,.096268555162017,.412880598974139,stata_areg_centered_student_vce_unadjusted,23,757999
13202,All,log_program_income_full_clp_m1,.329084501792457,.222092584427961,.0634409356703345,.367445368524945,stata_areg_centered_student_vce_unadjusted,311,757999
13205,All,log_program_income_full_clp_m1,.232962660635933,.125970743271437,.0815196676048491,.395362857719004,stata_areg_centered_student_vce_unadjusted,37,757999
13208,All,log_program_income_full_clp_m1,-.123761203052814,-.23075312041731,.118316172843221,.279047734250074,stata_areg_centered_student_vce_unadjusted,14,757999
13215,All,log_program_income_full_clp_m1,-.699495475020886,-.806487392385382,.437736825486988,.,stata_areg_centered_student_vce_unadjusted,1,757999
13220,All,log_program_income_full_clp_m1,.0441926181866728,-.062799299177823,.0270667907402196,.44211520355196,stata_areg_centered_student_vce_unadjusted,306,757999
13300,All,log_program_income_full_clp_m1,.263938835711717,.156946918347221,.0646154292559614,.500302403625177,stata_areg_centered_student_vce_unadjusted,148,757999
13305,All,log_program_income_full_clp_m1,.20702681918891,.100034901824414,.0602957459146436,.399199243379906,stata_areg_centered_student_vce_unadjusted,78,757999
13313,All,log_program_income_full_clp_m1,.21434097990184,.107349062537344,.037589814327011,.467711216350256,stata_areg_centered_student_vce_unadjusted,403,757999
13314,All,log_program_income_full_clp_m1,.171607127225665,.0646152098611692,.0455033448711758,.389210359323934,stata_areg_centered_student_vce_unadjusted,233,757999
13319,All,log_program_income_full_clp_m1,.178235439029572,.0712435216650758,.0688749497721341,.48673704017242,stata_areg_centered_student_vce_unadjusted,148,757999
13324,All,log_program_income_full_clp_m1,.182169806942456,.0751778895779607,.0521054750360086,.442169046221992,stata_areg_centered_student_vce_unadjusted,219,757999
13330,All,log_program_income_full_clp_m1,.253904690541377,.146912773176881,.0753481708166024,.389887781541066,stata_areg_centered_student_vce_unadjusted,40,757999
13332,All,log_program_income_full_clp_m1,.341409254640771,.234417337276275,.0704322301004342,.462594061277224,stata_areg_centered_student_vce_unadjusted,83,757999
13333,All,log_program_income_full_clp_m1,.00590429446310876,-.101087622901387,.0472871572206718,.424733609523101,stata_areg_centered_student_vce_unadjusted,96,757999
13341,All,log_program_income_full_clp_m1,.071222408414407,-.0357695089500887,.0812105833313618,.395286797784207,stata_areg_centered_student_vce_unadjusted,37,757999
13344,All,log_program_income_full_clp_m1,.130737682815444,.0237457654509485,.043436724528191,.403150807410412,stata_areg_centered_student_vce_unadjusted,219,757999
13352,All,log_program_income_full_clp_m1,.0292531942650212,-.0777387230994746,.0528182130990008,.461949922698371,stata_areg_centered_student_vce_unadjusted,260,757999
13356,All,log_program_income_full_clp_m1,.19683714887351,.089845231509014,.0499947766593644,.464915870346029,stata_areg_centered_student_vce_unadjusted,261,757999
13360,All,log_program_income_full_clp_m1,.117276594471533,.0102846771070372,.0406601985204697,.441273754544627,stata_areg_centered_student_vce_unadjusted,187,757999
13361,All,log_program_income_full_clp_m1,.203415378677626,.0964234613131305,.0499011607958412,.438452914469175,stata_areg_centered_student_vce_unadjusted,267,757999
13370,All,log_program_income_full_clp_m1,.121559592704767,.0145676753402713,.0502625435612187,.442923953419298,stata_areg_centered_student_vce_unadjusted,116,757999
13372,All,log_program_income_full_clp_m1,.263609931333986,.15661801396949,.0712607394135306,.472275591082765,stata_areg_centered_student_vce_unadjusted,139,757999
13373,All,log_program_income_full_clp_m1,.172745674360804,.0657537569963081,.0569616529931915,.425443234945787,stata_areg_centered_student_vce_unadjusted,242,757999
13383,All,log_program_income_full_clp_m1,.147292263891509,.0403003465270137,.0594298587538178,.454690793173128,stata_areg_centered_student_vce_unadjusted,111,757999
13384,All,log_program_income_full_clp_m1,.157875745303982,.0508838279394862,.0450458389812135,.403246206998189,stata_areg_centered_student_vce_unadjusted,292,757999
13387,All,log_program_income_full_clp_m1,.111730330245587,.00473841288109084,.0534291484822515,.399352332034197,stata_areg_centered_student_vce_unadjusted,176,757999
13388,All,log_program_income_full_clp_m1,.180428977358348,.073437059993852,.047500064217196,.509061204633456,stata_areg_centered_student_vce_unadjusted,191,757999
13394,All,log_program_income_full_clp_m1,.0746422688415885,-.0323496485229073,.0767072787252585,.428280239039537,stata_areg_centered_student_vce_unadjusted,84,757999
13395,All,log_program_income_full_clp_m1,-.139098691216976,-.246090608581472,.446556392789827,.,stata_areg_centered_student_vce_unadjusted,1,757999
13415,All,log_program_income_full_clp_m1,.00794363747127814,-.0990482798932176,.0576056193685885,.382813662859014,stata_areg_centered_student_vce_unadjusted,60,757999
13416,All,log_program_income_full_clp_m1,.119107551726946,.0121156343624501,.0722839996087925,.443484774577568,stata_areg_centered_student_vce_unadjusted,83,757999
13417,All,log_program_income_full_clp_m1,.148658947374042,.0416670300095465,.0712781706346187,.477529944571285,stata_areg_centered_student_vce_unadjusted,107,757999
13420,All,log_program_income_full_clp_m1,.0527370742658384,-.0542548430986574,.0321275744905045,.438096486851682,stata_areg_centered_student_vce_unadjusted,445,757999
13426,All,log_program_income_full_clp_m1,.215116896232907,.108124978868412,.0635903472975566,.485621339148509,stata_areg_centered_student_vce_unadjusted,61,757999
13427,All,log_program_income_full_clp_m1,.122708447478309,.0157165301138136,.0436390721748845,.450441788583443,stata_areg_centered_student_vce_unadjusted,219,757999
13434,All,log_program_income_full_clp_m1,.130208743914272,.0232168265497767,.0495129329709774,.409491608853602,stata_areg_centered_student_vce_unadjusted,221,757999
13437,All,log_program_income_full_clp_m1,-.0760056295557475,-.182997546920243,.438349901779612,.,stata_areg_centered_student_vce_unadjusted,1,757999
13439,All,log_program_income_full_clp_m1,.307191883897474,.200199966532978,.076159459389157,.412321063730813,stata_areg_centered_student_vce_unadjusted,153,757999
13442,All,log_program_income_full_clp_m1,.137052538508977,.0300606211444816,.041565296554459,.429734557730951,stata_areg_centered_student_vce_unadjusted,333,757999
13445,All,log_program_income_full_clp_m1,.1622250999272,.0552331825627038,.0523192414169659,.467053047447604,stata_areg_centered_student_vce_unadjusted,75,757999
13446,All,log_program_income_full_clp_m1,.214196288892456,.10720437152796,.0488402646649585,.423006714630127,stata_areg_centered_student_vce_unadjusted,258,757999
13450,All,log_program_income_full_clp_m1,.188497949210702,.0815060318462058,.0463275525211263,.427609334323274,stata_areg_centered_student_vce_unadjusted,230,757999
13461,All,log_program_income_full_clp_m1,.0611348314107084,-.0458570859537873,.0446826319472592,.459470409147462,stata_areg_centered_student_vce_unadjusted,149,757999
13462,All,log_program_income_full_clp_m1,.144122568263021,.0371306508985253,.0657887772993155,.429518699291641,stata_areg_centered_student_vce_unadjusted,75,757999
13475,All,log_program_income_full_clp_m1,-.0582031045768385,-.165195021941334,.0385169224152487,.425796392936606,stata_areg_centered_student_vce_unadjusted,227,757999
13486,All,log_program_income_full_clp_m1,.157261816004957,.0502698986404608,.0368293232613413,.444201030054417,stata_areg_centered_student_vce_unadjusted,468,757999
13489,All,log_program_income_full_clp_m1,.219919055611483,.112927138246988,.0557474084639685,.423035532592269,stata_areg_centered_student_vce_unadjusted,248,757999
13491,All,log_program_income_full_clp_m1,.0750204934239232,-.0319714239405725,.037928283592478,.439344609269883,stata_areg_centered_student_vce_unadjusted,244,757999
13503,All,log_program_income_full_clp_m1,.193870776251658,.0868788588871621,.0387328991701184,.473593107720487,stata_areg_centered_student_vce_unadjusted,174,757999
13504,All,log_program_income_full_clp_m1,.11699154045111,.00999962308661444,.0478251128728219,.380037650086282,stata_areg_centered_student_vce_unadjusted,160,757999
13513,All,log_program_income_full_clp_m1,.122519413899613,.0155274965351169,.0618856888994913,.416549551642735,stata_areg_centered_student_vce_unadjusted,126,757999
13525,All,log_program_income_full_clp_m1,.0419138935338671,-.0650780238306287,.124295852496779,.381173560124803,stata_areg_centered_student_vce_unadjusted,13,757999
13527,All,log_program_income_full_clp_m1,.176983715625933,.0699917982614369,.0718704421812495,.494549535561395,stata_areg_centered_student_vce_unadjusted,61,757999
13528,All,log_program_income_full_clp_m1,-.115575267543637,-.222567184908133,.072264726180404,.446360883720862,stata_areg_centered_student_vce_unadjusted,38,757999
13535,All,log_program_income_full_clp_m1,.168986375169649,.0619944578051528,.0622737050437083,.452377498006122,stata_areg_centered_student_vce_unadjusted,130,757999
13542,All,log_program_income_full_clp_m1,.20426002472258,.0972681073580842,.079158568824894,.410409868597201,stata_areg_centered_student_vce_unadjusted,122,757999
13545,All,log_program_income_full_clp_m1,.115764385822753,.00877246845825735,.0915629655907707,.394173464783518,stata_areg_centered_student_vce_unadjusted,50,757999
13551,All,log_program_income_full_clp_m1,.0533704279494137,-.0536214894150821,.0409262794105715,.420216318195281,stata_areg_centered_student_vce_unadjusted,199,757999
13552,All,log_program_income_full_clp_m1,.0113615456634236,-.0956303717010722,.439728437864838,.,stata_areg_centered_student_vce_unadjusted,1,757999
13553,All,log_program_income_full_clp_m1,.138811179347317,.0318192619828214,.0459076749740262,.418337738770531,stata_areg_centered_student_vce_unadjusted,101,757999
13558,All,log_program_income_full_clp_m1,.147942071161142,.0409501537966458,.0290733637374932,.445196654873117,stata_areg_centered_student_vce_unadjusted,411,757999
13561,All,log_program_income_full_clp_m1,.0771402602774072,-.0298516570870886,.0350109254795978,.435050122437404,stata_areg_centered_student_vce_unadjusted,329,757999
13565,All,log_program_income_full_clp_m1,.162036726985146,.05504480962065,.0554724193741063,.374381834724023,stata_areg_centered_student_vce_unadjusted,149,757999
13573,All,log_program_income_full_clp_m1,.175195557587022,.0682036402225262,.0573453470635433,.455870367885768,stata_areg_centered_student_vce_unadjusted,154,757999
13574,All,log_program_income_full_clp_m1,.365503883322089,.258511965957593,.0502355598691581,.396909862440518,stata_areg_centered_student_vce_unadjusted,104,757999
13576,All,log_program_income_full_clp_m1,.0852556358712932,-.0217362814932026,.0317943260767319,.440605147624547,stata_areg_centered_student_vce_unadjusted,261,757999
13582,All,log_program_income_full_clp_m1,.0911561958999017,-.0158357214645941,.0267420481523226,.454034519033475,stata_areg_centered_student_vce_unadjusted,360,757999
13584,All,log_program_income_full_clp_m1,.12106929921941,.0140773818549143,.0945993593072432,.374925789715398,stata_areg_centered_student_vce_unadjusted,22,757999
13586,All,log_program_income_full_clp_m1,.0578495505330388,-.049142366831457,.0400458450819292,.411309554320253,stata_areg_centered_student_vce_unadjusted,235,757999
13590,All,log_program_income_full_clp_m1,.00982557004162782,-.097166347322868,.0588790365187664,.391776464437484,stata_areg_centered_student_vce_unadjusted,82,757999
13591,All,log_program_income_full_clp_m1,.00409601822460853,-.102895899139887,.0512176300229251,.366846967477043,stata_areg_centered_student_vce_unadjusted,84,757999
13592,All,log_program_income_full_clp_m1,-.101480756319689,-.208472673684185,.43955210282492,.,stata_areg_centered_student_vce_unadjusted,1,757999
13604,All,log_program_income_full_clp_m1,.202333509130228,.095341591765732,.0565917259586323,.414962238468475,stata_areg_centered_student_vce_unadjusted,128,757999
13606,All,log_program_income_full_clp_m1,.0759169546838941,-.0310749626806016,.0409813795264402,.415848826949324,stata_areg_centered_student_vce_unadjusted,259,757999
13610,All,log_program_income_full_clp_m1,-.0221316530034504,-.129123570367946,.0673562273976546,.469625021380751,stata_areg_centered_student_vce_unadjusted,62,757999
13611,All,log_program_income_full_clp_m1,-.141477169435702,-.248469086800198,.105158094618515,.314278657970589,stata_areg_centered_student_vce_unadjusted,19,757999
13612,All,log_program_income_full_clp_m1,.156301457797077,.0493095404325814,.16575729764609,.373945568728086,stata_areg_centered_student_vce_unadjusted,7,757999
13621,All,log_program_income_full_clp_m1,.166029308248386,.0590373908838898,.0519217878388518,.444478160351157,stata_areg_centered_student_vce_unadjusted,106,757999
13626,All,log_program_income_full_clp_m1,.0417658551158521,-.0652260622486437,.0564228822316783,.400388257076029,stata_areg_centered_student_vce_unadjusted,67,757999
13627,All,log_program_income_full_clp_m1,.0152654010098699,-.0917265163546258,.0676085232368319,.402240891736383,stata_areg_centered_student_vce_unadjusted,112,757999
13633,All,log_program_income_full_clp_m1,.106359832124507,-.000632085239988978,.0582520780146224,.442462611260738,stata_areg_centered_student_vce_unadjusted,130,757999
14201,All,log_program_income_full_clp_m1,-.0713866266955436,-.178378544060039,.436969286214777,.,stata_areg_centered_student_vce_unadjusted,1,757999
14202,All,log_program_income_full_clp_m1,.157419766978733,.0504278496142372,.0512090578861955,.398560106717045,stata_areg_centered_student_vce_unadjusted,138,757999
14206,All,log_program_income_full_clp_m1,.00873137686495122,-.0982605404995446,.0571973749261573,.356065886949599,stata_areg_centered_student_vce_unadjusted,65,757999
14208,All,log_program_income_full_clp_m1,-.0519860647850341,-.15897798214953,.0517470693567306,.274550369613118,stata_areg_centered_student_vce_unadjusted,81,757999
14210,All,log_program_income_full_clp_m1,.0870396760102779,-.0199522413542179,.031422328280531,.415139540473853,stata_areg_centered_student_vce_unadjusted,395,757999
14211,All,log_program_income_full_clp_m1,.086417083907302,-.0205748334571938,.0527185829925436,.409674009377353,stata_areg_centered_student_vce_unadjusted,137,757999
14217,All,log_program_income_full_clp_m1,.465457264568123,.358465347203627,.0708485748131126,.45646309859095,stata_areg_centered_student_vce_unadjusted,103,757999
14225,All,log_program_income_full_clp_m1,-.080449079515973,-.187440996880469,.0962603042206052,.409156975017469,stata_areg_centered_student_vce_unadjusted,21,757999
14232,All,log_program_income_full_clp_m1,.13381493384991,.0268230164854145,.0411992927473772,.408049480611064,stata_areg_centered_student_vce_unadjusted,153,757999
14233,All,log_program_income_full_clp_m1,.0822399809068864,-.0247519364576094,.0647916149214727,.416065384174709,stata_areg_centered_student_vce_unadjusted,78,757999
14237,All,log_program_income_full_clp_m1,.0308022712851734,-.0761896460793224,.0664819060784132,.46352468877294,stata_areg_centered_student_vce_unadjusted,76,757999
14249,All,log_program_income_full_clp_m1,.494615014098684,.387623096734188,.0993466006113321,.409565876964948,stata_areg_centered_student_vce_unadjusted,81,757999
14260,All,log_program_income_full_clp_m1,.184998537036611,.0780066196721152,.0683359108810929,.477020561407705,stata_areg_centered_student_vce_unadjusted,67,757999
14265,All,log_program_income_full_clp_m1,.30564670946912,.198654792104624,.0536163563891708,.431010483465337,stata_areg_centered_student_vce_unadjusted,89,757999
14266,All,log_program_income_full_clp_m1,.0334752945640851,-.0735166228004107,.0630491493069097,.449426985755826,stata_areg_centered_student_vce_unadjusted,71,757999
14270,All,log_program_income_full_clp_m1,.260424282743877,.153432365379381,.070940905428106,.398261058025541,stata_areg_centered_student_vce_unadjusted,120,757999
14280,All,log_program_income_full_clp_m1,.243280177879495,.136288260514999,.0758713105619824,.407269918822328,stata_areg_centered_student_vce_unadjusted,166,757999
14284,All,log_program_income_full_clp_m1,.180714924952285,.0737230075877897,.0262952005792128,.412494400188994,stata_areg_centered_student_vce_unadjusted,329,757999
14288,All,log_program_income_full_clp_m1,.248058604952724,.141066687588228,.0669869482793678,.445218390182465,stata_areg_centered_student_vce_unadjusted,147,757999
14292,All,log_program_income_full_clp_m1,.0915535839719697,-.0154383333925261,.165857228347442,.72791114571424,stata_areg_centered_student_vce_unadjusted,7,757999
14299,All,log_program_income_full_clp_m1,.158722013170142,.0517300958056463,.0503485723237694,.442322064739254,stata_areg_centered_student_vce_unadjusted,143,757999
14300,All,log_program_income_full_clp_m1,-.293837733662834,-.40082965102733,.4384538511171,.,stata_areg_centered_student_vce_unadjusted,1,757999
14307,All,log_program_income_full_clp_m1,-.111068209978112,-.218060127342608,.0878663825215497,.312354091476579,stata_areg_centered_student_vce_unadjusted,26,757999
14313,All,log_program_income_full_clp_m1,.202681668693806,.0956897513293104,.0639774943571432,.392012291698274,stata_areg_centered_student_vce_unadjusted,153,757999
14314,All,log_program_income_full_clp_m1,.195589102450921,.0885971850864252,.0658172302662404,.434031911664122,stata_areg_centered_student_vce_unadjusted,100,757999
14315,All,log_program_income_full_clp_m1,.0167854904805816,-.0902064268839142,.0731665616475384,.426273281502201,stata_areg_centered_student_vce_unadjusted,57,757999
14316,All,log_program_income_full_clp_m1,.166729696364999,.0597377790005029,.0633771758446634,.466956784464278,stata_areg_centered_student_vce_unadjusted,93,757999
14324,All,log_program_income_full_clp_m1,.290608769246161,.183616851881665,.107957271118334,.399825836533286,stata_areg_centered_student_vce_unadjusted,18,757999
14332,All,log_program_income_full_clp_m1,.189480470915436,.0824885535509399,.100401877283825,.460022547808077,stata_areg_centered_student_vce_unadjusted,66,757999
14334,All,log_program_income_full_clp_m1,.2761263447294,.169134427364904,.0407645172080819,.510477719689603,stata_areg_centered_student_vce_unadjusted,300,757999
14336,All,log_program_income_full_clp_m1,.00522208046982519,-.101769836894671,.0447071174944659,.396627138060862,stata_areg_centered_student_vce_unadjusted,103,757999
14348,All,log_program_income_full_clp_m1,.200125327974265,.0931334106097697,.0477528235969822,.452926606887875,stata_areg_centered_student_vce_unadjusted,285,757999
14359,All,log_program_income_full_clp_m1,.118375446563263,.0113835291987668,.0304098152290224,.423471139687116,stata_areg_centered_student_vce_unadjusted,557,757999
14363,All,log_program_income_full_clp_m1,.253077320698718,.146085403334222,.0292821304014493,.444550569838475,stata_areg_centered_student_vce_unadjusted,457,757999
14365,All,log_program_income_full_clp_m1,-.0441026270429264,-.151094544407422,.055231867720801,.412191240625644,stata_areg_centered_student_vce_unadjusted,81,757999
14373,All,log_program_income_full_clp_m1,.212846703623518,.105854786259022,.0529208419445379,.455860342289798,stata_areg_centered_student_vce_unadjusted,98,757999
14375,All,log_program_income_full_clp_m1,.0336218410579135,-.0733700763065823,.0370940632107165,.447580549163568,stata_areg_centered_student_vce_unadjusted,211,757999
14379,All,log_program_income_full_clp_m1,.235430965320179,.128439047955684,.065364021869476,.503842533229114,stata_areg_centered_student_vce_unadjusted,134,757999
14380,All,log_program_income_full_clp_m1,.413246571943166,.30625465457867,.139008068271484,.485882589613624,stata_areg_centered_student_vce_unadjusted,11,757999
14381,All,log_program_income_full_clp_m1,.0646168721499958,-.0423750452145,.079782067105783,.424252925400795,stata_areg_centered_student_vce_unadjusted,86,757999
14387,All,log_program_income_full_clp_m1,.166254531346489,.0592626139819935,.0573640669018736,.479564692839763,stata_areg_centered_student_vce_unadjusted,76,757999
14389,All,log_program_income_full_clp_m1,.0300679489436443,-.0769239684208515,.0517112563124663,.391859675546872,stata_areg_centered_student_vce_unadjusted,75,757999
14397,All,log_program_income_full_clp_m1,.098432472960222,-.00855944440427379,.0609626726870102,.450917939726989,stata_areg_centered_student_vce_unadjusted,67,757999
14400,All,log_program_income_full_clp_m1,-.319222231894811,-.426214149259307,.179900409466769,.092192779058006,stata_areg_centered_student_vce_unadjusted,6,757999
14413,All,log_program_income_full_clp_m1,.161217252756974,.0542253353924787,.0651976145241494,.436779693684798,stata_areg_centered_student_vce_unadjusted,161,757999
14416,All,log_program_income_full_clp_m1,.129765135294598,.0227732179301017,.0501902772501636,.471352456968098,stata_areg_centered_student_vce_unadjusted,323,757999
14417,All,log_program_income_full_clp_m1,-.0124990486545666,-.119490966019062,.0869903373999854,.350014972157716,stata_areg_centered_student_vce_unadjusted,26,757999
14418,All,log_program_income_full_clp_m1,-.112289322770281,-.219281240134777,.070904288242746,.40110791665832,stata_areg_centered_student_vce_unadjusted,50,757999
14420,All,log_program_income_full_clp_m1,.055526411262716,-.0514655061017797,.0836690117421531,.453567548675348,stata_areg_centered_student_vce_unadjusted,86,757999
14421,All,log_program_income_full_clp_m1,-.0512199785289806,-.158211895893476,.0580569842168252,.364600889264956,stata_areg_centered_student_vce_unadjusted,59,757999
14428,All,log_program_income_full_clp_m1,.228831427286282,.121839509921786,.0812390434990988,.477582320772086,stata_areg_centered_student_vce_unadjusted,32,757999
14439,All,log_program_income_full_clp_m1,-.0846496534685059,-.191641570833002,.138833221803839,.297431177142666,stata_areg_centered_student_vce_unadjusted,10,757999
14453,All,log_program_income_full_clp_m1,.103288658039556,-.00370325932493988,.0659955675991136,.445719462758878,stata_areg_centered_student_vce_unadjusted,60,757999
14454,All,log_program_income_full_clp_m1,-.0600326856278564,-.167024602992352,.0524431412656669,.309087838692764,stata_areg_centered_student_vce_unadjusted,78,757999
14462,All,log_program_income_full_clp_m1,-.0413324671615531,-.148324384526049,.0635662175189585,.410593817966891,stata_areg_centered_student_vce_unadjusted,50,757999
14466,All,log_program_income_full_clp_m1,.180867686447428,.0738757690829326,.065636730772348,.454126049178016,stata_areg_centered_student_vce_unadjusted,121,757999
14467,All,log_program_income_full_clp_m1,-.103167181546089,-.210159098910585,.0962351216849947,.266827201205768,stata_areg_centered_student_vce_unadjusted,21,757999
14470,All,log_program_income_full_clp_m1,-.112520822044958,-.219512739409454,.0284812245195147,.389454091177632,stata_areg_centered_student_vce_unadjusted,290,757999
14476,All,log_program_income_full_clp_m1,.24734662565098,.140354708286485,.0650598041814201,.538636429539838,stata_areg_centered_student_vce_unadjusted,90,757999
14487,All,log_program_income_full_clp_m1,.173690336599124,.0666984192346286,.0403449036074315,.415864871391126,stata_areg_centered_student_vce_unadjusted,219,757999
14490,All,log_program_income_full_clp_m1,.156102585960266,.0491106685957706,.038134151037015,.403476312961474,stata_areg_centered_student_vce_unadjusted,197,757999
14492,All,log_program_income_full_clp_m1,-.0841367470224348,-.191128664386931,.0744679581120182,.30224658669999,stata_areg_centered_student_vce_unadjusted,36,757999
14494,All,log_program_income_full_clp_m1,.13150936717753,.0245174498130345,.0686270057577878,.443149974399611,stata_areg_centered_student_vce_unadjusted,93,757999
14498,All,log_program_income_full_clp_m1,.20153416076402,.0945422433995241,.112579044429499,.480719590436703,stata_areg_centered_student_vce_unadjusted,107,757999
14502,All,log_program_income_full_clp_m1,.390612567912208,.283620650547712,.0848220748076722,.503900535990331,stata_areg_centered_student_vce_unadjusted,88,757999
14504,All,log_program_income_full_clp_m1,.0109871369419704,-.0960047804225254,.071586246494049,.439337876793856,stata_areg_centered_student_vce_unadjusted,80,757999
14506,All,log_program_income_full_clp_m1,.165200250851333,.0582083334868368,.0426290366839427,.45122091347956,stata_areg_centered_student_vce_unadjusted,299,757999
14507,All,log_program_income_full_clp_m1,-.434316714872375,-.541308632236871,.439951292486083,.,stata_areg_centered_student_vce_unadjusted,1,757999
14508,All,log_program_income_full_clp_m1,.260459501313516,.15346758394902,.0593001723103642,.479077920458736,stata_areg_centered_student_vce_unadjusted,84,757999
14510,All,log_program_income_full_clp_m1,.189978630120003,.0829867127555067,.0474625322738922,.427585827137672,stata_areg_centered_student_vce_unadjusted,208,757999
14511,All,log_program_income_full_clp_m1,.081644608947683,-.0253473084168128,.0657200759642876,.465845641242733,stata_areg_centered_student_vce_unadjusted,94,757999
14514,All,log_program_income_full_clp_m1,.215871353469662,.108879436105167,.0546631123939244,.405986621073093,stata_areg_centered_student_vce_unadjusted,255,757999
14516,All,log_program_income_full_clp_m1,-.448953779444862,-.555945696809358,.219881537831514,.209778204457984,stata_areg_centered_student_vce_unadjusted,4,757999
14523,All,log_program_income_full_clp_m1,.167882965804953,.060891048440457,.0442129086945475,.413951511928301,stata_areg_centered_student_vce_unadjusted,300,757999
14525,All,log_program_income_full_clp_m1,-.11812874986318,-.225120667227676,.0714611330472191,.262614936400892,stata_areg_centered_student_vce_unadjusted,39,757999
14526,All,log_program_income_full_clp_m1,.102663045704812,-.0043288716596836,.0448668735654302,.416098051346112,stata_areg_centered_student_vce_unadjusted,263,757999
14527,All,log_program_income_full_clp_m1,.147485672231662,.0404937548671665,.0502656714586928,.419297489797858,stata_areg_centered_student_vce_unadjusted,123,757999
14534,All,log_program_income_full_clp_m1,.222117728695665,.11512581133117,.0538587265002699,.454019928863788,stata_areg_centered_student_vce_unadjusted,115,757999
14537,All,log_program_income_full_clp_m1,.13015617628949,.0231642589249944,.04476775996079,.390224459826644,stata_areg_centered_student_vce_unadjusted,236,757999
14538,All,log_program_income_full_clp_m1,.11640816624412,.00941624887962404,.0712622554251375,.412464009317879,stata_areg_centered_student_vce_unadjusted,212,757999
14541,All,log_program_income_full_clp_m1,.123738492289048,.0167465749245525,.0645067270381059,.446812621122507,stata_areg_centered_student_vce_unadjusted,125,757999
14545,All,log_program_income_full_clp_m1,-.0549500543051026,-.161941971669598,.0472870003156439,.370996752580838,stata_areg_centered_student_vce_unadjusted,91,757999
14547,All,log_program_income_full_clp_m1,.0025333746292095,-.104458542735286,.0927468198322799,.398660822138081,stata_areg_centered_student_vce_unadjusted,23,757999
14552,All,log_program_income_full_clp_m1,.00309632156350921,-.103895595800987,.0523815713653432,.463517433846682,stata_areg_centered_student_vce_unadjusted,142,757999
14556,All,log_program_income_full_clp_m1,.113597233524989,.0066053161604937,.0533864637543696,.431142707477606,stata_areg_centered_student_vce_unadjusted,69,757999
14565,All,log_program_income_full_clp_m1,.133685672628246,.0266937552637506,.0556846737239183,.476923152587507,stata_areg_centered_student_vce_unadjusted,109,757999
14568,All,log_program_income_full_clp_m1,.0992892487220002,-.00770266864249552,.0793052924169785,.455245050732185,stata_areg_centered_student_vce_unadjusted,117,757999
14573,All,log_program_income_full_clp_m1,.00844692321639693,-.0985449941480988,.477764257438432,.,stata_areg_centered_student_vce_unadjusted,1,757999
14580,All,log_program_income_full_clp_m1,.151938540888855,.0449466235243591,.0605782044681769,.454552754849835,stata_areg_centered_student_vce_unadjusted,92,757999
14592,All,log_program_income_full_clp_m1,-.0344737443885691,-.141465661753065,.0492898399279283,.315506610022481,stata_areg_centered_student_vce_unadjusted,83,757999
14594,All,log_program_income_full_clp_m1,.189512316781145,.0825203994166491,.0593281318327436,.476425200618793,stata_areg_centered_student_vce_unadjusted,111,757999
14599,All,log_program_income_full_clp_m1,.0607885432040933,-.0462033741604025,.0613057906252178,.483074331705912,stata_areg_centered_student_vce_unadjusted,88,757999
14605,All,log_program_income_full_clp_m1,.179286541103906,.0722946237394107,.0522367234006632,.458030361680469,stata_areg_centered_student_vce_unadjusted,227,757999
14606,All,log_program_income_full_clp_m1,.124737554959908,.017745637595412,.0580355435039459,.374463896570813,stata_areg_centered_student_vce_unadjusted,70,757999
14608,All,log_program_income_full_clp_m1,.0855245111708683,-.0214674061936274,.0394188842403309,.409371338305416,stata_areg_centered_student_vce_unadjusted,267,757999
14614,All,log_program_income_full_clp_m1,.15188800405892,.0448960866944237,.0563576049250747,.445710590640942,stata_areg_centered_student_vce_unadjusted,226,757999
14616,All,log_program_income_full_clp_m1,.090303250128768,-.0166886672357277,.0823963626835765,.430580220518546,stata_areg_centered_student_vce_unadjusted,63,757999
14622,All,log_program_income_full_clp_m1,-.0242512818218625,-.131243199186358,.0621549570058669,.467898710697347,stata_areg_centered_student_vce_unadjusted,90,757999
14625,All,log_program_income_full_clp_m1,.0241208684501799,-.0828710489143159,.089009942331867,.40467209301502,stata_areg_centered_student_vce_unadjusted,25,757999
14626,All,log_program_income_full_clp_m1,.0676498812093922,-.0393420361551036,.0593446335592907,.410898324108169,stata_areg_centered_student_vce_unadjusted,81,757999
14628,All,log_program_income_full_clp_m1,-.0267730038687777,-.133764921233273,.0815267036825077,.413527505375208,stata_areg_centered_student_vce_unadjusted,31,757999
14629,All,log_program_income_full_clp_m1,.097720367451329,-.00927154991316674,.0317726893364863,.442216288692372,stata_areg_centered_student_vce_unadjusted,384,757999
14641,All,log_program_income_full_clp_m1,.0502511404402598,-.056740776924236,.0552078414202112,.400869785489367,stata_areg_centered_student_vce_unadjusted,120,757999
14642,All,log_program_income_full_clp_m1,.0508561949040265,-.0561357224604693,.0497201151384876,.450400484233638,stata_areg_centered_student_vce_unadjusted,116,757999
14643,All,log_program_income_full_clp_m1,.180318924389362,.0733270070248667,.070699678382095,.474757760985986,stata_areg_centered_student_vce_unadjusted,67,757999
14654,All,log_program_income_full_clp_m1,-.0369392747311468,-.143931192095643,.0523033970819806,.398875871809894,stata_areg_centered_student_vce_unadjusted,72,757999
14655,All,log_program_income_full_clp_m1,.00233722826490783,-.104654689099588,.447939649067362,.,stata_areg_centered_student_vce_unadjusted,1,757999
14657,All,log_program_income_full_clp_m1,-.0601075526279483,-.167099469992444,.0988353960946634,.459482308384636,stata_areg_centered_student_vce_unadjusted,22,757999
14659,All,log_program_income_full_clp_m1,.0234261154753944,-.0835658018891014,.0611204307551809,.426791476984383,stata_areg_centered_student_vce_unadjusted,60,757999
14670,All,log_program_income_full_clp_m1,.229048995663925,.12205707829943,.0382100822809657,.450128508027887,stata_areg_centered_student_vce_unadjusted,238,757999
14671,All,log_program_income_full_clp_m1,.0968629347454256,-.0101289826190701,.0447855551273478,.422869263657678,stata_areg_centered_student_vce_unadjusted,196,757999
14673,All,log_program_income_full_clp_m1,.158179688959093,.0511877715945969,.0470632206083436,.433166268587534,stata_areg_centered_student_vce_unadjusted,117,757999
14674,All,log_program_income_full_clp_m1,.164792417956763,.0578005005922674,.0395493743367917,.460513431117253,stata_areg_centered_student_vce_unadjusted,246,757999
14675,All,log_program_income_full_clp_m1,.16537148620164,.0583795688371439,.0948081916763096,.467875028060338,stata_areg_centered_student_vce_unadjusted,41,757999
14676,All,log_program_income_full_clp_m1,-.517282494120876,-.624274411485372,.437688503580709,7.65420073608340e-16,stata_areg_centered_student_vce_unadjusted,2,757999
14677,All,log_program_income_full_clp_m1,.00906307778882236,-.0979288395756734,.0601194162765131,.423625798456202,stata_areg_centered_student_vce_unadjusted,76,757999
14687,All,log_program_income_full_clp_m1,-.00883181867843173,-.115823736042928,.0550617124654203,.501290966592404,stata_areg_centered_student_vce_unadjusted,129,757999
14697,All,log_program_income_full_clp_m1,.162307399852885,.0553154824883894,.0380332910342122,.42912932751855,stata_areg_centered_student_vce_unadjusted,268,757999
14699,All,log_program_income_full_clp_m1,.0871863251584454,-.0198055922060504,.0615156091021473,.459825174488604,stata_areg_centered_student_vce_unadjusted,164,757999
14703,All,log_program_income_full_clp_m1,.0420311922458304,-.0649607251186654,.048112043817255,.420393719339532,stata_areg_centered_student_vce_unadjusted,286,757999
14707,All,log_program_income_full_clp_m1,.188205404894644,.0812134875301482,.0552069501203268,.479297086934327,stata_areg_centered_student_vce_unadjusted,94,757999
14711,All,log_program_income_full_clp_m1,-.114503253429872,-.221495170794367,.0657740644295143,.32781897137512,stata_areg_centered_student_vce_unadjusted,47,757999
14716,All,log_program_income_full_clp_m1,.147869030601981,.0408771132374853,.0456761470251035,.467296092339376,stata_areg_centered_student_vce_unadjusted,163,757999
14717,All,log_program_income_full_clp_m1,.154915139076231,.047923221711735,.052247025142675,.436223916399028,stata_areg_centered_student_vce_unadjusted,132,757999
14720,All,log_program_income_full_clp_m1,-.0670243954239774,-.174016312788473,.0309002442101418,.379642575444057,stata_areg_centered_student_vce_unadjusted,243,757999
14750,All,log_program_income_full_clp_m1,.221470421430006,.11447850406551,.0839344872249461,.416534360347231,stata_areg_centered_student_vce_unadjusted,100,757999
14751,All,log_program_income_full_clp_m1,.199128431004443,.0921365136399474,.0800310895972148,.460292987125028,stata_areg_centered_student_vce_unadjusted,98,757999
14759,All,log_program_income_full_clp_m1,-.149877938957284,-.25686985632178,.0808392344065208,.240451660134316,stata_areg_centered_student_vce_unadjusted,31,757999
14761,All,log_program_income_full_clp_m1,-.183274162017868,-.290266079382364,.219897311469382,.116963798186117,stata_areg_centered_student_vce_unadjusted,4,757999
14764,All,log_program_income_full_clp_m1,.205214193366139,.0982222760016432,.0455403840556974,.430094519530023,stata_areg_centered_student_vce_unadjusted,206,757999
14770,All,log_program_income_full_clp_m1,.251002468602928,.144010551238432,.0477934748796819,.415486115860079,stata_areg_centered_student_vce_unadjusted,234,757999
14771,All,log_program_income_full_clp_m1,.282511655299424,.175519737934928,.0655154734902658,.376641338982283,stata_areg_centered_student_vce_unadjusted,55,757999
14773,All,log_program_income_full_clp_m1,.0664643527883145,-.0405275645761813,.0664485828610689,.435795123687827,stata_areg_centered_student_vce_unadjusted,124,757999
14775,All,log_program_income_full_clp_m1,.0781872594142618,-.028804657950234,.055498798946423,.408012038297377,stata_areg_centered_student_vce_unadjusted,97,757999
14778,All,log_program_income_full_clp_m1,.0667665628744982,-.0402253544899976,.0526006957058409,.393383780457916,stata_areg_centered_student_vce_unadjusted,98,757999
14779,All,log_program_income_full_clp_m1,.136783476962039,.0297915595975435,.054504540550216,.379533614892827,stata_areg_centered_student_vce_unadjusted,99,757999
14782,All,log_program_income_full_clp_m1,.156460125776095,.0494682084115991,.0615085829212309,.433498684992632,stata_areg_centered_student_vce_unadjusted,116,757999
14783,All,log_program_income_full_clp_m1,.166549602625333,.0595576852608375,.0378198357976963,.42252262884125,stata_areg_centered_student_vce_unadjusted,288,757999
14788,All,log_program_income_full_clp_m1,.136045065990038,.0290531486255426,.0506590330153963,.448979833596305,stata_areg_centered_student_vce_unadjusted,108,757999
14790,All,log_program_income_full_clp_m1,.10926204183908,.00227012447458468,.036789354488856,.425023964572938,stata_areg_centered_student_vce_unadjusted,189,757999
14791,All,log_program_income_full_clp_m1,-.261031436503869,-.368023353868365,.179268530962839,.305584896130019,stata_areg_centered_student_vce_unadjusted,6,757999
14796,All,log_program_income_full_clp_m1,-.183922538957682,-.290914456322178,.110596009148757,.435856515830627,stata_areg_centered_student_vce_unadjusted,16,757999
14818,All,log_program_income_full_clp_m1,.134536716701583,.0275447993370876,.046336326664405,.432750895086363,stata_areg_centered_student_vce_unadjusted,166,757999
14819,All,log_program_income_full_clp_m1,.0647365860301296,-.0422553313343661,.0717326083268498,.460860324571701,stata_areg_centered_student_vce_unadjusted,84,757999
14820,All,log_program_income_full_clp_m1,.00821887722407822,-.0987730401404175,.0681418098897362,.449820823714105,stata_areg_centered_student_vce_unadjusted,65,757999
14822,All,log_program_income_full_clp_m1,.180912468247886,.0739205508833903,.0507305536833182,.438343900921392,stata_areg_centered_student_vce_unadjusted,176,757999
14823,All,log_program_income_full_clp_m1,.030286348157512,-.0767055692069838,.0774665311102121,.448285616069648,stata_areg_centered_student_vce_unadjusted,71,757999
14825,All,log_program_income_full_clp_m1,-.00292915201455293,-.109921069379049,.0522457851995901,.411654381346229,stata_areg_centered_student_vce_unadjusted,117,757999
14846,All,log_program_income_full_clp_m1,-.0168244910711802,-.123816408435676,.0708366450343438,.365578854478894,stata_areg_centered_student_vce_unadjusted,39,757999
14852,All,log_program_income_full_clp_m1,-.0324806345083467,-.139472551872842,.0568256825734622,.348226984146281,stata_areg_centered_student_vce_unadjusted,62,757999
14856,All,log_program_income_full_clp_m1,.141550605873397,.0345586885089016,.0396801554860888,.409763840179772,stata_areg_centered_student_vce_unadjusted,189,757999
14860,All,log_program_income_full_clp_m1,.15598708482618,.0489951674616846,.0766398155490089,.474475112897934,stata_areg_centered_student_vce_unadjusted,53,757999
14865,All,log_program_income_full_clp_m1,.036167625908708,-.0708242914557877,.0685580175285092,.429701910376995,stata_areg_centered_student_vce_unadjusted,62,757999
14866,All,log_program_income_full_clp_m1,.137547450234304,.0305555328698079,.0520787393718205,.482900458759275,stata_areg_centered_student_vce_unadjusted,277,757999
14868,All,log_program_income_full_clp_m1,.00441711693703808,-.102574800427458,.045130758228336,.353998278935665,stata_areg_centered_student_vce_unadjusted,120,757999
14870,All,log_program_income_full_clp_m1,.0165044311974654,-.0904874861670304,.0603056914344933,.387474817157111,stata_areg_centered_student_vce_unadjusted,67,757999
14874,All,log_program_income_full_clp_m1,.0200601885487172,-.0869317288157786,.0861194993363395,.287112468816307,stata_areg_centered_student_vce_unadjusted,29,757999
14877,All,log_program_income_full_clp_m1,.0869415068997304,-.0200504104647654,.0379978479936428,.413983507034237,stata_areg_centered_student_vce_unadjusted,210,757999
14879,All,log_program_income_full_clp_m1,.0623562528901363,-.0446356644743594,.0243281179472817,.432514700708037,stata_areg_centered_student_vce_unadjusted,688,757999
14881,All,log_program_income_full_clp_m1,.0130642716662104,-.0939276456982854,.0615114321629453,.451726817536636,stata_areg_centered_student_vce_unadjusted,205,757999
14885,All,log_program_income_full_clp_m1,.239759205066769,.132767287702273,.0752582542028709,.437477655911965,stata_areg_centered_student_vce_unadjusted,60,757999
14901,All,log_program_income_full_clp_m1,.0963459144460406,-.0106460029184552,.0471383245068226,.428245355697267,stata_areg_centered_student_vce_unadjusted,225,757999
14902,All,log_program_income_full_clp_m1,.259776837963042,.152784920598546,.0569700827826073,.432371899302995,stata_areg_centered_student_vce_unadjusted,103,757999
14910,All,log_program_income_full_clp_m1,-.216018839208655,-.32301075657315,.107264669215534,.225291337185697,stata_areg_centered_student_vce_unadjusted,17,757999
14912,All,log_program_income_full_clp_m1,.231449069091857,.124457151727361,.0450743410128621,.446970415709124,stata_areg_centered_student_vce_unadjusted,309,757999
14913,All,log_program_income_full_clp_m1,.216170651812825,.109178734448329,.0555236532772968,.414812763296694,stata_areg_centered_student_vce_unadjusted,102,757999
14922,All,log_program_income_full_clp_m1,.233575028596961,.126583111232465,.0484710654059282,.453562825611376,stata_areg_centered_student_vce_unadjusted,98,757999
14923,All,log_program_income_full_clp_m1,.0284484245079069,-.0785434928565889,.0463419013521806,.415601244265383,stata_areg_centered_student_vce_unadjusted,140,757999
14946,All,log_program_income_full_clp_m1,-.130029672139896,-.237021589504392,.438011793240041,.,stata_areg_centered_student_vce_unadjusted,1,757999
14952,All,log_program_income_full_clp_m1,.260115722615191,.153123805250695,.0598391097271964,.473459859168585,stata_areg_centered_student_vce_unadjusted,110,757999
14953,All,log_program_income_full_clp_m1,.0143387559779731,-.0926531613865227,.0629812864554916,.401063602299966,stata_areg_centered_student_vce_unadjusted,98,757999
15502,All,log_program_income_full_clp_m1,.0736210538833827,-.0333708634811131,.0374875792079725,.416715020779225,stata_areg_centered_student_vce_unadjusted,259,757999
15510,All,log_program_income_full_clp_m1,.267821464938304,.160829547573809,.0574282563099583,.481476763732389,stata_areg_centered_student_vce_unadjusted,195,757999
15521,All,log_program_income_full_clp_m1,.172295203624133,.0653032862596372,.0556008721542374,.484496357468722,stata_areg_centered_student_vce_unadjusted,208,757999
15522,All,log_program_income_full_clp_m1,.00504599116627422,-.101945926198222,.0663767560300711,.446917031375143,stata_areg_centered_student_vce_unadjusted,95,757999
15524,All,log_program_income_full_clp_m1,.162704352479811,.0557124351153149,.0902333449972742,.514579510445572,stata_areg_centered_student_vce_unadjusted,76,757999
15534,All,log_program_income_full_clp_m1,.12025625391646,.0132643365519644,.0367190868994884,.485387835507372,stata_areg_centered_student_vce_unadjusted,195,757999
15535,All,log_program_income_full_clp_m1,-.294236484444695,-.40122840180919,.148400444556286,.125680462672581,stata_areg_centered_student_vce_unadjusted,9,757999
15544,All,log_program_income_full_clp_m1,.191709444825748,.084717527461252,.0647220775104514,.45560838166568,stata_areg_centered_student_vce_unadjusted,101,757999
15554,All,log_program_income_full_clp_m1,.176592438147997,.0696005207835017,.0561483750680357,.43859359585633,stata_areg_centered_student_vce_unadjusted,229,757999
15564,All,log_program_income_full_clp_m1,.396109107288079,.289117189923583,.091892049405468,.345595431787308,stata_areg_centered_student_vce_unadjusted,173,757999
15574,All,log_program_income_full_clp_m1,-.0833085001590878,-.190300417523584,.0781321123037446,.437407526674921,stata_areg_centered_student_vce_unadjusted,33,757999
15576,All,log_program_income_full_clp_m1,.353578519894694,.246586602530199,.110972758512227,.325269745565566,stata_areg_centered_student_vce_unadjusted,76,757999
15583,All,log_program_income_full_clp_m1,-.0431500072346676,-.150141924599163,.0286610942197181,.393054409703948,stata_areg_centered_student_vce_unadjusted,326,757999
15589,All,log_program_income_full_clp_m1,.125604254780818,.0186123374163225,.0633427822173053,.37214372705329,stata_areg_centered_student_vce_unadjusted,75,757999
15593,All,log_program_income_full_clp_m1,-.267257102564049,-.374249019928544,.166998472239175,.118952657535879,stata_areg_centered_student_vce_unadjusted,7,757999
15596,All,log_program_income_full_clp_m1,.107952922568579,.000961005204083085,.0658850939320012,.43682195123439,stata_areg_centered_student_vce_unadjusted,58,757999
15600,All,log_program_income_full_clp_m1,.182387068115948,.075395150751452,.0555276497133672,.440050702824758,stata_areg_centered_student_vce_unadjusted,176,757999
15601,All,log_program_income_full_clp_m1,.0190347335970498,-.087957183767446,.0436161110896015,.465653718672551,stata_areg_centered_student_vce_unadjusted,207,757999
15610,All,log_program_income_full_clp_m1,.043501089919534,-.0634908274449618,.0509033523965589,.432248459945047,stata_areg_centered_student_vce_unadjusted,183,757999
15621,All,log_program_income_full_clp_m1,.0719111863318289,-.0350807310326669,.0905211757401834,.485890722644238,stata_areg_centered_student_vce_unadjusted,135,757999
15624,All,log_program_income_full_clp_m1,.0702386611559817,-.0367532562085141,.0383052287161626,.44407284605323,stata_areg_centered_student_vce_unadjusted,370,757999
15627,All,log_program_income_full_clp_m1,.0344564858616978,-.072535431502798,.0569325118691491,.403387301545932,stata_areg_centered_student_vce_unadjusted,100,757999
15631,All,log_program_income_full_clp_m1,.1713225412382,.0643306238737039,.0700284890154168,.520394958913647,stata_areg_centered_student_vce_unadjusted,89,757999
15633,All,log_program_income_full_clp_m1,.162964246176758,.0559723288122625,.0627773944244527,.390816254814955,stata_areg_centered_student_vce_unadjusted,121,757999
15643,All,log_program_income_full_clp_m1,.26551258391247,.158520666547974,.0698354389758426,.445999875813863,stata_areg_centered_student_vce_unadjusted,50,757999
15646,All,log_program_income_full_clp_m1,.0371184010591948,-.0698735163053009,.022422971817073,.412312696614151,stata_areg_centered_student_vce_unadjusted,687,757999
15657,All,log_program_income_full_clp_m1,.221628501049336,.114636583684841,.0416312316430301,.454329063740827,stata_areg_centered_student_vce_unadjusted,262,757999
15662,All,log_program_income_full_clp_m1,-.00227234100797383,-.10926425837247,.0302597973692754,.469792197034123,stata_areg_centered_student_vce_unadjusted,374,757999
15664,All,log_program_income_full_clp_m1,.13933727809473,.0323453607302342,.0431791949167253,.413676131109546,stata_areg_centered_student_vce_unadjusted,400,757999
15665,All,log_program_income_full_clp_m1,-.0722445366286391,-.179236453993135,.0589882664772884,.348754786750372,stata_areg_centered_student_vce_unadjusted,61,757999
15676,All,log_program_income_full_clp_m1,.0366283880756005,-.0703635292888953,.0315275320151005,.444721356061714,stata_areg_centered_student_vce_unadjusted,271,757999
15682,All,log_program_income_full_clp_m1,-.0243450345632266,-.131336951927722,.0702874691088529,.481550304306965,stata_areg_centered_student_vce_unadjusted,79,757999
15683,All,log_program_income_full_clp_m1,.128772065109792,.0217801477452959,.0414243006214047,.428134498212881,stata_areg_centered_student_vce_unadjusted,215,757999
15684,All,log_program_income_full_clp_m1,.205315953426789,.0983240360622931,.0839580159994745,.477031204950146,stata_areg_centered_student_vce_unadjusted,115,757999
15690,All,log_program_income_full_clp_m1,.215732538498565,.108740621134069,.0527935247511554,.410103464774049,stata_areg_centered_student_vce_unadjusted,243,757999
15700,All,log_program_income_full_clp_m1,.182377080572356,.0753851632078603,.0523995961702083,.467832222351113,stata_areg_centered_student_vce_unadjusted,250,757999
15707,All,log_program_income_full_clp_m1,.0707623378479062,-.0362295795165896,.0556314761529344,.396320322862905,stata_areg_centered_student_vce_unadjusted,74,757999
15719,All,log_program_income_full_clp_m1,.155706010676008,.0487140933115121,.0743720421846255,.51819501863784,stata_areg_centered_student_vce_unadjusted,42,757999
15720,All,log_program_income_full_clp_m1,-.00286675819612543,-.109858675560621,.0330118992881692,.371880107270662,stata_areg_centered_student_vce_unadjusted,275,757999
15722,All,log_program_income_full_clp_m1,.0987666957794638,-.00822522158503194,.0410283983653105,.438032817600216,stata_areg_centered_student_vce_unadjusted,161,757999
15723,All,log_program_income_full_clp_m1,-.101708096642008,-.208700014006504,.0648784864367371,.343783583467548,stata_areg_centered_student_vce_unadjusted,47,757999
15726,All,log_program_income_full_clp_m1,.123591940750452,.0166000233859558,.0654656334134499,.41869328623499,stata_areg_centered_student_vce_unadjusted,50,757999
15731,All,log_program_income_full_clp_m1,.0566351273374442,-.0503567900270515,.0672822645910912,.401202963766804,stata_areg_centered_student_vce_unadjusted,94,757999
15732,All,log_program_income_full_clp_m1,-.107887322009966,-.214879239374462,.113825033008658,.233520408116561,stata_areg_centered_student_vce_unadjusted,15,757999
15739,All,log_program_income_full_clp_m1,-.0403330177452305,-.147324935109726,.0397405734939936,.450743180469607,stata_areg_centered_student_vce_unadjusted,235,757999
15744,All,log_program_income_full_clp_m1,.0705809839081674,-.0364109334563284,.0612386293006721,.422214629770892,stata_areg_centered_student_vce_unadjusted,136,757999
15745,All,log_program_income_full_clp_m1,.0315404636804877,-.075451453684008,.0463442876436457,.459496250035105,stata_areg_centered_student_vce_unadjusted,163,757999
15746,All,log_program_income_full_clp_m1,-.0636428948048039,-.1706348121693,.0652905979578549,.427872625318645,stata_areg_centered_student_vce_unadjusted,49,757999
15750,All,log_program_income_full_clp_m1,.0757283150319662,-.0312636023325295,.0526242679416876,.449969982501615,stata_areg_centered_student_vce_unadjusted,94,757999
15756,All,log_program_income_full_clp_m1,-.0487459841548329,-.155737901519329,.0850069249643868,.392274663199605,stata_areg_centered_student_vce_unadjusted,27,757999
15758,All,log_program_income_full_clp_m1,.199137319335643,.0921454019711476,.0676667252484118,.421100807638584,stata_areg_centered_student_vce_unadjusted,74,757999
15759,All,log_program_income_full_clp_m1,.0578762146895112,-.0491157026749846,.0348046299642167,.434970519587351,stata_areg_centered_student_vce_unadjusted,260,757999
15763,All,log_program_income_full_clp_m1,-.364837558309107,-.471829475673603,.132612735210761,.274741833766742,stata_areg_centered_student_vce_unadjusted,11,757999
15767,All,log_program_income_full_clp_m1,.114941720336444,.00794980297194871,.0508480724242479,.366979009062423,stata_areg_centered_student_vce_unadjusted,134,757999
15769,All,log_program_income_full_clp_m1,.0162846426630671,-.0907072747014287,.0449702148445253,.431418811420439,stata_areg_centered_student_vce_unadjusted,106,757999
15774,All,log_program_income_full_clp_m1,-.0483775428615889,-.155369460226085,.052048939048335,.375477515265744,stata_areg_centered_student_vce_unadjusted,76,757999
15775,All,log_program_income_full_clp_m1,.032440793485927,-.0745511238785687,.0385729966111912,.386308854224972,stata_areg_centered_student_vce_unadjusted,141,757999
15781,All,log_program_income_full_clp_m1,.045706713287181,-.0612852040773148,.0385754207404206,.388222407084246,stata_areg_centered_student_vce_unadjusted,215,757999
15787,All,log_program_income_full_clp_m1,-.00141214736212623,-.108404064726622,.0491355015221697,.441274131642691,stata_areg_centered_student_vce_unadjusted,167,757999
15792,All,log_program_income_full_clp_m1,.189135072990492,.0821431556259966,.0572617677361723,.46195088281184,stata_areg_centered_student_vce_unadjusted,133,757999
15793,All,log_program_income_full_clp_m1,.131205776586843,.0242138592223471,.052473138047805,.435699695446879,stata_areg_centered_student_vce_unadjusted,127,757999
15808,All,log_program_income_full_clp_m1,-.0449470825684937,-.15193899993299,.0602725339464071,.416949205163483,stata_areg_centered_student_vce_unadjusted,127,757999
15809,All,log_program_income_full_clp_m1,.10009433826096,-.00689757910353585,.0473289247141862,.432392047715623,stata_areg_centered_student_vce_unadjusted,191,757999
15817,All,log_program_income_full_clp_m1,.0869651781578971,-.0200267392065987,.0374000870223017,.518775194646204,stata_areg_centered_student_vce_unadjusted,322,757999
15820,All,log_program_income_full_clp_m1,.0810978779256384,-.0258940394388574,.0414172367106882,.427469537400547,stata_areg_centered_student_vce_unadjusted,213,757999
15830,All,log_program_income_full_clp_m1,-.122524822074346,-.229516739438842,.111315485870808,.354596893397417,stata_areg_centered_student_vce_unadjusted,16,757999
15832,All,log_program_income_full_clp_m1,.0366870316723444,-.0703048856921514,.0903900869057675,.379830309112379,stata_areg_centered_student_vce_unadjusted,46,757999
15840,All,log_program_income_full_clp_m1,-.00626780485844195,-.113259722222938,.0347753377838657,.441635592194203,stata_areg_centered_student_vce_unadjusted,175,757999
15843,All,log_program_income_full_clp_m1,.0297817848175779,-.0772101325469179,.0259810845897208,.469148687324931,stata_areg_centered_student_vce_unadjusted,511,757999
15848,All,log_program_income_full_clp_m1,-.15500560836943,-.261997525733926,.139537621101566,.171301715197361,stata_areg_centered_student_vce_unadjusted,10,757999
15854,All,log_program_income_full_clp_m1,-.119770909234385,-.226762826598881,.071142173496423,.340027276456468,stata_areg_centered_student_vce_unadjusted,39,757999
16410,All,log_program_income_full_clp_m1,.000522566440681847,-.106469350923814,.0476730059867962,.40867669155233,stata_areg_centered_student_vce_unadjusted,169,757999
16415,All,log_program_income_full_clp_m1,.0846012607854727,-.0223906565790231,.0371162637734561,.451465358780145,stata_areg_centered_student_vce_unadjusted,431,757999
16417,All,log_program_income_full_clp_m1,.0516795825212425,-.0553123348432533,.020765962252556,.439080529016811,stata_areg_centered_student_vce_unadjusted,768,757999
16424,All,log_program_income_full_clp_m1,.0282267395880202,-.0787651777764755,.0386045724028101,.371796897753067,stata_areg_centered_student_vce_unadjusted,243,757999
16427,All,log_program_income_full_clp_m1,.0457870844699914,-.0612048328945043,.0566754860601477,.477739408177234,stata_areg_centered_student_vce_unadjusted,153,757999
16431,All,log_program_income_full_clp_m1,.421581083394703,.314589166030207,.126380392095753,.413450013619186,stata_areg_centered_student_vce_unadjusted,97,757999
16432,All,log_program_income_full_clp_m1,-.133278896687906,-.240270814052402,.0556913048185147,.400151886317907,stata_areg_centered_student_vce_unadjusted,69,757999
16434,All,log_program_income_full_clp_m1,-.0617610549668762,-.168752972331372,.028910045747022,.365632030285647,stata_areg_centered_student_vce_unadjusted,321,757999
16441,All,log_program_income_full_clp_m1,.0725285321728254,-.0344633851916704,.0288198996141434,.393159356810431,stata_areg_centered_student_vce_unadjusted,515,757999
16443,All,log_program_income_full_clp_m1,-.00471313550383316,-.111705052868329,.0225269980665146,.376666159441998,stata_areg_centered_student_vce_unadjusted,560,757999
16444,All,log_program_income_full_clp_m1,-.200261021847542,-.307252939212038,.439719938469117,.,stata_areg_centered_student_vce_unadjusted,1,757999
16446,All,log_program_income_full_clp_m1,-.00403500013253211,-.111026917497028,.0312688476465949,.378247114764298,stata_areg_centered_student_vce_unadjusted,365,757999
16448,All,log_program_income_full_clp_m1,.096089034400418,-.0109028829640778,.029662067831379,.400696229618242,stata_areg_centered_student_vce_unadjusted,466,757999
16452,All,log_program_income_full_clp_m1,.0139277488549235,-.0930641685095723,.0276174421922741,.426505153466559,stata_areg_centered_student_vce_unadjusted,369,757999
16453,All,log_program_income_full_clp_m1,.360021744502113,.253029827137618,.0738199238283122,.46560041802814,stata_areg_centered_student_vce_unadjusted,109,757999
16457,All,log_program_income_full_clp_m1,-.0604981134634684,-.167490030827964,.0547303911511603,.276983538397165,stata_areg_centered_student_vce_unadjusted,69,757999
16459,All,log_program_income_full_clp_m1,.140875753688125,.0338838363236291,.0599340100797555,.425227734294884,stata_areg_centered_student_vce_unadjusted,87,757999
16461,All,log_program_income_full_clp_m1,.0155797486592074,-.0914121687052884,.109674020104071,.344590736261928,stata_areg_centered_student_vce_unadjusted,20,757999
16462,All,log_program_income_full_clp_m1,-.00896050843296182,-.115952425797458,.0698357436077641,.392858928205882,stata_areg_centered_student_vce_unadjusted,41,757999
16467,All,log_program_income_full_clp_m1,.147045114182527,.0400531968180314,.0291431057134104,.402939087746493,stata_areg_centered_student_vce_unadjusted,293,757999
16469,All,log_program_income_full_clp_m1,.0265168091668447,-.0804751081976511,.0424568717658497,.37807322100123,stata_areg_centered_student_vce_unadjusted,248,757999
16470,All,log_program_income_full_clp_m1,.0533688113198298,-.0536231060446659,.0487269577026331,.452400048317962,stata_areg_centered_student_vce_unadjusted,224,757999
16476,All,log_program_income_full_clp_m1,.0359472167575962,-.0710447006068995,.0815246751534364,.400750472027937,stata_areg_centered_student_vce_unadjusted,77,757999
16477,All,log_program_income_full_clp_m1,.217357290004588,.110365372640092,.0668924809765325,.420618506963504,stata_areg_centered_student_vce_unadjusted,117,757999
16485,All,log_program_income_full_clp_m1,.116276681225416,.00928476386091975,.0744581975535889,.459634366909269,stata_areg_centered_student_vce_unadjusted,62,757999
16488,All,log_program_income_full_clp_m1,.105003488884779,-.00198842847971675,.0595671084716814,.396265802424695,stata_areg_centered_student_vce_unadjusted,155,757999
16489,All,log_program_income_full_clp_m1,.159799205683013,.0528072883185174,.0863906520873638,.443615638105016,stata_areg_centered_student_vce_unadjusted,91,757999
16494,All,log_program_income_full_clp_m1,-.0222597375767303,-.129251654941226,.0587516190625045,.447046019056006,stata_areg_centered_student_vce_unadjusted,121,757999
16497,All,log_program_income_full_clp_m1,.157212988555153,.0502210711906569,.0659226819352677,.456934449636689,stata_areg_centered_student_vce_unadjusted,84,757999
16502,All,log_program_income_full_clp_m1,.0356076229563342,-.0713842944081615,.0378976394816302,.465906874352123,stata_areg_centered_student_vce_unadjusted,225,757999
16507,All,log_program_income_full_clp_m1,.0450904681161586,-.0619014492483372,.056381954023126,.415559797202601,stata_areg_centered_student_vce_unadjusted,120,757999
16508,All,log_program_income_full_clp_m1,.139360422449725,.0323685050852289,.0469279837266895,.459645973235102,stata_areg_centered_student_vce_unadjusted,250,757999
16509,All,log_program_income_full_clp_m1,.116106952784182,.00911503541968628,.0627575473224248,.476996741537497,stata_areg_centered_student_vce_unadjusted,128,757999
16512,All,log_program_income_full_clp_m1,.0689146124661969,-.0380773048982989,.0572808560506338,.40770466560395,stata_areg_centered_student_vce_unadjusted,140,757999
16520,All,log_program_income_full_clp_m1,.250033986073987,.143042068709491,.0748935841485125,.457177098883856,stata_areg_centered_student_vce_unadjusted,50,757999
16535,All,log_program_income_full_clp_m1,.165230190569034,.0582382732045377,.0467460816003946,.456662476404811,stata_areg_centered_student_vce_unadjusted,219,757999
16541,All,log_program_income_full_clp_m1,.0746657381275715,-.0323261792369242,.0381848314762692,.437519184483132,stata_areg_centered_student_vce_unadjusted,194,757999
16549,All,log_program_income_full_clp_m1,.0389350044854192,-.0680569128790765,.0449096291612839,.459416003995365,stata_areg_centered_student_vce_unadjusted,138,757999
16550,All,log_program_income_full_clp_m1,.166037403965617,.0590454866011211,.0533711539186951,.4415293826537,stata_areg_centered_student_vce_unadjusted,100,757999
16551,All,log_program_income_full_clp_m1,-.058358306701646,-.165350224066142,.0483344560058913,.338947207111038,stata_areg_centered_student_vce_unadjusted,109,757999
16556,All,log_program_income_full_clp_m1,-.532419585038163,-.639411502402659,.437726497715927,.,stata_areg_centered_student_vce_unadjusted,1,757999
16564,All,log_program_income_full_clp_m1,.0652964532150222,-.0416954641494736,.0462946994809906,.422420361561325,stata_areg_centered_student_vce_unadjusted,136,757999
16570,All,log_program_income_full_clp_m1,.0848219206160034,-.0221699967484923,.0558681107538106,.392775419758847,stata_areg_centered_student_vce_unadjusted,115,757999
16582,All,log_program_income_full_clp_m1,-.052977994487407,-.159969911851903,.0236709277951532,.358075936205427,stata_areg_centered_student_vce_unadjusted,536,757999
16583,All,log_program_income_full_clp_m1,-.00491405871693118,-.111905976081427,.0322729138936472,.406285055104796,stata_areg_centered_student_vce_unadjusted,339,757999
16587,All,log_program_income_full_clp_m1,.11108248857803,.00409057121353401,.0309794896037914,.406388152235932,stata_areg_centered_student_vce_unadjusted,405,757999
16588,All,log_program_income_full_clp_m1,.0803147671159298,-.026677150248566,.0373242682734337,.427984985955153,stata_areg_centered_student_vce_unadjusted,230,757999
16600,All,log_program_income_full_clp_m1,.0931298775621081,-.0138620398023877,.0438673607660291,.432993576380839,stata_areg_centered_student_vce_unadjusted,321,757999
16604,All,log_program_income_full_clp_m1,.121060693502469,.0140687761379728,.0505366277738424,.464285392232258,stata_areg_centered_student_vce_unadjusted,81,757999
16608,All,log_program_income_full_clp_m1,.0457406421962007,-.061251275168295,.0394431645655485,.405075358518819,stata_areg_centered_student_vce_unadjusted,194,757999
16627,All,log_program_income_full_clp_m1,.126286644050473,.0192947266859769,.0264361009829769,.456173762361607,stata_areg_centered_student_vce_unadjusted,596,757999
16634,All,log_program_income_full_clp_m1,.0816524694760982,-.0253394478883976,.0241408141051559,.401295406088344,stata_areg_centered_student_vce_unadjusted,768,757999
16642,All,log_program_income_full_clp_m1,.0386515543784396,-.0683403629860561,.0695460665508563,.425806971967379,stata_areg_centered_student_vce_unadjusted,41,757999
16644,All,log_program_income_full_clp_m1,.0576823741534027,-.0493095432110931,.0321410012901541,.395290039242377,stata_areg_centered_student_vce_unadjusted,460,757999
16652,All,log_program_income_full_clp_m1,.0650692149093546,-.0419227024551412,.0750569492356859,.397323814742937,stata_areg_centered_student_vce_unadjusted,47,757999
16656,All,log_program_income_full_clp_m1,-.0192689857698934,-.126260903134389,.117615620238352,.3447727680916,stata_areg_centered_student_vce_unadjusted,14,757999
16676,All,log_program_income_full_clp_m1,-.00421936184763054,-.111211279212126,.0455347302418427,.394054076453192,stata_areg_centered_student_vce_unadjusted,150,757999
16678,All,log_program_income_full_clp_m1,.0303239722808791,-.0766679450836167,.0306889146570941,.403160424842444,stata_areg_centered_student_vce_unadjusted,248,757999
16685,All,log_program_income_full_clp_m1,.0958923336243568,-.0110995837401389,.0555254540413003,.421410205782995,stata_areg_centered_student_vce_unadjusted,96,757999
16697,All,log_program_income_full_clp_m1,.0563990430341539,-.0505928743303419,.0248156970048541,.433195265130536,stata_areg_centered_student_vce_unadjusted,434,757999
16716,All,log_program_income_full_clp_m1,.133848960154472,.0268570427899758,.0247660295205976,.423169481804692,stata_areg_centered_student_vce_unadjusted,660,757999
16722,All,log_program_income_full_clp_m1,-.242479410165337,-.349471327529833,.255005156311618,.0922417339709612,stata_areg_centered_student_vce_unadjusted,3,757999
16727,All,log_program_income_full_clp_m1,.053010703571015,-.0539812137934808,.126630187740688,.252155391241474,stata_areg_centered_student_vce_unadjusted,13,757999
16728,All,log_program_income_full_clp_m1,.189168945531422,.0821770281669265,.0413360236070779,.449478617988825,stata_areg_centered_student_vce_unadjusted,264,757999
16729,All,log_program_income_full_clp_m1,.0148373255545062,-.0921545918099896,.0360774397319178,.380316582574775,stata_areg_centered_student_vce_unadjusted,182,757999
16730,All,log_program_income_full_clp_m1,.100482779531973,-.00650913783252283,.0504118728448073,.418129385142456,stata_areg_centered_student_vce_unadjusted,158,757999
16744,All,log_program_income_full_clp_m1,-.0756419941969715,-.182633911561467,.105366483248715,.545994066577681,stata_areg_centered_student_vce_unadjusted,18,757999
16748,All,log_program_income_full_clp_m1,.0870859635923218,-.019905953772174,.0616125884127972,.414952077984492,stata_areg_centered_student_vce_unadjusted,204,757999
16749,All,log_program_income_full_clp_m1,.151467988091031,.0444760707265348,.042830939903603,.435344120904808,stata_areg_centered_student_vce_unadjusted,169,757999
16751,All,log_program_income_full_clp_m1,.0802433831411175,-.0267485342233783,.0392544152156879,.416099948974497,stata_areg_centered_student_vce_unadjusted,359,757999
16752,All,log_program_income_full_clp_m1,-.131445061986787,-.238436979351283,.133744523161093,.190173191609485,stata_areg_centered_student_vce_unadjusted,11,757999
16754,All,log_program_income_full_clp_m1,.090578124276865,-.0164137930876307,.0392759774707703,.396739924448801,stata_areg_centered_student_vce_unadjusted,206,757999
16756,All,log_program_income_full_clp_m1,.0684492223231548,-.0385426950413409,.0471403358614995,.444604429576913,stata_areg_centered_student_vce_unadjusted,120,757999
16757,All,log_program_income_full_clp_m1,.0857792301191169,-.0212126872453789,.0869964339226785,.405584827776865,stata_areg_centered_student_vce_unadjusted,57,757999
16761,All,log_program_income_full_clp_m1,-.00204359689635247,-.109035514260848,.440544472371799,.,stata_areg_centered_student_vce_unadjusted,1,757999
16776,All,log_program_income_full_clp_m1,.0089397924771197,-.0980521248873761,.144426203878766,.74605142441741,stata_areg_centered_student_vce_unadjusted,19,757999
16778,All,log_program_income_full_clp_m1,-.129023438692141,-.236015356056637,.252712146195245,.209280952802022,stata_areg_centered_student_vce_unadjusted,3,757999
16783,All,log_program_income_full_clp_m1,-.303011465952553,-.410003383317049,.252616471383107,.171682999695902,stata_areg_centered_student_vce_unadjusted,4,757999
16793,All,log_program_income_full_clp_m1,.0513774944651087,-.055614422899387,.0282639836088368,.441000783595576,stata_areg_centered_student_vce_unadjusted,321,757999
16798,All,log_program_income_full_clp_m1,.162938894089956,.0559469767254605,.0651035263489118,.436727819222179,stata_areg_centered_student_vce_unadjusted,72,757999
16799,All,log_program_income_full_clp_m1,-.1474837289124,-.254475646276896,.0488613775888156,.303314268102402,stata_areg_centered_student_vce_unadjusted,81,757999
16807,All,log_program_income_full_clp_m1,.115970494834561,.0089785774700652,.0391476814718495,.443655404460377,stata_areg_centered_student_vce_unadjusted,156,757999
16815,All,log_program_income_full_clp_m1,.266588426453275,.15959650908878,.0735525101613725,.443997011687179,stata_areg_centered_student_vce_unadjusted,40,757999
16820,All,log_program_income_full_clp_m1,-.0568912889173915,-.163883206281887,.0552175013105873,.406974664631626,stata_areg_centered_student_vce_unadjusted,64,757999
16825,All,log_program_income_full_clp_m1,.171652997715767,.0646610803512715,.0533769361422265,.466071342949745,stata_areg_centered_student_vce_unadjusted,73,757999
16830,All,log_program_income_full_clp_m1,.0494065556665232,-.0575853616979726,.0427794415904632,.403785374140339,stata_areg_centered_student_vce_unadjusted,117,757999
16840,All,log_program_income_full_clp_m1,.0233260869858818,-.083665830378614,.157591226934305,.437127309880806,stata_areg_centered_student_vce_unadjusted,8,757999
16843,All,log_program_income_full_clp_m1,-.0510519610096048,-.158043878374101,.0248606485743356,.388556679109731,stata_areg_centered_student_vce_unadjusted,583,757999
16844,All,log_program_income_full_clp_m1,-.08316410406379,-.190156021428286,.0288736467062636,.403403555094194,stata_areg_centered_student_vce_unadjusted,303,757999
16847,All,log_program_income_full_clp_m1,-.0818758616852611,-.188867779049757,.124117531257962,.298543785818771,stata_areg_centered_student_vce_unadjusted,13,757999
16849,All,log_program_income_full_clp_m1,-.0833443981186407,-.190336315483136,.108851316191372,.243166244969226,stata_areg_centered_student_vce_unadjusted,17,757999
16851,All,log_program_income_full_clp_m1,.0409591079089595,-.0660328094555363,.0840309172902518,.50730222363755,stata_areg_centered_student_vce_unadjusted,64,757999
16856,All,log_program_income_full_clp_m1,.148443120637342,.0414512032728458,.0654460780188599,.432730405501534,stata_areg_centered_student_vce_unadjusted,77,757999
16857,All,log_program_income_full_clp_m1,-.0568110411376858,-.163802958502182,.180315140630404,.403243478378845,stata_areg_centered_student_vce_unadjusted,6,757999
16883,All,log_program_income_full_clp_m1,-.23430694726319,-.341298864627686,.437946257155185,.,stata_areg_centered_student_vce_unadjusted,1,757999
16886,All,log_program_income_full_clp_m1,.111569201425806,.0045772840613103,.0322720102004111,.410395039451614,stata_areg_centered_student_vce_unadjusted,209,757999
16887,All,log_program_income_full_clp_m1,.170476295223339,.0634843778588435,.0947567074244341,.433566961490457,stata_areg_centered_student_vce_unadjusted,22,757999
16892,All,log_program_income_full_clp_m1,.0920412834128912,-.0149506339516045,.0592202628890384,.408592993586871,stata_areg_centered_student_vce_unadjusted,59,757999
16896,All,log_program_income_full_clp_m1,-.2178953630557,-.324887280420196,.439141020087539,.,stata_areg_centered_student_vce_unadjusted,1,757999
16915,All,log_program_income_full_clp_m1,-.194096657448815,-.301088574813311,.085375401761036,.2286992608909,stata_areg_centered_student_vce_unadjusted,30,757999
16919,All,log_program_income_full_clp_m1,.174291209943488,.067299292578992,.13986278971359,.485241650821532,stata_areg_centered_student_vce_unadjusted,14,757999
16922,All,log_program_income_full_clp_m1,-.0641372074502846,-.17112912481478,.095447267308098,.313863894635905,stata_areg_centered_student_vce_unadjusted,22,757999
16923,All,log_program_income_full_clp_m1,.203420015812293,.0964280984477967,.0516642179599436,.435100445961407,stata_areg_centered_student_vce_unadjusted,123,757999
16932,All,log_program_income_full_clp_m1,-.0232510948851898,-.130243012249686,.0416948960197486,.425328670161337,stata_areg_centered_student_vce_unadjusted,116,757999
16935,All,log_program_income_full_clp_m1,-.209853476033557,-.316845393398052,.438294312558233,.,stata_areg_centered_student_vce_unadjusted,1,757999
16942,All,log_program_income_full_clp_m1,.0905183575066758,-.01647355985782,.0582948343804265,.389980125570416,stata_areg_centered_student_vce_unadjusted,75,757999
16945,All,log_program_income_full_clp_m1,.0738298287669081,-.0331620885975877,.100377482080647,.485629483478037,stata_areg_centered_student_vce_unadjusted,29,757999
16955,All,log_program_income_full_clp_m1,.214562512440324,.107570595075828,.0900474849095513,.533305646943134,stata_areg_centered_student_vce_unadjusted,78,757999
16958,All,log_program_income_full_clp_m1,-.0250401306102423,-.132032047974738,.0533170101456555,.444009044527516,stata_areg_centered_student_vce_unadjusted,95,757999
16978,All,log_program_income_full_clp_m1,-.00252877318244954,-.109520690546945,.125234753658011,.46026034853189,stata_areg_centered_student_vce_unadjusted,24,757999
16985,All,log_program_income_full_clp_m1,.0781967426215442,-.0287951747429516,.0531300365790685,.486744816793525,stata_areg_centered_student_vce_unadjusted,146,757999
16993,All,log_program_income_full_clp_m1,-.0478138878270845,-.15480580519158,.0683089920035798,.304706090036148,stata_areg_centered_student_vce_unadjusted,42,757999
16997,All,log_program_income_full_clp_m1,.0718804519874745,-.0351114653770212,.0552029229177818,.431311936851671,stata_areg_centered_student_vce_unadjusted,86,757999
17600,All,log_program_income_full_clp_m1,.161453471316955,.0544615539524596,.037562559959915,.447082288236178,stata_areg_centered_student_vce_unadjusted,620,757999
17602,All,log_program_income_full_clp_m1,.070376231857501,-.0366156855069948,.132690097522344,.426895781550734,stata_areg_centered_student_vce_unadjusted,11,757999
17605,All,log_program_income_full_clp_m1,.167586862181826,.0605949448173303,.0437257211536067,.427529224746514,stata_areg_centered_student_vce_unadjusted,282,757999
17606,All,log_program_income_full_clp_m1,.238642500190451,.131650582825955,.0425697829166392,.445582149993103,stata_areg_centered_student_vce_unadjusted,349,757999
17607,All,log_program_income_full_clp_m1,.052646370307761,-.0543455470567348,.0456006441210857,.42931549553824,stata_areg_centered_student_vce_unadjusted,182,757999
17634,All,log_program_income_full_clp_m1,.28458031129205,.177588393927555,.0753871844510372,.462093758600193,stata_areg_centered_student_vce_unadjusted,86,757999
17635,All,log_program_income_full_clp_m1,.133029357848856,.0260374404843601,.0420362812203191,.446148645609854,stata_areg_centered_student_vce_unadjusted,479,757999
17643,All,log_program_income_full_clp_m1,-.00251647063620895,-.109508388000705,.0684632000984679,.327295564995011,stata_areg_centered_student_vce_unadjusted,46,757999
17652,All,log_program_income_full_clp_m1,.144833125604603,.0378412082401076,.0789414716118287,.429368843723508,stata_areg_centered_student_vce_unadjusted,158,757999
17654,All,log_program_income_full_clp_m1,-.0376788583332352,-.144670775697731,.0585024206144622,.33390856484511,stata_areg_centered_student_vce_unadjusted,60,757999
17657,All,log_program_income_full_clp_m1,.170487333262672,.0634954158981757,.0502499830746916,.420952358881866,stata_areg_centered_student_vce_unadjusted,317,757999
17658,All,log_program_income_full_clp_m1,.119243213335182,.0122512959706859,.0622767946290652,.502708552247546,stata_areg_centered_student_vce_unadjusted,52,757999
17660,All,log_program_income_full_clp_m1,.14131601889949,.0343241015349944,.0858529753148162,.428837469093943,stata_areg_centered_student_vce_unadjusted,99,757999
17662,All,log_program_income_full_clp_m1,.0274224722204717,-.0795694451440241,.0322661218547529,.383251185799073,stata_areg_centered_student_vce_unadjusted,445,757999
17687,All,log_program_income_full_clp_m1,.0980527082144149,-.00893920915008083,.0628697248422397,.423764293348991,stata_areg_centered_student_vce_unadjusted,286,757999
17698,All,log_program_income_full_clp_m1,-.200561412301952,-.307553329666448,.132859639747013,.298696220458661,stata_areg_centered_student_vce_unadjusted,11,757999
17701,All,log_program_income_full_clp_m1,-.0731020303612581,-.180093947725754,.0514971431934903,.363195403232981,stata_areg_centered_student_vce_unadjusted,76,757999
17703,All,log_program_income_full_clp_m1,.1962067992842,.0892148819197046,.0456934928660046,.431831918721666,stata_areg_centered_student_vce_unadjusted,284,757999
17708,All,log_program_income_full_clp_m1,.171976286795315,.0649843694308193,.0989523727021864,.439010107707425,stata_areg_centered_student_vce_unadjusted,101,757999
17719,All,log_program_income_full_clp_m1,.27033037908883,.163338461724334,.104301926726658,.434651117881364,stata_areg_centered_student_vce_unadjusted,130,757999
17725,All,log_program_income_full_clp_m1,.209172560144113,.102180642779618,.0654550715635313,.434268205014422,stata_areg_centered_student_vce_unadjusted,166,757999
17726,All,log_program_income_full_clp_m1,.0879336906175089,-.0190582267469868,.122193118957687,.381935991285189,stata_areg_centered_student_vce_unadjusted,13,757999
17728,All,log_program_income_full_clp_m1,.247124339648726,.14013242228423,.097604537469326,.488205514964628,stata_areg_centered_student_vce_unadjusted,115,757999
17734,All,log_program_income_full_clp_m1,.0302708427763748,-.076721074588121,.0608562966391695,.446995245115015,stata_areg_centered_student_vce_unadjusted,87,757999
17735,All,log_program_income_full_clp_m1,.021629881244935,-.0853620361195608,.0374180380195388,.387384798887249,stata_areg_centered_student_vce_unadjusted,200,757999
17736,All,log_program_income_full_clp_m1,.0728495935523693,-.0341423238121265,.0387556474383089,.409057662724571,stata_areg_centered_student_vce_unadjusted,224,757999
17737,All,log_program_income_full_clp_m1,.00965423378627451,-.0973376835782213,.0756595527770256,.359695246904422,stata_areg_centered_student_vce_unadjusted,50,757999
17746,All,log_program_income_full_clp_m1,.0922078721602128,-.0147840452042829,.0985181334257515,.457810225530023,stata_areg_centered_student_vce_unadjusted,23,757999
17750,All,log_program_income_full_clp_m1,.191259533972981,.0842676166084857,.0252049839295581,.455015204296998,stata_areg_centered_student_vce_unadjusted,817,757999
17751,All,log_program_income_full_clp_m1,-.0546953554376728,-.161687272802169,.113012695012332,.295070431067016,stata_areg_centered_student_vce_unadjusted,16,757999
17754,All,log_program_income_full_clp_m1,.09446123378761,-.0125306835768858,.0987350766782321,.32381420362528,stata_areg_centered_student_vce_unadjusted,20,757999
17762,All,log_program_income_full_clp_m1,-.113126879285149,-.220118796649644,.447835056866459,.,stata_areg_centered_student_vce_unadjusted,1,757999
17765,All,log_program_income_full_clp_m1,.144520989825232,.037529072460736,.0499393612400467,.403476735180702,stata_areg_centered_student_vce_unadjusted,295,757999
17772,All,log_program_income_full_clp_m1,-.011423413312536,-.118415330677032,.0310637887057619,.374277636692496,stata_areg_centered_student_vce_unadjusted,469,757999
17778,All,log_program_income_full_clp_m1,.0352532099234284,-.0717387074410674,.043394551182138,.393693574063206,stata_areg_centered_student_vce_unadjusted,322,757999
17779,All,log_program_income_full_clp_m1,.114665264362868,.00767334699837251,.051623889723892,.456190511624491,stata_areg_centered_student_vce_unadjusted,140,757999
17782,All,log_program_income_full_clp_m1,-.017946595490532,-.124938512855028,.0461493475865188,.405821785089935,stata_areg_centered_student_vce_unadjusted,138,757999
17787,All,log_program_income_full_clp_m1,-.223850159003973,-.330842076368469,.438200663324476,.,stata_areg_centered_student_vce_unadjusted,1,757999
17788,All,log_program_income_full_clp_m1,.140886648962968,.0338947315984725,.0285245784689567,.410738228840915,stata_areg_centered_student_vce_unadjusted,460,757999
17790,All,log_program_income_full_clp_m1,-.0197284068427828,-.126720324207279,.0401821184858622,.363659986081817,stata_areg_centered_student_vce_unadjusted,345,757999
17793,All,log_program_income_full_clp_m1,.208668860184163,.101676942819667,.0393883813010018,.407278359932017,stata_areg_centered_student_vce_unadjusted,262,757999
17794,All,log_program_income_full_clp_m1,.180859531078102,.0738676137136062,.0314239039315942,.455860093267546,stata_areg_centered_student_vce_unadjusted,719,757999
17795,All,log_program_income_full_clp_m1,-.0730326395697913,-.180024556934287,.114874735679674,.193286795684784,stata_areg_centered_student_vce_unadjusted,15,757999
17796,All,log_program_income_full_clp_m1,-.100423892003741,-.207415809368237,.0570796114991205,.356277039436261,stata_areg_centered_student_vce_unadjusted,61,757999
17800,All,log_program_income_full_clp_m1,.0930598820397531,-.0139320353247427,.0449732853963598,.408993601656103,stata_areg_centered_student_vce_unadjusted,280,757999
17810,All,log_program_income_full_clp_m1,-.0842272095802585,-.191219126944754,.0495297180653894,.295513779272326,stata_areg_centered_student_vce_unadjusted,102,757999
17812,All,log_program_income_full_clp_m1,.193405935771079,.0864140184065829,.0447238509075314,.430318671379621,stata_areg_centered_student_vce_unadjusted,318,757999
17817,All,log_program_income_full_clp_m1,-.0766584179042502,-.183650335268746,.0673420089826372,.388887241631044,stata_areg_centered_student_vce_unadjusted,109,757999
17818,All,log_program_income_full_clp_m1,.0109617942143663,-.0960301231501294,.0246975939153198,.399963624297118,stata_areg_centered_student_vce_unadjusted,449,757999
17829,All,log_program_income_full_clp_m1,-.103955608997327,-.210947526361823,.0658643933767988,.330142377239488,stata_areg_centered_student_vce_unadjusted,46,757999
17833,All,log_program_income_full_clp_m1,.126719005860448,.0197270884959522,.0243617629798046,.459151795020547,stata_areg_centered_student_vce_unadjusted,585,757999
17838,All,log_program_income_full_clp_m1,.0697971259814354,-.0371947913830603,.0330079369538306,.438912456460907,stata_areg_centered_student_vce_unadjusted,233,757999
17843,All,log_program_income_full_clp_m1,.0964612888752066,-.0105306284892891,.0281355533940162,.440838353630274,stata_areg_centered_student_vce_unadjusted,557,757999
17846,All,log_program_income_full_clp_m1,-.0488569494003825,-.155848866764878,.134828259222674,.239628914902946,stata_areg_centered_student_vce_unadjusted,11,757999
17847,All,log_program_income_full_clp_m1,-.176138771148375,-.283130688512871,.0978234824005986,.299900330942868,stata_areg_centered_student_vce_unadjusted,23,757999
17848,All,log_program_income_full_clp_m1,.105090698396696,-.00190121896779949,.0562730362495504,.383431492256366,stata_areg_centered_student_vce_unadjusted,115,757999
17850,All,log_program_income_full_clp_m1,.0737449338097431,-.0332469835547526,.0371427225158002,.41647025098684,stata_areg_centered_student_vce_unadjusted,515,757999
17854,All,log_program_income_full_clp_m1,.072138780950673,-.0348531364138228,.0585392234023986,.423222446696869,stata_areg_centered_student_vce_unadjusted,105,757999
17855,All,log_program_income_full_clp_m1,.110200913329799,.00320899596530294,.0352783339429863,.451007477677558,stata_areg_centered_student_vce_unadjusted,251,757999
17857,All,log_program_income_full_clp_m1,.191805094080577,.0848131767160813,.0315414285446521,.423949342903454,stata_areg_centered_student_vce_unadjusted,323,757999
17858,All,log_program_income_full_clp_m1,.207539393743187,.100547476378691,.0596664022000891,.422136539205942,stata_areg_centered_student_vce_unadjusted,236,757999
17859,All,log_program_income_full_clp_m1,.218528291713556,.11153637434906,.0451447919645498,.464258244798502,stata_areg_centered_student_vce_unadjusted,393,757999
17860,All,log_program_income_full_clp_m1,.110952040640733,.00396012327623764,.0535897711393797,.432888744839383,stata_areg_centered_student_vce_unadjusted,97,757999
17876,All,log_program_income_full_clp_m1,.0545896082849874,-.0524023090795084,.0517601073267743,.435947084863338,stata_areg_centered_student_vce_unadjusted,238,757999
17877,All,log_program_income_full_clp_m1,.208454358729716,.10146244136522,.0534454087448308,.399807409567531,stata_areg_centered_student_vce_unadjusted,326,757999
17879,All,log_program_income_full_clp_m1,-.0865161848812339,-.19350810224573,.0337075139311824,.423612929042235,stata_areg_centered_student_vce_unadjusted,180,757999
17880,All,log_program_income_full_clp_m1,-.0663115453640801,-.173303462728576,.129726139222098,.337498722208207,stata_areg_centered_student_vce_unadjusted,12,757999
17881,All,log_program_income_full_clp_m1,-.00226471643588372,-.109256633800379,.0751352628025396,.301204204427198,stata_areg_centered_student_vce_unadjusted,44,757999
17885,All,log_program_income_full_clp_m1,.0786475989700525,-.0283443183944433,.0269134446755902,.415642241233166,stata_areg_centered_student_vce_unadjusted,745,757999
17892,All,log_program_income_full_clp_m1,.00509141500350307,-.101900502360993,.0988623004514448,.33359798014333,stata_areg_centered_student_vce_unadjusted,25,757999
17893,All,log_program_income_full_clp_m1,.189375847439714,.0823839300752179,.0694732964881236,.460988603629102,stata_areg_centered_student_vce_unadjusted,82,757999
17895,All,log_program_income_full_clp_m1,.127408740061841,.0204168226973449,.0443250414567266,.419216280415246,stata_areg_centered_student_vce_unadjusted,285,757999
17900,All,log_program_income_full_clp_m1,.178618711887268,.0716267945227726,.0617569450808749,.436750980395688,stata_areg_centered_student_vce_unadjusted,137,757999
17902,All,log_program_income_full_clp_m1,.091972574580249,-.0150193427842467,.0604961783007096,.41375113689287,stata_areg_centered_student_vce_unadjusted,163,757999
17903,All,log_program_income_full_clp_m1,.136872029396998,.0298801120325026,.0753820136362,.478016073074137,stata_areg_centered_student_vce_unadjusted,136,757999
17907,All,log_program_income_full_clp_m1,.134614730758454,.0276228133939582,.031961693127713,.419641237057894,stata_areg_centered_student_vce_unadjusted,273,757999
17908,All,log_program_income_full_clp_m1,.0329350210865123,-.0740568962779834,.0421541425064766,.435628352225231,stata_areg_centered_student_vce_unadjusted,323,757999
17912,All,log_program_income_full_clp_m1,.145807987389579,.0388160700250834,.0508817215224387,.428916020845761,stata_areg_centered_student_vce_unadjusted,288,757999
17915,All,log_program_income_full_clp_m1,.0513709373110063,-.0556209800534895,.0406841087756305,.437541046009559,stata_areg_centered_student_vce_unadjusted,179,757999
17918,All,log_program_income_full_clp_m1,.150132463397745,.0431405460332491,.0411224076735032,.443892453924679,stata_areg_centered_student_vce_unadjusted,308,757999
17920,All,log_program_income_full_clp_m1,.0894193948005205,-.0175725225639753,.0387854636194454,.385179073085386,stata_areg_centered_student_vce_unadjusted,297,757999
17922,All,log_program_income_full_clp_m1,.0106493824751966,-.0963425348892992,.309834265394672,.047839254116826,stata_areg_centered_student_vce_unadjusted,2,757999
18004,All,log_program_income_full_clp_m1,.0114714193735642,-.0955204979909316,.0326290497441979,.371140112352859,stata_areg_centered_student_vce_unadjusted,449,757999
18007,All,log_program_income_full_clp_m1,.18933420992095,.0823422925564537,.043009859946629,.437856296944566,stata_areg_centered_student_vce_unadjusted,239,757999
18009,All,log_program_income_full_clp_m1,-.0907052169550243,-.19769713431952,.0650965709127733,.372367843485586,stata_areg_centered_student_vce_unadjusted,67,757999
18012,All,log_program_income_full_clp_m1,.222285548301792,.115293630937296,.437144744321244,.,stata_areg_centered_student_vce_unadjusted,1,757999
18017,All,log_program_income_full_clp_m1,.098818655733407,-.00817326163108878,.0516926904619795,.413812577375746,stata_areg_centered_student_vce_unadjusted,131,757999
18021,All,log_program_income_full_clp_m1,-.0979491498995681,-.204941067264064,.13480095573264,.370299768983042,stata_areg_centered_student_vce_unadjusted,14,757999
18028,All,log_program_income_full_clp_m1,.0406169473890924,-.0663749699754034,.0363733568321468,.395754101434368,stata_areg_centered_student_vce_unadjusted,248,757999
18034,All,log_program_income_full_clp_m1,.0732221222841672,-.0337697950803285,.0432234130364047,.448833212810587,stata_areg_centered_student_vce_unadjusted,263,757999
18035,All,log_program_income_full_clp_m1,.0643389398026872,-.0426529775618086,.0733011142899051,.421874596374724,stata_areg_centered_student_vce_unadjusted,90,757999
18037,All,log_program_income_full_clp_m1,.0374120896471208,-.069579827717375,.0666130190693334,.409369657210376,stata_areg_centered_student_vce_unadjusted,89,757999
18045,All,log_program_income_full_clp_m1,-.0729106808634905,-.179902598227986,.439118078540868,.,stata_areg_centered_student_vce_unadjusted,1,757999
18049,All,log_program_income_full_clp_m1,.176350416419372,.0693584990548757,.038940520454492,.428425565089048,stata_areg_centered_student_vce_unadjusted,279,757999
18050,All,log_program_income_full_clp_m1,.18979913475783,.0828072173933339,.055723038607183,.431870727140907,stata_areg_centered_student_vce_unadjusted,121,757999
18054,All,log_program_income_full_clp_m1,.042943688777606,-.0640482285868897,.0581863133134721,.37994989015265,stata_areg_centered_student_vce_unadjusted,63,757999
18055,All,log_program_income_full_clp_m1,.168759019109331,.0617671017448356,.081913023395289,.462237068294163,stata_areg_centered_student_vce_unadjusted,52,757999
18065,All,log_program_income_full_clp_m1,-.071726241690155,-.178718159054651,.439284380652777,.,stata_areg_centered_student_vce_unadjusted,1,757999
18066,All,log_program_income_full_clp_m1,.133616323729516,.0266244063650205,.0283973197077648,.432822663312481,stata_areg_centered_student_vce_unadjusted,440,757999
18075,All,log_program_income_full_clp_m1,.0266670061541694,-.0803249112103264,.077343435954252,.47365278026218,stata_areg_centered_student_vce_unadjusted,58,757999
18080,All,log_program_income_full_clp_m1,-.0113483372133502,-.118340254577846,.0455890867942854,.386700604473786,stata_areg_centered_student_vce_unadjusted,279,757999
18082,All,log_program_income_full_clp_m1,-.0343819915072126,-.141373908871708,.0809376173259012,.293549522414295,stata_areg_centered_student_vce_unadjusted,30,757999
18087,All,log_program_income_full_clp_m1,.121314911662869,.0143229942983728,.0653596887923311,.440065180708989,stata_areg_centered_student_vce_unadjusted,148,757999
18090,All,log_program_income_full_clp_m1,-.0191038486848594,-.126095766049355,.058515535717175,.382298205920471,stata_areg_centered_student_vce_unadjusted,87,757999
18097,All,log_program_income_full_clp_m1,.23536940622387,.128377488859374,.0456662404584387,.440746292487483,stata_areg_centered_student_vce_unadjusted,447,757999
18099,All,log_program_income_full_clp_m1,.0610445700658367,-.0459473472986591,.0627073248600555,.427489666262572,stata_areg_centered_student_vce_unadjusted,64,757999
18112,All,log_program_income_full_clp_m1,-.00203813706294269,-.109030054427438,.0848406628080839,.439177122628435,stata_areg_centered_student_vce_unadjusted,84,757999
18114,All,log_program_income_full_clp_m1,.136627619716734,.0296357023522384,.0653659431932041,.389608334429801,stata_areg_centered_student_vce_unadjusted,106,757999
18124,All,log_program_income_full_clp_m1,.149919756245496,.0429278388810004,.0625092062119926,.403529974273963,stata_areg_centered_student_vce_unadjusted,125,757999
18126,All,log_program_income_full_clp_m1,.0484792890219599,-.0585126283425359,.10289359516117,.366030490926389,stata_areg_centered_student_vce_unadjusted,19,757999
18128,All,log_program_income_full_clp_m1,.155178599092904,.0481866817284082,.0516801738213675,.411673508764908,stata_areg_centered_student_vce_unadjusted,128,757999
18149,All,log_program_income_full_clp_m1,-.270164372008439,-.377156289372934,.436893446746203,.,stata_areg_centered_student_vce_unadjusted,1,757999
18163,All,log_program_income_full_clp_m1,-.0150137577527164,-.122005675117212,.181829613314984,.633004727565364,stata_areg_centered_student_vce_unadjusted,6,757999
18166,All,log_program_income_full_clp_m1,-.147088451979516,-.254080369344012,.219144048574145,.108654191802566,stata_areg_centered_student_vce_unadjusted,4,757999
18172,All,log_program_income_full_clp_m1,.108371089108042,.00137917174354651,.0416370703933773,.461158047794704,stata_areg_centered_student_vce_unadjusted,274,757999
18181,All,log_program_income_full_clp_m1,.0680191109327448,-.038972806431751,.0485173920331805,.436389699673867,stata_areg_centered_student_vce_unadjusted,276,757999
18199,All,log_program_income_full_clp_m1,-.00945210658269488,-.116444023947191,.041521435423281,.436623596828281,stata_areg_centered_student_vce_unadjusted,222,757999
18216,All,log_program_income_full_clp_m1,.124544539782982,.0175526224184861,.0617891029528397,.414771606898551,stata_areg_centered_student_vce_unadjusted,80,757999
18218,All,log_program_income_full_clp_m1,.0582068014806631,-.0487851158838327,.0484247546777853,.385852187716122,stata_areg_centered_student_vce_unadjusted,111,757999
18220,All,log_program_income_full_clp_m1,.231712843358016,.12472092599352,.0796995712321993,.398952312948941,stata_areg_centered_student_vce_unadjusted,159,757999
18223,All,log_program_income_full_clp_m1,-.134924992665951,-.241916910030447,.438436512093048,.,stata_areg_centered_student_vce_unadjusted,1,757999
18237,All,log_program_income_full_clp_m1,.198035676255772,.0910437588912758,.0480312910037004,.423453317256536,stata_areg_centered_student_vce_unadjusted,294,757999
18241,All,log_program_income_full_clp_m1,-.113857357370448,-.220849274734944,.0649842338987074,.337152942117988,stata_areg_centered_student_vce_unadjusted,48,757999
18244,All,log_program_income_full_clp_m1,.00217264810975525,-.104819269254741,.166082848718251,.285299343445237,stata_areg_centered_student_vce_unadjusted,7,757999
18248,All,log_program_income_full_clp_m1,-.186596520759529,-.293588438124025,.0938658165266762,.273765224436479,stata_areg_centered_student_vce_unadjusted,22,757999
18249,All,log_program_income_full_clp_m1,.0332932053042924,-.0736987120602034,.0694258932657397,.441866512375109,stata_areg_centered_student_vce_unadjusted,67,757999
18251,All,log_program_income_full_clp_m1,.152835041361161,.0458431239966655,.052789532036256,.474848921818544,stata_areg_centered_student_vce_unadjusted,110,757999
19906,All,log_program_income_full_clp_m1,.015928777729249,-.0910631396352467,.0256071895197093,.374644004979064,stata_areg_centered_student_vce_unadjusted,596,757999
19908,All,log_program_income_full_clp_m1,.337461478917182,.230469561552686,.0746885903193755,.435674636866628,stata_areg_centered_student_vce_unadjusted,219,757999
19913,All,log_program_income_full_clp_m1,.0293903133799781,-.0776016039845177,.0406547184153581,.365840198360016,stata_areg_centered_student_vce_unadjusted,223,757999
19921,All,log_program_income_full_clp_m1,.15826028577994,.0512683684154445,.0467258678588079,.406394655822607,stata_areg_centered_student_vce_unadjusted,126,757999
19922,All,log_program_income_full_clp_m1,-.0954888078518939,-.20248072521639,.156699529358051,.255541011857829,stata_areg_centered_student_vce_unadjusted,8,757999
19923,All,log_program_income_full_clp_m1,-.0501086111709223,-.157100528535418,.16648809457141,.282936538240773,stata_areg_centered_student_vce_unadjusted,7,757999
19925,All,log_program_income_full_clp_m1,.00669589573206488,-.100296021632431,.0413556573296916,.383601753331344,stata_areg_centered_student_vce_unadjusted,160,757999
19949,All,log_program_income_full_clp_m1,.0853323492748216,-.0216595680896742,.444003428684192,.,stata_areg_centered_student_vce_unadjusted,1,757999
19952,All,log_program_income_full_clp_m1,.117707452815757,.0107155354512615,.0507133774970522,.389929157749945,stata_areg_centered_student_vce_unadjusted,275,757999
19953,All,log_program_income_full_clp_m1,-.013559693309001,-.120551610673497,.0915118846036306,.32620301356376,stata_areg_centered_student_vce_unadjusted,27,757999
19954,All,log_program_income_full_clp_m1,.0577223938653595,-.0492695234991363,.0703707437346658,.359721691859498,stata_areg_centered_student_vce_unadjusted,64,757999
19959,All,log_program_income_full_clp_m1,.0453062651925788,-.0616856521719169,.0581876414334477,.303291588725805,stata_areg_centered_student_vce_unadjusted,60,757999
19962,All,log_program_income_full_clp_m1,.200453443086217,.0934615257217207,.0739490403202899,.514339676882849,stata_areg_centered_student_vce_unadjusted,58,757999
19968,All,log_program_income_full_clp_m1,.137463847030279,.0304719296657833,.0517743578047255,.349268106205604,stata_areg_centered_student_vce_unadjusted,150,757999
19972,All,log_program_income_full_clp_m1,.139213835716467,.0322219183519709,.0683752528790546,.436645184752092,stata_areg_centered_student_vce_unadjusted,60,757999
19974,All,log_program_income_full_clp_m1,.0471140522576158,-.0598778651068799,.0328485258767834,.440222814665983,stata_areg_centered_student_vce_unadjusted,209,757999
19981,All,log_program_income_full_clp_m1,.338958257684681,.231966340320185,.095397341225623,.363787769089627,stata_areg_centered_student_vce_unadjusted,117,757999
19983,All,log_program_income_full_clp_m1,.162284713454448,.0552927960899527,.041033823691312,.412499682460667,stata_areg_centered_student_vce_unadjusted,280,757999
19993,All,log_program_income_full_clp_m1,-.13800798004716,-.244999897411655,.0974364351252629,.204209391356411,stata_areg_centered_student_vce_unadjusted,21,757999
20001,All,log_program_income_full_clp_m1,-.106515069428464,-.213506986792959,.0611798563786468,.356562453947804,stata_areg_centered_student_vce_unadjusted,54,757999
20008,All,log_program_income_full_clp_m1,.131674721311217,.0246828039467209,.0587805952377518,.407821242750192,stata_areg_centered_student_vce_unadjusted,92,757999
20012,All,log_program_income_full_clp_m1,-.0651371095079312,-.172129026872427,.0794731013781673,.272853940790082,stata_areg_centered_student_vce_unadjusted,31,757999
20016,All,log_program_income_full_clp_m1,.0280776752523941,-.0789142421121017,.0521551890863808,.409335539455185,stata_areg_centered_student_vce_unadjusted,87,757999
20025,All,log_program_income_full_clp_m1,.0142945957522417,-.0926973216122541,.048986046560953,.409111154412221,stata_areg_centered_student_vce_unadjusted,260,757999
20026,All,log_program_income_full_clp_m1,-.224198048642232,-.331189966006727,.439106290417455,.,stata_areg_centered_student_vce_unadjusted,1,757999
20037,All,log_program_income_full_clp_m1,.0112232622985734,-.0957686550659224,.037211184777906,.409545998695461,stata_areg_centered_student_vce_unadjusted,149,757999
20041,All,log_program_income_full_clp_m1,.234588630008911,.127596712644415,.0549414187655381,.434322897641307,stata_areg_centered_student_vce_unadjusted,84,757999
20043,All,log_program_income_full_clp_m1,.0309333096669735,-.0760586076975223,.105474861557345,.354424539225877,stata_areg_centered_student_vce_unadjusted,19,757999
20044,All,log_program_income_full_clp_m1,-.0688924495161402,-.175884366880636,.0491952078901335,.377877329743721,stata_areg_centered_student_vce_unadjusted,83,757999
20048,All,log_program_income_full_clp_m1,.134165054003013,.0271731366385174,.0462478806926148,.401137173977673,stata_areg_centered_student_vce_unadjusted,248,757999
20052,All,log_program_income_full_clp_m1,-.0112030324414183,-.118194949805914,.0452147730628551,.35730306536351,stata_areg_centered_student_vce_unadjusted,148,757999
20053,All,log_program_income_full_clp_m1,-.111583174077411,-.218575091441907,.0675634542910356,.308000348814671,stata_areg_centered_student_vce_unadjusted,47,757999
20063,All,log_program_income_full_clp_m1,-.0284138719926305,-.135405789357126,.0570014740422852,.356628204831865,stata_areg_centered_student_vce_unadjusted,62,757999
20066,All,log_program_income_full_clp_m1,-.432807083254033,-.539799000618528,.310098849329664,.0552928950321583,stata_areg_centered_student_vce_unadjusted,2,757999
20068,All,log_program_income_full_clp_m1,.20336053441311,.0963686170486141,.0658498062023957,.476942957237032,stata_areg_centered_student_vce_unadjusted,101,757999
20073,All,log_program_income_full_clp_m1,-.0307878442587578,-.137779761623254,.124646152944324,.375974478004567,stata_areg_centered_student_vce_unadjusted,13,757999
20074,All,log_program_income_full_clp_m1,.125762612339438,.0187706949749425,.0570315878520511,.454954754807437,stata_areg_centered_student_vce_unadjusted,126,757999
20078,All,log_program_income_full_clp_m1,-.235472706978,-.342464624342496,.121837875615631,.253509102557583,stata_areg_centered_student_vce_unadjusted,13,757999
20085,All,log_program_income_full_clp_m1,.0122641372014886,-.0947277801630072,.0572760747596583,.397122886701271,stata_areg_centered_student_vce_unadjusted,67,757999
20089,All,log_program_income_full_clp_m1,-.148451464427687,-.255443381792183,.0976434477334326,.376682797443409,stata_areg_centered_student_vce_unadjusted,22,757999
20090,All,log_program_income_full_clp_m1,.166891128860888,.0598992114963927,.058544478679348,.437990824824736,stata_areg_centered_student_vce_unadjusted,128,757999
20091,All,log_program_income_full_clp_m1,.212708703402321,.105716786037825,.0406115470020836,.46019088894875,stata_areg_centered_student_vce_unadjusted,234,757999
20095,All,log_program_income_full_clp_m1,.0679090055865365,-.0390829117779593,.0818556271368224,.343182030725643,stata_areg_centered_student_vce_unadjusted,37,757999
20096,All,log_program_income_full_clp_m1,-.443958972854777,-.550950890219273,.437360748366838,.,stata_areg_centered_student_vce_unadjusted,1,757999
20102,All,log_program_income_full_clp_m1,-.429126903400309,-.536118820764805,.156738942961081,.29185506146868,stata_areg_centered_student_vce_unadjusted,8,757999
20103,All,log_program_income_full_clp_m1,.036802389834817,-.0701895275296788,.0461936369059116,.403353134074753,stata_areg_centered_student_vce_unadjusted,164,757999
20114,All,log_program_income_full_clp_m1,.0791724637505652,-.0278194536139306,.11853579215878,.327891680928127,stata_areg_centered_student_vce_unadjusted,14,757999
20127,All,log_program_income_full_clp_m1,-.0666790809197212,-.173670998284217,.0631372575043061,.375281002877498,stata_areg_centered_student_vce_unadjusted,52,757999
20129,All,log_program_income_full_clp_m1,.101933294066567,-.00505862329792917,.040568172355728,.411219769769852,stata_areg_centered_student_vce_unadjusted,170,757999
20131,All,log_program_income_full_clp_m1,.0373856644333556,-.0696062529311401,.147402442142255,.324115734615543,stata_areg_centered_student_vce_unadjusted,9,757999
20136,All,log_program_income_full_clp_m1,-.0629272624605426,-.169919179825038,.0644096256217082,.365494265331348,stata_areg_centered_student_vce_unadjusted,51,757999
20137,All,log_program_income_full_clp_m1,.133610569805111,.026618652440615,.0468509973360763,.398889723943117,stata_areg_centered_student_vce_unadjusted,288,757999
20139,All,log_program_income_full_clp_m1,-.131512168486504,-.238504085851,.037625915242565,.351571360941706,stata_areg_centered_student_vce_unadjusted,184,757999
20151,All,log_program_income_full_clp_m1,-.0860305900369454,-.193022507401441,.0824467047871363,.32118810330702,stata_areg_centered_student_vce_unadjusted,29,757999
20153,All,log_program_income_full_clp_m1,.1159992403973,.00900732303280427,.0671266407518906,.502964055594253,stata_areg_centered_student_vce_unadjusted,92,757999
20158,All,log_program_income_full_clp_m1,.11072258210287,.00373066473837427,.0571259511358983,.423576880575857,stata_areg_centered_student_vce_unadjusted,67,757999
20159,All,log_program_income_full_clp_m1,.108711756343742,.00171983897924632,.0213279658620378,.410136448082074,stata_areg_centered_student_vce_unadjusted,718,757999
20161,All,log_program_income_full_clp_m1,-.402305489812555,-.50929740717705,.437886154881227,.,stata_areg_centered_student_vce_unadjusted,1,757999
20162,All,log_program_income_full_clp_m1,.0371499711983598,-.069841946166136,.158502962778175,.239627248334952,stata_areg_centered_student_vce_unadjusted,8,757999
20164,All,log_program_income_full_clp_m1,.0346438903119659,-.0723480270525299,.0631556487691234,.443492024271101,stata_areg_centered_student_vce_unadjusted,79,757999
20167,All,log_program_income_full_clp_m1,.070072988489662,-.0369189288748338,.0351290039838188,.440845637581413,stata_areg_centered_student_vce_unadjusted,267,757999
20173,All,log_program_income_full_clp_m1,.20852511993824,.101533202573744,.033794385381135,.402423756004082,stata_areg_centered_student_vce_unadjusted,266,757999
20175,All,log_program_income_full_clp_m1,-.0258012413680457,-.132793158732541,.0663340903820035,.401136921305049,stata_areg_centered_student_vce_unadjusted,63,757999
20176,All,log_program_income_full_clp_m1,.13443493593076,.0274430185662645,.0540338178476131,.395602533592565,stata_areg_centered_student_vce_unadjusted,68,757999
20181,All,log_program_income_full_clp_m1,.0734127128727284,-.0335792044917674,.0490828618481837,.474018483137245,stata_areg_centered_student_vce_unadjusted,168,757999
20184,All,log_program_income_full_clp_m1,.0251164521172825,-.0818754652472133,.0584660123422883,.410014445231263,stata_areg_centered_student_vce_unadjusted,59,757999
20193,All,log_program_income_full_clp_m1,.102675271999361,-.00431664536513525,.106728631148528,.52597955788049,stata_areg_centered_student_vce_unadjusted,18,757999
20194,All,log_program_income_full_clp_m1,.11074265214972,.00375073478522409,.0691159203718857,.481484061502984,stata_areg_centered_student_vce_unadjusted,87,757999
20196,All,log_program_income_full_clp_m1,-.138374919222434,-.24536683658693,.0937146501958709,.250204948795665,stata_areg_centered_student_vce_unadjusted,23,757999
20205,All,log_program_income_full_clp_m1,.108893338665017,.00190142130052105,.0532556715932364,.404775654178987,stata_areg_centered_student_vce_unadjusted,114,757999
20208,All,log_program_income_full_clp_m1,-.247843469104233,-.354835386468729,.221832050611827,.217054315744677,stata_areg_centered_student_vce_unadjusted,4,757999
20209,All,log_program_income_full_clp_m1,.107251778331568,.000259860967072145,.0620028959560224,.482387514373901,stata_areg_centered_student_vce_unadjusted,83,757999
20213,All,log_program_income_full_clp_m1,.0137596884177274,-.0932322289467683,.0521545243965088,.368084416330387,stata_areg_centered_student_vce_unadjusted,101,757999
20214,All,log_program_income_full_clp_m1,.0185182010272683,-.0884737163372275,.0728466367230922,.440720644042811,stata_areg_centered_student_vce_unadjusted,37,757999
20215,All,log_program_income_full_clp_m1,.394158875709897,.287166958345402,.219798930747776,.44117376281909,stata_areg_centered_student_vce_unadjusted,4,757999
20219,All,log_program_income_full_clp_m1,-.0278894247133808,-.134881342077877,.0707389728182276,.371113599594454,stata_areg_centered_student_vce_unadjusted,76,757999
20226,All,log_program_income_full_clp_m1,-.056685397466439,-.163677314830935,.098631122610526,.375567488056194,stata_areg_centered_student_vce_unadjusted,20,757999
20230,All,log_program_income_full_clp_m1,.0169085729592627,-.0900833444052331,.0581275493414851,.380107828426671,stata_areg_centered_student_vce_unadjusted,59,757999
20231,All,log_program_income_full_clp_m1,.301657482844031,.194665565479535,.139170390932201,.431353448434801,stata_areg_centered_student_vce_unadjusted,10,757999
20232,All,log_program_income_full_clp_m1,-.178711608027498,-.285703525391993,.146657640944599,.110781175413606,stata_areg_centered_student_vce_unadjusted,9,757999
20235,All,log_program_income_full_clp_m1,.0799357418614333,-.0270561755030625,.0440217164501067,.462152057514558,stata_areg_centered_student_vce_unadjusted,231,757999
20244,All,log_program_income_full_clp_m1,-.130833692400534,-.23782560976503,.139073844733966,.166964701310851,stata_areg_centered_student_vce_unadjusted,10,757999
20245,All,log_program_income_full_clp_m1,-.105328640232863,-.212320557597359,.168173838200709,.239077906362522,stata_areg_centered_student_vce_unadjusted,7,757999
20248,All,log_program_income_full_clp_m1,.160772384290946,.0537804669264503,.0619435592510966,.403666001613721,stata_areg_centered_student_vce_unadjusted,105,757999
20258,All,log_program_income_full_clp_m1,.11736505066644,.0103731333019438,.0416432227678008,.400827581506888,stata_areg_centered_student_vce_unadjusted,325,757999
20260,All,log_program_income_full_clp_m1,-.0540953089561552,-.161087226320651,.309885875252114,.362454912609599,stata_areg_centered_student_vce_unadjusted,2,757999
20261,All,log_program_income_full_clp_m1,-.00771064462494514,-.114702561989441,.0749590405606683,.361843898611478,stata_areg_centered_student_vce_unadjusted,35,757999
20266,All,log_program_income_full_clp_m1,.198526375911531,.0915344585470349,.0647398844113399,.45428900777101,stata_areg_centered_student_vce_unadjusted,260,757999
20270,All,log_program_income_full_clp_m1,-.0805852427839853,-.187577160148481,.086796673798932,.342942327674077,stata_areg_centered_student_vce_unadjusted,26,757999
20274,All,log_program_income_full_clp_m1,.0107093998716124,-.0962825174928834,.0526618596206014,.374838815692669,stata_areg_centered_student_vce_unadjusted,142,757999
20277,All,log_program_income_full_clp_m1,.5204513655672,.413459448202704,.438017211929593,.,stata_areg_centered_student_vce_unadjusted,1,757999
20278,All,log_program_income_full_clp_m1,-.0667562211320231,-.173748138496519,.133557446131353,.305934391920514,stata_areg_centered_student_vce_unadjusted,11,757999
20290,All,log_program_income_full_clp_m1,.101401450506596,-.00559046685789957,.0412908048782629,.416497849313677,stata_areg_centered_student_vce_unadjusted,211,757999
20298,All,log_program_income_full_clp_m1,.316617313162378,.209625395797882,.084661195982958,.489318420333359,stata_areg_centered_student_vce_unadjusted,51,757999
20299,All,log_program_income_full_clp_m1,-.0542109527379069,-.161202870102403,.0593362771305655,.468119927935565,stata_areg_centered_student_vce_unadjusted,64,757999
20308,All,log_program_income_full_clp_m1,.163509907162956,.0565179897984597,.0822402165782891,.488995919001686,stata_areg_centered_student_vce_unadjusted,54,757999
20310,All,log_program_income_full_clp_m1,-.0888118367010887,-.195803754065584,.0956258355717398,.332790393156844,stata_areg_centered_student_vce_unadjusted,21,757999
20311,All,log_program_income_full_clp_m1,.526569444188035,.41957752682354,.176827446758663,.342280058922319,stata_areg_centered_student_vce_unadjusted,52,757999
20316,All,log_program_income_full_clp_m1,.0708231665345704,-.0361687508299254,.0572274782228217,.448609153864534,stata_areg_centered_student_vce_unadjusted,61,757999
20324,All,log_program_income_full_clp_m1,.116140668739494,.00914875137499825,.0506659376444215,.458970814532876,stata_areg_centered_student_vce_unadjusted,126,757999
20326,All,log_program_income_full_clp_m1,.00127821252462956,-.105713704839866,.110695983274207,.382154656834883,stata_areg_centered_student_vce_unadjusted,16,757999
20347,All,log_program_income_full_clp_m1,-.030837301970085,-.137829219334581,.0613084693559265,.374770530247319,stata_areg_centered_student_vce_unadjusted,55,757999
20348,All,log_program_income_full_clp_m1,.153565086758647,.0465731693941508,.0472758632558995,.447250678396657,stata_areg_centered_student_vce_unadjusted,170,757999
20352,All,log_program_income_full_clp_m1,.176909966094015,.0699180487295192,.0372676711889435,.402862848299299,stata_areg_centered_student_vce_unadjusted,381,757999
20356,All,log_program_income_full_clp_m1,.171172018790708,.0641801014262119,.056557542946444,.453368610009419,stata_areg_centered_student_vce_unadjusted,62,757999
20359,All,log_program_income_full_clp_m1,.0150720973283007,-.0919198200361951,.126709741896496,.458006809018599,stata_areg_centered_student_vce_unadjusted,12,757999
20361,All,log_program_income_full_clp_m1,-.259027893111611,-.366019810476107,.106274840830487,.349462301339926,stata_areg_centered_student_vce_unadjusted,19,757999
20364,All,log_program_income_full_clp_m1,.139863480388699,.0328715630242033,.0313608588892692,.434625917811026,stata_areg_centered_student_vce_unadjusted,328,757999
20376,All,log_program_income_full_clp_m1,.117105039988011,.0101131226235156,.0470188438527356,.394931970486301,stata_areg_centered_student_vce_unadjusted,123,757999
20388,All,log_program_income_full_clp_m1,-.369719860718451,-.476711778082947,.279394416686503,.222529916765095,stata_areg_centered_student_vce_unadjusted,3,757999
20393,All,log_program_income_full_clp_m1,-.167785951292914,-.27477786865741,.0711928955746779,.27074728625846,stata_areg_centered_student_vce_unadjusted,42,757999
20395,All,log_program_income_full_clp_m1,.00437883732840481,-.102613080036091,.0563069225588242,.408243199566362,stata_areg_centered_student_vce_unadjusted,64,757999
20399,All,log_program_income_full_clp_m1,-.0936218330862363,-.200613750450732,.112520812211037,.355469337961696,stata_areg_centered_student_vce_unadjusted,16,757999
20400,All,log_program_income_full_clp_m1,.202194024038959,.0952021066744628,.083994186190799,.511128499363344,stata_areg_centered_student_vce_unadjusted,65,757999
20402,All,log_program_income_full_clp_m1,.108414761073055,.00142284370855915,.127090386763491,.399804166848136,stata_areg_centered_student_vce_unadjusted,12,757999
20404,All,log_program_income_full_clp_m1,-.227178444777936,-.334170362142432,.0743204886564869,.358828492912957,stata_areg_centered_student_vce_unadjusted,35,757999
20406,All,log_program_income_full_clp_m1,.0238082873385684,-.0831836300259274,.078204260395396,.467670238596452,stata_areg_centered_student_vce_unadjusted,32,757999
20409,All,log_program_income_full_clp_m1,-.25589885010973,-.362890767474226,.107772521023212,.330122551993923,stata_areg_centered_student_vce_unadjusted,18,757999
20410,All,log_program_income_full_clp_m1,.0848800693481484,-.0221118480163474,.113268437205678,.330283807992112,stata_areg_centered_student_vce_unadjusted,17,757999
20411,All,log_program_income_full_clp_m1,-.223767576953103,-.330759494317599,.198727896733136,.0204839142134461,stata_areg_centered_student_vce_unadjusted,5,757999
20424,All,log_program_income_full_clp_m1,.0518708385751334,-.0551210787893623,.0512395201528349,.488529127167406,stata_areg_centered_student_vce_unadjusted,99,757999
20425,All,log_program_income_full_clp_m1,.0295499159550128,-.077442001409483,.450370080237438,.,stata_areg_centered_student_vce_unadjusted,1,757999
20436,All,log_program_income_full_clp_m1,.138132655234309,.0311407378698133,.0543707360751676,.487710581886848,stata_areg_centered_student_vce_unadjusted,97,757999
20440,All,log_program_income_full_clp_m1,.103782799960346,-.00320911740415003,.0666801423163123,.436109082009369,stata_areg_centered_student_vce_unadjusted,58,757999
20441,All,log_program_income_full_clp_m1,.203145826761404,.0961539093969087,.0481710679114878,.447036693519757,stata_areg_centered_student_vce_unadjusted,132,757999
20443,All,log_program_income_full_clp_m1,-.000968169511628542,-.107960086876124,.0530513427075105,.368977207350935,stata_areg_centered_student_vce_unadjusted,73,757999
20445,All,log_program_income_full_clp_m1,.115834524450974,.00884260708647852,.0652557212498906,.502484658056147,stata_areg_centered_student_vce_unadjusted,67,757999
20452,All,log_program_income_full_clp_m1,-.139819997161289,-.246811914525784,.0997318934546453,.378761258054685,stata_areg_centered_student_vce_unadjusted,20,757999
20460,All,log_program_income_full_clp_m1,-.0931576466952742,-.20014956405977,.115428906440284,.196331552637779,stata_areg_centered_student_vce_unadjusted,15,757999
20461,All,log_program_income_full_clp_m1,-.0182500824909045,-.1252419998554,.035457049743476,.407537847766204,stata_areg_centered_student_vce_unadjusted,256,757999
20464,All,log_program_income_full_clp_m1,-.295284738059265,-.40227665542376,.166016848244043,.169497966720838,stata_areg_centered_student_vce_unadjusted,7,757999
20466,All,log_program_income_full_clp_m1,-.0534941575718626,-.160486074936358,.0425716816048868,.345149826368339,stata_areg_centered_student_vce_unadjusted,114,757999
20469,All,log_program_income_full_clp_m1,-.0746583174794932,-.181650234843989,.0767243400509813,.340056773849778,stata_areg_centered_student_vce_unadjusted,37,757999
20470,All,log_program_income_full_clp_m1,-.0819752328238361,-.188967150188332,.0586591423079814,.294518383834179,stata_areg_centered_student_vce_unadjusted,59,757999
20474,All,log_program_income_full_clp_m1,-.00812489067330691,-.115116808037803,.105726394536875,.427421235936006,stata_areg_centered_student_vce_unadjusted,24,757999
20475,All,log_program_income_full_clp_m1,.0300770298037579,-.0769148875607379,.0537791917730528,.432766574382431,stata_areg_centered_student_vce_unadjusted,74,757999
20478,All,log_program_income_full_clp_m1,.124841048364694,.0178491310001982,.0295185949157609,.460449336249743,stata_areg_centered_student_vce_unadjusted,503,757999
20484,All,log_program_income_full_clp_m1,-.234582555069325,-.341574472433821,.155097314124874,.301302513209032,stata_areg_centered_student_vce_unadjusted,8,757999
20494,All,log_program_income_full_clp_m1,-.0118380795860798,-.118829996950576,.117662723493156,.385710510391814,stata_areg_centered_student_vce_unadjusted,14,757999
20498,All,log_program_income_full_clp_m1,-.0336308220267314,-.140622739391227,.11743905347453,.353604363354233,stata_areg_centered_student_vce_unadjusted,14,757999
20502,All,log_program_income_full_clp_m1,.0580725524537543,-.0489193649107414,.087061656583543,.547800039326962,stata_areg_centered_student_vce_unadjusted,35,757999
20503,All,log_program_income_full_clp_m1,-.260473590956413,-.367465508320909,.437480213593327,.,stata_areg_centered_student_vce_unadjusted,1,757999
20505,All,log_program_income_full_clp_m1,-.000942036800945297,-.107933954165441,.122128180046876,.304572470058343,stata_areg_centered_student_vce_unadjusted,13,757999
20509,All,log_program_income_full_clp_m1,-.145822444683846,-.252814362048342,.129289744590756,.275826145513062,stata_areg_centered_student_vce_unadjusted,12,757999
20510,All,log_program_income_full_clp_m1,-.0330149861898672,-.140006903554363,.106534948307748,.343641955108003,stata_areg_centered_student_vce_unadjusted,17,757999
20513,All,log_program_income_full_clp_m1,.228254357051594,.121262439687099,.0564734096614839,.51736735053875,stata_areg_centered_student_vce_unadjusted,132,757999
20519,All,log_program_income_full_clp_m1,.0713881804877419,-.0356037368767539,.0594707620273151,.479662857884398,stata_areg_centered_student_vce_unadjusted,69,757999
20520,All,log_program_income_full_clp_m1,.125235710136801,.0182437927723055,.0632287218790842,.480141413373113,stata_areg_centered_student_vce_unadjusted,56,757999
20601,All,log_program_income_full_clp_m1,.175968298312721,.0689763809482252,.0622447215252077,.549878677954923,stata_areg_centered_student_vce_unadjusted,62,757999
20631,All,log_program_income_full_clp_m1,-.13181539319452,-.238807310559016,.252241517660415,.375187977909412,stata_areg_centered_student_vce_unadjusted,3,757999
20663,All,log_program_income_full_clp_m1,-.489132738900179,-.596124656264675,.178924424788097,.30442196336031,stata_areg_centered_student_vce_unadjusted,6,757999
20665,All,log_program_income_full_clp_m1,-.0930214510131876,-.200013368377683,.111903788121544,.397013492598964,stata_areg_centered_student_vce_unadjusted,18,757999
22007,All,log_program_income_full_clp_m1,.140378386705811,.0333864693413153,.0520178982384108,.371846755674276,stata_areg_centered_student_vce_unadjusted,194,757999
22010,All,log_program_income_full_clp_m1,-.235577162863639,-.342569080228134,.437991922844659,.,stata_areg_centered_student_vce_unadjusted,1,757999
22012,All,log_program_income_full_clp_m1,-.0479865210306786,-.154978438395174,.0478773802931335,.394713971470958,stata_areg_centered_student_vce_unadjusted,136,757999
22014,All,log_program_income_full_clp_m1,.105209987767861,-.00178192959663455,.0600131773769522,.440332846960139,stata_areg_centered_student_vce_unadjusted,107,757999
22021,All,log_program_income_full_clp_m1,-.0668708372744381,-.173862754638934,.0422955062132085,.370743755822503,stata_areg_centered_student_vce_unadjusted,181,757999
22022,All,log_program_income_full_clp_m1,.00278787452185313,-.104204042842643,.0336187053603843,.37973256444719,stata_areg_centered_student_vce_unadjusted,306,757999
22024,All,log_program_income_full_clp_m1,-.104009232892663,-.211001150257158,.0412780101602409,.351803007283893,stata_areg_centered_student_vce_unadjusted,128,757999
22027,All,log_program_income_full_clp_m1,-.077321341745085,-.184313259109581,.054637313090853,.426774742338327,stata_areg_centered_student_vce_unadjusted,195,757999
22029,All,log_program_income_full_clp_m1,.140854184096888,.0338622667323919,.0937320268851142,.525716754078795,stata_areg_centered_student_vce_unadjusted,24,757999
22050,All,log_program_income_full_clp_m1,.0106799185198666,-.0963119988446291,.0486247173705843,.395042957231773,stata_areg_centered_student_vce_unadjusted,148,757999
22065,All,log_program_income_full_clp_m1,.0508522448246288,-.056139672539867,.0407733901916604,.394799189475413,stata_areg_centered_student_vce_unadjusted,302,757999
22066,All,log_program_income_full_clp_m1,-.259928899597085,-.366920816961581,.159978535648124,.206878160257129,stata_areg_centered_student_vce_unadjusted,8,757999
22083,All,log_program_income_full_clp_m1,.031358065850823,-.0756338515136728,.0844883383124409,.402120854397099,stata_areg_centered_student_vce_unadjusted,81,757999
22084,All,log_program_income_full_clp_m1,-.0239383041155055,-.130930221480001,.0636691779647059,.354690011629888,stata_areg_centered_student_vce_unadjusted,63,757999
22086,All,log_program_income_full_clp_m1,-.107614130921591,-.214606048286087,.0642234153794879,.411763251122927,stata_areg_centered_student_vce_unadjusted,64,757999
22089,All,log_program_income_full_clp_m1,.0834363274614972,-.0235555899029986,.172874687146856,.296109151191872,stata_areg_centered_student_vce_unadjusted,7,757999
22113,All,log_program_income_full_clp_m1,.0519779733877389,-.0550139439767569,.0385562045368541,.377586720400206,stata_areg_centered_student_vce_unadjusted,174,757999
22114,All,log_program_income_full_clp_m1,.00727339075757957,-.0997185266069162,.0325172192778048,.410757441347928,stata_areg_centered_student_vce_unadjusted,217,757999
22140,All,log_program_income_full_clp_m1,.10733720201876,.000345284654264033,.0218095175390478,.411082409451946,stata_areg_centered_student_vce_unadjusted,600,757999
22144,All,log_program_income_full_clp_m1,.241201421975386,.13420950461089,.0775167973492889,.444321139585086,stata_areg_centered_student_vce_unadjusted,180,757999
22146,All,log_program_income_full_clp_m1,.0170323734418687,-.089959543922627,.115157377018632,.381335117040698,stata_areg_centered_student_vce_unadjusted,15,757999
22155,All,log_program_income_full_clp_m1,.195165462309011,.0881735449445154,.0571588703628082,.454259372642135,stata_areg_centered_student_vce_unadjusted,117,757999
22158,All,log_program_income_full_clp_m1,-.375180014498064,-.48217193186256,.437651452288422,.,stata_areg_centered_student_vce_unadjusted,1,757999
22160,All,log_program_income_full_clp_m1,.144190392987205,.0371984756227093,.0689209585932327,.438361794109891,stata_areg_centered_student_vce_unadjusted,97,757999
22177,All,log_program_income_full_clp_m1,.286494837590708,.179502920226212,.0690823189910972,.436990372847917,stata_areg_centered_student_vce_unadjusted,111,757999
22187,All,log_program_income_full_clp_m1,-.10570779568158,-.212699713046076,.0486025660611318,.343283055915913,stata_areg_centered_student_vce_unadjusted,90,757999
22188,All,log_program_income_full_clp_m1,-.0915693773211881,-.198561294685684,.11498110452138,.308075430127069,stata_areg_centered_student_vce_unadjusted,15,757999
22189,All,log_program_income_full_clp_m1,-.143011812956849,-.250003730321345,.115724595444292,.146763536299462,stata_areg_centered_student_vce_unadjusted,15,757999
22191,All,log_program_income_full_clp_m1,.140225331626139,.0332334142616431,.0425330498090451,.416785314082208,stata_areg_centered_student_vce_unadjusted,290,757999
22192,All,log_program_income_full_clp_m1,.133104929855507,.0261130124910116,.0416228104720342,.444603970412442,stata_areg_centered_student_vce_unadjusted,292,757999
22196,All,log_program_income_full_clp_m1,.248363500894232,.141371583529736,.0753799329061949,.431085754003009,stata_areg_centered_student_vce_unadjusted,60,757999
22200,All,log_program_income_full_clp_m1,.0958913962080739,-.0111005211564218,.0414867325192325,.437470033192635,stata_areg_centered_student_vce_unadjusted,188,757999
22210,All,log_program_income_full_clp_m1,.0468733154830428,-.060118601881453,.0725215805417499,.445803096056428,stata_areg_centered_student_vce_unadjusted,91,757999
22211,All,log_program_income_full_clp_m1,.225695643583292,.118703726218796,.081041115819206,.48847253377621,stata_areg_centered_student_vce_unadjusted,114,757999
22218,All,log_program_income_full_clp_m1,.0424855948401421,-.0645063225243536,.0696258805824269,.398970810555206,stata_areg_centered_student_vce_unadjusted,62,757999
22224,All,log_program_income_full_clp_m1,.20174124462295,.0947493272584547,.064930391492331,.386327125987188,stata_areg_centered_student_vce_unadjusted,98,757999
22230,All,log_program_income_full_clp_m1,-.133189966859923,-.240181884224418,.117967900756717,.173854986767587,stata_areg_centered_student_vce_unadjusted,14,757999
22231,All,log_program_income_full_clp_m1,.187112597328915,.0801206799644194,.0476757930392293,.442422528526314,stata_areg_centered_student_vce_unadjusted,175,757999
22234,All,log_program_income_full_clp_m1,.150763757434686,.0437718400701907,.0605656683952869,.416700388930952,stata_areg_centered_student_vce_unadjusted,99,757999
22236,All,log_program_income_full_clp_m1,.150518657950143,.0435267405856469,.0364486230098837,.447331751686229,stata_areg_centered_student_vce_unadjusted,217,757999
22262,All,log_program_income_full_clp_m1,.181981078124134,.0749891607596383,.0483764902490013,.403578397038052,stata_areg_centered_student_vce_unadjusted,158,757999
22270,All,log_program_income_full_clp_m1,.0260687062240503,-.0809232111404455,.0735720344509406,.254047392236038,stata_areg_centered_student_vce_unadjusted,37,757999
22271,All,log_program_income_full_clp_m1,.132738346977612,.0257464296131161,.0314502477978471,.377029764370615,stata_areg_centered_student_vce_unadjusted,260,757999
22276,All,log_program_income_full_clp_m1,-.0825635522143105,-.189555469578806,.0706296339592251,.282464612888261,stata_areg_centered_student_vce_unadjusted,40,757999
22296,All,log_program_income_full_clp_m1,.0636036202307836,-.0433882971337122,.0563439360105296,.431632005684218,stata_areg_centered_student_vce_unadjusted,63,757999
22306,All,log_program_income_full_clp_m1,.0812948850314024,-.0256970323330933,.0627081596364894,.431129898027446,stata_areg_centered_student_vce_unadjusted,76,757999
22307,All,log_program_income_full_clp_m1,-.249124654117487,-.356116571481983,.0842539461675645,.196560803488805,stata_areg_centered_student_vce_unadjusted,31,757999
22309,All,log_program_income_full_clp_m1,.124137822814943,.0171459054504477,.0501368328258697,.433673945553242,stata_areg_centered_student_vce_unadjusted,159,757999
22313,All,log_program_income_full_clp_m1,.150182085768897,.0431901684044012,.0620536069371503,.428686589322843,stata_areg_centered_student_vce_unadjusted,68,757999
22317,All,log_program_income_full_clp_m1,-.0631380696105727,-.170129986975068,.0692829918198501,.373651366948124,stata_areg_centered_student_vce_unadjusted,46,757999
22322,All,log_program_income_full_clp_m1,.195004977473458,.0880130601089622,.0618341412269397,.414019147085514,stata_areg_centered_student_vce_unadjusted,97,757999
22330,All,log_program_income_full_clp_m1,.119992840054173,.013000922689677,.0623576454042872,.461966098506156,stata_areg_centered_student_vce_unadjusted,106,757999
22351,All,log_program_income_full_clp_m1,.168162292783307,.0611703754188115,.0559434042692686,.423523838712779,stata_areg_centered_student_vce_unadjusted,298,757999
22354,All,log_program_income_full_clp_m1,-.158149907700055,-.265141825064551,.254071697026016,.419788604424421,stata_areg_centered_student_vce_unadjusted,3,757999
22355,All,log_program_income_full_clp_m1,-.0992008957707543,-.20619281313525,.222237375967448,.19989572190346,stata_areg_centered_student_vce_unadjusted,4,757999
22356,All,log_program_income_full_clp_m1,.0669877418234025,-.0400041755410933,.0350591315612947,.447003394910887,stata_areg_centered_student_vce_unadjusted,213,757999
22358,All,log_program_income_full_clp_m1,.155849049853453,.0488571324889575,.0583700202239669,.435324872293621,stata_areg_centered_student_vce_unadjusted,145,757999
22361,All,log_program_income_full_clp_m1,.0509505221462413,-.0560413952182545,.195851701870893,.609956220473142,stata_areg_centered_student_vce_unadjusted,5,757999
22372,All,log_program_income_full_clp_m1,.0667059060327911,-.0402860113317047,.0615016392213473,.429437071746785,stata_areg_centered_student_vce_unadjusted,105,757999
22374,All,log_program_income_full_clp_m1,-.0410815590301714,-.148073476394667,.0650344398020928,.381135952495727,stata_areg_centered_student_vce_unadjusted,59,757999
22388,All,log_program_income_full_clp_m1,-.0824690602344787,-.189460977598974,.0675817624802618,.27437397602866,stata_areg_centered_student_vce_unadjusted,44,757999
22397,All,log_program_income_full_clp_m1,-.0300012872713222,-.136993204635818,.0394708955341895,.344672420848509,stata_areg_centered_student_vce_unadjusted,146,757999
22398,All,log_program_income_full_clp_m1,-.00241810847302454,-.10941002583752,.0819777036821528,.405327550225031,stata_areg_centered_student_vce_unadjusted,62,757999
22401,All,log_program_income_full_clp_m1,-.0698130379312134,-.176804955295709,.0774136522906707,.231282564382229,stata_areg_centered_student_vce_unadjusted,36,757999
22403,All,log_program_income_full_clp_m1,.173135873249849,.0661439558853534,.0684296094682816,.390265845181241,stata_areg_centered_student_vce_unadjusted,92,757999
22405,All,log_program_income_full_clp_m1,.0102664849178087,-.0967254324466871,.06703866605916,.337859887406796,stata_areg_centered_student_vce_unadjusted,45,757999
22410,All,log_program_income_full_clp_m1,.127839460079978,.0208475427154818,.053081063227071,.411545663045763,stata_areg_centered_student_vce_unadjusted,266,757999
22415,All,log_program_income_full_clp_m1,.0165041486711883,-.0904877686933075,.048671238355837,.412300923098132,stata_areg_centered_student_vce_unadjusted,94,757999
22434,All,log_program_income_full_clp_m1,.110569679823243,.0035777624587475,.0352384925784085,.425200699457663,stata_areg_centered_student_vce_unadjusted,639,757999
22436,All,log_program_income_full_clp_m1,.0851725329832074,-.0218193843812883,.0352947411389189,.425609530722517,stata_areg_centered_student_vce_unadjusted,339,757999
22445,All,log_program_income_full_clp_m1,.0316173439834478,-.0753745733810479,.310368470621662,.232233333911202,stata_areg_centered_student_vce_unadjusted,2,757999
22446,All,log_program_income_full_clp_m1,-.152322126145054,-.25931404350955,.0954821537611407,.322450327927795,stata_areg_centered_student_vce_unadjusted,22,757999
22459,All,log_program_income_full_clp_m1,.124250827358018,.0172589099935224,.0541363066212774,.441292366446991,stata_areg_centered_student_vce_unadjusted,105,757999
22461,All,log_program_income_full_clp_m1,.0704519711423002,-.0365399462221955,.0380511016551961,.410345339921614,stata_areg_centered_student_vce_unadjusted,152,757999
22462,All,log_program_income_full_clp_m1,.085637750238891,-.0213541671256047,.0450637168171167,.406667496911763,stata_areg_centered_student_vce_unadjusted,150,757999
22464,All,log_program_income_full_clp_m1,-.0352805892466057,-.142272506611101,.035087214999583,.376878030661085,stata_areg_centered_student_vce_unadjusted,271,757999
22466,All,log_program_income_full_clp_m1,-.130577781281419,-.237569698645915,.0897958368546528,.211231972520457,stata_areg_centered_student_vce_unadjusted,25,757999
22467,All,log_program_income_full_clp_m1,.109856691804232,.00286477443973665,.0765109369421124,.436060028530509,stata_areg_centered_student_vce_unadjusted,57,757999
22473,All,log_program_income_full_clp_m1,-.139990409920321,-.246982327284816,.096639918394963,.264763906473198,stata_areg_centered_student_vce_unadjusted,21,757999
22475,All,log_program_income_full_clp_m1,-.101417969475176,-.208409886839671,.128028617222816,.3576802408632,stata_areg_centered_student_vce_unadjusted,12,757999
22476,All,log_program_income_full_clp_m1,-.214350109131013,-.321342026495509,.14833570008661,.197638344838006,stata_areg_centered_student_vce_unadjusted,9,757999
22478,All,log_program_income_full_clp_m1,.0451915213516844,-.0618003960128114,.0262530027693023,.407121463930972,stata_areg_centered_student_vce_unadjusted,401,757999
22480,All,log_program_income_full_clp_m1,-.0315551310238578,-.138547048388354,.436878558577101,.,stata_areg_centered_student_vce_unadjusted,1,757999
22482,All,log_program_income_full_clp_m1,-.0918918777347749,-.198883795099271,.0839117630914338,.320095400757705,stata_areg_centered_student_vce_unadjusted,28,757999
22483,All,log_program_income_full_clp_m1,.120118088508611,.0131261711441154,.0329587444181068,.418839636138672,stata_areg_centered_student_vce_unadjusted,462,757999
22485,All,log_program_income_full_clp_m1,-.0843877574223346,-.19137967478683,.116788853559193,.17688862143623,stata_areg_centered_student_vce_unadjusted,15,757999
22494,All,log_program_income_full_clp_m1,.074466840348327,-.0325250770161688,.0234559274064397,.422222005930718,stata_areg_centered_student_vce_unadjusted,485,757999
22495,All,log_program_income_full_clp_m1,.184869105734295,.0778771883697993,.0640907815186964,.368967411784796,stata_areg_centered_student_vce_unadjusted,66,757999
22496,All,log_program_income_full_clp_m1,.0506005738548815,-.0563913435096143,.083041443262313,.40389418314804,stata_areg_centered_student_vce_unadjusted,41,757999
22499,All,log_program_income_full_clp_m1,.117044590109603,.010052672745107,.0289612717658074,.443139303160803,stata_areg_centered_student_vce_unadjusted,417,757999
22503,All,log_program_income_full_clp_m1,-.0991847680985693,-.206176685463065,.20109835675545,.331424807841218,stata_areg_centered_student_vce_unadjusted,5,757999
22504,All,log_program_income_full_clp_m1,.0496964426485958,-.0572954747159,.0412813132071306,.419997974644972,stata_areg_centered_student_vce_unadjusted,192,757999
22505,All,log_program_income_full_clp_m1,.182690401640168,.0756984842756721,.0728846917093516,.436745282933895,stata_areg_centered_student_vce_unadjusted,65,757999
22506,All,log_program_income_full_clp_m1,.215798953118839,.108807035754343,.0493647884628304,.471227734936998,stata_areg_centered_student_vce_unadjusted,180,757999
22514,All,log_program_income_full_clp_m1,.510940326812316,.40394840944782,.438103153931673,.,stata_areg_centered_student_vce_unadjusted,1,757999
22516,All,log_program_income_full_clp_m1,.146022275436043,.0390303580715469,.0326309046903913,.439808375129189,stata_areg_centered_student_vce_unadjusted,318,757999
22517,All,log_program_income_full_clp_m1,-.261130527829553,-.368122445194049,.311365034612654,.197622258687016,stata_areg_centered_student_vce_unadjusted,2,757999
22535,All,log_program_income_full_clp_m1,-.0340185855606173,-.141010502925113,.069985835937099,.367071491831093,stata_areg_centered_student_vce_unadjusted,50,757999
22536,All,log_program_income_full_clp_m1,.301262941309506,.19427102394501,.0807959338397506,.497703065493877,stata_areg_centered_student_vce_unadjusted,79,757999
22540,All,log_program_income_full_clp_m1,.106233017474545,-.000758899889950537,.0287051796646814,.431016565742648,stata_areg_centered_student_vce_unadjusted,347,757999
22542,All,log_program_income_full_clp_m1,.191599986485727,.0846080691212312,.057209589435843,.412933155401798,stata_areg_centered_student_vce_unadjusted,142,757999
22543,All,log_program_income_full_clp_m1,-.100303429386665,-.207295346751161,.0233775213757399,.38152318647743,stata_areg_centered_student_vce_unadjusted,495,757999
22544,All,log_program_income_full_clp_m1,-.0373981366937548,-.144390054058251,.0346114556129088,.385494063663107,stata_areg_centered_student_vce_unadjusted,197,757999
22545,All,log_program_income_full_clp_m1,-.0504087576644652,-.157400675028961,.0805819988676972,.332277316954205,stata_areg_centered_student_vce_unadjusted,32,757999
22549,All,log_program_income_full_clp_m1,-.132655619237011,-.239647536601506,.133673902525293,.11162021088807,stata_areg_centered_student_vce_unadjusted,11,757999
22551,All,log_program_income_full_clp_m1,-.0900543551599246,-.19704627252442,.0701943616012537,.255923644770071,stata_areg_centered_student_vce_unadjusted,44,757999
22553,All,log_program_income_full_clp_m1,.0329669864710597,-.0740249308934361,.0276839359970372,.40953168813472,stata_areg_centered_student_vce_unadjusted,358,757999
22560,All,log_program_income_full_clp_m1,.163396650319657,.0564047329551612,.0419355167051691,.418386183691185,stata_areg_centered_student_vce_unadjusted,233,757999
22564,All,log_program_income_full_clp_m1,.0573894417885471,-.0496024755759487,.0320754226475362,.358385755104567,stata_areg_centered_student_vce_unadjusted,298,757999
22597,All,log_program_income_full_clp_m1,-.055865450200619,-.162857367565115,.0460099161606299,.402466999789535,stata_areg_centered_student_vce_unadjusted,185,757999
22602,All,log_program_income_full_clp_m1,.0542879095381382,-.0527040078263576,.0633010225593224,.423260887979312,stata_areg_centered_student_vce_unadjusted,115,757999
22603,All,log_program_income_full_clp_m1,.292524290463715,.185532373099219,.488750342233753,.,stata_areg_centered_student_vce_unadjusted,1,757999
22604,All,log_program_income_full_clp_m1,-.0697405562444368,-.176732473608933,.162787936835216,.180935302746694,stata_areg_centered_student_vce_unadjusted,8,757999
22609,All,log_program_income_full_clp_m1,.154000493618999,.0470085762545035,.0413890464059786,.424629901816298,stata_areg_centered_student_vce_unadjusted,184,757999
22624,All,log_program_income_full_clp_m1,-.14287953665995,-.249871454024446,.181174922365751,.229789781245101,stata_areg_centered_student_vce_unadjusted,6,757999
22626,All,log_program_income_full_clp_m1,.165998350120073,.059006432755577,.0333741105159251,.431789821730937,stata_areg_centered_student_vce_unadjusted,214,757999
22627,All,log_program_income_full_clp_m1,.178759675930614,.0717677585661186,.0813582167186806,.439693639590046,stata_areg_centered_student_vce_unadjusted,47,757999
22629,All,log_program_income_full_clp_m1,.239935363611712,.132943446247216,.0536402853133743,.451868439665087,stata_areg_centered_student_vce_unadjusted,152,757999
22634,All,log_program_income_full_clp_m1,.157137275982505,.0501453586180096,.040752102299337,.447877801338926,stata_areg_centered_student_vce_unadjusted,187,757999
22637,All,log_program_income_full_clp_m1,.114713342022384,.00772142465788832,.310832999670429,.464947113537675,stata_areg_centered_student_vce_unadjusted,2,757999
22641,All,log_program_income_full_clp_m1,-.00160314750945178,-.108595064873948,.0728624743547145,.392704960828716,stata_areg_centered_student_vce_unadjusted,78,757999
22655,All,log_program_income_full_clp_m1,.0166798133070924,-.0903121040574033,.0426455838355913,.420177393039732,stata_areg_centered_student_vce_unadjusted,214,757999
22664,All,log_program_income_full_clp_m1,.0489396120812974,-.0580523052831983,.0299397706441215,.411709362902702,stata_areg_centered_student_vce_unadjusted,273,757999
22672,All,log_program_income_full_clp_m1,.0630362850822457,-.0439556322822501,.0503966610883919,.442840442722282,stata_areg_centered_student_vce_unadjusted,111,757999
22674,All,log_program_income_full_clp_m1,.067052982017516,-.0399389353469798,.0525056652172435,.37722867133858,stata_areg_centered_student_vce_unadjusted,154,757999
22686,All,log_program_income_full_clp_m1,-.341431420497294,-.44842333786179,.437533465425212,.,stata_areg_centered_student_vce_unadjusted,1,757999
22691,All,log_program_income_full_clp_m1,-.00903755942899028,-.116029476793486,.0342612840688029,.416614898798371,stata_areg_centered_student_vce_unadjusted,366,757999
22692,All,log_program_income_full_clp_m1,.270998268921081,.164006351556585,.0571456899259048,.519915657191111,stata_areg_centered_student_vce_unadjusted,166,757999
22701,All,log_program_income_full_clp_m1,-.232968725767508,-.339960643132003,.438009782371584,.,stata_areg_centered_student_vce_unadjusted,1,757999
22702,All,log_program_income_full_clp_m1,.105183351883539,-.00180856548095681,.0399970031251587,.433140529286086,stata_areg_centered_student_vce_unadjusted,181,757999
22707,All,log_program_income_full_clp_m1,.130981904278079,.023989986913583,.0783207881035883,.398828981528298,stata_areg_centered_student_vce_unadjusted,34,757999
22743,All,log_program_income_full_clp_m1,.128574661487575,.0215827441230797,.0668367395289621,.425561469603967,stata_areg_centered_student_vce_unadjusted,55,757999
22752,All,log_program_income_full_clp_m1,.00252296341846942,-.104468953946026,.0293350687827208,.367317447009058,stata_areg_centered_student_vce_unadjusted,303,757999
22755,All,log_program_income_full_clp_m1,.0304438757027532,-.0765480416617425,.0372391016765508,.409838257824047,stata_areg_centered_student_vce_unadjusted,198,757999
22758,All,log_program_income_full_clp_m1,-.047138899661139,-.154130817025635,.053780233449282,.388789610736138,stata_areg_centered_student_vce_unadjusted,102,757999
22759,All,log_program_income_full_clp_m1,.154358333595064,.0473664162305678,.0679376203718037,.391654225412748,stata_areg_centered_student_vce_unadjusted,90,757999
24201,All,log_program_income_full_clp_m1,.0663558936943654,-.0406360236701303,.064670311043264,.403302754586509,stata_areg_centered_student_vce_unadjusted,169,757999
24203,All,log_program_income_full_clp_m1,.135174108077723,.0281821907132273,.0558571276448628,.4348382901231,stata_areg_centered_student_vce_unadjusted,146,757999
24204,All,log_program_income_full_clp_m1,.0219729322562875,-.0850189851082083,.0719740565338345,.413449985461197,stata_areg_centered_student_vce_unadjusted,131,757999
24206,All,log_program_income_full_clp_m1,.0458798764225812,-.0611120409419146,.0478891142301666,.447155243543825,stata_areg_centered_student_vce_unadjusted,272,757999
24207,All,log_program_income_full_clp_m1,.266868835093655,.159876917729159,.04607559785839,.414538388358125,stata_areg_centered_student_vce_unadjusted,297,757999
24209,All,log_program_income_full_clp_m1,.0757977030323958,-.0311942143321,.0660317801624825,.463518600646932,stata_areg_centered_student_vce_unadjusted,82,757999
24212,All,log_program_income_full_clp_m1,.130032500343957,.0230405829794613,.0501515604226741,.48530984963169,stata_areg_centered_student_vce_unadjusted,217,757999
24213,All,log_program_income_full_clp_m1,.159122189268617,.0521302719041211,.0649939837776958,.461544655696945,stata_areg_centered_student_vce_unadjusted,106,757999
24215,All,log_program_income_full_clp_m1,-.0352610213890775,-.142252938753573,.141395718313942,.424512603633528,stata_areg_centered_student_vce_unadjusted,10,757999
24224,All,log_program_income_full_clp_m1,.0388984753119842,-.0680934420525116,.0408821204569502,.448748527976863,stata_areg_centered_student_vce_unadjusted,252,757999
24230,All,log_program_income_full_clp_m1,.248723419550299,.141731502185803,.0504640853928705,.464001533711148,stata_areg_centered_student_vce_unadjusted,231,757999
24231,All,log_program_income_full_clp_m1,.0361335211206878,-.0708583962438079,.0575026005655019,.425624189859291,stata_areg_centered_student_vce_unadjusted,98,757999
24233,All,log_program_income_full_clp_m1,.182965337864412,.0759734204999164,.0720898093152619,.449677971752411,stata_areg_centered_student_vce_unadjusted,68,757999
24234,All,log_program_income_full_clp_m1,-.174422344114613,-.281414261479109,.121011035481744,.220976398089202,stata_areg_centered_student_vce_unadjusted,14,757999
24237,All,log_program_income_full_clp_m1,.0372651527506936,-.0697267646138022,.0688727424281217,.417093503398795,stata_areg_centered_student_vce_unadjusted,48,757999
24238,All,log_program_income_full_clp_m1,-.0667337952369152,-.173725712601411,.0691117300544743,.396414382388172,stata_areg_centered_student_vce_unadjusted,46,757999
24240,All,log_program_income_full_clp_m1,.154501170550686,.0475092531861906,.0420454847805303,.432688482957537,stata_areg_centered_student_vce_unadjusted,242,757999
24241,All,log_program_income_full_clp_m1,.0563855943015907,-.0506063230629051,.0595428897088443,.382900256283226,stata_areg_centered_student_vce_unadjusted,77,757999
24300,All,log_program_income_full_clp_m1,.0700047805181053,-.0369871368463905,.0477325121921007,.403243580817676,stata_areg_centered_student_vce_unadjusted,280,757999
24303,All,log_program_income_full_clp_m1,.136436887626815,.0294449702623196,.0480351260398715,.427903501397565,stata_areg_centered_student_vce_unadjusted,127,757999
24305,All,log_program_income_full_clp_m1,.204163566857485,.0971716494929894,.0631253291947523,.397924102344002,stata_areg_centered_student_vce_unadjusted,130,757999
24307,All,log_program_income_full_clp_m1,.158965686674305,.0519737693098091,.0341242101720581,.408513689686199,stata_areg_centered_student_vce_unadjusted,377,757999
24314,All,log_program_income_full_clp_m1,.407664992661646,.30067307529715,.0788275459122036,.512596608678797,stata_areg_centered_student_vce_unadjusted,68,757999
24316,All,log_program_income_full_clp_m1,.0175982994138982,-.0893936179505975,.0319171326985365,.358663948255736,stata_areg_centered_student_vce_unadjusted,300,757999
24317,All,log_program_income_full_clp_m1,.136912853517286,.0299209361527901,.0747658716182688,.437324006826014,stata_areg_centered_student_vce_unadjusted,111,757999
24319,All,log_program_income_full_clp_m1,.157098417298832,.050106499934336,.0463496639297037,.395827465088697,stata_areg_centered_student_vce_unadjusted,122,757999
24324,All,log_program_income_full_clp_m1,.195461648720273,.0884697313557777,.0739774479479487,.436405679883897,stata_areg_centered_student_vce_unadjusted,37,757999
24327,All,log_program_income_full_clp_m1,.156424046509496,.0494321291450003,.0335881433460256,.385350987417513,stata_areg_centered_student_vce_unadjusted,319,757999
24329,All,log_program_income_full_clp_m1,.174776058401758,.0677841410372617,.0336962671971454,.390785125618868,stata_areg_centered_student_vce_unadjusted,371,757999
24330,All,log_program_income_full_clp_m1,-.0823254577357432,-.189317375100239,.101895813738636,.288388216942066,stata_areg_centered_student_vce_unadjusted,19,757999
24332,All,log_program_income_full_clp_m1,-.161725505537033,-.268717422901529,.101731102703182,.288574230944017,stata_areg_centered_student_vce_unadjusted,22,757999
24338,All,log_program_income_full_clp_m1,.249035561695842,.142043644331346,.0592251065066765,.385507264524553,stata_areg_centered_student_vce_unadjusted,112,757999
24403,All,log_program_income_full_clp_m1,.0199290943073271,-.0870628230571687,.0432548008585235,.348412852650209,stata_areg_centered_student_vce_unadjusted,147,757999
24405,All,log_program_income_full_clp_m1,-.0790453315787087,-.186037248943205,.0590767228174969,.428201808489486,stata_areg_centered_student_vce_unadjusted,69,757999
24407,All,log_program_income_full_clp_m1,.184952000165678,.0779600828011823,.0461725953039285,.4464451807483,stata_areg_centered_student_vce_unadjusted,172,757999
24409,All,log_program_income_full_clp_m1,.320581865462068,.213589948097572,.0806914779622932,.466967568911221,stata_areg_centered_student_vce_unadjusted,152,757999
24410,All,log_program_income_full_clp_m1,.0368150835790888,-.070176833785407,.0505843684030613,.453665233769665,stata_areg_centered_student_vce_unadjusted,330,757999
24423,All,log_program_income_full_clp_m1,.120354994246219,.013363076881723,.0478870817867349,.437787040972753,stata_areg_centered_student_vce_unadjusted,272,757999
24426,All,log_program_income_full_clp_m1,.0809667472483458,-.02602517011615,.0350553615978737,.439608671184565,stata_areg_centered_student_vce_unadjusted,198,757999
24427,All,log_program_income_full_clp_m1,.219030594916726,.112038677552231,.0616605495798707,.408494133280458,stata_areg_centered_student_vce_unadjusted,342,757999
24438,All,log_program_income_full_clp_m1,.0760874289811363,-.0309044883833595,.0479108364301584,.425633541129894,stata_areg_centered_student_vce_unadjusted,146,757999
24443,All,log_program_income_full_clp_m1,.110148394119735,.0031564767552394,.0396632339813197,.422579901811375,stata_areg_centered_student_vce_unadjusted,184,757999
24444,All,log_program_income_full_clp_m1,.00140163508325714,-.105590282281239,.0375961231685185,.45821622326176,stata_areg_centered_student_vce_unadjusted,147,757999
24445,All,log_program_income_full_clp_m1,.083537710855698,-.0234542065087977,.107469010862978,.406979767884322,stata_areg_centered_student_vce_unadjusted,17,757999
24446,All,log_program_income_full_clp_m1,-.0177069849999929,-.124698902364489,.0265688266609236,.386251647329626,stata_areg_centered_student_vce_unadjusted,321,757999
24448,All,log_program_income_full_clp_m1,.0393807493732006,-.0676111679912952,.0490101790860328,.402916772443615,stata_areg_centered_student_vce_unadjusted,114,757999
24459,All,log_program_income_full_clp_m1,-.0754411569495047,-.182433074314001,.0424991939712765,.312632126749411,stata_areg_centered_student_vce_unadjusted,118,757999
24473,All,log_program_income_full_clp_m1,-.0689658543992481,-.175957771763744,.0228544546714613,.381396136896516,stata_areg_centered_student_vce_unadjusted,377,757999
24482,All,log_program_income_full_clp_m1,.189428236690583,.0824363193260868,.0140043057285614,.465320485497478,stata_areg_centered_student_vce_unadjusted,1208,757999
24486,All,log_program_income_full_clp_m1,.285611245168744,.178619327804248,.0630214973733211,.455133340283658,stata_areg_centered_student_vce_unadjusted,170,757999
24491,All,log_program_income_full_clp_m1,.150309747048494,.043317829683998,.0683032791034825,.488750990923424,stata_areg_centered_student_vce_unadjusted,58,757999
24494,All,log_program_income_full_clp_m1,-.112019435427991,-.219011352792487,.148281347690856,.488702411636869,stata_areg_centered_student_vce_unadjusted,9,757999
24496,All,log_program_income_full_clp_m1,.08093883617788,-.0260530811866158,.0291443632648309,.43604028737195,stata_areg_centered_student_vce_unadjusted,280,757999
24498,All,log_program_income_full_clp_m1,.209086492578794,.102094575214298,.0725796417789554,.427173737939521,stata_areg_centered_student_vce_unadjusted,164,757999
24506,All,log_program_income_full_clp_m1,-.163571449754484,-.270563367118979,.437627420416155,.,stata_areg_centered_student_vce_unadjusted,1,757999
24599,All,log_program_income_full_clp_m1,-.319226649342429,-.426218566706924,.437003965178495,.,stata_areg_centered_student_vce_unadjusted,1,757999
24623,All,log_program_income_full_clp_m1,.110904945612792,.00391302824829573,.0330830791795938,.436945077226502,stata_areg_centered_student_vce_unadjusted,307,757999
24624,All,log_program_income_full_clp_m1,.422570237385205,.315578320020709,.0792323797748767,.321876763897285,stata_areg_centered_student_vce_unadjusted,463,757999
24625,All,log_program_income_full_clp_m1,.240125366526608,.133133449162112,.0519463549495422,.434027273975017,stata_areg_centered_student_vce_unadjusted,87,757999
24626,All,log_program_income_full_clp_m1,.141102497715586,.03411058035109,.0158331042909813,.441847335708829,stata_areg_centered_student_vce_unadjusted,1041,757999
24627,All,log_program_income_full_clp_m1,.0976580162328268,-.00933390113166899,.0764608241408932,.474574552941145,stata_areg_centered_student_vce_unadjusted,61,757999
24638,All,log_program_income_full_clp_m1,.0870734916055597,-.019918425758936,.0265236154793169,.458728353024934,stata_areg_centered_student_vce_unadjusted,279,757999
24648,All,log_program_income_full_clp_m1,.227020367495283,.120028450130788,.0581950062471538,.405524295680109,stata_areg_centered_student_vce_unadjusted,296,757999
24652,All,log_program_income_full_clp_m1,-.0197695385750505,-.126761455939546,.0276925715241689,.409139121867505,stata_areg_centered_student_vce_unadjusted,275,757999
24666,All,log_program_income_full_clp_m1,-.0775004800066258,-.184492397371122,.138272354050417,.564218740129159,stata_areg_centered_student_vce_unadjusted,11,757999
24670,All,log_program_income_full_clp_m1,.252617099589575,.145625182225079,.0937346367290392,.469066340234938,stata_areg_centered_student_vce_unadjusted,101,757999
24671,All,log_program_income_full_clp_m1,.400920816099374,.293928898734878,.0674584319102554,.374265511498853,stata_areg_centered_student_vce_unadjusted,64,757999
24675,All,log_program_income_full_clp_m1,.170791335301556,.0637994179370599,.0767861263028434,.473936826174838,stata_areg_centered_student_vce_unadjusted,109,757999
24678,All,log_program_income_full_clp_m1,.210371140626427,.103379223261931,.090997507507374,.461986693696226,stata_areg_centered_student_vce_unadjusted,25,757999
24685,All,log_program_income_full_clp_m1,.0817599962237561,-.0252319211407397,.0188400717556604,.439336859711883,stata_areg_centered_student_vce_unadjusted,961,757999
24686,All,log_program_income_full_clp_m1,.0667181572955496,-.0402737600689462,.0211343876773362,.427604758647075,stata_areg_centered_student_vce_unadjusted,487,757999
24689,All,log_program_income_full_clp_m1,.0408319390619643,-.0661599783025314,.069870880498654,.431256968065685,stata_areg_centered_student_vce_unadjusted,56,757999
24690,All,log_program_income_full_clp_m1,-.0580712506983848,-.165063168062881,.0750608660388018,.454118201580504,stata_areg_centered_student_vce_unadjusted,78,757999
24699,All,log_program_income_full_clp_m1,.344168669376339,.237176752011843,.0887252101822208,.389914710899068,stata_areg_centered_student_vce_unadjusted,95,757999
24700,All,log_program_income_full_clp_m1,-.0987739334282958,-.205765850792792,.13888400942885,.232044265905812,stata_areg_centered_student_vce_unadjusted,10,757999
24713,All,log_program_income_full_clp_m1,.178402909580391,.0714109922158951,.0421506765276313,.448408538258575,stata_areg_centered_student_vce_unadjusted,297,757999
24714,All,log_program_income_full_clp_m1,.0646381921758799,-.0423537251886159,.0498104051877154,.402572281501273,stata_areg_centered_student_vce_unadjusted,104,757999
24715,All,log_program_income_full_clp_m1,.243192329717398,.136200412352902,.0872736553882135,.530026288321742,stata_areg_centered_student_vce_unadjusted,112,757999
24716,All,log_program_income_full_clp_m1,-.512732310993117,-.619724228357612,.436470973482585,.,stata_areg_centered_student_vce_unadjusted,1,757999
24717,All,log_program_income_full_clp_m1,.173506513170268,.0665145958057722,.040414630049929,.449017934291346,stata_areg_centered_student_vce_unadjusted,211,757999
24718,All,log_program_income_full_clp_m1,.321240330625304,.214248413260808,.0916465955790801,.445363182415501,stata_areg_centered_student_vce_unadjusted,44,757999
24719,All,log_program_income_full_clp_m1,.206362194246994,.0993702768824978,.0651490419868588,.432765615747265,stata_areg_centered_student_vce_unadjusted,93,757999
24721,All,log_program_income_full_clp_m1,.193336366661158,.0863444492966624,.0862855348155483,.440132801999129,stata_areg_centered_student_vce_unadjusted,103,757999
24725,All,log_program_income_full_clp_m1,.252064604524766,.14507268716027,.0931250208452347,.447149379362379,stata_areg_centered_student_vce_unadjusted,25,757999
24730,All,log_program_income_full_clp_m1,.234183192247239,.127191274882743,.0615355323226642,.395603747125696,stata_areg_centered_student_vce_unadjusted,119,757999
24733,All,log_program_income_full_clp_m1,.0830467567057867,-.0239451606587091,.0247643564558399,.464318731595247,stata_areg_centered_student_vce_unadjusted,580,757999
24751,All,log_program_income_full_clp_m1,-.0241079196861603,-.131099837050656,.157013116124475,.462387919030352,stata_areg_centered_student_vce_unadjusted,8,757999
24754,All,log_program_income_full_clp_m1,-.0574526828502975,-.164444600214793,.0666253508172812,.326392672000789,stata_areg_centered_student_vce_unadjusted,44,757999
24756,All,log_program_income_full_clp_m1,.0618900535493676,-.0451018638151282,.0515700113655835,.453848535518536,stata_areg_centered_student_vce_unadjusted,282,757999
24759,All,log_program_income_full_clp_m1,.0530758510661042,-.0539160662983916,.0595469682774222,.478153066034135,stata_areg_centered_student_vce_unadjusted,119,757999
24761,All,log_program_income_full_clp_m1,-.0581741922030799,-.165166109567576,.0347728989547171,.546627202897953,stata_areg_centered_student_vce_unadjusted,179,757999
24762,All,log_program_income_full_clp_m1,.25725885431471,.150266936950214,.0650585298084862,.501387540506458,stata_areg_centered_student_vce_unadjusted,86,757999
24763,All,log_program_income_full_clp_m1,-.20890816698528,-.315900084349776,.198602543402087,.102411481890448,stata_areg_centered_student_vce_unadjusted,5,757999
24766,All,log_program_income_full_clp_m1,.0832277682777923,-.0237641490867035,.045607429117221,.461721367097441,stata_areg_centered_student_vce_unadjusted,109,757999
24767,All,log_program_income_full_clp_m1,-.606679222814505,-.713671140179001,.436928170592282,.,stata_areg_centered_student_vce_unadjusted,1,757999
24769,All,log_program_income_full_clp_m1,.0128583173214081,-.0941336000430876,.0412386291711181,.450187841502581,stata_areg_centered_student_vce_unadjusted,201,757999
24783,All,log_program_income_full_clp_m1,.140154699938769,.0331627825742732,.0652900426499387,.463659376465274,stata_areg_centered_student_vce_unadjusted,71,757999
24790,All,log_program_income_full_clp_m1,.0666480999173429,-.0403438174471528,.0500899776240671,.50221487174771,stata_areg_centered_student_vce_unadjusted,106,757999
24795,All,log_program_income_full_clp_m1,-.0539455351612067,-.160937452525703,.11594900002463,.444478675554374,stata_areg_centered_student_vce_unadjusted,15,757999
24798,All,log_program_income_full_clp_m1,.159927011839362,.052935094474866,.0640520861954946,.509095386972977,stata_areg_centered_student_vce_unadjusted,104,757999
24800,All,log_program_income_full_clp_m1,.120093704931953,.0131017875674571,.0485301184524323,.462982677714721,stata_areg_centered_student_vce_unadjusted,132,757999
24801,All,log_program_income_full_clp_m1,.00388542708582086,-.103106490278675,.0762897007552784,.456175277901137,stata_areg_centered_student_vce_unadjusted,36,757999
24812,All,log_program_income_full_clp_m1,.132140611286364,.0251486939218686,.0381291265947212,.493844086345323,stata_areg_centered_student_vce_unadjusted,205,757999
24826,All,log_program_income_full_clp_m1,.233753886497232,.126761969132736,.0450212974145523,.513336163381548,stata_areg_centered_student_vce_unadjusted,167,757999
24828,All,log_program_income_full_clp_m1,.137900401002892,.0309084836383964,.023980526309492,.473950006273236,stata_areg_centered_student_vce_unadjusted,389,757999
24836,All,log_program_income_full_clp_m1,.254359171581402,.147367254216907,.101020906487411,.303967802227816,stata_areg_centered_student_vce_unadjusted,213,757999
24840,All,log_program_income_full_clp_m1,.00660553675679143,-.100386380607704,.0775787562993379,.51052681198523,stata_areg_centered_student_vce_unadjusted,32,757999
24842,All,log_program_income_full_clp_m1,.0968010168303172,-.0101909005341786,.0644463578109746,.410230102808162,stata_areg_centered_student_vce_unadjusted,75,757999
24843,All,log_program_income_full_clp_m1,.0794073762604666,-.0275845411040292,.0416133233389801,.43885904884028,stata_areg_centered_student_vce_unadjusted,260,757999
24856,All,log_program_income_full_clp_m1,.355640886168858,.248648968804362,.0654474096463418,.469067795789921,stata_areg_centered_student_vce_unadjusted,56,757999
24864,All,log_program_income_full_clp_m1,.0302764856471718,-.0767154317173239,.0371975516308759,.459417201150811,stata_areg_centered_student_vce_unadjusted,205,757999
24873,All,log_program_income_full_clp_m1,.0462345880019879,-.0607573293625078,.0879811327772618,.447333033639217,stata_areg_centered_student_vce_unadjusted,99,757999
24874,All,log_program_income_full_clp_m1,.0792702396387054,-.0277216777257904,.0846130412773421,.555167282884456,stata_areg_centered_student_vce_unadjusted,44,757999
24876,All,log_program_income_full_clp_m1,-.0702765290434772,-.177268446407973,.104761442742704,.338556966815325,stata_areg_centered_student_vce_unadjusted,18,757999
24878,All,log_program_income_full_clp_m1,.00237879674238109,-.104613120622115,.016152917718256,.4079975382011,stata_areg_centered_student_vce_unadjusted,970,757999
24884,All,log_program_income_full_clp_m1,.220069204385136,.11307728702064,.0348777396921778,.495794334896013,stata_areg_centered_student_vce_unadjusted,307,757999
24885,All,log_program_income_full_clp_m1,-.00854720986836719,-.115539127232863,.0214811733046366,.443266260454438,stata_areg_centered_student_vce_unadjusted,646,757999
24889,All,log_program_income_full_clp_m1,.0188599298115838,-.088131987552912,.0401393535393489,.460019659019249,stata_areg_centered_student_vce_unadjusted,190,757999
24892,All,log_program_income_full_clp_m1,.0205926252856124,-.0863992920788834,.0543085949979784,.512419516285064,stata_areg_centered_student_vce_unadjusted,76,757999
24893,All,log_program_income_full_clp_m1,-.0777392000860899,-.184731117450586,.437820849003781,.,stata_areg_centered_student_vce_unadjusted,1,757999
24894,All,log_program_income_full_clp_m1,.0327620550288612,-.0742298623356346,.0559552229004042,.438107380451131,stata_areg_centered_student_vce_unadjusted,154,757999
24896,All,log_program_income_full_clp_m1,.0224510412718743,-.0845408760926215,.0503553432018208,.449199423993622,stata_areg_centered_student_vce_unadjusted,78,757999
24897,All,log_program_income_full_clp_m1,.164299615896492,.0573076985319958,.0727121881411941,.4848107848092,stata_areg_centered_student_vce_unadjusted,70,757999
24898,All,log_program_income_full_clp_m1,.0640440087761552,-.0429479085883406,.0355884741098074,.426511043435373,stata_areg_centered_student_vce_unadjusted,197,757999
24903,All,log_program_income_full_clp_m1,.10352876555744,-.00346315180705596,.0448571011743592,.460999443218438,stata_areg_centered_student_vce_unadjusted,245,757999
24907,All,log_program_income_full_clp_m1,.0999510462962554,-.00704087106824033,.0656788679023969,.550629813387439,stata_areg_centered_student_vce_unadjusted,87,757999
24908,All,log_program_income_full_clp_m1,.24952783382607,.142535916461574,.0348503965863846,.49984458668463,stata_areg_centered_student_vce_unadjusted,326,757999
24911,All,log_program_income_full_clp_m1,-.153852011964006,-.260843929328501,.0938109734085261,.348725728238746,stata_areg_centered_student_vce_unadjusted,22,757999
24912,All,log_program_income_full_clp_m1,.253185276550925,.146193359186429,.067758453174566,.455433742906823,stata_areg_centered_student_vce_unadjusted,112,757999
24913,All,log_program_income_full_clp_m1,.0547219034178263,-.0522700139466694,.0742140496832183,.38356570686119,stata_areg_centered_student_vce_unadjusted,67,757999
24926,All,log_program_income_full_clp_m1,-.114463691621224,-.22145560898572,.0817898693871147,.329663526476097,stata_areg_centered_student_vce_unadjusted,29,757999
24927,All,log_program_income_full_clp_m1,.402622184913034,.295630267548538,.0745170210066763,.362042517923736,stata_areg_centered_student_vce_unadjusted,449,757999
24930,All,log_program_income_full_clp_m1,-.082755388772115,-.189747306136611,.0746355297988707,.380495376599213,stata_areg_centered_student_vce_unadjusted,35,757999
24933,All,log_program_income_full_clp_m1,-.507455589082824,-.614447506447319,.437396005270134,.,stata_areg_centered_student_vce_unadjusted,1,757999
24935,All,log_program_income_full_clp_m1,-.0641229292085442,-.17111484657304,.0624481309437449,.372804345394623,stata_areg_centered_student_vce_unadjusted,59,757999
24944,All,log_program_income_full_clp_m1,.191042644783581,.0840507274190848,.0593491938711348,.472991685937317,stata_areg_centered_student_vce_unadjusted,162,757999
24945,All,log_program_income_full_clp_m1,-.358643706482857,-.465635623847352,.219132426107266,.031571436100307,stata_areg_centered_student_vce_unadjusted,4,757999
24946,All,log_program_income_full_clp_m1,.0790481721187379,-.0279437452457578,.0191334661805209,.427960210844973,stata_areg_centered_student_vce_unadjusted,807,757999
24956,All,log_program_income_full_clp_m1,.224074029494535,.117082112130039,.0574372142875967,.448435873568198,stata_areg_centered_student_vce_unadjusted,176,757999
24963,All,log_program_income_full_clp_m1,.167634344111392,.0606424267468963,.0573958592546501,.447093569397224,stata_areg_centered_student_vce_unadjusted,117,757999
24966,All,log_program_income_full_clp_m1,.244163151517067,.137171234152571,.0534363301210096,.428461018321223,stata_areg_centered_student_vce_unadjusted,98,757999
24971,All,log_program_income_full_clp_m1,.0935550636871797,-.0134368536773161,.0709943565125038,.437881829972278,stata_areg_centered_student_vce_unadjusted,66,757999
24976,All,log_program_income_full_clp_m1,.222996640795614,.116004723431118,.0564013965595651,.443111414432452,stata_areg_centered_student_vce_unadjusted,201,757999
24977,All,log_program_income_full_clp_m1,.27446543032736,.167473512962864,.0399390430886566,.466021690935471,stata_areg_centered_student_vce_unadjusted,296,757999
24978,All,log_program_income_full_clp_m1,.034610098123111,-.0723818192413848,.0173351541260408,.423545112754423,stata_areg_centered_student_vce_unadjusted,966,757999
24979,All,log_program_income_full_clp_m1,.414750872070203,.307758954705707,.0841834828157437,.324869376131619,stata_areg_centered_student_vce_unadjusted,253,757999
24985,All,log_program_income_full_clp_m1,.30657135726856,.199579439904065,.0911128431270228,.523750975009844,stata_areg_centered_student_vce_unadjusted,48,757999
24986,All,log_program_income_full_clp_m1,.127725511972408,.0207335946079119,.0434605333281946,.48975822475564,stata_areg_centered_student_vce_unadjusted,170,757999
24988,All,log_program_income_full_clp_m1,-.0036436441834785,-.110635561547974,.0565973099291112,.498748001184633,stata_areg_centered_student_vce_unadjusted,162,757999
24995,All,log_program_income_full_clp_m1,.177111336492566,.0701194191280698,.0606635424964578,.436835068098676,stata_areg_centered_student_vce_unadjusted,79,757999
24997,All,log_program_income_full_clp_m1,-.228912733892179,-.335904651256675,.118399643614441,.192562661553545,stata_areg_centered_student_vce_unadjusted,14,757999
25001,All,log_program_income_full_clp_m1,.235003091976204,.128011174611708,.0484919304359213,.445755148859625,stata_areg_centered_student_vce_unadjusted,279,757999
25009,All,log_program_income_full_clp_m1,-.0840133792720627,-.191005296636559,.0697524134757694,.242569186962421,stata_areg_centered_student_vce_unadjusted,42,757999
25012,All,log_program_income_full_clp_m1,.159434359600459,.0524424422359634,.0303756900030004,.43454339965549,stata_areg_centered_student_vce_unadjusted,442,757999
25014,All,log_program_income_full_clp_m1,-.0492629858721564,-.156254903236652,.103480204482961,.344194671608803,stata_areg_centered_student_vce_unadjusted,18,757999
25026,All,log_program_income_full_clp_m1,-.0473567668876074,-.154348684252103,.0342302798697378,.400712027876397,stata_areg_centered_student_vce_unadjusted,224,757999
25027,All,log_program_income_full_clp_m1,-.0325195746111752,-.139511491975671,.0369870001439122,.446262660102815,stata_areg_centered_student_vce_unadjusted,230,757999
25028,All,log_program_income_full_clp_m1,.0615167297889078,-.045475187575588,.0414988171033829,.441041767488353,stata_areg_centered_student_vce_unadjusted,193,757999
25032,All,log_program_income_full_clp_m1,-.0505707802651404,-.157562697629636,.0297685943885243,.401984839248743,stata_areg_centered_student_vce_unadjusted,300,757999
25038,All,log_program_income_full_clp_m1,.148829298492147,.0418373811276509,.054737604727329,.444254187065172,stata_areg_centered_student_vce_unadjusted,122,757999
25043,All,log_program_income_full_clp_m1,-.155254573892513,-.262246491257009,.0774908392020024,.269093779823678,stata_areg_centered_student_vce_unadjusted,33,757999
25045,All,log_program_income_full_clp_m1,.218628012906382,.111636095541886,.133819317190494,.398812111555797,stata_areg_centered_student_vce_unadjusted,13,757999
25048,All,log_program_income_full_clp_m1,.199110315108413,.0921183977439168,.0413182771863797,.463199224562616,stata_areg_centered_student_vce_unadjusted,240,757999
25050,All,log_program_income_full_clp_m1,.0698829118407399,-.0371090055237559,.0377898586756949,.492745212366909,stata_areg_centered_student_vce_unadjusted,184,757999
25054,All,log_program_income_full_clp_m1,-.045927502665281,-.152919420029777,.0468260533863798,.481891117754786,stata_areg_centered_student_vce_unadjusted,95,757999
25055,All,log_program_income_full_clp_m1,.160752970044936,.0537610526804401,.0603287856581351,.450608029325719,stata_areg_centered_student_vce_unadjusted,332,757999
25057,All,log_program_income_full_clp_m1,.0980761122953265,-.00891580506916925,.0762708276154048,.544494502798451,stata_areg_centered_student_vce_unadjusted,33,757999
25059,All,log_program_income_full_clp_m1,.135696402800539,.0287044854360433,.0369701084938737,.474481969918493,stata_areg_centered_student_vce_unadjusted,260,757999
25061,All,log_program_income_full_clp_m1,-.0713344175282252,-.178326334892721,.0394744678788206,.402627620134548,stata_areg_centered_student_vce_unadjusted,158,757999
25065,All,log_program_income_full_clp_m1,.174916057587081,.0679241402225853,.0286084162644846,.473424937050585,stata_areg_centered_student_vce_unadjusted,802,757999
25070,All,log_program_income_full_clp_m1,.169120489510273,.0621285721457773,.0558471429701876,.431419910503307,stata_areg_centered_student_vce_unadjusted,157,757999
25071,All,log_program_income_full_clp_m1,.134163898759017,.0271719813945213,.0403497576329826,.409362312957226,stata_areg_centered_student_vce_unadjusted,198,757999
25082,All,log_program_income_full_clp_m1,.22666941008607,.119677492721574,.0452174010093336,.466276242755764,stata_areg_centered_student_vce_unadjusted,211,757999
25084,All,log_program_income_full_clp_m1,.0407225365980407,-.0662693807664551,.0409809776460696,.398955147442739,stata_areg_centered_student_vce_unadjusted,148,757999
25085,All,log_program_income_full_clp_m1,-.0908548726945699,-.197846790059066,.0629660811876232,.353955487108124,stata_areg_centered_student_vce_unadjusted,50,757999
25089,All,log_program_income_full_clp_m1,-.135301411630908,-.242293328995403,.0923946937599244,.282839357661235,stata_areg_centered_student_vce_unadjusted,23,757999
25091,All,log_program_income_full_clp_m1,.0899770142038446,-.0170149031606512,.0266922322647403,.442396092169091,stata_areg_centered_student_vce_unadjusted,562,757999
25094,All,log_program_income_full_clp_m1,.064804856900006,-.0421870604644897,.0541909246210969,.444870479953507,stata_areg_centered_student_vce_unadjusted,101,757999
25095,All,log_program_income_full_clp_m1,.12873659245835,.0217446750938541,.0609302741661246,.471240128027346,stata_areg_centered_student_vce_unadjusted,57,757999
25099,All,log_program_income_full_clp_m1,-.0249146673983297,-.131906584762826,.126900861987575,.519362916658128,stata_areg_centered_student_vce_unadjusted,12,757999
25101,All,log_program_income_full_clp_m1,.154692679237654,.0477007618731581,.0413397610129301,.4363515559329,stata_areg_centered_student_vce_unadjusted,374,757999
25107,All,log_program_income_full_clp_m1,-.0740315925628375,-.181023509927333,.210568910243724,.691417290021421,stata_areg_centered_student_vce_unadjusted,64,757999
25114,All,log_program_income_full_clp_m1,.0180172947890623,-.0889746225754335,.0315343714109634,.425103120002108,stata_areg_centered_student_vce_unadjusted,318,757999
25121,All,log_program_income_full_clp_m1,.0587986157003187,-.0481933016641771,.0441229437764016,.429954113928639,stata_areg_centered_student_vce_unadjusted,310,757999
25127,All,log_program_income_full_clp_m1,.146732576920651,.0397406595561554,.0727346990175957,.453631958724009,stata_areg_centered_student_vce_unadjusted,100,757999
25130,All,log_program_income_full_clp_m1,.190466891235085,.0834749738705892,.0716867962393561,.524428911950412,stata_areg_centered_student_vce_unadjusted,86,757999
25132,All,log_program_income_full_clp_m1,.0847694673800073,-.0222224499844885,.0294551513599694,.44103686627283,stata_areg_centered_student_vce_unadjusted,341,757999
25136,All,log_program_income_full_clp_m1,-.0950799400488847,-.20207185741338,.0331487791342233,.349901554274524,stata_areg_centered_student_vce_unadjusted,193,757999
25138,All,log_program_income_full_clp_m1,.172172091195402,.0651801738309063,.0516779767540138,.445588351881527,stata_areg_centered_student_vce_unadjusted,134,757999
25142,All,log_program_income_full_clp_m1,.278515338718516,.17152342135402,.0964590848642397,.521885684225722,stata_areg_centered_student_vce_unadjusted,27,757999
25143,All,log_program_income_full_clp_m1,.399887253802873,.292895336438377,.0569346960993147,.432595290920981,stata_areg_centered_student_vce_unadjusted,373,757999
25153,All,log_program_income_full_clp_m1,.0941190523024509,-.0128728650620449,.0240739908166381,.468651076907629,stata_areg_centered_student_vce_unadjusted,467,757999
25160,All,log_program_income_full_clp_m1,.0552417193187899,-.0517501980457059,.0623924388114155,.459768529902026,stata_areg_centered_student_vce_unadjusted,70,757999
25166,All,log_program_income_full_clp_m1,-.00469915225308378,-.11169106961758,.0319903692083512,.449253491549124,stata_areg_centered_student_vce_unadjusted,222,757999
25171,All,log_program_income_full_clp_m1,-.0170467288375945,-.12403864620209,.0380071774167003,.434785426725237,stata_areg_centered_student_vce_unadjusted,171,757999
25172,All,log_program_income_full_clp_m1,.339279978981091,.232288061616595,.037696390463731,.474427863339478,stata_areg_centered_student_vce_unadjusted,455,757999
25175,All,log_program_income_full_clp_m1,.027603239227372,-.0793886781371237,.0567182928543493,.471577552655061,stata_areg_centered_student_vce_unadjusted,84,757999
25180,All,log_program_income_full_clp_m1,.187755277743015,.0807633603785193,.0704598855337952,.537768566662682,stata_areg_centered_student_vce_unadjusted,52,757999
25182,All,log_program_income_full_clp_m1,-.0768238096142436,-.183815726978739,.0473724265563104,.370916750857444,stata_areg_centered_student_vce_unadjusted,89,757999
25185,All,log_program_income_full_clp_m1,.142841094158795,.0358491767942993,.0421549486568815,.427298083714394,stata_areg_centered_student_vce_unadjusted,238,757999
25190,All,log_program_income_full_clp_m1,.0960738323193695,-.0109180850451262,.0719597299408203,.439877938850604,stata_areg_centered_student_vce_unadjusted,38,757999
25196,All,log_program_income_full_clp_m1,.191159963649926,.0841680462854302,.0364885228917502,.45378305781399,stata_areg_centered_student_vce_unadjusted,195,757999
25197,All,log_program_income_full_clp_m1,.0229911084331888,-.0840008089313069,.0677903891597182,.472647004145334,stata_areg_centered_student_vce_unadjusted,57,757999
25198,All,log_program_income_full_clp_m1,.172875845348647,.0658839279841512,.0275507288044574,.42582374552693,stata_areg_centered_student_vce_unadjusted,466,757999
25202,All,log_program_income_full_clp_m1,.187950655570532,.0809587382060361,.0417697415386481,.471640884195728,stata_areg_centered_student_vce_unadjusted,434,757999
25209,All,log_program_income_full_clp_m1,-.229653148574897,-.336645065939393,.437531322469254,.,stata_areg_centered_student_vce_unadjusted,1,757999
25210,All,log_program_income_full_clp_m1,-.303113536734257,-.410105454098753,.195928100800445,.286750662794041,stata_areg_centered_student_vce_unadjusted,5,757999
25211,All,log_program_income_full_clp_m1,-.00808790068448273,-.115079818048979,.219749071553473,.315814898019043,stata_areg_centered_student_vce_unadjusted,4,757999
25215,All,log_program_income_full_clp_m1,.0365844026989298,-.0704075146655659,.0298204796963265,.437857785179279,stata_areg_centered_student_vce_unadjusted,408,757999
25218,All,log_program_income_full_clp_m1,.141461582164125,.0344696647996289,.0436130070691736,.417801348670546,stata_areg_centered_student_vce_unadjusted,324,757999
25220,All,log_program_income_full_clp_m1,-.0184861976973337,-.12547811506183,.0313187902313024,.410048495199382,stata_areg_centered_student_vce_unadjusted,234,757999
25221,All,log_program_income_full_clp_m1,.201642912138858,.0946509947743624,.109795300377957,.578760792998003,stata_areg_centered_student_vce_unadjusted,20,757999
25223,All,log_program_income_full_clp_m1,.0969379605089806,-.0100539568555152,.0477361155763801,.452196566724811,stata_areg_centered_student_vce_unadjusted,294,757999
25224,All,log_program_income_full_clp_m1,.0622504742597312,-.0447414431047646,.0612588144396641,.494742123973637,stata_areg_centered_student_vce_unadjusted,57,757999
25235,All,log_program_income_full_clp_m1,-.10927338913009,-.216265306494585,.0955543333079038,.203821697468149,stata_areg_centered_student_vce_unadjusted,22,757999
25237,All,log_program_income_full_clp_m1,-.0475408277578814,-.154532745122377,.0482674158822943,.430128023007872,stata_areg_centered_student_vce_unadjusted,84,757999
25238,All,log_program_income_full_clp_m1,.102118314805404,-.00487360255909142,.0386876328296079,.466434059606502,stata_areg_centered_student_vce_unadjusted,246,757999
25241,All,log_program_income_full_clp_m1,.167519360166878,.0605274428023824,.0651973284481351,.473812551108449,stata_areg_centered_student_vce_unadjusted,98,757999
25247,All,log_program_income_full_clp_m1,.059930682138979,-.0470612352255168,.114078048930268,.30473496101634,stata_areg_centered_student_vce_unadjusted,16,757999
25249,All,log_program_income_full_clp_m1,.0430882742547117,-.0639036431097841,.0442006911747684,.502927561536086,stata_areg_centered_student_vce_unadjusted,164,757999
25250,All,log_program_income_full_clp_m1,.120542335503085,.0135504181385896,.0492728347715791,.418555729087442,stata_areg_centered_student_vce_unadjusted,218,757999
25256,All,log_program_income_full_clp_m1,.17593466217268,.0689427448081844,.0451236784162723,.459869828921517,stata_areg_centered_student_vce_unadjusted,273,757999
25258,All,log_program_income_full_clp_m1,-.0136191933847696,-.120611110749265,.0391894448304832,.445836898401556,stata_areg_centered_student_vce_unadjusted,130,757999
25265,All,log_program_income_full_clp_m1,.108577277006145,.00158535964164964,.0351580512854514,.468321099825431,stata_areg_centered_student_vce_unadjusted,211,757999
25269,All,log_program_income_full_clp_m1,.102240872134048,-.004751045230448,.0495503025513569,.458237014921942,stata_areg_centered_student_vce_unadjusted,113,757999
25270,All,log_program_income_full_clp_m1,-.0768103044847454,-.183802221849241,.076436245288419,.355004153599507,stata_areg_centered_student_vce_unadjusted,33,757999
25271,All,log_program_income_full_clp_m1,.100672894615652,-.0063190227488433,.076127913639618,.36168435451825,stata_areg_centered_student_vce_unadjusted,34,757999
25278,All,log_program_income_full_clp_m1,.260536030919581,.153544113555085,.0847713515630207,.424726785387058,stata_areg_centered_student_vce_unadjusted,107,757999
25282,All,log_program_income_full_clp_m1,.151055999094687,.044064081730191,.0428299173811317,.451186192443293,stata_areg_centered_student_vce_unadjusted,427,757999
25300,All,log_program_income_full_clp_m1,-.141479209203378,-.248471126567874,.0653613010581066,.446758273917983,stata_areg_centered_student_vce_unadjusted,47,757999
25303,All,log_program_income_full_clp_m1,-.0120907291877166,-.119082646552212,.0463494191727273,.338836323035709,stata_areg_centered_student_vce_unadjusted,106,757999
25304,All,log_program_income_full_clp_m1,-.0435245212585709,-.150516438623067,.0233296346169429,.454670735772447,stata_areg_centered_student_vce_unadjusted,424,757999
25310,All,log_program_income_full_clp_m1,.161957834872976,.0549659175084804,.0479732883610804,.465980779312913,stata_areg_centered_student_vce_unadjusted,183,757999
25315,All,log_program_income_full_clp_m1,-.364138040346451,-.471129957710947,.437620629381158,.,stata_areg_centered_student_vce_unadjusted,1,757999
25316,All,log_program_income_full_clp_m1,.289163348708213,.182171431343718,.0658125025301535,.497974101209161,stata_areg_centered_student_vce_unadjusted,55,757999
25322,All,log_program_income_full_clp_m1,-.120109405621595,-.227101322986091,.0899441175169777,.302795824966739,stata_areg_centered_student_vce_unadjusted,24,757999
25328,All,log_program_income_full_clp_m1,.0367279243945504,-.0702639929699454,.0438332474598617,.467762582054543,stata_areg_centered_student_vce_unadjusted,186,757999
25329,All,log_program_income_full_clp_m1,.463392845699216,.356400928334721,.0636371816940363,.395168777015235,stata_areg_centered_student_vce_unadjusted,289,757999
25330,All,log_program_income_full_clp_m1,.127746060666715,.0207541433022195,.0519006184420916,.420883230731541,stata_areg_centered_student_vce_unadjusted,74,757999
25332,All,log_program_income_full_clp_m1,.240914168064738,.133922250700242,.122812037830274,.444945045390961,stata_areg_centered_student_vce_unadjusted,104,757999
25339,All,log_program_income_full_clp_m1,-.119512286634366,-.226504203998862,.0830896068685612,.384988461071034,stata_areg_centered_student_vce_unadjusted,29,757999
25342,All,log_program_income_full_clp_m1,-.00524858729178007,-.112240504656276,.0457558231141767,.467448811228024,stata_areg_centered_student_vce_unadjusted,231,757999
25347,All,log_program_income_full_clp_m1,.0754909756517783,-.0315009417127175,.0420388068217728,.444058913709862,stata_areg_centered_student_vce_unadjusted,205,757999
25348,All,log_program_income_full_clp_m1,.374195025953949,.267203108589453,.0935994562734316,.398040599334127,stata_areg_centered_student_vce_unadjusted,257,757999
25349,All,log_program_income_full_clp_m1,.090312431029449,-.0166794863350467,.0387077529087462,.47724322233132,stata_areg_centered_student_vce_unadjusted,226,757999
25352,All,log_program_income_full_clp_m1,.0253459916296018,-.0816459257348939,.0215328257641647,.446319443822418,stata_areg_centered_student_vce_unadjusted,662,757999
25359,All,log_program_income_full_clp_m1,.0646103784770734,-.0423815388874224,.0866710525776081,.524612137223578,stata_areg_centered_student_vce_unadjusted,59,757999
25362,All,log_program_income_full_clp_m1,.0432287043713326,-.0637632129931631,.156265993288072,.360436667105023,stata_areg_centered_student_vce_unadjusted,8,757999
25366,All,log_program_income_full_clp_m1,-.00370509655605445,-.11069701392055,.0561222371347951,.429423513728974,stata_areg_centered_student_vce_unadjusted,138,757999
25367,All,log_program_income_full_clp_m1,.14923010781019,.0422381904456945,.0410164885600188,.415540759037668,stata_areg_centered_student_vce_unadjusted,316,757999
25368,All,log_program_income_full_clp_m1,.154193268575569,.0472013512110736,.0347535853398672,.406356061975735,stata_areg_centered_student_vce_unadjusted,388,757999
25369,All,log_program_income_full_clp_m1,.145596566368456,.03860464900396,.0197256818701697,.465354113272597,stata_areg_centered_student_vce_unadjusted,1105,757999
25371,All,log_program_income_full_clp_m1,.131984398069128,.0249924807046322,.0270498626232241,.444667089885045,stata_areg_centered_student_vce_unadjusted,630,757999
25373,All,log_program_income_full_clp_m1,.00315802907453165,-.103833888289964,.0758576065080575,.499179249437825,stata_areg_centered_student_vce_unadjusted,47,757999
25382,All,log_program_income_full_clp_m1,.0232246752987778,-.083767242065718,.0533191222690701,.428492026021814,stata_areg_centered_student_vce_unadjusted,112,757999
25386,All,log_program_income_full_clp_m1,.0616069203907293,-.0453849969737665,.0291019789902421,.438456794958628,stata_areg_centered_student_vce_unadjusted,375,757999
25387,All,log_program_income_full_clp_m1,.0705698567675169,-.0364220605969789,.0295466912411528,.432299895728326,stata_areg_centered_student_vce_unadjusted,475,757999
25389,All,log_program_income_full_clp_m1,.114512482260099,.00752056489560282,.0285390512520333,.44962444725888,stata_areg_centered_student_vce_unadjusted,539,757999
25393,All,log_program_income_full_clp_m1,.18516256795524,.0781706505907442,.0397710778910676,.469614616186336,stata_areg_centered_student_vce_unadjusted,161,757999
25395,All,log_program_income_full_clp_m1,.310169772159245,.203177854794749,.0609787791693234,.445864421576632,stata_areg_centered_student_vce_unadjusted,179,757999
25396,All,log_program_income_full_clp_m1,.0376760347593598,-.0693158826051359,.022421502835578,.443615428696239,stata_areg_centered_student_vce_unadjusted,583,757999
25402,All,log_program_income_full_clp_m1,.200718081868643,.0937261645041472,.058540307445062,.454986861161421,stata_areg_centered_student_vce_unadjusted,306,757999
25418,All,log_program_income_full_clp_m1,.0885696904121771,-.0184222269523187,.0259388409739266,.423481790456745,stata_areg_centered_student_vce_unadjusted,361,757999
25434,All,log_program_income_full_clp_m1,.19772403485845,.0907321174939541,.0324527894092702,.435978536088493,stata_areg_centered_student_vce_unadjusted,233,757999
25439,All,log_program_income_full_clp_m1,.0761127724023688,-.0308791449621269,.0202500310658171,.443492771697595,stata_areg_centered_student_vce_unadjusted,811,757999
25442,All,log_program_income_full_clp_m1,.221584404094673,.114592486730178,.0339921097616957,.411231913623198,stata_areg_centered_student_vce_unadjusted,260,757999
25447,All,log_program_income_full_clp_m1,.107005216993425,.0000132996289295834,.06091141640445,.463023096003882,stata_areg_centered_student_vce_unadjusted,75,757999
25448,All,log_program_income_full_clp_m1,.106055171129594,-.000936746234902044,.0220842338823676,.454814206402084,stata_areg_centered_student_vce_unadjusted,655,757999
25450,All,log_program_income_full_clp_m1,.105683923914126,-.00130799345036993,.0552931623624259,.434798791118006,stata_areg_centered_student_vce_unadjusted,84,757999
25452,All,log_program_income_full_clp_m1,.178136145626845,.0711442282623491,.0789627419427458,.460220586474196,stata_areg_centered_student_vce_unadjusted,151,757999
25454,All,log_program_income_full_clp_m1,.0835910126075487,-.0234009047569471,.0705380513719476,.472632379130878,stata_areg_centered_student_vce_unadjusted,83,757999
25458,All,log_program_income_full_clp_m1,.0229514651609966,-.0840404522034991,.0228714585146302,.414951915340657,stata_areg_centered_student_vce_unadjusted,412,757999
25462,All,log_program_income_full_clp_m1,.144690242248702,.0376983248842059,.0423576492567682,.46747599700714,stata_areg_centered_student_vce_unadjusted,162,757999
25463,All,log_program_income_full_clp_m1,.0636528835866789,-.0433390337778169,.0576234452508485,.468426218488721,stata_areg_centered_student_vce_unadjusted,58,757999
25464,All,log_program_income_full_clp_m1,.244310445478036,.137318528113541,.0280643756704983,.428954116207175,stata_areg_centered_student_vce_unadjusted,576,757999
25471,All,log_program_income_full_clp_m1,.134809925840373,.0278180084758775,.0480940311954897,.470452386637409,stata_areg_centered_student_vce_unadjusted,127,757999
25475,All,log_program_income_full_clp_m1,.0717117680046964,-.0352801493597993,.0471492263732879,.443453636237934,stata_areg_centered_student_vce_unadjusted,158,757999
25477,All,log_program_income_full_clp_m1,.36773764899128,.260745731626784,.0518538027610153,.415397181882684,stata_areg_centered_student_vce_unadjusted,214,757999
25478,All,log_program_income_full_clp_m1,.216905513807024,.109913596442529,.0400584998702063,.494808301049304,stata_areg_centered_student_vce_unadjusted,442,757999
25480,All,log_program_income_full_clp_m1,.209962125321415,.102970207956919,.0717287818108922,.538699154101783,stata_areg_centered_student_vce_unadjusted,75,757999
25481,All,log_program_income_full_clp_m1,.157669165938025,.0506772485735288,.0353872931099765,.426544472847901,stata_areg_centered_student_vce_unadjusted,268,757999
25482,All,log_program_income_full_clp_m1,.144258898974404,.0372669816099086,.0582386804457009,.460603946410057,stata_areg_centered_student_vce_unadjusted,108,757999
25484,All,log_program_income_full_clp_m1,-.0802926144745121,-.187284531839008,.0940577489068982,.348352822782322,stata_areg_centered_student_vce_unadjusted,22,757999
25487,All,log_program_income_full_clp_m1,.188965590778385,.0819736734138893,.0403911272708391,.462060288593884,stata_areg_centered_student_vce_unadjusted,440,757999
25496,All,log_program_income_full_clp_m1,.0882992330480203,-.0186926843164755,.0140719300275486,.445652181070039,stata_areg_centered_student_vce_unadjusted,1171,757999
25501,All,log_program_income_full_clp_m1,.102805270498014,-.0041866468664814,.0344386757844348,.482897767430013,stata_areg_centered_student_vce_unadjusted,287,757999
25502,All,log_program_income_full_clp_m1,-.0605827306904413,-.167574648054937,.0793491719996352,.28279323764812,stata_areg_centered_student_vce_unadjusted,31,757999
25504,All,log_program_income_full_clp_m1,-.0333019879039855,-.140293905268481,.0686360083513992,.408958514792469,stata_areg_centered_student_vce_unadjusted,41,757999
25508,All,log_program_income_full_clp_m1,.206192495301077,.0992005779365808,.0662636809619478,.444123005831935,stata_areg_centered_student_vce_unadjusted,118,757999
25509,All,log_program_income_full_clp_m1,.10341452866684,-.00357738869765575,.0430302834582773,.429515615948936,stata_areg_centered_student_vce_unadjusted,261,757999
25514,All,log_program_income_full_clp_m1,-.149265804529929,-.256257721894425,.0392727835489188,.429516646553393,stata_areg_centered_student_vce_unadjusted,128,757999
25520,All,log_program_income_full_clp_m1,.189545617079895,.0825536997153993,.0356831266973635,.443846403001637,stata_areg_centered_student_vce_unadjusted,298,757999
25523,All,log_program_income_full_clp_m1,.139294437327896,.0323025199634006,.0330788208024415,.441344450329223,stata_areg_centered_student_vce_unadjusted,315,757999
25524,All,log_program_income_full_clp_m1,-.127814361923585,-.234806279288081,.117574823456324,.173157545765307,stata_areg_centered_student_vce_unadjusted,14,757999
25525,All,log_program_income_full_clp_m1,.187143680090926,.0801517627264301,.0540953499574269,.530359390557504,stata_areg_centered_student_vce_unadjusted,95,757999
25526,All,log_program_income_full_clp_m1,.073817210387262,-.0331747069772338,.0376387822900729,.432032459601531,stata_areg_centered_student_vce_unadjusted,306,757999
25540,All,log_program_income_full_clp_m1,.125042938221436,.0180510208569399,.0380122618744023,.428335000285048,stata_areg_centered_student_vce_unadjusted,258,757999
25541,All,log_program_income_full_clp_m1,.247559660057596,.140567742693101,.0667728682733058,.45931763466118,stata_areg_centered_student_vce_unadjusted,135,757999
25542,All,log_program_income_full_clp_m1,.141050590899011,.0340586735345154,.0365469937324977,.424889260587162,stata_areg_centered_student_vce_unadjusted,281,757999
25543,All,log_program_income_full_clp_m1,-.176061906272416,-.283053823636912,.055666420874587,.358037989240042,stata_areg_centered_student_vce_unadjusted,67,757999
25550,All,log_program_income_full_clp_m1,.0921188728692485,-.0148730444952473,.031583019410261,.448849882828853,stata_areg_centered_student_vce_unadjusted,321,757999
25556,All,log_program_income_full_clp_m1,.0383495461832672,-.0686423711812286,.0431915124747873,.374061197492078,stata_areg_centered_student_vce_unadjusted,142,757999
25557,All,log_program_income_full_clp_m1,.105857388380393,-.00113452898410291,.0478799498322649,.446425174972299,stata_areg_centered_student_vce_unadjusted,225,757999
25558,All,log_program_income_full_clp_m1,.262099480781663,.155107563417167,.0615322314603992,.439786396447151,stata_areg_centered_student_vce_unadjusted,229,757999
25562,All,log_program_income_full_clp_m1,.145021049877047,.0380291325125516,.0412025573396465,.427334606048805,stata_areg_centered_student_vce_unadjusted,310,757999
25571,All,log_program_income_full_clp_m1,.220384311097806,.11339239373331,.0413694049841774,.412636639493385,stata_areg_centered_student_vce_unadjusted,214,757999
25577,All,log_program_income_full_clp_m1,.109523822921641,.00253190555714547,.0540466590895025,.467240217997685,stata_areg_centered_student_vce_unadjusted,179,757999
25580,All,log_program_income_full_clp_m1,.111193525497538,.00420160813304273,.038576040387089,.452188668554723,stata_areg_centered_student_vce_unadjusted,276,757999
25589,All,log_program_income_full_clp_m1,.172746914153476,.0657549967889799,.0519377274158461,.413014918034112,stata_areg_centered_student_vce_unadjusted,107,757999
25591,All,log_program_income_full_clp_m1,.173193954994202,.0662020376297066,.0212039683468976,.475239484106483,stata_areg_centered_student_vce_unadjusted,682,757999
25592,All,log_program_income_full_clp_m1,.0379292661084913,-.0690626512560045,.0426282368922665,.409704643442285,stata_areg_centered_student_vce_unadjusted,118,757999
25599,All,log_program_income_full_clp_m1,.123341898680648,.0163499813161518,.0336836040724025,.459573374381442,stata_areg_centered_student_vce_unadjusted,227,757999
25602,All,log_program_income_full_clp_m1,.0928334960700712,-.0141584212944246,.0637590696081276,.458665858915842,stata_areg_centered_student_vce_unadjusted,111,757999
25611,All,log_program_income_full_clp_m1,.282805261112597,.175813343748101,.081013929951291,.491682229124205,stata_areg_centered_student_vce_unadjusted,55,757999
25613,All,log_program_income_full_clp_m1,.153652194280459,.0466602769159637,.0433500718194791,.441233337590671,stata_areg_centered_student_vce_unadjusted,274,757999
25615,All,log_program_income_full_clp_m1,-.0218746714824594,-.128866588846955,.0479326310970692,.447353544849561,stata_areg_centered_student_vce_unadjusted,134,757999
25625,All,log_program_income_full_clp_m1,.121307889939058,.0143159725745624,.0839108187868936,.467608478195631,stata_areg_centered_student_vce_unadjusted,96,757999
25630,All,log_program_income_full_clp_m1,-.153770780451851,-.260762697816347,.314527820182906,.256216862557204,stata_areg_centered_student_vce_unadjusted,2,757999
25633,All,log_program_income_full_clp_m1,-.129485020288913,-.236476937653409,.060119203780465,.275614746614222,stata_areg_centered_student_vce_unadjusted,54,757999
25640,All,log_program_income_full_clp_m1,.171411606430312,.0644196890658166,.0436374802689994,.454347766483068,stata_areg_centered_student_vce_unadjusted,235,757999
25644,All,log_program_income_full_clp_m1,.159613730804599,.0526218134401031,.0388460704451074,.47352680984853,stata_areg_centered_student_vce_unadjusted,206,757999
25645,All,log_program_income_full_clp_m1,.0876506235241594,-.0193412938403364,.0144547363536993,.425396855684598,stata_areg_centered_student_vce_unadjusted,1209,757999
25650,All,log_program_income_full_clp_m1,.23709511609117,.130103198726674,.0366085322973903,.512860072976875,stata_areg_centered_student_vce_unadjusted,524,757999
25654,All,log_program_income_full_clp_m1,.232897072028291,.125905154663795,.0723643728296363,.376534873467329,stata_areg_centered_student_vce_unadjusted,554,757999
25655,All,log_program_income_full_clp_m1,.0826457067377507,-.0243462106267451,.0434384608605636,.424260274445775,stata_areg_centered_student_vce_unadjusted,205,757999
25666,All,log_program_income_full_clp_m1,.0606203156568474,-.0463716017076484,.0615439180118346,.435027973404396,stata_areg_centered_student_vce_unadjusted,62,757999
25669,All,log_program_income_full_clp_m1,.352624674672652,.245632757308156,.067079961091697,.40824575048622,stata_areg_centered_student_vce_unadjusted,185,757999
25671,All,log_program_income_full_clp_m1,-.0580905382751169,-.165082455639613,.0585168679363102,.33149006711762,stata_areg_centered_student_vce_unadjusted,62,757999
25675,All,log_program_income_full_clp_m1,.154169410477405,.0471774931129089,.0439658266857771,.477708302776977,stata_areg_centered_student_vce_unadjusted,267,757999
25676,All,log_program_income_full_clp_m1,.0157986891262481,-.0911932282382477,.0288014509489598,.453383861739316,stata_areg_centered_student_vce_unadjusted,413,757999
25681,All,log_program_income_full_clp_m1,.0745800578420776,-.0324118595224181,.0622608607389752,.489757937416635,stata_areg_centered_student_vce_unadjusted,76,757999
25692,All,log_program_income_full_clp_m1,.136404319230387,.0294124018658915,.104732064698186,.45478296948802,stata_areg_centered_student_vce_unadjusted,92,757999
25693,All,log_program_income_full_clp_m1,.0671501706105917,-.039841746753904,.0616184914845236,.405104328610993,stata_areg_centered_student_vce_unadjusted,161,757999
25695,All,log_program_income_full_clp_m1,.140721924653531,.0337300072890348,.0568700621940544,.456808286794835,stata_areg_centered_student_vce_unadjusted,248,757999
25697,All,log_program_income_full_clp_m1,.188723238924355,.0817313215598596,.0625017868467525,.426125690152495,stata_areg_centered_student_vce_unadjusted,106,757999
25698,All,log_program_income_full_clp_m1,-.0916328121607789,-.198624729525275,.088732247723678,.258076611142657,stata_areg_centered_student_vce_unadjusted,25,757999
25700,All,log_program_income_full_clp_m1,.159108388700287,.052116471335791,.0373897984926685,.455409826720382,stata_areg_centered_student_vce_unadjusted,251,757999
25703,All,log_program_income_full_clp_m1,.20225126423179,.0952593468672943,.0576865379645657,.388524609223217,stata_areg_centered_student_vce_unadjusted,176,757999
25704,All,log_program_income_full_clp_m1,.196117823716605,.0891259063521089,.0419822793307274,.479689380530485,stata_areg_centered_student_vce_unadjusted,269,757999
25709,All,log_program_income_full_clp_m1,.0518892735125611,-.0551026438519347,.0373309570535518,.469900353607391,stata_areg_centered_student_vce_unadjusted,268,757999
25711,All,log_program_income_full_clp_m1,.111986125779258,.00499420841476177,.0457893234729326,.455901652869426,stata_areg_centered_student_vce_unadjusted,177,757999
25712,All,log_program_income_full_clp_m1,.0406034617523214,-.0663884556121744,.0626280630037774,.471069727330215,stata_areg_centered_student_vce_unadjusted,60,757999
25713,All,log_program_income_full_clp_m1,.116317565561426,.00932564819693037,.0511951235419612,.479367239418523,stata_areg_centered_student_vce_unadjusted,141,757999
25714,All,log_program_income_full_clp_m1,.147663171810411,.0406712544459154,.0365739925651581,.432311791827986,stata_areg_centered_student_vce_unadjusted,209,757999
25716,All,log_program_income_full_clp_m1,.1494901170679,.0424981997034039,.037270346971677,.450054202346382,stata_areg_centered_student_vce_unadjusted,222,757999
25717,All,log_program_income_full_clp_m1,.172111945422411,.0651200280579151,.0289227369588173,.455068145268981,stata_areg_centered_student_vce_unadjusted,434,757999
25718,All,log_program_income_full_clp_m1,.078654012890536,-.0283379044739597,.0643442504597898,.498970780249022,stata_areg_centered_student_vce_unadjusted,62,757999
25722,All,log_program_income_full_clp_m1,.157934184807949,.050942267443453,.060765119891293,.475572705775047,stata_areg_centered_student_vce_unadjusted,232,757999
25723,All,log_program_income_full_clp_m1,-.101567608603915,-.208559525968411,.114204626883751,.379312038605031,stata_areg_centered_student_vce_unadjusted,15,757999
25724,All,log_program_income_full_clp_m1,.218721871003154,.111729953638658,.0481012937568315,.428381526996974,stata_areg_centered_student_vce_unadjusted,254,757999
25725,All,log_program_income_full_clp_m1,.206797335223957,.0998054178594612,.0372686525276574,.468050695386365,stata_areg_centered_student_vce_unadjusted,274,757999
25727,All,log_program_income_full_clp_m1,.102147667190802,-.00484425017369414,.0356853471808202,.497223115309454,stata_areg_centered_student_vce_unadjusted,413,757999
25735,All,log_program_income_full_clp_m1,-.0411985914050228,-.148190508769519,.0630041688143492,.371210562374688,stata_areg_centered_student_vce_unadjusted,49,757999
25736,All,log_program_income_full_clp_m1,-.0899123716242688,-.196904288988765,.0495117036302731,.319936854093723,stata_areg_centered_student_vce_unadjusted,80,757999
25737,All,log_program_income_full_clp_m1,.116777372735069,.00978545537057368,.043784298090913,.428916685763211,stata_areg_centered_student_vce_unadjusted,153,757999
25739,All,log_program_income_full_clp_m1,.169855291731748,.0628633743672517,.0340198063920776,.420826478687136,stata_areg_centered_student_vce_unadjusted,337,757999
25749,All,log_program_income_full_clp_m1,.0837827618142592,-.0232091555502366,.0271257842545104,.469670288497141,stata_areg_centered_student_vce_unadjusted,758,757999
25751,All,log_program_income_full_clp_m1,.077308052137814,-.0296838652266817,.0332567183575885,.448106418689811,stata_areg_centered_student_vce_unadjusted,301,757999
25752,All,log_program_income_full_clp_m1,-.0628339590786344,-.16982587644313,.0904055469147712,.247738759421272,stata_areg_centered_student_vce_unadjusted,24,757999
25753,All,log_program_income_full_clp_m1,-.0806925816928593,-.187684499057355,.0550699995920441,.418738727815444,stata_areg_centered_student_vce_unadjusted,65,757999
25766,All,log_program_income_full_clp_m1,.073326424613661,-.0336654927508348,.0310853251262805,.434042275815382,stata_areg_centered_student_vce_unadjusted,383,757999
25767,All,log_program_income_full_clp_m1,.157498012285388,.0505060949208919,.0583254746215195,.463650421463455,stata_areg_centered_student_vce_unadjusted,67,757999
25770,All,log_program_income_full_clp_m1,.244274075393538,.137282158029043,.0247131727878376,.433573532532824,stata_areg_centered_student_vce_unadjusted,874,757999
25775,All,log_program_income_full_clp_m1,-.162715386477358,-.269707303841854,.10042393822067,.311376772199445,stata_areg_centered_student_vce_unadjusted,19,757999
25779,All,log_program_income_full_clp_m1,.142810674254648,.0358187568901521,.0331659205278415,.442880218949255,stata_areg_centered_student_vce_unadjusted,325,757999
25781,All,log_program_income_full_clp_m1,.122514634861563,.0155227174970675,.0420859136423521,.459779869127076,stata_areg_centered_student_vce_unadjusted,442,757999
25783,All,log_program_income_full_clp_m1,.257949051819079,.150957134454583,.0676749843823763,.435037533064161,stata_areg_centered_student_vce_unadjusted,92,757999
25785,All,log_program_income_full_clp_m1,.0903549173094841,-.0166370000550117,.0428393189000558,.446133609220817,stata_areg_centered_student_vce_unadjusted,129,757999
25790,All,log_program_income_full_clp_m1,-.0503400978177656,-.157332015182261,.0508048076129137,.453143548524803,stata_areg_centered_student_vce_unadjusted,100,757999
25795,All,log_program_income_full_clp_m1,.0853497219440248,-.0216421954204709,.0305017469194995,.409849576687767,stata_areg_centered_student_vce_unadjusted,275,757999
25798,All,log_program_income_full_clp_m1,.123861507121154,.016869589756658,.0445238763201083,.453495177132335,stata_areg_centered_student_vce_unadjusted,112,757999
25804,All,log_program_income_full_clp_m1,.143364079463064,.0363721620985679,.034849743690314,.45214944474658,stata_areg_centered_student_vce_unadjusted,406,757999
25812,All,log_program_income_full_clp_m1,-.187077888414655,-.294069805779151,.155725266130667,.178279783931972,stata_areg_centered_student_vce_unadjusted,8,757999
25814,All,log_program_income_full_clp_m1,.14531272177636,.0383208044118639,.0591348149073837,.480053949430963,stata_areg_centered_student_vce_unadjusted,102,757999
25818,All,log_program_income_full_clp_m1,-.0491398807684241,-.15613179813292,.0251904995969431,.385574946961749,stata_areg_centered_student_vce_unadjusted,308,757999
25824,All,log_program_income_full_clp_m1,.00956051255766337,-.0974314048068324,.0208579708631759,.421218465843448,stata_areg_centered_student_vce_unadjusted,531,757999
25825,All,log_program_income_full_clp_m1,.291557264149923,.184565346785428,.0757020859237415,.358492237892915,stata_areg_centered_student_vce_unadjusted,128,757999
25826,All,log_program_income_full_clp_m1,.199069154907365,.0920772375428694,.0730380734991488,.535500458378315,stata_areg_centered_student_vce_unadjusted,56,757999
25829,All,log_program_income_full_clp_m1,.122291887994866,.0152999706303702,.0449818008260748,.477528117533837,stata_areg_centered_student_vce_unadjusted,289,757999
25832,All,log_program_income_full_clp_m1,.0205897115339218,-.086402205830574,.0598714579783483,.46395640057162,stata_areg_centered_student_vce_unadjusted,94,757999
25839,All,log_program_income_full_clp_m1,.245784796405596,.1387928790411,.137968404485746,.500572933764507,stata_areg_centered_student_vce_unadjusted,12,757999
25842,All,log_program_income_full_clp_m1,.148165606621886,.0411736892573902,.0461027148244306,.465935409151505,stata_areg_centered_student_vce_unadjusted,161,757999
25843,All,log_program_income_full_clp_m1,.122726283083245,.0157343657187494,.0906757646175371,.475854014438747,stata_areg_centered_student_vce_unadjusted,253,757999
25845,All,log_program_income_full_clp_m1,.000407088251647357,-.106584829112848,.312467155181156,.226078884233882,stata_areg_centered_student_vce_unadjusted,2,757999
25850,All,log_program_income_full_clp_m1,.0520258994402113,-.0549660179242844,.0496023693900796,.489152192612336,stata_areg_centered_student_vce_unadjusted,149,757999
25852,All,log_program_income_full_clp_m1,.237839267075834,.130847349711338,.0482592950655005,.43842473910129,stata_areg_centered_student_vce_unadjusted,242,757999
25853,All,log_program_income_full_clp_m1,-.00137539934854345,-.108367316713039,.0203630749169791,.41802517018378,stata_areg_centered_student_vce_unadjusted,596,757999
25855,All,log_program_income_full_clp_m1,.219369007167952,.112377089803456,.0311687526272183,.45465999385851,stata_areg_centered_student_vce_unadjusted,701,757999
25865,All,log_program_income_full_clp_m1,.0690775589753871,-.0379143583891087,.0430946515524999,.416941128516628,stata_areg_centered_student_vce_unadjusted,151,757999
25874,All,log_program_income_full_clp_m1,-.253181851928094,-.36017376929259,.218845786171608,.185979452281218,stata_areg_centered_student_vce_unadjusted,4,757999
25876,All,log_program_income_full_clp_m1,-.0820744094671233,-.189066326831619,.0608909570577135,.340903429603402,stata_areg_centered_student_vce_unadjusted,53,757999
25882,All,log_program_income_full_clp_m1,.15672004730948,.0497281299449845,.0395621037864143,.426942868537759,stata_areg_centered_student_vce_unadjusted,236,757999
25885,All,log_program_income_full_clp_m1,.188107200113425,.0811152827489292,.0409185797785661,.459514460607088,stata_areg_centered_student_vce_unadjusted,274,757999
25894,All,log_program_income_full_clp_m1,.195145141043645,.0881532236791495,.0503273430176398,.43391393654115,stata_areg_centered_student_vce_unadjusted,137,757999
25895,All,log_program_income_full_clp_m1,.0965433774134278,-.0104485399510679,.0343614791691676,.451344556967613,stata_areg_centered_student_vce_unadjusted,299,757999
25899,All,log_program_income_full_clp_m1,.00504838662514964,-.101943530739346,.0357480802201953,.442547477207413,stata_areg_centered_student_vce_unadjusted,228,757999
25916,All,log_program_income_full_clp_m1,.080575110708339,-.0264168066561568,.0442104986053123,.421699238372127,stata_areg_centered_student_vce_unadjusted,245,757999
25919,All,log_program_income_full_clp_m1,.282518204435259,.175526287070764,.0609170792115078,.435474071718764,stata_areg_centered_student_vce_unadjusted,125,757999
25921,All,log_program_income_full_clp_m1,-.00362480050103796,-.110616717865534,.0562390887569574,.424334988317129,stata_areg_centered_student_vce_unadjusted,111,757999
25922,All,log_program_income_full_clp_m1,.122321654247431,.0153297368829353,.0398812381121329,.478004098907976,stata_areg_centered_student_vce_unadjusted,261,757999
25926,All,log_program_income_full_clp_m1,.09714205442346,-.00984986294103581,.0277549558876584,.447197035328224,stata_areg_centered_student_vce_unadjusted,435,757999
25929,All,log_program_income_full_clp_m1,.267592948930148,.160601031565652,.0495022960433167,.45589869691084,stata_areg_centered_student_vce_unadjusted,242,757999
25932,All,log_program_income_full_clp_m1,-.0329304055478576,-.139922322912353,.0660787600541558,.337120166317066,stata_areg_centered_student_vce_unadjusted,45,757999
25936,All,log_program_income_full_clp_m1,.0590824396761368,-.047909477688359,.0511843440416812,.403667383813911,stata_areg_centered_student_vce_unadjusted,135,757999
25938,All,log_program_income_full_clp_m1,-.0952244012324591,-.202216318596955,.0532562399831301,.353833207308985,stata_areg_centered_student_vce_unadjusted,69,757999
25944,All,log_program_income_full_clp_m1,.228957400533083,.121965483168587,.0382236193744044,.44227841642385,stata_areg_centered_student_vce_unadjusted,197,757999
25950,All,log_program_income_full_clp_m1,-.0938079781015215,-.200799895466017,.0401629881027792,.397287570912349,stata_areg_centered_student_vce_unadjusted,128,757999
25951,All,log_program_income_full_clp_m1,-.119948957619651,-.226940874984147,.0898725463132044,.36874805854124,stata_areg_centered_student_vce_unadjusted,24,757999
25954,All,log_program_income_full_clp_m1,.0782112716798098,-.028780645684686,.0561512348156843,.453303470299727,stata_areg_centered_student_vce_unadjusted,78,757999
25960,All,log_program_income_full_clp_m1,.0490732752277763,-.0579186421367195,.034831914485734,.443141563358044,stata_areg_centered_student_vce_unadjusted,219,757999
25961,All,log_program_income_full_clp_m1,.244891714545915,.137899797181419,.0342461079038763,.446498895989478,stata_areg_centered_student_vce_unadjusted,437,757999
25969,All,log_program_income_full_clp_m1,.126063540031271,.0190716226667748,.0269418212202202,.433474797210417,stata_areg_centered_student_vce_unadjusted,634,757999
25977,All,log_program_income_full_clp_m1,-.180598808742311,-.287590726106807,.100955913185017,.308298575813819,stata_areg_centered_student_vce_unadjusted,19,757999
25978,All,log_program_income_full_clp_m1,-.189500497249927,-.296492414614422,.438929474248643,.,stata_areg_centered_student_vce_unadjusted,1,757999
25982,All,log_program_income_full_clp_m1,-.0586976666482682,-.165689584012764,.086491436586063,.390730916712051,stata_areg_centered_student_vce_unadjusted,26,757999
25984,All,log_program_income_full_clp_m1,.0438503846187984,-.0631415327456974,.0509257278443835,.406426442872726,stata_areg_centered_student_vce_unadjusted,122,757999
25988,All,log_program_income_full_clp_m1,.165699014208946,.0587070968444501,.0358215276281132,.436897038123486,stata_areg_centered_student_vce_unadjusted,331,757999
25995,All,log_program_income_full_clp_m1,.00730152929034124,-.0996903880741545,.0214401427469486,.423562002660105,stata_areg_centered_student_vce_unadjusted,452,757999
25999,All,log_program_income_full_clp_m1,.132601534107641,.0256096167431447,.0271361002577512,.447525553948498,stata_areg_centered_student_vce_unadjusted,852,757999
26001,All,log_program_income_full_clp_m1,.193629437242389,.0866375198778929,.0427585850409448,.448929514922608,stata_areg_centered_student_vce_unadjusted,441,757999
26006,All,log_program_income_full_clp_m1,.157558023263627,.0505661058991308,.0539903925875181,.431620110422744,stata_areg_centered_student_vce_unadjusted,135,757999
26012,All,log_program_income_full_clp_m1,.143975505094789,.0369835877302934,.0324741677021176,.427330883531705,stata_areg_centered_student_vce_unadjusted,310,757999
26017,All,log_program_income_full_clp_m1,.170618168875188,.0636262515106922,.0471633734522856,.418382195753718,stata_areg_centered_student_vce_unadjusted,138,757999
26019,All,log_program_income_full_clp_m1,.0215414732303783,-.0854504441341175,.113643524019209,.353546658685952,stata_areg_centered_student_vce_unadjusted,15,757999
26025,All,log_program_income_full_clp_m1,-.204787944354997,-.311779861719493,.0821487397255213,.231529394766096,stata_areg_centered_student_vce_unadjusted,29,757999
26027,All,log_program_income_full_clp_m1,-.180971999553146,-.287963916917641,.138998180446542,.288898448838206,stata_areg_centered_student_vce_unadjusted,10,757999
26028,All,log_program_income_full_clp_m1,.117854927982292,.0108630106177962,.0549357128973926,.47253213574987,stata_areg_centered_student_vce_unadjusted,102,757999
26030,All,log_program_income_full_clp_m1,-.0225188489520614,-.129510766316557,.0545037721902921,.498294178813373,stata_areg_centered_student_vce_unadjusted,66,757999
26032,All,log_program_income_full_clp_m1,.0423304344806582,-.0646614828838376,.197356625565873,.395411378217539,stata_areg_centered_student_vce_unadjusted,5,757999
26033,All,log_program_income_full_clp_m1,.106336331010823,-.000655586353672827,.0352440831673048,.443973029720496,stata_areg_centered_student_vce_unadjusted,462,757999
26035,All,log_program_income_full_clp_m1,.275888966362058,.168897048997563,.0420283834265818,.429040733133418,stata_areg_centered_student_vce_unadjusted,306,757999
26036,All,log_program_income_full_clp_m1,-.500823491361455,-.60781540872595,.436559203249648,.,stata_areg_centered_student_vce_unadjusted,1,757999
26037,All,log_program_income_full_clp_m1,.0253362179838491,-.0816556993806467,.0382106606399926,.39032124771998,stata_areg_centered_student_vce_unadjusted,316,757999
26045,All,log_program_income_full_clp_m1,.114277387269117,.00728546990462077,.0364191127226835,.454942687735946,stata_areg_centered_student_vce_unadjusted,195,757999
26046,All,log_program_income_full_clp_m1,.137214198923218,.030222281558722,.0434787060706161,.465514383444082,stata_areg_centered_student_vce_unadjusted,313,757999
26048,All,log_program_income_full_clp_m1,-.153170122042102,-.260162039406598,.104173776816032,.366728861922247,stata_areg_centered_student_vce_unadjusted,18,757999
26053,All,log_program_income_full_clp_m1,.166916646709103,.0599247293446073,.0341672545829182,.451371544830215,stata_areg_centered_student_vce_unadjusted,345,757999
26054,All,log_program_income_full_clp_m1,.0234445993986215,-.0835473179658743,.100699328307492,.46113422202587,stata_areg_centered_student_vce_unadjusted,19,757999
26061,All,log_program_income_full_clp_m1,-.0292722963465611,-.136264213711057,.068997733801409,.360733950653533,stata_areg_centered_student_vce_unadjusted,41,757999
26062,All,log_program_income_full_clp_m1,-.31484186895399,-.421833786318485,.12217237416057,.203944965364807,stata_areg_centered_student_vce_unadjusted,13,757999
26063,All,log_program_income_full_clp_m1,-.0458795624160236,-.152871479780519,.11344080446442,.431851182886398,stata_areg_centered_student_vce_unadjusted,15,757999
26070,All,log_program_income_full_clp_m1,-.182560240482995,-.28955215784749,.252750409419659,.319400953652479,stata_areg_centered_student_vce_unadjusted,3,757999
26075,All,log_program_income_full_clp_m1,.0958549483312911,-.0111369690332046,.0661130071480849,.466382656930243,stata_areg_centered_student_vce_unadjusted,80,757999
26077,All,log_program_income_full_clp_m1,-.17661893951246,-.283610856876955,.122098913484269,.237842759181493,stata_areg_centered_student_vce_unadjusted,13,757999
26080,All,log_program_income_full_clp_m1,.396864312183324,.289872394818828,.0575923518878619,.428585300847923,stata_areg_centered_student_vce_unadjusted,131,757999
26083,All,log_program_income_full_clp_m1,.163699080792691,.0567071634281956,.0535887861442726,.444028115889413,stata_areg_centered_student_vce_unadjusted,163,757999
26084,All,log_program_income_full_clp_m1,-.0449410446629033,-.151932962027399,.0568080648980922,.46088638410253,stata_areg_centered_student_vce_unadjusted,68,757999
26085,All,log_program_income_full_clp_m1,-.0107057742942179,-.117697691658714,.0861164658150932,.426209921278246,stata_areg_centered_student_vce_unadjusted,26,757999
26087,All,log_program_income_full_clp_m1,-.0672526517655378,-.174244569130034,.086258284213413,.331098018213579,stata_areg_centered_student_vce_unadjusted,26,757999
26092,All,log_program_income_full_clp_m1,.13469554302727,.0277036256627746,.0366230244116266,.441844863684386,stata_areg_centered_student_vce_unadjusted,220,757999
26094,All,log_program_income_full_clp_m1,.0456295775856112,-.0613623397788845,.0583779650402703,.430208346588367,stata_areg_centered_student_vce_unadjusted,169,757999
26110,All,log_program_income_full_clp_m1,.191784884210971,.0847929668464753,.0345348416270729,.41194219625151,stata_areg_centered_student_vce_unadjusted,317,757999
26115,All,log_program_income_full_clp_m1,.134510414333146,.0275184969686506,.0243586240419594,.463723938939732,stata_areg_centered_student_vce_unadjusted,454,757999
26117,All,log_program_income_full_clp_m1,.118712730043483,.0117208126789872,.0458344065915201,.456103515009996,stata_areg_centered_student_vce_unadjusted,220,757999
26134,All,log_program_income_full_clp_m1,-.0884916982140459,-.195483615578542,.051346036981906,.451318844538412,stata_areg_centered_student_vce_unadjusted,80,757999
26135,All,log_program_income_full_clp_m1,.192170282521804,.0851783651573078,.0330133490395269,.436730217388756,stata_areg_centered_student_vce_unadjusted,453,757999
26137,All,log_program_income_full_clp_m1,.0349755541219066,-.0720163632425892,.0566773076501872,.456066432538852,stata_areg_centered_student_vce_unadjusted,89,757999
26138,All,log_program_income_full_clp_m1,-.352419031542965,-.45941094890746,.436839247939614,.,stata_areg_centered_student_vce_unadjusted,1,757999
26143,All,log_program_income_full_clp_m1,-.066944706958904,-.1739366243234,.0765938614272453,.336242440153719,stata_areg_centered_student_vce_unadjusted,34,757999
26150,All,log_program_income_full_clp_m1,.228602985477307,.121611068112811,.0530678219840787,.405573939187619,stata_areg_centered_student_vce_unadjusted,108,757999
26155,All,log_program_income_full_clp_m1,.329267019169814,.222275101805318,.0663002848902631,.503206569997421,stata_areg_centered_student_vce_unadjusted,221,757999
26157,All,log_program_income_full_clp_m1,.0282766851737544,-.0787152321907414,.0346472308412666,.411839047400289,stata_areg_centered_student_vce_unadjusted,244,757999
26164,All,log_program_income_full_clp_m1,.0157497578337702,-.0912421595307256,.0510009021469291,.43033688748939,stata_areg_centered_student_vce_unadjusted,90,757999
26168,All,log_program_income_full_clp_m1,.0597220258652489,-.0472698914992468,.0319237074102492,.421126558883366,stata_areg_centered_student_vce_unadjusted,204,757999
26201,All,log_program_income_full_clp_m1,-.219926702182648,-.326918619547143,.0862182369388461,.398780434019024,stata_areg_centered_student_vce_unadjusted,26,757999
26209,All,log_program_income_full_clp_m1,.12586438231686,.0188724649523646,.0571966195579915,.4557881665753,stata_areg_centered_student_vce_unadjusted,76,757999
26213,All,log_program_income_full_clp_m1,.321797715584111,.214805798219615,.310908873468264,.511901636076285,stata_areg_centered_student_vce_unadjusted,2,757999
26214,All,log_program_income_full_clp_m1,.0871060900911781,-.0198858272733177,.0915181753736678,.433428787458223,stata_areg_centered_student_vce_unadjusted,23,757999
26219,All,log_program_income_full_clp_m1,-.0196613834469669,-.126653300811463,.0419451656263705,.349490132032938,stata_areg_centered_student_vce_unadjusted,146,757999
26225,All,log_program_income_full_clp_m1,-.107523151262944,-.214515068627439,.0595586106200226,.338170945611989,stata_areg_centered_student_vce_unadjusted,56,757999
26228,All,log_program_income_full_clp_m1,-.641493860446357,-.748485777810853,.221107786389288,.231276033405703,stata_areg_centered_student_vce_unadjusted,4,757999
26238,All,log_program_income_full_clp_m1,.369636130494521,.262644213130025,.0539627061376584,.471077308701689,stata_areg_centered_student_vce_unadjusted,211,757999
26254,All,log_program_income_full_clp_m1,.0913346623083854,-.0156572550561104,.0463974161963139,.442990016194384,stata_areg_centered_student_vce_unadjusted,143,757999
26260,All,log_program_income_full_clp_m1,.136163805765634,.0291718884011384,.0363692194142761,.449411828975051,stata_areg_centered_student_vce_unadjusted,410,757999
26268,All,log_program_income_full_clp_m1,.0995083516798878,-.00748356568460802,.0437649357349322,.482299379652485,stata_areg_centered_student_vce_unadjusted,186,757999
26269,All,log_program_income_full_clp_m1,-.00350191450452113,-.110493831869017,.0518195404111998,.452823173905132,stata_areg_centered_student_vce_unadjusted,283,757999
26272,All,log_program_income_full_clp_m1,.0757399072246974,-.0312520101397984,.0483840871303942,.473062271850382,stata_areg_centered_student_vce_unadjusted,215,757999
26274,All,log_program_income_full_clp_m1,.077942149862009,-.0290497675024868,.0955960352281194,.465714575596283,stata_areg_centered_student_vce_unadjusted,26,757999
26286,All,log_program_income_full_clp_m1,-.148748150282333,-.255740067646828,.146311861077686,.34842502638856,stata_areg_centered_student_vce_unadjusted,9,757999
26292,All,log_program_income_full_clp_m1,-.0612420762537973,-.168233993618293,.0217593707021633,.395984640778428,stata_areg_centered_student_vce_unadjusted,455,757999
26297,All,log_program_income_full_clp_m1,.0208641344547186,-.0861277829097772,.121268975299924,.555024185875028,stata_areg_centered_student_vce_unadjusted,16,757999
26303,All,log_program_income_full_clp_m1,.0395090162652857,-.0674829010992101,.0336197080736117,.422233323005582,stata_areg_centered_student_vce_unadjusted,186,757999
26305,All,log_program_income_full_clp_m1,.357884286253048,.250892368888552,.144991723489778,.358053540825684,stata_areg_centered_student_vce_unadjusted,10,757999
26311,All,log_program_income_full_clp_m1,.286556178379547,.179564261015051,.0775127492441973,.537707716243403,stata_areg_centered_student_vce_unadjusted,119,757999
26324,All,log_program_income_full_clp_m1,.11097955726734,.00398763990284468,.0502145379922958,.507764346807101,stata_areg_centered_student_vce_unadjusted,94,757999
26328,All,log_program_income_full_clp_m1,.0957705941451559,-.0112213232193399,.0877940299934324,.364927840717996,stata_areg_centered_student_vce_unadjusted,44,757999
26333,All,log_program_income_full_clp_m1,-.0573824611008242,-.16437437846532,.0405175722335106,.341715540851034,stata_areg_centered_student_vce_unadjusted,120,757999
26335,All,log_program_income_full_clp_m1,.287384187749283,.180392270384788,.0618621875653234,.512412391334185,stata_areg_centered_student_vce_unadjusted,377,757999
26362,All,log_program_income_full_clp_m1,.0757455674126873,-.0312463499518084,.0367030426910036,.459209670622153,stata_areg_centered_student_vce_unadjusted,182,757999
26365,All,log_program_income_full_clp_m1,.196338569507057,.0893466521425611,.0366655890196926,.440373129861689,stata_areg_centered_student_vce_unadjusted,391,757999
26367,All,log_program_income_full_clp_m1,.0566967263386068,-.050295191025889,.0401633202630046,.445160855956818,stata_areg_centered_student_vce_unadjusted,376,757999
26368,All,log_program_income_full_clp_m1,.174324304962854,.0673323875983578,.0657107085601756,.4154237296577,stata_areg_centered_student_vce_unadjusted,134,757999
26371,All,log_program_income_full_clp_m1,-.0487411219600775,-.155733039324573,.0509617154691569,.421471645725952,stata_areg_centered_student_vce_unadjusted,75,757999
26372,All,log_program_income_full_clp_m1,.212113120248026,.105121202883531,.0417910472110425,.435558891402215,stata_areg_centered_student_vce_unadjusted,211,757999
26378,All,log_program_income_full_clp_m1,.222365609001434,.115373691636938,.0605003032780906,.432105125991792,stata_areg_centered_student_vce_unadjusted,141,757999
26379,All,log_program_income_full_clp_m1,.143753087362171,.0367611699976749,.0387570790429021,.483240531688678,stata_areg_centered_student_vce_unadjusted,262,757999
26381,All,log_program_income_full_clp_m1,.149014317319265,.042022399954769,.0347673793963495,.460075513025829,stata_areg_centered_student_vce_unadjusted,252,757999
26383,All,log_program_income_full_clp_m1,.0185265487728233,-.0884653685916724,.044747143164376,.468689840929279,stata_areg_centered_student_vce_unadjusted,156,757999
26384,All,log_program_income_full_clp_m1,-.0546569888417234,-.161648906206219,.0446984492783004,.431366221182307,stata_areg_centered_student_vce_unadjusted,102,757999
26399,All,log_program_income_full_clp_m1,.250127233478733,.143135316114237,.0404301801934252,.501709082308382,stata_areg_centered_student_vce_unadjusted,260,757999
26405,All,log_program_income_full_clp_m1,.11213035618069,.00513843881619422,.0233144154361941,.453273463169408,stata_areg_centered_student_vce_unadjusted,458,757999
26411,All,log_program_income_full_clp_m1,.122605142969495,.0156132256049993,.0374908618435069,.457667664127782,stata_areg_centered_student_vce_unadjusted,196,757999
26416,All,log_program_income_full_clp_m1,-.0382196894053756,-.145211606769871,.034496055293003,.468522814682696,stata_areg_centered_student_vce_unadjusted,169,757999
26426,All,log_program_income_full_clp_m1,-.180527484715548,-.287519402080044,.165358591672195,.555635510176292,stata_areg_centered_student_vce_unadjusted,9,757999
26434,All,log_program_income_full_clp_m1,-.0592169388221466,-.166208856186642,.0497662302120231,.326724467064713,stata_areg_centered_student_vce_unadjusted,88,757999
26436,All,log_program_income_full_clp_m1,.0696031490928066,-.0373887682716892,.0224937898704584,.478440181250718,stata_areg_centered_student_vce_unadjusted,675,757999
26454,All,log_program_income_full_clp_m1,.25685303279233,.149861115427834,.0333683111633764,.420080266742089,stata_areg_centered_student_vce_unadjusted,296,757999
26465,All,log_program_income_full_clp_m1,.0257083612976384,-.0812835560668574,.0455005647888217,.419608800506932,stata_areg_centered_student_vce_unadjusted,133,757999
26466,All,log_program_income_full_clp_m1,.176290474107721,.0692985567432255,.0278868588507866,.44440627405767,stata_areg_centered_student_vce_unadjusted,554,757999
26476,All,log_program_income_full_clp_m1,.142558744530926,.0355668271664301,.0292424825509391,.465227285874975,stata_areg_centered_student_vce_unadjusted,542,757999
26482,All,log_program_income_full_clp_m1,.0486860584009506,-.0583058589635451,.0532956125140751,.50539961732771,stata_areg_centered_student_vce_unadjusted,103,757999
26501,All,log_program_income_full_clp_m1,-.0133239871740388,-.120315904538535,.029442828926742,.454156578204093,stata_areg_centered_student_vce_unadjusted,260,757999
26503,All,log_program_income_full_clp_m1,.194192566764805,.0872006494003092,.0566559804844493,.478560194619734,stata_areg_centered_student_vce_unadjusted,101,757999
26507,All,log_program_income_full_clp_m1,.172186713897317,.065194796532821,.0711878604253388,.493624040115407,stata_areg_centered_student_vce_unadjusted,94,757999
26519,All,log_program_income_full_clp_m1,.155957796069189,.0489658787046933,.132563388046093,.464453741689745,stata_areg_centered_student_vce_unadjusted,11,757999
26524,All,log_program_income_full_clp_m1,.124703488983382,.017711571618886,.0377674126239869,.433535548690268,stata_areg_centered_student_vce_unadjusted,175,757999
26531,All,log_program_income_full_clp_m1,-.0844306880166742,-.19142260538117,.180313153781835,.494038588703422,stata_areg_centered_student_vce_unadjusted,6,757999
26538,All,log_program_income_full_clp_m1,.109589220221968,.00259730285747244,.0220400055454653,.462118755457228,stata_areg_centered_student_vce_unadjusted,681,757999
30001,All,log_program_income_full_clp_m1,.193634306702962,.0866423893384664,.0584665941907592,.386859021951703,stata_areg_centered_student_vce_unadjusted,140,757999
30003,All,log_program_income_full_clp_m1,.0917476261090355,-.0152442912554602,.034834133423612,.422676687160241,stata_areg_centered_student_vce_unadjusted,246,757999
30013,All,log_program_income_full_clp_m1,.176477869163198,.0694859517987025,.0623331493672402,.498257619159655,stata_areg_centered_student_vce_unadjusted,70,757999
31002,All,log_program_income_full_clp_m1,.185765645730606,.0787737283661102,.054500485379272,.472695548307266,stata_areg_centered_student_vce_unadjusted,80,757999
31005,All,log_program_income_full_clp_m1,.207742757227758,.100750839863262,.0799300369553049,.409261379018054,stata_areg_centered_student_vce_unadjusted,42,757999
31010,All,log_program_income_full_clp_m1,.222629475025603,.115637557661107,.0362358326323492,.39175118956292,stata_areg_centered_student_vce_unadjusted,386,757999
31011,All,log_program_income_full_clp_m1,-.132995295891973,-.239987213256469,.219544666395633,.0451421239219093,stata_areg_centered_student_vce_unadjusted,4,757999
31012,All,log_program_income_full_clp_m1,.0756125113176854,-.0313794060468104,.0699204998487875,.441127495095676,stata_areg_centered_student_vce_unadjusted,57,757999
31030,All,log_program_income_full_clp_m1,-.0239444480629625,-.130936365427458,.0162612856094047,.4604819439211,stata_areg_centered_student_vce_unadjusted,801,757999
31034,All,log_program_income_full_clp_m1,-.0165099189286752,-.123501836293171,.0881370934879755,.454798763985735,stata_areg_centered_student_vce_unadjusted,25,757999
31037,All,log_program_income_full_clp_m1,.25084435446109,.143852437096594,.0239702217451795,.446325209321754,stata_areg_centered_student_vce_unadjusted,587,757999
31039,All,log_program_income_full_clp_m1,.00355549492741469,-.103436422437081,.178451727713382,.334238701181624,stata_areg_centered_student_vce_unadjusted,6,757999
31040,All,log_program_income_full_clp_m1,.213516377179143,.106524459814648,.0529392180083483,.503077912286285,stata_areg_centered_student_vce_unadjusted,100,757999
31042,All,log_program_income_full_clp_m1,.0622122681130283,-.0447796492514674,.0722305412777042,.538958643722941,stata_areg_centered_student_vce_unadjusted,57,757999
31047,All,log_program_income_full_clp_m1,.0487403714264473,-.0582515459380484,.0557499677176524,.468525992498402,stata_areg_centered_student_vce_unadjusted,64,757999
31048,All,log_program_income_full_clp_m1,-.103105243947498,-.210097161311994,.0690490801308088,.178344544049073,stata_areg_centered_student_vce_unadjusted,41,757999
31052,All,log_program_income_full_clp_m1,.199607186067307,.0926152687028109,.0496120785505716,.444922188042446,stata_areg_centered_student_vce_unadjusted,144,757999
31064,All,log_program_income_full_clp_m1,-.112556069616794,-.21954798698129,.0351467263690128,.3785684242675,stata_areg_centered_student_vce_unadjusted,180,757999
31065,All,log_program_income_full_clp_m1,.0858878791350765,-.0211040382294192,.0324394621789724,.406932598402111,stata_areg_centered_student_vce_unadjusted,460,757999
31066,All,log_program_income_full_clp_m1,.0945145598927995,-.0124773574716963,.0551165698207748,.434968003207738,stata_areg_centered_student_vce_unadjusted,101,757999
31068,All,log_program_income_full_clp_m1,.023449989843699,-.0835419275207968,.0401255343901714,.400563555552355,stata_areg_centered_student_vce_unadjusted,144,757999
31071,All,log_program_income_full_clp_m1,.252203037863798,.145211120499302,.0336839004433897,.433412775543448,stata_areg_centered_student_vce_unadjusted,601,757999
31074,All,log_program_income_full_clp_m1,.107909855540803,.000917938176307698,.030135003180345,.432364461103456,stata_areg_centered_student_vce_unadjusted,572,757999
31078,All,log_program_income_full_clp_m1,.244018497246122,.137026579881626,.0565311461409554,.480737791526351,stata_areg_centered_student_vce_unadjusted,312,757999
31080,All,log_program_income_full_clp_m1,-.0139619954704157,-.120953912834911,.0415086083931415,.43198540899949,stata_areg_centered_student_vce_unadjusted,152,757999
31083,All,log_program_income_full_clp_m1,.211570066982826,.104578149618331,.0288587434734587,.417311816721159,stata_areg_centered_student_vce_unadjusted,415,757999
31084,All,log_program_income_full_clp_m1,.0872667691574842,-.0197251482070116,.0693852897052928,.419963405979491,stata_areg_centered_student_vce_unadjusted,47,757999
31085,All,log_program_income_full_clp_m1,.114256759967568,.00726484260307199,.0322794255876149,.391060056949552,stata_areg_centered_student_vce_unadjusted,344,757999
31087,All,log_program_income_full_clp_m1,.119978743247166,.0129868258826698,.0502984118501203,.457680929121105,stata_areg_centered_student_vce_unadjusted,105,757999
31098,All,log_program_income_full_clp_m1,-.0944631307657211,-.201455048130217,.200765963126759,.559226612138706,stata_areg_centered_student_vce_unadjusted,5,757999
31103,All,log_program_income_full_clp_m1,.158463465230738,.0514715478662419,.0548057580304897,.423212927398999,stata_areg_centered_student_vce_unadjusted,304,757999
31106,All,log_program_income_full_clp_m1,.205987941882616,.0989960245181201,.0625255142595657,.424013223844835,stata_areg_centered_student_vce_unadjusted,98,757999
31107,All,log_program_income_full_clp_m1,-.0142107250141668,-.121202642378663,.188551043011834,.378916695762254,stata_areg_centered_student_vce_unadjusted,6,757999
31110,All,log_program_income_full_clp_m1,.182748392128315,.0757564747638188,.0447584120337667,.439977786422058,stata_areg_centered_student_vce_unadjusted,305,757999
31116,All,log_program_income_full_clp_m1,.0881498856665115,-.0188420316979843,.0238653619591176,.42244937629014,stata_areg_centered_student_vce_unadjusted,530,757999
31124,All,log_program_income_full_clp_m1,.0673767593288884,-.0396151580356074,.0852199436163564,.361299351417777,stata_areg_centered_student_vce_unadjusted,27,757999
31128,All,log_program_income_full_clp_m1,.0944233968454151,-.0125685205190807,.0515770771570252,.381605616214325,stata_areg_centered_student_vce_unadjusted,173,757999
31130,All,log_program_income_full_clp_m1,-.186495667499606,-.293487584864102,.100806360053766,.511509748340298,stata_areg_centered_student_vce_unadjusted,29,757999
31132,All,log_program_income_full_clp_m1,.000824550519151533,-.106167366845344,.100790791301939,.424958648267992,stata_areg_centered_student_vce_unadjusted,20,757999
31153,All,log_program_income_full_clp_m1,.120961494288413,.013969576923917,.0242363591591151,.450728098302385,stata_areg_centered_student_vce_unadjusted,430,757999
31161,All,log_program_income_full_clp_m1,.0723382093181851,-.0346537080463107,.0438278667338401,.435558300924969,stata_areg_centered_student_vce_unadjusted,229,757999
31162,All,log_program_income_full_clp_m1,-.0506154721315911,-.157607389496087,.122352246598768,.405589865673227,stata_areg_centered_student_vce_unadjusted,13,757999
31163,All,log_program_income_full_clp_m1,-.12280818100145,-.229800098365946,.0743025048311942,.340032617915249,stata_areg_centered_student_vce_unadjusted,36,757999
31167,All,log_program_income_full_clp_m1,-.0206215869156108,-.127613504280107,.0531852269210842,.452161523883106,stata_areg_centered_student_vce_unadjusted,68,757999
31175,All,log_program_income_full_clp_m1,.126522480544283,.0195305631797873,.0641419742069727,.429064879152094,stata_areg_centered_student_vce_unadjusted,67,757999
31187,All,log_program_income_full_clp_m1,-.0359332959814625,-.142925213345958,.133720239944656,.417707836925259,stata_areg_centered_student_vce_unadjusted,11,757999
31189,All,log_program_income_full_clp_m1,-.157798578824303,-.264790496188798,.252718058041874,.435146370591902,stata_areg_centered_student_vce_unadjusted,3,757999
31192,All,log_program_income_full_clp_m1,-.108726472163588,-.215718389528084,.0531284306269622,.317438106531081,stata_areg_centered_student_vce_unadjusted,70,757999
31194,All,log_program_income_full_clp_m1,.0300383871590854,-.0769535302054104,.0710955499798395,.483568794160607,stata_areg_centered_student_vce_unadjusted,46,757999
31201,All,log_program_income_full_clp_m1,.19029281802193,.083300900657434,.0521005880788337,.434869817517315,stata_areg_centered_student_vce_unadjusted,91,757999
31203,All,log_program_income_full_clp_m1,-.0061752113955772,-.113167128760073,.0638564533101495,.445245521336109,stata_areg_centered_student_vce_unadjusted,88,757999
31220,All,log_program_income_full_clp_m1,-.119323607079166,-.226315524443662,.0826430061735403,.307631944593514,stata_areg_centered_student_vce_unadjusted,32,757999
31222,All,log_program_income_full_clp_m1,-.0744225737541725,-.181414491118668,.077433873776221,.409621856661723,stata_areg_centered_student_vce_unadjusted,33,757999
31252,All,log_program_income_full_clp_m1,-.179181648612811,-.286173565977307,.127243549215923,.199179342664136,stata_areg_centered_student_vce_unadjusted,12,757999
31253,All,log_program_income_full_clp_m1,.0976431658906871,-.00934875147380865,.0477615611908518,.408283707107267,stata_areg_centered_student_vce_unadjusted,144,757999
31258,All,log_program_income_full_clp_m1,.169230284965368,.0622383676008719,.0748935600109849,.352995558462611,stata_areg_centered_student_vce_unadjusted,35,757999
31260,All,log_program_income_full_clp_m1,.211689185446496,.104697268082001,.0522819271196682,.453579773898666,stata_areg_centered_student_vce_unadjusted,124,757999
31262,All,log_program_income_full_clp_m1,.159279776102794,.0522878587382979,.0516998186716316,.428171516787502,stata_areg_centered_student_vce_unadjusted,142,757999
31264,All,log_program_income_full_clp_m1,.159795165784903,.0528032484204075,.0605335496589314,.453658134271064,stata_areg_centered_student_vce_unadjusted,100,757999
31265,All,log_program_income_full_clp_m1,.226856798945087,.119864881580591,.437143436481641,.,stata_areg_centered_student_vce_unadjusted,1,757999
31267,All,log_program_income_full_clp_m1,.0117430992044031,-.0952488181600927,.129777548375548,.405846165394528,stata_areg_centered_student_vce_unadjusted,13,757999
31271,All,log_program_income_full_clp_m1,.353394669787366,.246402752422871,.0963657819809658,.456274244978627,stata_areg_centered_student_vce_unadjusted,37,757999
31274,All,log_program_income_full_clp_m1,.00780421231671574,-.09918770504778,.0523966419174805,.434916634792061,stata_areg_centered_student_vce_unadjusted,108,757999
31276,All,log_program_income_full_clp_m1,.185307629789757,.0783157124252608,.0510604198342646,.489501939215934,stata_areg_centered_student_vce_unadjusted,190,757999
31278,All,log_program_income_full_clp_m1,.045449297873013,-.0615426194914828,.033540671465918,.436985195192379,stata_areg_centered_student_vce_unadjusted,181,757999
31279,All,log_program_income_full_clp_m1,.123447027644482,.0164551102799864,.0850642806615351,.416890574898602,stata_areg_centered_student_vce_unadjusted,27,757999
31287,All,log_program_income_full_clp_m1,-.165373103407047,-.272365020771543,.117218482515942,.288921065038915,stata_areg_centered_student_vce_unadjusted,14,757999
31288,All,log_program_income_full_clp_m1,.140703178056162,.0337112606916658,.0375086505350971,.423545399696507,stata_areg_centered_student_vce_unadjusted,157,757999
31290,All,log_program_income_full_clp_m1,.0868300861903421,-.0201618311741536,.0449541827955418,.438915496838384,stata_areg_centered_student_vce_unadjusted,179,757999
31293,All,log_program_income_full_clp_m1,.123114177421465,.0161222600569695,.0387281005757309,.459447178633005,stata_areg_centered_student_vce_unadjusted,359,757999
31294,All,log_program_income_full_clp_m1,.241567322144268,.134575404779773,.0432246025393439,.428801681437194,stata_areg_centered_student_vce_unadjusted,452,757999
31295,All,log_program_income_full_clp_m1,.189073080320202,.0820811629557062,.0237903167617298,.461725248591623,stata_areg_centered_student_vce_unadjusted,659,757999
31299,All,log_program_income_full_clp_m1,.16035903405149,.0533671166869941,.0490504494090824,.421074222954993,stata_areg_centered_student_vce_unadjusted,311,757999
31327,All,log_program_income_full_clp_m1,.176911524773369,.0699196074088731,.028408441464035,.469362472795612,stata_areg_centered_student_vce_unadjusted,705,757999
31338,All,log_program_income_full_clp_m1,-.0722787049134194,-.179270622277915,.0733750631695578,.397763075015385,stata_areg_centered_student_vce_unadjusted,37,757999
31339,All,log_program_income_full_clp_m1,-.416530687105892,-.523522604470388,.195977991936674,.266105919077693,stata_areg_centered_student_vce_unadjusted,6,757999
31340,All,log_program_income_full_clp_m1,.324728463863971,.217736546499475,.0374168021978671,.474547884475607,stata_areg_centered_student_vce_unadjusted,560,757999
31342,All,log_program_income_full_clp_m1,.393592331457415,.286600414092919,.0566342969200668,.456422403952142,stata_areg_centered_student_vce_unadjusted,158,757999
31343,All,log_program_income_full_clp_m1,.117082751010842,.0100908336463464,.0249435887954714,.437891554243995,stata_areg_centered_student_vce_unadjusted,440,757999
31344,All,log_program_income_full_clp_m1,.219972210222784,.112980292858289,.165541205529885,.886407290807358,stata_areg_centered_student_vce_unadjusted,7,757999
31345,All,log_program_income_full_clp_m1,.0311325158347308,-.0758594015297649,.0287079711937449,.439824009036201,stata_areg_centered_student_vce_unadjusted,325,757999
31346,All,log_program_income_full_clp_m1,.167052100132436,.0600601827679402,.101327525581939,.39543794585094,stata_areg_centered_student_vce_unadjusted,19,757999
31368,All,log_program_income_full_clp_m1,-.00479209813598236,-.111784015500478,.155381080431637,.34717355794769,stata_areg_centered_student_vce_unadjusted,8,757999
31373,All,log_program_income_full_clp_m1,.288363768409881,.181371851045386,.0764184622249884,.535652124291327,stata_areg_centered_student_vce_unadjusted,106,757999
31375,All,log_program_income_full_clp_m1,-.153360231087236,-.260352148451731,.0634535852652878,.307538120392468,stata_areg_centered_student_vce_unadjusted,55,757999
31376,All,log_program_income_full_clp_m1,.0197676618124595,-.0872242555520363,.0788148034466271,.455081588450464,stata_areg_centered_student_vce_unadjusted,31,757999
31378,All,log_program_income_full_clp_m1,.142949721786225,.0359578044217293,.0424712554843899,.497085450855354,stata_areg_centered_student_vce_unadjusted,302,757999
31379,All,log_program_income_full_clp_m1,.229976354969779,.122984437605283,.0554369066489197,.425694335387262,stata_areg_centered_student_vce_unadjusted,146,757999
31387,All,log_program_income_full_clp_m1,.149568555938787,.0425766385742911,.0373137774190443,.486503514089836,stata_areg_centered_student_vce_unadjusted,215,757999
31388,All,log_program_income_full_clp_m1,.074396354677015,-.0325955626874807,.0275702143280222,.433563037644223,stata_areg_centered_student_vce_unadjusted,271,757999
31392,All,log_program_income_full_clp_m1,.127234145636632,.0202422282721366,.0637660057384703,.480394533524953,stata_areg_centered_student_vce_unadjusted,67,757999
31395,All,log_program_income_full_clp_m1,-.249088010130926,-.356079927495422,.165722473303203,.24107691833823,stata_areg_centered_student_vce_unadjusted,7,757999
31405,All,log_program_income_full_clp_m1,-.0397967535494529,-.146788670913949,.0979693199641826,.36636430607186,stata_areg_centered_student_vce_unadjusted,21,757999
31407,All,log_program_income_full_clp_m1,-.220462163794126,-.327454081158622,.138408732954652,.312191261896771,stata_areg_centered_student_vce_unadjusted,10,757999
31419,All,log_program_income_full_clp_m1,-.108685039075107,-.215676956439603,.147611956702319,.540910212645409,stata_areg_centered_student_vce_unadjusted,13,757999
31421,All,log_program_income_full_clp_m1,.0583741093498238,-.0486178080146719,.0532477509267811,.485584759850904,stata_areg_centered_student_vce_unadjusted,90,757999
31428,All,log_program_income_full_clp_m1,-.0895815598423543,-.19657347720685,.0503510513109078,.384277868146751,stata_areg_centered_student_vce_unadjusted,82,757999
31432,All,log_program_income_full_clp_m1,-.0170204721366194,-.124012389501115,.0346262249917342,.416137117057603,stata_areg_centered_student_vce_unadjusted,182,757999
31438,All,log_program_income_full_clp_m1,-.0296305003178306,-.136622417682326,.155150862233359,.504981566655003,stata_areg_centered_student_vce_unadjusted,9,757999
31444,All,log_program_income_full_clp_m1,-.100112118180196,-.207104035544692,.139036958807208,.19919378055589,stata_areg_centered_student_vce_unadjusted,10,757999
31445,All,log_program_income_full_clp_m1,.190079320516281,.0830874031517854,.0598679323516104,.473075505317565,stata_areg_centered_student_vce_unadjusted,65,757999
31466,All,log_program_income_full_clp_m1,-.161973111931631,-.268965029296127,.219266273003496,.539021817807518,stata_areg_centered_student_vce_unadjusted,4,757999
31486,All,log_program_income_full_clp_m1,-.0923022870754854,-.199294204439981,.0996386803150424,.333353866613342,stata_areg_centered_student_vce_unadjusted,20,757999
31494,All,log_program_income_full_clp_m1,-.490844850946106,-.597836768310602,.19658551585871,.478166231424447,stata_areg_centered_student_vce_unadjusted,5,757999
31495,All,log_program_income_full_clp_m1,.136522666336647,.0295307489721509,.0535770204504664,.409683002623825,stata_areg_centered_student_vce_unadjusted,111,757999
31499,All,log_program_income_full_clp_m1,.22204895947355,.115057042109054,.078543741305663,.502271622907753,stata_areg_centered_student_vce_unadjusted,45,757999
31504,All,log_program_income_full_clp_m1,.381809093227883,.274817175863387,.223331765990552,.589792073983388,stata_areg_centered_student_vce_unadjusted,7,757999
31509,All,log_program_income_full_clp_m1,.0306904753508269,-.0763014420136688,.0545520501950005,.424744891811476,stata_areg_centered_student_vce_unadjusted,65,757999
32060,All,log_program_income_full_clp_m1,-.373233832096985,-.480225749461481,.313735443557462,.512461489473609,stata_areg_centered_student_vce_unadjusted,2,757999
40008,All,log_program_income_full_clp_m1,-.0656974916399473,-.172689409004443,.0623777814939368,.360560393348802,stata_areg_centered_student_vce_unadjusted,51,757999
40023,All,log_program_income_full_clp_m1,.147632473024826,.0406405556603304,.0456458463445297,.472172427006269,stata_areg_centered_student_vce_unadjusted,286,757999
40024,All,log_program_income_full_clp_m1,.0951349486010323,-.0118569687634634,.0285599632719742,.4131814676583,stata_areg_centered_student_vce_unadjusted,394,757999
40025,All,log_program_income_full_clp_m1,.0847408519838312,-.0222510653806646,.0382071953477705,.444364104989184,stata_areg_centered_student_vce_unadjusted,234,757999
40027,All,log_program_income_full_clp_m1,.204350720975927,.0973588036114311,.0788409310533777,.451540991238189,stata_areg_centered_student_vce_unadjusted,128,757999
40029,All,log_program_income_full_clp_m1,.0889137818560321,-.0180781355084637,.0571024952697627,.430333309446438,stata_areg_centered_student_vce_unadjusted,86,757999
40042,All,log_program_income_full_clp_m1,.151895857760237,.0449039403957409,.04078074239106,.452790006004524,stata_areg_centered_student_vce_unadjusted,172,757999
40047,All,log_program_income_full_clp_m1,-.170908485875793,-.277900403240289,.440138572737717,.,stata_areg_centered_student_vce_unadjusted,1,757999
40064,All,log_program_income_full_clp_m1,.185091962317983,.0781000449534867,.0502639917090529,.420016171511645,stata_areg_centered_student_vce_unadjusted,138,757999
40073,All,log_program_income_full_clp_m1,-.0995249382615544,-.20651685562605,.440813517974585,.,stata_areg_centered_student_vce_unadjusted,1,757999
40076,All,log_program_income_full_clp_m1,-.0342625369861197,-.141254454350615,.0396546677771118,.417028527700205,stata_areg_centered_student_vce_unadjusted,134,757999
40080,All,log_program_income_full_clp_m1,-.00870316047625834,-.115695077840754,.0354099013992113,.402984809072336,stata_areg_centered_student_vce_unadjusted,353,757999
40099,All,log_program_income_full_clp_m1,.0326260254663312,-.0743658918981645,.046893100401784,.376698962656388,stata_areg_centered_student_vce_unadjusted,132,757999
40102,All,log_program_income_full_clp_m1,-.0222540267771511,-.129245944141647,.0661840499029847,.392385407674199,stata_areg_centered_student_vce_unadjusted,52,757999
40110,All,log_program_income_full_clp_m1,.249803962418406,.142812045053911,.0782398481186192,.457684304168065,stata_areg_centered_student_vce_unadjusted,90,757999
40114,All,log_program_income_full_clp_m1,.0798256394166898,-.027166277947806,.0375427685518246,.428895254516192,stata_areg_centered_student_vce_unadjusted,549,757999
40115,All,log_program_income_full_clp_m1,-.0641433832463631,-.171135300610859,.0571530877222465,.343955125962577,stata_areg_centered_student_vce_unadjusted,64,757999
40125,All,log_program_income_full_clp_m1,.372375359965697,.265383442601201,.045693644999933,.456490590439979,stata_areg_centered_student_vce_unadjusted,184,757999
40126,All,log_program_income_full_clp_m1,.0445648735778573,-.0624270437866385,.0327749830917652,.430364027871228,stata_areg_centered_student_vce_unadjusted,290,757999
40146,All,log_program_income_full_clp_m1,-.199987819774998,-.306979737139494,.158423351146508,.181590788477452,stata_areg_centered_student_vce_unadjusted,8,757999
40155,All,log_program_income_full_clp_m1,.0573444586984869,-.0496474586660088,.0446313153751229,.427500461599301,stata_areg_centered_student_vce_unadjusted,156,757999
40160,All,log_program_income_full_clp_m1,-.133304452588416,-.240296369952912,.0469313016612082,.269740261137229,stata_areg_centered_student_vce_unadjusted,95,757999
40186,All,log_program_income_full_clp_m1,-.0433151417611349,-.150307059125631,.0580706163325318,.347945878337788,stata_areg_centered_student_vce_unadjusted,63,757999
40194,All,log_program_income_full_clp_m1,.190204445514695,.0832125281501989,.0347894419769254,.455916801948266,stata_areg_centered_student_vce_unadjusted,279,757999
40202,All,log_program_income_full_clp_m1,.120765679781308,.0137737624168125,.0926947282658429,.41853964131472,stata_areg_centered_student_vce_unadjusted,68,757999
40205,All,log_program_income_full_clp_m1,-.130953597327213,-.237945514691708,.620163636136119,.,stata_areg_centered_student_vce_unadjusted,1,757999
40206,All,log_program_income_full_clp_m1,.207549313050325,.100557395685829,.0830628446987882,.493297638421385,stata_areg_centered_student_vce_unadjusted,29,757999
40208,All,log_program_income_full_clp_m1,.0858430047958099,-.0211489125686859,.0728337019948428,.472698738910529,stata_areg_centered_student_vce_unadjusted,39,757999
40230,All,log_program_income_full_clp_m1,.0527836647501639,-.0542082526143319,.0517317640064741,.37321927007589,stata_areg_centered_student_vce_unadjusted,87,757999
40231,All,log_program_income_full_clp_m1,.219537633215873,.112545715851377,.0557199737345442,.45049926711722,stata_areg_centered_student_vce_unadjusted,124,757999
40248,All,log_program_income_full_clp_m1,-.309957746766864,-.41694966413136,.437235226829908,.,stata_areg_centered_student_vce_unadjusted,1,757999
40251,All,log_program_income_full_clp_m1,.218266631689101,.111274714324605,.0427951377147396,.406055686661232,stata_areg_centered_student_vce_unadjusted,484,757999
40252,All,log_program_income_full_clp_m1,.0959525871437274,-.0110393302207684,.0255964384191011,.431348752651538,stata_areg_centered_student_vce_unadjusted,359,757999
40256,All,log_program_income_full_clp_m1,.0344549518842298,-.072536965480266,.0280729495613172,.41822027110839,stata_areg_centered_student_vce_unadjusted,411,757999
40278,All,log_program_income_full_clp_m1,.247731217080826,.14073929971633,.0671874797448481,.492450710421394,stata_areg_centered_student_vce_unadjusted,83,757999
40282,All,log_program_income_full_clp_m1,-.472245188190718,-.579237105555214,.310298856135898,.489074038763147,stata_areg_centered_student_vce_unadjusted,2,757999
40284,All,log_program_income_full_clp_m1,.115408196330663,.0084162789661669,.0503490153591121,.442885509816239,stata_areg_centered_student_vce_unadjusted,117,757999
40285,All,log_program_income_full_clp_m1,.187776697808773,.0807847804442776,.0552264676848013,.4329720500672,stata_areg_centered_student_vce_unadjusted,121,757999
40288,All,log_program_income_full_clp_m1,-.000208908402364858,-.107200825766861,.123369126867363,.416269034215187,stata_areg_centered_student_vce_unadjusted,13,757999
40289,All,log_program_income_full_clp_m1,.101791875838589,-.00520004152590718,.0566107084138424,.469301116259056,stata_areg_centered_student_vce_unadjusted,305,757999
40295,All,log_program_income_full_clp_m1,.11835962606915,.0113677087046537,.0383556882396957,.511507753745005,stata_areg_centered_student_vce_unadjusted,209,757999
40298,All,log_program_income_full_clp_m1,.0673109736466641,-.0396809437178317,.0310464173697561,.446855027247325,stata_areg_centered_student_vce_unadjusted,284,757999
40299,All,log_program_income_full_clp_m1,.183907809240152,.0769158918756564,.0674448556004182,.483307421678674,stata_areg_centered_student_vce_unadjusted,84,757999
40301,All,log_program_income_full_clp_m1,-.0733674070592725,-.180359324423768,.0403449470970202,.404157906399868,stata_areg_centered_student_vce_unadjusted,345,757999
40305,All,log_program_income_full_clp_m1,.204955861203532,.0979639438390367,.0563287734166997,.345259307532471,stata_areg_centered_student_vce_unadjusted,164,757999
40308,All,log_program_income_full_clp_m1,-.0970401959721842,-.20403211333668,.0548346786443388,.303445892659522,stata_areg_centered_student_vce_unadjusted,68,757999
40310,All,log_program_income_full_clp_m1,.105303775354605,-.00168814200989055,.0539484303406638,.469264921042832,stata_areg_centered_student_vce_unadjusted,176,757999
40316,All,log_program_income_full_clp_m1,.198231518552387,.0912396011878909,.0483712179744196,.400190659214367,stata_areg_centered_student_vce_unadjusted,110,757999
40319,All,log_program_income_full_clp_m1,.108028749297849,.00103683193335333,.0511721820107442,.446967051917306,stata_areg_centered_student_vce_unadjusted,272,757999
40320,All,log_program_income_full_clp_m1,.120396571288948,.0134046539244526,.0306332256170455,.459703099153044,stata_areg_centered_student_vce_unadjusted,420,757999
40321,All,log_program_income_full_clp_m1,-.160760318002617,-.267752235367113,.0699192884445363,.316598981784299,stata_areg_centered_student_vce_unadjusted,42,757999
40334,All,log_program_income_full_clp_m1,-.331821496517601,-.438813413882097,.253458268624221,.027209622074449,stata_areg_centered_student_vce_unadjusted,4,757999
40335,All,log_program_income_full_clp_m1,.0180400236347059,-.0889518937297899,.134286820901812,.522154127735183,stata_areg_centered_student_vce_unadjusted,11,757999
40338,All,log_program_income_full_clp_m1,-.0699005492359391,-.176892466600435,.0995044613682998,.383809535259541,stata_areg_centered_student_vce_unadjusted,20,757999
40340,All,log_program_income_full_clp_m1,.00287092635642943,-.104120991008066,.0586001406088702,.420092025211665,stata_areg_centered_student_vce_unadjusted,148,757999
40343,All,log_program_income_full_clp_m1,.155633382474412,.0486414651099164,.0372111977349219,.423386598695585,stata_areg_centered_student_vce_unadjusted,224,757999
40351,All,log_program_income_full_clp_m1,.135395538616787,.0284036212522915,.0454866668158585,.442522133122798,stata_areg_centered_student_vce_unadjusted,167,757999
40352,All,log_program_income_full_clp_m1,.0942684345726447,-.0127234827918511,.0505216500780784,.386284387901941,stata_areg_centered_student_vce_unadjusted,101,757999
40354,All,log_program_income_full_clp_m1,.0107618897556527,-.0962300276088431,.106226604479297,.59209285370708,stata_areg_centered_student_vce_unadjusted,22,757999
40370,All,log_program_income_full_clp_m1,.0854185731319335,-.0215733442325623,.0633168050827247,.473070393357313,stata_areg_centered_student_vce_unadjusted,114,757999
40371,All,log_program_income_full_clp_m1,.114522126756357,.00753020939186132,.0510018930736091,.438229168686819,stata_areg_centered_student_vce_unadjusted,197,757999
40381,All,log_program_income_full_clp_m1,.0215891223501628,-.085402795014333,.104981364600014,.309643393799645,stata_areg_centered_student_vce_unadjusted,18,757999
40390,All,log_program_income_full_clp_m1,-.127834839142419,-.234826756506915,.230168935562242,.384722692747936,stata_areg_centered_student_vce_unadjusted,4,757999
40393,All,log_program_income_full_clp_m1,.0680804279049003,-.0389114894595955,.0913073797240502,.429505705240577,stata_areg_centered_student_vce_unadjusted,55,757999
40399,All,log_program_income_full_clp_m1,.0587665242129358,-.0482253931515599,.0623194306442513,.419572232030148,stata_areg_centered_student_vce_unadjusted,74,757999
40400,All,log_program_income_full_clp_m1,.132278897056999,.0252869796925036,.0599499739887842,.450873400852711,stata_areg_centered_student_vce_unadjusted,58,757999
40406,All,log_program_income_full_clp_m1,.0146635322567552,-.0923283851077406,.0473940244261625,.453022460488442,stata_areg_centered_student_vce_unadjusted,90,757999
40407,All,log_program_income_full_clp_m1,-.00990738739575403,-.11689930476025,.0616018271933943,.292125646045206,stata_areg_centered_student_vce_unadjusted,55,757999
40414,All,log_program_income_full_clp_m1,-.125762813536047,-.232754730900543,.047638791216091,.331913207071195,stata_areg_centered_student_vce_unadjusted,88,757999
40422,All,log_program_income_full_clp_m1,-.0000739745603086347,-.107065891924804,.0303379409223649,.425463602711366,stata_areg_centered_student_vce_unadjusted,349,757999
40429,All,log_program_income_full_clp_m1,-.15067052444061,-.257662441805106,.0679886529494428,.310268163203035,stata_areg_centered_student_vce_unadjusted,43,757999
40435,All,log_program_income_full_clp_m1,.111095149045066,.00410323168057034,.101117146480186,.481646802664026,stata_areg_centered_student_vce_unadjusted,19,757999
40436,All,log_program_income_full_clp_m1,.108724220757299,.001732303392803,.0608097193129186,.409863388679943,stata_areg_centered_student_vce_unadjusted,59,757999
40447,All,log_program_income_full_clp_m1,-.166074243153551,-.273066160518047,.0592358867779633,.258369619105728,stata_areg_centered_student_vce_unadjusted,68,757999
40457,All,log_program_income_full_clp_m1,-.0663467335215297,-.173338650886025,.0494625522251175,.320450482467359,stata_areg_centered_student_vce_unadjusted,94,757999
41009,All,log_program_income_full_clp_m1,.302811328951061,.195819411586565,.0406958267436437,.459677131473595,stata_areg_centered_student_vce_unadjusted,167,757999
41063,All,log_program_income_full_clp_m1,-.252155316567462,-.359147233931958,.155484850755398,.232562517803127,stata_areg_centered_student_vce_unadjusted,9,757999
41099,All,log_program_income_full_clp_m1,.0413459037141606,-.0656460136503352,.0650534317257901,.447403233465992,stata_areg_centered_student_vce_unadjusted,47,757999
41109,All,log_program_income_full_clp_m1,.106747022425971,-.000244894938524698,.0436804696453554,.509633975766136,stata_areg_centered_student_vce_unadjusted,102,757999
41135,All,log_program_income_full_clp_m1,.0900524630067547,-.0169394543577411,.0427596002166677,.51569151736862,stata_areg_centered_student_vce_unadjusted,116,757999
41173,All,log_program_income_full_clp_m1,-.453727955913671,-.560719873278167,.182568592380184,.158239120840918,stata_areg_centered_student_vce_unadjusted,6,757999
41264,All,log_program_income_full_clp_m1,.12577220558253,.0187802882180346,.111503029671747,.509085070674837,stata_areg_centered_student_vce_unadjusted,17,757999
41295,All,log_program_income_full_clp_m1,-.200661188373202,-.307653105737698,.178772062302575,.127298082096572,stata_areg_centered_student_vce_unadjusted,6,757999
41349,All,log_program_income_full_clp_m1,-.205270102848926,-.312262020213422,.109889739585811,.430940421068761,stata_areg_centered_student_vce_unadjusted,16,757999
41374,All,log_program_income_full_clp_m1,-.0999958369918189,-.206987754356315,.252814743881868,.227803502023392,stata_areg_centered_student_vce_unadjusted,3,757999
41375,All,log_program_income_full_clp_m1,-.179912227927162,-.286904145291658,.2212573077092,.0612426461621586,stata_areg_centered_student_vce_unadjusted,4,757999
41417,All,log_program_income_full_clp_m1,-.373542751071343,-.480534668435839,.253811965892918,.212662614513145,stata_areg_centered_student_vce_unadjusted,3,757999
41418,All,log_program_income_full_clp_m1,-.156336702838985,-.263328620203481,.310894905056265,.19641732768072,stata_areg_centered_student_vce_unadjusted,2,757999
41421,All,log_program_income_full_clp_m1,.0630031565129192,-.0439887608515766,.0451729352413965,.475281160356745,stata_areg_centered_student_vce_unadjusted,99,757999
41439,All,log_program_income_full_clp_m1,.2321179081834,.125125990818904,.0623593511525894,.473506745964765,stata_areg_centered_student_vce_unadjusted,57,757999
41533,All,log_program_income_full_clp_m1,.0812688837653875,-.0257230335991083,.25420542220835,.257640188731963,stata_areg_centered_student_vce_unadjusted,3,757999
41556,All,log_program_income_full_clp_m1,.202595819877468,.095603902512972,.147517980505988,.576334466159861,stata_areg_centered_student_vce_unadjusted,9,757999
41617,All,log_program_income_full_clp_m1,.100336704485155,-.00665521287934086,.0223906261634441,.469509721236894,stata_areg_centered_student_vce_unadjusted,433,757999
41654,All,log_program_income_full_clp_m1,-.571870738961241,-.678862656325736,.437089482357188,.,stata_areg_centered_student_vce_unadjusted,1,757999
41658,All,log_program_income_full_clp_m1,.0639182819647377,-.0430736353997581,.0339606394198116,.444250874001969,stata_areg_centered_student_vce_unadjusted,233,757999
41702,All,log_program_income_full_clp_m1,.163973809152477,.0569818917879816,.0437543439451956,.434742004015337,stata_areg_centered_student_vce_unadjusted,185,757999
41712,All,log_program_income_full_clp_m1,-.235554171147907,-.342546088512403,.315135059574389,.107700210727356,stata_areg_centered_student_vce_unadjusted,2,757999
41773,All,log_program_income_full_clp_m1,-.223722277287302,-.330714194651797,.441327475665822,.,stata_areg_centered_student_vce_unadjusted,1,757999
41780,All,log_program_income_full_clp_m1,.249569426253436,.14257750888894,.0578764389441825,.520911433612946,stata_areg_centered_student_vce_unadjusted,64,757999
41791,All,log_program_income_full_clp_m1,.303680027071085,.196688109706589,.124313758778787,.678831583462763,stata_areg_centered_student_vce_unadjusted,14,757999
41800,All,log_program_income_full_clp_m1,-.581570409064571,-.688562326429067,.436773479016085,.,stata_areg_centered_student_vce_unadjusted,1,757999
41814,All,log_program_income_full_clp_m1,.13346504789602,.0264731305315246,.0658375287214617,.566941827128267,stata_areg_centered_student_vce_unadjusted,46,757999
41846,All,log_program_income_full_clp_m1,.0447953346527333,-.0621965827117625,.146798582654354,.448866187967149,stata_areg_centered_student_vce_unadjusted,9,757999
41872,All,log_program_income_full_clp_m1,-.0877108607180955,-.194702778082591,.309722636534585,.434124806021373,stata_areg_centered_student_vce_unadjusted,2,757999
41888,All,log_program_income_full_clp_m1,-.415311760170731,-.522303677535226,.457797381059216,.,stata_areg_centered_student_vce_unadjusted,1,757999
41892,All,log_program_income_full_clp_m1,-.18130730259084,-.288299219955336,.310461662247208,.296162833410867,stata_areg_centered_student_vce_unadjusted,2,757999
41899,All,log_program_income_full_clp_m1,.276020431751321,.169028514386826,.0614749473392783,.44324542303922,stata_areg_centered_student_vce_unadjusted,81,757999
41916,All,log_program_income_full_clp_m1,-.281259591522555,-.38825150888705,.253951731797858,.0404938940138228,stata_areg_centered_student_vce_unadjusted,3,757999
41917,All,log_program_income_full_clp_m1,.179691268693584,.072699351329088,.437312851229764,.,stata_areg_centered_student_vce_unadjusted,1,757999
41955,All,log_program_income_full_clp_m1,.0388906877854777,-.0681012295790181,.165881310421674,.423413051720213,stata_areg_centered_student_vce_unadjusted,7,757999
42018,All,log_program_income_full_clp_m1,-.161162469040567,-.268154386405063,.438400692242108,.,stata_areg_centered_student_vce_unadjusted,1,757999
42035,All,log_program_income_full_clp_m1,.416432848481227,.309440931116731,.440392349568882,.,stata_areg_centered_student_vce_unadjusted,1,757999
42042,All,log_program_income_full_clp_m1,-.300468841145184,-.407460758509679,.443332837804528,.,stata_areg_centered_student_vce_unadjusted,1,757999
42061,All,log_program_income_full_clp_m1,-.0292984085998364,-.136290325964332,.439749792419531,.,stata_areg_centered_student_vce_unadjusted,1,757999
42081,All,log_program_income_full_clp_m1,.374715562885104,.267723645520608,.312083297867123,.644898916406744,stata_areg_centered_student_vce_unadjusted,2,757999
42105,All,log_program_income_full_clp_m1,.619491310060109,.512499392695614,.437459262312591,.,stata_areg_centered_student_vce_unadjusted,1,757999
42130,All,log_program_income_full_clp_m1,-.477316328479571,-.584308245844067,.308694839859547,.14788047642759,stata_areg_centered_student_vce_unadjusted,2,757999
42158,All,log_program_income_full_clp_m1,-.0766159335722935,-.183607850936789,.0888445777685271,.332502102770953,stata_areg_centered_student_vce_unadjusted,25,757999
42166,All,log_program_income_full_clp_m1,-.15030671099388,-.257298628358376,.156027954639917,.191013825893755,stata_areg_centered_student_vce_unadjusted,8,757999
42168,All,log_program_income_full_clp_m1,-.218854293065828,-.325846210430324,.196432897527363,.303408306723097,stata_areg_centered_student_vce_unadjusted,5,757999
42178,All,log_program_income_full_clp_m1,.161612239358927,.0546203219944308,.167534130770314,.510337780445348,stata_areg_centered_student_vce_unadjusted,7,757999
42198,All,log_program_income_full_clp_m1,.313195951638133,.206204034273637,.25301825306292,.460808527106645,stata_areg_centered_student_vce_unadjusted,3,757999
