school_rbd,analysis_sample,outcome,va_raw,va_centered,va_se,va_resid_sd,va_se_method,n_students,n_total
1,All,stem_enrollment_m1,0,.06522736596213,.0260179250172542,.414242920398521,stata_areg_centered_student_vce_unadjusted,321,757999
3,All,stem_enrollment_m1,-.337174253607766,-.271946887645636,.159283921373665,.0620744835220188,stata_areg_centered_student_vce_unadjusted,6,757999
4,All,stem_enrollment_m1,-.0551301457052683,.0100972202568618,.0193574592589486,.409246390303709,stata_areg_centered_student_vce_unadjusted,849,757999
5,All,stem_enrollment_m1,-.0829716956019668,-.0177443296398368,.0245436217228826,.389916262038688,stata_areg_centered_student_vce_unadjusted,429,757999
7,All,stem_enrollment_m1,-.00479945442906144,.0604279115330686,.020632537742768,.428940777079836,stata_areg_centered_student_vce_unadjusted,731,757999
8,All,stem_enrollment_m1,-.0912139760647356,-.0259866101026056,.0364367132251446,.398594682584338,stata_areg_centered_student_vce_unadjusted,167,757999
15,All,stem_enrollment_m1,-.13456855707805,-.0693411911159201,.051960687532535,.347493479007709,stata_areg_centered_student_vce_unadjusted,85,757999
22,All,stem_enrollment_m1,-.109244094972177,-.0440167290100471,.388772880592592,.,stata_areg_centered_student_vce_unadjusted,1,757999
25,All,stem_enrollment_m1,-.0267881056123303,.0384392603497997,.043951338505285,.407115834732467,stata_areg_centered_student_vce_unadjusted,107,757999
28,All,stem_enrollment_m1,-.179642392063339,-.114415026101209,.0779749014284697,.282850455388555,stata_areg_centered_student_vce_unadjusted,26,757999
32,All,stem_enrollment_m1,-.0729614921517689,-.00773412618963884,.0644790320917195,.370952937463287,stata_areg_centered_student_vce_unadjusted,72,757999
45,All,stem_enrollment_m1,-.0579080155912735,.00731935037085651,.0339561791299164,.339958620569032,stata_areg_centered_student_vce_unadjusted,227,757999
50,All,stem_enrollment_m1,-.095561457068076,-.030334091105946,.0557335242933134,.402710932029169,stata_areg_centered_student_vce_unadjusted,193,757999
52,All,stem_enrollment_m1,-.0908529105867524,-.0256255446246224,.018313103044835,.390707186680052,stata_areg_centered_student_vce_unadjusted,1333,757999
56,All,stem_enrollment_m1,.035289991379644,.100517357341774,.037408117589074,.428668034987991,stata_areg_centered_student_vce_unadjusted,287,757999
59,All,stem_enrollment_m1,-.135376217943163,-.0701488519810326,.0478515134126846,.415982877464504,stata_areg_centered_student_vce_unadjusted,131,757999
60,All,stem_enrollment_m1,-.0286767293018091,.0365506366603209,.0371986179799087,.388703078517501,stata_areg_centered_student_vce_unadjusted,256,757999
67,All,stem_enrollment_m1,-.0206905012274986,.0445368647346314,.0603046015895719,.450412849240919,stata_areg_centered_student_vce_unadjusted,156,757999
69,All,stem_enrollment_m1,.0194662564147276,.0846936223768576,.0484709185397108,.461888336711166,stata_areg_centered_student_vce_unadjusted,162,757999
72,All,stem_enrollment_m1,.00278877594514976,.0680161419072798,.291574166814778,.400214024526709,stata_areg_centered_student_vce_unadjusted,2,757999
78,All,stem_enrollment_m1,-.134652109828865,-.0694247438667348,.11162177423155,.44355725732238,stata_areg_centered_student_vce_unadjusted,25,757999
97,All,stem_enrollment_m1,-.0862340925987987,-.0210067266366686,.0302719381714688,.373122068178638,stata_areg_centered_student_vce_unadjusted,196,757999
103,All,stem_enrollment_m1,-.0920190329466053,-.0267916669844753,.0411089959831183,.349975282887678,stata_areg_centered_student_vce_unadjusted,138,757999
106,All,stem_enrollment_m1,.0110934092954792,.0763207752576093,.0272108217758083,.443479457403145,stata_areg_centered_student_vce_unadjusted,280,757999
107,All,stem_enrollment_m1,-.0938564787484324,-.0286291127863024,.0359337447289385,.365269386930038,stata_areg_centered_student_vce_unadjusted,135,757999
108,All,stem_enrollment_m1,-.0464406503372738,.0187867156248562,.026839231465829,.368484016520164,stata_areg_centered_student_vce_unadjusted,273,757999
109,All,stem_enrollment_m1,-.128110711936026,-.0628833459738963,.032278638486411,.270115870359376,stata_areg_centered_student_vce_unadjusted,176,757999
110,All,stem_enrollment_m1,-.0505217870270211,.0147055789351089,.0387451150659298,.41155932617734,stata_areg_centered_student_vce_unadjusted,159,757999
124,All,stem_enrollment_m1,.00521197297574249,.0704393389378725,.0193977829099548,.421428315356597,stata_areg_centered_student_vce_unadjusted,753,757999
125,All,stem_enrollment_m1,-.0233464236650354,.0418809422970946,.0394401837209532,.425903971717689,stata_areg_centered_student_vce_unadjusted,140,757999
127,All,stem_enrollment_m1,.0502860035401135,.115513369502244,.0348974937175248,.383077341834154,stata_areg_centered_student_vce_unadjusted,277,757999
129,All,stem_enrollment_m1,-.12336371009009,-.0581363441279604,.0764391207036424,.333054528961589,stata_areg_centered_student_vce_unadjusted,31,757999
130,All,stem_enrollment_m1,.0461247575660071,.111352123528137,.0532439009289394,.437986530869648,stata_areg_centered_student_vce_unadjusted,92,757999
131,All,stem_enrollment_m1,-.16320460990598,-.0979772439438504,.0547382326396909,.302099583660552,stata_areg_centered_student_vce_unadjusted,75,757999
132,All,stem_enrollment_m1,-.0446983712242539,.0205289947378761,.0251238898175458,.408967972789218,stata_areg_centered_student_vce_unadjusted,685,757999
133,All,stem_enrollment_m1,-.0522513060161282,.0129760599460019,.0478901834083648,.421563493850517,stata_areg_centered_student_vce_unadjusted,160,757999
134,All,stem_enrollment_m1,-.0498409695996633,.0153863963624667,.0598612167471789,.395735968930808,stata_areg_centered_student_vce_unadjusted,64,757999
144,All,stem_enrollment_m1,-.0697132018970678,-.00448583593493773,.045042567644844,.339685054756039,stata_areg_centered_student_vce_unadjusted,97,757999
161,All,stem_enrollment_m1,-.0131970013799968,.0520303645821333,.0640297883122121,.348161441874629,stata_areg_centered_student_vce_unadjusted,65,757999
178,All,stem_enrollment_m1,-.211456303068269,-.146228937106139,.105310651042459,.329887620191169,stata_areg_centered_student_vce_unadjusted,23,757999
191,All,stem_enrollment_m1,-.0825288596165817,-.0173014936544517,.0300179547270041,.356969850810204,stata_areg_centered_student_vce_unadjusted,546,757999
199,All,stem_enrollment_m1,-.0180901618792805,.0471372040828495,.035659154692987,.397789936935853,stata_areg_centered_student_vce_unadjusted,358,757999
200,All,stem_enrollment_m1,.0683410865709357,.133568452533066,.0352312571857495,.430978305376544,stata_areg_centered_student_vce_unadjusted,447,757999
208,All,stem_enrollment_m1,-.041272078578806,.0239552873833241,.036056171356852,.413588729052306,stata_areg_centered_student_vce_unadjusted,396,757999
211,All,stem_enrollment_m1,.0821366348730801,.14736400083521,.0633344937033208,.444897577054782,stata_areg_centered_student_vce_unadjusted,180,757999
217,All,stem_enrollment_m1,-.0599161973474101,.00531116861471988,.0184702864141054,.420925246675541,stata_areg_centered_student_vce_unadjusted,923,757999
218,All,stem_enrollment_m1,-.0312251082790559,.0340022576830741,.029935605237553,.407724401723225,stata_areg_centered_student_vce_unadjusted,206,757999
219,All,stem_enrollment_m1,.120420215798155,.185647581760286,.0220466120150581,.479426730250413,stata_areg_centered_student_vce_unadjusted,515,757999
220,All,stem_enrollment_m1,.155833436910688,.221060802872818,.0194634840193815,.479271784981179,stata_areg_centered_student_vce_unadjusted,809,757999
222,All,stem_enrollment_m1,-.174903000689184,-.109675634727054,.044830317149878,.316894008229165,stata_areg_centered_student_vce_unadjusted,83,757999
227,All,stem_enrollment_m1,-.113194380863606,-.0479670149014758,.389523304657385,.,stata_areg_centered_student_vce_unadjusted,1,757999
253,All,stem_enrollment_m1,-.0597015479307276,.0055258180314024,.036724485251453,.427233481549537,stata_areg_centered_student_vce_unadjusted,219,757999
254,All,stem_enrollment_m1,-.0723801257485235,-.00715275978639351,.0396391488394062,.318895097094822,stata_areg_centered_student_vce_unadjusted,155,757999
255,All,stem_enrollment_m1,-.123632780755612,-.0584054147934817,.0368880881152791,.417173105846411,stata_areg_centered_student_vce_unadjusted,192,757999
256,All,stem_enrollment_m1,-.0675200910477151,-.0022927250855851,.032823751742328,.421309554170939,stata_areg_centered_student_vce_unadjusted,446,757999
257,All,stem_enrollment_m1,-.151272492400747,-.0860451264386165,.0442181420296539,.398741654261167,stata_areg_centered_student_vce_unadjusted,217,757999
270,All,stem_enrollment_m1,-.183291433689066,-.118064067726936,.0804838708749064,.406954882376065,stata_areg_centered_student_vce_unadjusted,46,757999
279,All,stem_enrollment_m1,.103706922570506,.168934288532636,.0155305211095931,.480414317975973,stata_areg_centered_student_vce_unadjusted,1325,757999
280,All,stem_enrollment_m1,-.0694439428726288,-.0042165769104988,.0181346197331296,.38086296480919,stata_areg_centered_student_vce_unadjusted,758,757999
283,All,stem_enrollment_m1,-.072952283873557,-.007724917911427,.0182718787052521,.326969504576974,stata_areg_centered_student_vce_unadjusted,723,757999
284,All,stem_enrollment_m1,-.0477245511545118,.0175028148076182,.0428036099983382,.432587961684409,stata_areg_centered_student_vce_unadjusted,103,757999
285,All,stem_enrollment_m1,.0326896875527177,.0979170535148478,.03258821627736,.418220811552196,stata_areg_centered_student_vce_unadjusted,180,757999
286,All,stem_enrollment_m1,-.048156562581607,.017070803380523,.0226083063615812,.377504974644521,stata_areg_centered_student_vce_unadjusted,403,757999
287,All,stem_enrollment_m1,-.0661000625357765,-.000872696573646525,.0181613543755014,.394835866998085,stata_areg_centered_student_vce_unadjusted,784,757999
298,All,stem_enrollment_m1,-.0591677846640575,.00605958129807251,.388987081657823,.,stata_areg_centered_student_vce_unadjusted,1,757999
304,All,stem_enrollment_m1,-.0118856086461625,.0533417573159675,.034352409934476,.425142100603335,stata_areg_centered_student_vce_unadjusted,428,757999
312,All,stem_enrollment_m1,.0158253813397861,.0810527473019161,.389840326463365,.,stata_areg_centered_student_vce_unadjusted,1,757999
320,All,stem_enrollment_m1,-.076038997238127,-.0108116312759969,.0382514097169364,.393092933982117,stata_areg_centered_student_vce_unadjusted,155,757999
324,All,stem_enrollment_m1,-.2526418802725,-.18741451431037,.226694439371398,.173836372897024,stata_areg_centered_student_vce_unadjusted,3,757999
329,All,stem_enrollment_m1,-.041591186971848,.023636178990282,.0559097660417284,.44304717524461,stata_areg_centered_student_vce_unadjusted,103,757999
335,All,stem_enrollment_m1,-.0777163921616686,-.0124890261995386,.0496395140004964,.382388339254905,stata_areg_centered_student_vce_unadjusted,97,757999
336,All,stem_enrollment_m1,-.119491753916362,-.0542643879542321,.0268486662529852,.40286464300636,stata_areg_centered_student_vce_unadjusted,405,757999
337,All,stem_enrollment_m1,-.0390113856567647,.0262159803053653,.0438436187673688,.420269236029635,stata_areg_centered_student_vce_unadjusted,247,757999
341,All,stem_enrollment_m1,-.00837030513904217,.0568570608230879,.0341740467248258,.413721356865445,stata_areg_centered_student_vce_unadjusted,267,757999
342,All,stem_enrollment_m1,-.0526613781909528,.0125659877711772,.0270523544732202,.437454755418145,stata_areg_centered_student_vce_unadjusted,452,757999
344,All,stem_enrollment_m1,-.121985605941254,-.0567582399791237,.036930480828586,.425522715835889,stata_areg_centered_student_vce_unadjusted,266,757999
350,All,stem_enrollment_m1,-.00233825200422573,.0628891139579043,.0411725485030809,.428085410287341,stata_areg_centered_student_vce_unadjusted,236,757999
355,All,stem_enrollment_m1,-.0139874608988303,.0512399050632997,.0950335846327271,.446426471068587,stata_areg_centered_student_vce_unadjusted,18,757999
356,All,stem_enrollment_m1,-.0535368385838991,.011690527378231,.0537548127133341,.402187315718424,stata_areg_centered_student_vce_unadjusted,285,757999
357,All,stem_enrollment_m1,-.0469910905948676,.0182362753672625,.0481575285085502,.478992609076768,stata_areg_centered_student_vce_unadjusted,245,757999
358,All,stem_enrollment_m1,-.0820925052558335,-.0168651392937035,.0493085742974444,.374235053142248,stata_areg_centered_student_vce_unadjusted,102,757999
361,All,stem_enrollment_m1,-.0192930003879821,.045934365574148,.0503252575233573,.437778298396872,stata_areg_centered_student_vce_unadjusted,210,757999
364,All,stem_enrollment_m1,-.0558615079846576,.00936585797747238,.0433630536750358,.403979403046178,stata_areg_centered_student_vce_unadjusted,132,757999
365,All,stem_enrollment_m1,-.0845057830904819,-.0192784171283519,.0364761884801541,.434307511653386,stata_areg_centered_student_vce_unadjusted,256,757999
366,All,stem_enrollment_m1,-.029770703761833,.035456662200297,.037352922740066,.482668900629968,stata_areg_centered_student_vce_unadjusted,234,757999
367,All,stem_enrollment_m1,.0135370686347045,.0787644345968345,.0384777201232388,.437643553909162,stata_areg_centered_student_vce_unadjusted,389,757999
371,All,stem_enrollment_m1,-.0760565639615284,-.0108291979993984,.119781986025035,.48238070672479,stata_areg_centered_student_vce_unadjusted,15,757999
372,All,stem_enrollment_m1,.0114962066380776,.0767235726002076,.0527368951795841,.397856126418705,stata_areg_centered_student_vce_unadjusted,288,757999
373,All,stem_enrollment_m1,-.156828228023266,-.0916008620611362,.049985108268389,.357811772030724,stata_areg_centered_student_vce_unadjusted,328,757999
379,All,stem_enrollment_m1,-.165435242112973,-.100207876150843,.0397972497609219,.38565186657539,stata_areg_centered_student_vce_unadjusted,573,757999
381,All,stem_enrollment_m1,-.380995180445929,-.315767814483799,.39334673099599,.,stata_areg_centered_student_vce_unadjusted,1,757999
384,All,stem_enrollment_m1,-.0229525761697398,.0422747897923902,.042647510945678,.431040663601038,stata_areg_centered_student_vce_unadjusted,405,757999
392,All,stem_enrollment_m1,-.0796476464532786,-.0144202804911486,.0431353290059421,.41198650941529,stata_areg_centered_student_vce_unadjusted,256,757999
396,All,stem_enrollment_m1,-.0363464404743536,.0288809254877764,.0237837713914618,.429791615470528,stata_areg_centered_student_vce_unadjusted,464,757999
397,All,stem_enrollment_m1,-.140592532921417,-.0753651669592869,.174796283907889,.488199751906786,stata_areg_centered_student_vce_unadjusted,5,757999
399,All,stem_enrollment_m1,-.0272739354653684,.0379534304967616,.0230264469163409,.405944817261725,stata_areg_centered_student_vce_unadjusted,538,757999
400,All,stem_enrollment_m1,-.0771710713335556,-.0119437053714256,.0294574343515474,.398941998888756,stata_areg_centered_student_vce_unadjusted,532,757999
415,All,stem_enrollment_m1,-.0975050934760726,-.0322777275139426,.0430811669252928,.407832053771402,stata_areg_centered_student_vce_unadjusted,302,757999
416,All,stem_enrollment_m1,-.13117116862907,-.0659438026669403,.38868930737532,.,stata_areg_centered_student_vce_unadjusted,1,757999
419,All,stem_enrollment_m1,-.149498702350349,-.0842713363882187,.110696088024208,.262447761188804,stata_areg_centered_student_vce_unadjusted,13,757999
420,All,stem_enrollment_m1,-.0041546470057876,.0610727189563424,.0303402652870101,.424844851950472,stata_areg_centered_student_vce_unadjusted,273,757999
429,All,stem_enrollment_m1,-.0541588977199249,.0110684682422051,.0326965465278067,.436946979391154,stata_areg_centered_student_vce_unadjusted,544,757999
430,All,stem_enrollment_m1,-.0614742194908968,.00375314647123322,.0360180962884209,.357289728818984,stata_areg_centered_student_vce_unadjusted,224,757999
431,All,stem_enrollment_m1,-.0535082127198292,.0117191532423008,.0338850293067675,.358128195646408,stata_areg_centered_student_vce_unadjusted,192,757999
433,All,stem_enrollment_m1,-.0632849685680931,.00194239739403697,.0398893929886745,.416038041323305,stata_areg_centered_student_vce_unadjusted,297,757999
437,All,stem_enrollment_m1,.0710768491839577,.136304215146088,.0189085364500339,.471553185623152,stata_areg_centered_student_vce_unadjusted,1047,757999
438,All,stem_enrollment_m1,-.112950768301632,-.0477234023395023,.0358775975998219,.372350401381283,stata_areg_centered_student_vce_unadjusted,310,757999
440,All,stem_enrollment_m1,-.00337682296115525,.0618505430009748,.0391058881955698,.429769439153881,stata_areg_centered_student_vce_unadjusted,335,757999
441,All,stem_enrollment_m1,.0918408583259953,.157068224288125,.081213897816672,.428479184668279,stata_areg_centered_student_vce_unadjusted,36,757999
448,All,stem_enrollment_m1,-.0413638903321804,.0238634756299497,.0276329047570266,.398778783731704,stata_areg_centered_student_vce_unadjusted,666,757999
449,All,stem_enrollment_m1,.109872998089003,.175100364051133,.0291981175983233,.479584647442135,stata_areg_centered_student_vce_unadjusted,502,757999
478,All,stem_enrollment_m1,-.158118477850134,-.0928911118880038,.0583953086087451,.405908719063949,stata_areg_centered_student_vce_unadjusted,328,757999
479,All,stem_enrollment_m1,-.0339815905267053,.0312457754354248,.0306596089633704,.432817865635218,stata_areg_centered_student_vce_unadjusted,486,757999
486,All,stem_enrollment_m1,.0729283190068087,.138155684968939,.0373461431062335,.443974449713947,stata_areg_centered_student_vce_unadjusted,324,757999
487,All,stem_enrollment_m1,-.165292812637257,-.100065446675127,.16183785108114,.112844828182632,stata_areg_centered_student_vce_unadjusted,6,757999
516,All,stem_enrollment_m1,-.0268620377355539,.0383653282265761,.0249503122179944,.397752804002484,stata_areg_centered_student_vce_unadjusted,293,757999
517,All,stem_enrollment_m1,-.0486007576352159,.0166266083269141,.0205272107972675,.407740034173353,stata_areg_centered_student_vce_unadjusted,608,757999
518,All,stem_enrollment_m1,-.0541845926155435,.0110427733465865,.0244170240649725,.29884020454539,stata_areg_centered_student_vce_unadjusted,294,757999
521,All,stem_enrollment_m1,-.0365647185199877,.0286626474421423,.0586798905157254,.417987765066522,stata_areg_centered_student_vce_unadjusted,67,757999
526,All,stem_enrollment_m1,-.0638565672842493,.00137079867788077,.0500686515641966,.445175680201679,stata_areg_centered_student_vce_unadjusted,131,757999
530,All,stem_enrollment_m1,-.0662886401381963,-.00106127417606626,.0300558174803352,.389827033668197,stata_areg_centered_student_vce_unadjusted,215,757999
531,All,stem_enrollment_m1,-.0141901852556688,.0510371807064612,.0534822337530735,.389378448750301,stata_areg_centered_student_vce_unadjusted,83,757999
532,All,stem_enrollment_m1,-.137357400074992,-.0721300341128623,.0432472734114684,.297221689869478,stata_areg_centered_student_vce_unadjusted,87,757999
535,All,stem_enrollment_m1,-.0111899393642884,.0540374265978416,.0446799010099513,.398009002503794,stata_areg_centered_student_vce_unadjusted,108,757999
565,All,stem_enrollment_m1,-.0363037249891189,.0289236409730112,.0363648352202722,.433587281677661,stata_areg_centered_student_vce_unadjusted,251,757999
566,All,stem_enrollment_m1,.0100546644050391,.0752820303671691,.395409482726087,.,stata_areg_centered_student_vce_unadjusted,1,757999
567,All,stem_enrollment_m1,.0333088489716497,.0985362149337798,.0460849329219017,.45303580002822,stata_areg_centered_student_vce_unadjusted,293,757999
568,All,stem_enrollment_m1,-.021776490770511,.0434508751916191,.0594444589081277,.428108598385464,stata_areg_centered_student_vce_unadjusted,167,757999
570,All,stem_enrollment_m1,.0794638912149054,.144691257177035,.0603340446765886,.43301576608377,stata_areg_centered_student_vce_unadjusted,168,757999
573,All,stem_enrollment_m1,-.077310936461215,-.0120835704990849,.0321946076814139,.429929492404345,stata_areg_centered_student_vce_unadjusted,282,757999
574,All,stem_enrollment_m1,.190108639109483,.255336005071613,.0235583987281985,.479682537597382,stata_areg_centered_student_vce_unadjusted,641,757999
575,All,stem_enrollment_m1,-.0897400991935987,-.0245127332314686,.0204113540108941,.273706619674851,stata_areg_centered_student_vce_unadjusted,600,757999
578,All,stem_enrollment_m1,-.0412323081730916,.0239950577890385,.0329373962244423,.420141190322454,stata_areg_centered_student_vce_unadjusted,154,757999
579,All,stem_enrollment_m1,-.0344078568043181,.030819509157812,.0301548447357686,.43372020324348,stata_areg_centered_student_vce_unadjusted,455,757999
580,All,stem_enrollment_m1,-.0967742179406152,-.0315468519784852,.0317692560661653,.432802568072146,stata_areg_centered_student_vce_unadjusted,424,757999
581,All,stem_enrollment_m1,-.0953398735682177,-.0301125076060876,.0508003127211268,.412063957237984,stata_areg_centered_student_vce_unadjusted,162,757999
582,All,stem_enrollment_m1,-.104903507734379,-.0396761417722493,.0346969025175011,.43212968177794,stata_areg_centered_student_vce_unadjusted,213,757999
583,All,stem_enrollment_m1,-.108450727280002,-.0432233613178716,.0468773487011655,.397200344504534,stata_areg_centered_student_vce_unadjusted,259,757999
585,All,stem_enrollment_m1,-.156496635826449,-.091269269864319,.0646691937000759,.419610471296853,stata_areg_centered_student_vce_unadjusted,182,757999
587,All,stem_enrollment_m1,.058884032443204,.124111398405334,.062254293990663,.476524287854828,stata_areg_centered_student_vce_unadjusted,77,757999
589,All,stem_enrollment_m1,-.0569837192174965,.00824364674463354,.0512177860796529,.45925842024884,stata_areg_centered_student_vce_unadjusted,105,757999
590,All,stem_enrollment_m1,.00840216314861948,.0736295291107495,.0319876954909424,.467516983483572,stata_areg_centered_student_vce_unadjusted,268,757999
591,All,stem_enrollment_m1,-.0964883731212006,-.0312610071590706,.0476970202639419,.430083188278041,stata_areg_centered_student_vce_unadjusted,193,757999
597,All,stem_enrollment_m1,-.0665191470414678,-.00129178107933779,.0683794884486259,.420698395640507,stata_areg_centered_student_vce_unadjusted,48,757999
609,All,stem_enrollment_m1,-.0445103043603266,.0207170616018034,.0195974647450286,.407160370152966,stata_areg_centered_student_vce_unadjusted,605,757999
610,All,stem_enrollment_m1,.117807295161206,.183034661123336,.0246907210824959,.471784247511065,stata_areg_centered_student_vce_unadjusted,318,757999
611,All,stem_enrollment_m1,-.0683657389403217,-.00313837297819171,.0340057395241298,.37729064729028,stata_areg_centered_student_vce_unadjusted,149,757999
613,All,stem_enrollment_m1,-.113067088891141,-.047839722929011,.0377078101737633,.353395282397479,stata_areg_centered_student_vce_unadjusted,206,757999
629,All,stem_enrollment_m1,.0522774944825832,.117504860444713,.0374217627407589,.438602988276053,stata_areg_centered_student_vce_unadjusted,151,757999
646,All,stem_enrollment_m1,-.0727156362324549,-.00748827027032489,.0252324851692418,.394748727309619,stata_areg_centered_student_vce_unadjusted,407,757999
647,All,stem_enrollment_m1,.00892334412675215,.0741507100888822,.0412402944844939,.454346426913363,stata_areg_centered_student_vce_unadjusted,130,757999
648,All,stem_enrollment_m1,-.0861556431253361,-.0209282771632061,.0669069690231557,.401399912511529,stata_areg_centered_student_vce_unadjusted,301,757999
649,All,stem_enrollment_m1,-.0565178901198021,.00870947584232796,.0345077254843696,.426408910945873,stata_areg_centered_student_vce_unadjusted,405,757999
656,All,stem_enrollment_m1,.10738541719898,.17261278316111,.0453700571180366,.474675992888481,stata_areg_centered_student_vce_unadjusted,211,757999
664,All,stem_enrollment_m1,-.0383926594199383,.0268347065421918,.0479401045275375,.450384595138328,stata_areg_centered_student_vce_unadjusted,191,757999
665,All,stem_enrollment_m1,-.0298093218052107,.0354180441569193,.0315917145957542,.394884488882429,stata_areg_centered_student_vce_unadjusted,361,757999
666,All,stem_enrollment_m1,-.272448555705169,-.207221189743039,.39034778894638,.,stata_areg_centered_student_vce_unadjusted,1,757999
668,All,stem_enrollment_m1,-.0724014089439823,-.00717404298185227,.0545521163861725,.36201502533981,stata_areg_centered_student_vce_unadjusted,94,757999
690,All,stem_enrollment_m1,-.0657568743871876,-.000529508425057557,.0414614419560452,.393683224676042,stata_areg_centered_student_vce_unadjusted,277,757999
701,All,stem_enrollment_m1,-.0528625808261524,.0123647851359776,.0285160182838647,.383195523065368,stata_areg_centered_student_vce_unadjusted,288,757999
704,All,stem_enrollment_m1,-.119685469244523,-.0544581032823928,.0308429298364341,.387417953063833,stata_areg_centered_student_vce_unadjusted,568,757999
705,All,stem_enrollment_m1,.0979924813615939,.163219847323724,.0209118733611842,.461120460680075,stata_areg_centered_student_vce_unadjusted,876,757999
706,All,stem_enrollment_m1,-.0465837243836796,.0186436415784505,.389244380841212,.,stata_areg_centered_student_vce_unadjusted,1,757999
709,All,stem_enrollment_m1,-.23026025985969,-.16503289389756,.389251210012159,.,stata_areg_centered_student_vce_unadjusted,1,757999
712,All,stem_enrollment_m1,-.0288839407798911,.036343425182239,.390000925471683,.,stata_areg_centered_student_vce_unadjusted,1,757999
763,All,stem_enrollment_m1,-.0771498793458388,-.0119225133837088,.0421744450822674,.418660730999218,stata_areg_centered_student_vce_unadjusted,329,757999
766,All,stem_enrollment_m1,-.113819081791155,-.0485917158290247,.0382121981338587,.399471796064296,stata_areg_centered_student_vce_unadjusted,506,757999
767,All,stem_enrollment_m1,-.0892188771181152,-.0239915111559852,.0575896511844109,.425251994455901,stata_areg_centered_student_vce_unadjusted,131,757999
768,All,stem_enrollment_m1,-.0968923641534629,-.0316649981913329,.0223990528624126,.235553457615412,stata_areg_centered_student_vce_unadjusted,740,757999
769,All,stem_enrollment_m1,-.0405235292432436,.0247038367188864,.0614916902480664,.4066457423933,stata_areg_centered_student_vce_unadjusted,344,757999
770,All,stem_enrollment_m1,-.110688104516697,-.045460738554567,.0766682268685614,.400699739315501,stata_areg_centered_student_vce_unadjusted,147,757999
772,All,stem_enrollment_m1,.0252780998399161,.0905054658020461,.0260869628559732,.441861376325722,stata_areg_centered_student_vce_unadjusted,386,757999
774,All,stem_enrollment_m1,-.065826161831835,-.000598795869704988,.0723219300539505,.400538103646899,stata_areg_centered_student_vce_unadjusted,69,757999
799,All,stem_enrollment_m1,-.0544943749553659,.0107329910067641,.0396906248972538,.385609517446674,stata_areg_centered_student_vce_unadjusted,174,757999
800,All,stem_enrollment_m1,-.0236600436463512,.0415673223157788,.392133444241011,.,stata_areg_centered_student_vce_unadjusted,1,757999
802,All,stem_enrollment_m1,-.0389021059174523,.0263252600446777,.0289854638558504,.391165689271781,stata_areg_centered_student_vce_unadjusted,389,757999
803,All,stem_enrollment_m1,-.0105285147496718,.0546988512124583,.38909503960665,.,stata_areg_centered_student_vce_unadjusted,1,757999
845,All,stem_enrollment_m1,-.0806847643265194,-.0154573983643893,.041360675633408,.388365313294628,stata_areg_centered_student_vce_unadjusted,335,757999
892,All,stem_enrollment_m1,-.391311601591413,-.326084235629283,.391096017680735,.,stata_areg_centered_student_vce_unadjusted,1,757999
908,All,stem_enrollment_m1,-.182582479264897,-.117355113302767,.394600474702706,.,stata_areg_centered_student_vce_unadjusted,1,757999
964,All,stem_enrollment_m1,-.125640945928678,-.060413579966548,.107778715166288,.358665915755483,stata_areg_centered_student_vce_unadjusted,14,757999
967,All,stem_enrollment_m1,-.0247523899019537,.0404749760601764,.0369944658828057,.387495525465654,stata_areg_centered_student_vce_unadjusted,284,757999
968,All,stem_enrollment_m1,.0770961816640465,.142323547626177,.0329503969709232,.469032915852635,stata_areg_centered_student_vce_unadjusted,367,757999
982,All,stem_enrollment_m1,.112653411927295,.177880777889425,.0786566149182044,.471707752263773,stata_areg_centered_student_vce_unadjusted,32,757999
987,All,stem_enrollment_m1,-.0270219323201387,.0382054336419913,.0467390344525718,.41538459913942,stata_areg_centered_student_vce_unadjusted,303,757999
988,All,stem_enrollment_m1,-.0929888763784078,-.0277615104162778,.0422831276582648,.313203713009063,stata_areg_centered_student_vce_unadjusted,133,757999
1013,All,stem_enrollment_m1,-.0820115275753596,-.0167841616132296,.0422404347221889,.409754399708059,stata_areg_centered_student_vce_unadjusted,246,757999
1036,All,stem_enrollment_m1,-.0190612161637889,.0461661497983412,.0422100111036102,.428729879414121,stata_areg_centered_student_vce_unadjusted,299,757999
1048,All,stem_enrollment_m1,-.100542501876948,-.0353151359148184,.0340715604029425,.409062900351184,stata_areg_centered_student_vce_unadjusted,489,757999
1049,All,stem_enrollment_m1,-.516383415890856,-.451156049928726,.389750791003906,.,stata_areg_centered_student_vce_unadjusted,1,757999
1119,All,stem_enrollment_m1,-.0368265324532949,.0284008335088352,.0527629789311274,.355014054071117,stata_areg_centered_student_vce_unadjusted,133,757999
1120,All,stem_enrollment_m1,-.148680933995604,-.0834535680334742,.119753779822801,.275067257992405,stata_areg_centered_student_vce_unadjusted,11,757999
1121,All,stem_enrollment_m1,-.0465603009648673,.0186670649972627,.0285609476691074,.402141663899513,stata_areg_centered_student_vce_unadjusted,386,757999
1123,All,stem_enrollment_m1,-.0282827775944185,.0369445883677115,.0470649916908953,.406846177292271,stata_areg_centered_student_vce_unadjusted,143,757999
1125,All,stem_enrollment_m1,-.323441396397317,-.258214030435187,.392807378372486,.,stata_areg_centered_student_vce_unadjusted,1,757999
1148,All,stem_enrollment_m1,-.0967786749384524,-.0315513089763224,.0523045038177288,.407827439076574,stata_areg_centered_student_vce_unadjusted,163,757999
1149,All,stem_enrollment_m1,-.151813801551539,-.0865864355894092,.0796270447572684,.435544753978537,stata_areg_centered_student_vce_unadjusted,53,757999
1161,All,stem_enrollment_m1,-.228548935148563,-.163321569186433,.392073692345413,.,stata_areg_centered_student_vce_unadjusted,1,757999
1164,All,stem_enrollment_m1,-.021104670319521,.044122695642609,.065146972470652,.442067812843456,stata_areg_centered_student_vce_unadjusted,131,757999
1167,All,stem_enrollment_m1,-.0408637155104107,.0243636504517194,.0352345594191226,.37247982743103,stata_areg_centered_student_vce_unadjusted,316,757999
1183,All,stem_enrollment_m1,-.0787894435127429,-.0135620775506129,.0317919028743489,.358668758045228,stata_areg_centered_student_vce_unadjusted,269,757999
1184,All,stem_enrollment_m1,-.0582417390659615,.00698562689616855,.0586809091910199,.364065056136481,stata_areg_centered_student_vce_unadjusted,83,757999
1190,All,stem_enrollment_m1,-.00809105390004617,.0571363120620839,.0642737447176548,.425614635113652,stata_areg_centered_student_vce_unadjusted,118,757999
1194,All,stem_enrollment_m1,-.123142629420598,-.0579152634584677,.0202755682043757,.339187758377643,stata_areg_centered_student_vce_unadjusted,809,757999
1195,All,stem_enrollment_m1,-.0839941492806752,-.0187667833185452,.0206122672342362,.365211888904225,stata_areg_centered_student_vce_unadjusted,714,757999
1196,All,stem_enrollment_m1,-.0931907652473749,-.0279633992852449,.027704778348993,.249488996861355,stata_areg_centered_student_vce_unadjusted,268,757999
1198,All,stem_enrollment_m1,-.0969408147630953,-.0317134488009652,.0733268572800816,.357223928981084,stata_areg_centered_student_vce_unadjusted,35,757999
1199,All,stem_enrollment_m1,-.0206636057808987,.0445637601812314,.0377457734796763,.420786054657251,stata_areg_centered_student_vce_unadjusted,130,757999
1206,All,stem_enrollment_m1,-.0630139475326264,.00221341842950362,.0588038049684943,.32387541837227,stata_areg_centered_student_vce_unadjusted,47,757999
1213,All,stem_enrollment_m1,.0228021665790115,.0880295325411415,.0192988666552328,.428953183539586,stata_areg_centered_student_vce_unadjusted,883,757999
1214,All,stem_enrollment_m1,-.0686217620120262,-.00339439604989616,.0291380758181175,.324320448393892,stata_areg_centered_student_vce_unadjusted,308,757999
1225,All,stem_enrollment_m1,-.0125989842041897,.0526283817579403,.0325098580196963,.445099427971408,stata_areg_centered_student_vce_unadjusted,393,757999
1226,All,stem_enrollment_m1,-.0943123831692814,-.0290850172071513,.060206813993962,.38726879269027,stata_areg_centered_student_vce_unadjusted,79,757999
1255,All,stem_enrollment_m1,-.119359000972952,-.0541316350108215,.0270990477542361,.357370602422844,stata_areg_centered_student_vce_unadjusted,272,757999
1257,All,stem_enrollment_m1,-.19243628307274,-.12720891711061,.131498301526791,.148297733962237,stata_areg_centered_student_vce_unadjusted,9,757999
1260,All,stem_enrollment_m1,.0123308489938771,.0775582149560071,.0509084541628951,.421193806352469,stata_areg_centered_student_vce_unadjusted,108,757999
1261,All,stem_enrollment_m1,-.107741725499349,-.042514359537219,.0414084118408251,.345060553089496,stata_areg_centered_student_vce_unadjusted,108,757999
1262,All,stem_enrollment_m1,.209365904297746,.274593270259876,.0178242887790122,.482098101636305,stata_areg_centered_student_vce_unadjusted,1033,757999
1263,All,stem_enrollment_m1,-.0863024655557368,-.0210750995936068,.031482317207812,.206659804127117,stata_areg_centered_student_vce_unadjusted,231,757999
1264,All,stem_enrollment_m1,-.122135810534898,-.056908444572768,.0855748280560269,.261402145516435,stata_areg_centered_student_vce_unadjusted,24,757999
1276,All,stem_enrollment_m1,-.0603391483047094,.00488821765742061,.388484181745052,.,stata_areg_centered_student_vce_unadjusted,1,757999
1288,All,stem_enrollment_m1,.02041125534303,.08563862130516,.0594724508168306,.425591104015849,stata_areg_centered_student_vce_unadjusted,220,757999
1289,All,stem_enrollment_m1,-.0832368856159149,-.0180095196537848,.0317976286823367,.308496469375456,stata_areg_centered_student_vce_unadjusted,181,757999
1290,All,stem_enrollment_m1,-.0438601354133003,.0213672305488298,.0400766305022904,.325355167636563,stata_areg_centered_student_vce_unadjusted,186,757999
1291,All,stem_enrollment_m1,.0151762465901087,.0804036125522388,.0569367877013459,.415564412621897,stata_areg_centered_student_vce_unadjusted,138,757999
1292,All,stem_enrollment_m1,-.0959369487570398,-.0307095827949098,.0288662833303938,.361497585967197,stata_areg_centered_student_vce_unadjusted,362,757999
1294,All,stem_enrollment_m1,-.0783898324122999,-.0131624664501698,.0343251349235092,.378619911391728,stata_areg_centered_student_vce_unadjusted,239,757999
1300,All,stem_enrollment_m1,-.152099146329166,-.0868717803670362,.0242613190847019,.277071833481186,stata_areg_centered_student_vce_unadjusted,397,757999
1301,All,stem_enrollment_m1,-.0739194013184588,-.00869203535632879,.058043828953425,.371212228723831,stata_areg_centered_student_vce_unadjusted,69,757999
1302,All,stem_enrollment_m1,-.0871213378505569,-.0218939718884269,.0713624234679954,.280048810526473,stata_areg_centered_student_vce_unadjusted,35,757999
1316,All,stem_enrollment_m1,-.0509333153636324,.0142940505984976,.0526605219079058,.42384309138413,stata_areg_centered_student_vce_unadjusted,96,757999
1318,All,stem_enrollment_m1,.0595491788853229,.124776544847453,.0640224103615433,.399079303561824,stata_areg_centered_student_vce_unadjusted,52,757999
1319,All,stem_enrollment_m1,-.281080811771484,-.215853445809354,.391102260899603,.,stata_areg_centered_student_vce_unadjusted,1,757999
1327,All,stem_enrollment_m1,-.0870922504450037,-.0218648844828737,.03601337810087,.299074355765829,stata_areg_centered_student_vce_unadjusted,200,757999
1335,All,stem_enrollment_m1,-.00178504222998283,.0634423237321472,.0270190610894385,.406014498581728,stata_areg_centered_student_vce_unadjusted,490,757999
1347,All,stem_enrollment_m1,-.0667378241763802,-.00151045821425017,.0278807657731737,.361107538616427,stata_areg_centered_student_vce_unadjusted,434,757999
1354,All,stem_enrollment_m1,.145138352240061,.210365718202191,.0302196011289512,.450210365928899,stata_areg_centered_student_vce_unadjusted,320,757999
1361,All,stem_enrollment_m1,-.0725305318100423,-.00730316584791223,.0529667089161147,.340014561154166,stata_areg_centered_student_vce_unadjusted,89,757999
1362,All,stem_enrollment_m1,-.148853279586922,-.083625913624792,.0323128829274482,.286813045608605,stata_areg_centered_student_vce_unadjusted,191,757999
1363,All,stem_enrollment_m1,-.0439849072503633,.0212424587117667,.0380748488626756,.391629108144878,stata_areg_centered_student_vce_unadjusted,151,757999
1364,All,stem_enrollment_m1,.000864416484517571,.0660917824466476,.0428093800016176,.414715899046549,stata_areg_centered_student_vce_unadjusted,154,757999
1366,All,stem_enrollment_m1,-.0971638231338332,-.0319364571717032,.0258011157459275,.301503132871108,stata_areg_centered_student_vce_unadjusted,323,757999
1367,All,stem_enrollment_m1,-.0536277486169137,.0115996173452163,.056767556922022,.260497373688347,stata_areg_centered_student_vce_unadjusted,64,757999
1368,All,stem_enrollment_m1,-.0703819273101684,-.00515456134803839,.0574700930947266,.259857411268083,stata_areg_centered_student_vce_unadjusted,65,757999
1370,All,stem_enrollment_m1,-.0245447476516071,.0406826183105229,.0618791342069936,.37150272225595,stata_areg_centered_student_vce_unadjusted,86,757999
1371,All,stem_enrollment_m1,-.0727216434033582,-.00749427744122814,.0413156476426363,.36162153837078,stata_areg_centered_student_vce_unadjusted,198,757999
1392,All,stem_enrollment_m1,-.0242369463188612,.0409904196432688,.026019628674807,.415865207110174,stata_areg_centered_student_vce_unadjusted,399,757999
1393,All,stem_enrollment_m1,-.0615182566511296,.0037091093110004,.0363267690497971,.396963690953224,stata_areg_centered_student_vce_unadjusted,273,757999
1395,All,stem_enrollment_m1,-.102901926829681,-.0376745608675514,.0460037670942114,.389348751202346,stata_areg_centered_student_vce_unadjusted,266,757999
1397,All,stem_enrollment_m1,.178105907008141,.243333272970271,.0237766251474202,.485357354965527,stata_areg_centered_student_vce_unadjusted,518,757999
1400,All,stem_enrollment_m1,-.0409746487096608,.0242527172524692,.0494209883784939,.313274103633926,stata_areg_centered_student_vce_unadjusted,69,757999
1403,All,stem_enrollment_m1,-.089421308459047,-.024193942496917,.0458470807934918,.418947268136184,stata_areg_centered_student_vce_unadjusted,163,757999
1404,All,stem_enrollment_m1,-.0617246016487499,.00350276431338008,.0311667813152496,.441579693548237,stata_areg_centered_student_vce_unadjusted,502,757999
1405,All,stem_enrollment_m1,-.057081731014826,.00814563494730398,.042365169371061,.407634313654529,stata_areg_centered_student_vce_unadjusted,218,757999
1412,All,stem_enrollment_m1,-.0267803453730344,.0384470205890956,.064016919068827,.444502091073807,stata_areg_centered_student_vce_unadjusted,81,757999
1414,All,stem_enrollment_m1,-.133577252562566,-.0683498866004357,.0525305075906854,.30149094421222,stata_areg_centered_student_vce_unadjusted,85,757999
1421,All,stem_enrollment_m1,-.0377299894161808,.0274973765459493,.0512777013410422,.393762523605094,stata_areg_centered_student_vce_unadjusted,102,757999
1422,All,stem_enrollment_m1,-.0781018497482752,-.0128744837861451,.0389896674558165,.274878613458882,stata_areg_centered_student_vce_unadjusted,131,757999
1425,All,stem_enrollment_m1,.00182204290832189,.0670494088704519,.0435393481952084,.369785478121292,stata_areg_centered_student_vce_unadjusted,113,757999
1436,All,stem_enrollment_m1,-.0475705223197874,.0176568436423426,.0305928183360211,.423018372410884,stata_areg_centered_student_vce_unadjusted,377,757999
1437,All,stem_enrollment_m1,.00936407476716148,.0745914407292915,.0378307883852427,.346025749424618,stata_areg_centered_student_vce_unadjusted,178,757999
1443,All,stem_enrollment_m1,.181979787947879,.247207153910009,.0222414247885773,.458986473604295,stata_areg_centered_student_vce_unadjusted,609,757999
1444,All,stem_enrollment_m1,-.0538401006118285,.0113872653503015,.0485604965492319,.375517024704773,stata_areg_centered_student_vce_unadjusted,126,757999
1445,All,stem_enrollment_m1,-.043102913485213,.022124452476917,.0502726894566974,.418777173945303,stata_areg_centered_student_vce_unadjusted,147,757999
1449,All,stem_enrollment_m1,-.000751156780785866,.0644762091813442,.0312698951077589,.421978864545062,stata_areg_centered_student_vce_unadjusted,298,757999
1450,All,stem_enrollment_m1,.0545093274447484,.119736693406878,.0448517288474496,.440384425184935,stata_areg_centered_student_vce_unadjusted,183,757999
1453,All,stem_enrollment_m1,-.0517814947816407,.0134458711804893,.0412362525049655,.344491377805242,stata_areg_centered_student_vce_unadjusted,185,757999
1464,All,stem_enrollment_m1,-.0131687862886238,.0520585796735063,.0219080687467191,.369193703792247,stata_areg_centered_student_vce_unadjusted,605,757999
1467,All,stem_enrollment_m1,-.00753799924858206,.057689366713548,.0578462135985944,.398450013633428,stata_areg_centered_student_vce_unadjusted,140,757999
1468,All,stem_enrollment_m1,-.0621108570298531,.00311650893227691,.0552173077000481,.311523767131668,stata_areg_centered_student_vce_unadjusted,55,757999
1469,All,stem_enrollment_m1,-.0990739678988787,-.0338466019367487,.0845250018197042,.229501410493305,stata_areg_centered_student_vce_unadjusted,27,757999
1478,All,stem_enrollment_m1,-.15043432942737,-.0852069634652401,.0603327127073314,.359967088806063,stata_areg_centered_student_vce_unadjusted,158,757999
1482,All,stem_enrollment_m1,-.00964531157019069,.0555820543919393,.0340084236643027,.386065261793155,stata_areg_centered_student_vce_unadjusted,275,757999
1489,All,stem_enrollment_m1,-.0423135673664353,.0229137985956947,.0372799840832964,.349317875466324,stata_areg_centered_student_vce_unadjusted,174,757999
1490,All,stem_enrollment_m1,-.0874072899367823,-.0221799239746523,.0589982049390483,.359266735657283,stata_areg_centered_student_vce_unadjusted,57,757999
1500,All,stem_enrollment_m1,-.0673427227409772,-.00211535677884721,.033290677405529,.331767620102265,stata_areg_centered_student_vce_unadjusted,248,757999
1502,All,stem_enrollment_m1,-.0155768785576902,.0496504874044398,.0182519822374832,.366112757523103,stata_areg_centered_student_vce_unadjusted,612,757999
1503,All,stem_enrollment_m1,.143429347179567,.208656713141697,.01539663843768,.478033679831224,stata_areg_centered_student_vce_unadjusted,867,757999
1504,All,stem_enrollment_m1,-.0753961846012521,-.0101688186391221,.0165824747675981,.258884496472256,stata_areg_centered_student_vce_unadjusted,775,757999
1506,All,stem_enrollment_m1,-.288511025216186,-.223283659254056,.390553670424855,.,stata_areg_centered_student_vce_unadjusted,1,757999
1507,All,stem_enrollment_m1,-.226124962695676,-.160897596733546,.174696033588445,.0708783466175104,stata_areg_centered_student_vce_unadjusted,5,757999
1515,All,stem_enrollment_m1,-.033701475389211,.031525890572919,.0162643759574354,.373848510101027,stata_areg_centered_student_vce_unadjusted,897,757999
1516,All,stem_enrollment_m1,.0634468219719009,.128674187934031,.0396747643243076,.440505280083261,stata_areg_centered_student_vce_unadjusted,118,757999
1517,All,stem_enrollment_m1,-.0988131402140441,-.0335857742519141,.0439806355573107,.304470725192116,stata_areg_centered_student_vce_unadjusted,98,757999
1518,All,stem_enrollment_m1,-.0948822710614214,-.0296549050992914,.0439127207382014,.272056331754563,stata_areg_centered_student_vce_unadjusted,87,757999
1519,All,stem_enrollment_m1,-.108578771445903,-.0433514054837734,.0461156136290195,.351914542424029,stata_areg_centered_student_vce_unadjusted,83,757999
1520,All,stem_enrollment_m1,-.000900417314324772,.0643269486478052,.0243501348400395,.405516924737592,stata_areg_centered_student_vce_unadjusted,383,757999
1521,All,stem_enrollment_m1,-.0685917994753902,-.00336443351326021,.0356491076889786,.191104383153079,stata_areg_centered_student_vce_unadjusted,134,757999
1522,All,stem_enrollment_m1,-.0266337577398746,.0385936082222554,.0651719893378373,.376891970698162,stata_areg_centered_student_vce_unadjusted,42,757999
1525,All,stem_enrollment_m1,-.0241459396013725,.0410814263607575,.0176068034901544,.388937195498682,stata_areg_centered_student_vce_unadjusted,706,757999
1542,All,stem_enrollment_m1,-.0246069855988309,.0406203803632991,.0644039805220711,.43082973515901,stata_areg_centered_student_vce_unadjusted,50,757999
1549,All,stem_enrollment_m1,-.0655723003090696,-.000344934346939607,.0451601122739525,.355484720028043,stata_areg_centered_student_vce_unadjusted,102,757999
1579,All,stem_enrollment_m1,-.0757366896167771,-.0105093236546471,.0440799965139097,.367142149850575,stata_areg_centered_student_vce_unadjusted,116,757999
1580,All,stem_enrollment_m1,-.0853611677703034,-.0201338018081734,.393097487597697,.,stata_areg_centered_student_vce_unadjusted,1,757999
1581,All,stem_enrollment_m1,-.0414015918586584,.0238257741034716,.0430436952050796,.397299114699419,stata_areg_centered_student_vce_unadjusted,333,757999
1582,All,stem_enrollment_m1,.0191482010289572,.0843755669910873,.046840441610008,.386753146987435,stata_areg_centered_student_vce_unadjusted,170,757999
1584,All,stem_enrollment_m1,-.196699362116095,-.131471996153965,.118154921816299,.103949467344007,stata_areg_centered_student_vce_unadjusted,11,757999
1585,All,stem_enrollment_m1,-.015687779392805,.0495395865693251,.0352282784934779,.394630117495559,stata_areg_centered_student_vce_unadjusted,250,757999
1586,All,stem_enrollment_m1,.023435645736784,.088663011698914,.0327600876670403,.399449729647775,stata_areg_centered_student_vce_unadjusted,251,757999
1587,All,stem_enrollment_m1,-.0148805894935969,.0503467764685332,.0339070360538276,.346132808031852,stata_areg_centered_student_vce_unadjusted,219,757999
1588,All,stem_enrollment_m1,.0461875231583685,.111414889120499,.050943843238301,.400508815827476,stata_areg_centered_student_vce_unadjusted,126,757999
1590,All,stem_enrollment_m1,.174988102442881,.240215468405011,.018897726890671,.497578479220985,stata_areg_centered_student_vce_unadjusted,804,757999
1594,All,stem_enrollment_m1,-.0367491559185422,.0284782100435878,.0459366814329199,.350731646009998,stata_areg_centered_student_vce_unadjusted,131,757999
1597,All,stem_enrollment_m1,-.024746933114934,.040480432847196,.195867480305782,.519746110993347,stata_areg_centered_student_vce_unadjusted,4,757999
1604,All,stem_enrollment_m1,-.0148959692964807,.0503313966656493,.0389826364535741,.392424859582752,stata_areg_centered_student_vce_unadjusted,270,757999
1607,All,stem_enrollment_m1,-.0135766227225206,.0516507432396095,.0522224595901226,.401034682249229,stata_areg_centered_student_vce_unadjusted,98,757999
1610,All,stem_enrollment_m1,-.0951448865852288,-.0299175206230988,.0390966723244129,.371780194784978,stata_areg_centered_student_vce_unadjusted,147,757999
1619,All,stem_enrollment_m1,-.0702430965328609,-.00501573057073086,.0533473916333854,.380420305472268,stata_areg_centered_student_vce_unadjusted,90,757999
1629,All,stem_enrollment_m1,.115711357120005,.180938723082135,.0647543721376267,.469726298551067,stata_areg_centered_student_vce_unadjusted,58,757999
1631,All,stem_enrollment_m1,.0688578560803207,.134085222042451,.03806623936298,.462537529195175,stata_areg_centered_student_vce_unadjusted,319,757999
1632,All,stem_enrollment_m1,-.0617404740681011,.00348689189402888,.0503817999961986,.337233656588424,stata_areg_centered_student_vce_unadjusted,148,757999
1634,All,stem_enrollment_m1,-.0286844912858425,.0365428746762875,.0417984165936988,.441674920264071,stata_areg_centered_student_vce_unadjusted,245,757999
1635,All,stem_enrollment_m1,.00789935704924178,.0731267230113718,.0491794657876538,.45257104144255,stata_areg_centered_student_vce_unadjusted,115,757999
1638,All,stem_enrollment_m1,.131843150710147,.197070516672277,.0860984778726068,.450634064056255,stata_areg_centered_student_vce_unadjusted,75,757999
1641,All,stem_enrollment_m1,.0273589812353942,.0925863471975242,.066343122380424,.467090486600646,stata_areg_centered_student_vce_unadjusted,102,757999
1653,All,stem_enrollment_m1,-.0684702116920466,-.00324284572991657,.0462470139982346,.409206285597771,stata_areg_centered_student_vce_unadjusted,133,757999
1657,All,stem_enrollment_m1,-.0618309889591415,.0033963770029885,.05838047459724,.401288298679077,stata_areg_centered_student_vce_unadjusted,110,757999
1663,All,stem_enrollment_m1,-.0733991251722072,-.00817175921007715,.0213311835095801,.34411458175743,stata_areg_centered_student_vce_unadjusted,405,757999
1664,All,stem_enrollment_m1,-.0266165733640078,.0386107925981222,.0284088214398322,.408239095485456,stata_areg_centered_student_vce_unadjusted,234,757999
1666,All,stem_enrollment_m1,-.228352945667518,-.163125579705388,.0799967831341107,.163804232445001,stata_areg_centered_student_vce_unadjusted,24,757999
1672,All,stem_enrollment_m1,-.0727884651690783,-.00756109920694832,.0331015571916784,.31884589010392,stata_areg_centered_student_vce_unadjusted,160,757999
1674,All,stem_enrollment_m1,-.0724753717822144,-.00724800582008435,.0292581386359764,.347546859688895,stata_areg_centered_student_vce_unadjusted,195,757999
1675,All,stem_enrollment_m1,-.0332280119973113,.0319993539648187,.0320802121986374,.360574423964094,stata_areg_centered_student_vce_unadjusted,170,757999
1676,All,stem_enrollment_m1,-.0706727215181139,-.00544535555598387,.0196942210258972,.356437386823209,stata_areg_centered_student_vce_unadjusted,505,757999
1681,All,stem_enrollment_m1,-.107397514799519,-.0421701488373893,.0353551356318735,.251367645262421,stata_areg_centered_student_vce_unadjusted,144,757999
1685,All,stem_enrollment_m1,-.0210379993524644,.0441893666096657,.0583643540924153,.37624827495539,stata_areg_centered_student_vce_unadjusted,68,757999
1689,All,stem_enrollment_m1,-.285519443004844,-.220292077042714,.390212826314636,.,stata_areg_centered_student_vce_unadjusted,1,757999
1707,All,stem_enrollment_m1,-.318009748490578,-.252782382528448,.389037932443757,.,stata_areg_centered_student_vce_unadjusted,1,757999
1710,All,stem_enrollment_m1,.0195988510546275,.0848262170167576,.074175976618996,.368190830165349,stata_areg_centered_student_vce_unadjusted,28,757999
1734,All,stem_enrollment_m1,-.135817688632347,-.0705903226702173,.0381549764599529,.471974476034725,stata_areg_centered_student_vce_unadjusted,276,757999
1735,All,stem_enrollment_m1,-.0125994769813688,.0526278889807612,.0391933898177534,.432011788122612,stata_areg_centered_student_vce_unadjusted,463,757999
1738,All,stem_enrollment_m1,-.00353872440094553,.0616886415611845,.0359426885815244,.393345508074159,stata_areg_centered_student_vce_unadjusted,280,757999
1739,All,stem_enrollment_m1,-.250302932949493,-.185075566987363,.0204401724952254,.295703271439167,stata_areg_centered_student_vce_unadjusted,434,757999
1741,All,stem_enrollment_m1,-.0567359234560388,.00849144250609118,.0468649365864177,.400459121293274,stata_areg_centered_student_vce_unadjusted,131,757999
1742,All,stem_enrollment_m1,-.118653393738127,-.0534260277759969,.0499127837650976,.384199322255409,stata_areg_centered_student_vce_unadjusted,103,757999
1743,All,stem_enrollment_m1,-.0586277851328119,.00659958082931816,.0453639581599851,.388775405832477,stata_areg_centered_student_vce_unadjusted,177,757999
1747,All,stem_enrollment_m1,.00742332274801344,.0726506887101435,.021159336983705,.436866646642735,stata_areg_centered_student_vce_unadjusted,402,757999
1749,All,stem_enrollment_m1,-.05871736167006,.00651000429207004,.0311731563653763,.366068000517663,stata_areg_centered_student_vce_unadjusted,241,757999
1750,All,stem_enrollment_m1,.0849520700103902,.15017943597252,.0523571830645445,.456009375634913,stata_areg_centered_student_vce_unadjusted,154,757999
1755,All,stem_enrollment_m1,-.00336604942591746,.0618613165362126,.0298893253835621,.381817594187735,stata_areg_centered_student_vce_unadjusted,336,757999
1756,All,stem_enrollment_m1,-.0523325710327956,.0128947949293345,.0370628299340391,.358341774514314,stata_areg_centered_student_vce_unadjusted,234,757999
1757,All,stem_enrollment_m1,-.0617079984774246,.00351936748470542,.0211294000612766,.434147443574243,stata_areg_centered_student_vce_unadjusted,732,757999
1761,All,stem_enrollment_m1,-.122820264756303,-.0575928987941726,.0554607616342484,.341011040384378,stata_areg_centered_student_vce_unadjusted,115,757999
1769,All,stem_enrollment_m1,-.113225810767232,-.0479984448051018,.0528230624843956,.411007857873068,stata_areg_centered_student_vce_unadjusted,113,757999
1774,All,stem_enrollment_m1,-.0426174739589282,.0226098920032018,.040649374695944,.453252654634606,stata_areg_centered_student_vce_unadjusted,221,757999
1775,All,stem_enrollment_m1,.0270000469544689,.092227412916599,.0637040821891937,.428690571024179,stata_areg_centered_student_vce_unadjusted,61,757999
1776,All,stem_enrollment_m1,-.0636152397980416,.00161212616408846,.0655542001258957,.448397508183209,stata_areg_centered_student_vce_unadjusted,79,757999
1777,All,stem_enrollment_m1,-.0763185924200133,-.0110912264578832,.0379823609362745,.421457204572921,stata_areg_centered_student_vce_unadjusted,238,757999
1780,All,stem_enrollment_m1,-.134371479838262,-.0691441138761319,.0540586221704129,.367538103511398,stata_areg_centered_student_vce_unadjusted,84,757999
1781,All,stem_enrollment_m1,-.0352250501005522,.0300023158615778,.0782561246220018,.41901112160982,stata_areg_centered_student_vce_unadjusted,170,757999
1783,All,stem_enrollment_m1,-.0510430789888047,.0141842869733254,.0576174810297896,.395878512340681,stata_areg_centered_student_vce_unadjusted,222,757999
1787,All,stem_enrollment_m1,.0093399951518775,.0745673611140075,.0908993460473997,.485837093264061,stata_areg_centered_student_vce_unadjusted,58,757999
1788,All,stem_enrollment_m1,-.0116320352683697,.0535953306937604,.0663595381854263,.487466255983052,stata_areg_centered_student_vce_unadjusted,214,757999
1789,All,stem_enrollment_m1,-.0351829105191554,.0300444554429747,.0675925833916458,.434454847615192,stata_areg_centered_student_vce_unadjusted,47,757999
1791,All,stem_enrollment_m1,-.115514266369838,-.0502869004077081,.0569583122665289,.430896357443912,stata_areg_centered_student_vce_unadjusted,185,757999
1792,All,stem_enrollment_m1,.0332516693101522,.0984790352722822,.0434848117807631,.446232922343618,stata_areg_centered_student_vce_unadjusted,151,757999
1795,All,stem_enrollment_m1,.0362986122523739,.101525978214504,.0495705239363093,.423129763378189,stata_areg_centered_student_vce_unadjusted,210,757999
1796,All,stem_enrollment_m1,-.00342763912940155,.0617997268327285,.0491920369696139,.435612787623675,stata_areg_centered_student_vce_unadjusted,121,757999
1801,All,stem_enrollment_m1,-.0594149134262373,.00581245253589271,.0426003531778854,.432167867464358,stata_areg_centered_student_vce_unadjusted,210,757999
1839,All,stem_enrollment_m1,.112566748441721,.177794114403851,.0682444931949426,.448286108236727,stata_areg_centered_student_vce_unadjusted,324,757999
1844,All,stem_enrollment_m1,.0322478399917459,.0974752059538759,.0656259012629334,.47193038624944,stata_areg_centered_student_vce_unadjusted,52,757999
1851,All,stem_enrollment_m1,-.00280094586470264,.0624264200974274,.0319641649376256,.398080835152195,stata_areg_centered_student_vce_unadjusted,243,757999
1855,All,stem_enrollment_m1,-.415089422950213,-.349862056988083,.389793437622332,.,stata_areg_centered_student_vce_unadjusted,1,757999
1858,All,stem_enrollment_m1,-.0160982697615754,.0491290962005546,.0300853929357198,.419481161251769,stata_areg_centered_student_vce_unadjusted,443,757999
1859,All,stem_enrollment_m1,-.141428551488201,-.0762011855260711,.0541249798721147,.335478498977695,stata_areg_centered_student_vce_unadjusted,134,757999
1860,All,stem_enrollment_m1,-.133102782333776,-.0678754163716458,.0339272936829606,.332448359613424,stata_areg_centered_student_vce_unadjusted,227,757999
1863,All,stem_enrollment_m1,-.0993854513317781,-.0341580853696481,.0384903225249278,.343568979184973,stata_areg_centered_student_vce_unadjusted,222,757999
1864,All,stem_enrollment_m1,.057127491710919,.122354857673049,.0307764752146869,.424564124521316,stata_areg_centered_student_vce_unadjusted,293,757999
1875,All,stem_enrollment_m1,-.11133023088547,-.0461028649233395,.224899092273159,.14173777098652,stata_areg_centered_student_vce_unadjusted,3,757999
1880,All,stem_enrollment_m1,.093864904029049,.159092269991179,.0280332789369084,.483428572135632,stata_areg_centered_student_vce_unadjusted,222,757999
1881,All,stem_enrollment_m1,-.0194493317683368,.0457780341937932,.0473041557265946,.387373981330916,stata_areg_centered_student_vce_unadjusted,95,757999
1882,All,stem_enrollment_m1,-.130875352020327,-.0656479860581973,.0245303863056878,.310092694997764,stata_areg_centered_student_vce_unadjusted,294,757999
1884,All,stem_enrollment_m1,-.0774835210293123,-.0122561550671823,.0241129727545455,.362921563183608,stata_areg_centered_student_vce_unadjusted,308,757999
1886,All,stem_enrollment_m1,.00943276811963431,.0746601340817643,.0557262264988396,.405460172208929,stata_areg_centered_student_vce_unadjusted,72,757999
1887,All,stem_enrollment_m1,-.0539455566069427,.0112818093551873,.0428505904915529,.40643102500101,stata_areg_centered_student_vce_unadjusted,134,757999
1889,All,stem_enrollment_m1,-.0947574941229019,-.0295301281607718,.0591514649860604,.366031263262177,stata_areg_centered_student_vce_unadjusted,55,757999
1891,All,stem_enrollment_m1,-.0938797545717027,-.0286523886095727,.0852429849642692,.246166929711104,stata_areg_centered_student_vce_unadjusted,33,757999
1894,All,stem_enrollment_m1,-.177549258295912,-.112321892333782,.04696397157693,.166823127732921,stata_areg_centered_student_vce_unadjusted,74,757999
1895,All,stem_enrollment_m1,-.0439421880650858,.0212851778970442,.0396436854430405,.430481133579672,stata_areg_centered_student_vce_unadjusted,121,757999
1908,All,stem_enrollment_m1,-.035199297410437,.030028068551693,.0582212668879392,.399112985298386,stata_areg_centered_student_vce_unadjusted,57,757999
1909,All,stem_enrollment_m1,-.0112987632336867,.0539286027284433,.0262637994219132,.431067441020772,stata_areg_centered_student_vce_unadjusted,412,757999
1911,All,stem_enrollment_m1,-.0600934836217045,.00513388234042555,.0428025329773274,.395580237908817,stata_areg_centered_student_vce_unadjusted,124,757999
1918,All,stem_enrollment_m1,-.0822148066518155,-.0169874406896854,.0332519704874481,.385064421945586,stata_areg_centered_student_vce_unadjusted,216,757999
1919,All,stem_enrollment_m1,-.0721005946579204,-.00687322869579042,.0538195521822131,.423469222429444,stata_areg_centered_student_vce_unadjusted,160,757999
1923,All,stem_enrollment_m1,-.109056744664915,-.0438293787027853,.0307957151819431,.359967670736867,stata_areg_centered_student_vce_unadjusted,236,757999
1934,All,stem_enrollment_m1,-.0730485405838714,-.00782117462174137,.0252680414754976,.415902912559461,stata_areg_centered_student_vce_unadjusted,446,757999
1937,All,stem_enrollment_m1,-.0876600452069769,-.0224326792448468,.0554312589807025,.414998511369076,stata_areg_centered_student_vce_unadjusted,92,757999
1941,All,stem_enrollment_m1,-.00819522968760586,.0570321362745242,.035697793144494,.404519954073926,stata_areg_centered_student_vce_unadjusted,209,757999
1958,All,stem_enrollment_m1,-.0720854379101576,-.00685807194802757,.0318210470568019,.342442969100649,stata_areg_centered_student_vce_unadjusted,172,757999
1959,All,stem_enrollment_m1,-.124734024690127,-.059506658727997,.0494902997292298,.369598510106589,stata_areg_centered_student_vce_unadjusted,114,757999
1967,All,stem_enrollment_m1,-.037328060372874,.0278993055892561,.028696127767223,.418443649529236,stata_areg_centered_student_vce_unadjusted,318,757999
1969,All,stem_enrollment_m1,-.0580974090403713,.00712995692175876,.041542310469841,.359110439523296,stata_areg_centered_student_vce_unadjusted,117,757999
1971,All,stem_enrollment_m1,-.00466359289965536,.0605637730624747,.0458427877225536,.40742663693913,stata_areg_centered_student_vce_unadjusted,112,757999
1977,All,stem_enrollment_m1,-.0314655521598809,.0337618138022491,.0248515842205735,.423374662373319,stata_areg_centered_student_vce_unadjusted,522,757999
1980,All,stem_enrollment_m1,-.0341188900651355,.0311084758969945,.051379719200707,.405468774928386,stata_areg_centered_student_vce_unadjusted,123,757999
1987,All,stem_enrollment_m1,-.11132815089828,-.0461007849361505,.0512126247030903,.359817685253503,stata_areg_centered_student_vce_unadjusted,73,757999
1989,All,stem_enrollment_m1,-.0732285594356659,-.00800119347353592,.0594255349372152,.401680489527964,stata_areg_centered_student_vce_unadjusted,91,757999
1996,All,stem_enrollment_m1,.0169776043056978,.0822049702678278,.0274938122382351,.378256265961696,stata_areg_centered_student_vce_unadjusted,446,757999
1997,All,stem_enrollment_m1,.0517358981067236,.116963264068854,.0571407748331212,.376593555070224,stata_areg_centered_student_vce_unadjusted,125,757999
2007,All,stem_enrollment_m1,-.0400331255061045,.0251942404560255,.0509882334571591,.354646718531459,stata_areg_centered_student_vce_unadjusted,103,757999
2009,All,stem_enrollment_m1,.0567910307402912,.122018396702421,.124965930890411,.356698754748025,stata_areg_centered_student_vce_unadjusted,25,757999
2012,All,stem_enrollment_m1,-.0431291370978241,.022098228864306,.02869228096408,.315100384296394,stata_areg_centered_student_vce_unadjusted,239,757999
2013,All,stem_enrollment_m1,-.124473916416593,-.059246550454463,.0212215962588348,.263103277932231,stata_areg_centered_student_vce_unadjusted,539,757999
2018,All,stem_enrollment_m1,-.0819606839430988,-.0167333179809688,.035932669621457,.324902268873805,stata_areg_centered_student_vce_unadjusted,178,757999
2019,All,stem_enrollment_m1,-.0745193451957619,-.00929197923363191,.0499096056362296,.337535046424741,stata_areg_centered_student_vce_unadjusted,84,757999
2021,All,stem_enrollment_m1,-.187945110109666,-.122717744147536,.147584526700868,.17656871041579,stata_areg_centered_student_vce_unadjusted,7,757999
2035,All,stem_enrollment_m1,-.220790629880125,-.155563263917995,.0763984328690115,.315745454442982,stata_areg_centered_student_vce_unadjusted,31,757999
2040,All,stem_enrollment_m1,-.0559493327964053,.00927803316572468,.0399543928224157,.397693498160578,stata_areg_centered_student_vce_unadjusted,231,757999
2041,All,stem_enrollment_m1,-.129887592705183,-.0646602267430525,.0417406613556659,.188635185251802,stata_areg_centered_student_vce_unadjusted,155,757999
2042,All,stem_enrollment_m1,-.0427682704469557,.0224590955151743,.0482867994718634,.426269680539849,stata_areg_centered_student_vce_unadjusted,344,757999
2043,All,stem_enrollment_m1,-.118909618556475,-.0536822525943452,.0480701933916617,.275441675047792,stata_areg_centered_student_vce_unadjusted,106,757999
2044,All,stem_enrollment_m1,.0258071595515983,.0910345255137283,.0200298295081261,.442567405350205,stata_areg_centered_student_vce_unadjusted,611,757999
2045,All,stem_enrollment_m1,-.154789047097948,-.0895616811358185,.0621783869179719,.394936008087443,stata_areg_centered_student_vce_unadjusted,147,757999
2047,All,stem_enrollment_m1,-.0716674074226238,-.00644004146049379,.048185651142947,.272152506380041,stata_areg_centered_student_vce_unadjusted,93,757999
2049,All,stem_enrollment_m1,-.164294715674916,-.0990673497127857,.0829736801409644,.387817520279313,stata_areg_centered_student_vce_unadjusted,167,757999
2050,All,stem_enrollment_m1,-.14259176600395,-.0773644000418198,.0464262506617103,.271605074507442,stata_areg_centered_student_vce_unadjusted,100,757999
2052,All,stem_enrollment_m1,-.086875368324994,-.021648002362864,.0486806631702362,.345136337251797,stata_areg_centered_student_vce_unadjusted,95,757999
2055,All,stem_enrollment_m1,-.100491891360415,-.035264525398285,.0507334100726341,.373489582188725,stata_areg_centered_student_vce_unadjusted,114,757999
2057,All,stem_enrollment_m1,-.0166574604528146,.0485699055093154,.0978500039850379,.345042413373314,stata_areg_centered_student_vce_unadjusted,18,757999
2064,All,stem_enrollment_m1,-.100072172806914,-.0348448068447839,.0240736296824058,.305056182739696,stata_areg_centered_student_vce_unadjusted,372,757999
2066,All,stem_enrollment_m1,-.0726684289058129,-.00744106294368288,.0577002523938532,.402070652751676,stata_areg_centered_student_vce_unadjusted,53,757999
2075,All,stem_enrollment_m1,-.0527896190968674,.0124377468652627,.0323698020809965,.38041910782176,stata_areg_centered_student_vce_unadjusted,221,757999
2078,All,stem_enrollment_m1,-.0772495628816834,-.0120221969195534,.0316122027902216,.335264890392955,stata_areg_centered_student_vce_unadjusted,243,757999
2084,All,stem_enrollment_m1,-.114884461771298,-.0496570958091676,.0269992817022192,.340318856143625,stata_areg_centered_student_vce_unadjusted,312,757999
2090,All,stem_enrollment_m1,-.160552843795476,-.0953254778333459,.0632474767004716,.35901894953826,stata_areg_centered_student_vce_unadjusted,144,757999
2091,All,stem_enrollment_m1,-.115312957952325,-.0500855919901952,.0354670787432918,.334064427289823,stata_areg_centered_student_vce_unadjusted,261,757999
2099,All,stem_enrollment_m1,-.014489812790822,.050737553171308,.0522588187072398,.394800280128004,stata_areg_centered_student_vce_unadjusted,123,757999
2101,All,stem_enrollment_m1,-.230126135298605,-.164898769336475,.105889420510213,.0949974651808211,stata_areg_centered_student_vce_unadjusted,16,757999
2102,All,stem_enrollment_m1,-.10996806907659,-.0447407031144599,.0186328312266586,.210162238033048,stata_areg_centered_student_vce_unadjusted,578,757999
2103,All,stem_enrollment_m1,.116494985708819,.181722351670949,.0158341099522734,.473441321118136,stata_areg_centered_student_vce_unadjusted,976,757999
2104,All,stem_enrollment_m1,-.0461610993193764,.0190662666427536,.0138843343519321,.41584128091684,stata_areg_centered_student_vce_unadjusted,1517,757999
2105,All,stem_enrollment_m1,.101946039330147,.167173405292277,.0155804862074549,.463652132611636,stata_areg_centered_student_vce_unadjusted,1049,757999
2109,All,stem_enrollment_m1,-.0886329587167055,-.0234055927545755,.022772757593116,.289499238359216,stata_areg_centered_student_vce_unadjusted,421,757999
2110,All,stem_enrollment_m1,-.111790324174909,-.0465629582127791,.0221178474231452,.398712032804323,stata_areg_centered_student_vce_unadjusted,1456,757999
2111,All,stem_enrollment_m1,-.1398254548746,-.0745980889124699,.020538189940326,.264458158291691,stata_areg_centered_student_vce_unadjusted,463,757999
2123,All,stem_enrollment_m1,.11238552907881,.17761289504094,.0212899828013456,.461942354058216,stata_areg_centered_student_vce_unadjusted,473,757999
2124,All,stem_enrollment_m1,-.10458249620288,-.0393551302407503,.0353736525223375,.315464597299168,stata_areg_centered_student_vce_unadjusted,167,757999
2134,All,stem_enrollment_m1,-.134941272891307,-.0697139069291768,.0235437977810271,.310682258537638,stata_areg_centered_student_vce_unadjusted,330,757999
2138,All,stem_enrollment_m1,-.181379523540324,-.116152157578194,.392550681941781,.,stata_areg_centered_student_vce_unadjusted,1,757999
2150,All,stem_enrollment_m1,-.0390061907935122,.0262211751686178,.0590326443855419,.353054284662639,stata_areg_centered_student_vce_unadjusted,149,757999
2153,All,stem_enrollment_m1,-.0298594235781165,.0353679423840135,.0906164506877891,.457766988324528,stata_areg_centered_student_vce_unadjusted,19,757999
2163,All,stem_enrollment_m1,-.0870119466837018,-.0217845807215717,.0324510250953691,.386408670860209,stata_areg_centered_student_vce_unadjusted,159,757999
2164,All,stem_enrollment_m1,-.110870474196274,-.0456431082341438,.0308316328550126,.37542670551416,stata_areg_centered_student_vce_unadjusted,242,757999
2165,All,stem_enrollment_m1,-.163179719646481,-.0979523536843513,.0351930951027164,.359552959024515,stata_areg_centered_student_vce_unadjusted,196,757999
2166,All,stem_enrollment_m1,-.0572930697949118,.00793429616721826,.0250308323237443,.413421589318289,stata_areg_centered_student_vce_unadjusted,409,757999
2167,All,stem_enrollment_m1,-.110136160083492,-.0449087941213621,.0478322437772158,.35002810782048,stata_areg_centered_student_vce_unadjusted,71,757999
2170,All,stem_enrollment_m1,-.125221114340654,-.059993748378524,.0439794910175017,.428004403270634,stata_areg_centered_student_vce_unadjusted,161,757999
2171,All,stem_enrollment_m1,-.0564755380641965,.00875182789793353,.0439738830056311,.406126054212449,stata_areg_centered_student_vce_unadjusted,110,757999
2183,All,stem_enrollment_m1,-.153982251817586,-.0887548858554558,.0496554865017042,.352931955024114,stata_areg_centered_student_vce_unadjusted,140,757999
2185,All,stem_enrollment_m1,-.106716202459253,-.0414888364971233,.0555497668447755,.387749059946856,stata_areg_centered_student_vce_unadjusted,53,757999
2194,All,stem_enrollment_m1,-.119069787321207,-.0538424213590767,.0639972844900307,.424797819983508,stata_areg_centered_student_vce_unadjusted,290,757999
2198,All,stem_enrollment_m1,.055902767634914,.121130133597044,.131532529203659,.460007129069217,stata_areg_centered_student_vce_unadjusted,9,757999
2200,All,stem_enrollment_m1,-.0330795488958192,.0321478170663108,.0372569127534053,.432818027458901,stata_areg_centered_student_vce_unadjusted,584,757999
2205,All,stem_enrollment_m1,-.111619850785233,-.0463924848231026,.0301585658129059,.303889443898642,stata_areg_centered_student_vce_unadjusted,230,757999
2206,All,stem_enrollment_m1,.02973334364507,.0949607096072,.0417073223080705,.415786568084776,stata_areg_centered_student_vce_unadjusted,107,757999
2217,All,stem_enrollment_m1,-.134273792937601,-.0690464269754706,.0571569700824532,.387099363513296,stata_areg_centered_student_vce_unadjusted,159,757999
2218,All,stem_enrollment_m1,-.0840160003456114,-.0187886343834814,.0433655285935989,.375503448046501,stata_areg_centered_student_vce_unadjusted,168,757999
2219,All,stem_enrollment_m1,-.176008382594006,-.110781016631876,.0277990267387298,.262562829745228,stata_areg_centered_student_vce_unadjusted,252,757999
2222,All,stem_enrollment_m1,-.0311168972987358,.0341104686633942,.0254963515254792,.380858570343475,stata_areg_centered_student_vce_unadjusted,403,757999
2224,All,stem_enrollment_m1,-.145188744990197,-.079961379028067,.0431331183404227,.296373880502695,stata_areg_centered_student_vce_unadjusted,123,757999
2233,All,stem_enrollment_m1,-.0734394249534471,-.00821205899131705,.0467618875002506,.328224684696262,stata_areg_centered_student_vce_unadjusted,82,757999
2244,All,stem_enrollment_m1,-.128200735590098,-.0629733696279678,.08322243891609,.369374712272972,stata_areg_centered_student_vce_unadjusted,37,757999
2250,All,stem_enrollment_m1,-.0122225656525018,.0530048003096282,.0941139226155222,.415368329244899,stata_areg_centered_student_vce_unadjusted,19,757999
2259,All,stem_enrollment_m1,-.0596789671623443,.0055483987997857,.0382288774747572,.413221015754087,stata_areg_centered_student_vce_unadjusted,234,757999
2260,All,stem_enrollment_m1,-.169080969786607,-.103853603824477,.0550423034069799,.417904432051211,stata_areg_centered_student_vce_unadjusted,196,757999
2263,All,stem_enrollment_m1,-.150005299817344,-.0847779338552143,.0581748150188489,.317315537980814,stata_areg_centered_student_vce_unadjusted,60,757999
2278,All,stem_enrollment_m1,-.0187752648431942,.0464521011189358,.0299961681691447,.407854927675535,stata_areg_centered_student_vce_unadjusted,590,757999
2280,All,stem_enrollment_m1,-.104046893641422,-.0388195276792918,.0234147694653277,.314997435737429,stata_areg_centered_student_vce_unadjusted,480,757999
2283,All,stem_enrollment_m1,-.0799522121548186,-.0147248461926886,.0242502975194791,.331321333684533,stata_areg_centered_student_vce_unadjusted,413,757999
2285,All,stem_enrollment_m1,-.0334793806511424,.0317479853109877,.0541371909865449,.389006254934803,stata_areg_centered_student_vce_unadjusted,63,757999
2297,All,stem_enrollment_m1,-.211038815642784,-.145811449680654,.391616223976405,.,stata_areg_centered_student_vce_unadjusted,1,757999
2308,All,stem_enrollment_m1,-.0568192660539604,.00840809990816962,.0411497734997485,.419629034345089,stata_areg_centered_student_vce_unadjusted,267,757999
2309,All,stem_enrollment_m1,-.135133060590518,-.0699056946283883,.0437466985700652,.361504270371109,stata_areg_centered_student_vce_unadjusted,185,757999
2319,All,stem_enrollment_m1,-.100296697227956,-.0350693312658257,.0341319631331862,.320902633774136,stata_areg_centered_student_vce_unadjusted,240,757999
2326,All,stem_enrollment_m1,-.163929873807896,-.0987025078457664,.0520228982197329,.380046005516728,stata_areg_centered_student_vce_unadjusted,289,757999
2329,All,stem_enrollment_m1,-.0793474442752065,-.0141200783130765,.0197328252990096,.354413303739054,stata_areg_centered_student_vce_unadjusted,1019,757999
2330,All,stem_enrollment_m1,-.0258832325778924,.0393441333842376,.388415732409715,.,stata_areg_centered_student_vce_unadjusted,1,757999
2334,All,stem_enrollment_m1,-.0943847451978457,-.0291573792357157,.278151151836846,.140658540919862,stata_areg_centered_student_vce_unadjusted,2,757999
2339,All,stem_enrollment_m1,-.114783859541181,-.0495564935790506,.0494083205259763,.343316909652662,stata_areg_centered_student_vce_unadjusted,108,757999
2355,All,stem_enrollment_m1,-.202626233295066,-.137398867332936,.0433848152701898,.433152636152768,stata_areg_centered_student_vce_unadjusted,302,757999
2356,All,stem_enrollment_m1,-.106388430906662,-.0411610649445321,.0481523745870074,.340002939090593,stata_areg_centered_student_vce_unadjusted,255,757999
2375,All,stem_enrollment_m1,-.150579409053741,-.0853520430916108,.0316023473113105,.298479344839102,stata_areg_centered_student_vce_unadjusted,349,757999
2378,All,stem_enrollment_m1,-.157630009126173,-.0924026431640432,.0319783002151401,.276320598940933,stata_areg_centered_student_vce_unadjusted,254,757999
2400,All,stem_enrollment_m1,-.0969407925377123,-.0317134265755823,.0547767423380912,.400701113292418,stata_areg_centered_student_vce_unadjusted,77,757999
2401,All,stem_enrollment_m1,-.237267397168403,-.172040031206273,.0304969094595793,.247576176577972,stata_areg_centered_student_vce_unadjusted,218,757999
2406,All,stem_enrollment_m1,-.142160363581519,-.0769329976193887,.0458434894079157,.288827287224626,stata_areg_centered_student_vce_unadjusted,110,757999
2411,All,stem_enrollment_m1,-.124188383822133,-.0589610178600025,.0270870086009041,.345403364663563,stata_areg_centered_student_vce_unadjusted,406,757999
2422,All,stem_enrollment_m1,-.0641083097156171,.00111905624651289,.025237774596713,.346762041643008,stata_areg_centered_student_vce_unadjusted,580,757999
2442,All,stem_enrollment_m1,-.0940438416654469,-.0288164757033169,.0207409933407,.177241495992657,stata_areg_centered_student_vce_unadjusted,506,757999
2443,All,stem_enrollment_m1,.0406923505752737,.105919716537404,.0190536383560667,.466570179049253,stata_areg_centered_student_vce_unadjusted,682,757999
2444,All,stem_enrollment_m1,-.0620163626491693,.00321100331296077,.022604745701908,.364330051469741,stata_areg_centered_student_vce_unadjusted,419,757999
2447,All,stem_enrollment_m1,-.0954357815770608,-.0302084156149308,.0284839927861365,.325112489059532,stata_areg_centered_student_vce_unadjusted,245,757999
2448,All,stem_enrollment_m1,-.10532201594362,-.0400946499814899,.0258520410608998,.276855116865066,stata_areg_centered_student_vce_unadjusted,285,757999
2453,All,stem_enrollment_m1,-.0805254084032951,-.0152980424411651,.0372983372068358,.379530547953082,stata_areg_centered_student_vce_unadjusted,194,757999
2454,All,stem_enrollment_m1,-.0912544556227547,-.0260270896606247,.0232043649566425,.372573719719273,stata_areg_centered_student_vce_unadjusted,732,757999
2455,All,stem_enrollment_m1,-.120617589376654,-.0553902234145243,.0393978402382953,.340878806529962,stata_areg_centered_student_vce_unadjusted,312,757999
2476,All,stem_enrollment_m1,-.113508093180536,-.0482807272184061,.233857048727819,.137778663748563,stata_areg_centered_student_vce_unadjusted,3,757999
2482,All,stem_enrollment_m1,-.135466196699095,-.070238830736965,.0364824264322201,.39834150622808,stata_areg_centered_student_vce_unadjusted,373,757999
2485,All,stem_enrollment_m1,-.0975471630657261,-.0323197971035961,.0223118581589698,.357908360753101,stata_areg_centered_student_vce_unadjusted,393,757999
2486,All,stem_enrollment_m1,-.122874802998219,-.057647437036089,.0248925009631196,.344909789192986,stata_areg_centered_student_vce_unadjusted,645,757999
2488,All,stem_enrollment_m1,.0298064199421254,.0950337859042555,.159877867707084,.429554273903224,stata_areg_centered_student_vce_unadjusted,6,757999
2492,All,stem_enrollment_m1,.321205831660399,.386433197622529,.196856546910348,.437540025891481,stata_areg_centered_student_vce_unadjusted,4,757999
2507,All,stem_enrollment_m1,-.131414677669213,-.0661873117070834,.150189104758989,.335158621051336,stata_areg_centered_student_vce_unadjusted,7,757999
2514,All,stem_enrollment_m1,-.280354029050209,-.215126663088079,.0359585681619345,.281804996558191,stata_areg_centered_student_vce_unadjusted,192,757999
2518,All,stem_enrollment_m1,-.131800353651216,-.0665729876890861,.062343369848373,.314406051964168,stata_areg_centered_student_vce_unadjusted,49,757999
2523,All,stem_enrollment_m1,-.170089540820124,-.104862174857994,.392993698302143,.,stata_areg_centered_student_vce_unadjusted,1,757999
2530,All,stem_enrollment_m1,-.115245185571604,-.0500178196094739,.0290494509805689,.329632241025021,stata_areg_centered_student_vce_unadjusted,306,757999
2551,All,stem_enrollment_m1,-.0941930051263509,-.0289656391642209,.023200406637566,.328537351966103,stata_areg_centered_student_vce_unadjusted,494,757999
2552,All,stem_enrollment_m1,-.100246835039984,-.035019469077854,.019358907161333,.326443370982527,stata_areg_centered_student_vce_unadjusted,950,757999
2554,All,stem_enrollment_m1,-.245599545158459,-.180372179196329,.390351019276426,.,stata_areg_centered_student_vce_unadjusted,1,757999
2579,All,stem_enrollment_m1,-.1204664272833,-.0552390613211696,.0385605310895781,.43582710700357,stata_areg_centered_student_vce_unadjusted,448,757999
2580,All,stem_enrollment_m1,-.0962409190396431,-.0310135530775131,.0455717204041915,.29315597963191,stata_areg_centered_student_vce_unadjusted,319,757999
2583,All,stem_enrollment_m1,-.156098734792817,-.0908713688306866,.0402862634751807,.345397535200684,stata_areg_centered_student_vce_unadjusted,253,757999
2611,All,stem_enrollment_m1,-.0504662509741545,.0147611149879755,.140445873633548,.312665456493218,stata_areg_centered_student_vce_unadjusted,8,757999
2612,All,stem_enrollment_m1,-.0585370401734154,.00669032578871467,.0472982699975938,.358887231638609,stata_areg_centered_student_vce_unadjusted,124,757999
2625,All,stem_enrollment_m1,-.0964170076455488,-.0311896416834187,.0321383488362162,.323191702804783,stata_areg_centered_student_vce_unadjusted,295,757999
2635,All,stem_enrollment_m1,-.158225825374935,-.0929984594128047,.0331915285217334,.343771986771165,stata_areg_centered_student_vce_unadjusted,473,757999
2656,All,stem_enrollment_m1,-.0840404754287168,-.0188131094665867,.0701104388593753,.412161073264731,stata_areg_centered_student_vce_unadjusted,144,757999
2657,All,stem_enrollment_m1,-.127247991078225,-.0620206251160952,.0424224646756,.339031520867238,stata_areg_centered_student_vce_unadjusted,213,757999
2660,All,stem_enrollment_m1,.116141332423871,.181368698386001,.178598289760177,.462552443970432,stata_areg_centered_student_vce_unadjusted,5,757999
2681,All,stem_enrollment_m1,-.0920108896371582,-.0267835236750282,.0365069464099549,.372549331491913,stata_areg_centered_student_vce_unadjusted,245,757999
2694,All,stem_enrollment_m1,-.28989992375289,-.22467255779076,.390632744965482,.,stata_areg_centered_student_vce_unadjusted,1,757999
2701,All,stem_enrollment_m1,-.201602977600127,-.136375611637997,.0393581174797941,.263646146175769,stata_areg_centered_student_vce_unadjusted,138,757999
2732,All,stem_enrollment_m1,-.107103833930237,-.0418764679681074,.0431428227480066,.322461038433256,stata_areg_centered_student_vce_unadjusted,87,757999
2733,All,stem_enrollment_m1,-.180234848484493,-.115007482522363,.0248996712371123,.325202987418985,stata_areg_centered_student_vce_unadjusted,305,757999
2737,All,stem_enrollment_m1,-.0260519854249863,.0391753805371437,.0916548882441348,.362266121079598,stata_areg_centered_student_vce_unadjusted,28,757999
2749,All,stem_enrollment_m1,-.200139875034427,-.134912509072297,.391499573708581,.,stata_areg_centered_student_vce_unadjusted,1,757999
2751,All,stem_enrollment_m1,-.216989006697578,-.151761640735448,.0880155331045069,.144131753651079,stata_areg_centered_student_vce_unadjusted,20,757999
2753,All,stem_enrollment_m1,-.112669285120435,-.0474419191583046,.131222806353867,.298845230187156,stata_areg_centered_student_vce_unadjusted,9,757999
2782,All,stem_enrollment_m1,-.147117066317092,-.0818897003549618,.0434471503340396,.373035647392441,stata_areg_centered_student_vce_unadjusted,464,757999
2785,All,stem_enrollment_m1,-.152675367908803,-.0874480019466729,.061733083825467,.407965529536954,stata_areg_centered_student_vce_unadjusted,123,757999
2786,All,stem_enrollment_m1,-.141375049210601,-.0761476832484708,.0345336938677497,.395923173374359,stata_areg_centered_student_vce_unadjusted,379,757999
2787,All,stem_enrollment_m1,-.0854701357298436,-.0202427697677136,.0455744951860395,.421178698933782,stata_areg_centered_student_vce_unadjusted,219,757999
2789,All,stem_enrollment_m1,-.0455043126812836,.0197230532808464,.0980824209673038,.392234802552899,stata_areg_centered_student_vce_unadjusted,152,757999
2790,All,stem_enrollment_m1,.00172999727516635,.0669573632372964,.112298295252915,.414437210604275,stata_areg_centered_student_vce_unadjusted,68,757999
2793,All,stem_enrollment_m1,-.043706182088765,.0215211838733651,.0176275905977911,.396647888557384,stata_areg_centered_student_vce_unadjusted,904,757999
2794,All,stem_enrollment_m1,-.104620674191365,-.0393933082292346,.0295844090849753,.335320141989156,stata_areg_centered_student_vce_unadjusted,273,757999
2817,All,stem_enrollment_m1,-.491744515519027,-.426517149556897,.389553064420937,.,stata_areg_centered_student_vce_unadjusted,1,757999
2833,All,stem_enrollment_m1,-.0447635829594614,.0204637830026686,.149444899496448,.35124456354657,stata_areg_centered_student_vce_unadjusted,7,757999
2835,All,stem_enrollment_m1,-.125940933627644,-.0607135676655141,.025904911115209,.286367436714469,stata_areg_centered_student_vce_unadjusted,372,757999
2836,All,stem_enrollment_m1,-.0992452670053641,-.034017901043234,.0325145224940601,.360921018447712,stata_areg_centered_student_vce_unadjusted,201,757999
2863,All,stem_enrollment_m1,-.0600177906644557,.00520957529767436,.047845043929499,.375224347450179,stata_areg_centered_student_vce_unadjusted,158,757999
2865,All,stem_enrollment_m1,-.2014762296291,-.13624886366697,.0269910662685673,.254046668126884,stata_areg_centered_student_vce_unadjusted,279,757999
2882,All,stem_enrollment_m1,-.0840821991626683,-.0188548332005383,.0408641072330706,.370952205430015,stata_areg_centered_student_vce_unadjusted,374,757999
2896,All,stem_enrollment_m1,-.134371341637297,-.0691439756751668,.0495420148729094,.365363922806322,stata_areg_centered_student_vce_unadjusted,202,757999
2908,All,stem_enrollment_m1,-.102215863602193,-.0369884976400632,.0701343629150341,.382431934663641,stata_areg_centered_student_vce_unadjusted,46,757999
2909,All,stem_enrollment_m1,.0338380729394031,.0990654389015331,.0888586417394576,.410626285144646,stata_areg_centered_student_vce_unadjusted,50,757999
2910,All,stem_enrollment_m1,.0248943672775404,.0901217332396704,.105393080679688,.353408758639985,stata_areg_centered_student_vce_unadjusted,68,757999
2930,All,stem_enrollment_m1,-.138154622851965,-.0729272568898345,.0356335080504216,.350977816133122,stata_areg_centered_student_vce_unadjusted,157,757999
2934,All,stem_enrollment_m1,-.126321780844487,-.0610944148823569,.0177459048953369,.24840122179579,stata_areg_centered_student_vce_unadjusted,789,757999
2935,All,stem_enrollment_m1,-.0869750483474891,-.021747682385359,.0160237003482192,.366541936938571,stata_areg_centered_student_vce_unadjusted,1135,757999
2937,All,stem_enrollment_m1,.0489972094382375,.114224575400368,.0210393310016058,.464455945404882,stata_areg_centered_student_vce_unadjusted,471,757999
2938,All,stem_enrollment_m1,-.0998215247714007,-.0345941588092707,.0163818002439192,.353408716406921,stata_areg_centered_student_vce_unadjusted,976,757999
2939,All,stem_enrollment_m1,-.0912982228770024,-.0260708569148723,.0310545900863447,.370039878759556,stata_areg_centered_student_vce_unadjusted,174,757999
2940,All,stem_enrollment_m1,-.0366966961699062,.0285306697922238,.0535445591845034,.378224535899133,stata_areg_centered_student_vce_unadjusted,61,757999
2943,All,stem_enrollment_m1,-.143336597440414,-.0781092314782843,.0589814070578455,.245782538680273,stata_areg_centered_student_vce_unadjusted,47,757999
2947,All,stem_enrollment_m1,-.0619723259371408,.00325504002498925,.277136793571826,.00953194193959089,stata_areg_centered_student_vce_unadjusted,2,757999
2959,All,stem_enrollment_m1,-.178800154644299,-.113572788682169,.389008489687902,.,stata_areg_centered_student_vce_unadjusted,1,757999
2961,All,stem_enrollment_m1,-.264088876614404,-.198861510652274,.160355629407872,.0513694157327759,stata_areg_centered_student_vce_unadjusted,6,757999
2973,All,stem_enrollment_m1,-.0763110401766433,-.0110836742145133,.0154362512005444,.408344373802507,stata_areg_centered_student_vce_unadjusted,1622,757999
2974,All,stem_enrollment_m1,-.129459395381413,-.0642320294192833,.0786132293345474,.353378023219485,stata_areg_centered_student_vce_unadjusted,25,757999
2979,All,stem_enrollment_m1,-.0338824156847094,.0313449502774206,.0538256662008117,.363998068182687,stata_areg_centered_student_vce_unadjusted,69,757999
2991,All,stem_enrollment_m1,-.104798431136193,-.0395710651740629,.0470411246630505,.411000977180295,stata_areg_centered_student_vce_unadjusted,278,757999
2992,All,stem_enrollment_m1,-.0462940049467848,.0189333610153452,.0325855065899057,.433438990701889,stata_areg_centered_student_vce_unadjusted,387,757999
2995,All,stem_enrollment_m1,-.0398104579556767,.0254169080064534,.0392566464859303,.396896791732413,stata_areg_centered_student_vce_unadjusted,457,757999
2997,All,stem_enrollment_m1,-.114733928178262,-.0495065622161315,.0370912852507092,.319458222047469,stata_areg_centered_student_vce_unadjusted,127,757999
3003,All,stem_enrollment_m1,-.125260916729351,-.0600335507672209,.0399833959442826,.267875756443819,stata_areg_centered_student_vce_unadjusted,111,757999
3005,All,stem_enrollment_m1,-.0772814009171636,-.0120540349550336,.0287590474295866,.325651556342159,stata_areg_centered_student_vce_unadjusted,321,757999
3006,All,stem_enrollment_m1,.0562626865147873,.121490052476917,.0174995375726166,.49200391758365,stata_areg_centered_student_vce_unadjusted,1064,757999
3010,All,stem_enrollment_m1,-.124077782181538,-.0588504162194083,.059576924693411,.352705261275464,stata_areg_centered_student_vce_unadjusted,55,757999
3012,All,stem_enrollment_m1,-.16018100086745,-.0949536349053198,.0415434734668899,.407304821623472,stata_areg_centered_student_vce_unadjusted,255,757999
3013,All,stem_enrollment_m1,-.117861501346495,-.0526341353843653,.0267577868390923,.370159456875517,stata_areg_centered_student_vce_unadjusted,362,757999
3014,All,stem_enrollment_m1,-.00445118555113597,.0607761804109941,.0532463577299817,.423522733202107,stata_areg_centered_student_vce_unadjusted,316,757999
3015,All,stem_enrollment_m1,-.136722885729372,-.0714955197672415,.0475927324722246,.431941721404241,stata_areg_centered_student_vce_unadjusted,237,757999
3016,All,stem_enrollment_m1,-.0826374271703594,-.0174100612082294,.0378493081113319,.358447199613054,stata_areg_centered_student_vce_unadjusted,147,757999
3017,All,stem_enrollment_m1,-.0632313524484525,.00199601351367748,.388842354913075,.,stata_areg_centered_student_vce_unadjusted,1,757999
3033,All,stem_enrollment_m1,-.131266724876221,-.0660393589140911,.0434711657160009,.385770535211646,stata_areg_centered_student_vce_unadjusted,175,757999
3055,All,stem_enrollment_m1,-.0987299379993846,-.0335025720372545,.0242794121256424,.343592153284959,stata_areg_centered_student_vce_unadjusted,400,757999
3059,All,stem_enrollment_m1,-.11252423566095,-.04729686969882,.0468373159709564,.387268651062111,stata_areg_centered_student_vce_unadjusted,82,757999
3108,All,stem_enrollment_m1,-.176095612879046,-.110868246916916,.0561342106581081,.400194769977302,stata_areg_centered_student_vce_unadjusted,167,757999
3110,All,stem_enrollment_m1,.00899156342407631,.0742189293862063,.0558882082888104,.393155515286164,stata_areg_centered_student_vce_unadjusted,61,757999
3126,All,stem_enrollment_m1,-.162483153443605,-.0972557874814747,.0313062873808206,.213989338768426,stata_areg_centered_student_vce_unadjusted,182,757999
3127,All,stem_enrollment_m1,-.249706763263446,-.184479397301316,.0230989339027962,.260966446782088,stata_areg_centered_student_vce_unadjusted,313,757999
3128,All,stem_enrollment_m1,-.0331188339349812,.0321085320271488,.0531486777630923,.374630867564837,stata_areg_centered_student_vce_unadjusted,118,757999
3138,All,stem_enrollment_m1,-.16190311893475,-.0966757529726195,.0608802880044298,.285791476896311,stata_areg_centered_student_vce_unadjusted,51,757999
3163,All,stem_enrollment_m1,-.0180355766450119,.0471917893171182,.0303012299953473,.373813601352837,stata_areg_centered_student_vce_unadjusted,529,757999
3165,All,stem_enrollment_m1,-.0942198201098169,-.0289924541476869,.0312955160261589,.30392684558965,stata_areg_centered_student_vce_unadjusted,461,757999
3172,All,stem_enrollment_m1,-.0849985273490839,-.0197711613869539,.049786613933842,.361624611828917,stata_areg_centered_student_vce_unadjusted,127,757999
3173,All,stem_enrollment_m1,-.0662770787220766,-.00104971275994657,.0476548554763539,.304168328132437,stata_areg_centered_student_vce_unadjusted,131,757999
3202,All,stem_enrollment_m1,-.0287000636833795,.0365273022787505,.0371805702482007,.399332003158569,stata_areg_centered_student_vce_unadjusted,381,757999
3204,All,stem_enrollment_m1,-.0290909732865972,.0361363926755328,.107607486911773,.379546643202597,stata_areg_centered_student_vce_unadjusted,100,757999
3205,All,stem_enrollment_m1,-.152826452592505,-.0875990866303748,.0551915393686028,.379957584334615,stata_areg_centered_student_vce_unadjusted,217,757999
3209,All,stem_enrollment_m1,-.261666707434803,-.196439341472673,.174916828592198,.0792704791234455,stata_areg_centered_student_vce_unadjusted,5,757999
3247,All,stem_enrollment_m1,-.0713965525935769,-.00616918663144689,.0184980859190035,.397785536385449,stata_areg_centered_student_vce_unadjusted,1109,757999
3248,All,stem_enrollment_m1,-.0400549287649219,.0251724371972082,.0174993828950231,.394515627243543,stata_areg_centered_student_vce_unadjusted,1094,757999
3252,All,stem_enrollment_m1,-.0758290612255705,-.0106016952634404,.0195856579648326,.332166631051701,stata_areg_centered_student_vce_unadjusted,737,757999
3258,All,stem_enrollment_m1,-.122657269668064,-.0574299037059337,.277066969335182,.242328686587913,stata_areg_centered_student_vce_unadjusted,2,757999
3267,All,stem_enrollment_m1,-.273806432712807,-.208579066750677,.278255032785235,.00485787449313576,stata_areg_centered_student_vce_unadjusted,2,757999
3268,All,stem_enrollment_m1,.129312719869587,.194540085831717,.196375073694753,.412045702931317,stata_areg_centered_student_vce_unadjusted,4,757999
3269,All,stem_enrollment_m1,-.265223026870653,-.199995660908523,.402948599680831,.,stata_areg_centered_student_vce_unadjusted,1,757999
3290,All,stem_enrollment_m1,-.0558238001549425,.00940356580718751,.0223750656783741,.277842136674357,stata_areg_centered_student_vce_unadjusted,533,757999
3291,All,stem_enrollment_m1,-.0780196784424644,-.0127923124803344,.176320387516134,.116882246300085,stata_areg_centered_student_vce_unadjusted,5,757999
3296,All,stem_enrollment_m1,-.0548407846608735,.0103865813012565,.0214919211947679,.403264852600121,stata_areg_centered_student_vce_unadjusted,731,757999
3298,All,stem_enrollment_m1,-.0101625980886939,.0550647678734361,.0523033001644724,.387499045327593,stata_areg_centered_student_vce_unadjusted,322,757999
3300,All,stem_enrollment_m1,-.0327070819195699,.0325202840425601,.0617859785024336,.380196296894597,stata_areg_centered_student_vce_unadjusted,340,757999
3302,All,stem_enrollment_m1,-.0550618953374932,.0101654706246368,.0398575900157619,.329078346699863,stata_areg_centered_student_vce_unadjusted,200,757999
3303,All,stem_enrollment_m1,-.0873714576244077,-.0221440916622777,.0396240488410551,.391416724212745,stata_areg_centered_student_vce_unadjusted,247,757999
3304,All,stem_enrollment_m1,-.0585980871637611,.00662927879836894,.0461067646684081,.385477329889265,stata_areg_centered_student_vce_unadjusted,200,757999
3305,All,stem_enrollment_m1,-.00303185845116287,.0621955075109672,.0229283262625458,.404979330731494,stata_areg_centered_student_vce_unadjusted,412,757999
3308,All,stem_enrollment_m1,-.0730289375647253,-.0078015716025953,.0610331222158519,.402751527950017,stata_areg_centered_student_vce_unadjusted,127,757999
3311,All,stem_enrollment_m1,-.0781343934312115,-.0129070274690815,.0472642604077579,.388555444762635,stata_areg_centered_student_vce_unadjusted,160,757999
3313,All,stem_enrollment_m1,-.0412560138830005,.0239713520791295,.0458023388300795,.386240542546901,stata_areg_centered_student_vce_unadjusted,114,757999
3317,All,stem_enrollment_m1,-.0156936421590127,.0495337238031173,.0661566502275628,.362675887812085,stata_areg_centered_student_vce_unadjusted,45,757999
3327,All,stem_enrollment_m1,-.0602900795029312,.00493728645919884,.0316606482608072,.396619354097122,stata_areg_centered_student_vce_unadjusted,179,757999
3328,All,stem_enrollment_m1,-.0811902892281425,-.0159629232660124,.0262885361796076,.380958399930443,stata_areg_centered_student_vce_unadjusted,439,757999
3348,All,stem_enrollment_m1,-.0641631895222746,.00106417643985542,.027160139864061,.366680927756987,stata_areg_centered_student_vce_unadjusted,354,757999
3359,All,stem_enrollment_m1,-.112219832851024,-.0469924668888939,.0760297863638459,.329165327980569,stata_areg_centered_student_vce_unadjusted,44,757999
3362,All,stem_enrollment_m1,-.164256748311238,-.0990293823491081,.175662945513159,.0932487679409439,stata_areg_centered_student_vce_unadjusted,5,757999
3367,All,stem_enrollment_m1,.37552801911539,.44075538507752,.226042276811594,.565561704154453,stata_areg_centered_student_vce_unadjusted,3,757999
3387,All,stem_enrollment_m1,-.0858132264079416,-.0205858604458115,.0273608807654237,.361675188832758,stata_areg_centered_student_vce_unadjusted,442,757999
3393,All,stem_enrollment_m1,-.293737843028912,-.228510477066782,.391543908352622,.,stata_areg_centered_student_vce_unadjusted,1,757999
3396,All,stem_enrollment_m1,-.158920603450805,-.0936932374886746,.0574746173737746,.283392307400223,stata_areg_centered_student_vce_unadjusted,50,757999
3400,All,stem_enrollment_m1,-.162845653476043,-.0976182875139129,.0564609758242594,.333805174430581,stata_areg_centered_student_vce_unadjusted,77,757999
3430,All,stem_enrollment_m1,-.0906977135473409,-.0254703475852109,.0593909334389131,.365431376909666,stata_areg_centered_student_vce_unadjusted,145,757999
3431,All,stem_enrollment_m1,.0261990398195569,.0914264057816869,.042821044272621,.366067952318385,stata_areg_centered_student_vce_unadjusted,317,757999
3432,All,stem_enrollment_m1,-.0316469602719116,.0335804056902185,.045437619785244,.390743849746097,stata_areg_centered_student_vce_unadjusted,359,757999
3433,All,stem_enrollment_m1,-.0583768649055239,.0068505010566061,.0505116905566731,.416814994749534,stata_areg_centered_student_vce_unadjusted,177,757999
3434,All,stem_enrollment_m1,-.118936116107109,-.0537087501449785,.0252880330875235,.295688061591124,stata_areg_centered_student_vce_unadjusted,592,757999
3442,All,stem_enrollment_m1,-.110791235578451,-.0455638696163214,.0692585853096344,.319385433725248,stata_areg_centered_student_vce_unadjusted,45,757999
3443,All,stem_enrollment_m1,-.100807931923694,-.0355805659615635,.0656013236969994,.342686810567657,stata_areg_centered_student_vce_unadjusted,79,757999
3448,All,stem_enrollment_m1,-.399964431980532,-.334737066018402,.396462992777655,.,stata_areg_centered_student_vce_unadjusted,1,757999
3460,All,stem_enrollment_m1,-.0122312143832012,.0529961515789288,.0414393279677195,.419311668625262,stata_areg_centered_student_vce_unadjusted,206,757999
3461,All,stem_enrollment_m1,-.101891224841866,-.0366638588797358,.0394102235325065,.305305614606216,stata_areg_centered_student_vce_unadjusted,130,757999
3478,All,stem_enrollment_m1,-.0790310886371052,-.0138037226749751,.0470281789949372,.311688651570895,stata_areg_centered_student_vce_unadjusted,82,757999
3479,All,stem_enrollment_m1,-.0240053536485681,.0412220123135619,.0206522386565817,.378857736128768,stata_areg_centered_student_vce_unadjusted,975,757999
3530,All,stem_enrollment_m1,.0252534252144122,.0904807911765422,.0411644892896937,.403562465446719,stata_areg_centered_student_vce_unadjusted,236,757999
3531,All,stem_enrollment_m1,-.0748432518025525,-.00961588584042247,.0552472757519425,.404705179192528,stata_areg_centered_student_vce_unadjusted,293,757999
3533,All,stem_enrollment_m1,-.0376787814019021,.0275485845602279,.0420004114325817,.401763976367865,stata_areg_centered_student_vce_unadjusted,308,757999
3535,All,stem_enrollment_m1,-.273537143384475,-.208309777422345,.390352282086554,.,stata_areg_centered_student_vce_unadjusted,1,757999
3538,All,stem_enrollment_m1,-.0613946637965287,.0038327021656013,.0340420005567952,.34153920338393,stata_areg_centered_student_vce_unadjusted,336,757999
3539,All,stem_enrollment_m1,-.0467180006023293,.0185093653598007,.0285610868262873,.340329473672853,stata_areg_centered_student_vce_unadjusted,624,757999
3540,All,stem_enrollment_m1,.000616475573738549,.0658438415358686,.0309419985040407,.383397986670053,stata_areg_centered_student_vce_unadjusted,423,757999
3608,All,stem_enrollment_m1,-.155161854425642,-.0899344884635122,.0520953219336253,.394689330187627,stata_areg_centered_student_vce_unadjusted,269,757999
3609,All,stem_enrollment_m1,-.108978224112622,-.0437508581504925,.0389722555875765,.338767050691332,stata_areg_centered_student_vce_unadjusted,314,757999
3618,All,stem_enrollment_m1,-.12897465086905,-.0637472849069196,.0469163974851938,.279498019354438,stata_areg_centered_student_vce_unadjusted,177,757999
3638,All,stem_enrollment_m1,-.0415666823809477,.0236606835811823,.0191477572624759,.382055083811677,stata_areg_centered_student_vce_unadjusted,648,757999
3639,All,stem_enrollment_m1,-.0916736667722331,-.026446300810103,.0321049579809341,.379968584440195,stata_areg_centered_student_vce_unadjusted,183,757999
3640,All,stem_enrollment_m1,-.0730524590076745,-.00782509304554443,.0184415347863079,.365116306017181,stata_areg_centered_student_vce_unadjusted,674,757999
3641,All,stem_enrollment_m1,.17108455541037,.2363119213725,.0214212355947441,.478204123332255,stata_areg_centered_student_vce_unadjusted,444,757999
3642,All,stem_enrollment_m1,-.0745248407491976,-.00929747478706756,.0237863353109447,.195916510461703,stata_areg_centered_student_vce_unadjusted,340,757999
3643,All,stem_enrollment_m1,-.0241720929568872,.0410552730052428,.0615523677329034,.284859556230786,stata_areg_centered_student_vce_unadjusted,43,757999
3645,All,stem_enrollment_m1,.0337540483268735,.0989814142890036,.101461109009971,.423958514428979,stata_areg_centered_student_vce_unadjusted,15,757999
3656,All,stem_enrollment_m1,-.134975323588403,-.0697479576262729,.048714865335842,.27665627226742,stata_areg_centered_student_vce_unadjusted,114,757999
3657,All,stem_enrollment_m1,-.012495688038286,.052731677923844,.053670934347993,.413470954793721,stata_areg_centered_student_vce_unadjusted,72,757999
3662,All,stem_enrollment_m1,-.0957720177896623,-.0305446518275323,.0456451383826928,.349559234109428,stata_areg_centered_student_vce_unadjusted,119,757999
3686,All,stem_enrollment_m1,-.0607603600890137,.00446700587311631,.38978765748363,.,stata_areg_centered_student_vce_unadjusted,1,757999
3711,All,stem_enrollment_m1,-.0608161857679825,.00441118019414753,.031023008393048,.355442972090461,stata_areg_centered_student_vce_unadjusted,261,757999
3713,All,stem_enrollment_m1,-.124537107906983,-.0593097419448532,.0349020825765512,.395791671035931,stata_areg_centered_student_vce_unadjusted,615,757999
3718,All,stem_enrollment_m1,-.108549395643222,-.0433220296810917,.0426836711450428,.368636656525695,stata_areg_centered_student_vce_unadjusted,428,757999
3719,All,stem_enrollment_m1,-.153867322538681,-.0886399565765514,.0422613671261443,.331037055206006,stata_areg_centered_student_vce_unadjusted,164,757999
3720,All,stem_enrollment_m1,.142516690461807,.207744056423937,.140481221358481,.456163830386323,stata_areg_centered_student_vce_unadjusted,119,757999
3723,All,stem_enrollment_m1,-.0548714976557023,.0103558683064277,.0382269388781891,.388450681399314,stata_areg_centered_student_vce_unadjusted,184,757999
3724,All,stem_enrollment_m1,-.0641520453331594,.0010753206289706,.0429098470652135,.41206437331974,stata_areg_centered_student_vce_unadjusted,316,757999
3728,All,stem_enrollment_m1,-.106386727233529,-.0411593612713985,.048715647474529,.404503585167633,stata_areg_centered_student_vce_unadjusted,163,757999
3730,All,stem_enrollment_m1,-.176117626469865,-.110890260507735,.0491374303032812,.324181588800915,stata_areg_centered_student_vce_unadjusted,134,757999
3733,All,stem_enrollment_m1,-.140536276853835,-.0753089108917055,.0546588891520837,.311907474828586,stata_areg_centered_student_vce_unadjusted,69,757999
3734,All,stem_enrollment_m1,-.0716100373130867,-.00638267135095665,.0830341506427656,.392228484124968,stata_areg_centered_student_vce_unadjusted,23,757999
3735,All,stem_enrollment_m1,-.0799443887487082,-.0147170227865782,.0253526766879745,.378882606697493,stata_areg_centered_student_vce_unadjusted,367,757999
3739,All,stem_enrollment_m1,-.177735218483614,-.112507852521484,.0282062003015408,.294450143129843,stata_areg_centered_student_vce_unadjusted,222,757999
3740,All,stem_enrollment_m1,-.0434752288551257,.0217521371070043,.160479201040011,.348241581222787,stata_areg_centered_student_vce_unadjusted,6,757999
3741,All,stem_enrollment_m1,-.160165346603753,-.0949379806416227,.115057237402178,.125166591841167,stata_areg_centered_student_vce_unadjusted,12,757999
3742,All,stem_enrollment_m1,-.0184148862033657,.0468124797587643,.0265221185572174,.39907754477977,stata_areg_centered_student_vce_unadjusted,522,757999
3743,All,stem_enrollment_m1,-.0858983374442324,-.0206709714821024,.0427752569162261,.366732397023914,stata_areg_centered_student_vce_unadjusted,203,757999
3759,All,stem_enrollment_m1,.112365266526661,.177592632488791,.393180159724239,.,stata_areg_centered_student_vce_unadjusted,1,757999
3760,All,stem_enrollment_m1,-.0285920037883261,.0366353621738039,.393760180851099,.,stata_areg_centered_student_vce_unadjusted,1,757999
3795,All,stem_enrollment_m1,-.0587128833857932,.00651448257633683,.0510535301212646,.379684761436219,stata_areg_centered_student_vce_unadjusted,246,757999
3796,All,stem_enrollment_m1,-.108112966396506,-.0428856004343762,.0321229004926718,.346658160503854,stata_areg_centered_student_vce_unadjusted,438,757999
3797,All,stem_enrollment_m1,-.0461495456167957,.0190778203453343,.0323778015137848,.38969602341092,stata_areg_centered_student_vce_unadjusted,430,757999
3800,All,stem_enrollment_m1,-.214284388267705,-.149057022305575,.0701699778044874,.319915296618802,stata_areg_centered_student_vce_unadjusted,40,757999
3802,All,stem_enrollment_m1,-.120416420253993,-.0551890542918632,.0464005916553747,.351197991684408,stata_areg_centered_student_vce_unadjusted,176,757999
3823,All,stem_enrollment_m1,-.0286303941426593,.0365969718194707,.0511776572653686,.42491087290514,stata_areg_centered_student_vce_unadjusted,168,757999
3865,All,stem_enrollment_m1,-.120489473007846,-.055262107045716,.0218073209912495,.36162990866568,stata_areg_centered_student_vce_unadjusted,573,757999
3871,All,stem_enrollment_m1,-.068126435249975,-.00289906928784493,.0364955875755576,.345969544953144,stata_areg_centered_student_vce_unadjusted,269,757999
3885,All,stem_enrollment_m1,-.0840920749199562,-.0188647089578262,.0433450333059813,.344680387916254,stata_areg_centered_student_vce_unadjusted,226,757999
3886,All,stem_enrollment_m1,-.0281540251347057,.0370733408274243,.0506100733873519,.395576167356917,stata_areg_centered_student_vce_unadjusted,121,757999
3887,All,stem_enrollment_m1,-.135238432193807,-.070011066231677,.0627539679177288,.293771832323759,stata_areg_centered_student_vce_unadjusted,140,757999
3888,All,stem_enrollment_m1,-.183344854373668,-.118117488411538,.0680772109338259,.304871787817669,stata_areg_centered_student_vce_unadjusted,61,757999
3899,All,stem_enrollment_m1,-.214795297622146,-.149567931660016,.282906604741535,.136770161279585,stata_areg_centered_student_vce_unadjusted,2,757999
3907,All,stem_enrollment_m1,-.0973691058083977,-.0321417398462677,.0434968989670905,.332603155675124,stata_areg_centered_student_vce_unadjusted,197,757999
3909,All,stem_enrollment_m1,-.0479861571496096,.0172412088125204,.0337220239641358,.369430106650982,stata_areg_centered_student_vce_unadjusted,612,757999
3940,All,stem_enrollment_m1,-.0604226940296012,.00480467193252887,.0330764933234201,.374288586497181,stata_areg_centered_student_vce_unadjusted,341,757999
3941,All,stem_enrollment_m1,-.0669833093031012,-.00175594334097119,.0470247964614421,.369671217910024,stata_areg_centered_student_vce_unadjusted,114,757999
3960,All,stem_enrollment_m1,-.000228703423779524,.0649986625383505,.0678470936586538,.386401015490421,stata_areg_centered_student_vce_unadjusted,154,757999
3961,All,stem_enrollment_m1,-.130945084513839,-.065717718551709,.0564658321770664,.295563787939299,stata_areg_centered_student_vce_unadjusted,178,757999
3976,All,stem_enrollment_m1,-.0324171431797532,.0328102227823768,.0330800242391798,.366893613975689,stata_areg_centered_student_vce_unadjusted,308,757999
3977,All,stem_enrollment_m1,-.118875190646604,-.0536478246844741,.0403447843381168,.340699045234888,stata_areg_centered_student_vce_unadjusted,184,757999
3998,All,stem_enrollment_m1,-.114829790275687,-.0496024243135574,.0343956070838795,.328106354553333,stata_areg_centered_student_vce_unadjusted,241,757999
4000,All,stem_enrollment_m1,-.132455983161094,-.0672286171989643,.411832559709597,.,stata_areg_centered_student_vce_unadjusted,1,757999
4025,All,stem_enrollment_m1,-.0757791730906511,-.0105518071285211,.0554406074395086,.354810743997164,stata_areg_centered_student_vce_unadjusted,185,757999
4032,All,stem_enrollment_m1,-.126113349349254,-.0608859833871235,.0739198717654025,.353395241858488,stata_areg_centered_student_vce_unadjusted,90,757999
4043,All,stem_enrollment_m1,-.127762028710547,-.0625346627484167,.0707760921178417,.28660191391465,stata_areg_centered_student_vce_unadjusted,70,757999
4049,All,stem_enrollment_m1,-.0692557115327111,-.00402834557058109,.0323386948374281,.368747565521626,stata_areg_centered_student_vce_unadjusted,640,757999
4052,All,stem_enrollment_m1,-.0998274222383258,-.0346000562761958,.0643202249255242,.388528672796243,stata_areg_centered_student_vce_unadjusted,57,757999
4084,All,stem_enrollment_m1,-.0852363210451977,-.0200089550830677,.059871768251575,.302787558416515,stata_areg_centered_student_vce_unadjusted,76,757999
4102,All,stem_enrollment_m1,-.0110563047174851,.054171061244645,.0426627713116087,.356947766301368,stata_areg_centered_student_vce_unadjusted,483,757999
4124,All,stem_enrollment_m1,-.0644642126120133,.00076315335011673,.051858405643787,.371754134087741,stata_areg_centered_student_vce_unadjusted,161,757999
4140,All,stem_enrollment_m1,-.0659365809104232,-.00070921494829318,.0184343010628631,.404065628030369,stata_areg_centered_student_vce_unadjusted,1033,757999
4141,All,stem_enrollment_m1,-.120114756862282,-.0548873909001523,.0504700677185018,.382028176801606,stata_areg_centered_student_vce_unadjusted,123,757999
4160,All,stem_enrollment_m1,-.109753393766963,-.0445260278048325,.0315317504098237,.334172357102844,stata_areg_centered_student_vce_unadjusted,290,757999
4162,All,stem_enrollment_m1,-.108647381559732,-.0434200155976015,.0168387125690667,.318134989310685,stata_areg_centered_student_vce_unadjusted,1086,757999
4163,All,stem_enrollment_m1,-.0646063669484481,.000620999013681886,.0278125545695984,.377620947534227,stata_areg_centered_student_vce_unadjusted,925,757999
4164,All,stem_enrollment_m1,-.0888101402511006,-.0235827742889705,.0186916773774086,.335302789557695,stata_areg_centered_student_vce_unadjusted,869,757999
4165,All,stem_enrollment_m1,.041487487360104,.106714853322234,.0203636481738789,.445187689648733,stata_areg_centered_student_vce_unadjusted,569,757999
4166,All,stem_enrollment_m1,-.0428916606347966,.0223357053273335,.0198751467112691,.247584456169323,stata_areg_centered_student_vce_unadjusted,620,757999
4190,All,stem_enrollment_m1,-.00586725568791967,.0593601102742103,.0503125013478142,.378498627097613,stata_areg_centered_student_vce_unadjusted,110,757999
4195,All,stem_enrollment_m1,-.0222613211311411,.0429660448309889,.0534414428756918,.34085587195739,stata_areg_centered_student_vce_unadjusted,76,757999
4205,All,stem_enrollment_m1,-.0347870786108137,.0304402873513164,.389634589121486,.,stata_areg_centered_student_vce_unadjusted,1,757999
4262,All,stem_enrollment_m1,-.0146811543388205,.0505462116233095,.0353897870946961,.374251995804516,stata_areg_centered_student_vce_unadjusted,205,757999
4263,All,stem_enrollment_m1,-.120354982321373,-.0551276163592433,.0221288219812791,.373662479524822,stata_areg_centered_student_vce_unadjusted,476,757999
4269,All,stem_enrollment_m1,-.0980563031148725,-.0328289371527425,.0360762144366237,.373887531738993,stata_areg_centered_student_vce_unadjusted,214,757999
4270,All,stem_enrollment_m1,-.136046816594774,-.0708194506326439,.0463205223070783,.272751614063035,stata_areg_centered_student_vce_unadjusted,98,757999
4277,All,stem_enrollment_m1,-.0195994114338816,.0456279545282484,.0193981168458724,.412348049169896,stata_areg_centered_student_vce_unadjusted,903,757999
4285,All,stem_enrollment_m1,-.150706528335002,-.0854791623728723,.0475586217512851,.40313891783807,stata_areg_centered_student_vce_unadjusted,351,757999
4286,All,stem_enrollment_m1,-.102471183234038,-.0372438172719077,.0660175558240864,.42903237962328,stata_areg_centered_student_vce_unadjusted,173,757999
4287,All,stem_enrollment_m1,-.0620752870323185,.0031520789298115,.0216713129673857,.394428180220476,stata_areg_centered_student_vce_unadjusted,453,757999
4288,All,stem_enrollment_m1,-.0367874730036861,.0284398929584439,.0297259876611534,.405015540275113,stata_areg_centered_student_vce_unadjusted,485,757999
4289,All,stem_enrollment_m1,-.0805919428533049,-.0153645768911749,.0309175886625457,.405279970634681,stata_areg_centered_student_vce_unadjusted,484,757999
4292,All,stem_enrollment_m1,-.0951018927136938,-.0298745267515638,.0618079262721678,.362331897978879,stata_areg_centered_student_vce_unadjusted,50,757999
4307,All,stem_enrollment_m1,-.149821274396669,-.0845939084345386,.0378701816361417,.372106263707323,stata_areg_centered_student_vce_unadjusted,341,757999
4309,All,stem_enrollment_m1,-.153289068532693,-.0880617025705625,.0366771902554417,.282153534919411,stata_areg_centered_student_vce_unadjusted,237,757999
4310,All,stem_enrollment_m1,-.0703880599500049,-.00516069398787491,.0621881711552301,.371717464148823,stata_areg_centered_student_vce_unadjusted,71,757999
4324,All,stem_enrollment_m1,-.0631408649829385,.00208650097919152,.0557961741560587,.35646049235857,stata_areg_centered_student_vce_unadjusted,146,757999
4331,All,stem_enrollment_m1,-.188428000421932,-.123200634459802,.0644370247805139,.369147270212835,stata_areg_centered_student_vce_unadjusted,132,757999
4333,All,stem_enrollment_m1,-.145123681199752,-.0798963152376224,.0596631979648154,.354103352655706,stata_areg_centered_student_vce_unadjusted,83,757999
4353,All,stem_enrollment_m1,-.0676613974974337,-.00243403153530367,.0331119603285439,.359375812788476,stata_areg_centered_student_vce_unadjusted,265,757999
4382,All,stem_enrollment_m1,-.111784974700977,-.0465576087388468,.0475153490850677,.334929371437685,stata_areg_centered_student_vce_unadjusted,154,757999
4392,All,stem_enrollment_m1,-.125963478616353,-.0607361126542228,.06055439200695,.319748919011155,stata_areg_centered_student_vce_unadjusted,70,757999
4404,All,stem_enrollment_m1,-.0743440335567919,-.00911666759466191,.0330584744032858,.38714984440504,stata_areg_centered_student_vce_unadjusted,552,757999
4408,All,stem_enrollment_m1,.0000781901939597322,.0653055561560898,.0352556585124258,.377981236426561,stata_areg_centered_student_vce_unadjusted,335,757999
4446,All,stem_enrollment_m1,-.0987764092412894,-.0335490432791593,.0396241809379748,.359930670313398,stata_areg_centered_student_vce_unadjusted,235,757999
4451,All,stem_enrollment_m1,.0154238022871388,.0806511682492689,.0325211098150172,.429881542533392,stata_areg_centered_student_vce_unadjusted,729,757999
4483,All,stem_enrollment_m1,.0524937362897109,.117721102251841,.0296479005008293,.417319811679213,stata_areg_centered_student_vce_unadjusted,865,757999
4499,All,stem_enrollment_m1,-.0571743656168367,.00805300034529337,.185680694243155,.371871653814237,stata_areg_centered_student_vce_unadjusted,6,757999
4500,All,stem_enrollment_m1,.000524489378577107,.0657518553407071,.0782274171320958,.404949073235362,stata_areg_centered_student_vce_unadjusted,75,757999
4505,All,stem_enrollment_m1,-.140415010756848,-.0751876447947177,.0407559983550281,.377924999179239,stata_areg_centered_student_vce_unadjusted,184,757999
4507,All,stem_enrollment_m1,-.115053415889041,-.0498260499269114,.0484872396086501,.382890964656018,stata_areg_centered_student_vce_unadjusted,132,757999
4509,All,stem_enrollment_m1,-.115734270762653,-.0505069048005225,.0765004264432816,.409642856931426,stata_areg_centered_student_vce_unadjusted,54,757999
4530,All,stem_enrollment_m1,-.161337321204771,-.0961099552426405,.0411855715994741,.369858591817102,stata_areg_centered_student_vce_unadjusted,295,757999
4531,All,stem_enrollment_m1,-.111308453354141,-.0460810873920111,.0262396660384686,.369442621788027,stata_areg_centered_student_vce_unadjusted,384,757999
4533,All,stem_enrollment_m1,-.099014605200963,-.033787239238833,.02145809145889,.178719573381622,stata_areg_centered_student_vce_unadjusted,409,757999
4534,All,stem_enrollment_m1,-.0726146937071286,-.00738732774499853,.0157760544109574,.374872225529047,stata_areg_centered_student_vce_unadjusted,921,757999
4535,All,stem_enrollment_m1,.0760393715454472,.141266737507577,.022459110460446,.47628050621059,stata_areg_centered_student_vce_unadjusted,371,757999
4536,All,stem_enrollment_m1,-.0896150571123527,-.0243876911502227,.0302850051379238,.231605303217205,stata_areg_centered_student_vce_unadjusted,183,757999
4544,All,stem_enrollment_m1,-.00701081475150046,.0582165512106296,.38943879274699,.,stata_areg_centered_student_vce_unadjusted,1,757999
4553,All,stem_enrollment_m1,-.0799732682053165,-.0147459022431865,.0227075808384528,.289656596346419,stata_areg_centered_student_vce_unadjusted,353,757999
4554,All,stem_enrollment_m1,-.0547503162506753,.0104770497114547,.104897781000865,.38884977578418,stata_areg_centered_student_vce_unadjusted,14,757999
4555,All,stem_enrollment_m1,-.0928701113868155,-.0276427454246855,.0303941089743437,.452281761604031,stata_areg_centered_student_vce_unadjusted,190,757999
4557,All,stem_enrollment_m1,-.0914943052217945,-.0262669392596645,.0342649477868315,.352570322005706,stata_areg_centered_student_vce_unadjusted,142,757999
4558,All,stem_enrollment_m1,-.105170332886528,-.0399429669243978,.0989435194989384,.319834239980033,stata_areg_centered_student_vce_unadjusted,16,757999
4559,All,stem_enrollment_m1,-.113330474817188,-.0481031088550581,.0753363514774053,.368204692151806,stata_areg_centered_student_vce_unadjusted,28,757999
4560,All,stem_enrollment_m1,-.0646490678644405,.000578298097689514,.0394290457504668,.385790837921777,stata_areg_centered_student_vce_unadjusted,143,757999
4561,All,stem_enrollment_m1,-.150212183751028,-.0849848177888979,.0670425381234456,.350312681579429,stata_areg_centered_student_vce_unadjusted,36,757999
4562,All,stem_enrollment_m1,-.0932526814768273,-.0280253155146973,.0298613064283691,.345198926943815,stata_areg_centered_student_vce_unadjusted,218,757999
4563,All,stem_enrollment_m1,-.0603687600913721,.00485860587075794,.0645290462310196,.36539813688592,stata_areg_centered_student_vce_unadjusted,51,757999
4564,All,stem_enrollment_m1,-.0730967931321087,-.00786942716997865,.0269622828761133,.407996599988524,stata_areg_centered_student_vce_unadjusted,475,757999
4565,All,stem_enrollment_m1,-.075117324588869,-.00988995862673893,.0582544485137666,.361131193636828,stata_areg_centered_student_vce_unadjusted,89,757999
4571,All,stem_enrollment_m1,.0224175680372073,.0876449339993373,.0622856964161641,.40152908777352,stata_areg_centered_student_vce_unadjusted,64,757999
4572,All,stem_enrollment_m1,-.146463349816949,-.0812359838548192,.039449841580212,.354719675401711,stata_areg_centered_student_vce_unadjusted,111,757999
4574,All,stem_enrollment_m1,-.0897432849450646,-.0245159189829346,.0272844318884843,.280909808872355,stata_areg_centered_student_vce_unadjusted,282,757999
4575,All,stem_enrollment_m1,-.0419595998809458,.0232677660811843,.0443524519458642,.37534355354081,stata_areg_centered_student_vce_unadjusted,120,757999
4577,All,stem_enrollment_m1,-.126460734842618,-.061233368880488,.0591536781677088,.370593935628129,stata_areg_centered_student_vce_unadjusted,52,757999
4585,All,stem_enrollment_m1,-.0180159788462959,.0472113871158342,.0656541803279894,.465593098638551,stata_areg_centered_student_vce_unadjusted,70,757999
4588,All,stem_enrollment_m1,-.152644555438587,-.0874171894764567,.0367307384606815,.36651917382339,stata_areg_centered_student_vce_unadjusted,246,757999
4589,All,stem_enrollment_m1,-.0531989346732951,.012028431288835,.0621973021577055,.361547394096292,stata_areg_centered_student_vce_unadjusted,59,757999
4591,All,stem_enrollment_m1,-.0331132446402164,.0321141213219136,.0542266098882683,.397398677426924,stata_areg_centered_student_vce_unadjusted,97,757999
4616,All,stem_enrollment_m1,-.191458688478811,-.126231322516681,.0564583697574682,.135665889734857,stata_areg_centered_student_vce_unadjusted,63,757999
4617,All,stem_enrollment_m1,-.137517595021502,-.072290229059372,.0482910966773696,.369062005604466,stata_areg_centered_student_vce_unadjusted,105,757999
4626,All,stem_enrollment_m1,-.17443305676119,-.10920569079906,.101495781835853,.251256974160588,stata_areg_centered_student_vce_unadjusted,15,757999
4630,All,stem_enrollment_m1,-.090493868576276,-.025266502614146,.0210138207630782,.319137789017899,stata_areg_centered_student_vce_unadjusted,570,757999
4631,All,stem_enrollment_m1,-.0684467257128809,-.0032193597507509,.0295459198652498,.379594492839747,stata_areg_centered_student_vce_unadjusted,473,757999
4636,All,stem_enrollment_m1,-.159686433096989,-.0944590671348588,.0530145041112772,.419680514281237,stata_areg_centered_student_vce_unadjusted,140,757999
4644,All,stem_enrollment_m1,-.126185924208207,-.0609585582460774,.029159166586023,.353714316129575,stata_areg_centered_student_vce_unadjusted,385,757999
4646,All,stem_enrollment_m1,-.0952339600324361,-.030006594070306,.0516139987223751,.411115841246808,stata_areg_centered_student_vce_unadjusted,287,757999
4655,All,stem_enrollment_m1,-.114264357317519,-.0490369913553885,.029705659289679,.417219361112593,stata_areg_centered_student_vce_unadjusted,306,757999
4656,All,stem_enrollment_m1,-.0199307923754855,.0452965735866445,.0455600587653215,.432912204296875,stata_areg_centered_student_vce_unadjusted,252,757999
4659,All,stem_enrollment_m1,-.167105061233035,-.101877695270905,.0578592788463503,.319621914545212,stata_areg_centered_student_vce_unadjusted,271,757999
4662,All,stem_enrollment_m1,-.10050190062427,-.0352745346621399,.0385121586004732,.434444390136716,stata_areg_centered_student_vce_unadjusted,458,757999
4663,All,stem_enrollment_m1,-.0895844992528913,-.0243571332907613,.0346536450391538,.35964241087105,stata_areg_centered_student_vce_unadjusted,453,757999
4664,All,stem_enrollment_m1,-.132708350463986,-.067480984501856,.0497371543179015,.395173902152427,stata_areg_centered_student_vce_unadjusted,300,757999
4666,All,stem_enrollment_m1,-.0621620307558843,.00306533520624577,.0395660326534567,.430960398823108,stata_areg_centered_student_vce_unadjusted,285,757999
4667,All,stem_enrollment_m1,.0102029799211478,.0754303458832778,.0390407373869362,.430282998398209,stata_areg_centered_student_vce_unadjusted,204,757999
4669,All,stem_enrollment_m1,-.0600164839771926,.00521088198493744,.0498017355764975,.430643515053831,stata_areg_centered_student_vce_unadjusted,339,757999
4670,All,stem_enrollment_m1,-.172838683828709,-.107611317866579,.108855961846739,.309973313591534,stata_areg_centered_student_vce_unadjusted,14,757999
4672,All,stem_enrollment_m1,-.0685351710466818,-.00330780508455177,.0334880668283065,.415044680235114,stata_areg_centered_student_vce_unadjusted,436,757999
4677,All,stem_enrollment_m1,.0334815173420721,.0987088833042021,.0704274888824101,.431639750048601,stata_areg_centered_student_vce_unadjusted,172,757999
4679,All,stem_enrollment_m1,-.0525889965485609,.0126383694135691,.0460503900027539,.414953092169809,stata_areg_centered_student_vce_unadjusted,212,757999
4680,All,stem_enrollment_m1,-.112264721609719,-.0470373556475889,.0373922354468155,.391279144256685,stata_areg_centered_student_vce_unadjusted,166,757999
4686,All,stem_enrollment_m1,-.0306750991262742,.0345522668358558,.0495588542565421,.458083084511618,stata_areg_centered_student_vce_unadjusted,256,757999
4687,All,stem_enrollment_m1,-.100871061587095,-.0356436956249654,.0826980072131271,.446827198714459,stata_areg_centered_student_vce_unadjusted,275,757999
4688,All,stem_enrollment_m1,.129404969242706,.194632335204836,.0860240238001513,.453162898576083,stata_areg_centered_student_vce_unadjusted,252,757999
4689,All,stem_enrollment_m1,-.0623840788272455,.00284328713488449,.0367313430405203,.407092540939202,stata_areg_centered_student_vce_unadjusted,240,757999
4691,All,stem_enrollment_m1,-.0176852180145936,.0475421479475364,.0565013590120869,.441305088051611,stata_areg_centered_student_vce_unadjusted,118,757999
4694,All,stem_enrollment_m1,.0145748244563709,.0798021904185009,.0590886806298681,.424501336284732,stata_areg_centered_student_vce_unadjusted,341,757999
4698,All,stem_enrollment_m1,-.0723863985790506,-.00715903261692055,.0336152404684968,.39426475803259,stata_areg_centered_student_vce_unadjusted,188,757999
4700,All,stem_enrollment_m1,.0694126476191687,.134640013581299,.0201825382378407,.469145276452644,stata_areg_centered_student_vce_unadjusted,613,757999
4702,All,stem_enrollment_m1,-.0649990114861086,.000228354476021445,.0183565254287801,.375282768055681,stata_areg_centered_student_vce_unadjusted,890,757999
4703,All,stem_enrollment_m1,.117109589099449,.182336955061579,.0324367802861717,.488639369875741,stata_areg_centered_student_vce_unadjusted,174,757999
4706,All,stem_enrollment_m1,-.117742630385183,-.052515264423053,.0314452202018293,.280293056253261,stata_areg_centered_student_vce_unadjusted,180,757999
4707,All,stem_enrollment_m1,-.077734025319451,-.0125066593573209,.0236397082022836,.372867068149132,stata_areg_centered_student_vce_unadjusted,379,757999
4708,All,stem_enrollment_m1,-.191692004739268,-.126464638777138,.0387415930481233,.311443522638404,stata_areg_centered_student_vce_unadjusted,116,757999
4709,All,stem_enrollment_m1,-.150696474343583,-.0854691083814531,.0228831143628971,.241894023869847,stata_areg_centered_student_vce_unadjusted,437,757999
4712,All,stem_enrollment_m1,-.0200157495374162,.0452116164247138,.0480857309005341,.421339569436065,stata_areg_centered_student_vce_unadjusted,97,757999
4714,All,stem_enrollment_m1,-.0683605510737834,-.00313318511165335,.389360277489537,.,stata_areg_centered_student_vce_unadjusted,1,757999
4715,All,stem_enrollment_m1,-.0218790079496313,.0433483580124987,.0428383312632046,.367289978432502,stata_areg_centered_student_vce_unadjusted,90,757999
4717,All,stem_enrollment_m1,-.0709746516285562,-.00574728566642621,.0503095776922442,.378861407596055,stata_areg_centered_student_vce_unadjusted,90,757999
4733,All,stem_enrollment_m1,-.0224017691360828,.0428255968260473,.0564162014148347,.29950881811005,stata_areg_centered_student_vce_unadjusted,64,757999
4740,All,stem_enrollment_m1,-.157148672765694,-.0919213068035644,.0787878042910426,.278460276954642,stata_areg_centered_student_vce_unadjusted,25,757999
4760,All,stem_enrollment_m1,-.074587020310965,-.00935965434883497,.0542805776662047,.389638107329878,stata_areg_centered_student_vce_unadjusted,72,757999
4762,All,stem_enrollment_m1,-.06958844775839,-.00436108179625996,.029960373883196,.42389230492014,stata_areg_centered_student_vce_unadjusted,685,757999
4768,All,stem_enrollment_m1,-.352061602795317,-.286834236833187,.396263124640608,.,stata_areg_centered_student_vce_unadjusted,1,757999
4778,All,stem_enrollment_m1,-.0564901798928913,.00873718606923868,.0324734282060019,.419911178285039,stata_areg_centered_student_vce_unadjusted,214,757999
4779,All,stem_enrollment_m1,-.046032269061416,.019195096900714,.030873719124461,.404280243602313,stata_areg_centered_student_vce_unadjusted,292,757999
4782,All,stem_enrollment_m1,-.028597085204033,.036630280758097,.0310639552501243,.419509736719709,stata_areg_centered_student_vce_unadjusted,371,757999
4785,All,stem_enrollment_m1,-.0168531387110879,.0483742272510421,.052077981990053,.409068387221986,stata_areg_centered_student_vce_unadjusted,213,757999
4790,All,stem_enrollment_m1,-.0723334771181657,-.00710611115603568,.0431937954980139,.432012877980606,stata_areg_centered_student_vce_unadjusted,169,757999
4796,All,stem_enrollment_m1,-.207089368197098,-.141862002234968,.040863835437062,.390784125798108,stata_areg_centered_student_vce_unadjusted,167,757999
4798,All,stem_enrollment_m1,-.162522188487721,-.0972948225255907,.0446059829698642,.433952514230635,stata_areg_centered_student_vce_unadjusted,395,757999
4805,All,stem_enrollment_m1,-.0738822139686974,-.00865484800656739,.0223473405267628,.369484940409466,stata_areg_centered_student_vce_unadjusted,556,757999
4822,All,stem_enrollment_m1,.0485937173642088,.113821083326339,.052767878751422,.454557412722727,stata_areg_centered_student_vce_unadjusted,163,757999
4824,All,stem_enrollment_m1,.0123785638006497,.0776059297627797,.0260869875966831,.465183794863394,stata_areg_centered_student_vce_unadjusted,343,757999
4825,All,stem_enrollment_m1,-.0657204709709243,-.00049310500879432,.0295281717222766,.335207948318793,stata_areg_centered_student_vce_unadjusted,285,757999
4829,All,stem_enrollment_m1,-.0733409860783268,-.00811362011619678,.0263209893746464,.335431507151005,stata_areg_centered_student_vce_unadjusted,472,757999
4830,All,stem_enrollment_m1,-.0876711817498291,-.0224438157876991,.036413563824596,.402114079081914,stata_areg_centered_student_vce_unadjusted,243,757999
4865,All,stem_enrollment_m1,-.0599882369852351,.00523912897689496,.0424338890721901,.388255683491208,stata_areg_centered_student_vce_unadjusted,236,757999
4868,All,stem_enrollment_m1,-.206169136146106,-.140941770183976,.0468207449487578,.369480897359386,stata_areg_centered_student_vce_unadjusted,160,757999
4870,All,stem_enrollment_m1,-.0726366945987911,-.00740932863666104,.0519977205929786,.353985709278699,stata_areg_centered_student_vce_unadjusted,174,757999
4871,All,stem_enrollment_m1,-.0687704353730864,-.0035430694109564,.0690757184887062,.396668178039827,stata_areg_centered_student_vce_unadjusted,52,757999
4897,All,stem_enrollment_m1,-.103989662321151,-.0387622963590211,.0297785865608466,.348125289227064,stata_areg_centered_student_vce_unadjusted,365,757999
4922,All,stem_enrollment_m1,.00103491134927674,.0662622773114068,.0510100675096946,.404021737275502,stata_areg_centered_student_vce_unadjusted,135,757999
4925,All,stem_enrollment_m1,-.0446027244927397,.0206246414693903,.0418681039232257,.372955842382664,stata_areg_centered_student_vce_unadjusted,391,757999
4926,All,stem_enrollment_m1,-.18972044186474,-.12449307590261,.391837905737299,.,stata_areg_centered_student_vce_unadjusted,1,757999
4948,All,stem_enrollment_m1,.0600924916578574,.125319857619987,.0354900140032629,.443356947147568,stata_areg_centered_student_vce_unadjusted,190,757999
4949,All,stem_enrollment_m1,-.240428670546088,-.175201304583958,.0537992746986054,.178757122730312,stata_areg_centered_student_vce_unadjusted,61,757999
4951,All,stem_enrollment_m1,-.079885382176752,-.014658016214622,.0265786745552115,.3841269226468,stata_areg_centered_student_vce_unadjusted,654,757999
4952,All,stem_enrollment_m1,-.100326091293122,-.035098725330992,.0473964816889759,.367093245779952,stata_areg_centered_student_vce_unadjusted,102,757999
4956,All,stem_enrollment_m1,-.33046746030607,-.26524009434394,.389908568843841,.,stata_areg_centered_student_vce_unadjusted,1,757999
4958,All,stem_enrollment_m1,-.118486777856173,-.0532594118940432,.0481716296455121,.413508961966276,stata_areg_centered_student_vce_unadjusted,107,757999
4965,All,stem_enrollment_m1,-.0608105738755256,.00441679208660441,.0523808017091721,.338691561052181,stata_areg_centered_student_vce_unadjusted,62,757999
4969,All,stem_enrollment_m1,.117183395999597,.182410761961727,.0903262348094945,.429278346881186,stata_areg_centered_student_vce_unadjusted,24,757999
4973,All,stem_enrollment_m1,-.0973453843661488,-.0321180184040187,.0580027322473059,.387194367204045,stata_areg_centered_student_vce_unadjusted,242,757999
4975,All,stem_enrollment_m1,.128662007318738,.193889373280868,.0349103888064014,.477412994434967,stata_areg_centered_student_vce_unadjusted,151,757999
4977,All,stem_enrollment_m1,-.0869282643156186,-.0217008983534886,.0201323850657433,.323456948934818,stata_areg_centered_student_vce_unadjusted,762,757999
4982,All,stem_enrollment_m1,-.119041060950226,-.0538136949880958,.0190227257731956,.343088881445269,stata_areg_centered_student_vce_unadjusted,1042,757999
4983,All,stem_enrollment_m1,-.0777017781650447,-.0124744122029147,.0294125079014403,.366633779455482,stata_areg_centered_student_vce_unadjusted,265,757999
4984,All,stem_enrollment_m1,-.0447434450125033,.0204839209496268,.0385399428197806,.38639440379885,stata_areg_centered_student_vce_unadjusted,155,757999
5002,All,stem_enrollment_m1,-.0882354556566011,-.0230080896944711,.0962645734236112,.264752990013166,stata_areg_centered_student_vce_unadjusted,82,757999
5021,All,stem_enrollment_m1,-.0512314578684489,.0139959080936812,.0406924876351447,.361224068922462,stata_areg_centered_student_vce_unadjusted,355,757999
5024,All,stem_enrollment_m1,-.0789028409221105,-.0136754749599805,.0489442953923424,.353194461793664,stata_areg_centered_student_vce_unadjusted,508,757999
5026,All,stem_enrollment_m1,-.102708716600861,-.0374813506387314,.0501486703083752,.343156536426148,stata_areg_centered_student_vce_unadjusted,222,757999
5046,All,stem_enrollment_m1,-.15443770161221,-.0892103356500799,.39247890536451,.,stata_areg_centered_student_vce_unadjusted,1,757999
5048,All,stem_enrollment_m1,-.086019472780031,-.020792106817901,.0371574776080939,.376701768036439,stata_areg_centered_student_vce_unadjusted,577,757999
5057,All,stem_enrollment_m1,-.124969744958506,-.059742378996376,.0826694093813675,.355671715666358,stata_areg_centered_student_vce_unadjusted,59,757999
5082,All,stem_enrollment_m1,-.133750787896302,-.0685234219341716,.0441130960168474,.369266883961956,stata_areg_centered_student_vce_unadjusted,505,757999
5083,All,stem_enrollment_m1,-.235915654766276,-.170688288804146,.0909768027596802,.448110677787997,stata_areg_centered_student_vce_unadjusted,62,757999
5084,All,stem_enrollment_m1,-.0805146344410104,-.0152872684788804,.0360471139503738,.373245377767609,stata_areg_centered_student_vce_unadjusted,1005,757999
5104,All,stem_enrollment_m1,-.0543552015753574,.0108721643867726,.0491164738427387,.386849496941809,stata_areg_centered_student_vce_unadjusted,170,757999
5105,All,stem_enrollment_m1,-.0260821248629921,.0391452410991379,.0337166595798004,.395921569976829,stata_areg_centered_student_vce_unadjusted,361,757999
5109,All,stem_enrollment_m1,-.0614335948544242,.00379377110770578,.0411721872326477,.384715504542259,stata_areg_centered_student_vce_unadjusted,211,757999
5113,All,stem_enrollment_m1,-.099809652297963,-.034582286335833,.0686321333611205,.403366461427057,stata_areg_centered_student_vce_unadjusted,42,757999
5122,All,stem_enrollment_m1,-.0593809574439481,.00584640851818197,.0369327163731825,.356038826486433,stata_areg_centered_student_vce_unadjusted,291,757999
5126,All,stem_enrollment_m1,-.138650593972342,-.0734232280102115,.0274621089921649,.364237797084305,stata_areg_centered_student_vce_unadjusted,603,757999
5131,All,stem_enrollment_m1,-.132817979554475,-.0675906135923446,.0807793530777303,.311944545380129,stata_areg_centered_student_vce_unadjusted,24,757999
5140,All,stem_enrollment_m1,-.100885887813922,-.0356585218517916,.394597437807164,.,stata_areg_centered_student_vce_unadjusted,1,757999
5150,All,stem_enrollment_m1,-.107116585927741,-.0418892199656111,.0360828447402371,.374191205708494,stata_areg_centered_student_vce_unadjusted,480,757999
5153,All,stem_enrollment_m1,-.126010250400211,-.0607828844380805,.0502473474211404,.365429665183883,stata_areg_centered_student_vce_unadjusted,130,757999
5155,All,stem_enrollment_m1,-.0804980156633993,-.0152706497012693,.0504561125956953,.38713460331286,stata_areg_centered_student_vce_unadjusted,230,757999
5215,All,stem_enrollment_m1,.067593349155197,.132820715117327,.0240255588150416,.477327753180061,stata_areg_centered_student_vce_unadjusted,474,757999
5216,All,stem_enrollment_m1,-.084861020833405,-.019633654871275,.028621859576297,.348573072333148,stata_areg_centered_student_vce_unadjusted,259,757999
5218,All,stem_enrollment_m1,-.0980892642732736,-.0328618983111435,.0241229023251507,.376071583768744,stata_areg_centered_student_vce_unadjusted,646,757999
5219,All,stem_enrollment_m1,-.052570199308441,.012657166653689,.021560781892899,.347375729505275,stata_areg_centered_student_vce_unadjusted,761,757999
5264,All,stem_enrollment_m1,-.125899771668015,-.0606724057058848,.037996231131405,.359191336598735,stata_areg_centered_student_vce_unadjusted,296,757999
5265,All,stem_enrollment_m1,-.175299076581081,-.110071710618951,.0490684619929247,.318761484259944,stata_areg_centered_student_vce_unadjusted,122,757999
5266,All,stem_enrollment_m1,-.165054659645944,-.0998272936838143,.0799645492048784,.3831689891026,stata_areg_centered_student_vce_unadjusted,106,757999
5267,All,stem_enrollment_m1,-.149304036757859,-.0840766707957293,.0474044548876242,.252018278846176,stata_areg_centered_student_vce_unadjusted,78,757999
5270,All,stem_enrollment_m1,-.138815148515765,-.0735877825536347,.0377716574027609,.356257920147282,stata_areg_centered_student_vce_unadjusted,210,757999
5274,All,stem_enrollment_m1,-.0616515925663331,.00357577339579689,.0610321234182601,.326804006721311,stata_areg_centered_student_vce_unadjusted,48,757999
5282,All,stem_enrollment_m1,-.120016335782213,-.0547889698200832,.0265510824525925,.30813139096127,stata_areg_centered_student_vce_unadjusted,576,757999
5289,All,stem_enrollment_m1,-.236910980886334,-.171683614924204,.160986260235514,.0699264799972081,stata_areg_centered_student_vce_unadjusted,6,757999
5315,All,stem_enrollment_m1,-.095503877390659,-.030276511428529,.0310386495302069,.337953307051862,stata_areg_centered_student_vce_unadjusted,452,757999
5323,All,stem_enrollment_m1,-.146751656163893,-.0815242902017626,.0381248266932094,.339763448354969,stata_areg_centered_student_vce_unadjusted,370,757999
5343,All,stem_enrollment_m1,-.114224081482396,-.048996715520266,.0325885667546884,.325886814942275,stata_areg_centered_student_vce_unadjusted,287,757999
5344,All,stem_enrollment_m1,-.0599916410678634,.00523572489426658,.0313824835274942,.351153544692577,stata_areg_centered_student_vce_unadjusted,521,757999
5373,All,stem_enrollment_m1,-.312762496944995,-.247535130982865,.389440810356956,.,stata_areg_centered_student_vce_unadjusted,1,757999
5374,All,stem_enrollment_m1,-.163077958083013,-.0978505921208828,.0703001889324648,.245293307272016,stata_areg_centered_student_vce_unadjusted,50,757999
5393,All,stem_enrollment_m1,-.0685884714222404,-.00336110546011036,.0237177468726751,.318300947253453,stata_areg_centered_student_vce_unadjusted,623,757999
5394,All,stem_enrollment_m1,-.0654990156037241,-.000271649641594041,.0285236308575743,.355194560779376,stata_areg_centered_student_vce_unadjusted,405,757999
5434,All,stem_enrollment_m1,-.074194451807631,-.00896708584550095,.0524765477926915,.347417135849837,stata_areg_centered_student_vce_unadjusted,293,757999
5435,All,stem_enrollment_m1,-.138446019708876,-.0732186537467464,.0456185681898495,.375647835149039,stata_areg_centered_student_vce_unadjusted,274,757999
5439,All,stem_enrollment_m1,-.092383843096996,-.027156477134866,.0376451742324609,.320599637276235,stata_areg_centered_student_vce_unadjusted,241,757999
5440,All,stem_enrollment_m1,-.0916979116733372,-.0264705457112072,.0355608701193272,.331549501360676,stata_areg_centered_student_vce_unadjusted,254,757999
5444,All,stem_enrollment_m1,-.307930029589223,-.242702663627093,.390521000427493,.,stata_areg_centered_student_vce_unadjusted,1,757999
5465,All,stem_enrollment_m1,-.0794366478323104,-.0142092818701804,.0457128242968381,.395365662444602,stata_areg_centered_student_vce_unadjusted,235,757999
5467,All,stem_enrollment_m1,-.176661844148936,-.111434478186806,.0463610989272052,.292161544724122,stata_areg_centered_student_vce_unadjusted,78,757999
5499,All,stem_enrollment_m1,-.0947996455555388,-.0295722795934087,.149095440069816,.381158667464758,stata_areg_centered_student_vce_unadjusted,7,757999
5507,All,stem_enrollment_m1,-.117689917572351,-.0524625516102206,.0380575355507147,.33187806132215,stata_areg_centered_student_vce_unadjusted,233,757999
5509,All,stem_enrollment_m1,-.144965151320525,-.0797377853583952,.0510719302788418,.37632461305793,stata_areg_centered_student_vce_unadjusted,182,757999
5565,All,stem_enrollment_m1,-.00702791525449301,.058199450707637,.0305101677608854,.401070874523172,stata_areg_centered_student_vce_unadjusted,180,757999
5566,All,stem_enrollment_m1,.0317971679840812,.0970245339462112,.0182997196654913,.445246506424239,stata_areg_centered_student_vce_unadjusted,613,757999
5567,All,stem_enrollment_m1,.0475726540717825,.112800020033913,.0327306415342349,.453253433257983,stata_areg_centered_student_vce_unadjusted,163,757999
5568,All,stem_enrollment_m1,-.100090852752707,-.0348634867905766,.0191246805042316,.266678958873841,stata_areg_centered_student_vce_unadjusted,531,757999
5569,All,stem_enrollment_m1,-.0539342746336588,.0112930913284712,.0249697726098511,.355584824581309,stata_areg_centered_student_vce_unadjusted,281,757999
5570,All,stem_enrollment_m1,-.0650867677278126,.000140598234317377,.0131145588708155,.383724061106065,stata_areg_centered_student_vce_unadjusted,1754,757999
5574,All,stem_enrollment_m1,-.132173596247677,-.0669462302855472,.0378584756256392,.302759437677969,stata_areg_centered_student_vce_unadjusted,135,757999
5578,All,stem_enrollment_m1,-.140752145849093,-.0755247798869625,.388399876477377,.,stata_areg_centered_student_vce_unadjusted,1,757999
5590,All,stem_enrollment_m1,-.0536605220311121,.0115668439310179,.0544926219170287,.380608474818814,stata_areg_centered_student_vce_unadjusted,70,757999
5597,All,stem_enrollment_m1,-.0287811163488546,.0364462496132754,.046721380882246,.356404827197779,stata_areg_centered_student_vce_unadjusted,79,757999
5613,All,stem_enrollment_m1,-.0616636319318703,.00356373403025973,.0340461668405216,.373533208167374,stata_areg_centered_student_vce_unadjusted,203,757999
5614,All,stem_enrollment_m1,-.24228049555881,-.17705312959668,.195719453678573,.0808013525814632,stata_areg_centered_student_vce_unadjusted,4,757999
5620,All,stem_enrollment_m1,-.0575490650093607,.00767830095276928,.0720216410214329,.302083501758856,stata_areg_centered_student_vce_unadjusted,30,757999
5652,All,stem_enrollment_m1,-.0274875892048688,.0377397767572612,.027800449610455,.344528969195319,stata_areg_centered_student_vce_unadjusted,250,757999
5653,All,stem_enrollment_m1,-.11828003417331,-.0530526682111797,.0289970417235898,.198608769564829,stata_areg_centered_student_vce_unadjusted,213,757999
5654,All,stem_enrollment_m1,-.0481852610264614,.0170421049356686,.0199185098240333,.401186457461863,stata_areg_centered_student_vce_unadjusted,918,757999
5655,All,stem_enrollment_m1,-.0758067524253483,-.0105793864632183,.0170250903917924,.369770925590645,stata_areg_centered_student_vce_unadjusted,750,757999
5656,All,stem_enrollment_m1,.025329192359787,.090556558321917,.0169459550430355,.44479823697832,stata_areg_centered_student_vce_unadjusted,789,757999
5658,All,stem_enrollment_m1,-.0329852782550551,.0322420877070749,.0283882356846975,.404237717363991,stata_areg_centered_student_vce_unadjusted,212,757999
5659,All,stem_enrollment_m1,-.0785356338471514,-.0133082678850213,.0434740643971344,.430094483349851,stata_areg_centered_student_vce_unadjusted,284,757999
5661,All,stem_enrollment_m1,-.056038858339485,.00918850762264498,.034156199275525,.417685926538742,stata_areg_centered_student_vce_unadjusted,291,757999
5662,All,stem_enrollment_m1,-.0389042686343416,.0263230973277884,.0288699299049048,.388972776680109,stata_areg_centered_student_vce_unadjusted,204,757999
5663,All,stem_enrollment_m1,-.0266758043306302,.0385515616314999,.0168130149662676,.400726992658332,stata_areg_centered_student_vce_unadjusted,909,757999
5666,All,stem_enrollment_m1,-.052152552408498,.013074813553632,.013628973125427,.407037080254691,stata_areg_centered_student_vce_unadjusted,1887,757999
5669,All,stem_enrollment_m1,-.0422023727930492,.0230249931690809,.0439959541132889,.326369331732451,stata_areg_centered_student_vce_unadjusted,111,757999
5670,All,stem_enrollment_m1,.025896024910327,.091123390872457,.0568159236757468,.425155686167635,stata_areg_centered_student_vce_unadjusted,247,757999
5684,All,stem_enrollment_m1,-.19423188615841,-.12900452019628,.164139994925217,.0751924331906518,stata_areg_centered_student_vce_unadjusted,6,757999
5694,All,stem_enrollment_m1,-.294491307549941,-.229263941587811,.39397957582944,.,stata_areg_centered_student_vce_unadjusted,1,757999
5697,All,stem_enrollment_m1,.0996613928628183,.164888758824948,.0685052943832687,.37802775433202,stata_areg_centered_student_vce_unadjusted,35,757999
5703,All,stem_enrollment_m1,-.0664363312973658,-.00120896533523578,.0461178752799325,.336276128198743,stata_areg_centered_student_vce_unadjusted,95,757999
5713,All,stem_enrollment_m1,-.104907040414303,-.0396796744521731,.0302462561947287,.35857360443803,stata_areg_centered_student_vce_unadjusted,204,757999
5720,All,stem_enrollment_m1,-.202315761365398,-.137088395403268,.0574369058965246,.244515540622794,stata_areg_centered_student_vce_unadjusted,73,757999
5729,All,stem_enrollment_m1,-.0779033215660892,-.0126759556039591,.0535849163689422,.239202350447518,stata_areg_centered_student_vce_unadjusted,59,757999
5761,All,stem_enrollment_m1,-.246672928615214,-.181445562653084,.39264123920368,.,stata_areg_centered_student_vce_unadjusted,1,757999
5773,All,stem_enrollment_m1,-.0767900932447162,-.0115627272825861,.405455888908572,.,stata_areg_centered_student_vce_unadjusted,1,757999
5806,All,stem_enrollment_m1,-.202363131970708,-.137135766008578,.111569506953398,.108198325113516,stata_areg_centered_student_vce_unadjusted,14,757999
5808,All,stem_enrollment_m1,-.0686286470352242,-.00340128107309419,.0580264871832926,.442403175711506,stata_areg_centered_student_vce_unadjusted,131,757999
5810,All,stem_enrollment_m1,-.04786068984783,.0173666761143,.0437133082779858,.452952458682528,stata_areg_centered_student_vce_unadjusted,254,757999
5812,All,stem_enrollment_m1,.0980891569347404,.16331652289687,.0807000240861451,.429430528980884,stata_areg_centered_student_vce_unadjusted,220,757999
5813,All,stem_enrollment_m1,-.114886146126311,-.0496587801641813,.0399726519106627,.420972816056908,stata_areg_centered_student_vce_unadjusted,274,757999
5814,All,stem_enrollment_m1,-.00768025431263196,.0575471116494981,.0302333798901446,.435095344471885,stata_areg_centered_student_vce_unadjusted,357,757999
5816,All,stem_enrollment_m1,-.0753282006309403,-.0101008346688103,.0463638980570087,.430670211344124,stata_areg_centered_student_vce_unadjusted,262,757999
5823,All,stem_enrollment_m1,-.0609446832623736,.00428268269975644,.0212072716885225,.395229638934686,stata_areg_centered_student_vce_unadjusted,805,757999
5824,All,stem_enrollment_m1,-.221804838781943,-.156577472819813,.174541690190316,.150789719886485,stata_areg_centered_student_vce_unadjusted,5,757999
5879,All,stem_enrollment_m1,-.0365247036414472,.0287026623206828,.0432565758682833,.373778329752129,stata_areg_centered_student_vce_unadjusted,231,757999
5897,All,stem_enrollment_m1,-.150130461305084,-.0849030953429535,.0409818192087089,.37043898478443,stata_areg_centered_student_vce_unadjusted,178,757999
5921,All,stem_enrollment_m1,-.105722121945905,-.0404947559837755,.0295889233634375,.35589744164609,stata_areg_centered_student_vce_unadjusted,383,757999
5923,All,stem_enrollment_m1,-.0696302488847978,-.00440288292266776,.0615537601981368,.342872585209166,stata_areg_centered_student_vce_unadjusted,43,757999
5957,All,stem_enrollment_m1,-.0577734189696266,.0074539469925034,.0358846371052944,.390069656552059,stata_areg_centered_student_vce_unadjusted,328,757999
5959,All,stem_enrollment_m1,-.0000974709621013594,.0651298950000287,.0567911251560563,.409464342644945,stata_areg_centered_student_vce_unadjusted,77,757999
5992,All,stem_enrollment_m1,-.103774900839427,-.0385475348772972,.0428057751792358,.356493125949175,stata_areg_centered_student_vce_unadjusted,130,757999
6007,All,stem_enrollment_m1,.0286973244057732,.0939246903679033,.0577566888987883,.393339579560019,stata_areg_centered_student_vce_unadjusted,108,757999
6027,All,stem_enrollment_m1,-.152978099418399,-.0877507334562686,.055434219097104,.222179180754368,stata_areg_centered_student_vce_unadjusted,68,757999
6051,All,stem_enrollment_m1,-.0975606478103908,-.0323332818482607,.0299578467332015,.343313369151994,stata_areg_centered_student_vce_unadjusted,275,757999
6052,All,stem_enrollment_m1,-.106081142154938,-.040853776192808,.0389153241532683,.349599924345475,stata_areg_centered_student_vce_unadjusted,188,757999
6070,All,stem_enrollment_m1,-.129125002382671,-.0638976364205413,.0312636879559038,.297234894240983,stata_areg_centered_student_vce_unadjusted,234,757999
6084,All,stem_enrollment_m1,-.0709297558394383,-.00570238987730827,.0280563389272306,.378900787905158,stata_areg_centered_student_vce_unadjusted,439,757999
6085,All,stem_enrollment_m1,-.0517908610532583,.0134365049088717,.0232849885934439,.331834742719188,stata_areg_centered_student_vce_unadjusted,430,757999
6087,All,stem_enrollment_m1,-.104469206752348,-.0392418407902185,.0441150453553368,.352938062559791,stata_areg_centered_student_vce_unadjusted,100,757999
6088,All,stem_enrollment_m1,-.0225865578302032,.0426408081319268,.390929578418777,.,stata_areg_centered_student_vce_unadjusted,1,757999
6112,All,stem_enrollment_m1,-.0899856747767777,-.0247583088146476,.0214152885956534,.374517629533242,stata_areg_centered_student_vce_unadjusted,773,757999
6113,All,stem_enrollment_m1,.0248918442636276,.0901192102257577,.024649589395053,.43990731865597,stata_areg_centered_student_vce_unadjusted,351,757999
6115,All,stem_enrollment_m1,-.172511473760361,-.107284107798231,.0437691594953059,.224516739663156,stata_areg_centered_student_vce_unadjusted,98,757999
6118,All,stem_enrollment_m1,-.0334122657991699,.0318151001629601,.0381215081112243,.396030777823282,stata_areg_centered_student_vce_unadjusted,230,757999
6119,All,stem_enrollment_m1,-.0282758486816018,.0369515172805282,.0567106255999392,.387504016990578,stata_areg_centered_student_vce_unadjusted,56,757999
6120,All,stem_enrollment_m1,-.0903412415252108,-.0251138755630808,.037264269416561,.352210254902209,stata_areg_centered_student_vce_unadjusted,253,757999
6122,All,stem_enrollment_m1,-.0214519159283807,.0437754500337493,.0456081893232722,.387774412744221,stata_areg_centered_student_vce_unadjusted,139,757999
6124,All,stem_enrollment_m1,.243026891611971,.308254257574101,.177418584428316,.515134826386,stata_areg_centered_student_vce_unadjusted,5,757999
6135,All,stem_enrollment_m1,-.0969798071893891,-.031752441227259,.0408930352063853,.331597660124426,stata_areg_centered_student_vce_unadjusted,138,757999
6161,All,stem_enrollment_m1,-.1593929803072,-.0941656143450701,.132121452829017,.35934480425512,stata_areg_centered_student_vce_unadjusted,56,757999
6163,All,stem_enrollment_m1,-.160722750637867,-.0954953846757371,.030136057845782,.323536880733758,stata_areg_centered_student_vce_unadjusted,293,757999
6167,All,stem_enrollment_m1,-.199786247354175,-.134558881392045,.393943962119646,.,stata_areg_centered_student_vce_unadjusted,1,757999
6188,All,stem_enrollment_m1,-.0847370285723691,-.0195096626102391,.0543107144874886,.418212263324659,stata_areg_centered_student_vce_unadjusted,102,757999
6210,All,stem_enrollment_m1,-.192874736988654,-.127647371026524,.0496518575395208,.283141234767328,stata_areg_centered_student_vce_unadjusted,69,757999
6223,All,stem_enrollment_m1,-.0815249478452712,-.0162975818831411,.0268043294425958,.367821953512185,stata_areg_centered_student_vce_unadjusted,355,757999
6230,All,stem_enrollment_m1,-.0249444069428453,.0402829590192847,.0552939816790327,.342189294546034,stata_areg_centered_student_vce_unadjusted,65,757999
6252,All,stem_enrollment_m1,-.0725710229311229,-.0073436569689929,.021680099776022,.373284332420385,stata_areg_centered_student_vce_unadjusted,495,757999
6253,All,stem_enrollment_m1,-.0886591144051815,-.0234317484430514,.0234609568495033,.33623030130004,stata_areg_centered_student_vce_unadjusted,612,757999
6267,All,stem_enrollment_m1,-.0808906002656836,-.0156632343035536,.098098069616432,.182984429609534,stata_areg_centered_student_vce_unadjusted,21,757999
6269,All,stem_enrollment_m1,-.107653466668809,-.0424261007066794,.03756912296933,.347366880111072,stata_areg_centered_student_vce_unadjusted,185,757999
6270,All,stem_enrollment_m1,-.0311057326451608,.0341216333169693,.0672237165880763,.349035297312116,stata_areg_centered_student_vce_unadjusted,45,757999
6301,All,stem_enrollment_m1,-.0751752754871028,-.00994790952497276,.0357001416950647,.346037322626051,stata_areg_centered_student_vce_unadjusted,188,757999
6302,All,stem_enrollment_m1,-.106803195232177,-.0415758292700467,.0280215211926322,.374505730746318,stata_areg_centered_student_vce_unadjusted,470,757999
6336,All,stem_enrollment_m1,-.0792814143176279,-.0140540483554978,.0377726651551344,.361601669018061,stata_areg_centered_student_vce_unadjusted,253,757999
6348,All,stem_enrollment_m1,-.102530052327871,-.0373026863657408,.0326020219095065,.313603267770333,stata_areg_centered_student_vce_unadjusted,248,757999
6397,All,stem_enrollment_m1,-.239672046225346,-.174444680263216,.0656536535837429,.199524400515828,stata_areg_centered_student_vce_unadjusted,46,757999
6398,All,stem_enrollment_m1,-.0518017794733288,.0134255864888012,.0548742846460334,.3880447237181,stata_areg_centered_student_vce_unadjusted,105,757999
6452,All,stem_enrollment_m1,-.102265464151696,-.0370380981895663,.0507860763603794,.321468179657811,stata_areg_centered_student_vce_unadjusted,95,757999
6465,All,stem_enrollment_m1,-.191240152291563,-.126012786329433,.095595559452423,.101318767081212,stata_areg_centered_student_vce_unadjusted,18,757999
6496,All,stem_enrollment_m1,-.352110200424251,-.286882834462121,.201442751693154,.0896417326040729,stata_areg_centered_student_vce_unadjusted,5,757999
6497,All,stem_enrollment_m1,-.056831129009523,.00839623695260698,.0289552714571027,.362491332137929,stata_areg_centered_student_vce_unadjusted,418,757999
6500,All,stem_enrollment_m1,-.0849133159538759,-.0196859499917459,.0323591940343382,.37273007695904,stata_areg_centered_student_vce_unadjusted,369,757999
6572,All,stem_enrollment_m1,-.245760583728901,-.180533217766771,.391115680157838,.,stata_areg_centered_student_vce_unadjusted,1,757999
6584,All,stem_enrollment_m1,-.0175135995218301,.0477137664402999,.028513204509653,.445618806211267,stata_areg_centered_student_vce_unadjusted,272,757999
6585,All,stem_enrollment_m1,-.0354343911033772,.0297929748587529,.025281591184062,.377627222783392,stata_areg_centered_student_vce_unadjusted,514,757999
6586,All,stem_enrollment_m1,-.0913237398442458,-.0260963738821158,.0495677417300356,.384932619922525,stata_areg_centered_student_vce_unadjusted,89,757999
6641,All,stem_enrollment_m1,-.157918248456909,-.0926908824947791,.0658549235977309,.278759015747529,stata_areg_centered_student_vce_unadjusted,47,757999
6643,All,stem_enrollment_m1,-.145339725851699,-.080112359889569,.0323218020777893,.273657701858042,stata_areg_centered_student_vce_unadjusted,232,757999
6644,All,stem_enrollment_m1,-.00915214186862019,.0560752240935098,.0400830519111716,.407897629059532,stata_areg_centered_student_vce_unadjusted,308,757999
6649,All,stem_enrollment_m1,-.052209405268363,.013017960693767,.0747538244706352,.411302348459714,stata_areg_centered_student_vce_unadjusted,36,757999
6650,All,stem_enrollment_m1,-.082287014627924,-.017059648665794,.0583583334498568,.375858491312046,stata_areg_centered_student_vce_unadjusted,60,757999
6708,All,stem_enrollment_m1,-.0732443344027802,-.0080169684406502,.0379562382639482,.381357642922996,stata_areg_centered_student_vce_unadjusted,292,757999
6751,All,stem_enrollment_m1,-.072315509661971,-.00708814369984101,.0213981579429334,.356732929601524,stata_areg_centered_student_vce_unadjusted,590,757999
6752,All,stem_enrollment_m1,-.127071399274756,-.0618440333126256,.0215965442306084,.2144704682979,stata_areg_centered_student_vce_unadjusted,562,757999
6753,All,stem_enrollment_m1,-.0760941946158104,-.0108668286536804,.0258370581627288,.352482732482111,stata_areg_centered_student_vce_unadjusted,272,757999
6754,All,stem_enrollment_m1,-.115301119278282,-.0500737533161524,.023858070374632,.359798973905847,stata_areg_centered_student_vce_unadjusted,515,757999
6755,All,stem_enrollment_m1,.0429545661769064,.108181932139036,.0254359508338511,.459447642987293,stata_areg_centered_student_vce_unadjusted,329,757999
6757,All,stem_enrollment_m1,-.159354302253485,-.0941269362913549,.0810791801232672,.218337754740691,stata_areg_centered_student_vce_unadjusted,24,757999
6766,All,stem_enrollment_m1,-.0922848423382567,-.0270574763761266,.0398317822507228,.371854761357377,stata_areg_centered_student_vce_unadjusted,155,757999
6770,All,stem_enrollment_m1,-.0856366747630866,-.0204093088009566,.0567061521786941,.380530209678223,stata_areg_centered_student_vce_unadjusted,132,757999
6772,All,stem_enrollment_m1,-.163426745875286,-.0981993799131563,.0677044185123451,.187461230497766,stata_areg_centered_student_vce_unadjusted,34,757999
6774,All,stem_enrollment_m1,-.315976825453429,-.250749459491299,.390092961446607,.,stata_areg_centered_student_vce_unadjusted,1,757999
6780,All,stem_enrollment_m1,-.174918516768337,-.109691150806207,.391323793292011,.,stata_areg_centered_student_vce_unadjusted,1,757999
6787,All,stem_enrollment_m1,-.118984496470515,-.0537571305083847,.079158137841162,.230774773135514,stata_areg_centered_student_vce_unadjusted,25,757999
6826,All,stem_enrollment_m1,-.108216606594233,-.0429892406321033,.067570563918559,.384155090371663,stata_areg_centered_student_vce_unadjusted,170,757999
6828,All,stem_enrollment_m1,-.0932672979418246,-.0280399319796946,.0454866016500428,.374284317065414,stata_areg_centered_student_vce_unadjusted,102,757999
6829,All,stem_enrollment_m1,-.174114301618275,-.108886935656145,.0469791741594936,.42702206731326,stata_areg_centered_student_vce_unadjusted,309,757999
6830,All,stem_enrollment_m1,-.085090616934293,-.019863250972163,.0373122681773829,.344248265412707,stata_areg_centered_student_vce_unadjusted,292,757999
6832,All,stem_enrollment_m1,.00186735177883297,.067094717740963,.054640615006241,.315732630202256,stata_areg_centered_student_vce_unadjusted,153,757999
6835,All,stem_enrollment_m1,-.122274968319335,-.0570476023572046,.0414593844144766,.382662666674909,stata_areg_centered_student_vce_unadjusted,256,757999
6836,All,stem_enrollment_m1,.0858307060499784,.151058072012108,.0556197944068022,.433139806313564,stata_areg_centered_student_vce_unadjusted,152,757999
6843,All,stem_enrollment_m1,-.0170250405890569,.0482023253730731,.0651903526332855,.443960760468526,stata_areg_centered_student_vce_unadjusted,230,757999
6844,All,stem_enrollment_m1,.0588076080113337,.124034973973464,.08401834241893,.432178034784902,stata_areg_centered_student_vce_unadjusted,198,757999
6846,All,stem_enrollment_m1,-.0447337625650976,.0204936033970324,.0389611949325367,.335597219276629,stata_areg_centered_student_vce_unadjusted,149,757999
6852,All,stem_enrollment_m1,-.31498163664307,-.24975427068094,.392649469101187,.,stata_areg_centered_student_vce_unadjusted,1,757999
6853,All,stem_enrollment_m1,-.129586812093426,-.0643594461312956,.0743208026927259,.19853976216172,stata_areg_centered_student_vce_unadjusted,39,757999
6886,All,stem_enrollment_m1,-.244566839760516,-.179339473798386,.5524133688748,.,stata_areg_centered_student_vce_unadjusted,1,757999
6895,All,stem_enrollment_m1,-.115022210593537,-.0497948446314071,.0392565568112312,.354362841698453,stata_areg_centered_student_vce_unadjusted,232,757999
6896,All,stem_enrollment_m1,-.145550336847849,-.0803229708857192,.0380424631913708,.363630787396966,stata_areg_centered_student_vce_unadjusted,316,757999
6897,All,stem_enrollment_m1,-.0724242322328529,-.00719686627072287,.0280589194965853,.374170925480272,stata_areg_centered_student_vce_unadjusted,419,757999
6899,All,stem_enrollment_m1,.024061046190495,.089288412152625,.0579056515450922,.446882809651852,stata_areg_centered_student_vce_unadjusted,64,757999
6922,All,stem_enrollment_m1,.00441995300439739,.0696473189665274,.057957388098706,.365050653515773,stata_areg_centered_student_vce_unadjusted,50,757999
6925,All,stem_enrollment_m1,-.103729085113892,-.038501719151762,.0667187823471559,.309790611946381,stata_areg_centered_student_vce_unadjusted,43,757999
6929,All,stem_enrollment_m1,-.0965669077684609,-.0313395418063309,.0260153820877204,.340285390196053,stata_areg_centered_student_vce_unadjusted,573,757999
6983,All,stem_enrollment_m1,-.0407488155223501,.02447855043978,.0515691751762652,.337698348533417,stata_areg_centered_student_vce_unadjusted,104,757999
7004,All,stem_enrollment_m1,-.163073137734808,-.0978457717726775,.0573620559874808,.293255615273647,stata_areg_centered_student_vce_unadjusted,112,757999
7006,All,stem_enrollment_m1,-.0985081443202427,-.0332807783581127,.0302476687805891,.31474560344235,stata_areg_centered_student_vce_unadjusted,412,757999
7015,All,stem_enrollment_m1,-.125565769847745,-.0603384038856147,.0580481311022215,.373338710683295,stata_areg_centered_student_vce_unadjusted,181,757999
7031,All,stem_enrollment_m1,-.0683290888612288,-.00310172289909882,.0487000711618934,.341755268901638,stata_areg_centered_student_vce_unadjusted,130,757999
7044,All,stem_enrollment_m1,-.11039657345554,-.0451692074934096,.0402013084427915,.315502199085012,stata_areg_centered_student_vce_unadjusted,171,757999
7049,All,stem_enrollment_m1,-.0686081042323169,-.00338073827018685,.0364141946381792,.334638923857141,stata_areg_centered_student_vce_unadjusted,168,757999
7085,All,stem_enrollment_m1,-.159177571363139,-.0939502054010086,.075037673139249,.207631757888657,stata_areg_centered_student_vce_unadjusted,41,757999
7102,All,stem_enrollment_m1,-.106214537995627,-.0409871720334965,.0303586543911866,.251261234410661,stata_areg_centered_student_vce_unadjusted,220,757999
7128,All,stem_enrollment_m1,-.0393451236456035,.0258822423165265,.0387218310640112,.384777804380473,stata_areg_centered_student_vce_unadjusted,201,757999
7129,All,stem_enrollment_m1,-.0524222631317703,.0128051028303597,.0246338346938854,.369204973704588,stata_areg_centered_student_vce_unadjusted,622,757999
7135,All,stem_enrollment_m1,-.0189079114005618,.0463194545615682,.0452398572877982,.355432068470761,stata_areg_centered_student_vce_unadjusted,105,757999
7180,All,stem_enrollment_m1,.118955990990463,.184183356952593,.0753414734046626,.416140166097378,stata_areg_centered_student_vce_unadjusted,81,757999
7181,All,stem_enrollment_m1,.0722353766492304,.13746274261136,.0562635924623001,.387781234918588,stata_areg_centered_student_vce_unadjusted,158,757999
7183,All,stem_enrollment_m1,.112609818868229,.177837184830359,.0480955798182309,.436556711223762,stata_areg_centered_student_vce_unadjusted,108,757999
7200,All,stem_enrollment_m1,-.0549406520505927,.0102867139115373,.0265313724513259,.361777967656405,stata_areg_centered_student_vce_unadjusted,704,757999
7231,All,stem_enrollment_m1,-.313868911712998,-.248641545750868,.388892470764055,.,stata_areg_centered_student_vce_unadjusted,1,757999
7236,All,stem_enrollment_m1,-.0614426025621295,.00378476340000056,.0313484525100479,.352494817307334,stata_areg_centered_student_vce_unadjusted,335,757999
7240,All,stem_enrollment_m1,-.0129476691829316,.0522796967791984,.0628727612221551,.392199138096928,stata_areg_centered_student_vce_unadjusted,49,757999
7276,All,stem_enrollment_m1,-.12785152182123,-.0626241558591,.0477482467004449,.369844315264649,stata_areg_centered_student_vce_unadjusted,294,757999
7299,All,stem_enrollment_m1,-.100253014748304,-.0350256487861737,.0382316226299078,.344518002187475,stata_areg_centered_student_vce_unadjusted,209,757999
7303,All,stem_enrollment_m1,-.0422697988596387,.0229575671024914,.3882969202428,.,stata_areg_centered_student_vce_unadjusted,1,757999
7325,All,stem_enrollment_m1,-.0686732485976413,-.00344588263551127,.0188117147505828,.384486227500771,stata_areg_centered_student_vce_unadjusted,968,757999
7326,All,stem_enrollment_m1,.176584524898129,.241811890860259,.0238358158326214,.476378099020492,stata_areg_centered_student_vce_unadjusted,369,757999
7328,All,stem_enrollment_m1,-.0529887144086862,.0122386515534438,.0266253106244857,.329744062815797,stata_areg_centered_student_vce_unadjusted,303,757999
7329,All,stem_enrollment_m1,-.0923633417731641,-.0271359758110341,.0186850515756238,.333674394142515,stata_areg_centered_student_vce_unadjusted,847,757999
7331,All,stem_enrollment_m1,-.0503257288012031,.0149016371609269,.018985829786853,.358408695592818,stata_areg_centered_student_vce_unadjusted,773,757999
7388,All,stem_enrollment_m1,-.0538519497395785,.0113754162225515,.0435308568461777,.378884178544231,stata_areg_centered_student_vce_unadjusted,275,757999
7401,All,stem_enrollment_m1,-.0978399185493839,-.0326125525872538,.0513620437504878,.356539384252611,stata_areg_centered_student_vce_unadjusted,298,757999
7404,All,stem_enrollment_m1,-.098077185991486,-.032849820029356,.160407538204463,.0910652234180125,stata_areg_centered_student_vce_unadjusted,6,757999
7406,All,stem_enrollment_m1,-.0867714709789253,-.0215441050167953,.0305544454642215,.399492650720046,stata_areg_centered_student_vce_unadjusted,416,757999
7414,All,stem_enrollment_m1,-.208676958535034,-.143449592572904,.078861585583002,.426071165423788,stata_areg_centered_student_vce_unadjusted,135,757999
7415,All,stem_enrollment_m1,-.0804636058518428,-.0152362398897128,.0756231837699355,.445037966664274,stata_areg_centered_student_vce_unadjusted,169,757999
7416,All,stem_enrollment_m1,-.158449347323613,-.0932219813614832,.0452607229122814,.409674431027641,stata_areg_centered_student_vce_unadjusted,195,757999
7435,All,stem_enrollment_m1,-.0415024057899537,.0237249601721763,.0639073064823299,.430427343206793,stata_areg_centered_student_vce_unadjusted,196,757999
7441,All,stem_enrollment_m1,-.130019449541778,-.0647920835796477,.0652752046925067,.259328275888919,stata_areg_centered_student_vce_unadjusted,46,757999
7459,All,stem_enrollment_m1,-.372613816901029,-.307386450938899,.178359883706675,.0650785232388383,stata_areg_centered_student_vce_unadjusted,5,757999
7470,All,stem_enrollment_m1,-.161717287764421,-.0964899218022912,.0299374449901232,.280264862857584,stata_areg_centered_student_vce_unadjusted,242,757999
7505,All,stem_enrollment_m1,-.077493655817469,-.012266289855339,.0333573878678306,.319346286504607,stata_areg_centered_student_vce_unadjusted,277,757999
7509,All,stem_enrollment_m1,-.0751467373740667,-.00991937141193672,.0633484567905723,.296008506962963,stata_areg_centered_student_vce_unadjusted,46,757999
7536,All,stem_enrollment_m1,-.189887726678413,-.124660360716283,.0413320101747914,.33089546954579,stata_areg_centered_student_vce_unadjusted,325,757999
7542,All,stem_enrollment_m1,.0197415817970341,.0849689477591641,.0427153072392612,.39106462552028,stata_areg_centered_student_vce_unadjusted,129,757999
7544,All,stem_enrollment_m1,-.127344954660231,-.0621175886981011,.0705346069396637,.330856676129651,stata_areg_centered_student_vce_unadjusted,71,757999
7572,All,stem_enrollment_m1,-.111543734543023,-.0463163685808935,.0532452414561743,.342850501492913,stata_areg_centered_student_vce_unadjusted,141,757999
7578,All,stem_enrollment_m1,-.173594539716946,-.108367173754816,.0260396733236127,.268785488017956,stata_areg_centered_student_vce_unadjusted,273,757999
7614,All,stem_enrollment_m1,-.155613025256487,-.0903856592943572,.0693054580891856,.215310795491013,stata_areg_centered_student_vce_unadjusted,46,757999
7624,All,stem_enrollment_m1,-.125260071578898,-.0600327056167678,.113098298660785,.150960882505804,stata_areg_centered_student_vce_unadjusted,12,757999
7625,All,stem_enrollment_m1,-.0645130159404225,.000714350021707569,.0243966117861461,.421205710738863,stata_areg_centered_student_vce_unadjusted,318,757999
7626,All,stem_enrollment_m1,-.127017140005751,-.0617897740436208,.0208669533852877,.322526485656573,stata_areg_centered_student_vce_unadjusted,460,757999
7627,All,stem_enrollment_m1,-.0718268831054908,-.00659951714336078,.0202456731194104,.464719511855146,stata_areg_centered_student_vce_unadjusted,624,757999
7628,All,stem_enrollment_m1,-.0851017162733297,-.0198743503111997,.0241692731357827,.248674048507991,stata_areg_centered_student_vce_unadjusted,324,757999
7629,All,stem_enrollment_m1,-.0789722198235218,-.0137448538613918,.0212937427323456,.334032852201781,stata_areg_centered_student_vce_unadjusted,456,757999
7639,All,stem_enrollment_m1,-.0598394921531073,.0053878738090227,.0347952610962831,.375888927768085,stata_areg_centered_student_vce_unadjusted,245,757999
7650,All,stem_enrollment_m1,-.0800834729692215,-.0148561070070915,.0416973908302793,.337046975722646,stata_areg_centered_student_vce_unadjusted,121,757999
7651,All,stem_enrollment_m1,-.0669166486348764,-.00168928267274636,.0439164915094681,.385232834740794,stata_areg_centered_student_vce_unadjusted,101,757999
7655,All,stem_enrollment_m1,-.121646560485247,-.0564191945231169,.395360784642426,.,stata_areg_centered_student_vce_unadjusted,1,757999
7667,All,stem_enrollment_m1,-.135471840780014,-.0702444748178839,.150457968019894,.162748717134527,stata_areg_centered_student_vce_unadjusted,7,757999
7699,All,stem_enrollment_m1,.035332406966626,.100559772928756,.021337167604306,.447716322676695,stata_areg_centered_student_vce_unadjusted,936,757999
7700,All,stem_enrollment_m1,-.0814567849423207,-.0162294189801906,.0466906912528211,.418499001157646,stata_areg_centered_student_vce_unadjusted,396,757999
7701,All,stem_enrollment_m1,.0159348918954917,.0811622578576218,.058953719974107,.437603697256667,stata_areg_centered_student_vce_unadjusted,332,757999
7705,All,stem_enrollment_m1,-.0749689281303641,-.00974156216823403,.0198396468424998,.26113137213877,stata_areg_centered_student_vce_unadjusted,531,757999
7706,All,stem_enrollment_m1,-.0675720098556685,-.00234464389353849,.0289556588221128,.413364102186239,stata_areg_centered_student_vce_unadjusted,370,757999
7707,All,stem_enrollment_m1,-.114301109966105,-.0490737440039746,.0466712656359172,.329194725686342,stata_areg_centered_student_vce_unadjusted,276,757999
7709,All,stem_enrollment_m1,-.11887794850066,-.0536505825385297,.0341683792284127,.301488984375307,stata_areg_centered_student_vce_unadjusted,282,757999
7717,All,stem_enrollment_m1,-.0168120530249244,.0484153129372056,.084618587613333,.439710005537582,stata_areg_centered_student_vce_unadjusted,163,757999
7718,All,stem_enrollment_m1,-.0600075549564184,.00521981100571162,.0636286746889346,.404099984718156,stata_areg_centered_student_vce_unadjusted,89,757999
7720,All,stem_enrollment_m1,-.122805819173079,-.0575784532109485,.025839974858929,.318055061316613,stata_areg_centered_student_vce_unadjusted,354,757999
7722,All,stem_enrollment_m1,-.0688038137718072,-.00357644780967713,.0502341367841678,.343929141750043,stata_areg_centered_student_vce_unadjusted,103,757999
7724,All,stem_enrollment_m1,-.0963083945186175,-.0310810285564875,.0545845898540802,.368161061117165,stata_areg_centered_student_vce_unadjusted,73,757999
7742,All,stem_enrollment_m1,-.0362450931424847,.0289822728196454,.0453486585527554,.426093832898675,stata_areg_centered_student_vce_unadjusted,254,757999
7743,All,stem_enrollment_m1,-.0769505169120417,-.0117231509499117,.0293328050824695,.367036162699663,stata_areg_centered_student_vce_unadjusted,489,757999
7744,All,stem_enrollment_m1,-.17521603528604,-.10998866932391,.0478603777656559,.377417519866635,stata_areg_centered_student_vce_unadjusted,308,757999
7753,All,stem_enrollment_m1,-.0624138631090864,.00281350285304363,.0786448044692349,.346554517939339,stata_areg_centered_student_vce_unadjusted,64,757999
7760,All,stem_enrollment_m1,-.0821339609382102,-.0169065949760801,.0754558874456995,.363143087499354,stata_areg_centered_student_vce_unadjusted,42,757999
7772,All,stem_enrollment_m1,-.142246894763291,-.0770195288011611,.0312781060755707,.299488212141693,stata_areg_centered_student_vce_unadjusted,324,757999
7773,All,stem_enrollment_m1,-.0985991313703931,-.0333717654082631,.0490857697770433,.39211887424277,stata_areg_centered_student_vce_unadjusted,141,757999
7775,All,stem_enrollment_m1,-.0304666373834763,.0347607285786537,.0657285035457459,.416766365209552,stata_areg_centered_student_vce_unadjusted,55,757999
7776,All,stem_enrollment_m1,.0190793622920099,.0843067282541399,.0894113050226817,.379565015016123,stata_areg_centered_student_vce_unadjusted,25,757999
7826,All,stem_enrollment_m1,-.0853831385052197,-.0201557725430897,.0335416640602504,.392729503421057,stata_areg_centered_student_vce_unadjusted,381,757999
7830,All,stem_enrollment_m1,-.110819027271853,-.0455916613097234,.0439190068940705,.336038344715308,stata_areg_centered_student_vce_unadjusted,121,757999
7872,All,stem_enrollment_m1,-.0573605866393933,.00786677932273674,.0699110735254723,.325496640966874,stata_areg_centered_student_vce_unadjusted,60,757999
7907,All,stem_enrollment_m1,-.0866603394651649,-.0214329735030348,.0395593750930177,.352601195489967,stata_areg_centered_student_vce_unadjusted,276,757999
7941,All,stem_enrollment_m1,-.122341878508524,-.0571145125463935,.0388284255754288,.325346049042097,stata_areg_centered_student_vce_unadjusted,267,757999
7942,All,stem_enrollment_m1,-.0436990885899513,.0215282773721788,.0448954823289254,.382673103420288,stata_areg_centered_student_vce_unadjusted,197,757999
7956,All,stem_enrollment_m1,-.0469158232710672,.0183115426910629,.0312609053195963,.355424523542795,stata_areg_centered_student_vce_unadjusted,278,757999
7970,All,stem_enrollment_m1,.219484810142942,.284712176105072,.15955115585133,.428304402140238,stata_areg_centered_student_vce_unadjusted,6,757999
7973,All,stem_enrollment_m1,.0610778441574346,.126305210119565,.0235880799470845,.456552928598051,stata_areg_centered_student_vce_unadjusted,418,757999
7989,All,stem_enrollment_m1,-.0598478277274653,.00537953823466476,.062885297121984,.347353315081425,stata_areg_centered_student_vce_unadjusted,151,757999
8000,All,stem_enrollment_m1,-.149060947723906,-.0838335817617758,.0887528306579779,.415731504889483,stata_areg_centered_student_vce_unadjusted,59,757999
8001,All,stem_enrollment_m1,-.0669434112097982,-.00171604524766814,.0217758352768114,.375757228157586,stata_areg_centered_student_vce_unadjusted,904,757999
8002,All,stem_enrollment_m1,-.128942128862567,-.0637147629004369,.0247742125154788,.345165811408944,stata_areg_centered_student_vce_unadjusted,738,757999
8005,All,stem_enrollment_m1,.0773970874569241,.142624453419054,.0763498373384451,.42063626889288,stata_areg_centered_student_vce_unadjusted,29,757999
8044,All,stem_enrollment_m1,-.0176543919110176,.0475729740511124,.0386162303064002,.357227125915816,stata_areg_centered_student_vce_unadjusted,162,757999
8105,All,stem_enrollment_m1,-.117097412827219,-.0518700468650891,.0312816952536893,.332843031197327,stata_areg_centered_student_vce_unadjusted,345,757999
8107,All,stem_enrollment_m1,-.326015565354662,-.260788199392532,.396487812684159,.,stata_areg_centered_student_vce_unadjusted,1,757999
8108,All,stem_enrollment_m1,-.0563117567869881,.00891560917514189,.0282444254864433,.329402326025172,stata_areg_centered_student_vce_unadjusted,583,757999
8109,All,stem_enrollment_m1,-.0592560346548751,.00597133130725494,.0278119295403716,.333192664513304,stata_areg_centered_student_vce_unadjusted,522,757999
8111,All,stem_enrollment_m1,-.134031954934622,-.0688045889724915,.0460677277415608,.337262420899189,stata_areg_centered_student_vce_unadjusted,120,757999
8162,All,stem_enrollment_m1,-.1451538908737,-.0799265249115697,.0409484751728493,.292727779677961,stata_areg_centered_student_vce_unadjusted,176,757999
8174,All,stem_enrollment_m1,-.13212405685784,-.0668966908957103,.038646073859941,.344760859279626,stata_areg_centered_student_vce_unadjusted,300,757999
8194,All,stem_enrollment_m1,-.069739941484511,-.004512575522381,.0478526918004976,.378504230574407,stata_areg_centered_student_vce_unadjusted,169,757999
8195,All,stem_enrollment_m1,-.201333421231267,-.136106055269137,.201171144559004,.0407712333947581,stata_areg_centered_student_vce_unadjusted,4,757999
8206,All,stem_enrollment_m1,-.121137567989922,-.0559102020277922,.037382266752297,.346290517425817,stata_areg_centered_student_vce_unadjusted,232,757999
8255,All,stem_enrollment_m1,-.144425691644599,-.0791983256824685,.0360994699627772,.294531607578539,stata_areg_centered_student_vce_unadjusted,314,757999
8309,All,stem_enrollment_m1,-.140785321927706,-.0755579559655759,.138557202872538,.384938092823972,stata_areg_centered_student_vce_unadjusted,51,757999
8310,All,stem_enrollment_m1,-.246506318296217,-.181278952334087,.0591761314648157,.335578501315833,stata_areg_centered_student_vce_unadjusted,99,757999
8331,All,stem_enrollment_m1,-.129135318347941,-.0639079523858114,.0691514563361398,.329654958197448,stata_areg_centered_student_vce_unadjusted,88,757999
8339,All,stem_enrollment_m1,-.169275654071245,-.104048288109115,.0889362539958459,.370270882817238,stata_areg_centered_student_vce_unadjusted,63,757999
8345,All,stem_enrollment_m1,-.13655563002828,-.0713282640661504,.0323739102254753,.261059473015879,stata_areg_centered_student_vce_unadjusted,285,757999
8352,All,stem_enrollment_m1,.0215364071771652,.0867637731392953,.056342491448045,.410241532648049,stata_areg_centered_student_vce_unadjusted,81,757999
8365,All,stem_enrollment_m1,-.113217077510107,-.0479897115479773,.0368963177033318,.398107279849861,stata_areg_centered_student_vce_unadjusted,619,757999
8367,All,stem_enrollment_m1,-.0989448452598899,-.0337174792977599,.0418429518975107,.363698469800378,stata_areg_centered_student_vce_unadjusted,212,757999
8369,All,stem_enrollment_m1,-.101418974947439,-.0361916089853089,.0405691790018537,.390438334856734,stata_areg_centered_student_vce_unadjusted,130,757999
8375,All,stem_enrollment_m1,-.075648875042043,-.010421509079913,.0438214457586572,.348369884305399,stata_areg_centered_student_vce_unadjusted,233,757999
8379,All,stem_enrollment_m1,-.159342884681306,-.0941155187191763,.174237248942158,.11205942998864,stata_areg_centered_student_vce_unadjusted,6,757999
8380,All,stem_enrollment_m1,-.0531973298677866,.0120300360943434,.0670904971349224,.366821277519787,stata_areg_centered_student_vce_unadjusted,60,757999
8391,All,stem_enrollment_m1,-.0503012167274552,.0149261492346748,.0668707485628516,.349805339237836,stata_areg_centered_student_vce_unadjusted,76,757999
8392,All,stem_enrollment_m1,-.0934562058663509,-.0282288399042209,.080956796070861,.375207475249815,stata_areg_centered_student_vce_unadjusted,50,757999
8394,All,stem_enrollment_m1,-.203652104430664,-.138424738468534,.0670598192003666,.386822771010727,stata_areg_centered_student_vce_unadjusted,159,757999
8403,All,stem_enrollment_m1,-.0631881196367338,.0020392463253962,.0894819483503707,.345728174787213,stata_areg_centered_student_vce_unadjusted,30,757999
8409,All,stem_enrollment_m1,-.0416139587799396,.0236134071821904,.119510663065243,.419341020392034,stata_areg_centered_student_vce_unadjusted,26,757999
8410,All,stem_enrollment_m1,-.0357780323512514,.0294493336108787,.395609798160788,.,stata_areg_centered_student_vce_unadjusted,1,757999
8411,All,stem_enrollment_m1,-.135972245001803,-.0707448790396727,.0446733702875622,.321815713013729,stata_areg_centered_student_vce_unadjusted,201,757999
8421,All,stem_enrollment_m1,-.0995253546870907,-.0342979887249607,.0484703309073781,.398062154122609,stata_areg_centered_student_vce_unadjusted,254,757999
8422,All,stem_enrollment_m1,-.0752216763953755,-.00999431043324545,.0592963794128454,.267089298508182,stata_areg_centered_student_vce_unadjusted,93,757999
8424,All,stem_enrollment_m1,-.123824891518975,-.0585975255568447,.0249712698731858,.33059364611054,stata_areg_centered_student_vce_unadjusted,414,757999
8425,All,stem_enrollment_m1,-.116088351546685,-.0508609855845553,.0281760788309958,.286365948934442,stata_areg_centered_student_vce_unadjusted,280,757999
8427,All,stem_enrollment_m1,.0602608578791324,.125488223841262,.0296276679373937,.468827142488107,stata_areg_centered_student_vce_unadjusted,241,757999
8429,All,stem_enrollment_m1,-.0852431238159511,-.0200157578538211,.0242780490108546,.336098798855251,stata_areg_centered_student_vce_unadjusted,384,757999
8430,All,stem_enrollment_m1,-.0933557150646117,-.0281283491024816,.0363801223518158,.299373922768435,stata_areg_centered_student_vce_unadjusted,131,757999
8432,All,stem_enrollment_m1,-.141527352010404,-.0762999860482743,.0656840249763826,.280924766622541,stata_areg_centered_student_vce_unadjusted,37,757999
8442,All,stem_enrollment_m1,-.0227768795815804,.0424504863805497,.0331239234209194,.420372550572599,stata_areg_centered_student_vce_unadjusted,208,757999
8454,All,stem_enrollment_m1,.218192083526212,.283419449488343,.0286027221108212,.487348616622856,stata_areg_centered_student_vce_unadjusted,405,757999
8455,All,stem_enrollment_m1,-.0968103488252912,-.0315829828631612,.0388248013957917,.345728048112054,stata_areg_centered_student_vce_unadjusted,281,757999
8457,All,stem_enrollment_m1,-.10618626662256,-.0409589006604296,.0343277239402001,.229371873624257,stata_areg_centered_student_vce_unadjusted,234,757999
8458,All,stem_enrollment_m1,-.0656095197590107,-.000382153796880627,.0378603613939226,.396328448280281,stata_areg_centered_student_vce_unadjusted,239,757999
8463,All,stem_enrollment_m1,-.0555928312224391,.00963453473969089,.0600552426966542,.42246416631706,stata_areg_centered_student_vce_unadjusted,119,757999
8464,All,stem_enrollment_m1,-.127320736020973,-.0620933700588434,.0545566897575267,.411199054464722,stata_areg_centered_student_vce_unadjusted,169,757999
8474,All,stem_enrollment_m1,-.0514054935251153,.0138218724370147,.0510872676554665,.389265882914209,stata_areg_centered_student_vce_unadjusted,249,757999
8483,All,stem_enrollment_m1,-.0599058050465788,.00532156091555124,.0555248282279415,.385993962194633,stata_areg_centered_student_vce_unadjusted,80,757999
8485,All,stem_enrollment_m1,-.134633999292999,-.0694066333308692,.0153264984561792,.468921774403674,stata_areg_centered_student_vce_unadjusted,2423,757999
8487,All,stem_enrollment_m1,-.0554125912652009,.00981477469692914,.0151862591160298,.36895425027635,stata_areg_centered_student_vce_unadjusted,1693,757999
8488,All,stem_enrollment_m1,-.0879548860295992,-.0227275200674691,.0259885834346623,.261692951407577,stata_areg_centered_student_vce_unadjusted,235,757999
8489,All,stem_enrollment_m1,-.0723131759687828,-.0070858100066528,.0249650355588368,.308581648433766,stata_areg_centered_student_vce_unadjusted,266,757999
8490,All,stem_enrollment_m1,-.117803896804571,-.0525765308424409,.0336955318492925,.300711447482628,stata_areg_centered_student_vce_unadjusted,140,757999
8491,All,stem_enrollment_m1,-.140932698929442,-.0757053329673115,.0150787135497327,.446092968703533,stata_areg_centered_student_vce_unadjusted,928,757999
8492,All,stem_enrollment_m1,-.0849539094535498,-.0197265434914198,.0192623917046208,.463093423216459,stata_areg_centered_student_vce_unadjusted,434,757999
8494,All,stem_enrollment_m1,-.0914749629701091,-.026247597007979,.0293023496012031,.365583963522459,stata_areg_centered_student_vce_unadjusted,185,757999
8495,All,stem_enrollment_m1,-.103077749079229,-.037850383117099,.0326569844400469,.372532289277335,stata_areg_centered_student_vce_unadjusted,144,757999
8496,All,stem_enrollment_m1,-.147051292380285,-.0818239264181552,.0334527165990539,.29593132435048,stata_areg_centered_student_vce_unadjusted,138,757999
8497,All,stem_enrollment_m1,-.0950659088081419,-.0298385428460119,.0431543930939459,.35205788644335,stata_areg_centered_student_vce_unadjusted,105,757999
8498,All,stem_enrollment_m1,-.0659777592613525,-.00075039329922251,.0323340033645764,.382420274496274,stata_areg_centered_student_vce_unadjusted,149,757999
8499,All,stem_enrollment_m1,-.0923524581043162,-.0271250921421862,.0169938424999064,.45610810773838,stata_areg_centered_student_vce_unadjusted,680,757999
8500,All,stem_enrollment_m1,.0827198055278626,.147947171489993,.0198780830067678,.466882104267274,stata_areg_centered_student_vce_unadjusted,406,757999
8501,All,stem_enrollment_m1,-.174721978446416,-.109494612484286,.0419954949316429,.263180511061555,stata_areg_centered_student_vce_unadjusted,89,757999
8502,All,stem_enrollment_m1,-.121923854292892,-.0566964883307621,.018409940637869,.341690258372804,stata_areg_centered_student_vce_unadjusted,530,757999
8503,All,stem_enrollment_m1,-.155835826504117,-.0906084605419865,.014501161843493,.327379410745944,stata_areg_centered_student_vce_unadjusted,870,757999
8504,All,stem_enrollment_m1,-.105980495497309,-.0407531295351788,.0165513945472497,.154654430161383,stata_areg_centered_student_vce_unadjusted,591,757999
8505,All,stem_enrollment_m1,-.0718667493390264,-.00663938337689637,.0153193720591642,.213101106871283,stata_areg_centered_student_vce_unadjusted,700,757999
8506,All,stem_enrollment_m1,-.109878845486852,-.0446514795247219,.0157571583682252,.330681429439139,stata_areg_centered_student_vce_unadjusted,671,757999
8507,All,stem_enrollment_m1,-.0162933892281866,.0489339767339434,.0137417214728407,.425872316389403,stata_areg_centered_student_vce_unadjusted,872,757999
8508,All,stem_enrollment_m1,-.0756153258574558,-.0103879598953258,.0386713103163508,.341777029811374,stata_areg_centered_student_vce_unadjusted,106,757999
8510,All,stem_enrollment_m1,-.050741556816483,.014485809145647,.0303411735471469,.267842052203533,stata_areg_centered_student_vce_unadjusted,171,757999
8511,All,stem_enrollment_m1,-.13007670760416,-.06484934164203,.03847034205676,.28783478938156,stata_areg_centered_student_vce_unadjusted,191,757999
8514,All,stem_enrollment_m1,-.0646731694013954,.000554196560734591,.0261179774514092,.311060875362853,stata_areg_centered_student_vce_unadjusted,330,757999
8518,All,stem_enrollment_m1,-.0975076269782113,-.0322802610160812,.054339870715389,.303433224664965,stata_areg_centered_student_vce_unadjusted,72,757999
8535,All,stem_enrollment_m1,-.147768951558613,-.0825415855964833,.0540875095964956,.306446198384825,stata_areg_centered_student_vce_unadjusted,69,757999
8542,All,stem_enrollment_m1,-.0405812388322288,.0246461271299012,.0526128492553123,.484441334776674,stata_areg_centered_student_vce_unadjusted,126,757999
8553,All,stem_enrollment_m1,-.150163675945787,-.0849363099836566,.0291633266112862,.234539632003857,stata_areg_centered_student_vce_unadjusted,187,757999
8554,All,stem_enrollment_m1,-.135186037272071,-.0699586713099407,.0662603763683578,.317915103191939,stata_areg_centered_student_vce_unadjusted,35,757999
8571,All,stem_enrollment_m1,-.0749568232831689,-.00972945732103885,.158867834203595,.355462422313309,stata_areg_centered_student_vce_unadjusted,6,757999
8587,All,stem_enrollment_m1,-.143452037126082,-.0782246711639516,.0412056006065054,.229400305730603,stata_areg_centered_student_vce_unadjusted,91,757999
8589,All,stem_enrollment_m1,-.119722347556197,-.0544949815940666,.0344525198868589,.406346495665518,stata_areg_centered_student_vce_unadjusted,457,757999
8592,All,stem_enrollment_m1,-.109444013740918,-.0442166477787877,.0348944348727922,.317527539798847,stata_areg_centered_student_vce_unadjusted,288,757999
8598,All,stem_enrollment_m1,-.13135157718973,-.0661242112276001,.0281320078044026,.342162496756129,stata_areg_centered_student_vce_unadjusted,200,757999
8601,All,stem_enrollment_m1,-.185672104074592,-.120444738112462,.0424362746558948,.295411582739151,stata_areg_centered_student_vce_unadjusted,85,757999
8603,All,stem_enrollment_m1,.102803429344226,.168030795306356,.0148334368202465,.493870274858633,stata_areg_centered_student_vce_unadjusted,1215,757999
8604,All,stem_enrollment_m1,-.0586838158657069,.00654355009642315,.053196656229719,.403898451365185,stata_areg_centered_student_vce_unadjusted,245,757999
8609,All,stem_enrollment_m1,-.130523025484931,-.0652956595228013,.0409315361536873,.460329095535404,stata_areg_centered_student_vce_unadjusted,367,757999
8611,All,stem_enrollment_m1,-.0551062043112872,.0101211616508428,.0349339445516084,.41880281344397,stata_areg_centered_student_vce_unadjusted,305,757999
8613,All,stem_enrollment_m1,-.0915369327594491,-.0263095667973191,.0555689602889822,.344628907799173,stata_areg_centered_student_vce_unadjusted,119,757999
8614,All,stem_enrollment_m1,-.0452061212469755,.0200212447151545,.0332319390562349,.322232499965885,stata_areg_centered_student_vce_unadjusted,285,757999
8615,All,stem_enrollment_m1,.025441935410063,.090669301372193,.0531601299192465,.414074378413013,stata_areg_centered_student_vce_unadjusted,63,757999
8616,All,stem_enrollment_m1,-.140008731656321,-.0747813656941911,.0250675245301471,.239031453917482,stata_areg_centered_student_vce_unadjusted,271,757999
8617,All,stem_enrollment_m1,-.0980501303084434,-.0328227643463133,.0160152255340374,.209586573862184,stata_areg_centered_student_vce_unadjusted,619,757999
8618,All,stem_enrollment_m1,-.129959601223611,-.0647322352614807,.038313142240614,.333303493358999,stata_areg_centered_student_vce_unadjusted,111,757999
8620,All,stem_enrollment_m1,-.0927941393102371,-.0275667733481071,.0509108494229341,.370531424179058,stata_areg_centered_student_vce_unadjusted,91,757999
8625,All,stem_enrollment_m1,.000786528602749955,.06601389456488,.023518993454046,.457022787445176,stata_areg_centered_student_vce_unadjusted,320,757999
8627,All,stem_enrollment_m1,-.0801862342709515,-.0149588683088215,.0225658378722553,.400245661948995,stata_areg_centered_student_vce_unadjusted,439,757999
8629,All,stem_enrollment_m1,-.0833621738500445,-.0181348078879145,.0291546285514235,.278822614050835,stata_areg_centered_student_vce_unadjusted,268,757999
8631,All,stem_enrollment_m1,-.0603822657830572,.00484510017907287,.05145427254258,.359187740478883,stata_areg_centered_student_vce_unadjusted,82,757999
8632,All,stem_enrollment_m1,-.132311801431091,-.0670844354689612,.0290151475264904,.36769978578282,stata_areg_centered_student_vce_unadjusted,379,757999
8634,All,stem_enrollment_m1,-.0441768544846043,.0210505114775257,.0439615524444227,.450759860985931,stata_areg_centered_student_vce_unadjusted,249,757999
8636,All,stem_enrollment_m1,-.0620414644473814,.00318590151474863,.0429664643272187,.413992340959615,stata_areg_centered_student_vce_unadjusted,507,757999
8639,All,stem_enrollment_m1,-.0819497339746877,-.0167223680125577,.0319744177350488,.401952168524895,stata_areg_centered_student_vce_unadjusted,196,757999
8643,All,stem_enrollment_m1,-.0918640597798194,-.0266366938176894,.0246918173073388,.277183332317576,stata_areg_centered_student_vce_unadjusted,271,757999
8644,All,stem_enrollment_m1,.0701759573371174,.135403323299247,.0234202387544021,.467363451240949,stata_areg_centered_student_vce_unadjusted,291,757999
8645,All,stem_enrollment_m1,-.054427042532457,.0108003234296731,.0298287227950025,.378802866063163,stata_areg_centered_student_vce_unadjusted,465,757999
8649,All,stem_enrollment_m1,-.0645381817225091,.000689184239620944,.0530328733565687,.375766472728986,stata_areg_centered_student_vce_unadjusted,127,757999
8650,All,stem_enrollment_m1,-.0370653784003968,.0281619875617332,.028300475265386,.387261761647685,stata_areg_centered_student_vce_unadjusted,265,757999
8652,All,stem_enrollment_m1,-.0787471906219147,-.0135198246597847,.0410573593840075,.410512662681308,stata_areg_centered_student_vce_unadjusted,152,757999
8654,All,stem_enrollment_m1,-.0776172736442174,-.0123899076820874,.0456547314766656,.380502341436979,stata_areg_centered_student_vce_unadjusted,76,757999
8657,All,stem_enrollment_m1,.0208299557289605,.0860573216910905,.0506962384168155,.440137219342244,stata_areg_centered_student_vce_unadjusted,83,757999
8658,All,stem_enrollment_m1,-.0554567722706384,.00977059369149159,.0353958989080836,.329344483020899,stata_areg_centered_student_vce_unadjusted,164,757999
8663,All,stem_enrollment_m1,-.0878936496729652,-.0226662837108352,.0250302676217885,.375996741472201,stata_areg_centered_student_vce_unadjusted,313,757999
8666,All,stem_enrollment_m1,-.097813915149637,-.032586549187507,.0585227772068265,.412978045569475,stata_areg_centered_student_vce_unadjusted,118,757999
8671,All,stem_enrollment_m1,-.0446838439815782,.0205435219805518,.0603890857986604,.387515822482241,stata_areg_centered_student_vce_unadjusted,91,757999
8675,All,stem_enrollment_m1,-.0453057633985287,.0199216025636014,.0357971784937113,.318405477014961,stata_areg_centered_student_vce_unadjusted,182,757999
8676,All,stem_enrollment_m1,-.114592352601071,-.0493649866389414,.0446996784471766,.402691945658789,stata_areg_centered_student_vce_unadjusted,216,757999
8680,All,stem_enrollment_m1,-.0830726411962802,-.0178452752341502,.0344853203862256,.386686378603989,stata_areg_centered_student_vce_unadjusted,200,757999
8681,All,stem_enrollment_m1,-.0297887583594326,.0354386076026974,.0446662270982811,.433275706858087,stata_areg_centered_student_vce_unadjusted,302,757999
8682,All,stem_enrollment_m1,-.0101523483098826,.0550750176522474,.0432394132026527,.407682598770376,stata_areg_centered_student_vce_unadjusted,328,757999
8697,All,stem_enrollment_m1,-.124502125721485,-.059274759759355,.0448312990675477,.428623819709833,stata_areg_centered_student_vce_unadjusted,273,757999
8715,All,stem_enrollment_m1,-.0691758233656186,-.00394845740348862,.068287126569052,.401731019861025,stata_areg_centered_student_vce_unadjusted,51,757999
8724,All,stem_enrollment_m1,-.112907329580691,-.0476799636185607,.042093762012192,.373930929000899,stata_areg_centered_student_vce_unadjusted,104,757999
8740,All,stem_enrollment_m1,-.0684924645469585,-.00326509858482851,.0567243109049415,.378354413906191,stata_areg_centered_student_vce_unadjusted,146,757999
8748,All,stem_enrollment_m1,-.0521193984877326,.0131079674743974,.0398962443124891,.441246939454122,stata_areg_centered_student_vce_unadjusted,562,757999
8750,All,stem_enrollment_m1,-.0225031267143218,.0427242392478082,.0390208979844899,.440070079991181,stata_areg_centered_student_vce_unadjusted,347,757999
8754,All,stem_enrollment_m1,-.0726164508049072,-.00738908484277713,.0436963085358138,.408391128710508,stata_areg_centered_student_vce_unadjusted,253,757999
8755,All,stem_enrollment_m1,-.00874320961462405,.056484156347506,.0610436980726675,.415488343387711,stata_areg_centered_student_vce_unadjusted,72,757999
8756,All,stem_enrollment_m1,-.0649100054434529,.000317360518677132,.0195174680928954,.409397197679887,stata_areg_centered_student_vce_unadjusted,559,757999
8757,All,stem_enrollment_m1,-.0705348168505847,-.00530745088845468,.0373312648238161,.415002575934133,stata_areg_centered_student_vce_unadjusted,493,757999
8759,All,stem_enrollment_m1,-.034696926606867,.030530439355263,.0740030694730006,.350074336018136,stata_areg_centered_student_vce_unadjusted,43,757999
8761,All,stem_enrollment_m1,-.0284627761597466,.0367645898023834,.0440359492280523,.450926959544034,stata_areg_centered_student_vce_unadjusted,318,757999
8762,All,stem_enrollment_m1,-.0419052737922202,.0233220921699098,.0579747107176343,.375318243210899,stata_areg_centered_student_vce_unadjusted,84,757999
8769,All,stem_enrollment_m1,-.223719109227916,-.158491743265786,.0516190073727837,.394653104736525,stata_areg_centered_student_vce_unadjusted,170,757999
8791,All,stem_enrollment_m1,-.0288996367719508,.0363277291901792,.038444750698864,.383156340573669,stata_areg_centered_student_vce_unadjusted,269,757999
8811,All,stem_enrollment_m1,-.159775635962261,-.094548270000131,.0161879724466143,.321019555145233,stata_areg_centered_student_vce_unadjusted,608,757999
8812,All,stem_enrollment_m1,.076206677685591,.141434043647721,.0229237869445594,.469178077037663,stata_areg_centered_student_vce_unadjusted,302,757999
8813,All,stem_enrollment_m1,.145250207035526,.210477572997656,.0174775432696917,.479838033373035,stata_areg_centered_student_vce_unadjusted,551,757999
8814,All,stem_enrollment_m1,-.0531129103163871,.012114455645743,.0343837495486672,.37371615881425,stata_areg_centered_student_vce_unadjusted,133,757999
8815,All,stem_enrollment_m1,-.057108123902994,.00811924205913607,.0504698147638736,.392955733187922,stata_areg_centered_student_vce_unadjusted,260,757999
8818,All,stem_enrollment_m1,-.0399415113997998,.0252858545623302,.0450827495117475,.390297383656153,stata_areg_centered_student_vce_unadjusted,213,757999
8819,All,stem_enrollment_m1,-.0858215524716073,-.0205941865094773,.0368734042672841,.419126277874699,stata_areg_centered_student_vce_unadjusted,193,757999
8821,All,stem_enrollment_m1,-.0364868181555756,.0287405478065544,.0444800693312324,.417485828462411,stata_areg_centered_student_vce_unadjusted,375,757999
8822,All,stem_enrollment_m1,-.135366518403094,-.0701391524409639,.0393034512002796,.355644774855875,stata_areg_centered_student_vce_unadjusted,156,757999
8825,All,stem_enrollment_m1,-.0666874072954952,-.00146004133336515,.0386630488013566,.359339009090303,stata_areg_centered_student_vce_unadjusted,221,757999
8827,All,stem_enrollment_m1,-.146600201586284,-.0813728356241541,.046532375888712,.358114206246176,stata_areg_centered_student_vce_unadjusted,246,757999
8828,All,stem_enrollment_m1,-.018348314378025,.046879051584105,.0368461249981998,.406329387620461,stata_areg_centered_student_vce_unadjusted,290,757999
8833,All,stem_enrollment_m1,.0174264139284425,.0826537798905725,.068641248937515,.424973622922384,stata_areg_centered_student_vce_unadjusted,131,757999
8835,All,stem_enrollment_m1,-.0862178075482175,-.0209904415860875,.0365832034444902,.396963913085115,stata_areg_centered_student_vce_unadjusted,173,757999
8839,All,stem_enrollment_m1,-.113795488488218,-.0485681225260875,.0624827160061848,.249215139438473,stata_areg_centered_student_vce_unadjusted,45,757999
8841,All,stem_enrollment_m1,-.150402390281571,-.0851750243194406,.0523601510554616,.381061745252274,stata_areg_centered_student_vce_unadjusted,238,757999
8846,All,stem_enrollment_m1,-.0407376695386341,.0244896964234959,.0364348240507191,.400585655571892,stata_areg_centered_student_vce_unadjusted,222,757999
8849,All,stem_enrollment_m1,-.0953343140863402,-.0301069481242102,.0444315210166003,.39193126486945,stata_areg_centered_student_vce_unadjusted,251,757999
8854,All,stem_enrollment_m1,-.0119938751666397,.0532334907954903,.0496610410593263,.434840236532366,stata_areg_centered_student_vce_unadjusted,122,757999
8860,All,stem_enrollment_m1,-.00122977919504569,.0639975867670843,.0702086932408467,.455096562920318,stata_areg_centered_student_vce_unadjusted,38,757999
8861,All,stem_enrollment_m1,-.116454796096618,-.0512274301344876,.050084395243763,.401338175670519,stata_areg_centered_student_vce_unadjusted,88,757999
8862,All,stem_enrollment_m1,.0927330585533852,.157960424515515,.079197398319345,.437772599869669,stata_areg_centered_student_vce_unadjusted,395,757999
8863,All,stem_enrollment_m1,-.0831983785808116,-.0179710126186816,.0728462265466161,.406405300117056,stata_areg_centered_student_vce_unadjusted,257,757999
8867,All,stem_enrollment_m1,-.0952396311411801,-.0300122651790501,.0535196043553993,.341303724184581,stata_areg_centered_student_vce_unadjusted,235,757999
8868,All,stem_enrollment_m1,-.0597748804108232,.00545248555130681,.0668268288778237,.441027397082391,stata_areg_centered_student_vce_unadjusted,196,757999
8869,All,stem_enrollment_m1,-.0431489173112916,.0220784486508384,.0655472007429636,.424101153089479,stata_areg_centered_student_vce_unadjusted,305,757999
8870,All,stem_enrollment_m1,-.0866269838485621,-.0213996178864321,.0368906627088842,.423985019949069,stata_areg_centered_student_vce_unadjusted,337,757999
8871,All,stem_enrollment_m1,-.141603046146589,-.0763756801844592,.0786130212493761,.346954149824998,stata_areg_centered_student_vce_unadjusted,239,757999
8872,All,stem_enrollment_m1,-.0387398258916395,.0264875400704905,.0828374688872511,.423122293303175,stata_areg_centered_student_vce_unadjusted,201,757999
8873,All,stem_enrollment_m1,.0410550885010278,.106282454463158,.0894615166918527,.370730362839058,stata_areg_centered_student_vce_unadjusted,430,757999
8876,All,stem_enrollment_m1,-.0478559145398672,.0173714514222629,.112700131656406,.488917430121248,stata_areg_centered_student_vce_unadjusted,12,757999
8877,All,stem_enrollment_m1,-.0986421037018085,-.0334147377396785,.0528734539771664,.397031439766722,stata_areg_centered_student_vce_unadjusted,506,757999
8878,All,stem_enrollment_m1,-.0551755800309295,.0100517859312005,.0526121303746218,.405603473734391,stata_areg_centered_student_vce_unadjusted,258,757999
8880,All,stem_enrollment_m1,-.31783945694428,-.25261209098215,.0806840630944547,.2367264280866,stata_areg_centered_student_vce_unadjusted,183,757999
8885,All,stem_enrollment_m1,-.0778495775657542,-.0126222116036242,.0691190288767267,.438932366623063,stata_areg_centered_student_vce_unadjusted,199,757999
8888,All,stem_enrollment_m1,-.0975956680832019,-.0323683021210719,.0649170145489159,.425462377662672,stata_areg_centered_student_vce_unadjusted,525,757999
8892,All,stem_enrollment_m1,-.109077680572684,-.0438503146105537,.0327823983201589,.402829329226233,stata_areg_centered_student_vce_unadjusted,357,757999
8893,All,stem_enrollment_m1,.0560953748624139,.121322740824544,.0547666233702312,.432554594200725,stata_areg_centered_student_vce_unadjusted,272,757999
8894,All,stem_enrollment_m1,-.0313475332286007,.0338798327335293,.0579914326398836,.323432964838988,stata_areg_centered_student_vce_unadjusted,153,757999
8895,All,stem_enrollment_m1,-.117793267680372,-.0525659017182421,.0813092852316421,.344322143167469,stata_areg_centered_student_vce_unadjusted,34,757999
8900,All,stem_enrollment_m1,-.0740940831913011,-.00886671722917111,.0388051229053312,.428834215743485,stata_areg_centered_student_vce_unadjusted,263,757999
8902,All,stem_enrollment_m1,-.176612883862146,-.111385517900016,.084652231058513,.420248321161321,stata_areg_centered_student_vce_unadjusted,244,757999
8903,All,stem_enrollment_m1,-.101230775176624,-.0360034092144945,.0838725818504187,.380473379372571,stata_areg_centered_student_vce_unadjusted,101,757999
8904,All,stem_enrollment_m1,.00385955240112283,.0690869183632529,.0792641562086184,.329677691983562,stata_areg_centered_student_vce_unadjusted,195,757999
8905,All,stem_enrollment_m1,-.0662573727253635,-.00103000676323349,.0537869774407042,.351705905358969,stata_areg_centered_student_vce_unadjusted,91,757999
8906,All,stem_enrollment_m1,.123630020025941,.188857385988071,.0636721875545401,.428178131604571,stata_areg_centered_student_vce_unadjusted,677,757999
8909,All,stem_enrollment_m1,-.169622465622147,-.104395099660017,.0577272878316466,.407486336010178,stata_areg_centered_student_vce_unadjusted,279,757999
8911,All,stem_enrollment_m1,-.179957569839999,-.114730203877869,.0842103260332446,.433847777241957,stata_areg_centered_student_vce_unadjusted,56,757999
8914,All,stem_enrollment_m1,-.0358436255840678,.0293837403780622,.06390759502007,.444626037593069,stata_areg_centered_student_vce_unadjusted,69,757999
8917,All,stem_enrollment_m1,-.0337236399105951,.031503726051535,.0720140039792531,.394706273259045,stata_areg_centered_student_vce_unadjusted,336,757999
8919,All,stem_enrollment_m1,-.0700290095193596,-.0048016435572296,.0438806769018886,.445282140482762,stata_areg_centered_student_vce_unadjusted,257,757999
8921,All,stem_enrollment_m1,-.0680669725278608,-.00283960656573079,.05112208175982,.363358376478211,stata_areg_centered_student_vce_unadjusted,83,757999
8923,All,stem_enrollment_m1,-.196547848465028,-.131320482502898,.0658797395765687,.364178664927034,stata_areg_centered_student_vce_unadjusted,507,757999
8925,All,stem_enrollment_m1,-.11360233545678,-.0483749694946503,.015330925503159,.371441385075914,stata_areg_centered_student_vce_unadjusted,763,757999
8926,All,stem_enrollment_m1,-.0365030657408973,.0287243002212327,.0184831656869278,.384521499801826,stata_areg_centered_student_vce_unadjusted,808,757999
8927,All,stem_enrollment_m1,-.0318645565015732,.0333628094605568,.0192249988283969,.391396269982023,stata_areg_centered_student_vce_unadjusted,1076,757999
8928,All,stem_enrollment_m1,-.0990493371073068,-.0338219711451768,.0131734257022999,.457286274528829,stata_areg_centered_student_vce_unadjusted,1337,757999
8930,All,stem_enrollment_m1,-.0679835490474244,-.00275618308529434,.014549736673167,.328876204733317,stata_areg_centered_student_vce_unadjusted,826,757999
8938,All,stem_enrollment_m1,-.102645393793722,-.037418027831592,.0224232094237823,.361168921635611,stata_areg_centered_student_vce_unadjusted,310,757999
8944,All,stem_enrollment_m1,-.0202452602420171,.044982105720113,.0328065900489787,.414347543719927,stata_areg_centered_student_vce_unadjusted,228,757999
8945,All,stem_enrollment_m1,-.119843871742419,-.0546165057802887,.0200321696031917,.189068013812715,stata_areg_centered_student_vce_unadjusted,402,757999
8950,All,stem_enrollment_m1,-.124250859249414,-.059023493287284,.040631338935861,.418375441672101,stata_areg_centered_student_vce_unadjusted,197,757999
8953,All,stem_enrollment_m1,-.0496727994830254,.0155545664791047,.0574524276829291,.341380557957967,stata_areg_centered_student_vce_unadjusted,202,757999
8954,All,stem_enrollment_m1,-.105895846039346,-.040668480077216,.0387628956718574,.349721928813698,stata_areg_centered_student_vce_unadjusted,292,757999
8956,All,stem_enrollment_m1,-.110979421337875,-.045752055375745,.071990660443401,.369799694187309,stata_areg_centered_student_vce_unadjusted,42,757999
8959,All,stem_enrollment_m1,-.0772608796647459,-.0120335137026158,.0708096313734581,.427499004913738,stata_areg_centered_student_vce_unadjusted,52,757999
8966,All,stem_enrollment_m1,-.0291025560101533,.0361248099519768,.0446946624758232,.437245137125749,stata_areg_centered_student_vce_unadjusted,436,757999
8969,All,stem_enrollment_m1,-.133113271212263,-.0678859052501329,.0514368016124319,.40891472087926,stata_areg_centered_student_vce_unadjusted,156,757999
8972,All,stem_enrollment_m1,-.062580461786242,.002646904175888,.055793417959841,.406094262491613,stata_areg_centered_student_vce_unadjusted,396,757999
8974,All,stem_enrollment_m1,-.086004692290499,-.020777326328369,.064243786568801,.426014469468202,stata_areg_centered_student_vce_unadjusted,76,757999
8978,All,stem_enrollment_m1,-.119830619511696,-.0546032535495656,.0514118889730625,.416954554019242,stata_areg_centered_student_vce_unadjusted,360,757999
8979,All,stem_enrollment_m1,-.139097653447018,-.0738702874848875,.0610756044168513,.426699900822764,stata_areg_centered_student_vce_unadjusted,489,757999
8981,All,stem_enrollment_m1,-.0265063577954463,.0387210081666837,.0509314304411076,.4027792191925,stata_areg_centered_student_vce_unadjusted,159,757999
8984,All,stem_enrollment_m1,.0343183358289946,.0995457017911247,.0523915099889658,.447947964269176,stata_areg_centered_student_vce_unadjusted,269,757999
8988,All,stem_enrollment_m1,-.0928811633200457,-.0276537973579157,.0596000692827071,.354303760247142,stata_areg_centered_student_vce_unadjusted,79,757999
8991,All,stem_enrollment_m1,-.0051287504346932,.0600986155274368,.0568032835650348,.424484408079805,stata_areg_centered_student_vce_unadjusted,423,757999
8992,All,stem_enrollment_m1,-.114106478092407,-.0488791121302768,.0626351586468372,.434872508139528,stata_areg_centered_student_vce_unadjusted,209,757999
8995,All,stem_enrollment_m1,-.0809991292171223,-.0157717632549923,.076580528380548,.395014811834168,stata_areg_centered_student_vce_unadjusted,441,757999
8996,All,stem_enrollment_m1,-.0914746983864676,-.0262473324243376,.0519122640729935,.466239232643779,stata_areg_centered_student_vce_unadjusted,486,757999
8997,All,stem_enrollment_m1,-.16794649365324,-.10271912769111,.0365671094469577,.299324384788003,stata_areg_centered_student_vce_unadjusted,118,757999
8998,All,stem_enrollment_m1,.0268324956071418,.0920598615692718,.0617640553365304,.456317195943745,stata_areg_centered_student_vce_unadjusted,118,757999
9003,All,stem_enrollment_m1,.0328838851769196,.0981112511390496,.0487139463161182,.444042662691847,stata_areg_centered_student_vce_unadjusted,390,757999
9004,All,stem_enrollment_m1,-.166115792034842,-.100888426072712,.22833448259696,.117321360224525,stata_areg_centered_student_vce_unadjusted,3,757999
9006,All,stem_enrollment_m1,-.126529831847912,-.0613024658857819,.026121160656639,.376721082260895,stata_areg_centered_student_vce_unadjusted,293,757999
9007,All,stem_enrollment_m1,-.0799770402109346,-.0147496742488046,.0335995037005752,.363378284862725,stata_areg_centered_student_vce_unadjusted,163,757999
9008,All,stem_enrollment_m1,-.0897149377961903,-.0244875718340603,.0297061636751871,.350893988741918,stata_areg_centered_student_vce_unadjusted,212,757999
9020,All,stem_enrollment_m1,-.110368557897434,-.0451411919353037,.0443277484403003,.397037668244893,stata_areg_centered_student_vce_unadjusted,232,757999
9033,All,stem_enrollment_m1,-.0648668753086574,.000360490653472656,.0407939283988099,.417477619824853,stata_areg_centered_student_vce_unadjusted,247,757999
9035,All,stem_enrollment_m1,-.137769545199205,-.0725421792370753,.0586933269289707,.403661704578131,stata_areg_centered_student_vce_unadjusted,95,757999
9038,All,stem_enrollment_m1,-.132780627391526,-.0675532614293956,.067319178826347,.284116219894619,stata_areg_centered_student_vce_unadjusted,35,757999
9039,All,stem_enrollment_m1,-.187722119778708,-.122494753816578,.0495872562431131,.346239967204182,stata_areg_centered_student_vce_unadjusted,81,757999
9042,All,stem_enrollment_m1,-.0320109536960607,.0332164122660693,.0531418089569737,.424751921047928,stata_areg_centered_student_vce_unadjusted,247,757999
9046,All,stem_enrollment_m1,-.0561293700677062,.00909799589442378,.0798090793576785,.423901576386139,stata_areg_centered_student_vce_unadjusted,491,757999
9051,All,stem_enrollment_m1,-.0299841116975715,.0352432542645585,.0591667935870305,.432593095798956,stata_areg_centered_student_vce_unadjusted,503,757999
9053,All,stem_enrollment_m1,-.0540912434911814,.0111361224709486,.0391346616249827,.445691096677994,stata_areg_centered_student_vce_unadjusted,280,757999
9054,All,stem_enrollment_m1,-.0749874101463629,-.00976004418423286,.0627152179276944,.367657535103434,stata_areg_centered_student_vce_unadjusted,81,757999
9058,All,stem_enrollment_m1,-.0902865600348683,-.0250591940727383,.0166763430286761,.347518231022371,stata_areg_centered_student_vce_unadjusted,605,757999
9060,All,stem_enrollment_m1,.02117838079445,.0864057467565801,.0247701425355985,.411205158735844,stata_areg_centered_student_vce_unadjusted,260,757999
9061,All,stem_enrollment_m1,-.0375263039117189,.0277010620504112,.0286581638498024,.419362410579448,stata_areg_centered_student_vce_unadjusted,192,757999
9063,All,stem_enrollment_m1,.0837369288093498,.14896429477148,.0151417973521136,.488687439091313,stata_areg_centered_student_vce_unadjusted,737,757999
9064,All,stem_enrollment_m1,-.14359311955735,-.0783657535952195,.0204409222508532,.244977581674232,stata_areg_centered_student_vce_unadjusted,399,757999
9065,All,stem_enrollment_m1,-.0981349619788591,-.032907596016729,.0204819053377754,.363926645116309,stata_areg_centered_student_vce_unadjusted,395,757999
9069,All,stem_enrollment_m1,-.0394633198775739,.0257640460845561,.0535706791460835,.420091114743765,stata_areg_centered_student_vce_unadjusted,69,757999
9071,All,stem_enrollment_m1,-.0711553517351913,-.00592798577306131,.0283755543303355,.452590501943934,stata_areg_centered_student_vce_unadjusted,430,757999
9072,All,stem_enrollment_m1,-.126710667287214,-.0614833013250837,.0314390715137077,.324758486574127,stata_areg_centered_student_vce_unadjusted,196,757999
9073,All,stem_enrollment_m1,-.0548399514239972,.0103874145381328,.02351751165425,.351361598207342,stata_areg_centered_student_vce_unadjusted,384,757999
9074,All,stem_enrollment_m1,-.0853674130964362,-.0201400471343062,.0166600873942193,.37926744644619,stata_areg_centered_student_vce_unadjusted,817,757999
9075,All,stem_enrollment_m1,-.0485949576395411,.0166324083225889,.0427703811418459,.360689157280053,stata_areg_centered_student_vce_unadjusted,85,757999
9077,All,stem_enrollment_m1,-.163604754379083,-.0983773884169533,.0245601081484289,.37458527485617,stata_areg_centered_student_vce_unadjusted,270,757999
9078,All,stem_enrollment_m1,-.113142199989068,-.0479148340269377,.0395253218300837,.379782663233309,stata_areg_centered_student_vce_unadjusted,251,757999
9082,All,stem_enrollment_m1,-.0338931758321048,.0313341901300252,.021767413737707,.386513785845249,stata_areg_centered_student_vce_unadjusted,333,757999
9086,All,stem_enrollment_m1,-.153975309732655,-.0887479437705249,.389116797486643,.,stata_areg_centered_student_vce_unadjusted,1,757999
9087,All,stem_enrollment_m1,-.0721216875637434,-.00689432160161335,.031660156451091,.386271735273782,stata_areg_centered_student_vce_unadjusted,208,757999
9088,All,stem_enrollment_m1,-.112757544369957,-.0475301784078272,.0324017252946204,.371087544216436,stata_areg_centered_student_vce_unadjusted,249,757999
9098,All,stem_enrollment_m1,-.250834167455283,-.185606801493153,.108477693733646,.0889356541562291,stata_areg_centered_student_vce_unadjusted,13,757999
9100,All,stem_enrollment_m1,-.102339862847526,-.0371124968853964,.0394201633051815,.402718518220172,stata_areg_centered_student_vce_unadjusted,489,757999
9103,All,stem_enrollment_m1,-.352261695420343,-.287034329458213,.389823791718429,.,stata_areg_centered_student_vce_unadjusted,1,757999
9105,All,stem_enrollment_m1,-.141357837451843,-.076130471489713,.0378010066874776,.276251513081511,stata_areg_centered_student_vce_unadjusted,170,757999
9106,All,stem_enrollment_m1,.00406012522706071,.0692874911891907,.0217010408391834,.434085714496162,stata_areg_centered_student_vce_unadjusted,433,757999
9107,All,stem_enrollment_m1,-.087931579400145,-.0227042134380149,.0606808398365983,.24900787504377,stata_areg_centered_student_vce_unadjusted,42,757999
9111,All,stem_enrollment_m1,-.151308079737085,-.086080713774955,.0526203693392662,.327770210634532,stata_areg_centered_student_vce_unadjusted,66,757999
9117,All,stem_enrollment_m1,-.132980121855217,-.0677527558930869,.0554298409735497,.36149961803528,stata_areg_centered_student_vce_unadjusted,92,757999
9121,All,stem_enrollment_m1,-.169891604321987,-.104664238359857,.0929066051133298,.266950529287219,stata_areg_centered_student_vce_unadjusted,18,757999
9127,All,stem_enrollment_m1,-.128210080670005,-.0629827147078748,.0874719503382757,.307189778476433,stata_areg_centered_student_vce_unadjusted,20,757999
9135,All,stem_enrollment_m1,-.0786487179374145,-.0134213519752845,.0816575281068188,.398162733986936,stata_areg_centered_student_vce_unadjusted,28,757999
9140,All,stem_enrollment_m1,-.14405092882643,-.0788235628642995,.042748891307953,.357647708760078,stata_areg_centered_student_vce_unadjusted,149,757999
9144,All,stem_enrollment_m1,-.342096904131047,-.276869538168917,.388890175835489,.,stata_areg_centered_student_vce_unadjusted,1,757999
9146,All,stem_enrollment_m1,-.11987867016292,-.0546513042007898,.276369656728378,.0620147440961817,stata_areg_centered_student_vce_unadjusted,2,757999
9147,All,stem_enrollment_m1,-.202209364756219,-.136981998794089,.0492227429739527,.320631810652478,stata_areg_centered_student_vce_unadjusted,103,757999
9150,All,stem_enrollment_m1,-.0561926732364595,.00903469272567052,.0356038862899777,.381557790589879,stata_areg_centered_student_vce_unadjusted,173,757999
9151,All,stem_enrollment_m1,-.150930779623213,-.0857034136610833,.0639320963588222,.320027678061095,stata_areg_centered_student_vce_unadjusted,40,757999
9158,All,stem_enrollment_m1,-.0772498824175662,-.0120225164554362,.0300658237586191,.401433193179899,stata_areg_centered_student_vce_unadjusted,319,757999
9159,All,stem_enrollment_m1,-.195286850622206,-.130059484660076,.0274943380983082,.238180068162066,stata_areg_centered_student_vce_unadjusted,211,757999
9164,All,stem_enrollment_m1,-.096451166628636,-.031223800666506,.0200848516695661,.363188349069038,stata_areg_centered_student_vce_unadjusted,474,757999
9168,All,stem_enrollment_m1,-.0702979373925341,-.00507057143040404,.0381876127887518,.383900515849173,stata_areg_centered_student_vce_unadjusted,207,757999
9171,All,stem_enrollment_m1,-.31267535885754,-.24744799289541,.388737446761424,.,stata_areg_centered_student_vce_unadjusted,1,757999
9172,All,stem_enrollment_m1,-.12456542800285,-.0593380620407199,.0641289512351861,.297176907838271,stata_areg_centered_student_vce_unadjusted,47,757999
9177,All,stem_enrollment_m1,-.16063669107696,-.0954093251148301,.0321633715958337,.311795699752549,stata_areg_centered_student_vce_unadjusted,151,757999
9179,All,stem_enrollment_m1,-.182417052288333,-.117189686326203,.0504945989375839,.381246585260346,stata_areg_centered_student_vce_unadjusted,189,757999
9182,All,stem_enrollment_m1,-.0495262769690212,.0157010889931088,.0334509065059959,.382630553113487,stata_areg_centered_student_vce_unadjusted,167,757999
9183,All,stem_enrollment_m1,.585467533120978,.650694899083108,.390425488687315,.,stata_areg_centered_student_vce_unadjusted,1,757999
9184,All,stem_enrollment_m1,-.00048738779817269,.0647399781639573,.0432964190430197,.375218279481295,stata_areg_centered_student_vce_unadjusted,129,757999
9185,All,stem_enrollment_m1,-.128891620048881,-.0636642540867507,.0340515100698777,.443951227865795,stata_areg_centered_student_vce_unadjusted,409,757999
9189,All,stem_enrollment_m1,-.109250179529679,-.0440228135675492,.275210150413626,.275146035812446,stata_areg_centered_student_vce_unadjusted,2,757999
9194,All,stem_enrollment_m1,.0567149187662974,.121942284728427,.0225960599806569,.440467579134554,stata_areg_centered_student_vce_unadjusted,327,757999
9200,All,stem_enrollment_m1,-.151149385869542,-.085922019907412,.0462779167598404,.372344459808066,stata_areg_centered_student_vce_unadjusted,118,757999
9208,All,stem_enrollment_m1,-.0677971388544029,-.00256977289227291,.0421210668749077,.370206077439914,stata_areg_centered_student_vce_unadjusted,140,757999
9209,All,stem_enrollment_m1,-.102625871235393,-.0373985052732631,.0341466131121763,.286968142787812,stata_areg_centered_student_vce_unadjusted,184,757999
9213,All,stem_enrollment_m1,-.0742062674705352,-.00897890150840519,.0480291689494266,.314178097544209,stata_areg_centered_student_vce_unadjusted,90,757999
9216,All,stem_enrollment_m1,-.284747215276727,-.219519849314597,.069317961684186,.337511717861476,stata_areg_centered_student_vce_unadjusted,134,757999
9217,All,stem_enrollment_m1,.0435226756955453,.108750041657675,.0463144123460466,.460031436231686,stata_areg_centered_student_vce_unadjusted,127,757999
9221,All,stem_enrollment_m1,-.144813551340836,-.0795861853787063,.0337497910885815,.346147011800321,stata_areg_centered_student_vce_unadjusted,247,757999
9228,All,stem_enrollment_m1,.0372392120836939,.102466578045824,.0736125811114866,.444553412979675,stata_areg_centered_student_vce_unadjusted,39,757999
9230,All,stem_enrollment_m1,-.112659082828754,-.0474317168666244,.0602266991568981,.33518453606482,stata_areg_centered_student_vce_unadjusted,70,757999
9237,All,stem_enrollment_m1,-.071187418846244,-.00596005288411397,.0860576274269115,.362273440475037,stata_areg_centered_student_vce_unadjusted,288,757999
9239,All,stem_enrollment_m1,-.122497497262064,-.0572701312999338,.0571239261631408,.391789805805963,stata_areg_centered_student_vce_unadjusted,103,757999
9244,All,stem_enrollment_m1,-.0497364075649712,.0154909583971588,.0469617035740928,.397654743230384,stata_areg_centered_student_vce_unadjusted,170,757999
9246,All,stem_enrollment_m1,-.131540813175828,-.0663134472136978,.0420411983054707,.408213271440109,stata_areg_centered_student_vce_unadjusted,259,757999
9249,All,stem_enrollment_m1,.0183526612166201,.0835800271787502,.0649179167246932,.449953332102397,stata_areg_centered_student_vce_unadjusted,190,757999
9250,All,stem_enrollment_m1,-.048627943627735,.016599422334395,.041011145249158,.43585530813013,stata_areg_centered_student_vce_unadjusted,415,757999
9259,All,stem_enrollment_m1,-.090076348584882,-.024848982622752,.0280268882984717,.421755347880056,stata_areg_centered_student_vce_unadjusted,348,757999
9263,All,stem_enrollment_m1,-.135899601921596,-.070672235959466,.0601387780745875,.355189242772365,stata_areg_centered_student_vce_unadjusted,47,757999
9267,All,stem_enrollment_m1,-.0990386560695849,-.0338112901074549,.0277196440419248,.392201880114596,stata_areg_centered_student_vce_unadjusted,401,757999
9270,All,stem_enrollment_m1,-.163795252074224,-.0985678861120945,.0702843459950355,.368746503623427,stata_areg_centered_student_vce_unadjusted,39,757999
9271,All,stem_enrollment_m1,-.0955919217321158,-.0303645557699858,.059564557391673,.44150553327082,stata_areg_centered_student_vce_unadjusted,192,757999
9276,All,stem_enrollment_m1,-.11261884544234,-.0473914794802102,.0527762268576165,.414687929921572,stata_areg_centered_student_vce_unadjusted,175,757999
9277,All,stem_enrollment_m1,-.0884565301553713,-.0232291641932413,.0383935863587387,.437896768552,stata_areg_centered_student_vce_unadjusted,207,757999
9278,All,stem_enrollment_m1,-.0637339155081719,.0014934504539581,.0428936740638571,.411389931751489,stata_areg_centered_student_vce_unadjusted,174,757999
9281,All,stem_enrollment_m1,-.0769949842449905,-.0117676182828605,.0250706381691903,.375228049597004,stata_areg_centered_student_vce_unadjusted,253,757999
9283,All,stem_enrollment_m1,-.079645494273682,-.014418128311552,.036880629419534,.371136076654355,stata_areg_centered_student_vce_unadjusted,123,757999
9285,All,stem_enrollment_m1,-.0645579387524571,.000669427209672904,.0626244613337058,.333412496979705,stata_areg_centered_student_vce_unadjusted,63,757999
9288,All,stem_enrollment_m1,-.145276683622874,-.080049317660744,.0420165487535356,.288826620635434,stata_areg_centered_student_vce_unadjusted,119,757999
9292,All,stem_enrollment_m1,-.09235387613471,-.0271265101725799,.031933120305822,.357590383174943,stata_areg_centered_student_vce_unadjusted,173,757999
9293,All,stem_enrollment_m1,.00026804846834234,.0654954144304724,.061028153917069,.366324800351272,stata_areg_centered_student_vce_unadjusted,58,757999
9294,All,stem_enrollment_m1,-.152728150576345,-.0875007846142148,.0661945069588942,.362590768815098,stata_areg_centered_student_vce_unadjusted,55,757999
9298,All,stem_enrollment_m1,-.110121760568696,-.0448943946065663,.0321060071662376,.335508670338405,stata_areg_centered_student_vce_unadjusted,170,757999
9312,All,stem_enrollment_m1,-.0652608900047942,-.0000335240426641431,.0193803284281914,.393320194279641,stata_areg_centered_student_vce_unadjusted,474,757999
9317,All,stem_enrollment_m1,-.12261481625906,-.0573874502969301,.0447268596508454,.470451495200631,stata_areg_centered_student_vce_unadjusted,325,757999
9318,All,stem_enrollment_m1,-.0925917539732388,-.0273643880111088,.0439361205257402,.3872893399767,stata_areg_centered_student_vce_unadjusted,99,757999
9324,All,stem_enrollment_m1,-.131744194197448,-.0665168282353184,.0586840376283124,.387065178882187,stata_areg_centered_student_vce_unadjusted,76,757999
9328,All,stem_enrollment_m1,-.130558847879488,-.0653314819173577,.0208085621292595,.306977528202034,stata_areg_centered_student_vce_unadjusted,420,757999
9331,All,stem_enrollment_m1,-.0348701305335001,.0303572354286299,.130054114520493,.380071349424446,stata_areg_centered_student_vce_unadjusted,9,757999
9332,All,stem_enrollment_m1,-.0860064671560359,-.0207791011939059,.0355094172291817,.379029806442367,stata_areg_centered_student_vce_unadjusted,172,757999
9334,All,stem_enrollment_m1,-.0609285378012372,.00429882816089282,.390634986498885,.,stata_areg_centered_student_vce_unadjusted,1,757999
9339,All,stem_enrollment_m1,-.116075849727005,-.0508484837648753,.0664814668518649,.298896669288094,stata_areg_centered_student_vce_unadjusted,42,757999
9340,All,stem_enrollment_m1,-.0927920024226234,-.0275646364604934,.0219669155893619,.375468953703951,stata_areg_centered_student_vce_unadjusted,612,757999
9347,All,stem_enrollment_m1,-.106186886762675,-.0409595208005454,.0178476165771973,.36137832858221,stata_areg_centered_student_vce_unadjusted,677,757999
9356,All,stem_enrollment_m1,-.130709370628439,-.0654820046663088,.0292907821786475,.376608705667935,stata_areg_centered_student_vce_unadjusted,486,757999
9362,All,stem_enrollment_m1,-.143929243477323,-.078701877515193,.0332762544570184,.357301157625033,stata_areg_centered_student_vce_unadjusted,255,757999
9369,All,stem_enrollment_m1,-.0864706749925046,-.0212433090303746,.0386161508327339,.40918501157595,stata_areg_centered_student_vce_unadjusted,269,757999
9373,All,stem_enrollment_m1,-.0677684069255173,-.00254104096338725,.0470795732960405,.427816749165033,stata_areg_centered_student_vce_unadjusted,222,757999
9375,All,stem_enrollment_m1,-.125013249139858,-.0597858831777279,.0242406147238112,.341008435667282,stata_areg_centered_student_vce_unadjusted,292,757999
9377,All,stem_enrollment_m1,.0992502820318631,.164477647993993,.0217938273489593,.467850893070547,stata_areg_centered_student_vce_unadjusted,386,757999
9385,All,stem_enrollment_m1,-.0687896800604924,-.0035623140983624,.0323448655414019,.406781683653607,stata_areg_centered_student_vce_unadjusted,266,757999
9396,All,stem_enrollment_m1,-.151979455753539,-.0867520897914092,.0575065911785188,.366962938056571,stata_areg_centered_student_vce_unadjusted,78,757999
9405,All,stem_enrollment_m1,-.0734053686584122,-.00817800269628213,.0318684438498966,.346062840056167,stata_areg_centered_student_vce_unadjusted,161,757999
9406,All,stem_enrollment_m1,-.0826754446773419,-.0174480787152119,.0256860772040412,.458779455388389,stata_areg_centered_student_vce_unadjusted,367,757999
9407,All,stem_enrollment_m1,-.0926291515038128,-.0274017855416828,.0173318218046131,.375191902696636,stata_areg_centered_student_vce_unadjusted,553,757999
9408,All,stem_enrollment_m1,.0306186593540623,.0958460253161924,.0308530373833198,.448598240269919,stata_areg_centered_student_vce_unadjusted,167,757999
9409,All,stem_enrollment_m1,-.110812140236245,-.0455847742741154,.0178148058275199,.19250218476363,stata_areg_centered_student_vce_unadjusted,503,757999
9410,All,stem_enrollment_m1,-.191133498118693,-.125906132156563,.04575329496635,.266430055355336,stata_areg_centered_student_vce_unadjusted,78,757999
9411,All,stem_enrollment_m1,-.0534127700790477,.0118145958830823,.0433620469910048,.376226634906859,stata_areg_centered_student_vce_unadjusted,106,757999
9419,All,stem_enrollment_m1,-.0849333924109433,-.0197060264488133,.0757039000888267,.351121038453933,stata_areg_centered_student_vce_unadjusted,31,757999
9422,All,stem_enrollment_m1,-.127190279572575,-.0619629136104446,.160733410475473,.402160135627715,stata_areg_centered_student_vce_unadjusted,6,757999
9431,All,stem_enrollment_m1,.936793029051939,1.00202039501407,.389723564189069,.,stata_areg_centered_student_vce_unadjusted,1,757999
9457,All,stem_enrollment_m1,-.405550080499641,-.340322714537511,.388572403352224,.,stata_areg_centered_student_vce_unadjusted,1,757999
9460,All,stem_enrollment_m1,-.157617651391892,-.0923902854297617,.0553911546064145,.32294159781923,stata_areg_centered_student_vce_unadjusted,50,757999
9461,All,stem_enrollment_m1,-.0117536491709268,.0534737167912032,.225218443338298,.0922465094208479,stata_areg_centered_student_vce_unadjusted,3,757999
9472,All,stem_enrollment_m1,-.130825310462797,-.0655979445006668,.0131622987551701,.268840022563571,stata_areg_centered_student_vce_unadjusted,961,757999
9474,All,stem_enrollment_m1,-.107918851096173,-.0426914851340428,.0231268714407324,.207777084263486,stata_areg_centered_student_vce_unadjusted,300,757999
9484,All,stem_enrollment_m1,-.0768422580723096,-.0116148921101796,.035537122323137,.281149872167106,stata_areg_centered_student_vce_unadjusted,261,757999
9486,All,stem_enrollment_m1,-.0947942744660025,-.0295669085038725,.039659811858705,.393833438073934,stata_areg_centered_student_vce_unadjusted,183,757999
9487,All,stem_enrollment_m1,.182868020584869,.248095386546999,.0324356878413497,.497525469895835,stata_areg_centered_student_vce_unadjusted,148,757999
9489,All,stem_enrollment_m1,-.123843249554343,-.0586158835922133,.027587255401228,.36855711696462,stata_areg_centered_student_vce_unadjusted,218,757999
9500,All,stem_enrollment_m1,-.155352860972518,-.0901254950103876,.0710432688745657,.354619261663588,stata_areg_centered_student_vce_unadjusted,91,757999
9502,All,stem_enrollment_m1,-.00654642032848629,.0586809456336437,.0494564813925217,.403051803809187,stata_areg_centered_student_vce_unadjusted,139,757999
9504,All,stem_enrollment_m1,-.0919621828707117,-.0267348169085817,.0202966295680907,.384191383840697,stata_areg_centered_student_vce_unadjusted,587,757999
9505,All,stem_enrollment_m1,-.0980087013615639,-.0327813353994339,.0344806188362885,.389025411494445,stata_areg_centered_student_vce_unadjusted,301,757999
9506,All,stem_enrollment_m1,-.223414773031919,-.158187407069789,.195620078051558,.138374868734983,stata_areg_centered_student_vce_unadjusted,4,757999
9509,All,stem_enrollment_m1,-.0143871961619877,.0508401698001424,.0735520456233052,.378159056598741,stata_areg_centered_student_vce_unadjusted,85,757999
9519,All,stem_enrollment_m1,-.0637918879326174,.00143547802951262,.0454267814333494,.409537222854329,stata_areg_centered_student_vce_unadjusted,281,757999
9534,All,stem_enrollment_m1,-.0370342875674803,.0281930783946497,.0268551110290731,.417002209005277,stata_areg_centered_student_vce_unadjusted,364,757999
9547,All,stem_enrollment_m1,-.0937213688892067,-.0284940029270767,.276692354061749,.123218897033335,stata_areg_centered_student_vce_unadjusted,2,757999
9553,All,stem_enrollment_m1,-.0763408833710865,-.0111135174089565,.0515626889699529,.395005223609477,stata_areg_centered_student_vce_unadjusted,121,757999
9564,All,stem_enrollment_m1,-.0786159975757221,-.0133886316135921,.0563353475569463,.418319802030815,stata_areg_centered_student_vce_unadjusted,335,757999
9570,All,stem_enrollment_m1,-.193231958181347,-.128004592219217,.0722760739169379,.404001186699775,stata_areg_centered_student_vce_unadjusted,342,757999
9579,All,stem_enrollment_m1,.0973268047103777,.162554170672508,.0184655832867321,.481603018812129,stata_areg_centered_student_vce_unadjusted,480,757999
9581,All,stem_enrollment_m1,-.0902747337208536,-.0250473677587235,.0203966826067396,.210074986257578,stata_areg_centered_student_vce_unadjusted,378,757999
9582,All,stem_enrollment_m1,-.0993570943692576,-.0341297284071276,.0322629622247927,.358017086301515,stata_areg_centered_student_vce_unadjusted,159,757999
9583,All,stem_enrollment_m1,-.0828105790689295,-.0175832131067994,.0213765269400904,.330910324691394,stata_areg_centered_student_vce_unadjusted,398,757999
9584,All,stem_enrollment_m1,-.0418566971321671,.0233706688299629,.024476586694972,.397302107292822,stata_areg_centered_student_vce_unadjusted,272,757999
9585,All,stem_enrollment_m1,-.181185979269089,-.115958613306959,.113532317338992,.159149299119952,stata_areg_centered_student_vce_unadjusted,12,757999
9586,All,stem_enrollment_m1,-.153748657785797,-.0885212918236672,.0949098083156852,.319952837648677,stata_areg_centered_student_vce_unadjusted,17,757999
9587,All,stem_enrollment_m1,-.145656383949331,-.0804290179872014,.0376136593053506,.302216007073493,stata_areg_centered_student_vce_unadjusted,135,757999
9599,All,stem_enrollment_m1,-.0410032735298524,.0242240924322777,.0385871313455198,.346963704749566,stata_areg_centered_student_vce_unadjusted,124,757999
9601,All,stem_enrollment_m1,-.106199512398735,-.0409721464366046,.0339050838142737,.304035617793486,stata_areg_centered_student_vce_unadjusted,142,757999
9608,All,stem_enrollment_m1,-.126002288665391,-.0607749227032609,.0385054124234781,.314524722371078,stata_areg_centered_student_vce_unadjusted,107,757999
9611,All,stem_enrollment_m1,-.181421839070344,-.116194473108214,.388784303612039,.,stata_areg_centered_student_vce_unadjusted,1,757999
9614,All,stem_enrollment_m1,-.287573557276677,-.222346191314547,.39288117655607,.,stata_areg_centered_student_vce_unadjusted,1,757999
9616,All,stem_enrollment_m1,.0192139079927691,.0844412739548992,.275628432537481,.0649089103655655,stata_areg_centered_student_vce_unadjusted,2,757999
9617,All,stem_enrollment_m1,-.190104152395714,-.124876786433584,.163704132992651,.0888877740909647,stata_areg_centered_student_vce_unadjusted,6,757999
9631,All,stem_enrollment_m1,-.198620274216868,-.133392908254738,.0593165604010191,.17683745180859,stata_areg_centered_student_vce_unadjusted,44,757999
9634,All,stem_enrollment_m1,-.0660739450063035,-.000846579044173526,.0253057613029795,.379911668453197,stata_areg_centered_student_vce_unadjusted,544,757999
9637,All,stem_enrollment_m1,-.108880411011199,-.0436530450490686,.0274660544469742,.381269716907638,stata_areg_centered_student_vce_unadjusted,485,757999
9638,All,stem_enrollment_m1,-.017550874380251,.047676491581879,.0498932585725777,.432251698529559,stata_areg_centered_student_vce_unadjusted,101,757999
9646,All,stem_enrollment_m1,-.115630423419397,-.0504030574572667,.0207033155789239,.371212440937119,stata_areg_centered_student_vce_unadjusted,456,757999
9647,All,stem_enrollment_m1,-.117640050029486,-.0524126840673557,.031428689611817,.400096317879623,stata_areg_centered_student_vce_unadjusted,359,757999
9655,All,stem_enrollment_m1,-.0677807720966095,-.00255340613447945,.0320510460902715,.387501194089977,stata_areg_centered_student_vce_unadjusted,298,757999
9656,All,stem_enrollment_m1,-.0548416060783868,.0103857598837432,.0318399471829144,.38991357005816,stata_areg_centered_student_vce_unadjusted,374,757999
9659,All,stem_enrollment_m1,-.0851845052161298,-.0199571392539998,.0254996931642139,.375711603554419,stata_areg_centered_student_vce_unadjusted,348,757999
9660,All,stem_enrollment_m1,-.0810689160347343,-.0158415500726042,.0250258474315141,.408041204391157,stata_areg_centered_student_vce_unadjusted,384,757999
9665,All,stem_enrollment_m1,-.158198126604342,-.0929707606422122,.0260208689708795,.302564880348384,stata_areg_centered_student_vce_unadjusted,295,757999
9666,All,stem_enrollment_m1,-.0236152123055231,.0416121536566069,.0774331551056744,.375326312272216,stata_areg_centered_student_vce_unadjusted,28,757999
9668,All,stem_enrollment_m1,.0156720450015674,.0808994109636974,.0875642722872275,.357939748305318,stata_areg_centered_student_vce_unadjusted,26,757999
9673,All,stem_enrollment_m1,-.0603952778404472,.00483208812168278,.0373648165700896,.378121907303653,stata_areg_centered_student_vce_unadjusted,156,757999
9684,All,stem_enrollment_m1,-.121429193929326,-.056201827967196,.0394555588548936,.395149859202424,stata_areg_centered_student_vce_unadjusted,249,757999
9686,All,stem_enrollment_m1,-.152483000777444,-.0872556348153143,.0250640820863914,.208652546772467,stata_areg_centered_student_vce_unadjusted,266,757999
9687,All,stem_enrollment_m1,-.136716578931218,-.0714892129690879,.0293817221487449,.290545026781944,stata_areg_centered_student_vce_unadjusted,183,757999
9688,All,stem_enrollment_m1,-.142738608003555,-.0775112420414253,.0269353808075059,.245105765304814,stata_areg_centered_student_vce_unadjusted,222,757999
9690,All,stem_enrollment_m1,-.137911991746891,-.0726846257847606,.0490759774938828,.270945086219498,stata_areg_centered_student_vce_unadjusted,66,757999
9693,All,stem_enrollment_m1,.0486427092735655,.113870075235695,.0153904271424514,.444468086410929,stata_areg_centered_student_vce_unadjusted,707,757999
9694,All,stem_enrollment_m1,-.0705563449228991,-.00532897896076905,.0273126321847534,.378488912470694,stata_areg_centered_student_vce_unadjusted,224,757999
9695,All,stem_enrollment_m1,.0131985537110083,.0784259196731383,.0599415110605975,.410337113420668,stata_areg_centered_student_vce_unadjusted,47,757999
9697,All,stem_enrollment_m1,.013470700082388,.078698066044518,.0439056349536544,.388060831250146,stata_areg_centered_student_vce_unadjusted,86,757999
9698,All,stem_enrollment_m1,-.32823149361192,-.26300412764979,.391862310886421,.,stata_areg_centered_student_vce_unadjusted,1,757999
9699,All,stem_enrollment_m1,.0153798942988959,.0806072602610259,.389731065766834,.,stata_areg_centered_student_vce_unadjusted,1,757999
9701,All,stem_enrollment_m1,-.13190031267441,-.06667294671228,.0564145958331673,.344213978899919,stata_areg_centered_student_vce_unadjusted,60,757999
9709,All,stem_enrollment_m1,-.194372191414364,-.129144825452234,.391188524054499,.,stata_areg_centered_student_vce_unadjusted,1,757999
9713,All,stem_enrollment_m1,-.206506233936139,-.141278867974009,.094683242315209,.108029391588126,stata_areg_centered_student_vce_unadjusted,17,757999
9720,All,stem_enrollment_m1,-.261362513600078,-.196135147637948,.389879757476078,.,stata_areg_centered_student_vce_unadjusted,1,757999
9722,All,stem_enrollment_m1,-.178089293451752,-.112861927489622,.0486427828248034,.344445265804594,stata_areg_centered_student_vce_unadjusted,65,757999
9726,All,stem_enrollment_m1,-.0513913286670886,.0138360372950414,.0447967743987871,.335264105743571,stata_areg_centered_student_vce_unadjusted,82,757999
9738,All,stem_enrollment_m1,-.303762553630599,-.238535187668468,.389702253084118,.,stata_areg_centered_student_vce_unadjusted,1,757999
9747,All,stem_enrollment_m1,-.130610250567095,-.0653828846049654,.0556912264760069,.254051277611643,stata_areg_centered_student_vce_unadjusted,50,757999
9754,All,stem_enrollment_m1,-.123167337570167,-.0579399716080365,.0203667256421956,.342542950364339,stata_areg_centered_student_vce_unadjusted,388,757999
9757,All,stem_enrollment_m1,-.0706331989189165,-.00540583295678652,.0351231026488258,.329217102401481,stata_areg_centered_student_vce_unadjusted,244,757999
9758,All,stem_enrollment_m1,-.0272922475489873,.0379351184131427,.0419012812176546,.404500817114828,stata_areg_centered_student_vce_unadjusted,281,757999
9759,All,stem_enrollment_m1,-.0932606859576383,-.0280333199955083,.0262589968394504,.304560415124813,stata_areg_centered_student_vce_unadjusted,303,757999
9766,All,stem_enrollment_m1,-.0861091219861651,-.0208817560240351,.0647016410539198,.403779979347872,stata_areg_centered_student_vce_unadjusted,156,757999
9767,All,stem_enrollment_m1,-.154909976128853,-.0896826101667235,.0622815649828362,.39520045985065,stata_areg_centered_student_vce_unadjusted,310,757999
9768,All,stem_enrollment_m1,-.0848564316753198,-.0196290657131898,.0327613209294862,.392411993760105,stata_areg_centered_student_vce_unadjusted,418,757999
9771,All,stem_enrollment_m1,-.0697053758685665,-.00447800990643649,.0267492405819762,.383499823688948,stata_areg_centered_student_vce_unadjusted,269,757999
9779,All,stem_enrollment_m1,-.0950227845765135,-.0297954186143835,.01889478281259,.336557230642103,stata_areg_centered_student_vce_unadjusted,467,757999
9780,All,stem_enrollment_m1,-.0513576639408263,.0138697020213037,.0382765585912054,.359303947797405,stata_areg_centered_student_vce_unadjusted,124,757999
9781,All,stem_enrollment_m1,-.0491131278538926,.0161142381082374,.0134774717016346,.355286471662504,stata_areg_centered_student_vce_unadjusted,942,757999
9784,All,stem_enrollment_m1,.104086065615419,.169313431577549,.03463806005642,.465103036611704,stata_areg_centered_student_vce_unadjusted,131,757999
9796,All,stem_enrollment_m1,-.0699155281999053,-.00468816223777525,.0500068876991063,.40939805260759,stata_areg_centered_student_vce_unadjusted,119,757999
9797,All,stem_enrollment_m1,-.0694849449997458,-.0042575790376158,.049860137129569,.403533139452886,stata_areg_centered_student_vce_unadjusted,136,757999
9799,All,stem_enrollment_m1,-.12446685298475,-.0592394870226199,.0256827483796871,.346991347650098,stata_areg_centered_student_vce_unadjusted,480,757999
9800,All,stem_enrollment_m1,-.0457552092346893,.0194721567274408,.0347942697682539,.408101866874565,stata_areg_centered_student_vce_unadjusted,293,757999
9801,All,stem_enrollment_m1,-.108647498396645,-.0434201324345149,.0323785852902638,.356547519907295,stata_areg_centered_student_vce_unadjusted,208,757999
9810,All,stem_enrollment_m1,-.0929127935105784,-.0276854275484483,.0345544607468166,.352102388415789,stata_areg_centered_student_vce_unadjusted,197,757999
9824,All,stem_enrollment_m1,-.0874012077777102,-.0221738418155802,.0306051580696148,.394000034526022,stata_areg_centered_student_vce_unadjusted,257,757999
9827,All,stem_enrollment_m1,-.0324323865045008,.0327949794576292,.0189494984813853,.414179833399305,stata_areg_centered_student_vce_unadjusted,567,757999
9828,All,stem_enrollment_m1,-.0646500323649352,.000577333597194835,.0534362936678754,.343502458143243,stata_areg_centered_student_vce_unadjusted,69,757999
9829,All,stem_enrollment_m1,-.10645568762643,-.0412283216643,.0179548787313463,.292949159055886,stata_areg_centered_student_vce_unadjusted,513,757999
9834,All,stem_enrollment_m1,-.0820255983298992,-.0167982323677691,.0195349513920972,.351819313746299,stata_areg_centered_student_vce_unadjusted,517,757999
9844,All,stem_enrollment_m1,-.18207363570719,-.11684626974506,.0421880077430229,.34739904195666,stata_areg_centered_student_vce_unadjusted,186,757999
9845,All,stem_enrollment_m1,-.0768276190130567,-.0116002530509267,.0360314441934204,.359209423411106,stata_areg_centered_student_vce_unadjusted,247,757999
9852,All,stem_enrollment_m1,-.038914877530655,.026312488431475,.0297621736122066,.394229041924449,stata_areg_centered_student_vce_unadjusted,407,757999
9853,All,stem_enrollment_m1,-.0955747987887195,-.0303474328265894,.0417810230243553,.324124375519366,stata_areg_centered_student_vce_unadjusted,116,757999
9855,All,stem_enrollment_m1,-.0708765376386291,-.00564917167649912,.0671751222359047,.427736934576867,stata_areg_centered_student_vce_unadjusted,65,757999
9860,All,stem_enrollment_m1,.155643555602865,.220870921564995,.0163535551646905,.478611325015771,stata_areg_centered_student_vce_unadjusted,611,757999
9861,All,stem_enrollment_m1,-.0463533214857545,.0188740444763755,.0453957522275869,.409191486679689,stata_areg_centered_student_vce_unadjusted,109,757999
9862,All,stem_enrollment_m1,-.0331988375579729,.0320285284041571,.0225795291524598,.344483058978568,stata_areg_centered_student_vce_unadjusted,339,757999
9863,All,stem_enrollment_m1,-.0251721149215147,.0400552510406154,.0294915117643332,.381959838008244,stata_areg_centered_student_vce_unadjusted,210,757999
9864,All,stem_enrollment_m1,-.0892275868225102,-.0240002208603802,.030896626122599,.332869411113872,stata_areg_centered_student_vce_unadjusted,204,757999
9865,All,stem_enrollment_m1,-.0960923490475947,-.0308649830854647,.0377682090423944,.348838111143468,stata_areg_centered_student_vce_unadjusted,153,757999
9866,All,stem_enrollment_m1,.00443572498808122,.0696630909502113,.0235015381405938,.42181631693034,stata_areg_centered_student_vce_unadjusted,302,757999
9867,All,stem_enrollment_m1,-.082310926728221,-.0170835607660909,.0203206380705203,.367816182749029,stata_areg_centered_student_vce_unadjusted,437,757999
9877,All,stem_enrollment_m1,-.178979616150977,-.113752250188847,.0715185955496366,.141480168758259,stata_areg_centered_student_vce_unadjusted,30,757999
9879,All,stem_enrollment_m1,-.329565782105742,-.264338416143612,.389183663333397,.,stata_areg_centered_student_vce_unadjusted,1,757999
9887,All,stem_enrollment_m1,.00451869982554477,.0697460657876748,.0459657215205008,.407134052046475,stata_areg_centered_student_vce_unadjusted,79,757999
9889,All,stem_enrollment_m1,-.109451045992293,-.0442236800301628,.031637332471407,.288868623122995,stata_areg_centered_student_vce_unadjusted,200,757999
9896,All,stem_enrollment_m1,-.0435733431455504,.0216540228165796,.0259905258625765,.364706612139635,stata_areg_centered_student_vce_unadjusted,238,757999
9897,All,stem_enrollment_m1,-.0227094877320381,.0425178782300919,.0131761630988264,.401575793768032,stata_areg_centered_student_vce_unadjusted,1032,757999
9900,All,stem_enrollment_m1,-.0904369260922063,-.0252095601300763,.0181174147450532,.353267054152059,stata_areg_centered_student_vce_unadjusted,545,757999
9903,All,stem_enrollment_m1,-.0897178103281049,-.0244904443659749,.0280946484629839,.37201083157238,stata_areg_centered_student_vce_unadjusted,337,757999
9905,All,stem_enrollment_m1,-.0353677277404573,.0298596382216727,.0549699733447679,.430211879330997,stata_areg_centered_student_vce_unadjusted,316,757999
9906,All,stem_enrollment_m1,-.0975882191365503,-.0323608531744202,.0259178179169614,.367352553943028,stata_areg_centered_student_vce_unadjusted,295,757999
9907,All,stem_enrollment_m1,-.133550037812345,-.068322671850215,.0322477698168012,.387239155460879,stata_areg_centered_student_vce_unadjusted,267,757999
9909,All,stem_enrollment_m1,-.0948897873770867,-.0296624214149567,.016023021917115,.343345303060047,stata_areg_centered_student_vce_unadjusted,890,757999
9910,All,stem_enrollment_m1,-.134269110747297,-.0690417447851666,.0510141902674184,.373278792442454,stata_areg_centered_student_vce_unadjusted,92,757999
9911,All,stem_enrollment_m1,-.0274889735893842,.0377383923727458,.0321475061157523,.378441178740675,stata_areg_centered_student_vce_unadjusted,295,757999
9912,All,stem_enrollment_m1,-.0139634359764916,.0512639299856384,.0408027705554486,.351243760508972,stata_areg_centered_student_vce_unadjusted,154,757999
9913,All,stem_enrollment_m1,-.0553888257291291,.00983854023300097,.147194262029895,.334402492991122,stata_areg_centered_student_vce_unadjusted,7,757999
9917,All,stem_enrollment_m1,-.119066464865307,-.0538390989031766,.0196566110542087,.33069008313415,stata_areg_centered_student_vce_unadjusted,642,757999
9919,All,stem_enrollment_m1,-.0346658492768306,.0305615166852994,.0502252904576264,.362449914708553,stata_areg_centered_student_vce_unadjusted,144,757999
9924,All,stem_enrollment_m1,-.0454193631333059,.0198080028288241,.0523807752144314,.41986236693683,stata_areg_centered_student_vce_unadjusted,392,757999
9926,All,stem_enrollment_m1,-.108200869682507,-.0429735037203773,.0486512651408139,.370953318219239,stata_areg_centered_student_vce_unadjusted,117,757999
9930,All,stem_enrollment_m1,-.108513566264278,-.0432862003021476,.0483841458134615,.398033777875514,stata_areg_centered_student_vce_unadjusted,119,757999
9937,All,stem_enrollment_m1,-.0400508756344613,.0251764903276688,.0323516886362688,.364578789219735,stata_areg_centered_student_vce_unadjusted,246,757999
9940,All,stem_enrollment_m1,-.0926037564705021,-.0273763905083721,.0376889359297716,.38653216767551,stata_areg_centered_student_vce_unadjusted,318,757999
9942,All,stem_enrollment_m1,-.179516071321475,-.114288705359345,.0687317884693474,.282869266184355,stata_areg_centered_student_vce_unadjusted,41,757999
9945,All,stem_enrollment_m1,-.0518890218780776,.0133383440840524,.0443350731633001,.350850148702329,stata_areg_centered_student_vce_unadjusted,94,757999
9947,All,stem_enrollment_m1,.0798938707329782,.145121236695108,.0310486658864056,.490986751279715,stata_areg_centered_student_vce_unadjusted,572,757999
9950,All,stem_enrollment_m1,-.0953669607782499,-.0301395948161198,.0449311404737014,.368227985983175,stata_areg_centered_student_vce_unadjusted,142,757999
9955,All,stem_enrollment_m1,-.0151902783536805,.0500370876084495,.0403938794332151,.398985311397757,stata_areg_centered_student_vce_unadjusted,118,757999
9957,All,stem_enrollment_m1,.0142853685472863,.0795127345094163,.015149425571416,.464633455188283,stata_areg_centered_student_vce_unadjusted,723,757999
9959,All,stem_enrollment_m1,-.0973358119230377,-.0321084459609077,.0221414011506296,.37640569898112,stata_areg_centered_student_vce_unadjusted,652,757999
9960,All,stem_enrollment_m1,-.168100598454087,-.102873232491957,.0573569452731732,.381496919474854,stata_areg_centered_student_vce_unadjusted,110,757999
9967,All,stem_enrollment_m1,.00105892181538785,.0662862877775179,.0499954798566022,.430639072194567,stata_areg_centered_student_vce_unadjusted,203,757999
9970,All,stem_enrollment_m1,-.064792296241162,.00043506972096799,.0623279168044828,.402947119855169,stata_areg_centered_student_vce_unadjusted,52,757999
9972,All,stem_enrollment_m1,-.108972700221566,-.0437453342594357,.0364792708388481,.349482506226029,stata_areg_centered_student_vce_unadjusted,177,757999
9973,All,stem_enrollment_m1,-.0686843349002194,-.00345696893808933,.0635810083192395,.36936775709359,stata_areg_centered_student_vce_unadjusted,127,757999
9979,All,stem_enrollment_m1,-.0281745465596164,.0370528194025136,.0703118278082554,.385911797119439,stata_areg_centered_student_vce_unadjusted,90,757999
9981,All,stem_enrollment_m1,.110149340899748,.175376706861878,.0196975905670192,.472346028901707,stata_areg_centered_student_vce_unadjusted,420,757999
9982,All,stem_enrollment_m1,-.105549928982626,-.0403225630204957,.0163745570792437,.316651539883339,stata_areg_centered_student_vce_unadjusted,652,757999
9985,All,stem_enrollment_m1,-.128882403792727,-.063655037830597,.0258161288868475,.267368837028801,stata_areg_centered_student_vce_unadjusted,237,757999
9986,All,stem_enrollment_m1,-.0857391505176869,-.0205117845555569,.0331698841850383,.332135617104476,stata_areg_centered_student_vce_unadjusted,144,757999
10023,All,stem_enrollment_m1,-.0411456460637252,.0240817198984048,.0345976745515306,.406237856226843,stata_areg_centered_student_vce_unadjusted,187,757999
10030,All,stem_enrollment_m1,-.0306908436538798,.0345365223082503,.0287874398855624,.436313509135766,stata_areg_centered_student_vce_unadjusted,535,757999
10042,All,stem_enrollment_m1,-.100270926341829,-.0350435603796987,.0428837722159659,.378020085120549,stata_areg_centered_student_vce_unadjusted,339,757999
10044,All,stem_enrollment_m1,.0660059809094725,.131233346871603,.0181204326450506,.455060475400697,stata_areg_centered_student_vce_unadjusted,504,757999
10052,All,stem_enrollment_m1,-.111191127427092,-.0459637614649622,.0247706386125305,.299097139081993,stata_areg_centered_student_vce_unadjusted,263,757999
10058,All,stem_enrollment_m1,-.134413064816352,-.0691856988542218,.03990684545035,.388298434752699,stata_areg_centered_student_vce_unadjusted,148,757999
10069,All,stem_enrollment_m1,-.0920736100396396,-.0268462440775096,.0321819762294665,.382304475611876,stata_areg_centered_student_vce_unadjusted,259,757999
10073,All,stem_enrollment_m1,.0762037047842546,.141431070746385,.0173977113445229,.481469963854839,stata_areg_centered_student_vce_unadjusted,547,757999
10075,All,stem_enrollment_m1,-.10359584071264,-.0383684747505105,.029745401181104,.283740557152772,stata_areg_centered_student_vce_unadjusted,187,757999
10076,All,stem_enrollment_m1,-.107666323126556,-.0424389571644257,.0223538670127965,.282256654069913,stata_areg_centered_student_vce_unadjusted,368,757999
10077,All,stem_enrollment_m1,-.0701546504618506,-.00492728449972055,.0257827470788422,.340671108312941,stata_areg_centered_student_vce_unadjusted,244,757999
10087,All,stem_enrollment_m1,-.184589620906719,-.119362254944589,.274960113818653,.21465521595041,stata_areg_centered_student_vce_unadjusted,2,757999
10088,All,stem_enrollment_m1,.00536621891706664,.0705935848791967,.389321063016539,.,stata_areg_centered_student_vce_unadjusted,1,757999
10091,All,stem_enrollment_m1,-.080912884083044,-.015685518120914,.03837274707362,.354300034374206,stata_areg_centered_student_vce_unadjusted,130,757999
10102,All,stem_enrollment_m1,-.201192001925496,-.135964635963366,.389089244389639,.,stata_areg_centered_student_vce_unadjusted,1,757999
10106,All,stem_enrollment_m1,-.115235604002531,-.0500082380404011,.0381185879979775,.35594589470183,stata_areg_centered_student_vce_unadjusted,136,757999
10120,All,stem_enrollment_m1,-.109372969514286,-.0441456035521563,.0445639980345283,.245222665035798,stata_areg_centered_student_vce_unadjusted,78,757999
10126,All,stem_enrollment_m1,-.0578539993904694,.0073733665716606,.0501667656962641,.335733095662974,stata_areg_centered_student_vce_unadjusted,80,757999
10128,All,stem_enrollment_m1,-.0931458909724123,-.0279185250102823,.0545069549787977,.27814368067469,stata_areg_centered_student_vce_unadjusted,52,757999
10130,All,stem_enrollment_m1,-.00853387287828725,.0566934930838428,.0563150374729755,.355433164646589,stata_areg_centered_student_vce_unadjusted,117,757999
10140,All,stem_enrollment_m1,-.0516905667176793,.0135367992444507,.0615300543629991,.39626900315521,stata_areg_centered_student_vce_unadjusted,93,757999
10158,All,stem_enrollment_m1,.035757037923979,.100984403886109,.0337292080583156,.424080615032417,stata_areg_centered_student_vce_unadjusted,264,757999
10162,All,stem_enrollment_m1,-.14267942802579,-.07745206206366,.0362381516620833,.340009566851841,stata_areg_centered_student_vce_unadjusted,153,757999
10164,All,stem_enrollment_m1,-.0864845001269246,-.0212571341647946,.0406058269324815,.392159418080807,stata_areg_centered_student_vce_unadjusted,145,757999
10187,All,stem_enrollment_m1,-.0771526566972984,-.0119252907351683,.0309696014639453,.329202949584149,stata_areg_centered_student_vce_unadjusted,308,757999
10193,All,stem_enrollment_m1,-.0691397754277988,-.00391240946566877,.0411474557635658,.331917619314898,stata_areg_centered_student_vce_unadjusted,143,757999
10196,All,stem_enrollment_m1,.0894067784992646,.154634144461395,.0164506731822696,.458364586630142,stata_areg_centered_student_vce_unadjusted,728,757999
10199,All,stem_enrollment_m1,-.0756173330401067,-.0103899670779767,.049406136615431,.375336714090707,stata_areg_centered_student_vce_unadjusted,114,757999
10201,All,stem_enrollment_m1,-.119965186533744,-.0547378205716143,.0774022703592055,.22960094699213,stata_areg_centered_student_vce_unadjusted,26,757999
10220,All,stem_enrollment_m1,-.0349361722983961,.0302911936637339,.0345293151933249,.471164664108769,stata_areg_centered_student_vce_unadjusted,222,757999
10223,All,stem_enrollment_m1,-.0821789186607157,-.0169515526985856,.0193161351539287,.361661734491628,stata_areg_centered_student_vce_unadjusted,523,757999
10224,All,stem_enrollment_m1,-.0997785984950781,-.034551232532948,.0330082494974472,.325953936463484,stata_areg_centered_student_vce_unadjusted,278,757999
10232,All,stem_enrollment_m1,-.135390648727102,-.070163282764972,.029816951417681,.292054274591101,stata_areg_centered_student_vce_unadjusted,283,757999
10239,All,stem_enrollment_m1,.000577471080102563,.0658048370422326,.388824796112312,.,stata_areg_centered_student_vce_unadjusted,1,757999
10240,All,stem_enrollment_m1,-.100625429745694,-.0353980637835644,.035010659220592,.32401599609781,stata_areg_centered_student_vce_unadjusted,180,757999
10246,All,stem_enrollment_m1,-.106773065127335,-.0415456991652055,.0326621349638164,.364315679061807,stata_areg_centered_student_vce_unadjusted,526,757999
10248,All,stem_enrollment_m1,-.0510248273465403,.0142025386155897,.0201333316794094,.378021914949133,stata_areg_centered_student_vce_unadjusted,424,757999
10250,All,stem_enrollment_m1,.00087284529017588,.0661002112523059,.0345213675589979,.371640379578776,stata_areg_centered_student_vce_unadjusted,176,757999
10251,All,stem_enrollment_m1,-.0296056910998616,.0356216748622684,.041527531344531,.39205253750973,stata_areg_centered_student_vce_unadjusted,131,757999
10252,All,stem_enrollment_m1,-.0159159544918821,.0493114114702479,.0481791086436122,.368025373436156,stata_areg_centered_student_vce_unadjusted,100,757999
10253,All,stem_enrollment_m1,-.131960984337762,-.066733618375632,.0221430761704299,.34311987815436,stata_areg_centered_student_vce_unadjusted,414,757999
10254,All,stem_enrollment_m1,-.128817525425318,-.0635901594631876,.0369034069952614,.303669030861063,stata_areg_centered_student_vce_unadjusted,124,757999
10255,All,stem_enrollment_m1,-.0959478244536678,-.0307204584915378,.0211779101885267,.242824318231226,stata_areg_centered_student_vce_unadjusted,380,757999
10259,All,stem_enrollment_m1,-.0904129537025953,-.0251855877404653,.0404342143778136,.343685621860909,stata_areg_centered_student_vce_unadjusted,116,757999
10263,All,stem_enrollment_m1,.0281606054281072,.0933879713902372,.389793809198559,.,stata_areg_centered_student_vce_unadjusted,1,757999
10269,All,stem_enrollment_m1,-.121216516499014,-.0559891505368844,.0440363939386758,.305616370765711,stata_areg_centered_student_vce_unadjusted,101,757999
10272,All,stem_enrollment_m1,-.0640079018662161,.00121946409591389,.389929261630723,.,stata_areg_centered_student_vce_unadjusted,1,757999
10313,All,stem_enrollment_m1,-.120274527452746,-.0550471614906162,.0289394871493988,.319261152561262,stata_areg_centered_student_vce_unadjusted,266,757999
10315,All,stem_enrollment_m1,-.0624928954882655,.00273447047386455,.0544416006865956,.40102990800158,stata_areg_centered_student_vce_unadjusted,149,757999
10320,All,stem_enrollment_m1,-.0680941383463668,-.00286677238423678,.0277709299005005,.357691198716942,stata_areg_centered_student_vce_unadjusted,279,757999
10329,All,stem_enrollment_m1,-.132620486556858,-.0673931205947279,.0403412865832148,.344690941759777,stata_areg_centered_student_vce_unadjusted,114,757999
10337,All,stem_enrollment_m1,-.0668650578846095,-.00163769192247944,.0460297602713036,.412066948067105,stata_areg_centered_student_vce_unadjusted,142,757999
10344,All,stem_enrollment_m1,-.0763950688251825,-.0111677028630525,.0355777778563087,.416293944122978,stata_areg_centered_student_vce_unadjusted,268,757999
10350,All,stem_enrollment_m1,-.0694253119550715,-.0041979459929415,.0367115213781245,.329029884223892,stata_areg_centered_student_vce_unadjusted,227,757999
10352,All,stem_enrollment_m1,-.0819714923334189,-.0167441263712889,.0529162968015085,.387801903862812,stata_areg_centered_student_vce_unadjusted,94,757999
10355,All,stem_enrollment_m1,-.124916500049711,-.059689134087581,.0927893377958512,.296403896039922,stata_areg_centered_student_vce_unadjusted,18,757999
10377,All,stem_enrollment_m1,-.109643833719832,-.0444164677577017,.0506987155879347,.325017775073207,stata_areg_centered_student_vce_unadjusted,70,757999
10385,All,stem_enrollment_m1,-.0203030007421841,.0449243652199459,.04247744591229,.411260550872698,stata_areg_centered_student_vce_unadjusted,137,757999
10396,All,stem_enrollment_m1,.0319561066873826,.0971834726495126,.0194577744128017,.439861900587911,stata_areg_centered_student_vce_unadjusted,465,757999
10397,All,stem_enrollment_m1,.0870615678705565,.152288933832687,.0261127756098169,.466841897425689,stata_areg_centered_student_vce_unadjusted,235,757999
10398,All,stem_enrollment_m1,-.166203656238908,-.100976290276778,.388331489274647,.,stata_areg_centered_student_vce_unadjusted,1,757999
10399,All,stem_enrollment_m1,-.0931980696588452,-.0279707036967152,.0180208919492809,.346823612606457,stata_areg_centered_student_vce_unadjusted,818,757999
10400,All,stem_enrollment_m1,-.190116084253269,-.124888718291139,.159677502666922,.103626126500104,stata_areg_centered_student_vce_unadjusted,6,757999
10401,All,stem_enrollment_m1,.00817706346725826,.0734044294293883,.0491654594350944,.458901515738341,stata_areg_centered_student_vce_unadjusted,75,757999
10404,All,stem_enrollment_m1,.736574699208365,.801802065170495,.389876478730434,.,stata_areg_centered_student_vce_unadjusted,1,757999
10405,All,stem_enrollment_m1,-.124696373754037,-.0594690077919074,.025425471876225,.238781686648409,stata_areg_centered_student_vce_unadjusted,335,757999
10408,All,stem_enrollment_m1,-.0135290153864083,.0516983505757218,.0265703720348174,.448819862738718,stata_areg_centered_student_vce_unadjusted,272,757999
10415,All,stem_enrollment_m1,-.0644320642675535,.000795301694576506,.0242542304484608,.40680761212206,stata_areg_centered_student_vce_unadjusted,552,757999
10419,All,stem_enrollment_m1,-.0683816433767476,-.00315427741461759,.0184184022061503,.340578947606568,stata_areg_centered_student_vce_unadjusted,747,757999
10420,All,stem_enrollment_m1,-.1286877216954,-.0634603557332696,.276142286504088,.0684090942276719,stata_areg_centered_student_vce_unadjusted,2,757999
10422,All,stem_enrollment_m1,-.191661613112164,-.126434247150034,.0988174445262987,.146611024987963,stata_areg_centered_student_vce_unadjusted,16,757999
10425,All,stem_enrollment_m1,-.334485908853584,-.269258542891454,.389130681298436,.,stata_areg_centered_student_vce_unadjusted,1,757999
10432,All,stem_enrollment_m1,-.0126147383788541,.0526126275832759,.0364702668130526,.386463640758702,stata_areg_centered_student_vce_unadjusted,292,757999
10433,All,stem_enrollment_m1,.0199717654924195,.0851991314545495,.0438920679987025,.419137286107647,stata_areg_centered_student_vce_unadjusted,137,757999
10450,All,stem_enrollment_m1,-.093860494156357,-.028633128194227,.0237866995147911,.374409039590225,stata_areg_centered_student_vce_unadjusted,426,757999
10452,All,stem_enrollment_m1,-.0388403441010504,.0263870218610796,.0313981151553509,.381898445889385,stata_areg_centered_student_vce_unadjusted,161,757999
10453,All,stem_enrollment_m1,.0679153886275639,.133142754589694,.0196781903401821,.474451394005238,stata_areg_centered_student_vce_unadjusted,430,757999
10455,All,stem_enrollment_m1,-.125117811496474,-.0598904455343438,.0448127398430546,.320252323862697,stata_areg_centered_student_vce_unadjusted,143,757999
10456,All,stem_enrollment_m1,-.109322591480601,-.044095225518471,.0197619511054009,.273060316145431,stata_areg_centered_student_vce_unadjusted,465,757999
10457,All,stem_enrollment_m1,-.132522667137681,-.0672953011755512,.0342298020203042,.324556595682525,stata_areg_centered_student_vce_unadjusted,212,757999
10460,All,stem_enrollment_m1,-.208950676916911,-.143723310954781,.0832711607575734,.107889504600314,stata_areg_centered_student_vce_unadjusted,22,757999
10470,All,stem_enrollment_m1,-.0571810875984637,.00804627836366629,.0219561330166435,.392158055046642,stata_areg_centered_student_vce_unadjusted,450,757999
10479,All,stem_enrollment_m1,-.180315508231585,-.115088142269455,.0465767629456999,.39362907103199,stata_areg_centered_student_vce_unadjusted,149,757999
10482,All,stem_enrollment_m1,-.135264527908333,-.0700371619462034,.0429276555454247,.369763622248024,stata_areg_centered_student_vce_unadjusted,95,757999
10484,All,stem_enrollment_m1,-.125844357763161,-.0606169918010307,.0292177107479904,.352866220342775,stata_areg_centered_student_vce_unadjusted,275,757999
10487,All,stem_enrollment_m1,-.112382762119812,-.0471553961576822,.026619109585322,.400638442258344,stata_areg_centered_student_vce_unadjusted,1003,757999
10489,All,stem_enrollment_m1,-.133186598565484,-.0679592326033536,.035041931815979,.376840849051273,stata_areg_centered_student_vce_unadjusted,274,757999
10491,All,stem_enrollment_m1,-.0783975732753104,-.0131702073131804,.0411055108058675,.317355134238417,stata_areg_centered_student_vce_unadjusted,172,757999
10492,All,stem_enrollment_m1,.00134141301498083,.0665687789771108,.0557492280391464,.410692352688955,stata_areg_centered_student_vce_unadjusted,98,757999
10493,All,stem_enrollment_m1,-.0716248150805728,-.00639744911844277,.0242768567576568,.387199814784488,stata_areg_centered_student_vce_unadjusted,344,757999
10496,All,stem_enrollment_m1,.155506380875979,.220733746838109,.0166794376805251,.488488109583415,stata_areg_centered_student_vce_unadjusted,704,757999
10500,All,stem_enrollment_m1,-.11186154408282,-.0466341781206897,.0277203784144461,.365264632707252,stata_areg_centered_student_vce_unadjusted,289,757999
10501,All,stem_enrollment_m1,-.103204207859616,-.0379768418974862,.0292573879098596,.356466701642519,stata_areg_centered_student_vce_unadjusted,218,757999
10503,All,stem_enrollment_m1,-.0747828658718142,-.00955549990968418,.0331666068051044,.344796106173125,stata_areg_centered_student_vce_unadjusted,266,757999
10505,All,stem_enrollment_m1,-.0714770733233178,-.00624970736118782,.0339602953904606,.397221462635542,stata_areg_centered_student_vce_unadjusted,270,757999
10506,All,stem_enrollment_m1,-.12065202676151,-.05542466079938,.039048168298271,.370132300141961,stata_areg_centered_student_vce_unadjusted,207,757999
10507,All,stem_enrollment_m1,-.0451406220862224,.0200867438759076,.0163840328872324,.316830249173101,stata_areg_centered_student_vce_unadjusted,692,757999
10512,All,stem_enrollment_m1,-.0509831689503117,.0142441970118183,.05771393920078,.414563774555912,stata_areg_centered_student_vce_unadjusted,96,757999
10513,All,stem_enrollment_m1,.0368950991606279,.102122465122758,.0880956184605743,.471718923872873,stata_areg_centered_student_vce_unadjusted,24,757999
10515,All,stem_enrollment_m1,-.0734179133396579,-.00819054737752792,.0470845247095855,.357981704449778,stata_areg_centered_student_vce_unadjusted,99,757999
10516,All,stem_enrollment_m1,-.0784732259134137,-.0132458599512837,.0332867098254521,.351200066703739,stata_areg_centered_student_vce_unadjusted,200,757999
10520,All,stem_enrollment_m1,-.0513488463333578,.0138785196287723,.0410584594840609,.375105000815074,stata_areg_centered_student_vce_unadjusted,163,757999
10526,All,stem_enrollment_m1,-.0808284413193208,-.0156010753571908,.0379808860887073,.375077030380503,stata_areg_centered_student_vce_unadjusted,272,757999
10540,All,stem_enrollment_m1,-.128380715440005,-.0631533494778747,.0602241549374492,.384120355036254,stata_areg_centered_student_vce_unadjusted,148,757999
10541,All,stem_enrollment_m1,-.109534487720974,-.044307121758844,.0139641461827373,.35484242784032,stata_areg_centered_student_vce_unadjusted,989,757999
10542,All,stem_enrollment_m1,-.0660416043360717,-.000814238373941706,.0324760111819207,.389708851034465,stata_areg_centered_student_vce_unadjusted,181,757999
10543,All,stem_enrollment_m1,-.0668067821886488,-.00157941622651873,.0229425525319852,.331904680444961,stata_areg_centered_student_vce_unadjusted,317,757999
10544,All,stem_enrollment_m1,-.127177825433582,-.061950459471452,.0165408684453633,.269442482423754,stata_areg_centered_student_vce_unadjusted,654,757999
10545,All,stem_enrollment_m1,-.00717583761743865,.0580515283446914,.0219659530386929,.455060785823295,stata_areg_centered_student_vce_unadjusted,342,757999
10548,All,stem_enrollment_m1,-.117819800694208,-.0525924347320778,.390353995818172,.,stata_areg_centered_student_vce_unadjusted,1,757999
10551,All,stem_enrollment_m1,-.0882652178686701,-.0230378519065401,.0364576114700006,.340368194399428,stata_areg_centered_student_vce_unadjusted,120,757999
10555,All,stem_enrollment_m1,-.246328536063134,-.181101170101004,.124148545989729,.139664327803427,stata_areg_centered_student_vce_unadjusted,10,757999
10556,All,stem_enrollment_m1,-.0762630011405045,-.0110356351783745,.389420831888956,.,stata_areg_centered_student_vce_unadjusted,1,757999
10565,All,stem_enrollment_m1,-.342706534536035,-.277479168573905,.388637113382391,.,stata_areg_centered_student_vce_unadjusted,1,757999
10569,All,stem_enrollment_m1,-.154656879908944,-.0894295139468143,.0897983771774876,.146191194197792,stata_areg_centered_student_vce_unadjusted,19,757999
10572,All,stem_enrollment_m1,-.126776590672463,-.0615492247103334,.0861577266244942,.211893786466007,stata_areg_centered_student_vce_unadjusted,21,757999
10573,All,stem_enrollment_m1,-.105533360634637,-.0403059946725072,.0395462264824519,.379775116567042,stata_areg_centered_student_vce_unadjusted,104,757999
10576,All,stem_enrollment_m1,-.0671900563562244,-.0019626903940944,.27756270638519,.160009492487443,stata_areg_centered_student_vce_unadjusted,2,757999
10581,All,stem_enrollment_m1,-.0640904141766602,.0011369517854698,.124399733264636,.29031356497074,stata_areg_centered_student_vce_unadjusted,10,757999
10584,All,stem_enrollment_m1,-.111393501626689,-.0461661356645591,.0363500592524787,.286140928805588,stata_areg_centered_student_vce_unadjusted,118,757999
10586,All,stem_enrollment_m1,-.0449392737895673,.0202880921725627,.11903495405152,.394206764170204,stata_areg_centered_student_vce_unadjusted,11,757999
10588,All,stem_enrollment_m1,-.0855484914149389,-.0203211254528088,.0481157700424631,.373327430120122,stata_areg_centered_student_vce_unadjusted,92,757999
10592,All,stem_enrollment_m1,-.00317420936549663,.0620531565966334,.0397630023322991,.399822572206746,stata_areg_centered_student_vce_unadjusted,121,757999
10594,All,stem_enrollment_m1,-.0536399306728713,.0115874352892587,.0550564565007945,.412523116185513,stata_areg_centered_student_vce_unadjusted,109,757999
10600,All,stem_enrollment_m1,-.0467047621902273,.0185226037719028,.0428983106864136,.404100460227459,stata_areg_centered_student_vce_unadjusted,330,757999
10604,All,stem_enrollment_m1,-.0103888763975213,.0548384895646087,.0416273404678317,.40193439230466,stata_areg_centered_student_vce_unadjusted,126,757999
10606,All,stem_enrollment_m1,-.113002077877853,-.0477747119157227,.0556442592760826,.393249213788538,stata_areg_centered_student_vce_unadjusted,109,757999
10607,All,stem_enrollment_m1,-.0622034451681582,.00302392079397187,.0408602797296372,.406995352272535,stata_areg_centered_student_vce_unadjusted,117,757999
10608,All,stem_enrollment_m1,-.103498647885007,-.0382712819228768,.0190126292130049,.386081232787354,stata_areg_centered_student_vce_unadjusted,602,757999
10610,All,stem_enrollment_m1,-.11217424377908,-.0469468778169497,.0422675295930102,.339114778344483,stata_areg_centered_student_vce_unadjusted,252,757999
10611,All,stem_enrollment_m1,-.0447863294822538,.0204410364798763,.039041803823556,.425449716020652,stata_areg_centered_student_vce_unadjusted,294,757999
10615,All,stem_enrollment_m1,-.131867133641809,-.066639767679679,.0652661863609083,.386675621160319,stata_areg_centered_student_vce_unadjusted,62,757999
10618,All,stem_enrollment_m1,-.114199144800239,-.048971778838109,.023227008112656,.397004658739141,stata_areg_centered_student_vce_unadjusted,721,757999
10626,All,stem_enrollment_m1,-.0416088564125291,.0236185095496009,.0470873122698921,.423688111599569,stata_areg_centered_student_vce_unadjusted,113,757999
10628,All,stem_enrollment_m1,-.0135131716555276,.0517141943066025,.0496507782507584,.406258410102798,stata_areg_centered_student_vce_unadjusted,89,757999
10632,All,stem_enrollment_m1,-.11652831422968,-.0513009482675502,.0263126285162478,.332579473850527,stata_areg_centered_student_vce_unadjusted,248,757999
10635,All,stem_enrollment_m1,-.0543658153360135,.0108615506261165,.0357798930299468,.409207935282354,stata_areg_centered_student_vce_unadjusted,292,757999
10638,All,stem_enrollment_m1,-.0977229514743275,-.0324955855121974,.0183263233145189,.32994001697896,stata_areg_centered_student_vce_unadjusted,789,757999
10640,All,stem_enrollment_m1,-.150814454046756,-.0855870880846262,.104224519586991,.233658884961306,stata_areg_centered_student_vce_unadjusted,14,757999
10641,All,stem_enrollment_m1,-.120807434050558,-.0555800680884281,.0363115076999145,.326632697448279,stata_areg_centered_student_vce_unadjusted,169,757999
10642,All,stem_enrollment_m1,-.142596794762741,-.0773694288006112,.028481983345556,.279134936200924,stata_areg_centered_student_vce_unadjusted,223,757999
10645,All,stem_enrollment_m1,-.0937442796003707,-.0285169136382407,.0429985588279026,.326248422377883,stata_areg_centered_student_vce_unadjusted,113,757999
10652,All,stem_enrollment_m1,-.342793115413905,-.277565749451775,.389701731728998,.,stata_areg_centered_student_vce_unadjusted,1,757999
10658,All,stem_enrollment_m1,-.0142333182076454,.0509940477544846,.0198489972384664,.397750076588339,stata_areg_centered_student_vce_unadjusted,1117,757999
10662,All,stem_enrollment_m1,-.0423184762998958,.0229088896622342,.0529991509844878,.380155562819134,stata_areg_centered_student_vce_unadjusted,111,757999
10663,All,stem_enrollment_m1,-.129404591457791,-.0641772254956614,.0216749436910602,.321537050620981,stata_areg_centered_student_vce_unadjusted,582,757999
10666,All,stem_enrollment_m1,.0113754161533826,.0766027821155126,.0310036593933637,.41266310861613,stata_areg_centered_student_vce_unadjusted,269,757999
10667,All,stem_enrollment_m1,-.0649273710636242,.000299994898505865,.0419595080856738,.342216104962135,stata_areg_centered_student_vce_unadjusted,171,757999
10669,All,stem_enrollment_m1,-.0854059430189296,-.0201785770567996,.047108479835618,.361191467842049,stata_areg_centered_student_vce_unadjusted,106,757999
10683,All,stem_enrollment_m1,-.252216042750831,-.186988676788701,.390418209495763,.,stata_areg_centered_student_vce_unadjusted,1,757999
10685,All,stem_enrollment_m1,-.0226938517122529,.0425335142498772,.0487095174565532,.388289304353753,stata_areg_centered_student_vce_unadjusted,275,757999
10686,All,stem_enrollment_m1,-.0999925432123201,-.0347651772501901,.0313996910597199,.36931492471049,stata_areg_centered_student_vce_unadjusted,205,757999
10688,All,stem_enrollment_m1,-.111024037034005,-.0457966710718749,.118092753764131,.38517754802737,stata_areg_centered_student_vce_unadjusted,11,757999
10694,All,stem_enrollment_m1,-.311917183609035,-.246689817646905,.393935830249274,.,stata_areg_centered_student_vce_unadjusted,1,757999
10696,All,stem_enrollment_m1,-.074734821405455,-.00950745544332501,.0226932631793525,.3823558526154,stata_areg_centered_student_vce_unadjusted,468,757999
10697,All,stem_enrollment_m1,-.0741588274553022,-.00893146149317216,.0174706910516216,.368432666643721,stata_areg_centered_student_vce_unadjusted,809,757999
10699,All,stem_enrollment_m1,-.0329526382335396,.0322747277285904,.0381430732151037,.409998486527506,stata_areg_centered_student_vce_unadjusted,167,757999
10702,All,stem_enrollment_m1,-.293263261346753,-.228035895384623,.389225951501376,.,stata_areg_centered_student_vce_unadjusted,1,757999
10710,All,stem_enrollment_m1,-.0887631970627575,-.0235358311006275,.047701563126783,.370548750011522,stata_areg_centered_student_vce_unadjusted,239,757999
10711,All,stem_enrollment_m1,-.130276694754459,-.0650493287923292,.0175763149741554,.33347788891925,stata_areg_centered_student_vce_unadjusted,684,757999
10713,All,stem_enrollment_m1,-.0446931740279459,.0205341919341841,.0353865434484362,.388246473270907,stata_areg_centered_student_vce_unadjusted,242,757999
10715,All,stem_enrollment_m1,-.0747085941798083,-.00948122821767824,.0247729510024556,.406065512122152,stata_areg_centered_student_vce_unadjusted,300,757999
10717,All,stem_enrollment_m1,-.121135449041077,-.0559080830789465,.024203076051422,.194044461066884,stata_areg_centered_student_vce_unadjusted,312,757999
10719,All,stem_enrollment_m1,-.0726377687553226,-.00741040279319262,.0592008511524081,.442510385562087,stata_areg_centered_student_vce_unadjusted,91,757999
10721,All,stem_enrollment_m1,-.132150594984048,-.0669232290219179,.0270031950154866,.347968248581382,stata_areg_centered_student_vce_unadjusted,358,757999
10723,All,stem_enrollment_m1,.0638680524200115,.129095418382142,.0710245216940848,.43247480611433,stata_areg_centered_student_vce_unadjusted,106,757999
10724,All,stem_enrollment_m1,-.124027576305734,-.058800210343604,.0577970751375261,.428836644364456,stata_areg_centered_student_vce_unadjusted,220,757999
10725,All,stem_enrollment_m1,-.0462577641485034,.0189696018136267,.0260269326000203,.37574360088785,stata_areg_centered_student_vce_unadjusted,337,757999
10726,All,stem_enrollment_m1,-.132112744029229,-.0668853780670985,.0326494946725579,.351679918652789,stata_areg_centered_student_vce_unadjusted,224,757999
10727,All,stem_enrollment_m1,-.0922710413320457,-.0270436753699157,.0433198497335433,.307059912451553,stata_areg_centered_student_vce_unadjusted,120,757999
10734,All,stem_enrollment_m1,-.0815557384020419,-.0163283724399119,.0295055343974903,.351609480495372,stata_areg_centered_student_vce_unadjusted,390,757999
10735,All,stem_enrollment_m1,-.0825654155499363,-.0173380495878063,.0399813271887438,.337539121282117,stata_areg_centered_student_vce_unadjusted,120,757999
10737,All,stem_enrollment_m1,-.0281214390435231,.037105926918607,.0571511645374396,.354558401790133,stata_areg_centered_student_vce_unadjusted,54,757999
10746,All,stem_enrollment_m1,-.111551466973093,-.0463241010109635,.030701668357618,.304231267710793,stata_areg_centered_student_vce_unadjusted,183,757999
10749,All,stem_enrollment_m1,-.0306386743046198,.0345886916575102,.0265306712348124,.410324890424134,stata_areg_centered_student_vce_unadjusted,274,757999
10751,All,stem_enrollment_m1,-.151638843447616,-.0864114774854857,.034067242266613,.26870206827606,stata_areg_centered_student_vce_unadjusted,145,757999
10755,All,stem_enrollment_m1,-.0943183916653482,-.0290910257032182,.389445024145963,.,stata_areg_centered_student_vce_unadjusted,1,757999
10757,All,stem_enrollment_m1,-.115989445738428,-.0507620797762982,.032859947298314,.356791752868042,stata_areg_centered_student_vce_unadjusted,209,757999
10772,All,stem_enrollment_m1,-.0232663834747496,.0419609824873804,.0364355800447485,.416780571538236,stata_areg_centered_student_vce_unadjusted,296,757999
10773,All,stem_enrollment_m1,-.0683788738591617,-.00315150789703164,.0196172291377882,.384558691522521,stata_areg_centered_student_vce_unadjusted,616,757999
10777,All,stem_enrollment_m1,-.0569520488323172,.00827531712981278,.0787631167697529,.472556978780731,stata_areg_centered_student_vce_unadjusted,65,757999
10780,All,stem_enrollment_m1,-.0862619493406165,-.0210345833784864,.0179236726927445,.353862579138259,stata_areg_centered_student_vce_unadjusted,957,757999
10781,All,stem_enrollment_m1,-.0282838955855341,.0369434703765959,.0229731119125571,.422800530346218,stata_areg_centered_student_vce_unadjusted,402,757999
10783,All,stem_enrollment_m1,-.0600950695148641,.0051322964472659,.0376921193866732,.366165596279758,stata_areg_centered_student_vce_unadjusted,136,757999
10791,All,stem_enrollment_m1,-.0905921959807375,-.0253648300186075,.105542059697907,.327591207103516,stata_areg_centered_student_vce_unadjusted,14,757999
10792,All,stem_enrollment_m1,-.0547798334103851,.0104475325517449,.0363721020977143,.358644517947948,stata_areg_centered_student_vce_unadjusted,200,757999
10828,All,stem_enrollment_m1,-.051845327460885,.013382038501245,.0375531219095828,.415207987495453,stata_areg_centered_student_vce_unadjusted,319,757999
10829,All,stem_enrollment_m1,-.074051543814533,-.00882417785240298,.0362944933564603,.32482544442115,stata_areg_centered_student_vce_unadjusted,160,757999
10830,All,stem_enrollment_m1,-.122318315909121,-.057090949946991,.0232156967848246,.153151336525256,stata_areg_centered_student_vce_unadjusted,379,757999
10831,All,stem_enrollment_m1,-.0851618901472752,-.0199345241851451,.032372455107138,.376696982318158,stata_areg_centered_student_vce_unadjusted,434,757999
10832,All,stem_enrollment_m1,-.0760008190802798,-.0107734531181497,.0173437733062818,.38697363880999,stata_areg_centered_student_vce_unadjusted,1284,757999
10833,All,stem_enrollment_m1,-.0350119040840712,.0302154618780588,.0322965254289729,.370793117284951,stata_areg_centered_student_vce_unadjusted,279,757999
10834,All,stem_enrollment_m1,-.0348698469792035,.0303575189829265,.0488171134252754,.41403172825485,stata_areg_centered_student_vce_unadjusted,145,757999
10845,All,stem_enrollment_m1,-.032440840996363,.032786524965767,.0249631739455221,.385352704115147,stata_areg_centered_student_vce_unadjusted,651,757999
10851,All,stem_enrollment_m1,-.0201525905358238,.0450747754263063,.0471329264496023,.423233263244583,stata_areg_centered_student_vce_unadjusted,125,757999
10854,All,stem_enrollment_m1,-.0945173952011454,-.0292900292390154,.0354851095691956,.364908906065803,stata_areg_centered_student_vce_unadjusted,234,757999
10865,All,stem_enrollment_m1,-.322586606373688,-.257359240411558,.395221321382899,.,stata_areg_centered_student_vce_unadjusted,1,757999
10873,All,stem_enrollment_m1,-.118239927075459,-.0530125611133293,.0463890421106524,.382287003717566,stata_areg_centered_student_vce_unadjusted,182,757999
10892,All,stem_enrollment_m1,-.0954923705751147,-.0302650046129847,.0262070944358908,.395490042748151,stata_areg_centered_student_vce_unadjusted,750,757999
10900,All,stem_enrollment_m1,-.0934279232963101,-.02820055733418,.0492648431942264,.390609241568152,stata_areg_centered_student_vce_unadjusted,183,757999
10901,All,stem_enrollment_m1,-.130602955429184,-.0653755894670542,.0528063634472128,.40101393704049,stata_areg_centered_student_vce_unadjusted,97,757999
10905,All,stem_enrollment_m1,-.275911606182777,-.210684240220647,.390629901457016,.,stata_areg_centered_student_vce_unadjusted,1,757999
10906,All,stem_enrollment_m1,-.045247231647105,.019980134315025,.0676997274717762,.384126646689463,stata_areg_centered_student_vce_unadjusted,131,757999
10911,All,stem_enrollment_m1,-.00778187211678931,.0574454938453407,.0238187539585318,.40911024956412,stata_areg_centered_student_vce_unadjusted,422,757999
10915,All,stem_enrollment_m1,-.126064204561554,-.0608368385994237,.0330359131755789,.403385344485946,stata_areg_centered_student_vce_unadjusted,411,757999
10917,All,stem_enrollment_m1,-.0410313391907781,.0241960267713519,.0317760620507552,.449200699020987,stata_areg_centered_student_vce_unadjusted,711,757999
10962,All,stem_enrollment_m1,-.0966295025989169,-.0314021366367869,.0374757962875435,.417856455020635,stata_areg_centered_student_vce_unadjusted,378,757999
10967,All,stem_enrollment_m1,.0211897285727704,.0864170945349004,.0236739095241919,.445239858177424,stata_areg_centered_student_vce_unadjusted,414,757999
10968,All,stem_enrollment_m1,.0263926434186558,.0916200093807858,.0212861978934474,.452904199957605,stata_areg_centered_student_vce_unadjusted,469,757999
10970,All,stem_enrollment_m1,-.0393966282126111,.0258307377495189,.0202754215033698,.412045146632984,stata_areg_centered_student_vce_unadjusted,681,757999
11034,All,stem_enrollment_m1,.0202235534434366,.0854509194055666,.0312114215533679,.459864168068082,stata_areg_centered_student_vce_unadjusted,301,757999
11035,All,stem_enrollment_m1,-.104577640157752,-.0393502741956217,.0856973848573886,.410301399455891,stata_areg_centered_student_vce_unadjusted,82,757999
11038,All,stem_enrollment_m1,-.0149781273827463,.0502492385793838,.0399814489609903,.424543338422816,stata_areg_centered_student_vce_unadjusted,232,757999
11103,All,stem_enrollment_m1,-.0671804627875493,-.00195309682541925,.0451823334169872,.428259506566733,stata_areg_centered_student_vce_unadjusted,106,757999
11105,All,stem_enrollment_m1,-.0265268280155351,.0387005379465949,.0342266754015363,.403017312902036,stata_areg_centered_student_vce_unadjusted,285,757999
11106,All,stem_enrollment_m1,-.000215081567747766,.0650122843943823,.0398066057466219,.431379442417781,stata_areg_centered_student_vce_unadjusted,425,757999
11107,All,stem_enrollment_m1,-.0834504835217809,-.0182231175596508,.0412229423446673,.413189865713757,stata_areg_centered_student_vce_unadjusted,114,757999
11110,All,stem_enrollment_m1,-.141042075013024,-.0758147090508942,.110521259528676,.420897792603945,stata_areg_centered_student_vce_unadjusted,21,757999
11111,All,stem_enrollment_m1,-.0169414578613135,.0482859081008166,.0396172595149289,.437331904839998,stata_areg_centered_student_vce_unadjusted,193,757999
11130,All,stem_enrollment_m1,-.110389505215259,-.045162139253129,.0789545082316754,.384281071174451,stata_areg_centered_student_vce_unadjusted,130,757999
11133,All,stem_enrollment_m1,-.108297806818243,-.0430704408561125,.0540107425438453,.380317959002116,stata_areg_centered_student_vce_unadjusted,94,757999
11136,All,stem_enrollment_m1,.0234316191240692,.0886589850861992,.391433368560259,.,stata_areg_centered_student_vce_unadjusted,1,757999
11139,All,stem_enrollment_m1,-.0468992605814362,.0183281053806938,.0256427640401311,.386402335918778,stata_areg_centered_student_vce_unadjusted,320,757999
11144,All,stem_enrollment_m1,-.0943922201877366,-.0291648542256066,.0352254844009377,.384510705368891,stata_areg_centered_student_vce_unadjusted,202,757999
11145,All,stem_enrollment_m1,-.0831380265595842,-.0179106605974542,.0641903416074064,.411341122992374,stata_areg_centered_student_vce_unadjusted,153,757999
11155,All,stem_enrollment_m1,-.0149048324440586,.0503225335180714,.0234090378673812,.426280758148684,stata_areg_centered_student_vce_unadjusted,400,757999
11157,All,stem_enrollment_m1,-.0998115041035433,-.0345841381414133,.0451150279096062,.390665825462105,stata_areg_centered_student_vce_unadjusted,113,757999
11176,All,stem_enrollment_m1,-.0260571845243354,.0391701814377946,.0312757032437518,.455126659456309,stata_areg_centered_student_vce_unadjusted,410,757999
11177,All,stem_enrollment_m1,-.0314981909700945,.0337291749920355,.0385416975551213,.378165488890125,stata_areg_centered_student_vce_unadjusted,254,757999
11199,All,stem_enrollment_m1,-.0250270829757131,.040200282986417,.0437008452797759,.425371912104808,stata_areg_centered_student_vce_unadjusted,175,757999
11201,All,stem_enrollment_m1,-.333168875999071,-.267941510036941,.390666671065638,.,stata_areg_centered_student_vce_unadjusted,1,757999
11209,All,stem_enrollment_m1,-.0820413412789796,-.0168139753168496,.0534616731891564,.439353597442876,stata_areg_centered_student_vce_unadjusted,110,757999
11217,All,stem_enrollment_m1,-.115243413117804,-.0500160471556739,.0550560623767774,.325653873939577,stata_areg_centered_student_vce_unadjusted,67,757999
11237,All,stem_enrollment_m1,-.185476719686862,-.120249353724732,.0987582581947473,.438698141040868,stata_areg_centered_student_vce_unadjusted,50,757999
11240,All,stem_enrollment_m1,-.0803852508157588,-.0151578848536288,.0542206522286162,.427729567090893,stata_areg_centered_student_vce_unadjusted,126,757999
11241,All,stem_enrollment_m1,-.0777668958319329,-.0125395298698029,.138842821946481,.343761337578271,stata_areg_centered_student_vce_unadjusted,8,757999
11246,All,stem_enrollment_m1,-.110132792565906,-.0449054266037759,.0686915698935771,.315816881570195,stata_areg_centered_student_vce_unadjusted,34,757999
11248,All,stem_enrollment_m1,-.0705175900742714,-.00529022411214139,.0704750821443422,.339169254329573,stata_areg_centered_student_vce_unadjusted,57,757999
11256,All,stem_enrollment_m1,-.0901885420767362,-.0249611761146062,.0315795386122478,.407137513197366,stata_areg_centered_student_vce_unadjusted,301,757999
11265,All,stem_enrollment_m1,-.0780079347039564,-.0127805687418264,.0232822830875513,.362784611477312,stata_areg_centered_student_vce_unadjusted,369,757999
11284,All,stem_enrollment_m1,-.0791602501781917,-.0139328842160617,.0323089583093342,.314425446107277,stata_areg_centered_student_vce_unadjusted,159,757999
11286,All,stem_enrollment_m1,-.15615210031934,-.0909247343572098,.0448418782779231,.216775438409845,stata_areg_centered_student_vce_unadjusted,86,757999
11287,All,stem_enrollment_m1,-.154099546442266,-.0888721804801363,.0306423023900289,.290951895789344,stata_areg_centered_student_vce_unadjusted,267,757999
11291,All,stem_enrollment_m1,-.142105929945157,-.0768785639830268,.039587291331759,.393165071152768,stata_areg_centered_student_vce_unadjusted,167,757999
11336,All,stem_enrollment_m1,-.108529315496241,-.043301949534111,.0552496293100984,.370267591094424,stata_areg_centered_student_vce_unadjusted,146,757999
11337,All,stem_enrollment_m1,-.0962165437395982,-.0309891777774682,.0618143761718192,.259745178095107,stata_areg_centered_student_vce_unadjusted,43,757999
11338,All,stem_enrollment_m1,-.253967119421522,-.188739753459392,.389107438890391,.,stata_areg_centered_student_vce_unadjusted,1,757999
11344,All,stem_enrollment_m1,-.0630244728788313,.00220289308329868,.0398199171242518,.359781657768291,stata_areg_centered_student_vce_unadjusted,106,757999
11348,All,stem_enrollment_m1,-.0611132674015995,.00411409856053055,.0378054622339216,.415887939840348,stata_areg_centered_student_vce_unadjusted,206,757999
11397,All,stem_enrollment_m1,-.15323552360605,-.0880081576439204,.0615166387002722,.379398037876546,stata_areg_centered_student_vce_unadjusted,155,757999
11400,All,stem_enrollment_m1,-.151936947370543,-.0867095814084129,.0417172873932226,.303464166339777,stata_areg_centered_student_vce_unadjusted,184,757999
11415,All,stem_enrollment_m1,-.404325176986087,-.339097811023957,.389992145978294,.,stata_areg_centered_student_vce_unadjusted,1,757999
11417,All,stem_enrollment_m1,-.141495522086654,-.076268156124524,.0584341372053087,.290669182015536,stata_areg_centered_student_vce_unadjusted,47,757999
11430,All,stem_enrollment_m1,-.137657559045094,-.0724301930829642,.0589597799604354,.411027329564031,stata_areg_centered_student_vce_unadjusted,315,757999
11465,All,stem_enrollment_m1,-.144061478215834,-.0788341122537042,.28197996214827,.0109152561118311,stata_areg_centered_student_vce_unadjusted,2,757999
11498,All,stem_enrollment_m1,-.0581480339766737,.00707933198545629,.0313843980494284,.327969956297866,stata_areg_centered_student_vce_unadjusted,220,757999
11527,All,stem_enrollment_m1,-.0982509722123804,-.0330236062502504,.0361479197050003,.324559602927538,stata_areg_centered_student_vce_unadjusted,142,757999
11591,All,stem_enrollment_m1,.00102386752357123,.0662512334857012,.0436740397014058,.362878706322755,stata_areg_centered_student_vce_unadjusted,140,757999
11594,All,stem_enrollment_m1,-.0481244943360883,.0171028716260417,.397490492418477,.,stata_areg_centered_student_vce_unadjusted,1,757999
11608,All,stem_enrollment_m1,-.0468830117511109,.0183443542110191,.0306371713842121,.384534780326893,stata_areg_centered_student_vce_unadjusted,466,757999
11678,All,stem_enrollment_m1,-.0207153431165062,.0445120228456238,.0400584234346146,.41457138670967,stata_areg_centered_student_vce_unadjusted,142,757999
11680,All,stem_enrollment_m1,-.0856153367352078,-.0203879707730777,.0553017420053549,.444510797198319,stata_areg_centered_student_vce_unadjusted,152,757999
11681,All,stem_enrollment_m1,-.0953215493306057,-.0300941833684756,.0390583255835625,.415630516118227,stata_areg_centered_student_vce_unadjusted,235,757999
11705,All,stem_enrollment_m1,-.322298346236757,-.257070980274627,.392558327489262,.,stata_areg_centered_student_vce_unadjusted,1,757999
11706,All,stem_enrollment_m1,-.101781920935925,-.0365545549737945,.0353109452487996,.359152690757797,stata_areg_centered_student_vce_unadjusted,176,757999
11709,All,stem_enrollment_m1,.128285958243614,.193513324205744,.0531878554234375,.461476707730334,stata_areg_centered_student_vce_unadjusted,86,757999
11712,All,stem_enrollment_m1,-.0435441091445235,.0216832568176065,.0491218591848289,.397885598669163,stata_areg_centered_student_vce_unadjusted,179,757999
11716,All,stem_enrollment_m1,.0089713584778007,.0741987244399307,.0609231660422039,.40397558794591,stata_areg_centered_student_vce_unadjusted,53,757999
11766,All,stem_enrollment_m1,-.192032935192521,-.126805569230391,.0486760472155581,.197043847583379,stata_areg_centered_student_vce_unadjusted,69,757999
11776,All,stem_enrollment_m1,-.0872272345895116,-.0219998686273816,.0675489723277349,.398853477870304,stata_areg_centered_student_vce_unadjusted,278,757999
11793,All,stem_enrollment_m1,-.16264993642832,-.09742257046619,.13941659885967,.347329643215818,stata_areg_centered_student_vce_unadjusted,8,757999
11797,All,stem_enrollment_m1,.655855567489195,.721082933451325,.389734654842985,.,stata_areg_centered_student_vce_unadjusted,1,757999
11805,All,stem_enrollment_m1,-.101117994569581,-.0358906286074512,.044408272391239,.368034067173931,stata_areg_centered_student_vce_unadjusted,112,757999
11812,All,stem_enrollment_m1,-.129104311951538,-.0638769459894075,.0283608375491926,.330438406541911,stata_areg_centered_student_vce_unadjusted,267,757999
11814,All,stem_enrollment_m1,-.275320234490318,-.210092868528188,.0516883382597656,.180997645991934,stata_areg_centered_student_vce_unadjusted,57,757999
11818,All,stem_enrollment_m1,-.0451751879301825,.0200521780319475,.0336338846876299,.368428065696361,stata_areg_centered_student_vce_unadjusted,184,757999
11831,All,stem_enrollment_m1,.0762746583895668,.141502024351697,.0180426159926444,.468380656929727,stata_areg_centered_student_vce_unadjusted,528,757999
11843,All,stem_enrollment_m1,-.019456500478143,.045770865483987,.0334790089319029,.43106820618665,stata_areg_centered_student_vce_unadjusted,185,757999
11851,All,stem_enrollment_m1,-.109471288763407,-.0442439228012774,.0245321035281829,.366755648711494,stata_areg_centered_student_vce_unadjusted,363,757999
11853,All,stem_enrollment_m1,-.0545166993305916,.0107106666315384,.393911023923614,.,stata_areg_centered_student_vce_unadjusted,1,757999
11867,All,stem_enrollment_m1,-.0782826300181634,-.0130552640560334,.0451102743996779,.39017115143078,stata_areg_centered_student_vce_unadjusted,97,757999
11871,All,stem_enrollment_m1,-.0938388800132688,-.0286115140511388,.0394458691205135,.425646342607509,stata_areg_centered_student_vce_unadjusted,243,757999
11883,All,stem_enrollment_m1,-.101349347448667,-.0361219814865375,.0267023518223847,.353591046905352,stata_areg_centered_student_vce_unadjusted,407,757999
11918,All,stem_enrollment_m1,-.085116702935109,-.019889336972979,.0256644722505848,.371352939782004,stata_areg_centered_student_vce_unadjusted,252,757999
11921,All,stem_enrollment_m1,-.107480225208682,-.0422528592465521,.0592161654667526,.217655920459397,stata_areg_centered_student_vce_unadjusted,44,757999
11931,All,stem_enrollment_m1,-.193412628686343,-.128185262724213,.0414084819281605,.311704789382961,stata_areg_centered_student_vce_unadjusted,121,757999
11936,All,stem_enrollment_m1,-.0778253706481694,-.0125980046860393,.0384969889052201,.408258302050971,stata_areg_centered_student_vce_unadjusted,159,757999
11950,All,stem_enrollment_m1,-.0759016327762677,-.0106742668141377,.0307508786033407,.375115314448383,stata_areg_centered_student_vce_unadjusted,307,757999
11952,All,stem_enrollment_m1,-.0550057009147129,.0102216650474171,.174829916224546,.408893634790416,stata_areg_centered_student_vce_unadjusted,5,757999
11962,All,stem_enrollment_m1,.084891247807557,.150118613769687,.0366941438505982,.454992325022224,stata_areg_centered_student_vce_unadjusted,365,757999
11965,All,stem_enrollment_m1,-.105448732196373,-.0402213662342432,.0469906377338716,.400530384304895,stata_areg_centered_student_vce_unadjusted,237,757999
11968,All,stem_enrollment_m1,-.0636843718840052,.00154299407812479,.0536328127641682,.425089441312642,stata_areg_centered_student_vce_unadjusted,467,757999
11971,All,stem_enrollment_m1,-.0495454240662781,.0156819418958519,.0494565690930102,.428561696664999,stata_areg_centered_student_vce_unadjusted,169,757999
11977,All,stem_enrollment_m1,-.0984322239996595,-.0332048580375295,.0415611429333371,.389874628539687,stata_areg_centered_student_vce_unadjusted,157,757999
11993,All,stem_enrollment_m1,-.0907972113355891,-.0255698453734591,.0449439859052367,.381825832162308,stata_areg_centered_student_vce_unadjusted,101,757999
11994,All,stem_enrollment_m1,-.108367245245348,-.0431398792832175,.0333314911186297,.307714857909046,stata_areg_centered_student_vce_unadjusted,157,757999
12001,All,stem_enrollment_m1,-.0598083481587002,.00541901780342986,.0456544955794252,.351789999597317,stata_areg_centered_student_vce_unadjusted,129,757999
12004,All,stem_enrollment_m1,.0411502657244077,.106377631686538,.042940896536277,.407470954557619,stata_areg_centered_student_vce_unadjusted,162,757999
12005,All,stem_enrollment_m1,.0284054721872445,.0936328381493745,.0209625861410856,.430057488318529,stata_areg_centered_student_vce_unadjusted,649,757999
12006,All,stem_enrollment_m1,-.19936599527564,-.13413862931351,.0687537735220367,.244710443841619,stata_areg_centered_student_vce_unadjusted,35,757999
12015,All,stem_enrollment_m1,-.0853602619931741,-.0201328960310441,.0462694331438275,.408606598100558,stata_areg_centered_student_vce_unadjusted,165,757999
12024,All,stem_enrollment_m1,-.118621000519876,-.0533936345577463,.0630888682010609,.417318674770355,stata_areg_centered_student_vce_unadjusted,149,757999
12025,All,stem_enrollment_m1,-.0613333583987163,.00389400756341374,.0964983022824487,.392482544441258,stata_areg_centered_student_vce_unadjusted,67,757999
12027,All,stem_enrollment_m1,-.0675881039400819,-.00236073797795189,.034049189312202,.370527492681418,stata_areg_centered_student_vce_unadjusted,296,757999
12031,All,stem_enrollment_m1,-.211857981488064,-.146630615525934,.0529811585548116,.355921421124602,stata_areg_centered_student_vce_unadjusted,164,757999
12032,All,stem_enrollment_m1,-.25860712731338,-.19337976135125,.0902132017739349,.392862508136956,stata_areg_centered_student_vce_unadjusted,128,757999
12033,All,stem_enrollment_m1,.136276149598615,.201503515560745,.0200863839118159,.479705234793346,stata_areg_centered_student_vce_unadjusted,655,757999
12036,All,stem_enrollment_m1,-.0268967169465663,.0383306490155637,.0942313416047395,.495614075892458,stata_areg_centered_student_vce_unadjusted,66,757999
12037,All,stem_enrollment_m1,-.0333669720482398,.0318603939138902,.0500337733628129,.365491764179706,stata_areg_centered_student_vce_unadjusted,165,757999
12042,All,stem_enrollment_m1,-.250201593941308,-.184974227979178,.163104077458923,.135160252548727,stata_areg_centered_student_vce_unadjusted,6,757999
12046,All,stem_enrollment_m1,-.0678007801834777,-.00257341422134771,.0617106215030951,.424368045094016,stata_areg_centered_student_vce_unadjusted,117,757999
12050,All,stem_enrollment_m1,-.109270306120927,-.0440429401587973,.0273504794207891,.320702147932128,stata_areg_centered_student_vce_unadjusted,245,757999
12059,All,stem_enrollment_m1,-.136483390960832,-.0712560249987023,.0577851055344906,.243084890018089,stata_areg_centered_student_vce_unadjusted,74,757999
12062,All,stem_enrollment_m1,.138183641660446,.203411007622576,.0171770078662822,.475077244929518,stata_areg_centered_student_vce_unadjusted,815,757999
12063,All,stem_enrollment_m1,-.0146005183916395,.0506268475704905,.0800671428348969,.433388374985473,stata_areg_centered_student_vce_unadjusted,166,757999
12077,All,stem_enrollment_m1,-.0858877385598989,-.0206603725977688,.034035371402164,.394059307628291,stata_areg_centered_student_vce_unadjusted,272,757999
12085,All,stem_enrollment_m1,-.072615967389106,-.00738860142697596,.0575702839816758,.414879002677431,stata_areg_centered_student_vce_unadjusted,111,757999
12086,All,stem_enrollment_m1,-.120975273323645,-.0557479073615151,.0583320167638772,.352631579682348,stata_areg_centered_student_vce_unadjusted,79,757999
12087,All,stem_enrollment_m1,-.0954053077863578,-.0301779418242278,.0465858111707918,.426236404455958,stata_areg_centered_student_vce_unadjusted,305,757999
12090,All,stem_enrollment_m1,-.192583889723492,-.127356523761362,.0707680886411496,.336320093140431,stata_areg_centered_student_vce_unadjusted,45,757999
12094,All,stem_enrollment_m1,-.060876380453931,.00435098550819901,.0425719302350062,.369803182851672,stata_areg_centered_student_vce_unadjusted,219,757999
12111,All,stem_enrollment_m1,-.070467185192151,-.00523981923002097,.0342759754399689,.365455387466238,stata_areg_centered_student_vce_unadjusted,203,757999
12115,All,stem_enrollment_m1,-.0815196726329473,-.0162923066708172,.0268662886305157,.325705694195016,stata_areg_centered_student_vce_unadjusted,244,757999
12117,All,stem_enrollment_m1,-.0235454121115811,.0416819538505489,.0227429346416724,.373461994866797,stata_areg_centered_student_vce_unadjusted,385,757999
12126,All,stem_enrollment_m1,-.341274017835696,-.276046651873566,.390033383425192,.,stata_areg_centered_student_vce_unadjusted,1,757999
12133,All,stem_enrollment_m1,.0690245863325873,.134251952294717,.0603354218028682,.482504603638931,stata_areg_centered_student_vce_unadjusted,82,757999
12146,All,stem_enrollment_m1,-.161845266712099,-.0966179007499693,.0543569103264976,.170377108821198,stata_areg_centered_student_vce_unadjusted,54,757999
12151,All,stem_enrollment_m1,-.00694453625576867,.0582828297063614,.0181089330577413,.40894324813337,stata_areg_centered_student_vce_unadjusted,914,757999
12177,All,stem_enrollment_m1,-.0358006102299521,.029426755732178,.0384312854790056,.422895134383112,stata_areg_centered_student_vce_unadjusted,326,757999
12182,All,stem_enrollment_m1,.0843151957233294,.149542561685459,.140128101168546,.303059534308847,stata_areg_centered_student_vce_unadjusted,8,757999
12183,All,stem_enrollment_m1,-.127987039395679,-.0627596734335485,.0529571313974971,.388278937220274,stata_areg_centered_student_vce_unadjusted,119,757999
12185,All,stem_enrollment_m1,-.0760801887238132,-.0108528227616832,.0585526535468593,.371901291519649,stata_areg_centered_student_vce_unadjusted,61,757999
12192,All,stem_enrollment_m1,-.154548040857766,-.0893206748956361,.0232895724144247,.328923275780224,stata_areg_centered_student_vce_unadjusted,471,757999
12217,All,stem_enrollment_m1,-.0599831343709998,.00524423159113026,.0156871873991766,.367749774596468,stata_areg_centered_student_vce_unadjusted,725,757999
12225,All,stem_enrollment_m1,-.118099402727124,-.0528720367649938,.0429465906500001,.334314492764057,stata_areg_centered_student_vce_unadjusted,238,757999
12241,All,stem_enrollment_m1,-.0840852941571846,-.0188579281950546,.0487770540234454,.358904183695361,stata_areg_centered_student_vce_unadjusted,120,757999
12242,All,stem_enrollment_m1,-.0878987804907899,-.0226714145286599,.0271615380547568,.327472787000877,stata_areg_centered_student_vce_unadjusted,242,757999
12244,All,stem_enrollment_m1,-.0719742444261007,-.00674687846397068,.0304010570166246,.393181865392012,stata_areg_centered_student_vce_unadjusted,458,757999
12251,All,stem_enrollment_m1,.0279687024356153,.0931960683977453,.390625283683825,.,stata_areg_centered_student_vce_unadjusted,1,757999
12258,All,stem_enrollment_m1,-.354403287613802,-.289175921651672,.289501888456849,.0317817150548181,stata_areg_centered_student_vce_unadjusted,2,757999
12260,All,stem_enrollment_m1,-.0583683845046291,.00685898145750091,.0806542855258619,.42568382793896,stata_areg_centered_student_vce_unadjusted,53,757999
12265,All,stem_enrollment_m1,-.109377413226682,-.0441500472645522,.0609025020487881,.432706875410598,stata_areg_centered_student_vce_unadjusted,151,757999
12266,All,stem_enrollment_m1,-.168195148360903,-.102967782398773,.0813241354186799,.314753190992544,stata_areg_centered_student_vce_unadjusted,32,757999
12294,All,stem_enrollment_m1,-.0565367279917872,.00869063797034283,.0615510990266382,.376439853035859,stata_areg_centered_student_vce_unadjusted,42,757999
12295,All,stem_enrollment_m1,.0215599838846091,.0867873498467391,.0497352041226079,.462827482737939,stata_areg_centered_student_vce_unadjusted,159,757999
12301,All,stem_enrollment_m1,-.0982117127063959,-.0329843467442658,.0572893361083764,.396883090042109,stata_areg_centered_student_vce_unadjusted,85,757999
12305,All,stem_enrollment_m1,-.0967957352755547,-.0315683693134247,.0309048749536795,.363902185166636,stata_areg_centered_student_vce_unadjusted,246,757999
12309,All,stem_enrollment_m1,-.110039982044335,-.0448126160822045,.0397565622018324,.341975665724239,stata_areg_centered_student_vce_unadjusted,153,757999
12312,All,stem_enrollment_m1,-.0832113452200657,-.0179839792579357,.0504124869482103,.343227449711096,stata_areg_centered_student_vce_unadjusted,90,757999
12332,All,stem_enrollment_m1,-.0833155615740115,-.0180881956118814,.0342603752839646,.330694606700353,stata_areg_centered_student_vce_unadjusted,198,757999
12336,All,stem_enrollment_m1,.19947807162328,.26470543758541,.0332604871148746,.464769938193447,stata_areg_centered_student_vce_unadjusted,416,757999
12368,All,stem_enrollment_m1,-.11941497269003,-.0541876067278997,.0353166471381235,.303765652762531,stata_areg_centered_student_vce_unadjusted,205,757999
12502,All,stem_enrollment_m1,-.144262167554882,-.0790348015927521,.0478471550926806,.394883413825167,stata_areg_centered_student_vce_unadjusted,105,757999
12504,All,stem_enrollment_m1,-.0291991566683581,.0360282092937719,.0444889886554518,.417953529107294,stata_areg_centered_student_vce_unadjusted,96,757999
12505,All,stem_enrollment_m1,-.109259896671284,-.0440325307091539,.118769764875296,.294857218131791,stata_areg_centered_student_vce_unadjusted,11,757999
12509,All,stem_enrollment_m1,-.030666114960962,.034561251001168,.0411779863499654,.408631027383931,stata_areg_centered_student_vce_unadjusted,238,757999
12515,All,stem_enrollment_m1,-.0160199527855364,.0492074131765936,.0462668795149847,.3746254524463,stata_areg_centered_student_vce_unadjusted,101,757999
12518,All,stem_enrollment_m1,.000775303975330095,.0660026699374601,.0328675160490236,.440367920153844,stata_areg_centered_student_vce_unadjusted,285,757999
12534,All,stem_enrollment_m1,-.0662374666373602,-.00101010067523018,.0249045141137669,.393250570392907,stata_areg_centered_student_vce_unadjusted,511,757999
12547,All,stem_enrollment_m1,-.0963309928901144,-.0311036269279844,.0246998511966038,.382882367603716,stata_areg_centered_student_vce_unadjusted,551,757999
12551,All,stem_enrollment_m1,-.0355352226035102,.0296921433586198,.0370509516283044,.39191347598143,stata_areg_centered_student_vce_unadjusted,297,757999
12566,All,stem_enrollment_m1,.0154400527585192,.0806674187206492,.0273884300896528,.401757695995292,stata_areg_centered_student_vce_unadjusted,450,757999
12573,All,stem_enrollment_m1,-.0393341536095106,.0258932123526195,.0305369218731988,.386598462524238,stata_areg_centered_student_vce_unadjusted,236,757999
12587,All,stem_enrollment_m1,-.146321622855911,-.0810942568937813,.041136111595826,.360520711216818,stata_areg_centered_student_vce_unadjusted,293,757999
12588,All,stem_enrollment_m1,-.135181043742071,-.0699536777799406,.08105564110743,.253298072645667,stata_areg_centered_student_vce_unadjusted,24,757999
12590,All,stem_enrollment_m1,-.104191860657462,-.0389644946953317,.0443161241244112,.382587537527204,stata_areg_centered_student_vce_unadjusted,165,757999
12591,All,stem_enrollment_m1,-.0131286232731432,.0520987426889868,.0329807797217223,.428547523702284,stata_areg_centered_student_vce_unadjusted,334,757999
12594,All,stem_enrollment_m1,-.0443312705799695,.0208960953821606,.0539950215340611,.409090188955149,stata_areg_centered_student_vce_unadjusted,115,757999
12602,All,stem_enrollment_m1,.0128735174017775,.0781008833639076,.0383891764263761,.408256696727666,stata_areg_centered_student_vce_unadjusted,145,757999
12603,All,stem_enrollment_m1,-.095930012967153,-.030702647005023,.0362095629635797,.357837938469397,stata_areg_centered_student_vce_unadjusted,301,757999
12604,All,stem_enrollment_m1,-.113786346502876,-.0485589805407461,.0422860183296667,.392890806424211,stata_areg_centered_student_vce_unadjusted,190,757999
12605,All,stem_enrollment_m1,-.061242590657374,.00398477530475604,.029988806100098,.398577117164132,stata_areg_centered_student_vce_unadjusted,343,757999
12610,All,stem_enrollment_m1,-.0771454084147855,-.0119180424526555,.029281588276577,.340943230830007,stata_areg_centered_student_vce_unadjusted,232,757999
12630,All,stem_enrollment_m1,-.071497950814489,-.00627058485235898,.0365209487049024,.393219797399246,stata_areg_centered_student_vce_unadjusted,174,757999
12631,All,stem_enrollment_m1,.0141077587622804,.0793351247244104,.0307804137175427,.425838347638382,stata_areg_centered_student_vce_unadjusted,469,757999
12632,All,stem_enrollment_m1,-.0258699803425106,.0393573856196195,.0375093673370836,.366843269207068,stata_areg_centered_student_vce_unadjusted,152,757999
12636,All,stem_enrollment_m1,-.133852502365575,-.0686251364034446,.078660075663252,.386101655435537,stata_areg_centered_student_vce_unadjusted,38,757999
12646,All,stem_enrollment_m1,-.0893442864704523,-.0241169205083223,.0655511599975921,.354558089668621,stata_areg_centered_student_vce_unadjusted,38,757999
12649,All,stem_enrollment_m1,-.046547228965902,.018680136996228,.0272479211038836,.399648466543931,stata_areg_centered_student_vce_unadjusted,359,757999
12650,All,stem_enrollment_m1,.0355437872465619,.100771153208692,.0220991022916908,.435047555080175,stata_areg_centered_student_vce_unadjusted,852,757999
12652,All,stem_enrollment_m1,.0399310724871985,.105158438449328,.0287796396898952,.452149785327865,stata_areg_centered_student_vce_unadjusted,386,757999
12655,All,stem_enrollment_m1,.102661140939559,.167888506901689,.0391748110255755,.465166555596278,stata_areg_centered_student_vce_unadjusted,144,757999
12657,All,stem_enrollment_m1,-.110739048370919,-.0455116824087893,.0566331093747882,.387671632421038,stata_areg_centered_student_vce_unadjusted,91,757999
12658,All,stem_enrollment_m1,-.153013220195411,-.0877858542332811,.0758631467721394,.309945096101651,stata_areg_centered_student_vce_unadjusted,30,757999
12667,All,stem_enrollment_m1,-.102644348303939,-.0374169823418091,.0401760328825756,.383141172158624,stata_areg_centered_student_vce_unadjusted,503,757999
12669,All,stem_enrollment_m1,-.0492362709722725,.0159910949898575,.0390926868207456,.432071258657795,stata_areg_centered_student_vce_unadjusted,305,757999
12672,All,stem_enrollment_m1,-.0900859952042662,-.0248586292421362,.0402457871765661,.462269216535617,stata_areg_centered_student_vce_unadjusted,264,757999
12682,All,stem_enrollment_m1,-.150316661235638,-.0850892952735082,.0613711968861144,.349018029604649,stata_areg_centered_student_vce_unadjusted,42,757999
12686,All,stem_enrollment_m1,-.156949702106836,-.0917223361447056,.0284807491511484,.293004669602498,stata_areg_centered_student_vce_unadjusted,270,757999
12711,All,stem_enrollment_m1,.0710497737555955,.136277139717726,.391135091855128,.,stata_areg_centered_student_vce_unadjusted,1,757999
12712,All,stem_enrollment_m1,-.11332299696963,-.0480956310075005,.0423676083418967,.374042269794607,stata_areg_centered_student_vce_unadjusted,177,757999
12713,All,stem_enrollment_m1,-.0818961724781678,-.0166688065160377,.0407056044427202,.399836216836857,stata_areg_centered_student_vce_unadjusted,196,757999
12716,All,stem_enrollment_m1,-.112170409152242,-.0469430431901123,.0250658118529195,.347621731038922,stata_areg_centered_student_vce_unadjusted,479,757999
12719,All,stem_enrollment_m1,-.0759646694394864,-.0107373034773563,.0539474197338277,.336081210214976,stata_areg_centered_student_vce_unadjusted,74,757999
12720,All,stem_enrollment_m1,-.0348190729754269,.0304082929867031,.0446147054936513,.426336650759428,stata_areg_centered_student_vce_unadjusted,124,757999
12726,All,stem_enrollment_m1,-.33486920073836,-.26964183477623,.389653602472696,.,stata_areg_centered_student_vce_unadjusted,1,757999
12730,All,stem_enrollment_m1,-.238654264269029,-.173426898306899,.39301280599266,.,stata_areg_centered_student_vce_unadjusted,1,757999
12741,All,stem_enrollment_m1,.0945805337429394,.159807899705069,.0614809787214946,.400503137911685,stata_areg_centered_student_vce_unadjusted,70,757999
12747,All,stem_enrollment_m1,.00404054828363486,.0692679142457649,.0393034680820416,.455742612420394,stata_areg_centered_student_vce_unadjusted,147,757999
12749,All,stem_enrollment_m1,.00462756195241476,.0698549279145448,.0376789961079119,.422357081009847,stata_areg_centered_student_vce_unadjusted,204,757999
12750,All,stem_enrollment_m1,-.101839753072451,-.0366123871103209,.0747478580031923,.327304899246283,stata_areg_centered_student_vce_unadjusted,28,757999
12758,All,stem_enrollment_m1,-.180233069130061,-.115005703167931,.0628335477367096,.207666739974274,stata_areg_centered_student_vce_unadjusted,40,757999
12759,All,stem_enrollment_m1,-.109196779582113,-.0439694136199827,.11797560779522,.455813998271644,stata_areg_centered_student_vce_unadjusted,31,757999
12762,All,stem_enrollment_m1,-.0541280239167809,.0110993420453491,.0557463435017206,.394420096233092,stata_areg_centered_student_vce_unadjusted,79,757999
12766,All,stem_enrollment_m1,-.228428509490048,-.163201143527918,.0576182178098324,.256944927951487,stata_areg_centered_student_vce_unadjusted,46,757999
12767,All,stem_enrollment_m1,-.194950675846336,-.129723309884206,.0586676948626145,.37543412477408,stata_areg_centered_student_vce_unadjusted,89,757999
12775,All,stem_enrollment_m1,-.118615322002801,-.0533879560406707,.0346912654762689,.377647641563873,stata_areg_centered_student_vce_unadjusted,181,757999
12778,All,stem_enrollment_m1,-.108869817010863,-.0436424510487328,.11786471714097,.366230903523324,stata_areg_centered_student_vce_unadjusted,11,757999
12779,All,stem_enrollment_m1,-.159699754293056,-.0944723883309261,.0537395584641676,.384735379161374,stata_areg_centered_student_vce_unadjusted,73,757999
12781,All,stem_enrollment_m1,-.130291675182892,-.0650643092207621,.0565388641710921,.405130956644701,stata_areg_centered_student_vce_unadjusted,103,757999
12800,All,stem_enrollment_m1,-.0138056319789262,.0514217339832038,.0493583338980858,.423749288986975,stata_areg_centered_student_vce_unadjusted,116,757999
12802,All,stem_enrollment_m1,-.0670259323045556,-.00179856634242562,.0476616380758019,.341601327765897,stata_areg_centered_student_vce_unadjusted,131,757999
12823,All,stem_enrollment_m1,-.0524685769845464,.0127587889775837,.0501875618203817,.41604831076294,stata_areg_centered_student_vce_unadjusted,121,757999
12824,All,stem_enrollment_m1,.0708052594743013,.136032625436431,.43403894127099,.,stata_areg_centered_student_vce_unadjusted,1,757999
12829,All,stem_enrollment_m1,-.187363159589911,-.122135793627781,.0505762994340892,.408827468794803,stata_areg_centered_student_vce_unadjusted,141,757999
12830,All,stem_enrollment_m1,-.0963367445471492,-.0311093785850192,.0191771483581008,.380887356268874,stata_areg_centered_student_vce_unadjusted,593,757999
12832,All,stem_enrollment_m1,-.0544419313951497,.0107854345669803,.0494251019208324,.425534035666369,stata_areg_centered_student_vce_unadjusted,145,757999
12833,All,stem_enrollment_m1,-.0047382174858401,.0604891484762899,.159924293220616,.439802677287949,stata_areg_centered_student_vce_unadjusted,6,757999
12834,All,stem_enrollment_m1,-.0502310129162737,.0149963530458563,.0647807319291209,.415999542651837,stata_areg_centered_student_vce_unadjusted,37,757999
12836,All,stem_enrollment_m1,.03545762737078,.10068499333291,.0396086584802149,.438395041864785,stata_areg_centered_student_vce_unadjusted,178,757999
12837,All,stem_enrollment_m1,-.0564634471232065,.00876391883892347,.0460593529894884,.366538664126959,stata_areg_centered_student_vce_unadjusted,126,757999
12838,All,stem_enrollment_m1,-.143736400104974,-.0785090341428444,.0373556462488284,.389722283556728,stata_areg_centered_student_vce_unadjusted,237,757999
12842,All,stem_enrollment_m1,-.177840187389409,-.112612821427279,.0506856515941145,.421931597739072,stata_areg_centered_student_vce_unadjusted,229,757999
12846,All,stem_enrollment_m1,-.18933450954562,-.12410714358349,.0470808994016666,.40247844489412,stata_areg_centered_student_vce_unadjusted,137,757999
12851,All,stem_enrollment_m1,-.097891011391334,-.032663645429204,.045018093775219,.415088302114104,stata_areg_centered_student_vce_unadjusted,247,757999
12853,All,stem_enrollment_m1,-.0347803919838278,.0304469739783022,.0471874480546239,.440744217234281,stata_areg_centered_student_vce_unadjusted,250,757999
12855,All,stem_enrollment_m1,-.0874633119905231,-.0222359460283931,.0305955909994979,.388606361866175,stata_areg_centered_student_vce_unadjusted,184,757999
12864,All,stem_enrollment_m1,-.0407052337302587,.0245221322318713,.045079776739128,.450231987223615,stata_areg_centered_student_vce_unadjusted,158,757999
12867,All,stem_enrollment_m1,-.24259923032682,-.17737186436469,.0667176587421284,.366447912963943,stata_areg_centered_student_vce_unadjusted,48,757999
12868,All,stem_enrollment_m1,-.00585501051662516,.0593723554455049,.0405927398551533,.436570656221594,stata_areg_centered_student_vce_unadjusted,163,757999
12870,All,stem_enrollment_m1,-.126334108572692,-.061106742610562,.037823838837763,.301767198870523,stata_areg_centered_student_vce_unadjusted,114,757999
12876,All,stem_enrollment_m1,-.138856650525262,-.0736292845631324,.0623426878689737,.396262055114323,stata_areg_centered_student_vce_unadjusted,53,757999
12884,All,stem_enrollment_m1,-.0674326725132787,-.00220530655114867,.050676635755473,.429315776773185,stata_areg_centered_student_vce_unadjusted,152,757999
12885,All,stem_enrollment_m1,-.0324476789073069,.0327796870548231,.0375950406286444,.42923700330022,stata_areg_centered_student_vce_unadjusted,430,757999
12891,All,stem_enrollment_m1,-.0657863341167964,-.000558968154666412,.0305538916760869,.435010804634952,stata_areg_centered_student_vce_unadjusted,325,757999
12935,All,stem_enrollment_m1,-.103802527146708,-.0385751611845778,.0324143270907417,.402199492550114,stata_areg_centered_student_vce_unadjusted,270,757999
12943,All,stem_enrollment_m1,.225142225712716,.290369591674846,.0300816952445977,.460983288358654,stata_areg_centered_student_vce_unadjusted,733,757999
12958,All,stem_enrollment_m1,-.126934139295325,-.061706773333195,.0478700749870884,.403907121339039,stata_areg_centered_student_vce_unadjusted,136,757999
12961,All,stem_enrollment_m1,-.183567847126791,-.118340481164661,.0584065367530024,.34905662202002,stata_areg_centered_student_vce_unadjusted,47,757999
12962,All,stem_enrollment_m1,-.283616895775781,-.218389529813651,.388763845493064,.,stata_areg_centered_student_vce_unadjusted,1,757999
12963,All,stem_enrollment_m1,-.0185367674029562,.0466905985591738,.0344829921947454,.443814888038391,stata_areg_centered_student_vce_unadjusted,384,757999
12966,All,stem_enrollment_m1,-.0664840598647881,-.00125669390265805,.0522289285669539,.426886098490845,stata_areg_centered_student_vce_unadjusted,143,757999
12970,All,stem_enrollment_m1,.0235094595509323,.0887368255130623,.0442993566711598,.423636486750855,stata_areg_centered_student_vce_unadjusted,166,757999
12972,All,stem_enrollment_m1,.0945603013647701,.1597876673269,.159028071787243,.484707042286911,stata_areg_centered_student_vce_unadjusted,6,757999
12974,All,stem_enrollment_m1,-.182172904768503,-.116945538806373,.0829441439656117,.317797885371091,stata_areg_centered_student_vce_unadjusted,24,757999
12977,All,stem_enrollment_m1,-.0296474938030573,.0355798721590727,.0307759726820767,.406173194577317,stata_areg_centered_student_vce_unadjusted,352,757999
12980,All,stem_enrollment_m1,-.0395542793934154,.0256730865687147,.0356743133654639,.434655798926187,stata_areg_centered_student_vce_unadjusted,252,757999
13103,All,stem_enrollment_m1,-.00232305802087432,.0629043079412557,.0536338527993496,.459086320807698,stata_areg_centered_student_vce_unadjusted,114,757999
13112,All,stem_enrollment_m1,-.024212321152209,.041015044809921,.0336612375715473,.425499540770532,stata_areg_centered_student_vce_unadjusted,377,757999
13117,All,stem_enrollment_m1,-.0522115774632842,.0130157884988459,.0547168810738991,.438429873045541,stata_areg_centered_student_vce_unadjusted,194,757999
13118,All,stem_enrollment_m1,-.0914546003370495,-.0262272343749195,.389751584909343,.,stata_areg_centered_student_vce_unadjusted,1,757999
13122,All,stem_enrollment_m1,-.146820757083156,-.081593391121026,.0860045676033111,.285580339319392,stata_areg_centered_student_vce_unadjusted,22,757999
13125,All,stem_enrollment_m1,-.142279759076201,-.0770523931140708,.0660853798473519,.434169149658962,stata_areg_centered_student_vce_unadjusted,103,757999
13145,All,stem_enrollment_m1,.00840159651666524,.0736289624787953,.0215055952877697,.433169928429772,stata_areg_centered_student_vce_unadjusted,732,757999
13146,All,stem_enrollment_m1,.145155380692047,.210382746654177,.0226380639440731,.47567176224209,stata_areg_centered_student_vce_unadjusted,636,757999
13149,All,stem_enrollment_m1,.0211229221659418,.0863502881280718,.0589402474103289,.42717212806885,stata_areg_centered_student_vce_unadjusted,87,757999
13156,All,stem_enrollment_m1,-.0689782960094421,-.00375093004731203,.0256334344484405,.403040942047362,stata_areg_centered_student_vce_unadjusted,346,757999
13168,All,stem_enrollment_m1,.0427420567684181,.107969422730548,.033602788038084,.455861678733362,stata_areg_centered_student_vce_unadjusted,170,757999
13176,All,stem_enrollment_m1,-.117519156798147,-.0522917908360167,.0446105982590674,.335515495088666,stata_areg_centered_student_vce_unadjusted,84,757999
13178,All,stem_enrollment_m1,-.254477726078573,-.189250360116443,.0729145630403345,.417878989677821,stata_areg_centered_student_vce_unadjusted,49,757999
13185,All,stem_enrollment_m1,-.0120273615838363,.0532000043782937,.0298127152641224,.393973815817744,stata_areg_centered_student_vce_unadjusted,439,757999
13186,All,stem_enrollment_m1,-.360081624671499,-.294854258709369,.176878376137637,.130358960820527,stata_areg_centered_student_vce_unadjusted,5,757999
13188,All,stem_enrollment_m1,-.0410830839651506,.0241442819969794,.0403062406055468,.425001284008626,stata_areg_centered_student_vce_unadjusted,195,757999
13190,All,stem_enrollment_m1,-.128843464909301,-.0636160989471714,.0576293888648478,.402175593878614,stata_areg_centered_student_vce_unadjusted,76,757999
13193,All,stem_enrollment_m1,-.0970974625755259,-.0318700966133959,.0856593434961118,.412358946400171,stata_areg_centered_student_vce_unadjusted,23,757999
13202,All,stem_enrollment_m1,-.0317038887607606,.0335234772013694,.0564494698310797,.438469431603376,stata_areg_centered_student_vce_unadjusted,311,757999
13205,All,stem_enrollment_m1,-.174258552412917,-.109031186450787,.0725358472171997,.354154913887442,stata_areg_centered_student_vce_unadjusted,37,757999
13208,All,stem_enrollment_m1,-.116625720188301,-.0513983542261706,.105277218232538,.275839495373663,stata_areg_centered_student_vce_unadjusted,14,757999
13215,All,stem_enrollment_m1,-.224494749209263,-.159267383247133,.389496331716856,.,stata_areg_centered_student_vce_unadjusted,1,757999
13220,All,stem_enrollment_m1,-.0800089689606676,-.0147816029985375,.0240839131890143,.363232263280718,stata_areg_centered_student_vce_unadjusted,306,757999
13300,All,stem_enrollment_m1,-.110115422945242,-.0448880569831121,.057494529137474,.438308720845131,stata_areg_centered_student_vce_unadjusted,148,757999
13305,All,stem_enrollment_m1,-.172685725003526,-.107458359041396,.0536508936065819,.399294123240091,stata_areg_centered_student_vce_unadjusted,78,757999
13313,All,stem_enrollment_m1,-.0669635663554392,-.00173620039330916,.0334472540070169,.440761822727975,stata_areg_centered_student_vce_unadjusted,403,757999
13314,All,stem_enrollment_m1,-.0488061411622595,.0164212247998705,.0404886792159935,.423266116326968,stata_areg_centered_student_vce_unadjusted,233,757999
13319,All,stem_enrollment_m1,-.0977493627986559,-.0325219968365258,.0612846320470846,.426685486008219,stata_areg_centered_student_vce_unadjusted,148,757999
13324,All,stem_enrollment_m1,-.111363496819051,-.0461361308569208,.0463632260464064,.419655605678571,stata_areg_centered_student_vce_unadjusted,219,757999
13330,All,stem_enrollment_m1,-.00952573392820448,.0557016320339255,.0670444761004328,.396595067636366,stata_areg_centered_student_vce_unadjusted,40,757999
13332,All,stem_enrollment_m1,-.0498666368566767,.0153607291054533,.0626702933394672,.420598258292448,stata_areg_centered_student_vce_unadjusted,83,757999
13333,All,stem_enrollment_m1,-.113506884205833,-.0482795182437028,.0420759077198485,.329571987077286,stata_areg_centered_student_vce_unadjusted,96,757999
13341,All,stem_enrollment_m1,-.0307914680334994,.0344358979286306,.0722608253691275,.394289456416396,stata_areg_centered_student_vce_unadjusted,37,757999
13344,All,stem_enrollment_m1,-.0281983305611978,.0370290354009322,.0386498093842208,.415903317227134,stata_areg_centered_student_vce_unadjusted,219,757999
13352,All,stem_enrollment_m1,.0501173160612085,.115344682023338,.0469974172883738,.449026434652756,stata_areg_centered_student_vce_unadjusted,260,757999
13356,All,stem_enrollment_m1,-.0915790708817844,-.0263517049196544,.0444851357711617,.41853463448027,stata_areg_centered_student_vce_unadjusted,261,757999
13360,All,stem_enrollment_m1,-.109484182154856,-.044256816192726,.0361792685661829,.42054470711774,stata_areg_centered_student_vce_unadjusted,187,757999
13361,All,stem_enrollment_m1,-.158598438508791,-.0933710725466607,.0444018367811983,.422085942427192,stata_areg_centered_student_vce_unadjusted,267,757999
13370,All,stem_enrollment_m1,-.0722424754351675,-.00701510947303752,.0447233936008779,.416261946115139,stata_areg_centered_student_vce_unadjusted,116,757999
13372,All,stem_enrollment_m1,-.136571792678755,-.0713444267166251,.0634074973384345,.422115595288805,stata_areg_centered_student_vce_unadjusted,139,757999
13373,All,stem_enrollment_m1,.00177993887949674,.0670073048416268,.0506842321632272,.415630147788727,stata_areg_centered_student_vce_unadjusted,242,757999
13383,All,stem_enrollment_m1,.0363283996202903,.10155576558242,.0528804309605681,.400328534848964,stata_areg_centered_student_vce_unadjusted,111,757999
13384,All,stem_enrollment_m1,-.036812352850118,.028415013112012,.0400815924563157,.431187377507073,stata_areg_centered_student_vce_unadjusted,292,757999
13387,All,stem_enrollment_m1,-.0247531723454683,.0404741936166618,.0475410249467595,.419568006808615,stata_areg_centered_student_vce_unadjusted,176,757999
13388,All,stem_enrollment_m1,-.0523813191079813,.0128460468541487,.0422653514433707,.44158142417097,stata_areg_centered_student_vce_unadjusted,191,757999
13394,All,stem_enrollment_m1,-.00755100385517667,.0576763621069534,.0682538044319937,.398169014842197,stata_areg_centered_student_vce_unadjusted,84,757999
13395,All,stem_enrollment_m1,-.198519133125934,-.133291767163804,.397343944510146,.,stata_areg_centered_student_vce_unadjusted,1,757999
13415,All,stem_enrollment_m1,-.030513027584399,.034714338377731,.0512572306553853,.359902663691073,stata_areg_centered_student_vce_unadjusted,60,757999
13416,All,stem_enrollment_m1,-.202830142359434,-.137602776397304,.0643179898289921,.368484324289267,stata_areg_centered_student_vce_unadjusted,83,757999
13417,All,stem_enrollment_m1,-.0704604815931302,-.00523311563100014,.0634230075634736,.431869441843787,stata_areg_centered_student_vce_unadjusted,107,757999
13420,All,stem_enrollment_m1,-.0948274145874913,-.0296000486253613,.0285869766545001,.393440032787553,stata_areg_centered_student_vce_unadjusted,445,757999
13426,All,stem_enrollment_m1,.0476023593781852,.112829725340315,.056582415649961,.464581212096589,stata_areg_centered_student_vce_unadjusted,61,757999
13427,All,stem_enrollment_m1,-.0469222286150057,.0183051373471243,.0388298574439903,.421472570727512,stata_areg_centered_student_vce_unadjusted,219,757999
13434,All,stem_enrollment_m1,-.0957515126543195,-.0305241466921895,.0440563933438393,.437866227508193,stata_areg_centered_student_vce_unadjusted,221,757999
13437,All,stem_enrollment_m1,-.126857269595468,-.061629903633338,.390041844347132,.,stata_areg_centered_student_vce_unadjusted,1,757999
13439,All,stem_enrollment_m1,-.15126139006389,-.0860340241017595,.0677663571590399,.410539969550238,stata_areg_centered_student_vce_unadjusted,153,757999
13442,All,stem_enrollment_m1,.0323116017539745,.0975389677161046,.0369846208773365,.438340864258078,stata_areg_centered_student_vce_unadjusted,333,757999
13445,All,stem_enrollment_m1,.0345918303102668,.0998191962723968,.0465534344464756,.458462524114547,stata_areg_centered_student_vce_unadjusted,75,757999
13446,All,stem_enrollment_m1,-.0273154763215458,.0379118896405842,.0434578559981064,.426800518093039,stata_areg_centered_student_vce_unadjusted,258,757999
13450,All,stem_enrollment_m1,-.118625049466039,-.0533976835039088,.0412220556137219,.422074800738945,stata_areg_centered_student_vce_unadjusted,230,757999
13461,All,stem_enrollment_m1,-.034620583432768,.030606782529362,.0397584124103563,.397329470626623,stata_areg_centered_student_vce_unadjusted,149,757999
13462,All,stem_enrollment_m1,-.0190018717182286,.0462254942439014,.0585385691453147,.409106938885251,stata_areg_centered_student_vce_unadjusted,75,757999
13475,All,stem_enrollment_m1,-.0483578552711234,.0168695106910067,.034272190769127,.430536789752103,stata_areg_centered_student_vce_unadjusted,227,757999
13486,All,stem_enrollment_m1,-.00320856959340396,.0620187963687261,.0327705723500596,.441298918788759,stata_areg_centered_student_vce_unadjusted,468,757999
13489,All,stem_enrollment_m1,-.115522133071925,-.0502947671097955,.049603802639361,.431807691689835,stata_areg_centered_student_vce_unadjusted,248,757999
13491,All,stem_enrollment_m1,-.085123711236034,-.019896345273904,.033748422493702,.387846684947753,stata_areg_centered_student_vce_unadjusted,244,757999
13503,All,stem_enrollment_m1,-.0507892716738973,.0144380942882327,.0344643659503315,.412424741197546,stata_areg_centered_student_vce_unadjusted,174,757999
13504,All,stem_enrollment_m1,-.0878787410691646,-.0226513751070346,.0425545783295365,.366272338986493,stata_areg_centered_student_vce_unadjusted,160,757999
13513,All,stem_enrollment_m1,-.0816333809509813,-.0164060149888513,.0550656179893162,.381826939457678,stata_areg_centered_student_vce_unadjusted,126,757999
13525,All,stem_enrollment_m1,-.0915055732094655,-.0262782072473354,.110597911293516,.403269450528799,stata_areg_centered_student_vce_unadjusted,13,757999
13527,All,stem_enrollment_m1,-.123351638946905,-.0581242729847748,.0639500082208578,.374145641246293,stata_areg_centered_student_vce_unadjusted,61,757999
13528,All,stem_enrollment_m1,-.185386784421104,-.120159418458974,.0643008404158748,.274957221385709,stata_areg_centered_student_vce_unadjusted,38,757999
13535,All,stem_enrollment_m1,-.0479385718749519,.0172887940871781,.0554108730741524,.418442136368395,stata_areg_centered_student_vce_unadjusted,130,757999
13542,All,stem_enrollment_m1,-.209385037871375,-.144157671909245,.0704349517474376,.421859939658896,stata_areg_centered_student_vce_unadjusted,122,757999
13545,All,stem_enrollment_m1,-.0656250508373694,-.00039768487523939,.0814723302729806,.335335875799065,stata_areg_centered_student_vce_unadjusted,50,757999
13551,All,stem_enrollment_m1,-.0720301583582196,-.00680279239608958,.0364160261899431,.38327606830171,stata_areg_centered_student_vce_unadjusted,199,757999
13552,All,stem_enrollment_m1,-.0741066445867295,-.00887927862459949,.391268459786071,.,stata_areg_centered_student_vce_unadjusted,1,757999
13553,All,stem_enrollment_m1,-.0463184162745719,.0189089496875582,.0408484503905747,.38737889046436,stata_areg_centered_student_vce_unadjusted,101,757999
13558,All,stem_enrollment_m1,-.0337557733765249,.0314715925856051,.0258693531526058,.414609321433017,stata_areg_centered_student_vce_unadjusted,411,757999
13561,All,stem_enrollment_m1,-.0705128957677594,-.00528552980562941,.0311525698783616,.415784065468224,stata_areg_centered_student_vce_unadjusted,329,757999
13565,All,stem_enrollment_m1,-.0541781684393511,.0110491975227789,.0493591185380306,.420859590015611,stata_areg_centered_student_vce_unadjusted,149,757999
13573,All,stem_enrollment_m1,-.0988766922951718,-.0336493263330418,.0510256414854547,.384250779481749,stata_areg_centered_student_vce_unadjusted,154,757999
13574,All,stem_enrollment_m1,.0394775481904081,.104704914152538,.0446993836285342,.44491092503292,stata_areg_centered_student_vce_unadjusted,104,757999
13576,All,stem_enrollment_m1,-.0494000280026745,.0158273379594556,.028290453659044,.352523418412271,stata_areg_centered_student_vce_unadjusted,261,757999
13582,All,stem_enrollment_m1,.0105235356338437,.0757509015959738,.0237949586405881,.433437169779672,stata_areg_centered_student_vce_unadjusted,360,757999
13584,All,stem_enrollment_m1,.0802665958694732,.145493961831603,.0841741002529186,.489800843180176,stata_areg_centered_student_vce_unadjusted,22,757999
13586,All,stem_enrollment_m1,-.0876809974156814,-.0224536314535514,.0356326195370021,.394348975344278,stata_areg_centered_student_vce_unadjusted,235,757999
13590,All,stem_enrollment_m1,-.134900634297876,-.0696732683357464,.0523903117211326,.312961912966553,stata_areg_centered_student_vce_unadjusted,82,757999
13591,All,stem_enrollment_m1,-.0843453857912226,-.0191180198290926,.0455732253985413,.344722510086435,stata_areg_centered_student_vce_unadjusted,84,757999
13592,All,stem_enrollment_m1,-.294736681696069,-.229509315733939,.391111557631164,.,stata_areg_centered_student_vce_unadjusted,1,757999
13604,All,stem_enrollment_m1,-.0248422724097011,.0403850935524289,.0503550726898304,.445332016296973,stata_areg_centered_student_vce_unadjusted,128,757999
13606,All,stem_enrollment_m1,-.0944932732654493,-.0292659073033193,.0364650540344343,.367254541237646,stata_areg_centered_student_vce_unadjusted,259,757999
13610,All,stem_enrollment_m1,-.131686318199203,-.066458952237073,.0599332794550381,.356023146278663,stata_areg_centered_student_vce_unadjusted,62,757999
13611,All,stem_enrollment_m1,-.170191822566705,-.104964456604575,.0935692172087156,.338449744588781,stata_areg_centered_student_vce_unadjusted,19,757999
13612,All,stem_enrollment_m1,.0730993110303573,.138326676992487,.147490125640275,.471431128654152,stata_areg_centered_student_vce_unadjusted,7,757999
13621,All,stem_enrollment_m1,-.0170191681054347,.0482081978566954,.0461997819738262,.439611077053531,stata_areg_centered_student_vce_unadjusted,106,757999
13626,All,stem_enrollment_m1,-.0439093613139806,.0213180046481495,.0502048362727575,.387990006643696,stata_areg_centered_student_vce_unadjusted,67,757999
13627,All,stem_enrollment_m1,.0263055580240799,.0915329239862099,.0601577712001812,.441648702560225,stata_areg_centered_student_vce_unadjusted,112,757999
13633,All,stem_enrollment_m1,-.0665332058508446,-.00130583988871454,.0518324467591635,.423749366794054,stata_areg_centered_student_vce_unadjusted,130,757999
14201,All,stem_enrollment_m1,-.00109657043530987,.0641307955268201,.388813378596241,.,stata_areg_centered_student_vce_unadjusted,1,757999
14202,All,stem_enrollment_m1,.0102667248540427,.0754940908161727,.0455655979484006,.388231742639125,stata_areg_centered_student_vce_unadjusted,138,757999
14206,All,stem_enrollment_m1,-.119290974017914,-.0540636080557838,.050893976518396,.297449783388449,stata_areg_centered_student_vce_unadjusted,65,757999
14208,All,stem_enrollment_m1,-.103359525422964,-.0381321594608335,.046044318225046,.270278427247342,stata_areg_centered_student_vce_unadjusted,81,757999
14210,All,stem_enrollment_m1,-.0572922950046258,.00793507095750422,.0279594516309057,.384097290974763,stata_areg_centered_student_vce_unadjusted,395,757999
14211,All,stem_enrollment_m1,-.0386796155190502,.0265477504430798,.0469087668510923,.434565348149061,stata_areg_centered_student_vce_unadjusted,137,757999
14217,All,stem_enrollment_m1,.131225400092548,.196452766054678,.0630407550618446,.419642767688065,stata_areg_centered_student_vce_unadjusted,103,757999
14225,All,stem_enrollment_m1,-.212963089184063,-.147735723221933,.0856520018441739,.11218972565153,stata_areg_centered_student_vce_unadjusted,21,757999
14232,All,stem_enrollment_m1,-.00520399156189926,.0600233744002308,.0366589522747597,.388056630090161,stata_areg_centered_student_vce_unadjusted,153,757999
14233,All,stem_enrollment_m1,-.0619944367105325,.00323292925159756,.0576512983796811,.408797478162429,stata_areg_centered_student_vce_unadjusted,78,757999
14237,All,stem_enrollment_m1,-.119747668433,-.0545203024708696,.0591553121313899,.397030858127529,stata_areg_centered_student_vce_unadjusted,76,757999
14249,All,stem_enrollment_m1,-.123889205268222,-.0586618393060915,.0883981750075621,.341919501535734,stata_areg_centered_student_vce_unadjusted,81,757999
14260,All,stem_enrollment_m1,-.052592169048997,.012635196913133,.060804997576122,.414772707662247,stata_areg_centered_student_vce_unadjusted,67,757999
14265,All,stem_enrollment_m1,-.0925713620827531,-.0273439961206231,.0477076017316401,.389063092264476,stata_areg_centered_student_vce_unadjusted,89,757999
14266,All,stem_enrollment_m1,-.159360131358384,-.0941327653962538,.0561008600215192,.338917904663094,stata_areg_centered_student_vce_unadjusted,71,757999
14270,All,stem_enrollment_m1,-.0205950447731586,.0446323211889714,.0631229104432318,.409316636921326,stata_areg_centered_student_vce_unadjusted,120,757999
14280,All,stem_enrollment_m1,-.0120976862874774,.0531296796746526,.0675099635804366,.441242351067665,stata_areg_centered_student_vce_unadjusted,166,757999
14284,All,stem_enrollment_m1,-.0231348726893974,.0420924932727326,.0233973556050902,.390497004744839,stata_areg_centered_student_vce_unadjusted,329,757999
14288,All,stem_enrollment_m1,.00700825866118689,.0722356246233169,.0596046964947346,.392702860160248,stata_areg_centered_student_vce_unadjusted,147,757999
14292,All,stem_enrollment_m1,-.124763443613668,-.0595360776515382,.147579043545592,.359170661580893,stata_areg_centered_student_vce_unadjusted,7,757999
14299,All,stem_enrollment_m1,-.105223534848507,-.0399961688863773,.0447999416212515,.43215450163108,stata_areg_centered_student_vce_unadjusted,143,757999
14300,All,stem_enrollment_m1,-.155719683832503,-.0904923178703726,.39013433801748,.,stata_areg_centered_student_vce_unadjusted,1,757999
14307,All,stem_enrollment_m1,-.0825884955711737,-.0173611296090436,.0781831266658898,.317108175004834,stata_areg_centered_student_vce_unadjusted,26,757999
14313,All,stem_enrollment_m1,.0561970144298945,.121424380392025,.0569268974270566,.441000456470584,stata_areg_centered_student_vce_unadjusted,153,757999
14314,All,stem_enrollment_m1,-.0833107881768281,-.018083422214698,.05856388647207,.426282133721872,stata_areg_centered_student_vce_unadjusted,100,757999
14315,All,stem_enrollment_m1,-.0211992530245245,.0440281129376055,.0651032897091692,.435292116710405,stata_areg_centered_student_vce_unadjusted,57,757999
14316,All,stem_enrollment_m1,-.0503859912298074,.0148413747323226,.0563927366143069,.400171778224743,stata_areg_centered_student_vce_unadjusted,93,757999
14324,All,stem_enrollment_m1,-.078148040097275,-.012920674135145,.0960599123365349,.373378059069703,stata_areg_centered_student_vce_unadjusted,18,757999
14332,All,stem_enrollment_m1,.145412656999643,.210640022961773,.0893371556209137,.430025278548066,stata_areg_centered_student_vce_unadjusted,66,757999
14334,All,stem_enrollment_m1,-.0852206922772826,-.0199933263151526,.0362720908826725,.437315523082936,stata_areg_centered_student_vce_unadjusted,300,757999
14336,All,stem_enrollment_m1,-.133052052415139,-.0678246864530086,.0397801995442272,.284068898602788,stata_areg_centered_student_vce_unadjusted,103,757999
14348,All,stem_enrollment_m1,-.0532861020352911,.0119412639268389,.0424902556449402,.369630506886789,stata_areg_centered_student_vce_unadjusted,285,757999
14359,All,stem_enrollment_m1,-.0744874443243364,-.00926007836220642,.0270585219023197,.424083104469977,stata_areg_centered_student_vce_unadjusted,557,757999
14363,All,stem_enrollment_m1,-.0255333589496399,.0396940070124901,.0260551128261384,.413617632087006,stata_areg_centered_student_vce_unadjusted,457,757999
14365,All,stem_enrollment_m1,-.0890787981827856,-.0238514322206555,.0491450767186187,.36540101978966,stata_areg_centered_student_vce_unadjusted,81,757999
14373,All,stem_enrollment_m1,-.0429645575932778,.0222628083688522,.0470887359907026,.364116225237262,stata_areg_centered_student_vce_unadjusted,98,757999
14375,All,stem_enrollment_m1,-.080614721220963,-.015387355258833,.033006136810568,.377230200564566,stata_areg_centered_student_vce_unadjusted,211,757999
14379,All,stem_enrollment_m1,-.134987939027016,-.0697605730648864,.0581606236032295,.405841918777333,stata_areg_centered_student_vce_unadjusted,134,757999
14380,All,stem_enrollment_m1,.0864192082861716,.151646574248302,.123688777179198,.538913412596515,stata_areg_centered_student_vce_unadjusted,11,757999
14381,All,stem_enrollment_m1,-.0931572210367744,-.0279298550746444,.0709897378177387,.41618086599443,stata_areg_centered_student_vce_unadjusted,86,757999
14387,All,stem_enrollment_m1,-.0554929820255627,.00973438393656731,.0510422983165356,.400773818497192,stata_areg_centered_student_vce_unadjusted,76,757999
14389,All,stem_enrollment_m1,-.0673085180218304,-.00208115205970033,.0460124519333466,.31507176299042,stata_areg_centered_student_vce_unadjusted,75,757999
14397,All,stem_enrollment_m1,-.0258914397438534,.0393359262182767,.0542443221605346,.408149149330394,stata_areg_centered_student_vce_unadjusted,67,757999
14400,All,stem_enrollment_m1,-.19743244532437,-.13220507936224,.160074605292147,.121544864770048,stata_areg_centered_student_vce_unadjusted,6,757999
14413,All,stem_enrollment_m1,-.00769432743722547,.0575330385249046,.0580125550679782,.421559133100281,stata_areg_centered_student_vce_unadjusted,161,757999
14416,All,stem_enrollment_m1,-.0674423884312137,-.00221502246908371,.0446590913502475,.428051346840919,stata_areg_centered_student_vce_unadjusted,323,757999
14417,All,stem_enrollment_m1,-.116683634310823,-.0514562683486928,.0774036255103996,.22481408723195,stata_areg_centered_student_vce_unadjusted,26,757999
14418,All,stem_enrollment_m1,-.157571094055964,-.0923437280938344,.0630903286302677,.302640187021871,stata_areg_centered_student_vce_unadjusted,50,757999
14420,All,stem_enrollment_m1,-.0254443676769276,.0397829982852025,.0744483243229257,.419518410285252,stata_areg_centered_student_vce_unadjusted,86,757999
14421,All,stem_enrollment_m1,-.0805016625913301,-.0152742966292001,.0516588531427293,.256893946985454,stata_areg_centered_student_vce_unadjusted,59,757999
14428,All,stem_enrollment_m1,-.120423226555954,-.0551958605938237,.0722861491031343,.352192146985692,stata_areg_centered_student_vce_unadjusted,32,757999
14439,All,stem_enrollment_m1,-.0696602883142598,-.00443292235212979,.123533199549452,.417344376395552,stata_areg_centered_student_vce_unadjusted,10,757999
14453,All,stem_enrollment_m1,-.0231168697120382,.0421104962500918,.058722570258578,.432203249230541,stata_areg_centered_student_vce_unadjusted,60,757999
14454,All,stem_enrollment_m1,-.119451363750709,-.054223997788579,.0466636799953066,.234474663068577,stata_areg_centered_student_vce_unadjusted,78,757999
14462,All,stem_enrollment_m1,-.0837661526779199,-.0185387867157898,.0565609450774575,.333183102324982,stata_areg_centered_student_vce_unadjusted,50,757999
14466,All,stem_enrollment_m1,-.128461113434639,-.0632337474725093,.0584032788040503,.481776266612015,stata_areg_centered_student_vce_unadjusted,121,757999
14467,All,stem_enrollment_m1,-.192413881504324,-.127186515542194,.0856295945330397,.141756685588928,stata_areg_centered_student_vce_unadjusted,21,757999
14470,All,stem_enrollment_m1,-.0807306953652025,-.0155033294030725,.0253424702406833,.284584262020173,stata_areg_centered_student_vce_unadjusted,290,757999
14476,All,stem_enrollment_m1,-.0550193597483562,.0102080062137739,.0578899320217996,.404327174150005,stata_areg_centered_student_vce_unadjusted,90,757999
14487,All,stem_enrollment_m1,-.0072633638271915,.0579640021349385,.0358987205179333,.428134011216158,stata_areg_centered_student_vce_unadjusted,219,757999
14490,All,stem_enrollment_m1,-.0605409549180508,.00468641104407925,.0339316024543505,.357305674170719,stata_areg_centered_student_vce_unadjusted,197,757999
14492,All,stem_enrollment_m1,-.148701338100762,-.0834739721386319,.0662612666476191,.195427515481217,stata_areg_centered_student_vce_unadjusted,36,757999
14494,All,stem_enrollment_m1,-.0976784335001138,-.0324510675379838,.0610640125368307,.364726565118052,stata_areg_centered_student_vce_unadjusted,93,757999
14498,All,stem_enrollment_m1,-.0351579852327636,.0300693807293664,.100172346214409,.459344123437098,stata_areg_centered_student_vce_unadjusted,107,757999
14502,All,stem_enrollment_m1,.0691307728314938,.134358138793624,.075474314845332,.43818866176193,stata_areg_centered_student_vce_unadjusted,88,757999
14504,All,stem_enrollment_m1,-.0638013268069109,.00142603915521916,.0636971321290847,.42061141114169,stata_areg_centered_student_vce_unadjusted,80,757999
14506,All,stem_enrollment_m1,-.0319907646335659,.0332366013285642,.0379311322380679,.442160762299719,stata_areg_centered_student_vce_unadjusted,299,757999
14507,All,stem_enrollment_m1,-.421851709149078,-.356624343186948,.391466754862992,.,stata_areg_centered_student_vce_unadjusted,1,757999
14508,All,stem_enrollment_m1,.0261268380790535,.0913542040411836,.052765036524785,.470880010824995,stata_areg_centered_student_vce_unadjusted,84,757999
14510,All,stem_enrollment_m1,.00282088615418242,.0680482521163124,.0422319556827495,.427355811326645,stata_areg_centered_student_vce_unadjusted,208,757999
14511,All,stem_enrollment_m1,-.118202359695842,-.0529749937337117,.0584774389949152,.352605759879357,stata_areg_centered_student_vce_unadjusted,94,757999
14514,All,stem_enrollment_m1,.000421021886256872,.0656483878483869,.0486390006917357,.418024017751372,stata_areg_centered_student_vce_unadjusted,255,757999
14516,All,stem_enrollment_m1,-.359754334122025,-.294526968159895,.195649640174451,.0983560598346979,stata_areg_centered_student_vce_unadjusted,4,757999
14523,All,stem_enrollment_m1,-.0500006582101596,.0152267077519704,.0393404546942109,.38273874628659,stata_areg_centered_student_vce_unadjusted,300,757999
14525,All,stem_enrollment_m1,-.125602536557883,-.0603751705957526,.0635858067258941,.180629488620901,stata_areg_centered_student_vce_unadjusted,39,757999
14526,All,stem_enrollment_m1,-.0810746516498137,-.0158472856876836,.0399223498043542,.390292223132373,stata_areg_centered_student_vce_unadjusted,263,757999
14527,All,stem_enrollment_m1,-.0728862548830737,-.00765888892094367,.0447261767905051,.383327230598069,stata_areg_centered_student_vce_unadjusted,123,757999
14534,All,stem_enrollment_m1,.0106900047625349,.075917370724665,.0479232616069222,.419705825631439,stata_areg_centered_student_vce_unadjusted,115,757999
14537,All,stem_enrollment_m1,-.0330680735473859,.0321592924147441,.0398341589481527,.38761590377542,stata_areg_centered_student_vce_unadjusted,236,757999
14538,All,stem_enrollment_m1,-.0574169816477824,.00781038431434764,.0634088462789974,.419723553465764,stata_areg_centered_student_vce_unadjusted,212,757999
14541,All,stem_enrollment_m1,.0138339134934669,.0790612794555969,.0573978063747567,.414478206231449,stata_areg_centered_student_vce_unadjusted,125,757999
14545,All,stem_enrollment_m1,-.0781858969034703,-.0129585309413403,.0420757681064341,.355805247143309,stata_areg_centered_student_vce_unadjusted,91,757999
14547,All,stem_enrollment_m1,-.0798255983604302,-.0145982323983002,.082525718650443,.278672033010318,stata_areg_centered_student_vce_unadjusted,23,757999
14552,All,stem_enrollment_m1,-.122562958177328,-.057335592215198,.0466088953646244,.385427323501419,stata_areg_centered_student_vce_unadjusted,142,757999
14556,All,stem_enrollment_m1,-.0410205160765684,.0242068498855616,.0475030442607347,.345073958324398,stata_areg_centered_student_vce_unadjusted,69,757999
14565,All,stem_enrollment_m1,-.0231543384919642,.0420730274701658,.0495479815393346,.434151865189652,stata_areg_centered_student_vce_unadjusted,109,757999
14568,All,stem_enrollment_m1,-.174308584930957,-.109081218968827,.0705655057642939,.363435408739517,stata_areg_centered_student_vce_unadjusted,117,757999
14573,All,stem_enrollment_m1,-.0156742404635495,.0495531254985805,.42511256733009,.,stata_areg_centered_student_vce_unadjusted,1,757999
14580,All,stem_enrollment_m1,-.108161838163769,-.0429344722016393,.0539022240043406,.366862009015723,stata_areg_centered_student_vce_unadjusted,92,757999
14592,All,stem_enrollment_m1,-.0783631759003273,-.0131358099381973,.0438578861202295,.284084944015712,stata_areg_centered_student_vce_unadjusted,83,757999
14594,All,stem_enrollment_m1,-.0602183627451321,.00500900321699789,.0527899147867205,.417118710570026,stata_areg_centered_student_vce_unadjusted,111,757999
14599,All,stem_enrollment_m1,-.109353879092772,-.0441265131306417,.0545496270160935,.383587988528439,stata_areg_centered_student_vce_unadjusted,88,757999
14605,All,stem_enrollment_m1,-.0286366261533528,.0365907398087773,.0464800102729104,.422073077958503,stata_areg_centered_student_vce_unadjusted,227,757999
14606,All,stem_enrollment_m1,-.116164551091678,-.0509371851295483,.0516397752892575,.309792047912539,stata_areg_centered_student_vce_unadjusted,70,757999
14608,All,stem_enrollment_m1,-.095633287297367,-.030405921335237,.0350747524951763,.360359627396399,stata_areg_centered_student_vce_unadjusted,267,757999
14614,All,stem_enrollment_m1,-.12878873057967,-.06356136461754,.0501467528080224,.411469190205166,stata_areg_centered_student_vce_unadjusted,226,757999
14616,All,stem_enrollment_m1,-.155847638841674,-.0906202728795436,.0733159267017591,.364415567511906,stata_areg_centered_student_vce_unadjusted,63,757999
14622,All,stem_enrollment_m1,-.0740790063942806,-.0088516404321506,.0553052115843146,.40630188908462,stata_areg_centered_student_vce_unadjusted,90,757999
14625,All,stem_enrollment_m1,-.107720595851449,-.0424932298893189,.0792006612329711,.284979321016075,stata_areg_centered_student_vce_unadjusted,25,757999
14626,All,stem_enrollment_m1,-.188376516573013,-.123149150610883,.0528045979515422,.320064656425758,stata_areg_centered_student_vce_unadjusted,81,757999
14628,All,stem_enrollment_m1,-.110680398188269,-.0454530322261386,.0725421078886309,.424082269486706,stata_areg_centered_student_vce_unadjusted,31,757999
14629,All,stem_enrollment_m1,-.0497982350214223,.0154291309407078,.0282712013812704,.399848679448412,stata_areg_centered_student_vce_unadjusted,384,757999
14641,All,stem_enrollment_m1,-.071209418403856,-.00598205244172595,.0491236982203988,.345492144144098,stata_areg_centered_student_vce_unadjusted,120,757999
14642,All,stem_enrollment_m1,-.0412767697340463,.0239505962280837,.0442407431392959,.367949923157367,stata_areg_centered_student_vce_unadjusted,116,757999
14643,All,stem_enrollment_m1,-.00122512790025128,.0640022380618787,.062908267662315,.437081676747501,stata_areg_centered_student_vce_unadjusted,67,757999
14654,All,stem_enrollment_m1,-.157617216114916,-.0923898501527857,.0465393362258189,.28361822467258,stata_areg_centered_student_vce_unadjusted,72,757999
14655,All,stem_enrollment_m1,.0100917906036573,.0753191565657874,.398574759955761,.,stata_areg_centered_student_vce_unadjusted,1,757999
14657,All,stem_enrollment_m1,-.100265103728623,-.035037737766493,.0879433074423806,.376681914839251,stata_areg_centered_student_vce_unadjusted,22,757999
14659,All,stem_enrollment_m1,-.118278854682219,-.0530514887200893,.0543846946064279,.286385125269868,stata_areg_centered_student_vce_unadjusted,60,757999
14670,All,stem_enrollment_m1,-.0347281052802937,.0304992606818363,.0339991657464007,.436479858191636,stata_areg_centered_student_vce_unadjusted,238,757999
14671,All,stem_enrollment_m1,-.0660081918467025,-.000780825884572511,.0398499930102946,.383566217090918,stata_areg_centered_student_vce_unadjusted,196,757999
14673,All,stem_enrollment_m1,-.00164555848305507,.063581807479075,.0418766498919472,.417076266380186,stata_areg_centered_student_vce_unadjusted,117,757999
14674,All,stem_enrollment_m1,-.00758961111284151,.0576377548492885,.0351908620179251,.409202249156359,stata_areg_centered_student_vce_unadjusted,246,757999
14675,All,stem_enrollment_m1,-.098962406076194,-.033735040114064,.0843599183905739,.313186621032464,stata_areg_centered_student_vce_unadjusted,41,757999
14676,All,stem_enrollment_m1,-.220309947022573,-.155082581060443,.389453335093905,6.86915450674152e-17,stata_areg_centered_student_vce_unadjusted,2,757999
14677,All,stem_enrollment_m1,-.132587743189105,-.0673603772269745,.0534939962581618,.376304568490903,stata_areg_centered_student_vce_unadjusted,76,757999
14687,All,stem_enrollment_m1,-.0743353746917338,-.00910800872960382,.0489936733092313,.453865053909239,stata_areg_centered_student_vce_unadjusted,129,757999
14697,All,stem_enrollment_m1,-.0523511697359701,.0128761962261599,.0338418576606267,.380924432664511,stata_areg_centered_student_vce_unadjusted,268,757999
14699,All,stem_enrollment_m1,-.132182131716923,-.0669547657547925,.054736322588255,.370860206479702,stata_areg_centered_student_vce_unadjusted,164,757999
14703,All,stem_enrollment_m1,-.163389487499561,-.0981621215374308,.0428098882413504,.392991466509064,stata_areg_centered_student_vce_unadjusted,286,757999
14707,All,stem_enrollment_m1,-.0869128137285946,-.0216854477664646,.0491229051456214,.447861759715847,stata_areg_centered_student_vce_unadjusted,94,757999
14711,All,stem_enrollment_m1,-.0720030984232387,-.00677573246110866,.0585254776974791,.279091419269693,stata_areg_centered_student_vce_unadjusted,47,757999
14716,All,stem_enrollment_m1,-.016636094825058,.0485912711370721,.0406424378242457,.392997953542286,stata_areg_centered_student_vce_unadjusted,163,757999
14717,All,stem_enrollment_m1,-.153306152614961,-.0880787866528306,.0464891767183412,.381693420597614,stata_areg_centered_student_vce_unadjusted,132,757999
14720,All,stem_enrollment_m1,-.12567560376475,-.0604482378026198,.0274949034859372,.294964240264232,stata_areg_centered_student_vce_unadjusted,243,757999
14750,All,stem_enrollment_m1,-.137165286579256,-.0719379206171258,.0746845432578842,.392799781462686,stata_areg_centered_student_vce_unadjusted,100,757999
14751,All,stem_enrollment_m1,-.0600003201347382,.00522704582739179,.0712113169522331,.378201813522031,stata_areg_centered_student_vce_unadjusted,98,757999
14759,All,stem_enrollment_m1,-.155145773066519,-.0899184071043885,.0719304007039154,.143568166198172,stata_areg_centered_student_vce_unadjusted,31,757999
14761,All,stem_enrollment_m1,-.0469591756757016,.0182681902864284,.19566367548912,.0385724017307315,stata_areg_centered_student_vce_unadjusted,4,757999
14764,All,stem_enrollment_m1,-.0878850484112383,-.0226576824491083,.0405216365219842,.444531087350262,stata_areg_centered_student_vce_unadjusted,206,757999
14770,All,stem_enrollment_m1,-.0866757202302266,-.0214483542680966,.0425264269802476,.3958716730102,stata_areg_centered_student_vce_unadjusted,234,757999
14771,All,stem_enrollment_m1,.0108222889467627,.0760496549088927,.0582953845995533,.469591169544583,stata_areg_centered_student_vce_unadjusted,55,757999
14773,All,stem_enrollment_m1,-.0145794803415244,.0506478856206056,.0591256612769017,.406145104748813,stata_areg_centered_student_vce_unadjusted,124,757999
14775,All,stem_enrollment_m1,-.0284740487073498,.0367533172547803,.0493825909672424,.41060108307567,stata_areg_centered_student_vce_unadjusted,97,757999
14778,All,stem_enrollment_m1,-.0863220400940113,-.0210946741318813,.0468038712538903,.316449795917481,stata_areg_centered_student_vce_unadjusted,98,757999
14779,All,stem_enrollment_m1,-.017651246889675,.047576119072455,.0484979041518928,.404966973504632,stata_areg_centered_student_vce_unadjusted,99,757999
14782,All,stem_enrollment_m1,-.0109799776735615,.0542473882885685,.0547300707229021,.414966084497601,stata_areg_centered_student_vce_unadjusted,116,757999
14783,All,stem_enrollment_m1,-.0198544257806515,.0453729401814785,.0336519261155341,.407265483790685,stata_areg_centered_student_vce_unadjusted,288,757999
14788,All,stem_enrollment_m1,-.0914781355237729,-.0262507695616428,.0450761882002237,.365950482214598,stata_areg_centered_student_vce_unadjusted,108,757999
14790,All,stem_enrollment_m1,-.0218934190828793,.0433339468792507,.0327350083093853,.413623794519184,stata_areg_centered_student_vce_unadjusted,189,757999
14791,All,stem_enrollment_m1,-.267666354928453,-.202438988966323,.159512362535674,.0759571666310905,stata_areg_centered_student_vce_unadjusted,6,757999
14796,All,stem_enrollment_m1,-.205704187973579,-.140476822011449,.0984078500090576,.285231205494547,stata_areg_centered_student_vce_unadjusted,16,757999
14818,All,stem_enrollment_m1,-.021106328856185,.044121037105945,.0412298628084152,.396294790321357,stata_areg_centered_student_vce_unadjusted,166,757999
14819,All,stem_enrollment_m1,-.133853241100963,-.068625875138833,.0638273642540968,.353012160460129,stata_areg_centered_student_vce_unadjusted,84,757999
14820,All,stem_enrollment_m1,-.153536115690394,-.0883087497282641,.0606322873545593,.349614822807426,stata_areg_centered_student_vce_unadjusted,65,757999
14822,All,stem_enrollment_m1,-.105039648231322,-.0398122822691915,.0451398269808233,.345674328579971,stata_areg_centered_student_vce_unadjusted,176,757999
14823,All,stem_enrollment_m1,.000135221990933882,.0653625879530639,.0689293839162139,.430979320572665,stata_areg_centered_student_vce_unadjusted,71,757999
14825,All,stem_enrollment_m1,-.129560293230364,-.0643329272682343,.0464880734223538,.350303524959573,stata_areg_centered_student_vce_unadjusted,117,757999
14846,All,stem_enrollment_m1,-.0784626406653962,-.0132352747032662,.0630301399963575,.342858623496243,stata_areg_centered_student_vce_unadjusted,39,757999
14852,All,stem_enrollment_m1,-.127944618036074,-.0627172520739435,.0505632462725665,.201064990398679,stata_areg_centered_student_vce_unadjusted,62,757999
14856,All,stem_enrollment_m1,-.0564606945979303,.00876667136419975,.0353072305182272,.369975075325401,stata_areg_centered_student_vce_unadjusted,189,757999
14860,All,stem_enrollment_m1,-.0554617814239794,.00976558453815064,.0681937759899134,.415454681430146,stata_areg_centered_student_vce_unadjusted,53,757999
14865,All,stem_enrollment_m1,.00606238192926001,.07128974789139,.0610026271091694,.356642446060792,stata_areg_centered_student_vce_unadjusted,62,757999
14866,All,stem_enrollment_m1,-.0373399871241796,.0278873788379504,.0463394367681896,.413939725319566,stata_areg_centered_student_vce_unadjusted,277,757999
14868,All,stem_enrollment_m1,-.139522992834272,-.0742956268721423,.040157153234666,.297220043216565,stata_areg_centered_student_vce_unadjusted,120,757999
14870,All,stem_enrollment_m1,-.0285059728544316,.0367213931076984,.0536597430870755,.392715965921839,stata_areg_centered_student_vce_unadjusted,67,757999
14874,All,stem_enrollment_m1,-.0261602043355075,.0390671616266226,.0766287575724962,.228315037178304,stata_areg_centered_student_vce_unadjusted,29,757999
14877,All,stem_enrollment_m1,-.0484006490754018,.0168267168867283,.0338103205966127,.389013733291656,stata_areg_centered_student_vce_unadjusted,210,757999
14879,All,stem_enrollment_m1,-.00740126064579342,.0578261053163366,.021647053997569,.409285580454279,stata_areg_centered_student_vce_unadjusted,688,757999
14881,All,stem_enrollment_m1,-.169565753947601,-.104338387985471,.054732605965841,.27489281440459,stata_areg_centered_student_vce_unadjusted,205,757999
14885,All,stem_enrollment_m1,-.127449454161953,-.0622220881998233,.0669644686869149,.421157876088183,stata_areg_centered_student_vce_unadjusted,60,757999
14901,All,stem_enrollment_m1,-.140566868414285,-.0753395024521548,.0419434770155795,.365350029168823,stata_areg_centered_student_vce_unadjusted,225,757999
14902,All,stem_enrollment_m1,.0217262000041088,.0869535659662389,.0506917329533445,.436487458289725,stata_areg_centered_student_vce_unadjusted,103,757999
14910,All,stem_enrollment_m1,-.14407859834191,-.0788512323797804,.0954436381627078,.224907486042467,stata_areg_centered_student_vce_unadjusted,17,757999
14912,All,stem_enrollment_m1,.0344344390843182,.0996618050464483,.0401069534406497,.43534397561937,stata_areg_centered_student_vce_unadjusted,309,757999
14913,All,stem_enrollment_m1,-.0164742558866142,.0487531100755158,.0494047062432232,.422973327013704,stata_areg_centered_student_vce_unadjusted,102,757999
14922,All,stem_enrollment_m1,.0431993145748817,.108426680537012,.0431293440962236,.419043070996218,stata_areg_centered_student_vce_unadjusted,98,757999
14923,All,stem_enrollment_m1,-.0415547736353629,.0236725923267671,.0412348231414569,.413852947526546,stata_areg_centered_student_vce_unadjusted,140,757999
14946,All,stem_enrollment_m1,-.221212188152244,-.155984822190114,.389740996832786,.,stata_areg_centered_student_vce_unadjusted,1,757999
14952,All,stem_enrollment_m1,-.037686245094924,.0275411208672061,.0532445807044358,.430359272151936,stata_areg_centered_student_vce_unadjusted,110,757999
14953,All,stem_enrollment_m1,-.134882401423281,-.0696550354611512,.0560404759502047,.363420465174283,stata_areg_centered_student_vce_unadjusted,98,757999
15502,All,stem_enrollment_m1,-.134787326706761,-.0695599607446311,.0333562856408214,.365001044733929,stata_areg_centered_student_vce_unadjusted,259,757999
15510,All,stem_enrollment_m1,-.0828269781754951,-.0175996122133651,.0510994137738797,.401476469582445,stata_areg_centered_student_vce_unadjusted,195,757999
15521,All,stem_enrollment_m1,-.0747760823716354,-.00954871640950535,.0494734152655318,.442981001523814,stata_areg_centered_student_vce_unadjusted,208,757999
15522,All,stem_enrollment_m1,-.1638574090756,-.0986300431134702,.0590617500737231,.34338523381974,stata_areg_centered_student_vce_unadjusted,95,757999
15524,All,stem_enrollment_m1,-.192283004356251,-.127055638394121,.080289239626755,.413328352790207,stata_areg_centered_student_vce_unadjusted,76,757999
15534,All,stem_enrollment_m1,-.119543300360954,-.0543159343988239,.0326724845126569,.401334244516303,stata_areg_centered_student_vce_unadjusted,195,757999
15535,All,stem_enrollment_m1,-.306329278943516,-.241101912981386,.132046072924112,.0574541497877953,stata_areg_centered_student_vce_unadjusted,9,757999
15544,All,stem_enrollment_m1,.0493145009473002,.11454186690943,.0575894242924834,.445343140329831,stata_areg_centered_student_vce_unadjusted,101,757999
15554,All,stem_enrollment_m1,-.0522645330722214,.0129628328899086,.0499605809872905,.427555503012227,stata_areg_centered_student_vce_unadjusted,229,757999
15564,All,stem_enrollment_m1,-.226492014563347,-.161264648601217,.0817651476262141,.390736265422114,stata_areg_centered_student_vce_unadjusted,173,757999
15574,All,stem_enrollment_m1,-.132896854102172,-.0676694881400422,.069521615179947,.350987471094565,stata_areg_centered_student_vce_unadjusted,33,757999
15576,All,stem_enrollment_m1,-.0715800050951823,-.00635263913305228,.0987430799611755,.356688211111626,stata_areg_centered_student_vce_unadjusted,76,757999
15583,All,stem_enrollment_m1,-.159830269612015,-.0946029036498852,.0255025175210058,.241499711143779,stata_areg_centered_student_vce_unadjusted,326,757999
15589,All,stem_enrollment_m1,-.0616971287004033,.00353023726172676,.0563621333136239,.394133849074141,stata_areg_centered_student_vce_unadjusted,75,757999
15593,All,stem_enrollment_m1,-.232624712642986,-.167397346680856,.148594517418347,.117614604714644,stata_areg_centered_student_vce_unadjusted,7,757999
15596,All,stem_enrollment_m1,-.0886886649116264,-.0234612989494963,.0586242712679831,.377700335384746,stata_areg_centered_student_vce_unadjusted,58,757999
15600,All,stem_enrollment_m1,-.0459120793281017,.0193152866340283,.0494082622547323,.423186684413567,stata_areg_centered_student_vce_unadjusted,176,757999
15601,All,stem_enrollment_m1,-.0699029758377666,-.00467560987563655,.0388094267697376,.366039523697009,stata_areg_centered_student_vce_unadjusted,207,757999
15610,All,stem_enrollment_m1,-.0864343032712368,-.0212069373091068,.0452935825275671,.376262823874837,stata_areg_centered_student_vce_unadjusted,183,757999
15621,All,stem_enrollment_m1,-.108118299697542,-.0428909337354121,.0805453501753564,.403530086164314,stata_areg_centered_student_vce_unadjusted,135,757999
15624,All,stem_enrollment_m1,-.0816018137747394,-.0163744478126094,.0340838266324111,.376299133574482,stata_areg_centered_student_vce_unadjusted,370,757999
15627,All,stem_enrollment_m1,-.129715911289215,-.064488545327085,.0506583025172488,.370154100194325,stata_areg_centered_student_vce_unadjusted,100,757999
15631,All,stem_enrollment_m1,-.146460128818497,-.0812327628563668,.062311046270403,.373523515871678,stata_areg_centered_student_vce_unadjusted,89,757999
15633,All,stem_enrollment_m1,-.0916601165463312,-.0264327505842012,.0558590537039324,.387554320313502,stata_areg_centered_student_vce_unadjusted,121,757999
15643,All,stem_enrollment_m1,.0425251526427338,.107752518604864,.0621392711811851,.42260049923475,stata_areg_centered_student_vce_unadjusted,50,757999
15646,All,stem_enrollment_m1,-.0880768932796341,-.0228495273175041,.0199518632210669,.348991877842588,stata_areg_centered_student_vce_unadjusted,687,757999
15657,All,stem_enrollment_m1,-.0658073808013048,-.000580014839174789,.0370432896336179,.402733422115508,stata_areg_centered_student_vce_unadjusted,262,757999
15662,All,stem_enrollment_m1,-.127919206706771,-.0626918407446408,.0269250366603632,.400150091705891,stata_areg_centered_student_vce_unadjusted,374,757999
15664,All,stem_enrollment_m1,-.101045830614089,-.0358184646519587,.0384206606511601,.357346994165866,stata_areg_centered_student_vce_unadjusted,400,757999
15665,All,stem_enrollment_m1,-.094021227612149,-.028793861650019,.0524875040652096,.273753570931193,stata_areg_centered_student_vce_unadjusted,61,757999
15676,All,stem_enrollment_m1,-.0890361736090056,-.0238088076468756,.0280530614583452,.3911368279568,stata_areg_centered_student_vce_unadjusted,271,757999
15682,All,stem_enrollment_m1,-.0237896799137973,.0414376860483327,.0625414856360396,.402674546490184,stata_areg_centered_student_vce_unadjusted,79,757999
15683,All,stem_enrollment_m1,-.0774859078277955,-.0122585418656655,.0368591633066819,.325183207468644,stata_areg_centered_student_vce_unadjusted,215,757999
15684,All,stem_enrollment_m1,-.173379717566872,-.108152351604742,.0747054790595691,.428123734866789,stata_areg_centered_student_vce_unadjusted,115,757999
15690,All,stem_enrollment_m1,-.0287712317725852,.0364561341895449,.0469754497033728,.41245722827405,stata_areg_centered_student_vce_unadjusted,243,757999
15700,All,stem_enrollment_m1,-.0878515746045335,-.0226242086424035,.0466249337579377,.394172055108025,stata_areg_centered_student_vce_unadjusted,250,757999
15707,All,stem_enrollment_m1,-.108603258466807,-.0433758925046771,.0495006465710429,.387513404836705,stata_areg_centered_student_vce_unadjusted,74,757999
15719,All,stem_enrollment_m1,-.073507480495689,-.00828011453355895,.0661759210707851,.405027292104169,stata_areg_centered_student_vce_unadjusted,42,757999
15720,All,stem_enrollment_m1,-.110794068582114,-.0455667026199839,.0293738450299297,.273313668920009,stata_areg_centered_student_vce_unadjusted,275,757999
15722,All,stem_enrollment_m1,-.116805401325502,-.0515780353633719,.0365068911936479,.372453967955444,stata_areg_centered_student_vce_unadjusted,161,757999
15723,All,stem_enrollment_m1,-.147652176068609,-.0824248101064792,.0577285962777698,.223441189783724,stata_areg_centered_student_vce_unadjusted,47,757999
15726,All,stem_enrollment_m1,-.0372919055475225,.0279354604146075,.0582510371150328,.454622652422175,stata_areg_centered_student_vce_unadjusted,50,757999
15731,All,stem_enrollment_m1,-.0839282729726797,-.0187009070105496,.0598674676700508,.357044047136319,stata_areg_centered_student_vce_unadjusted,94,757999
15732,All,stem_enrollment_m1,-.166577853676683,-.101350487714553,.101281021456442,.140451559198797,stata_areg_centered_student_vce_unadjusted,15,757999
15739,All,stem_enrollment_m1,-.196674681221746,-.131447315259616,.0353609902000231,.312874523988552,stata_areg_centered_student_vce_unadjusted,235,757999
15744,All,stem_enrollment_m1,-.0601842807505543,.00504308521157576,.054489867160352,.347242165637416,stata_areg_centered_student_vce_unadjusted,136,757999
15745,All,stem_enrollment_m1,-.12426701382042,-.0590396478582899,.0412369464532689,.355507024220071,stata_areg_centered_student_vce_unadjusted,163,757999
15746,All,stem_enrollment_m1,-.1154023137929,-.05017494783077,.0580952913246284,.329866100259172,stata_areg_centered_student_vce_unadjusted,49,757999
15750,All,stem_enrollment_m1,-.125777643963287,-.0605502780011566,.0468248457272681,.356726612727876,stata_areg_centered_student_vce_unadjusted,94,757999
15756,All,stem_enrollment_m1,-.0246158598756413,.0406115060864887,.0756387937142906,.376718524735863,stata_areg_centered_student_vce_unadjusted,27,757999
15758,All,stem_enrollment_m1,-.0809124905691623,-.0156851246070323,.0602095590980435,.35166530643316,stata_areg_centered_student_vce_unadjusted,74,757999
15759,All,stem_enrollment_m1,-.0189501553728405,.0462772105892895,.0309690090221299,.3931290623867,stata_areg_centered_student_vce_unadjusted,260,757999
15763,All,stem_enrollment_m1,-.302367451890747,-.237140085928617,.117998237516495,.0841148777725731,stata_areg_centered_student_vce_unadjusted,11,757999
15767,All,stem_enrollment_m1,-.13037193756196,-.0651445715998298,.0452443946475925,.34348099929129,stata_areg_centered_student_vce_unadjusted,134,757999
15769,All,stem_enrollment_m1,-.094537509251605,-.029310143289475,.0400143024269778,.346358630761842,stata_areg_centered_student_vce_unadjusted,106,757999
15774,All,stem_enrollment_m1,-.138693537403325,-.0734661714411948,.0463129205694012,.292622060221445,stata_areg_centered_student_vce_unadjusted,76,757999
15775,All,stem_enrollment_m1,-.127200201485111,-.0619728355229812,.0343220853458496,.184286806565985,stata_areg_centered_student_vce_unadjusted,141,757999
15781,All,stem_enrollment_m1,-.0699501167597678,-.00472275079763776,.0343242423255404,.370495729552783,stata_areg_centered_student_vce_unadjusted,215,757999
15787,All,stem_enrollment_m1,-.0830713661594947,-.0178440001973647,.0437205564751417,.395374530434133,stata_areg_centered_student_vce_unadjusted,167,757999
15792,All,stem_enrollment_m1,.00697973046809979,.0722070964302298,.0509512729618969,.412437833632425,stata_areg_centered_student_vce_unadjusted,133,757999
15793,All,stem_enrollment_m1,-.068997069601965,-.00376970363983496,.0466903710021532,.413170708228171,stata_areg_centered_student_vce_unadjusted,127,757999
15808,All,stem_enrollment_m1,-.0985397055761668,-.0333123396140368,.0536302396977636,.338819558067445,stata_areg_centered_student_vce_unadjusted,127,757999
15809,All,stem_enrollment_m1,-.0610127669041743,.00421459905795572,.0421130722547052,.416343895219464,stata_areg_centered_student_vce_unadjusted,191,757999
15817,All,stem_enrollment_m1,-.146005716619948,-.080778350657818,.0332784354728928,.386461436419295,stata_areg_centered_student_vce_unadjusted,322,757999
15820,All,stem_enrollment_m1,-.120546716256012,-.0553193502938819,.0368528778695163,.341214530841592,stata_areg_centered_student_vce_unadjusted,213,757999
15830,All,stem_enrollment_m1,-.226343144456859,-.161115778494729,.0990480372806744,.131817532571044,stata_areg_centered_student_vce_unadjusted,16,757999
15832,All,stem_enrollment_m1,-.150040441942927,-.0848130759807968,.080428707898168,.32174796396774,stata_areg_centered_student_vce_unadjusted,46,757999
15840,All,stem_enrollment_m1,-.173916084272281,-.108688718310151,.0309429449669021,.341408499549733,stata_areg_centered_student_vce_unadjusted,175,757999
15843,All,stem_enrollment_m1,.0559367316247086,.121164097586839,.0231178565579066,.442196809251693,stata_areg_centered_student_vce_unadjusted,511,757999
15848,All,stem_enrollment_m1,-.166566619314387,-.101339253352257,.124159970994198,.157771043209572,stata_areg_centered_student_vce_unadjusted,10,757999
15854,All,stem_enrollment_m1,-.191457211888605,-.126229845926475,.0633019978988371,.29783068076248,stata_areg_centered_student_vce_unadjusted,39,757999
16410,All,stem_enrollment_m1,-.0919638694444954,-.0267365034823654,.0424192342810436,.393571099939616,stata_areg_centered_student_vce_unadjusted,169,757999
16415,All,stem_enrollment_m1,-.0838965217977184,-.0186691558355884,.0330258907751552,.385081238690479,stata_areg_centered_student_vce_unadjusted,431,757999
16417,All,stem_enrollment_m1,-.0143872457145251,.050840120247605,.0184774632861719,.427532452590268,stata_areg_centered_student_vce_unadjusted,768,757999
16424,All,stem_enrollment_m1,-.134141897578001,-.0689145316158709,.0343501813484944,.341957942981504,stata_areg_centered_student_vce_unadjusted,243,757999
16427,All,stem_enrollment_m1,-.162277760612514,-.0970503946503844,.050429602065439,.384619142817711,stata_areg_centered_student_vce_unadjusted,153,757999
16431,All,stem_enrollment_m1,-.019562702819449,.045664663142681,.112452725601668,.392344411662889,stata_areg_centered_student_vce_unadjusted,97,757999
16432,All,stem_enrollment_m1,-.100616261524378,-.0353888955622478,.0495538818585908,.38275840035675,stata_areg_centered_student_vce_unadjusted,69,757999
16434,All,stem_enrollment_m1,-.089441631974301,-.024214266012171,.0257240335119264,.348653104493999,stata_areg_centered_student_vce_unadjusted,321,757999
16441,All,stem_enrollment_m1,-.0761035812356681,-.0108762152735381,.0256438218732652,.321953365815257,stata_areg_centered_student_vce_unadjusted,515,757999
16443,All,stem_enrollment_m1,-.0885533724480916,-.0233260064859616,.0200444253273385,.337238964470253,stata_areg_centered_student_vce_unadjusted,560,757999
16444,All,stem_enrollment_m1,.0106862944917865,.0759136604539165,.391260897060565,.,stata_areg_centered_student_vce_unadjusted,1,757999
16446,All,stem_enrollment_m1,-.118840040981102,-.0536126750189716,.0278228852274709,.360633826735111,stata_areg_centered_student_vce_unadjusted,365,757999
16448,All,stem_enrollment_m1,-.108928874989336,-.0437015090272061,.0263931795059863,.287599009263607,stata_areg_centered_student_vce_unadjusted,466,757999
16452,All,stem_enrollment_m1,-.0441742373340589,.0210531286280711,.0245738804664788,.392589050141556,stata_areg_centered_student_vce_unadjusted,369,757999
16453,All,stem_enrollment_m1,-.219500083968121,-.154272718005991,.0656846485482634,.410289503355691,stata_areg_centered_student_vce_unadjusted,109,757999
16457,All,stem_enrollment_m1,-.162564929464518,-.0973375635023877,.0486988650385763,.237308315897395,stata_areg_centered_student_vce_unadjusted,69,757999
16459,All,stem_enrollment_m1,.0745135065796209,.139740872541751,.0533290226271808,.411564425531959,stata_areg_centered_student_vce_unadjusted,87,757999
16461,All,stem_enrollment_m1,-.0809792169698462,-.0157518510077162,.0975874681497326,.259840738187196,stata_areg_centered_student_vce_unadjusted,20,757999
16462,All,stem_enrollment_m1,-.0637418919885668,.00148547397356318,.0621395422413497,.387135658243124,stata_areg_centered_student_vce_unadjusted,41,757999
16467,All,stem_enrollment_m1,-.0679415049986051,-.00271413903647504,.0259314092607622,.366573461204482,stata_areg_centered_student_vce_unadjusted,293,757999
16469,All,stem_enrollment_m1,-.136151022831756,-.0709236568696256,.0377779406395019,.335203016016349,stata_areg_centered_student_vce_unadjusted,248,757999
16470,All,stem_enrollment_m1,-.0617523970671297,.0034749688950003,.0433570359537004,.437625883516333,stata_areg_centered_student_vce_unadjusted,224,757999
16476,All,stem_enrollment_m1,-.0414262718506551,.0238010941114749,.0725403029122477,.406954526210955,stata_areg_centered_student_vce_unadjusted,77,757999
16477,All,stem_enrollment_m1,-.00294524903121984,.0622821169309102,.0595206398977585,.407326852689957,stata_areg_centered_student_vce_unadjusted,117,757999
16485,All,stem_enrollment_m1,-.141552813245058,-.0763254472829282,.0662525817449964,.246511300403809,stata_areg_centered_student_vce_unadjusted,62,757999
16488,All,stem_enrollment_m1,-.0302139253247682,.0350134406373619,.0530025551651689,.422084116037081,stata_areg_centered_student_vce_unadjusted,155,757999
16489,All,stem_enrollment_m1,-.0480154652204048,.0172119007417252,.0768700281161417,.447671194726247,stata_areg_centered_student_vce_unadjusted,91,757999
16494,All,stem_enrollment_m1,-.0871329563188238,-.0219055903566937,.0522769362203269,.361535087395304,stata_areg_centered_student_vce_unadjusted,121,757999
16497,All,stem_enrollment_m1,-.22351570783726,-.15828834187513,.0586577169105163,.370758789721728,stata_areg_centered_student_vce_unadjusted,84,757999
16502,All,stem_enrollment_m1,-.102021481539171,-.036794115577041,.0337211554965727,.393054873807852,stata_areg_centered_student_vce_unadjusted,225,757999
16507,All,stem_enrollment_m1,-.0262070549608364,.0390203110012936,.0501684185300257,.4045426992023,stata_areg_centered_student_vce_unadjusted,120,757999
16508,All,stem_enrollment_m1,-.0884818169111387,-.0232544509490087,.0417563167002891,.40201985891403,stata_areg_centered_student_vce_unadjusted,250,757999
16509,All,stem_enrollment_m1,-.128169643174814,-.0629422772126844,.055841393838495,.367989455850389,stata_areg_centered_student_vce_unadjusted,128,757999
16512,All,stem_enrollment_m1,-.130498969173327,-.0652716032111967,.0509682576614435,.399714696805726,stata_areg_centered_student_vce_unadjusted,140,757999
16520,All,stem_enrollment_m1,-.0185897972297698,.0466375687323603,.0666399868517355,.438317837476323,stata_areg_centered_student_vce_unadjusted,50,757999
16535,All,stem_enrollment_m1,-.050323683548109,.014903682414021,.0415944609760317,.423330919296103,stata_areg_centered_student_vce_unadjusted,219,757999
16541,All,stem_enrollment_m1,-.0865791831457488,-.0213518171836188,.0339766976897294,.362690729196293,stata_areg_centered_student_vce_unadjusted,194,757999
16549,All,stem_enrollment_m1,-.110912877288632,-.0456855113265024,.0399603935483933,.363046280197397,stata_areg_centered_student_vce_unadjusted,138,757999
16550,All,stem_enrollment_m1,-.155915285963213,-.0906879200010828,.0474894216352501,.426349609463898,stata_areg_centered_student_vce_unadjusted,100,757999
16551,All,stem_enrollment_m1,-.1115249014525,-.0462975354903698,.0430077896436521,.334439689339396,stata_areg_centered_student_vce_unadjusted,109,757999
16556,All,stem_enrollment_m1,-.157499009482102,-.0922716435199715,.38948714211089,.,stata_areg_centered_student_vce_unadjusted,1,757999
16564,All,stem_enrollment_m1,-.107439078668008,-.0422117127058778,.0411928231208779,.348055828529044,stata_areg_centered_student_vce_unadjusted,136,757999
16570,All,stem_enrollment_m1,-.115703220999046,-.0504758550369157,.0497112030141661,.346084193838248,stata_areg_centered_student_vce_unadjusted,115,757999
16582,All,stem_enrollment_m1,-.149407490943257,-.0841801249811268,.0210622890461402,.264825770588004,stata_areg_centered_student_vce_unadjusted,536,757999
16583,All,stem_enrollment_m1,-.153788879744837,-.0885615137827068,.0287162990260302,.308966172088242,stata_areg_centered_student_vce_unadjusted,339,757999
16587,All,stem_enrollment_m1,-.10585968275189,-.0406323167897598,.0275654156940376,.357731268934601,stata_areg_centered_student_vce_unadjusted,405,757999
16588,All,stem_enrollment_m1,-.134587897952067,-.0693605319899368,.0332109722784802,.372743622027734,stata_areg_centered_student_vce_unadjusted,230,757999
16600,All,stem_enrollment_m1,-.063152261508532,.00207510445359799,.0390329876437965,.406962442669869,stata_areg_centered_student_vce_unadjusted,321,757999
16604,All,stem_enrollment_m1,-.0236544006527138,.0415729653094162,.04496727254636,.430429100065953,stata_areg_centered_student_vce_unadjusted,81,757999
16608,All,stem_enrollment_m1,-.0505881048612782,.0146392611008518,.0350963570234099,.369489361061172,stata_areg_centered_student_vce_unadjusted,194,757999
16627,All,stem_enrollment_m1,-.0968627555951133,-.0316353896329833,.023522728174196,.417414036962612,stata_areg_centered_student_vce_unadjusted,596,757999
16634,All,stem_enrollment_m1,-.0644708871881643,.000756478773965744,.0214803918499571,.371718342273464,stata_areg_centered_student_vce_unadjusted,768,757999
16642,All,stem_enrollment_m1,-.0809155968707065,-.0156882309085765,.0618817888505478,.346461086449884,stata_areg_centered_student_vce_unadjusted,41,757999
16644,All,stem_enrollment_m1,-.0479949992989368,.0172323666631932,.0285989237626842,.370531880422059,stata_areg_centered_student_vce_unadjusted,460,757999
16652,All,stem_enrollment_m1,-.137813009283787,-.0725856433216572,.0667853483988566,.358733438980896,stata_areg_centered_student_vce_unadjusted,47,757999
16656,All,stem_enrollment_m1,-.0424410710927693,.0227862948693607,.104653869558441,.334831573335675,stata_areg_centered_student_vce_unadjusted,14,757999
16676,All,stem_enrollment_m1,-.142824269005354,-.0775969030432243,.0405166057828999,.289358016065032,stata_areg_centered_student_vce_unadjusted,150,757999
16678,All,stem_enrollment_m1,-.108453328848577,-.0432259628864466,.0273068633647893,.38376908904689,stata_areg_centered_student_vce_unadjusted,248,757999
16685,All,stem_enrollment_m1,-.0934935271711043,-.0282661612089743,.0494063085552354,.340293661549548,stata_areg_centered_student_vce_unadjusted,96,757999
16697,All,stem_enrollment_m1,-.0338656033786175,.0313617625835125,.0220808997315555,.392625515275089,stata_areg_centered_student_vce_unadjusted,434,757999
16716,All,stem_enrollment_m1,-.127022819553108,-.0617954535909784,.0220367058191471,.37626909168765,stata_areg_centered_student_vce_unadjusted,660,757999
16722,All,stem_enrollment_m1,-.327987916118742,-.262760550156612,.226902483796651,.0791728788358452,stata_areg_centered_student_vce_unadjusted,3,757999
16727,All,stem_enrollment_m1,.0889367779686037,.154164143930734,.112674992684802,.329496221003278,stata_areg_centered_student_vce_unadjusted,13,757999
16728,All,stem_enrollment_m1,-.0508385245241801,.01438884143795,.0367806148016139,.422630771922992,stata_areg_centered_student_vce_unadjusted,264,757999
16729,All,stem_enrollment_m1,-.122783418439662,-.0575560524775322,.0321015496415795,.30213205791162,stata_areg_centered_student_vce_unadjusted,182,757999
16730,All,stem_enrollment_m1,-.0892355415913641,-.024008175629234,.0448562661507507,.37396646773684,stata_areg_centered_student_vce_unadjusted,158,757999
16744,All,stem_enrollment_m1,-.0501881015230206,.0150392644391094,.0937546405094492,.47017545356958,stata_areg_centered_student_vce_unadjusted,18,757999
16748,All,stem_enrollment_m1,-.0736535001663206,-.0084261342041906,.0548226143589063,.40027205461476,stata_areg_centered_student_vce_unadjusted,204,757999
16749,All,stem_enrollment_m1,.00522750851760972,.0704548744797397,.038110784848588,.434547902368373,stata_areg_centered_student_vce_unadjusted,169,757999
16751,All,stem_enrollment_m1,-.0935345201328315,-.0283071541707015,.0349284086692754,.341326082160061,stata_areg_centered_student_vce_unadjusted,359,757999
16752,All,stem_enrollment_m1,-.174438741783791,-.109211375821661,.119005297533539,.140687626626763,stata_areg_centered_student_vce_unadjusted,11,757999
16754,All,stem_enrollment_m1,-.10338172477234,-.0381543588102095,.0349475946704732,.331534432065146,stata_areg_centered_student_vce_unadjusted,206,757999
16756,All,stem_enrollment_m1,-.0632902333521073,.00193713261002276,.0419452667102608,.404703286925619,stata_areg_centered_student_vce_unadjusted,120,757999
16757,All,stem_enrollment_m1,-.116352153654536,-.0511247876924064,.0774090501698912,.341479210098771,stata_areg_centered_student_vce_unadjusted,57,757999
16761,All,stem_enrollment_m1,.104814396011017,.170041761973148,.391994563756561,.,stata_areg_centered_student_vce_unadjusted,1,757999
16776,All,stem_enrollment_m1,-.140117430830041,-.0748900648679105,.128509810779542,.375983878076129,stata_areg_centered_student_vce_unadjusted,19,757999
16778,All,stem_enrollment_m1,-.26161937087248,-.19639200491035,.224862173324889,.0327039276354136,stata_areg_centered_student_vce_unadjusted,3,757999
16783,All,stem_enrollment_m1,-.258252942288368,-.193025576326238,.224777042291365,.133569368149633,stata_areg_centered_student_vce_unadjusted,4,757999
16793,All,stem_enrollment_m1,-.124312402803095,-.0590850368409649,.025149170219115,.385030270509778,stata_areg_centered_student_vce_unadjusted,321,757999
16798,All,stem_enrollment_m1,-.143705045189997,-.0784776792278674,.0579288358170967,.40527324682844,stata_areg_centered_student_vce_unadjusted,72,757999
16799,All,stem_enrollment_m1,-.241933222676345,-.176705856714215,.0434766421863257,.215956174737889,stata_areg_centered_student_vce_unadjusted,81,757999
16807,All,stem_enrollment_m1,-.150183810635526,-.0849564446733961,.034833437446214,.334396642847753,stata_areg_centered_student_vce_unadjusted,156,757999
16815,All,stem_enrollment_m1,-.037257714934728,.027969651027402,.0654467050254445,.375181804748093,stata_areg_centered_student_vce_unadjusted,40,757999
16820,All,stem_enrollment_m1,-.126688913359514,-.061461547397384,.0491322935490238,.318814839180401,stata_areg_centered_student_vce_unadjusted,64,757999
16825,All,stem_enrollment_m1,-.0378291217506899,.0273982442114401,.0474945666327087,.41203071582638,stata_areg_centered_student_vce_unadjusted,73,757999
16830,All,stem_enrollment_m1,-.166219938022362,-.100992572060232,.0380649618725675,.290882085629215,stata_areg_centered_student_vce_unadjusted,117,757999
16840,All,stem_enrollment_m1,-.021234523965087,.043992841997043,.140223991283765,.292787525564095,stata_areg_centered_student_vce_unadjusted,8,757999
16843,All,stem_enrollment_m1,-.0530284179636513,.0121989479984787,.0221208974434194,.36657826923204,stata_areg_centered_student_vce_unadjusted,583,757999
16844,All,stem_enrollment_m1,-.0284265084722224,.0368008574899076,.0256916458030842,.416493829183262,stata_areg_centered_student_vce_unadjusted,303,757999
16847,All,stem_enrollment_m1,-.127937529639577,-.0627101636774466,.110439241827429,.274098455770802,stata_areg_centered_student_vce_unadjusted,13,757999
16849,All,stem_enrollment_m1,-.107840899218584,-.0426135332564539,.0968554297708982,.284264994291291,stata_areg_centered_student_vce_unadjusted,17,757999
16851,All,stem_enrollment_m1,-.205055992101243,-.139828626139113,.0747703463124067,.274637967875296,stata_areg_centered_student_vce_unadjusted,64,757999
16856,All,stem_enrollment_m1,-.0380482748103254,.0271790911518047,.0582336368096104,.431627987230583,stata_areg_centered_student_vce_unadjusted,77,757999
16857,All,stem_enrollment_m1,-.262327696800728,-.197100330838598,.160443631285573,.0955074877182908,stata_areg_centered_student_vce_unadjusted,6,757999
16883,All,stem_enrollment_m1,-.293035086469972,-.227807720507842,.389682683108283,.,stata_areg_centered_student_vce_unadjusted,1,757999
16886,All,stem_enrollment_m1,-.108446644315487,-.0432192783533571,.0287154949237022,.349541496471589,stata_areg_centered_student_vce_unadjusted,209,757999
16887,All,stem_enrollment_m1,.0366265765120706,.101853942474201,.0843141079262055,.365734288790066,stata_areg_centered_student_vce_unadjusted,22,757999
16892,All,stem_enrollment_m1,-.0798598890725757,-.0146325231104457,.0526939334677338,.323152302265967,stata_areg_centered_student_vce_unadjusted,59,757999
16896,All,stem_enrollment_m1,-.340747616716386,-.275520250754256,.390745777991619,.,stata_areg_centered_student_vce_unadjusted,1,757999
16915,All,stem_enrollment_m1,-.26973309278448,-.20450572682235,.0759666627722753,.203124844430916,stata_areg_centered_student_vce_unadjusted,30,757999
16919,All,stem_enrollment_m1,-.232312676521611,-.167085310559481,.124449304617047,.286527133168956,stata_areg_centered_student_vce_unadjusted,14,757999
16922,All,stem_enrollment_m1,-.131917866500746,-.0666905005386165,.0849285651202482,.274164604289626,stata_areg_centered_student_vce_unadjusted,22,757999
16923,All,stem_enrollment_m1,-.0489874838231588,.0162398821389712,.0459705974109695,.415239804239296,stata_areg_centered_student_vce_unadjusted,123,757999
16932,All,stem_enrollment_m1,-.0951334564795886,-.0299060905174586,.037099937920326,.383090500392121,stata_areg_centered_student_vce_unadjusted,116,757999
16935,All,stem_enrollment_m1,-.299164334100476,-.233936968138346,.389992381298675,.,stata_areg_centered_student_vce_unadjusted,1,757999
16942,All,stem_enrollment_m1,-.129426926936695,-.0641995609745649,.0518704911883013,.311106499086132,stata_areg_centered_student_vce_unadjusted,75,757999
16945,All,stem_enrollment_m1,-.0494776279661131,.0157497379960169,.0893154488747682,.44984329644141,stata_areg_centered_student_vce_unadjusted,29,757999
16955,All,stem_enrollment_m1,-.0453240386558234,.0199033273063066,.0801238621255588,.387589994301698,stata_areg_centered_student_vce_unadjusted,78,757999
16958,All,stem_enrollment_m1,-.157192675889738,-.0919653099276085,.0474412447404668,.299002719316683,stata_areg_centered_student_vce_unadjusted,95,757999
16978,All,stem_enrollment_m1,-.174023109799669,-.108795743837539,.111433341480906,.335824788585067,stata_areg_centered_student_vce_unadjusted,24,757999
16985,All,stem_enrollment_m1,-.123403739487982,-.0581763735258524,.0472748764705991,.292742570766653,stata_areg_centered_student_vce_unadjusted,146,757999
16993,All,stem_enrollment_m1,-.0779498141916925,-.0127224482295625,.0607810452754821,.299656311923202,stata_areg_centered_student_vce_unadjusted,42,757999
16997,All,stem_enrollment_m1,-.084055012287163,-.018827646325033,.0491193217582365,.376948123234758,stata_areg_centered_student_vce_unadjusted,86,757999
17600,All,stem_enrollment_m1,-.119961769432815,-.0547344034706849,.0334230031891988,.38556866076394,stata_areg_centered_student_vce_unadjusted,620,757999
17602,All,stem_enrollment_m1,.146426985391318,.211654351353448,.118067074166328,.481262249315519,stata_areg_centered_student_vce_unadjusted,11,757999
17605,All,stem_enrollment_m1,-.0488706999884679,.0163566659736621,.0389069573300275,.401314208641167,stata_areg_centered_student_vce_unadjusted,282,757999
17606,All,stem_enrollment_m1,-.126197619068922,-.0609702531067923,.0378784084925173,.405019296477575,stata_areg_centered_student_vce_unadjusted,349,757999
17607,All,stem_enrollment_m1,-.120712921987657,-.0554855560255269,.0405752556672129,.404760267357962,stata_areg_centered_student_vce_unadjusted,182,757999
17634,All,stem_enrollment_m1,-.07867913598471,-.0134517700225799,.067079190263406,.391640686237809,stata_areg_centered_student_vce_unadjusted,86,757999
17635,All,stem_enrollment_m1,-.00263780122747425,.0625895647346558,.037403700993439,.426857027881294,stata_areg_centered_student_vce_unadjusted,479,757999
17643,All,stem_enrollment_m1,-.133497344528456,-.0682699785663262,.0609182589705216,.314118992661729,stata_areg_centered_student_vce_unadjusted,46,757999
17652,All,stem_enrollment_m1,-.149216240328153,-.0839888743660227,.0702417795873827,.418940816958557,stata_areg_centered_student_vce_unadjusted,158,757999
17654,All,stem_enrollment_m1,-.0953255980839185,-.0300982321217885,.0520552005204026,.322352215137599,stata_areg_centered_student_vce_unadjusted,60,757999
17657,All,stem_enrollment_m1,-.0975849004972677,-.0323575345351377,.0447122173343588,.426016808007711,stata_areg_centered_student_vce_unadjusted,317,757999
17658,All,stem_enrollment_m1,-.0683400851129662,-.00311271915083614,.0554136221738236,.439197173855795,stata_areg_centered_student_vce_unadjusted,52,757999
17660,All,stem_enrollment_m1,.0744528140204157,.139680179982546,.0763916056523162,.423010690114746,stata_areg_centered_student_vce_unadjusted,99,757999
17662,All,stem_enrollment_m1,-.11095871953808,-.0457313535759503,.0287102554992347,.329225106239789,stata_areg_centered_student_vce_unadjusted,445,757999
17687,All,stem_enrollment_m1,-.0808519828447106,-.0156246168825806,.0559412089098461,.415609248533907,stata_areg_centered_student_vce_unadjusted,286,757999
17698,All,stem_enrollment_m1,-.23738209781383,-.1721547318517,.118217932103643,.161944249883801,stata_areg_centered_student_vce_unadjusted,11,757999
17701,All,stem_enrollment_m1,-.117410778741387,-.0521834127792566,.0458219350072898,.29369430111984,stata_areg_centered_student_vce_unadjusted,76,757999
17703,All,stem_enrollment_m1,.00175261624090916,.0669799822030392,.040657872078364,.401057543839266,stata_areg_centered_student_vce_unadjusted,284,757999
17708,All,stem_enrollment_m1,-.0810597985312732,-.0158324325691432,.0880473927211922,.438681132477443,stata_areg_centered_student_vce_unadjusted,101,757999
17719,All,stem_enrollment_m1,-.130736118388457,-.0655087524263273,.0928074027261412,.410492750835402,stata_areg_centered_student_vce_unadjusted,130,757999
17725,All,stem_enrollment_m1,-.0194370489891281,.0457903169730019,.058241639226713,.362259545781703,stata_areg_centered_student_vce_unadjusted,166,757999
17726,All,stem_enrollment_m1,-.0268491245520072,.0383782414101229,.108726908096233,.343044890871311,stata_areg_centered_student_vce_unadjusted,13,757999
17728,All,stem_enrollment_m1,-.0932926773151181,-.028065311352988,.0868480947677385,.416995304807126,stata_areg_centered_student_vce_unadjusted,115,757999
17734,All,stem_enrollment_m1,-.134284247025033,-.0690568810629028,.0541496692138229,.379531531985866,stata_areg_centered_student_vce_unadjusted,87,757999
17735,All,stem_enrollment_m1,-.107669739807645,-.0424423738455147,.0332944081924985,.348267574787394,stata_areg_centered_student_vce_unadjusted,200,757999
17736,All,stem_enrollment_m1,-.0157698136455473,.0494575523165827,.034484607260857,.396810549577151,stata_areg_centered_student_vce_unadjusted,224,757999
17737,All,stem_enrollment_m1,-.133900590123759,-.0686732241616292,.0673215424203906,.246974356740229,stata_areg_centered_student_vce_unadjusted,50,757999
17746,All,stem_enrollment_m1,-.0142004800187401,.0510268859433899,.0876610084934759,.379265030208951,stata_areg_centered_student_vce_unadjusted,23,757999
17750,All,stem_enrollment_m1,.0389645337471069,.104191899709237,.022427285551366,.494708504735266,stata_areg_centered_student_vce_unadjusted,817,757999
17751,All,stem_enrollment_m1,-.0414272094891283,.0238001564730017,.100558206625108,.382610143645142,stata_areg_centered_student_vce_unadjusted,16,757999
17754,All,stem_enrollment_m1,-.0611455528802868,.00408181308184326,.0878540436600692,.288084566248347,stata_areg_centered_student_vce_unadjusted,20,757999
17762,All,stem_enrollment_m1,-.226907045974988,-.161679680012858,.39848169426833,.,stata_areg_centered_student_vce_unadjusted,1,757999
17765,All,stem_enrollment_m1,-.049499779202847,.0157275867592831,.0444358273710269,.377830938646588,stata_areg_centered_student_vce_unadjusted,295,757999
17772,All,stem_enrollment_m1,-.106781543443998,-.0415541774818682,.0276404246699172,.369707133719993,stata_areg_centered_student_vce_unadjusted,469,757999
17778,All,stem_enrollment_m1,-.0446410508240636,.0205863151380664,.0386122837235328,.402228912637644,stata_areg_centered_student_vce_unadjusted,322,757999
17779,All,stem_enrollment_m1,-.0663422039104782,-.00111483794834819,.0459347135211706,.399640390795357,stata_areg_centered_student_vce_unadjusted,140,757999
17782,All,stem_enrollment_m1,-.13322188446149,-.0679945184993595,.0410634896346173,.313103756052099,stata_areg_centered_student_vce_unadjusted,138,757999
17787,All,stem_enrollment_m1,-.278865756071417,-.213638390109287,.389909052616023,.,stata_areg_centered_student_vce_unadjusted,1,757999
17788,All,stem_enrollment_m1,-.0372836122903356,.0279437536717944,.0253810463971541,.409527066696162,stata_areg_centered_student_vce_unadjusted,460,757999
17790,All,stem_enrollment_m1,-.119242857752275,-.0540154917901452,.0357538750216953,.308958862289669,stata_areg_centered_student_vce_unadjusted,345,757999
17793,All,stem_enrollment_m1,-.040968625302744,.024258740659386,.035047611111853,.392842462850276,stata_areg_centered_student_vce_unadjusted,262,757999
17794,All,stem_enrollment_m1,-.0940461023858215,-.0288187364236914,.0279608536383985,.416147104390392,stata_areg_centered_student_vce_unadjusted,719,757999
17795,All,stem_enrollment_m1,-.0916423004022627,-.0264149344401327,.102215042347417,.159731425004945,stata_areg_centered_student_vce_unadjusted,15,757999
17796,All,stem_enrollment_m1,-.163295315222278,-.098067949260148,.0507891911309884,.247309118518018,stata_areg_centered_student_vce_unadjusted,61,757999
17800,All,stem_enrollment_m1,-.0618531246659856,.00337424129614439,.0400170345907032,.369993288987019,stata_areg_centered_student_vce_unadjusted,280,757999
17810,All,stem_enrollment_m1,-.186093298160902,-.120865932198772,.0440713286481599,.270534345697281,stata_areg_centered_student_vce_unadjusted,102,757999
17812,All,stem_enrollment_m1,-.049953206615164,.015274159346966,.0397950888627095,.40702075936475,stata_areg_centered_student_vce_unadjusted,318,757999
17817,All,stem_enrollment_m1,-.190174166856327,-.124946800894197,.0599206279709278,.31530187276969,stata_areg_centered_student_vce_unadjusted,109,757999
17818,All,stem_enrollment_m1,-.0851602717055286,-.0199329057433986,.0219758121139286,.363296659049381,stata_areg_centered_student_vce_unadjusted,449,757999
17829,All,stem_enrollment_m1,-.0973327726881554,-.0321054067260254,.0586058520036069,.33662076249441,stata_areg_centered_student_vce_unadjusted,46,757999
17833,All,stem_enrollment_m1,-.115491820780191,-.0502644548180609,.0216769912018094,.386791027491647,stata_areg_centered_student_vce_unadjusted,585,757999
17838,All,stem_enrollment_m1,.0824446497182468,.147672015680377,.029370319361994,.446514433699253,stata_areg_centered_student_vce_unadjusted,233,757999
17843,All,stem_enrollment_m1,-.0497363304073205,.0154910355548095,.0250348935701294,.416654047209408,stata_areg_centered_student_vce_unadjusted,557,757999
17846,All,stem_enrollment_m1,-.127997680212791,-.0627703142506608,.119969601188059,.243949529300188,stata_areg_centered_student_vce_unadjusted,11,757999
17847,All,stem_enrollment_m1,-.0237821573590413,.0414452086030888,.0870429110194528,.341978461074716,stata_areg_centered_student_vce_unadjusted,23,757999
17848,All,stem_enrollment_m1,-.124517399763431,-.0592900338013013,.0500715039667621,.303830227657622,stata_areg_centered_student_vce_unadjusted,115,757999
17850,All,stem_enrollment_m1,-.104774563055176,-.0395471970930463,.0330494336495144,.399066758648686,stata_areg_centered_student_vce_unadjusted,515,757999
17854,All,stem_enrollment_m1,-.0308015097599476,.0344258562021824,.0520879474817354,.398041728416573,stata_areg_centered_student_vce_unadjusted,105,757999
17855,All,stem_enrollment_m1,-.0831207350083594,-.0178933690462294,.0313905087710832,.33315461667092,stata_areg_centered_student_vce_unadjusted,251,757999
17857,All,stem_enrollment_m1,-.0237024823086547,.0415248836534753,.0280654265301618,.417221286736908,stata_areg_centered_student_vce_unadjusted,323,757999
17858,All,stem_enrollment_m1,-.0403355535059561,.0248918124561739,.0530909062947186,.417009580339793,stata_areg_centered_student_vce_unadjusted,236,757999
17859,All,stem_enrollment_m1,-.107471553187668,-.0422441872255384,.0401696403923765,.424258662919648,stata_areg_centered_student_vce_unadjusted,393,757999
17860,All,stem_enrollment_m1,-.0403235100900327,.0249038558720973,.0476839462915023,.356690962038394,stata_areg_centered_student_vce_unadjusted,97,757999
17876,All,stem_enrollment_m1,-.141515505279689,-.0762881393175587,.0460559193543305,.386723959340365,stata_areg_centered_student_vce_unadjusted,238,757999
17877,All,stem_enrollment_m1,-.115710070653926,-.0504827046917964,.0475554932579881,.402210390147369,stata_areg_centered_student_vce_unadjusted,326,757999
17879,All,stem_enrollment_m1,-.131865472213683,-.0666381062515533,.029992799926952,.334127554047395,stata_areg_centered_student_vce_unadjusted,180,757999
17880,All,stem_enrollment_m1,-.0706574320141347,-.00543006605200468,.115429756906069,.352876691622082,stata_areg_centered_student_vce_unadjusted,12,757999
17881,All,stem_enrollment_m1,-.11307868560195,-.0478513196398201,.0668550314715092,.320000763543183,stata_areg_centered_student_vce_unadjusted,44,757999
17885,All,stem_enrollment_m1,-.0436050482823211,.0216223176798089,.0239474665247659,.372952563871266,stata_areg_centered_student_vce_unadjusted,745,757999
17892,All,stem_enrollment_m1,-.0474660189214566,.0177613470406734,.0879672468225365,.356560586689374,stata_areg_centered_student_vce_unadjusted,25,757999
17893,All,stem_enrollment_m1,-.198032705161658,-.132805339199528,.0618170383638561,.354482839184575,stata_areg_centered_student_vce_unadjusted,82,757999
17895,All,stem_enrollment_m1,-.0842809231495411,-.0190535571874111,.0394402299404115,.36343621232568,stata_areg_centered_student_vce_unadjusted,285,757999
17900,All,stem_enrollment_m1,-.0535746614449827,.0116527045171473,.0549510622970312,.433926978156247,stata_areg_centered_student_vce_unadjusted,137,757999
17902,All,stem_enrollment_m1,-.106264117101816,-.0410367511396856,.0538292374757391,.38533540763622,stata_areg_centered_student_vce_unadjusted,163,757999
17903,All,stem_enrollment_m1,-.0704196918520509,-.0051923258899209,.0670745892947558,.424875014075929,stata_areg_centered_student_vce_unadjusted,136,757999
17907,All,stem_enrollment_m1,-.11518079886306,-.0499534329009305,.0284393761362307,.361711202437167,stata_areg_centered_student_vce_unadjusted,273,757999
17908,All,stem_enrollment_m1,-.098598409145545,-.033371043183415,.0375085734554684,.405446107208045,stata_areg_centered_student_vce_unadjusted,323,757999
17912,All,stem_enrollment_m1,-.03579154699728,.02943581896485,.0452743354694466,.415398684879617,stata_areg_centered_student_vce_unadjusted,288,757999
17915,All,stem_enrollment_m1,-.0685940930413323,-.00336672707920231,.0362005438076827,.378349710086465,stata_areg_centered_student_vce_unadjusted,179,757999
17918,All,stem_enrollment_m1,-.0450389118131233,.0201884541490067,.0365905402689743,.415538190100207,stata_areg_centered_student_vce_unadjusted,308,757999
17920,All,stem_enrollment_m1,-.127896837417278,-.0626694714551476,.0345111375697146,.352825982778228,stata_areg_centered_student_vce_unadjusted,297,757999
17922,All,stem_enrollment_m1,-.493167800878929,-.427940434916799,.275689187623532,.149625360765549,stata_areg_centered_student_vce_unadjusted,2,757999
18004,All,stem_enrollment_m1,-.138700542024492,-.0734731760623618,.0290331871636184,.333784686863032,stata_areg_centered_student_vce_unadjusted,449,757999
18007,All,stem_enrollment_m1,-.101511540900965,-.0362841749388349,.0382699871280665,.412601045598043,stata_areg_centered_student_vce_unadjusted,239,757999
18009,All,stem_enrollment_m1,-.0593621148186013,.00586525114352874,.0579226469001409,.372053597351983,stata_areg_centered_student_vce_unadjusted,67,757999
18012,All,stem_enrollment_m1,.0918278110261352,.157055176988265,.388969500459561,.,stata_areg_centered_student_vce_unadjusted,1,757999
18017,All,stem_enrollment_m1,-.0112149071440154,.0540124588181146,.045995932119982,.337952368766051,stata_areg_centered_student_vce_unadjusted,131,757999
18021,All,stem_enrollment_m1,-.18908690784538,-.12385954188325,.119945306660863,.401045925648796,stata_areg_centered_student_vce_unadjusted,14,757999
18028,All,stem_enrollment_m1,-.0765490471753902,-.0113216812132602,.0323648553959063,.393041695699833,stata_areg_centered_student_vce_unadjusted,248,757999
18034,All,stem_enrollment_m1,-.0798743240793042,-.0146469581171742,.0384600057425661,.385716179995826,stata_areg_centered_student_vce_unadjusted,263,757999
18035,All,stem_enrollment_m1,.0460905324815808,.111317898443711,.0652230140676724,.425078819787925,stata_areg_centered_student_vce_unadjusted,90,757999
18037,All,stem_enrollment_m1,-.0571695555969065,.00805781036522348,.0592719759029312,.352363730192642,stata_areg_centered_student_vce_unadjusted,89,757999
18045,All,stem_enrollment_m1,-.0950807286335379,-.0298533626714078,.390725364702738,.,stata_areg_centered_student_vce_unadjusted,1,757999
18049,All,stem_enrollment_m1,-.094070723075388,-.028843357113258,.0346491064700717,.402290705350761,stata_areg_centered_student_vce_unadjusted,279,757999
18050,All,stem_enrollment_m1,-.0969865778579283,-.0317592118957983,.0495821184463259,.394349128581337,stata_areg_centered_student_vce_unadjusted,121,757999
18054,All,stem_enrollment_m1,-.0707808320918963,-.00555346612976629,.0517739296128713,.333989124018196,stata_areg_centered_student_vce_unadjusted,63,757999
18055,All,stem_enrollment_m1,-.0610530813112592,.00417428465087082,.0728858534961219,.485270300917214,stata_areg_centered_student_vce_unadjusted,52,757999
18065,All,stem_enrollment_m1,-.237976261880314,-.172748895918184,.390873339601751,.,stata_areg_centered_student_vce_unadjusted,1,757999
18066,All,stem_enrollment_m1,-.0534616090654899,.0117657568966401,.0252678121025346,.388269109160843,stata_areg_centered_student_vce_unadjusted,440,757999
18075,All,stem_enrollment_m1,.00646545380143676,.0716928197635668,.0688198543794992,.425172108040571,stata_areg_centered_student_vce_unadjusted,58,757999
18080,All,stem_enrollment_m1,.0572220495166407,.122449415478771,.0405649720078745,.42180811940719,stata_areg_centered_student_vce_unadjusted,279,757999
18082,All,stem_enrollment_m1,-.109705551979228,-.0444781860170975,.0720179413995369,.272764465750814,stata_areg_centered_student_vce_unadjusted,30,757999
18087,All,stem_enrollment_m1,-.0478727182532815,.0173546477088485,.0581567680499502,.393803022206083,stata_areg_centered_student_vce_unadjusted,148,757999
18090,All,stem_enrollment_m1,-.114399584481228,-.0491722185190976,.052066870282002,.318681880725658,stata_areg_centered_student_vce_unadjusted,87,757999
18097,All,stem_enrollment_m1,-.0292719333590657,.0359554326030644,.0406336230041273,.433706187642966,stata_areg_centered_student_vce_unadjusted,447,757999
18099,All,stem_enrollment_m1,-.109338866667683,-.0441115007055529,.0557967061089652,.287096898953546,stata_areg_centered_student_vce_unadjusted,64,757999
18112,All,stem_enrollment_m1,-.095488141496481,-.030260775534351,.0754908543676038,.350399625215466,stata_areg_centered_student_vce_unadjusted,84,757999
18114,All,stem_enrollment_m1,-.0168602766194698,.0483670893426602,.0581623331887626,.429920912351829,stata_areg_centered_student_vce_unadjusted,106,757999
18124,All,stem_enrollment_m1,-.140052253193694,-.0748248872315644,.0556204209938636,.371281957963287,stata_areg_centered_student_vce_unadjusted,125,757999
18126,All,stem_enrollment_m1,.00595292672076895,.071180292682899,.0915542753978923,.39453096766705,stata_areg_centered_student_vce_unadjusted,19,757999
18128,All,stem_enrollment_m1,-.0385214052525826,.0267059607095475,.0459847948673684,.439422618961532,stata_areg_centered_student_vce_unadjusted,128,757999
18149,All,stem_enrollment_m1,-.332789463242909,-.267562097280779,.388745896965523,.,stata_areg_centered_student_vce_unadjusted,1,757999
18163,All,stem_enrollment_m1,-.155327410751244,-.0901000447891143,.16179120252195,.37267066401157,stata_areg_centered_student_vce_unadjusted,6,757999
18166,All,stem_enrollment_m1,-.219489492007431,-.154262126045301,.194993425426912,.125635300781321,stata_areg_centered_student_vce_unadjusted,4,757999
18172,All,stem_enrollment_m1,-.0741119818691271,-.00888461590699711,.0370484849283923,.387379462068436,stata_areg_centered_student_vce_unadjusted,274,757999
18181,All,stem_enrollment_m1,-.121567003399407,-.0563396374372765,.0431705653285371,.401016942941039,stata_areg_centered_student_vce_unadjusted,276,757999
18199,All,stem_enrollment_m1,-.122733629650585,-.0575062636884545,.0369455934327531,.357854124447265,stata_areg_centered_student_vce_unadjusted,222,757999
18216,All,stem_enrollment_m1,-.116263652582043,-.0510362866199129,.0549796762322471,.417484850472185,stata_areg_centered_student_vce_unadjusted,80,757999
18218,All,stem_enrollment_m1,-.0578846397691294,.00734272619300066,.0430881370108687,.340519776727112,stata_areg_centered_student_vce_unadjusted,111,757999
18220,All,stem_enrollment_m1,.0284146797841995,.0936420457463295,.070916333346669,.414330239243057,stata_areg_centered_student_vce_unadjusted,159,757999
18223,All,stem_enrollment_m1,-.0648976137030968,.000329752259033228,.390118909828965,.,stata_areg_centered_student_vce_unadjusted,1,757999
18237,All,stem_enrollment_m1,-.0922266711107505,-.0269993051486205,.0427380347375463,.396843231799544,stata_areg_centered_student_vce_unadjusted,294,757999
18241,All,stem_enrollment_m1,-.15068930849811,-.0854619425359804,.0578226899114959,.268064561378241,stata_areg_centered_student_vce_unadjusted,48,757999
18244,All,stem_enrollment_m1,-.11818992369827,-.0529625577361395,.147779799574499,.0930125175776314,stata_areg_centered_student_vce_unadjusted,7,757999
18248,All,stem_enrollment_m1,-.30050043454413,-.235273068582,.0835213970633472,.120623140343719,stata_areg_centered_student_vce_unadjusted,22,757999
18249,All,stem_enrollment_m1,-.127451874515901,-.0622245085537708,.0617748591818565,.314579138542449,stata_areg_centered_student_vce_unadjusted,67,757999
18251,All,stem_enrollment_m1,-.0140487881510319,.0511785778110981,.0469718970029456,.429536937384551,stata_areg_centered_student_vce_unadjusted,110,757999
19906,All,stem_enrollment_m1,-.0813268370153437,-.0160994710532137,.0227851663437477,.361710701145242,stata_areg_centered_student_vce_unadjusted,596,757999
19908,All,stem_enrollment_m1,-.184683122446076,-.119455756483946,.0664575842302868,.453044579099761,stata_areg_centered_student_vce_unadjusted,219,757999
19913,All,stem_enrollment_m1,-.094357506047241,-.029130140085111,.036174392392386,.309865584267253,stata_areg_centered_student_vce_unadjusted,223,757999
19921,All,stem_enrollment_m1,-.146166463828713,-.0809390978665829,.0415764748763026,.339500017198542,stata_areg_centered_student_vce_unadjusted,126,757999
19922,All,stem_enrollment_m1,-.250466976758349,-.185239610796219,.139430562641875,.124098382087841,stata_areg_centered_student_vce_unadjusted,8,757999
19923,All,stem_enrollment_m1,-.0472632865377976,.0179640794243324,.148140385579739,.347970868935485,stata_areg_centered_student_vce_unadjusted,7,757999
19925,All,stem_enrollment_m1,-.123263274068355,-.0580359081062252,.0367980848029726,.268753289079829,stata_areg_centered_student_vce_unadjusted,160,757999
19949,All,stem_enrollment_m1,-.179202140046756,-.113974774084626,.395072328104459,.,stata_areg_centered_student_vce_unadjusted,1,757999
19952,All,stem_enrollment_m1,-.144495321731077,-.0792679557689465,.0451245436846646,.35346090458186,stata_areg_centered_student_vce_unadjusted,275,757999
19953,All,stem_enrollment_m1,-.152914563609777,-.0876871976476468,.0814268786318274,.178152403213131,stata_areg_centered_student_vce_unadjusted,27,757999
19954,All,stem_enrollment_m1,-.0875550784496818,-.0223277124875517,.0626155830374706,.377919295504634,stata_areg_centered_student_vce_unadjusted,64,757999
19959,All,stem_enrollment_m1,-.125972496802105,-.0607451308399748,.0517751113682743,.330461183629251,stata_areg_centered_student_vce_unadjusted,60,757999
19962,All,stem_enrollment_m1,-.10095860132948,-.0357312353673499,.0657995358436915,.402511953291372,stata_areg_centered_student_vce_unadjusted,58,757999
19968,All,stem_enrollment_m1,-.0582465059982218,.00698085996390824,.0460685993679004,.425478224349657,stata_areg_centered_student_vce_unadjusted,150,757999
19972,All,stem_enrollment_m1,-.102795627382721,-.0375682614205913,.0608400039155395,.406653165714852,stata_areg_centered_student_vce_unadjusted,60,757999
19974,All,stem_enrollment_m1,.0417739154364741,.107001281398604,.0292284760759606,.433408308869605,stata_areg_centered_student_vce_unadjusted,209,757999
19981,All,stem_enrollment_m1,.0692143459426131,.134441711904743,.0848841411082649,.443712929692741,stata_areg_centered_student_vce_unadjusted,117,757999
19983,All,stem_enrollment_m1,-.0662021609123701,-.000974794950240054,.0365117186252299,.362709248082283,stata_areg_centered_student_vce_unadjusted,280,757999
19993,All,stem_enrollment_m1,-.193474910764393,-.128247544802263,.0866985180299515,.111792813556043,stata_areg_centered_student_vce_unadjusted,21,757999
20001,All,stem_enrollment_m1,-.177027956425784,-.111800590463654,.0544375712688477,.267298994072356,stata_areg_centered_student_vce_unadjusted,54,757999
20008,All,stem_enrollment_m1,-.164597567593955,-.0993702016318247,.0523027190955818,.313843999292561,stata_areg_centered_student_vce_unadjusted,92,757999
20012,All,stem_enrollment_m1,-.165244880855598,-.100017514893468,.0707148214512698,.139408159604578,stata_areg_centered_student_vce_unadjusted,31,757999
20016,All,stem_enrollment_m1,-.0592732350069118,.00595413095521821,.0464074613931429,.386385623590375,stata_areg_centered_student_vce_unadjusted,87,757999
20025,All,stem_enrollment_m1,-.102956854839477,-.037729488877347,.0435875720978597,.415086531960017,stata_areg_centered_student_vce_unadjusted,260,757999
20026,All,stem_enrollment_m1,-.319124586006763,-.253897220044633,.390714875681574,.,stata_areg_centered_student_vce_unadjusted,1,757999
20037,All,stem_enrollment_m1,-.0757478044625572,-.0105204385004272,.0331103510738631,.343746409291747,stata_areg_centered_student_vce_unadjusted,149,757999
20041,All,stem_enrollment_m1,.0345478606287805,.0997752265909105,.0488866364960031,.352764848346472,stata_areg_centered_student_vce_unadjusted,84,757999
20043,All,stem_enrollment_m1,-.0662038698033735,-.000976503841243495,.0938510750591405,.288093696886353,stata_areg_centered_student_vce_unadjusted,19,757999
20044,All,stem_enrollment_m1,-.11661633462637,-.0513889686642398,.0437736829427999,.285279593384837,stata_areg_centered_student_vce_unadjusted,83,757999
20048,All,stem_enrollment_m1,-.0658009285610331,-.00057356259890308,.041151163965728,.401777907280056,stata_areg_centered_student_vce_unadjusted,248,757999
20052,All,stem_enrollment_m1,-.0333567841390551,.0318705818230749,.0402319092705983,.322697288899887,stata_areg_centered_student_vce_unadjusted,148,757999
20053,All,stem_enrollment_m1,-.149575924619221,-.0843485586570909,.0601176690473809,.286478650846663,stata_areg_centered_student_vce_unadjusted,47,757999
20063,All,stem_enrollment_m1,-.113806046478501,-.0485786805163711,.0507196647602674,.263914407532157,stata_areg_centered_student_vce_unadjusted,62,757999
20066,All,stem_enrollment_m1,-.208866997593626,-.143639631631496,.275924613263118,.0391758783978776,stata_areg_centered_student_vce_unadjusted,2,757999
20068,All,stem_enrollment_m1,-.0614568330883519,.00377053287377811,.0585928723989922,.381084033984179,stata_areg_centered_student_vce_unadjusted,101,757999
20073,All,stem_enrollment_m1,-.188508198720053,-.123280832757923,.110909607114779,.135733384711256,stata_areg_centered_student_vce_unadjusted,13,757999
20074,All,stem_enrollment_m1,-.08446004549255,-.01923267953042,.0507464598977904,.436691554998054,stata_areg_centered_student_vce_unadjusted,126,757999
20078,All,stem_enrollment_m1,-.193283120517,-.12805575455487,.108410814108838,.134179071174528,stata_areg_centered_student_vce_unadjusted,13,757999
20085,All,stem_enrollment_m1,-.126281347597476,-.0610539816353463,.0509640032894388,.373493900424818,stata_areg_centered_student_vce_unadjusted,67,757999
20089,All,stem_enrollment_m1,-.120326883622367,-.055099517660237,.0868827169522412,.324656080597843,stata_areg_centered_student_vce_unadjusted,22,757999
20090,All,stem_enrollment_m1,-.117621397121833,-.0523940311597031,.0520926236044072,.385068526150079,stata_areg_centered_student_vce_unadjusted,128,757999
20091,All,stem_enrollment_m1,-.0758665177185029,-.0106391517563729,.0361359786558064,.430051894628521,stata_areg_centered_student_vce_unadjusted,234,757999
20095,All,stem_enrollment_m1,-.145941705768081,-.0807143398059506,.0728347825538905,.282417673182074,stata_areg_centered_student_vce_unadjusted,37,757999
20096,All,stem_enrollment_m1,-.308820593730824,-.243593227768694,.389161699923933,.,stata_areg_centered_student_vce_unadjusted,1,757999
20102,All,stem_enrollment_m1,-.249985365169732,-.184757999207602,.139465632695171,.125660100305089,stata_areg_centered_student_vce_unadjusted,8,757999
20103,All,stem_enrollment_m1,-.083506457614064,-.018279091651934,.04110289807922,.336897169017242,stata_areg_centered_student_vce_unadjusted,164,757999
20114,All,stem_enrollment_m1,-.0288837521685517,.0363436137935783,.10547263454847,.332737580866104,stata_areg_centered_student_vce_unadjusted,14,757999
20127,All,stem_enrollment_m1,-.138776682817431,-.073549316855301,.0561792583140136,.318011741342435,stata_areg_centered_student_vce_unadjusted,52,757999
20129,All,stem_enrollment_m1,-.0858989334480623,-.0206715674859323,.0360973840833113,.39097065170241,stata_areg_centered_student_vce_unadjusted,170,757999
20131,All,stem_enrollment_m1,-.111250339593592,-.0460229736314618,.131158054697916,.302970762638516,stata_areg_centered_student_vce_unadjusted,9,757999
20136,All,stem_enrollment_m1,-.110718165267693,-.0454907993055628,.0573114059549398,.336560932867222,stata_areg_centered_student_vce_unadjusted,51,757999
20137,All,stem_enrollment_m1,-.0948911046209432,-.0296637386588132,.0416878145433079,.418324562695011,stata_areg_centered_student_vce_unadjusted,288,757999
20139,All,stem_enrollment_m1,-.135092720095187,-.0698653541330574,.0334793764453433,.276466130491305,stata_areg_centered_student_vce_unadjusted,184,757999
20151,All,stem_enrollment_m1,-.170714189420718,-.105486823458588,.0733607208875021,.287546383232198,stata_areg_centered_student_vce_unadjusted,29,757999
20153,All,stem_enrollment_m1,-.032697301969524,.0325300639926061,.0597289942518528,.360361105711868,stata_areg_centered_student_vce_unadjusted,92,757999
20158,All,stem_enrollment_m1,-.0946611926420192,-.0294338266798892,.0508304239391213,.380350552764335,stata_areg_centered_student_vce_unadjusted,67,757999
20159,All,stem_enrollment_m1,-.0627170657982584,.00251030016387163,.0189775316641552,.383108088341163,stata_areg_centered_student_vce_unadjusted,718,757999
20161,All,stem_enrollment_m1,-.382088458054292,-.316861092092162,.389629204365185,.,stata_areg_centered_student_vce_unadjusted,1,757999
20162,All,stem_enrollment_m1,-.107466711324582,-.0422393453624517,.141035249889406,.131397610094997,stata_areg_centered_student_vce_unadjusted,8,757999
20164,All,stem_enrollment_m1,-.061264052102522,.00396331385960805,.0561956227818054,.420970428577948,stata_areg_centered_student_vce_unadjusted,79,757999
20167,All,stem_enrollment_m1,-.0846630427454606,-.0194356767833306,.0312576356200833,.378503642136688,stata_areg_centered_student_vce_unadjusted,267,757999
20173,All,stem_enrollment_m1,.000346023285372757,.0655733892475028,.0300700977669266,.433082352853534,stata_areg_centered_student_vce_unadjusted,266,757999
20175,All,stem_enrollment_m1,-.16827542349875,-.10304805753662,.0590237863648344,.280766173022278,stata_areg_centered_student_vce_unadjusted,63,757999
20176,All,stem_enrollment_m1,-.114182026355939,-.0489546603938088,.0480790571295622,.309044078888246,stata_areg_centered_student_vce_unadjusted,68,757999
20181,All,stem_enrollment_m1,-.0614611520794217,.00376621388270828,.0436737179211829,.414335070169906,stata_areg_centered_student_vce_unadjusted,168,757999
20184,All,stem_enrollment_m1,-.172510268349356,-.107282902387226,.0520228045974868,.282713459595283,stata_areg_centered_student_vce_unadjusted,59,757999
20193,All,stem_enrollment_m1,-.0413222188567656,.0239051471053644,.094966673811977,.337448524046156,stata_areg_centered_student_vce_unadjusted,18,757999
20194,All,stem_enrollment_m1,-.102626596001857,-.0373992300397265,.0614990466432303,.388530504375114,stata_areg_centered_student_vce_unadjusted,87,757999
20196,All,stem_enrollment_m1,-.233680304980703,-.168452939018573,.0833868899168163,.12977362931013,stata_areg_centered_student_vce_unadjusted,23,757999
20205,All,stem_enrollment_m1,-.0475473815753667,.0176799843867633,.0473866659621484,.391827351258292,stata_areg_centered_student_vce_unadjusted,114,757999
20208,All,stem_enrollment_m1,-.301805906640738,-.236578540678608,.197385197999758,.0657952366707577,stata_areg_centered_student_vce_unadjusted,4,757999
20209,All,stem_enrollment_m1,-.101367207007216,-.0361398410450857,.0551699083206572,.380287798944987,stata_areg_centered_student_vce_unadjusted,83,757999
20213,All,stem_enrollment_m1,-.127669374986439,-.0624420090243092,.0464068699549732,.345471159817616,stata_areg_centered_student_vce_unadjusted,101,757999
20214,All,stem_enrollment_m1,-.0804253774965284,-.0151980115343983,.0648186218968188,.356996123395509,stata_areg_centered_student_vce_unadjusted,37,757999
20215,All,stem_enrollment_m1,.0717926480167147,.137020013978845,.195576136749068,.356869009068605,stata_areg_centered_student_vce_unadjusted,4,757999
20219,All,stem_enrollment_m1,-.090677521759703,-.0254501557975729,.0629432316814228,.371444546722107,stata_areg_centered_student_vce_unadjusted,76,757999
20226,All,stem_enrollment_m1,-.0979857736694697,-.0327584077073397,.0877615457807931,.278020172558534,stata_areg_centered_student_vce_unadjusted,20,757999
20230,All,stem_enrollment_m1,-.0785825667142111,-.0133552007520811,.0517216416850723,.290469634832743,stata_areg_centered_student_vce_unadjusted,59,757999
20231,All,stem_enrollment_m1,.14856139123358,.21378875719571,.123833211179772,.513322396495319,stata_areg_centered_student_vce_unadjusted,10,757999
20232,All,stem_enrollment_m1,-.224364602487613,-.159137236525483,.130495333817573,.121417694699444,stata_areg_centered_student_vce_unadjusted,9,757999
20235,All,stem_enrollment_m1,-.0790201977593838,-.0137928317972538,.0391703326630577,.422819935877307,stata_areg_centered_student_vce_unadjusted,231,757999
20244,All,stem_enrollment_m1,-.15421884975976,-.0889914837976302,.123747304790672,.143946012792586,stata_areg_centered_student_vce_unadjusted,10,757999
20245,All,stem_enrollment_m1,-.177768989736068,-.112541623773938,.149640352961045,.140476225937351,stata_areg_centered_student_vce_unadjusted,7,757999
20248,All,stem_enrollment_m1,-.0186103478502499,.0466170181118801,.0551171107775694,.381609549450326,stata_areg_centered_student_vce_unadjusted,105,757999
20258,All,stem_enrollment_m1,-.0414389380562538,.0237884279058762,.0370539592845118,.400470049184748,stata_areg_centered_student_vce_unadjusted,325,757999
20260,All,stem_enrollment_m1,-.0410448786027169,.0241824873594131,.275735109851189,.104582643928297,stata_areg_centered_student_vce_unadjusted,2,757999
20261,All,stem_enrollment_m1,-.111503211562613,-.0462758456004832,.0666982296838154,.323193637867207,stata_areg_centered_student_vce_unadjusted,35,757999
20266,All,stem_enrollment_m1,.0319638341674006,.0971912001295306,.0576052687957818,.432470137266767,stata_areg_centered_student_vce_unadjusted,260,757999
20270,All,stem_enrollment_m1,-.156652452298949,-.0914250863368186,.0772313044768346,.20191241409791,stata_areg_centered_student_vce_unadjusted,26,757999
20274,All,stem_enrollment_m1,-.120993049460449,-.0557656834983187,.0468582946403764,.367332435780368,stata_areg_centered_student_vce_unadjusted,142,757999
20277,All,stem_enrollment_m1,-.106856662623525,-.0416292966613947,.389745818359285,.,stata_areg_centered_student_vce_unadjusted,1,757999
20278,All,stem_enrollment_m1,-.135350161077941,-.0701227951158109,.118838837202606,.161127838886507,stata_areg_centered_student_vce_unadjusted,11,757999
20290,All,stem_enrollment_m1,-.052773342082569,.0124540238795611,.0367403793725322,.403183337506441,stata_areg_centered_student_vce_unadjusted,211,757999
20298,All,stem_enrollment_m1,.312547010602394,.377774376564524,.0753311655637805,.500785524271426,stata_areg_centered_student_vce_unadjusted,51,757999
20299,All,stem_enrollment_m1,-.15545836402533,-.0902309980631998,.0527971624374497,.310911027769401,stata_areg_centered_student_vce_unadjusted,64,757999
20308,All,stem_enrollment_m1,-.0511697269248843,.0140576390372457,.0731769885734587,.400804059327395,stata_areg_centered_student_vce_unadjusted,54,757999
20310,All,stem_enrollment_m1,-.199616932663274,-.134389566701144,.0850874543879541,.30727280674586,stata_areg_centered_student_vce_unadjusted,21,757999
20311,All,stem_enrollment_m1,-.0583754857336784,.00685188022845157,.157340296381813,.453870262769248,stata_areg_centered_student_vce_unadjusted,52,757999
20316,All,stem_enrollment_m1,-.120125038329535,-.0548976723674045,.0509207623014068,.321089633036621,stata_areg_centered_student_vce_unadjusted,61,757999
20324,All,stem_enrollment_m1,-.118691561286432,-.0534641953243024,.0450823319092302,.381124290118414,stata_areg_centered_student_vce_unadjusted,126,757999
20326,All,stem_enrollment_m1,-.146232746497743,-.0810053805356134,.0984968065529494,.292470468043587,stata_areg_centered_student_vce_unadjusted,16,757999
20347,All,stem_enrollment_m1,-.0931065159161136,-.0278791499539835,.0545520105390779,.319196438681143,stata_areg_centered_student_vce_unadjusted,55,757999
20348,All,stem_enrollment_m1,-.148062505690658,-.082835139728528,.0420658583989021,.39296729664903,stata_areg_centered_student_vce_unadjusted,170,757999
20352,All,stem_enrollment_m1,-.0658918310114976,-.000664465049367527,.0331606124377921,.34794007557815,stata_areg_centered_student_vce_unadjusted,381,757999
20356,All,stem_enrollment_m1,.0371774579347519,.102404823896882,.0503246567936133,.396243600322185,stata_areg_centered_student_vce_unadjusted,62,757999
20359,All,stem_enrollment_m1,-.152483008011974,-.087255642049844,.112745779628134,.250185099672198,stata_areg_centered_student_vce_unadjusted,12,757999
20361,All,stem_enrollment_m1,-.249212103771369,-.183984737809239,.0945628931521044,.0971498192967982,stata_areg_centered_student_vce_unadjusted,19,757999
20364,All,stem_enrollment_m1,-.153187894046281,-.0879605280841509,.0279047564327517,.386323005032798,stata_areg_centered_student_vce_unadjusted,328,757999
20376,All,stem_enrollment_m1,-.108733022410023,-.0435056564478934,.0418371636469789,.305194572215776,stata_areg_centered_student_vce_unadjusted,123,757999
20388,All,stem_enrollment_m1,-.284058457217991,-.218831091255861,.248603942061526,.0807416179788761,stata_areg_centered_student_vce_unadjusted,3,757999
20393,All,stem_enrollment_m1,-.159073613148524,-.0938462471863944,.0633471301844183,.251779371526804,stata_areg_centered_student_vce_unadjusted,42,757999
20395,All,stem_enrollment_m1,-.047410163734408,.017817202227722,.0501016558580107,.349002388214651,stata_areg_centered_student_vce_unadjusted,64,757999
20399,All,stem_enrollment_m1,-.21174075621796,-.14651339025583,.100120531438594,.262857703750909,stata_areg_centered_student_vce_unadjusted,16,757999
20400,All,stem_enrollment_m1,.0052076865541184,.0704350525162484,.0747376631391762,.338962275628708,stata_areg_centered_student_vce_unadjusted,65,757999
20402,All,stem_enrollment_m1,-.00368733566046921,.0615400303016608,.113084475782419,.422359132922936,stata_areg_centered_student_vce_unadjusted,12,757999
20404,All,stem_enrollment_m1,-.23210692679757,-.16687956083544,.0661300489646978,.198990336371021,stata_areg_centered_student_vce_unadjusted,35,757999
20406,All,stem_enrollment_m1,-.0736725193119194,-.00844515334978936,.069585812239464,.347100290132863,stata_areg_centered_student_vce_unadjusted,32,757999
20409,All,stem_enrollment_m1,-.21161963864977,-.14639227268764,.0958955225019479,.126393393870976,stata_areg_centered_student_vce_unadjusted,18,757999
20410,All,stem_enrollment_m1,-.147240222300652,-.0820128563385216,.100785764921265,.256978601235273,stata_areg_centered_student_vce_unadjusted,17,757999
20411,All,stem_enrollment_m1,-.24915353376509,-.18392616780296,.176827221930095,.100018347394875,stata_areg_centered_student_vce_unadjusted,5,757999
20424,All,stem_enrollment_m1,-.0624290561376479,.00279830982448213,.0455927031413408,.373738489035465,stata_areg_centered_student_vce_unadjusted,99,757999
20425,All,stem_enrollment_m1,-.378966459974398,-.313739094012268,.400737347086013,.,stata_areg_centered_student_vce_unadjusted,1,757999
20436,All,stem_enrollment_m1,-.116063384470854,-.0508360185087237,.0483788455094296,.33506760006929,stata_areg_centered_student_vce_unadjusted,97,757999
20440,All,stem_enrollment_m1,-.152556362296454,-.0873289963343242,.0593317018774185,.250984365694211,stata_areg_centered_student_vce_unadjusted,58,757999
20441,All,stem_enrollment_m1,-.0299140281469915,.0353133378151386,.0428624076247974,.4219702758914,stata_areg_centered_student_vce_unadjusted,132,757999
20443,All,stem_enrollment_m1,-.108824186740793,-.0435968207786629,.0472048550044674,.295196908863821,stata_areg_centered_student_vce_unadjusted,73,757999
20445,All,stem_enrollment_m1,-.124392827981558,-.0591654620194276,.0580642581809139,.387005137029553,stata_areg_centered_student_vce_unadjusted,67,757999
20452,All,stem_enrollment_m1,-.0506874428985919,.0145399230635381,.0887410069110473,.377460276087227,stata_areg_centered_student_vce_unadjusted,20,757999
20460,All,stem_enrollment_m1,-.183373408860967,-.118146042898837,.102708141090394,.126620004722432,stata_areg_centered_student_vce_unadjusted,15,757999
20461,All,stem_enrollment_m1,-.101304268073545,-.036076902111415,.0315495293164375,.371059642060006,stata_areg_centered_student_vce_unadjusted,256,757999
20464,All,stem_enrollment_m1,-.214932308313123,-.149704942350993,.147721072638361,.128048009429986,stata_areg_centered_student_vce_unadjusted,7,757999
20466,All,stem_enrollment_m1,-.119568803332815,-.0543414373706853,.0378800979370977,.301737801207296,stata_areg_centered_student_vce_unadjusted,114,757999
20469,All,stem_enrollment_m1,-.0866935792466069,-.0214662132844769,.0682689855257385,.240878280779723,stata_areg_centered_student_vce_unadjusted,37,757999
20470,All,stem_enrollment_m1,-.147967320905064,-.0827399549429337,.052194650804619,.240529393811206,stata_areg_centered_student_vce_unadjusted,59,757999
20474,All,stem_enrollment_m1,-.0884143846750159,-.0231870187128859,.0940748880150729,.296603525557239,stata_areg_centered_student_vce_unadjusted,24,757999
20475,All,stem_enrollment_m1,-.0817196457235512,-.0164922797614212,.0478524919510663,.388271537869148,stata_areg_centered_student_vce_unadjusted,74,757999
20478,All,stem_enrollment_m1,.144204780365392,.209432146327522,.0262655179269729,.487372791511723,stata_areg_centered_student_vce_unadjusted,503,757999
20484,All,stem_enrollment_m1,-.242638900741232,-.177411534779102,.138004918465721,.122407669311443,stata_areg_centered_student_vce_unadjusted,8,757999
20494,All,stem_enrollment_m1,-.167433432984137,-.102206067022007,.104695781830586,.258721272503393,stata_areg_centered_student_vce_unadjusted,14,757999
20498,All,stem_enrollment_m1,-.108158729479034,-.0429313635169039,.104496761216607,.38345979556546,stata_areg_centered_student_vce_unadjusted,14,757999
20502,All,stem_enrollment_m1,-.0810624358249835,-.0158350698628535,.0774670850110844,.365889670845467,stata_areg_centered_student_vce_unadjusted,35,757999
20503,All,stem_enrollment_m1,-.350138724425521,-.284911358463391,.389267999565124,.,stata_areg_centered_student_vce_unadjusted,1,757999
20505,All,stem_enrollment_m1,-.170174415724429,-.104947049762299,.108669125734608,.264479639353105,stata_areg_centered_student_vce_unadjusted,13,757999
20509,All,stem_enrollment_m1,-.144386949026848,-.0791595830647175,.11504145485289,.150876387463569,stata_areg_centered_student_vce_unadjusted,12,757999
20510,All,stem_enrollment_m1,-.0436046142913578,.0216227516707722,.0947943356589861,.373884889327693,stata_areg_centered_student_vce_unadjusted,17,757999
20513,All,stem_enrollment_m1,-.138178676359302,-.0729513103971716,.0502497953609916,.442656403458334,stata_areg_centered_student_vce_unadjusted,132,757999
20519,All,stem_enrollment_m1,-.173707552836393,-.108480186874263,.0529168265161961,.377968408775741,stata_areg_centered_student_vce_unadjusted,69,757999
20520,All,stem_enrollment_m1,-.0108019001209891,.0544254658411409,.0562606429186083,.420974902831473,stata_areg_centered_student_vce_unadjusted,56,757999
20601,All,stem_enrollment_m1,-.0286675326929385,.0365598332691915,.0553850836649024,.387603762407084,stata_areg_centered_student_vce_unadjusted,62,757999
20631,All,stem_enrollment_m1,-.156549597694847,-.0913222317327167,.224443410092635,.0708450370800661,stata_areg_centered_student_vce_unadjusted,3,757999
20663,All,stem_enrollment_m1,-.359723312083543,-.294495946121413,.159206178351526,.105080226533797,stata_areg_centered_student_vce_unadjusted,6,757999
20665,All,stem_enrollment_m1,-.320531009206454,-.255303643244324,.09957150607576,.316768375532521,stata_areg_centered_student_vce_unadjusted,18,757999
22007,All,stem_enrollment_m1,-.0604431282530032,.00478423770912681,.0462853005911516,.351221910627567,stata_areg_centered_student_vce_unadjusted,194,757999
22010,All,stem_enrollment_m1,-.0511304537285174,.0140969122336126,.389723316241024,.,stata_areg_centered_student_vce_unadjusted,1,757999
22012,All,stem_enrollment_m1,-.117020520514429,-.0517931545522986,.042601085653788,.298914863737815,stata_areg_centered_student_vce_unadjusted,136,757999
22014,All,stem_enrollment_m1,-.154476832435898,-.0892494664737683,.0533994653453957,.37130270134579,stata_areg_centered_student_vce_unadjusted,107,757999
22021,All,stem_enrollment_m1,-.126698162850788,-.0614707968886581,.0376343582695486,.343117653941234,stata_areg_centered_student_vce_unadjusted,181,757999
22022,All,stem_enrollment_m1,-.106549015052469,-.0413216490903388,.0299137784452378,.248178719770858,stata_areg_centered_student_vce_unadjusted,306,757999
22024,All,stem_enrollment_m1,-.136597286334194,-.0713699203720635,.0367289946878433,.287982391757775,stata_areg_centered_student_vce_unadjusted,128,757999
22027,All,stem_enrollment_m1,-.203516682005907,-.138289316043777,.0486160445835856,.282073115025578,stata_areg_centered_student_vce_unadjusted,195,757999
22029,All,stem_enrollment_m1,-.122229604721102,-.0570022387589717,.0834023516196559,.380818187120853,stata_areg_centered_student_vce_unadjusted,24,757999
22050,All,stem_enrollment_m1,-.0846876681508385,-.0194603021887085,.043266062948991,.328293207270313,stata_areg_centered_student_vce_unadjusted,148,757999
22065,All,stem_enrollment_m1,-.124536399909318,-.0593090339471881,.0362799860250365,.371725469342384,stata_areg_centered_student_vce_unadjusted,302,757999
22066,All,stem_enrollment_m1,-.17562899833101,-.11040163236888,.142348208239178,.144962569596535,stata_areg_centered_student_vce_unadjusted,8,757999
22083,All,stem_enrollment_m1,-.139035006411699,-.0738076404495694,.0751773575571074,.371797347941189,stata_areg_centered_student_vce_unadjusted,81,757999
22084,All,stem_enrollment_m1,-.136509663522502,-.0712822975603719,.0566525588362175,.282234351712856,stata_areg_centered_student_vce_unadjusted,63,757999
22086,All,stem_enrollment_m1,-.209978026077576,-.144750660115446,.0571457168877879,.263343263391206,stata_areg_centered_student_vce_unadjusted,64,757999
22089,All,stem_enrollment_m1,.0884886203658824,.153715986328012,.153823147996492,.453766464190015,stata_areg_centered_student_vce_unadjusted,7,757999
22113,All,stem_enrollment_m1,-.136417672056847,-.0711903060947165,.034307143830822,.243588541999945,stata_areg_centered_student_vce_unadjusted,174,757999
22114,All,stem_enrollment_m1,-.0882031080801758,-.0229757421180458,.0289336808988991,.366528385874282,stata_areg_centered_student_vce_unadjusted,217,757999
22140,All,stem_enrollment_m1,.181786830766525,.247014196728655,.0194060142610187,.472844213483915,stata_areg_centered_student_vce_unadjusted,600,757999
22144,All,stem_enrollment_m1,-.0677361450390022,-.00250877907687219,.0689741105980686,.420271230107595,stata_areg_centered_student_vce_unadjusted,180,757999
22146,All,stem_enrollment_m1,-.094518417214749,-.0292910512526189,.102466535386855,.231599258769984,stata_areg_centered_student_vce_unadjusted,15,757999
22155,All,stem_enrollment_m1,-.114631277192792,-.0494039112306624,.0508597153246704,.397151116553631,stata_areg_centered_student_vce_unadjusted,117,757999
22158,All,stem_enrollment_m1,-.106493211888971,-.0412658459268411,.389420367014478,.,stata_areg_centered_student_vce_unadjusted,1,757999
22160,All,stem_enrollment_m1,-.0332734844131252,.0319538815490048,.0613255704968589,.38142887778669,stata_areg_centered_student_vce_unadjusted,97,757999
22177,All,stem_enrollment_m1,.0197887668802779,.0850161328424079,.061469148280114,.400974844542264,stata_areg_centered_student_vce_unadjusted,111,757999
22187,All,stem_enrollment_m1,-.091322290964551,-.0260949250024209,.0432463528097654,.326091334603804,stata_areg_centered_student_vce_unadjusted,90,757999
22188,All,stem_enrollment_m1,-.072774123401259,-.00754675743912897,.102309688882141,.305142525575609,stata_areg_centered_student_vce_unadjusted,15,757999
22189,All,stem_enrollment_m1,-.213240670090622,-.148013304128492,.102971243885692,.163866132422034,stata_areg_centered_student_vce_unadjusted,15,757999
22191,All,stem_enrollment_m1,-.0453338089079633,.0198935570541668,.0378457235324512,.408540617957248,stata_areg_centered_student_vce_unadjusted,290,757999
22192,All,stem_enrollment_m1,-.122737078820814,-.057509712858684,.0370357965121333,.378851135011007,stata_areg_centered_student_vce_unadjusted,292,757999
22196,All,stem_enrollment_m1,.0657648141350846,.130992180097215,.0670727378702078,.451347310024913,stata_areg_centered_student_vce_unadjusted,60,757999
22200,All,stem_enrollment_m1,-.0988083914477175,-.0335810254855875,.0369147149390103,.351626085211052,stata_areg_centered_student_vce_unadjusted,188,757999
22210,All,stem_enrollment_m1,-.213468001117923,-.148240635155793,.064529388314303,.379653843472533,stata_areg_centered_student_vce_unadjusted,91,757999
22211,All,stem_enrollment_m1,-.00298455150630653,.0622428144558235,.0721100339106834,.381956760734425,stata_areg_centered_student_vce_unadjusted,114,757999
22218,All,stem_enrollment_m1,-.129432316495178,-.0642049505330479,.0619528070302079,.333104866895598,stata_areg_centered_student_vce_unadjusted,62,757999
22224,All,stem_enrollment_m1,-.104026409285675,-.0387990433235447,.0577747811714645,.393414574693673,stata_areg_centered_student_vce_unadjusted,98,757999
22230,All,stem_enrollment_m1,-.13230752876621,-.0670801628040801,.104967327238145,.255212730040698,stata_areg_centered_student_vce_unadjusted,14,757999
22231,All,stem_enrollment_m1,-.0582803877892986,.00694697817283142,.0424217141882294,.412442874060953,stata_areg_centered_student_vce_unadjusted,175,757999
22234,All,stem_enrollment_m1,-.0902703579161186,-.0250429919539886,.05389106946097,.342646674993671,stata_areg_centered_student_vce_unadjusted,99,757999
22236,All,stem_enrollment_m1,-.0688963415709193,-.00366897560878923,.0324318269149195,.371090427838667,stata_areg_centered_student_vce_unadjusted,217,757999
22262,All,stem_enrollment_m1,-.0774067961861876,-.0121794302240576,.0430451915311439,.343156277797004,stata_areg_centered_student_vce_unadjusted,158,757999
22270,All,stem_enrollment_m1,-.0995707911704146,-.0343434252082846,.0654640776537531,.159020501067947,stata_areg_centered_student_vce_unadjusted,37,757999
22271,All,stem_enrollment_m1,-.114877570135244,-.0496502041731142,.0279842942965092,.268660339321884,stata_areg_centered_student_vce_unadjusted,260,757999
22276,All,stem_enrollment_m1,-.14060109599976,-.0753737300376304,.0628459424381699,.185671250008461,stata_areg_centered_student_vce_unadjusted,40,757999
22296,All,stem_enrollment_m1,-.0621459023636479,.00308146359848209,.0501345902670528,.344660770847624,stata_areg_centered_student_vce_unadjusted,63,757999
22306,All,stem_enrollment_m1,.010468491107065,.075695857069195,.0557974488894211,.419706540008972,stata_areg_centered_student_vce_unadjusted,76,757999
22307,All,stem_enrollment_m1,-.203070510797814,-.137843144835684,.0749687964416221,.129981024717896,stata_areg_centered_student_vce_unadjusted,31,757999
22309,All,stem_enrollment_m1,-.0695117400962886,-.00428437413415854,.0446115367329496,.353937647456276,stata_areg_centered_student_vce_unadjusted,159,757999
22313,All,stem_enrollment_m1,-.0603001030995908,.00492726286253922,.055215030732063,.310988912369657,stata_areg_centered_student_vce_unadjusted,68,757999
22317,All,stem_enrollment_m1,-.180460699237392,-.115233333275262,.0616477060941329,.187888079641839,stata_areg_centered_student_vce_unadjusted,46,757999
22322,All,stem_enrollment_m1,.0225491147177305,.0877764806798605,.0550197510935048,.376578181607634,stata_areg_centered_student_vce_unadjusted,97,757999
22330,All,stem_enrollment_m1,-.0594592164842308,.00576814947789919,.0554855628434952,.398579375501675,stata_areg_centered_student_vce_unadjusted,106,757999
22351,All,stem_enrollment_m1,-.0538937054792839,.0113336604828461,.0497781988581652,.40409393404648,stata_areg_centered_student_vce_unadjusted,298,757999
22354,All,stem_enrollment_m1,.0517204458688217,.116947811830952,.22607189576663,.578834331125063,stata_areg_centered_student_vce_unadjusted,3,757999
22355,All,stem_enrollment_m1,-.160636813081921,-.0954094471197911,.197745854745944,.115169809264606,stata_areg_centered_student_vce_unadjusted,4,757999
22356,All,stem_enrollment_m1,-.114943376531268,-.0497160105691383,.031195463441101,.375569549989395,stata_areg_centered_student_vce_unadjusted,213,757999
22358,All,stem_enrollment_m1,-.0742049730334983,-.00897760707136824,.0519373912262944,.349630209879434,stata_areg_centered_student_vce_unadjusted,145,757999
22361,All,stem_enrollment_m1,-.100145037400785,-.0349176714386546,.174267996196915,.432078077809105,stata_areg_centered_student_vce_unadjusted,5,757999
22372,All,stem_enrollment_m1,-.118725570927707,-.0534982049655772,.0547238922488151,.369005549545765,stata_areg_centered_student_vce_unadjusted,105,757999
22374,All,stem_enrollment_m1,-.064211879422347,.00101548653978303,.0578673629069136,.300302376361838,stata_areg_centered_student_vce_unadjusted,59,757999
22388,All,stem_enrollment_m1,-.173599582262131,-.108372216300001,.0601339595948715,.198746176628066,stata_areg_centered_student_vce_unadjusted,44,757999
22397,All,stem_enrollment_m1,-.0977849503240179,-.0325575843618879,.0351210319192189,.259565987343253,stata_areg_centered_student_vce_unadjusted,146,757999
22398,All,stem_enrollment_m1,-.140373332946794,-.0751459669846643,.0729434057352779,.378322162729347,stata_areg_centered_student_vce_unadjusted,62,757999
22401,All,stem_enrollment_m1,-.150118867231717,-.0848915012695868,.0688823325715755,.185549919825454,stata_areg_centered_student_vce_unadjusted,36,757999
22403,All,stem_enrollment_m1,.00785470469894041,.0730820706610704,.0608883701732447,.392663870965754,stata_areg_centered_student_vce_unadjusted,92,757999
22405,All,stem_enrollment_m1,.061337661992792,.126565027954922,.0596507147512319,.417460836597034,stata_areg_centered_student_vce_unadjusted,45,757999
22410,All,stem_enrollment_m1,-.0886404644757632,-.0234130985136332,.0472313001940688,.390955928781172,stata_areg_centered_student_vce_unadjusted,266,757999
22415,All,stem_enrollment_m1,-.0472282757719445,.0179990901901855,.0433074571202115,.372138746659837,stata_areg_centered_student_vce_unadjusted,94,757999
22434,All,stem_enrollment_m1,-.151753227891007,-.086525861928877,.0313550580974133,.374611706269895,stata_areg_centered_student_vce_unadjusted,639,757999
22436,All,stem_enrollment_m1,.00900714916786709,.0742345151299971,.0314051078229734,.403961159739769,stata_areg_centered_student_vce_unadjusted,339,757999
22445,All,stem_enrollment_m1,.236353271287243,.301580637249374,.276164521121154,.626060943219707,stata_areg_centered_student_vce_unadjusted,2,757999
22446,All,stem_enrollment_m1,-.0979233020737043,-.0326959361115743,.0849596069350913,.264958601652731,stata_areg_centered_student_vce_unadjusted,22,757999
22459,All,stem_enrollment_m1,-.0887898614103238,-.0235624954481937,.0481702511965452,.36891265282282,stata_areg_centered_student_vce_unadjusted,105,757999
22461,All,stem_enrollment_m1,-.110675434156484,-.0454480681943541,.03385770547405,.37627037908677,stata_areg_centered_student_vce_unadjusted,152,757999
22462,All,stem_enrollment_m1,-.161484221756155,-.0962568557940247,.0400975000772831,.254146116475804,stata_areg_centered_student_vce_unadjusted,150,757999
22464,All,stem_enrollment_m1,-.11208361862368,-.0468562526615495,.0312204519628757,.347003174457758,stata_areg_centered_student_vce_unadjusted,271,757999
22466,All,stem_enrollment_m1,-.192805409793127,-.127578043830997,.0798999467760617,.159045064206287,stata_areg_centered_student_vce_unadjusted,25,757999
22467,All,stem_enrollment_m1,-.0293260313707743,.0359013345913558,.0680791003636004,.447342402691351,stata_areg_centered_student_vce_unadjusted,57,757999
22473,All,stem_enrollment_m1,-.182545453390612,-.117318087428482,.0859897808926138,.1315540289762,stata_areg_centered_student_vce_unadjusted,21,757999
22475,All,stem_enrollment_m1,-.0674834079384471,-.00225604197631707,.113919309182158,.360127317486587,stata_areg_centered_student_vce_unadjusted,12,757999
22476,All,stem_enrollment_m1,-.194805541076741,-.129578175114611,.131988463575368,.175965009702855,stata_areg_centered_student_vce_unadjusted,9,757999
22478,All,stem_enrollment_m1,-.150511444093086,-.0852840781309556,.0233598081765678,.23804380592076,stata_areg_centered_student_vce_unadjusted,401,757999
22480,All,stem_enrollment_m1,-.220595869477097,-.155368503514967,.388732649537128,.,stata_areg_centered_student_vce_unadjusted,1,757999
22482,All,stem_enrollment_m1,-.156217946879393,-.0909905809172633,.0746643234222908,.216622408850004,stata_areg_centered_student_vce_unadjusted,28,757999
22483,All,stem_enrollment_m1,-.0462299360725594,.0189974298895706,.0293265480567333,.390040966749507,stata_areg_centered_student_vce_unadjusted,462,757999
22485,All,stem_enrollment_m1,-.145447180206756,-.0802198142446259,.103918216147604,.0901829242805607,stata_areg_centered_student_vce_unadjusted,15,757999
22494,All,stem_enrollment_m1,-.120541699332336,-.0553143333702064,.0208709826313133,.326601008317864,stata_areg_centered_student_vce_unadjusted,485,757999
22495,All,stem_enrollment_m1,-.0454938338292436,.0197335321328864,.0570276998528212,.368867867423738,stata_areg_centered_student_vce_unadjusted,66,757999
22496,All,stem_enrollment_m1,-.10036244719282,-.0351350812306897,.0738899166072237,.282413975228593,stata_areg_centered_student_vce_unadjusted,41,757999
22499,All,stem_enrollment_m1,-.0491167890685484,.0161105768935817,.0257696142016095,.390660475677847,stata_areg_centered_student_vce_unadjusted,417,757999
22503,All,stem_enrollment_m1,-.0780804325119922,-.0128530665498622,.178936446992769,.430824371885432,stata_areg_centered_student_vce_unadjusted,5,757999
22504,All,stem_enrollment_m1,-.0765169679982702,-.0112896020361401,.036731933724662,.378726622849507,stata_areg_centered_student_vce_unadjusted,192,757999
22505,All,stem_enrollment_m1,.0274963052226467,.0927236711847767,.0648524830587969,.409741869302105,stata_areg_centered_student_vce_unadjusted,65,757999
22506,All,stem_enrollment_m1,.0538110358050687,.119038401767199,.0439245750020238,.455038883209159,stata_areg_centered_student_vce_unadjusted,180,757999
22514,All,stem_enrollment_m1,.764134375409222,.829361741371352,.389822289180567,.,stata_areg_centered_student_vce_unadjusted,1,757999
22516,All,stem_enrollment_m1,-.0428698226710558,.0223575432910742,.0290348376867086,.377576300503254,stata_areg_centered_student_vce_unadjusted,318,757999
22517,All,stem_enrollment_m1,.0149929260015721,.0802202919637021,.277051259444759,.0101117970062142,stata_areg_centered_student_vce_unadjusted,2,757999
22535,All,stem_enrollment_m1,-.0569040478325051,.00832331812962495,.0622730937460232,.325465591366481,stata_areg_centered_student_vce_unadjusted,50,757999
22536,All,stem_enrollment_m1,.0318404446732364,.0970678106353664,.0718918720471146,.417564498854891,stata_areg_centered_student_vce_unadjusted,79,757999
22540,All,stem_enrollment_m1,-.0784184673363856,-.0131911013742555,.025541744559024,.344229352715982,stata_areg_centered_student_vce_unadjusted,347,757999
22542,All,stem_enrollment_m1,-.0463148304165874,.0189125355455426,.0509048449362199,.384320218343834,stata_areg_centered_student_vce_unadjusted,142,757999
22543,All,stem_enrollment_m1,-.169277906183326,-.104050540221196,.0208012172847307,.274682388316685,stata_areg_centered_student_vce_unadjusted,495,757999
22544,All,stem_enrollment_m1,-.114397602530107,-.0491702365679765,.0307971233208696,.346975373719296,stata_areg_centered_student_vce_unadjusted,197,757999
22545,All,stem_enrollment_m1,-.157909835941159,-.0926824699790291,.0717015136354181,.218015269063371,stata_areg_centered_student_vce_unadjusted,32,757999
22549,All,stem_enrollment_m1,-.136851678089648,-.0716243121275184,.118942459597624,.0978998528437347,stata_areg_centered_student_vce_unadjusted,11,757999
22551,All,stem_enrollment_m1,-.193786525222574,-.128559159260444,.0624586389789761,.135940759035332,stata_areg_centered_student_vce_unadjusted,44,757999
22553,All,stem_enrollment_m1,-.0309340274338364,.0342933385282936,.0246330463660082,.390874933607672,stata_areg_centered_student_vce_unadjusted,358,757999
22560,All,stem_enrollment_m1,-.084159286007704,-.018931920045574,.0373140411642151,.382473624055071,stata_areg_centered_student_vce_unadjusted,233,757999
22564,All,stem_enrollment_m1,-.125443903911378,-.0602165379492484,.0285405721704685,.333444268429029,stata_areg_centered_student_vce_unadjusted,298,757999
22597,All,stem_enrollment_m1,-.0966752879475104,-.0314479219853804,.0409394241556635,.27670669940235,stata_areg_centered_student_vce_unadjusted,185,757999
22602,All,stem_enrollment_m1,-.0708468100341812,-.00561944407205113,.0563249757507892,.369700519545666,stata_areg_centered_student_vce_unadjusted,115,757999
22603,All,stem_enrollment_m1,.0664240292243111,.131651395186441,.434887938006174,.,stata_areg_centered_student_vce_unadjusted,1,757999
22604,All,stem_enrollment_m1,-.166644080434509,-.101416714472379,.144848001249455,.122311893102405,stata_areg_centered_student_vce_unadjusted,8,757999
22609,All,stem_enrollment_m1,-.0527481804590626,.0124791855030675,.0368277942584627,.390086617423212,stata_areg_centered_student_vce_unadjusted,184,757999
22624,All,stem_enrollment_m1,-.268334277925609,-.203106911963479,.161208661350435,.0913805189458542,stata_areg_centered_student_vce_unadjusted,6,757999
22626,All,stem_enrollment_m1,.101508677467285,.166736043429415,.0296961390118461,.452733162475365,stata_areg_centered_student_vce_unadjusted,214,757999
22627,All,stem_enrollment_m1,.126671551378405,.191898917340535,.0723921889178435,.476648389834236,stata_areg_centered_student_vce_unadjusted,47,757999
22629,All,stem_enrollment_m1,-.0538314478527003,.0113959181094297,.0477288935847731,.382268939000922,stata_areg_centered_student_vce_unadjusted,152,757999
22634,All,stem_enrollment_m1,-.0513928792651538,.0138344866969763,.0362610441506335,.402806618957075,stata_areg_centered_student_vce_unadjusted,187,757999
22637,All,stem_enrollment_m1,-.0170958710115712,.0481314949505588,.276577857057123,.0495839185327308,stata_areg_centered_student_vce_unadjusted,2,757999
22641,All,stem_enrollment_m1,-.109950687486166,-.0447233215240364,.0648327141528521,.38488451261893,stata_areg_centered_student_vce_unadjusted,78,757999
22655,All,stem_enrollment_m1,-.13847587672676,-.0732485107646303,.037945855821948,.310381867046743,stata_areg_centered_student_vce_unadjusted,214,757999
22664,All,stem_enrollment_m1,-.134149479589156,-.0689221136270261,.0266402782661839,.2932671418572,stata_areg_centered_student_vce_unadjusted,273,757999
22672,All,stem_enrollment_m1,-.0734513516469669,-.00822398568483688,.0448427307957662,.385090833120086,stata_areg_centered_student_vce_unadjusted,111,757999
22674,All,stem_enrollment_m1,-.13299444982435,-.0677670838622198,.046719313536662,.360895353009615,stata_areg_centered_student_vce_unadjusted,154,757999
22686,All,stem_enrollment_m1,-.293947204720172,-.228719838758042,.38931538281453,.,stata_areg_centered_student_vce_unadjusted,1,757999
22691,All,stem_enrollment_m1,-.119711683236842,-.0544843172747117,.0304855421973278,.311389436721069,stata_areg_centered_student_vce_unadjusted,366,757999
22692,All,stem_enrollment_m1,-.0762052538294006,-.0109778878672706,.0508479874289911,.387725184882217,stata_areg_centered_student_vce_unadjusted,166,757999
22701,All,stem_enrollment_m1,-.248687436803621,-.18346007084149,.389739207570741,.,stata_areg_centered_student_vce_unadjusted,1,757999
22702,All,stem_enrollment_m1,-.0962051347662627,-.0309777688041327,.0355891601753759,.356310497858302,stata_areg_centered_student_vce_unadjusted,181,757999
22707,All,stem_enrollment_m1,.0109129730922812,.0761403390544112,.0696894980895951,.363329419802066,stata_areg_centered_student_vce_unadjusted,34,757999
22743,All,stem_enrollment_m1,-.0190965068305355,.0461308591315945,.0594710413990965,.358865496831009,stata_areg_centered_student_vce_unadjusted,55,757999
22752,All,stem_enrollment_m1,-.0897736888225568,-.0245463228604268,.0261022171685463,.325880733811508,stata_areg_centered_student_vce_unadjusted,303,757999
22755,All,stem_enrollment_m1,-.0341747856513162,.0310525803108138,.0331351914093842,.375340633138351,stata_areg_centered_student_vce_unadjusted,198,757999
22758,All,stem_enrollment_m1,-.180555982810016,-.115328616847886,.0478534188300642,.330147155530475,stata_areg_centered_student_vce_unadjusted,102,757999
22759,All,stem_enrollment_m1,-.036179606446329,.029047759515801,.0604506004057374,.377636100184112,stata_areg_centered_student_vce_unadjusted,90,757999
24201,All,stem_enrollment_m1,-.0682861778796868,-.00305881191755675,.0575433627141525,.353832610228016,stata_areg_centered_student_vce_unadjusted,169,757999
24203,All,stem_enrollment_m1,-.0757470757847801,-.0105197098226501,.0497014302913863,.328408379391312,stata_areg_centered_student_vce_unadjusted,146,757999
24204,All,stem_enrollment_m1,-.157900833911406,-.0926734679492757,.0640422038230903,.343915251172749,stata_areg_centered_student_vce_unadjusted,131,757999
24206,All,stem_enrollment_m1,-.0893855671170728,-.0241582011549428,.0426115264601467,.382632559058245,stata_areg_centered_student_vce_unadjusted,272,757999
24207,All,stem_enrollment_m1,-.0530783083724494,.0121490575896806,.0409978674458985,.36158645086268,stata_areg_centered_student_vce_unadjusted,297,757999
24209,All,stem_enrollment_m1,-.0292858088079423,.0359415571541877,.0587547920406466,.354168051749095,stata_areg_centered_student_vce_unadjusted,82,757999
24212,All,stem_enrollment_m1,-.113052381743842,-.0478250157817117,.0446246412848089,.418973328551085,stata_areg_centered_student_vce_unadjusted,217,757999
24213,All,stem_enrollment_m1,-.0620350002667395,.0031923656953905,.0578313653115984,.378488404240811,stata_areg_centered_student_vce_unadjusted,106,757999
24215,All,stem_enrollment_m1,-.0667696108081625,-.00154224484603244,.125813297847356,.405634170489936,stata_areg_centered_student_vce_unadjusted,10,757999
24224,All,stem_enrollment_m1,-.0700075004950364,-.00478013453290638,.0363767337442394,.371320339524604,stata_areg_centered_student_vce_unadjusted,252,757999
24230,All,stem_enrollment_m1,-.0880148583710823,-.0227874924089523,.044902724649913,.375927978454521,stata_areg_centered_student_vce_unadjusted,231,757999
24231,All,stem_enrollment_m1,-.0395858661943008,.0256414997678292,.0511655649705176,.379202957549888,stata_areg_centered_student_vce_unadjusted,98,757999
24233,All,stem_enrollment_m1,-.07787173798359,-.01264437202146,.0641452001467416,.356632504041254,stata_areg_centered_student_vce_unadjusted,68,757999
24234,All,stem_enrollment_m1,-.185149417560571,-.119922051598441,.107675095338303,.26557292589608,stata_areg_centered_student_vce_unadjusted,14,757999
24237,All,stem_enrollment_m1,-.027827175214521,.037400190747609,.0612826679619412,.382756206250861,stata_areg_centered_student_vce_unadjusted,48,757999
24238,All,stem_enrollment_m1,-.103786569630837,-.0385592036687067,.0614953181169436,.314231720832842,stata_areg_centered_student_vce_unadjusted,46,757999
24240,All,stem_enrollment_m1,-.0908778235625926,-.0256504576004626,.0374118902814592,.358082913687378,stata_areg_centered_student_vce_unadjusted,242,757999
24241,All,stem_enrollment_m1,-.0532661488794771,.0119612170826529,.0529810054148748,.3306795744676,stata_areg_centered_student_vce_unadjusted,77,757999
24300,All,stem_enrollment_m1,-.138678051605624,-.073450685643494,.0424721826448344,.332658202861321,stata_areg_centered_student_vce_unadjusted,280,757999
24303,All,stem_enrollment_m1,.00680661366220235,.0720339796243324,.0427414471361239,.422254755909405,stata_areg_centered_student_vce_unadjusted,127,757999
24305,All,stem_enrollment_m1,.110263035309595,.175490401271725,.0561686445558277,.452712096360009,stata_areg_centered_student_vce_unadjusted,130,757999
24307,All,stem_enrollment_m1,-.0561915293467858,.0090358366153442,.0303635744375972,.393263319477161,stata_areg_centered_student_vce_unadjusted,377,757999
24314,All,stem_enrollment_m1,-.0120372291095205,.0531901368526095,.0701404089932069,.431325566931947,stata_areg_centered_student_vce_unadjusted,68,757999
24316,All,stem_enrollment_m1,-.0430155857166873,.0222117802454427,.0283997264593167,.391546350108306,stata_areg_centered_student_vce_unadjusted,300,757999
24317,All,stem_enrollment_m1,-.106433870878105,-.0412065049159753,.0665263487953786,.360245835205981,stata_areg_centered_student_vce_unadjusted,111,757999
24319,All,stem_enrollment_m1,-.108906573944727,-.0436792079825966,.0412417302493215,.400038653001246,stata_areg_centered_student_vce_unadjusted,122,757999
24324,All,stem_enrollment_m1,-.199146484613243,-.133919118651113,.0658248128277643,.27623472968403,stata_areg_centered_student_vce_unadjusted,37,757999
24327,All,stem_enrollment_m1,-.0300708270316954,.0351565389304346,.029886584497209,.416872305911335,stata_areg_centered_student_vce_unadjusted,319,757999
24329,All,stem_enrollment_m1,-.0509046346077049,.0143227313544251,.0299827926317095,.471526261527002,stata_areg_centered_student_vce_unadjusted,371,757999
24330,All,stem_enrollment_m1,-.139722723381478,-.0744953574193476,.0906664538089737,.291229955945094,stata_areg_centered_student_vce_unadjusted,19,757999
24332,All,stem_enrollment_m1,-.225683430083331,-.160456064121201,.0905198946429011,.105883734965514,stata_areg_centered_student_vce_unadjusted,22,757999
24338,All,stem_enrollment_m1,-.00947133762678711,.0557560283353429,.0526982432977331,.445311596713563,stata_areg_centered_student_vce_unadjusted,112,757999
24403,All,stem_enrollment_m1,-.12630263243236,-.0610752664702301,.0384879344907636,.257766699624058,stata_areg_centered_student_vce_unadjusted,147,757999
24405,All,stem_enrollment_m1,-.177820787450579,-.112593421488449,.0525662121336706,.284354476457539,stata_areg_centered_student_vce_unadjusted,69,757999
24407,All,stem_enrollment_m1,-.0305863616194429,.0346410043426871,.0410841753528952,.351696362219416,stata_areg_centered_student_vce_unadjusted,172,757999
24409,All,stem_enrollment_m1,-.134178431578707,-.0689510656165765,.0717989276596949,.400691195377809,stata_areg_centered_student_vce_unadjusted,152,757999
24410,All,stem_enrollment_m1,-.118775127252982,-.053547761290852,.0450097519515001,.397508586394337,stata_areg_centered_student_vce_unadjusted,330,757999
24423,All,stem_enrollment_m1,-.115022929436167,-.0497955634740374,.0426097180007826,.386479683764232,stata_areg_centered_student_vce_unadjusted,272,757999
24426,All,stem_enrollment_m1,-.0609814864536645,.00424587950846549,.0311921089439747,.387977826268128,stata_areg_centered_student_vce_unadjusted,198,757999
24427,All,stem_enrollment_m1,.0323400142868301,.0975673802489602,.0548652899976744,.407466301294906,stata_areg_centered_student_vce_unadjusted,342,757999
24438,All,stem_enrollment_m1,-.120709386149559,-.0554820201874294,.0426308547796322,.368118207097347,stata_areg_centered_student_vce_unadjusted,146,757999
24443,All,stem_enrollment_m1,-.0576080761255501,.00761928983657995,.0352921738365615,.380988866642371,stata_areg_centered_student_vce_unadjusted,184,757999
24444,All,stem_enrollment_m1,-.0317394808678558,.0334878850942743,.03345286758687,.389752769306889,stata_areg_centered_student_vce_unadjusted,147,757999
24445,All,stem_enrollment_m1,.0311060156407785,.0963333816029085,.09562546047571,.37917431412973,stata_areg_centered_student_vce_unadjusted,17,757999
24446,All,stem_enrollment_m1,-.0773222574973507,-.0120948915352207,.0236408269076698,.404510270141517,stata_areg_centered_student_vce_unadjusted,321,757999
24448,All,stem_enrollment_m1,-.222313393259203,-.157086027297073,.0436090451141708,.259047732263853,stata_areg_centered_student_vce_unadjusted,114,757999
24459,All,stem_enrollment_m1,-.144611744934689,-.0793843789725586,.037815598754616,.226052792435907,stata_areg_centered_student_vce_unadjusted,118,757999
24473,All,stem_enrollment_m1,-.159472163697433,-.0942447977353026,.0203357947963826,.275980015822163,stata_areg_centered_student_vce_unadjusted,377,757999
24482,All,stem_enrollment_m1,.19564856392214,.26087592988427,.0124609705921993,.472442912002364,stata_areg_centered_student_vce_unadjusted,1208,757999
24486,All,stem_enrollment_m1,.0301786247899843,.0954059907521143,.0560762554507576,.443215493918978,stata_areg_centered_student_vce_unadjusted,170,757999
24491,All,stem_enrollment_m1,-.0724856459175746,-.00725827995544454,.0607759619617149,.410291765788856,stata_areg_centered_student_vce_unadjusted,58,757999
24494,All,stem_enrollment_m1,-.284739972276402,-.219512606314272,.131940101048997,.116297501771083,stata_areg_centered_student_vce_unadjusted,9,757999
24496,All,stem_enrollment_m1,-.0939190518458059,-.0286916858836759,.0259325282245703,.360960522074945,stata_areg_centered_student_vce_unadjusted,280,757999
24498,All,stem_enrollment_m1,-.049507154614602,.015720211347528,.0645810509517367,.419046928608861,stata_areg_centered_student_vce_unadjusted,164,757999
24506,All,stem_enrollment_m1,-.134031968714871,-.0688046027527406,.389398983558603,.,stata_areg_centered_student_vce_unadjusted,1,757999
24599,All,stem_enrollment_m1,-.124597833706724,-.0593704677445935,.388844235787981,.,stata_areg_centered_student_vce_unadjusted,1,757999
24623,All,stem_enrollment_m1,-.065922069762258,-.000694703800127983,.0294371805890777,.385186235621844,stata_areg_centered_student_vce_unadjusted,307,757999
24624,All,stem_enrollment_m1,-.133175022717453,-.0679476567553233,.0705006284110969,.386169082231667,stata_areg_centered_student_vce_unadjusted,463,757999
24625,All,stem_enrollment_m1,-.117474370967343,-.0522470050052127,.0462216416825317,.39875932308022,stata_areg_centered_student_vce_unadjusted,87,757999
24626,All,stem_enrollment_m1,-.106784185399852,-.0415568194377218,.014088227633503,.359436891616205,stata_areg_centered_student_vce_unadjusted,1041,757999
24627,All,stem_enrollment_m1,-.19252006691726,-.12729270095513,.0680345102100869,.315263121701093,stata_areg_centered_student_vce_unadjusted,61,757999
24638,All,stem_enrollment_m1,-.0664409765890704,-.00121361062694035,.0236005981940613,.382411591509725,stata_areg_centered_student_vce_unadjusted,279,757999
24648,All,stem_enrollment_m1,-.0509405894586071,.014286776503523,.0517816645476169,.408525522176292,stata_areg_centered_student_vce_unadjusted,296,757999
24652,All,stem_enrollment_m1,-.123055418994389,-.0578280530322588,.0246407302206541,.33602261430668,stata_areg_centered_student_vce_unadjusted,275,757999
24666,All,stem_enrollment_m1,-.0764191318519497,-.0111917658898197,.123034141851273,.484517560782876,stata_areg_centered_student_vce_unadjusted,11,757999
24670,All,stem_enrollment_m1,.0239446521303464,.0891720180924764,.0834046738474786,.435467649992697,stata_areg_centered_student_vce_unadjusted,101,757999
24671,All,stem_enrollment_m1,-.101169508783743,-.0359421428216132,.0600242205877578,.424778376954695,stata_areg_centered_student_vce_unadjusted,64,757999
24675,All,stem_enrollment_m1,-.0537483103137542,.0114790556483758,.0683239626650825,.391454170226326,stata_areg_centered_student_vce_unadjusted,109,757999
24678,All,stem_enrollment_m1,.00421420131278622,.0694415672749163,.0809691881190673,.376859128015796,stata_areg_centered_student_vce_unadjusted,25,757999
24685,All,stem_enrollment_m1,-.0888292841961377,-.0236019182340077,.0167638142620246,.360214967404539,stata_areg_centered_student_vce_unadjusted,961,757999
24686,All,stem_enrollment_m1,-.116854112537331,-.0516267465752012,.01880528663369,.320892233704929,stata_areg_centered_student_vce_unadjusted,487,757999
24689,All,stem_enrollment_m1,-.138361900248316,-.0731345342861862,.0621708068947047,.362284716234013,stata_areg_centered_student_vce_unadjusted,56,757999
24690,All,stem_enrollment_m1,-.153464536914505,-.0882371709523751,.0667888335533075,.360864934888824,stata_areg_centered_student_vce_unadjusted,78,757999
24699,All,stem_enrollment_m1,-.143261855253969,-.0780344892918389,.0789473077992369,.365552103582049,stata_areg_centered_student_vce_unadjusted,95,757999
24700,All,stem_enrollment_m1,-.126069557280916,-.0608421913187865,.123578390158254,.124746796911159,stata_areg_centered_student_vce_unadjusted,10,757999
24713,All,stem_enrollment_m1,-.0472981784323621,.0179291875297679,.0375054894425011,.433611848366004,stata_areg_centered_student_vce_unadjusted,297,757999
24714,All,stem_enrollment_m1,-.145220900290776,-.0799935343286461,.0443210828341015,.330362247835139,stata_areg_centered_student_vce_unadjusted,104,757999
24715,All,stem_enrollment_m1,-.246479247673666,-.181251881711536,.0776557206294279,.402776040035172,stata_areg_centered_student_vce_unadjusted,112,757999
24716,All,stem_enrollment_m1,-.381487881058996,-.316260515096866,.388369982085059,.,stata_areg_centered_student_vce_unadjusted,1,757999
24717,All,stem_enrollment_m1,-.0843991906574044,-.0191718246952743,.0359607628045201,.400149768453117,stata_areg_centered_student_vce_unadjusted,211,757999
24718,All,stem_enrollment_m1,.0247991293777638,.0900264953398938,.081546743874422,.385151589077599,stata_areg_centered_student_vce_unadjusted,44,757999
24719,All,stem_enrollment_m1,-.0109974421982726,.0542299237638574,.0579693354346383,.402766813666673,stata_areg_centered_student_vce_unadjusted,93,757999
24721,All,stem_enrollment_m1,-.19621614963749,-.13098878367536,.0767764952228863,.413215183385482,stata_areg_centered_student_vce_unadjusted,103,757999
24725,All,stem_enrollment_m1,-.0496604327470826,.0155669332150474,.082862240273986,.427916730326813,stata_areg_centered_student_vce_unadjusted,25,757999
24730,All,stem_enrollment_m1,.0119670624259101,.0771944283880401,.0547540501835942,.414619222221915,stata_areg_centered_student_vce_unadjusted,119,757999
24733,All,stem_enrollment_m1,-.0241082338846498,.0411191320774802,.022035217133371,.406794451727082,stata_areg_centered_student_vce_unadjusted,580,757999
24751,All,stem_enrollment_m1,-.278682666502961,-.213455300540831,.139709590788664,.126500047367003,stata_areg_centered_student_vce_unadjusted,8,757999
24754,All,stem_enrollment_m1,-.084830852120913,-.019603486158783,.0592829486388531,.267499014079975,stata_areg_centered_student_vce_unadjusted,44,757999
24756,All,stem_enrollment_m1,-.117878609600456,-.0526512436383257,.0458867727912657,.399880805034386,stata_areg_centered_student_vce_unadjusted,282,757999
24759,All,stem_enrollment_m1,-.174116859681528,-.108889493719398,.0529846345075333,.356609703013882,stata_areg_centered_student_vce_unadjusted,119,757999
24761,All,stem_enrollment_m1,-.219009155287446,-.153781789325316,.0309407749072869,.307912935509183,stata_areg_centered_student_vce_unadjusted,179,757999
24762,All,stem_enrollment_m1,-.109316769537905,-.044089403575775,.0578887980902816,.425048597735927,stata_areg_centered_student_vce_unadjusted,86,757999
24763,All,stem_enrollment_m1,-.2945312524043,-.22930388644217,.176715683078965,.039328591658067,stata_areg_centered_student_vce_unadjusted,5,757999
24766,All,stem_enrollment_m1,-.0887117717957368,-.0234844058336068,.040581292927392,.370330943994336,stata_areg_centered_student_vce_unadjusted,109,757999
24767,All,stem_enrollment_m1,-.16640038540826,-.10117301944613,.388776794093394,.,stata_areg_centered_student_vce_unadjusted,1,757999
24769,All,stem_enrollment_m1,-.0994891201904996,-.0342617542283696,.0366939536542596,.400928297562178,stata_areg_centered_student_vce_unadjusted,201,757999
24783,All,stem_enrollment_m1,-.205062964134412,-.139835598172282,.0580947972140492,.352999779865939,stata_areg_centered_student_vce_unadjusted,71,757999
24790,All,stem_enrollment_m1,-.0950144982838436,-.0297871323217136,.0445698451772902,.358238935878154,stata_areg_centered_student_vce_unadjusted,106,757999
24795,All,stem_enrollment_m1,-.255937434100567,-.190710068138437,.103170918109501,.274522826437598,stata_areg_centered_student_vce_unadjusted,15,757999
24798,All,stem_enrollment_m1,-.0681026265264922,-.00287526056436221,.0569932689218048,.397420735233615,stata_areg_centered_student_vce_unadjusted,104,757999
24800,All,stem_enrollment_m1,-.034200103033615,.031027262928515,.0431818892412761,.425118161202883,stata_areg_centered_student_vce_unadjusted,132,757999
24801,All,stem_enrollment_m1,-.0575386224111769,.00768874355095313,.0678822453626098,.346564117001234,stata_areg_centered_student_vce_unadjusted,36,757999
24812,All,stem_enrollment_m1,-.0692460566979385,-.0040186907358085,.0339271317273557,.469764019773752,stata_areg_centered_student_vce_unadjusted,205,757999
24826,All,stem_enrollment_m1,-.136639099272175,-.0714117333100446,.0400597554765768,.363710891054899,stata_areg_centered_student_vce_unadjusted,167,757999
24828,All,stem_enrollment_m1,.046312066824917,.111539432787047,.021337768463495,.435161445425766,stata_areg_centered_student_vce_unadjusted,389,757999
24836,All,stem_enrollment_m1,-.0496241573458552,.0156032086162749,.0898879651255836,.396360130715441,stata_areg_centered_student_vce_unadjusted,213,757999
24840,All,stem_enrollment_m1,-.16364224956221,-.0984148836000801,.0690292414035115,.297724443803494,stata_areg_centered_student_vce_unadjusted,32,757999
24842,All,stem_enrollment_m1,-.143681559125455,-.0784541931633246,.0573440900978817,.361774061342405,stata_areg_centered_student_vce_unadjusted,75,757999
24843,All,stem_enrollment_m1,-.00872932623164706,.056498039730483,.0370273549022253,.437922859135064,stata_areg_centered_student_vce_unadjusted,260,757999
24856,All,stem_enrollment_m1,.000955439434482856,.0661828053966129,.0582348216859774,.413403980426356,stata_areg_centered_student_vce_unadjusted,56,757999
24864,All,stem_enrollment_m1,-.0702845916673266,-.00505722570519659,.0330982203586735,.379267471206943,stata_areg_centered_student_vce_unadjusted,205,757999
24873,All,stem_enrollment_m1,-.101339067156605,-.0361117011944754,.0782852309465012,.370089331916853,stata_areg_centered_student_vce_unadjusted,99,757999
24874,All,stem_enrollment_m1,-.0135237701571256,.0517035958050044,.0752883177152555,.432077682253299,stata_areg_centered_student_vce_unadjusted,44,757999
24876,All,stem_enrollment_m1,-.0641350109889512,.00109235497317879,.0932162780873037,.334903606293405,stata_areg_centered_student_vce_unadjusted,18,757999
24878,All,stem_enrollment_m1,-.129756288046131,-.0645289220840005,.0143727962361529,.304113187518588,stata_areg_centered_student_vce_unadjusted,970,757999
24884,All,stem_enrollment_m1,-.0931198037302456,-.0278924377681156,.0310340617414709,.406900282445589,stata_areg_centered_student_vce_unadjusted,307,757999
24885,All,stem_enrollment_m1,-.112533518552237,-.047306152590107,.019113854983121,.348980770996302,stata_areg_centered_student_vce_unadjusted,646,757999
24889,All,stem_enrollment_m1,-.106821616178347,-.0415942502162171,.0357158229574796,.335907777550199,stata_areg_centered_student_vce_unadjusted,190,757999
24892,All,stem_enrollment_m1,-.0625855437257523,.00264182223637771,.048323552648046,.369174351116453,stata_areg_centered_student_vce_unadjusted,76,757999
24893,All,stem_enrollment_m1,-.0330861870304964,.0321411789316336,.389571095478238,.,stata_areg_centered_student_vce_unadjusted,1,757999
24894,All,stem_enrollment_m1,-.167117325544564,-.101889959582434,.0497887150249696,.393024748376613,stata_areg_centered_student_vce_unadjusted,154,757999
24896,All,stem_enrollment_m1,-.132366265484769,-.0671388995226394,.0448059663192206,.31517652815197,stata_areg_centered_student_vce_unadjusted,78,757999
24897,All,stem_enrollment_m1,-.122339177186024,-.0571118112238938,.06469899013087,.384972270431876,stata_areg_centered_student_vce_unadjusted,70,757999
24898,All,stem_enrollment_m1,-.0967569480365905,-.0315295820744604,.0316664701484713,.380547262631297,stata_areg_centered_student_vce_unadjusted,197,757999
24903,All,stem_enrollment_m1,-.0469129414478121,.0183144245143179,.039913654373098,.415078823052763,stata_areg_centered_student_vce_unadjusted,245,757999
24907,All,stem_enrollment_m1,-.179924922559244,-.114697556597114,.0584407722398946,.400727010450163,stata_areg_centered_student_vce_unadjusted,87,757999
24908,All,stem_enrollment_m1,-.0865154479045751,-.021288081942445,.0310097319643443,.42677570858414,stata_areg_centered_student_vce_unadjusted,326,757999
24911,All,stem_enrollment_m1,-.161010324668116,-.0957829587059856,.0834725978943131,.242144510635544,stata_areg_centered_student_vce_unadjusted,22,757999
24912,All,stem_enrollment_m1,-.116243789403996,-.0510164234418661,.0602911782095115,.385380782330576,stata_areg_centered_student_vce_unadjusted,112,757999
24913,All,stem_enrollment_m1,-.119943649617221,-.0547162836550907,.066035340027213,.275936909610513,stata_areg_centered_student_vce_unadjusted,67,757999
24926,All,stem_enrollment_m1,-.113701656096774,-.0484742901346435,.0727762715929618,.266003561743327,stata_areg_centered_student_vce_unadjusted,29,757999
24927,All,stem_enrollment_m1,-.0529237749709449,.0123035909911851,.066304922598821,.38586259266096,stata_areg_centered_student_vce_unadjusted,449,757999
24930,All,stem_enrollment_m1,-.143468559373558,-.0782411934114279,.066410371208918,.32635668620911,stata_areg_centered_student_vce_unadjusted,35,757999
24933,All,stem_enrollment_m1,-.314824836908797,-.249597470946667,.389193071363808,.,stata_areg_centered_student_vce_unadjusted,1,757999
24935,All,stem_enrollment_m1,-.161861102046896,-.0966337360847658,.0555660764846607,.32465337761615,stata_areg_centered_student_vce_unadjusted,59,757999
24944,All,stem_enrollment_m1,-.122816080604202,-.057588714642072,.0528086556972727,.397403448295405,stata_areg_centered_student_vce_unadjusted,162,757999
24945,All,stem_enrollment_m1,-.200674915002796,-.135447549040666,.194983083806214,.114640838895737,stata_areg_centered_student_vce_unadjusted,4,757999
24946,All,stem_enrollment_m1,-.120787245887382,-.0555598799252521,.0170248753507328,.299405384730472,stata_areg_centered_student_vce_unadjusted,807,757999
24956,All,stem_enrollment_m1,.200816018382922,.266043384345052,.0511073845435902,.489576244988462,stata_areg_centered_student_vce_unadjusted,176,757999
24963,All,stem_enrollment_m1,-.0605386994691755,.00468866649295453,.0510705870143606,.391592641119956,stata_areg_centered_student_vce_unadjusted,117,757999
24966,All,stem_enrollment_m1,-.0822323275049278,-.0170049615427977,.0475474151378266,.385297231714928,stata_areg_centered_student_vce_unadjusted,98,757999
24971,All,stem_enrollment_m1,-.0885484322299276,-.0233210662677975,.0631704709866611,.389395550397887,stata_areg_centered_student_vce_unadjusted,66,757999
24976,All,stem_enrollment_m1,-.0274250311293082,.0378023348328218,.0501857184147541,.454087583494818,stata_areg_centered_student_vce_unadjusted,201,757999
24977,All,stem_enrollment_m1,-.0683703656014565,-.00314299963932649,.0355375875858898,.420529080639074,stata_areg_centered_student_vce_unadjusted,296,757999
24978,All,stem_enrollment_m1,-.0358971836644109,.0293301822977191,.0154247450721733,.395663140970846,stata_areg_centered_student_vce_unadjusted,966,757999
24979,All,stem_enrollment_m1,-.0470625260347511,.0181648399273789,.0749060984563106,.330233128925297,stata_areg_centered_student_vce_unadjusted,253,757999
24985,All,stem_enrollment_m1,-.0075984390230298,.0576289269391002,.0810718132539746,.44572106655803,stata_areg_centered_student_vce_unadjusted,48,757999
24986,All,stem_enrollment_m1,-.0308867374754315,.0343406284866985,.0386709943513609,.406591388072256,stata_areg_centered_student_vce_unadjusted,170,757999
24988,All,stem_enrollment_m1,-.146446004223882,-.081218638261752,.0503600412825813,.392143666982578,stata_areg_centered_student_vce_unadjusted,162,757999
24995,All,stem_enrollment_m1,-.0296388019730095,.0355885639891205,.0539781574123521,.388445541828242,stata_areg_centered_student_vce_unadjusted,79,757999
24997,All,stem_enrollment_m1,-.189638054336069,-.124410688373939,.105351490163303,.258236607406276,stata_areg_centered_student_vce_unadjusted,14,757999
25001,All,stem_enrollment_m1,-.0637236302225775,.00150373573955256,.0431479097095562,.428744147040472,stata_areg_centered_student_vce_unadjusted,279,757999
25009,All,stem_enrollment_m1,-.12771873086216,-.0624913649000299,.0620653954507586,.255701573311845,stata_areg_centered_student_vce_unadjusted,42,757999
25012,All,stem_enrollment_m1,-.084506588352219,-.019279222390089,.0270281574239833,.395043932619634,stata_areg_centered_student_vce_unadjusted,442,757999
25014,All,stem_enrollment_m1,-.205982058340288,-.140754692378158,.0920762378321347,.156565960207153,stata_areg_centered_student_vce_unadjusted,18,757999
25026,All,stem_enrollment_m1,-.15821940393585,-.0929920379737204,.0304579547952622,.28209718786658,stata_areg_centered_student_vce_unadjusted,224,757999
25027,All,stem_enrollment_m1,-.163867303686784,-.0986399377246542,.0329108725573578,.305556701824623,stata_areg_centered_student_vce_unadjusted,230,757999
25028,All,stem_enrollment_m1,-.129445828120625,-.0642184621584954,.0369254677496556,.320446076999412,stata_areg_centered_student_vce_unadjusted,193,757999
25032,All,stem_enrollment_m1,-.0982095281205485,-.0329821621584184,.0264879663752254,.319823676003775,stata_areg_centered_student_vce_unadjusted,300,757999
25038,All,stem_enrollment_m1,-.070889859083504,-.00566249312137393,.0487052836474131,.426571379243078,stata_areg_centered_student_vce_unadjusted,122,757999
25043,All,stem_enrollment_m1,-.129175396338649,-.0639480303765194,.0689510131510238,.251419023413412,stata_areg_centered_student_vce_unadjusted,33,757999
25045,All,stem_enrollment_m1,.0775689505140889,.142796316476219,.119071848937008,.491422523410314,stata_areg_centered_student_vce_unadjusted,13,757999
25048,All,stem_enrollment_m1,-.0353312912041935,.0298960747579365,.0367648241133269,.437571986865936,stata_areg_centered_student_vce_unadjusted,240,757999
25050,All,stem_enrollment_m1,-.0319929920062213,.0332343739559087,.0336252526021919,.43145651973031,stata_areg_centered_student_vce_unadjusted,184,757999
25054,All,stem_enrollment_m1,-.15627072145072,-.0910433554885899,.0416656195248868,.329507173251397,stata_areg_centered_student_vce_unadjusted,95,757999
25055,All,stem_enrollment_m1,-.0632754999655272,.00195186599660283,.0536802922272634,.408680509657276,stata_areg_centered_student_vce_unadjusted,332,757999
25057,All,stem_enrollment_m1,-.0135235944192966,.0517037715428334,.0678654521244796,.435548167510586,stata_areg_centered_student_vce_unadjusted,33,757999
25059,All,stem_enrollment_m1,-.0497470497079713,.0154803162541587,.0328958424403022,.397822032948468,stata_areg_centered_student_vce_unadjusted,260,757999
25061,All,stem_enrollment_m1,-.0380413987783406,.0271859671837894,.0351242105760016,.405913548034028,stata_areg_centered_student_vce_unadjusted,158,757999
25065,All,stem_enrollment_m1,-.0392712480307316,.0259561179313984,.0254556449045588,.446388739390969,stata_areg_centered_student_vce_unadjusted,802,757999
25070,All,stem_enrollment_m1,.00725131733690746,.0724786832990375,.0496925459710986,.399908204547294,stata_areg_centered_student_vce_unadjusted,157,757999
25071,All,stem_enrollment_m1,-.0637383170505747,.00148904891155531,.0359030396088485,.379542792470852,stata_areg_centered_student_vce_unadjusted,198,757999
25082,All,stem_enrollment_m1,.0401775892704044,.105404955232534,.0402342476059946,.448539924487547,stata_areg_centered_student_vce_unadjusted,211,757999
25084,All,stem_enrollment_m1,-.0787218480721265,-.0134944821099965,.0364646964430208,.388483208283793,stata_areg_centered_student_vce_unadjusted,148,757999
25085,All,stem_enrollment_m1,-.115685365042375,-.0504579990802453,.0560269463687012,.335716911509021,stata_areg_centered_student_vce_unadjusted,50,757999
25089,All,stem_enrollment_m1,-.146492488486319,-.0812651225241889,.0822123983961286,.234417373904136,stata_areg_centered_student_vce_unadjusted,23,757999
25091,All,stem_enrollment_m1,-.0698380547913582,-.00461068882922819,.023750632679543,.392210030265001,stata_areg_centered_student_vce_unadjusted,562,757999
25094,All,stem_enrollment_m1,-.110181906098758,-.0449545401366275,.0482188500562636,.351749402016732,stata_areg_centered_student_vce_unadjusted,101,757999
25095,All,stem_enrollment_m1,-.0262161991353721,.0390111668267579,.054215494096951,.431152920097989,stata_areg_centered_student_vce_unadjusted,57,757999
25099,All,stem_enrollment_m1,-.0857340155898314,-.0205066496277014,.112915837457538,.385358001433744,stata_areg_centered_student_vce_unadjusted,12,757999
25101,All,stem_enrollment_m1,-.0590984421220057,.00612892384012433,.0367839403291566,.420010699655649,stata_areg_centered_student_vce_unadjusted,374,757999
25107,All,stem_enrollment_m1,-.220599107479215,-.155371741517084,.18736330447479,.324464304821215,stata_areg_centered_student_vce_unadjusted,64,757999
25114,All,stem_enrollment_m1,-.147984339280849,-.0827569733187188,.0280591471231662,.365198417712386,stata_areg_centered_student_vce_unadjusted,318,757999
25121,All,stem_enrollment_m1,-.137480706282688,-.0722533403205582,.039260404299634,.356348415785885,stata_areg_centered_student_vce_unadjusted,310,757999
25127,All,stem_enrollment_m1,-.0392655135527099,.0259618524094201,.0647190202112097,.404905166697736,stata_areg_centered_student_vce_unadjusted,100,757999
25130,All,stem_enrollment_m1,-.10267764042575,-.0374502744636204,.0637866008570323,.418091608719598,stata_areg_centered_student_vce_unadjusted,86,757999
25132,All,stem_enrollment_m1,-.0572191172631998,.0080082486989302,.0262090661257694,.384116669487993,stata_areg_centered_student_vce_unadjusted,341,757999
25136,All,stem_enrollment_m1,-.11179741295034,-.0465700469882095,.0294956401241962,.280498413148371,stata_areg_centered_student_vce_unadjusted,193,757999
25138,All,stem_enrollment_m1,-.0638485755356391,.00137879042649088,.0459828399263514,.412510727852245,stata_areg_centered_student_vce_unadjusted,134,757999
25142,All,stem_enrollment_m1,-.146416176810533,-.0811888108484034,.0858288760000685,.384955680620762,stata_areg_centered_student_vce_unadjusted,27,757999
25143,All,stem_enrollment_m1,-.0264677717270495,.0387595942350805,.0506602460357914,.426395819090903,stata_areg_centered_student_vce_unadjusted,373,757999
25153,All,stem_enrollment_m1,-.0842720579737589,-.0190446920116289,.0214209327772094,.414081091371436,stata_areg_centered_student_vce_unadjusted,467,757999
25160,All,stem_enrollment_m1,-.110006445609591,-.0447790796474614,.0555165218664864,.364788186726682,stata_areg_centered_student_vce_unadjusted,70,757999
25166,All,stem_enrollment_m1,-.0913833828624964,-.0261560169003664,.0284648919886021,.368949422559003,stata_areg_centered_student_vce_unadjusted,222,757999
25171,All,stem_enrollment_m1,-.0962606536834277,-.0310332877212977,.0338186218768486,.385855032832889,stata_areg_centered_student_vce_unadjusted,171,757999
25172,All,stem_enrollment_m1,-.00114029001043847,.0640870759516916,.0335420849919468,.437424164124282,stata_areg_centered_student_vce_unadjusted,455,757999
25175,All,stem_enrollment_m1,-.173719811707197,-.108492445745067,.0504676913655466,.414690792731426,stata_areg_centered_student_vce_unadjusted,84,757999
25180,All,stem_enrollment_m1,-.105967534739625,-.0407401687774948,.0626949010243111,.303976818510231,stata_areg_centered_student_vce_unadjusted,52,757999
25182,All,stem_enrollment_m1,-.135724400626128,-.0704970346639976,.0421517800054443,.266502181778607,stata_areg_centered_student_vce_unadjusted,89,757999
25185,All,stem_enrollment_m1,-.0736504923399982,-.00842312637786817,.0375092907646077,.415709144955868,stata_areg_centered_student_vce_unadjusted,238,757999
25190,All,stem_enrollment_m1,-.151490888747476,-.0862635227853463,.0640294560826669,.279000289463055,stata_areg_centered_student_vce_unadjusted,38,757999
25196,All,stem_enrollment_m1,-.0784134518548468,-.0131860858927168,.0324673296570195,.393627920958837,stata_areg_centered_student_vce_unadjusted,195,757999
25197,All,stem_enrollment_m1,-.0550576079321375,.0101697580299925,.0603195947108024,.410247681778013,stata_areg_centered_student_vce_unadjusted,57,757999
25198,All,stem_enrollment_m1,-.0492871373091046,.0159402286530254,.024514519182899,.417130108659911,stata_areg_centered_student_vce_unadjusted,466,757999
25202,All,stem_enrollment_m1,-.0598357226540421,.00539164330808795,.0371665351389273,.441191656560496,stata_areg_centered_student_vce_unadjusted,434,757999
25209,All,stem_enrollment_m1,-.0191284840099054,.0460988819522246,.389313476021599,.,stata_areg_centered_student_vce_unadjusted,1,757999
25210,All,stem_enrollment_m1,-.221709986985089,-.156482621022959,.174335975633588,.128476204792644,stata_areg_centered_student_vce_unadjusted,5,757999
25211,All,stem_enrollment_m1,-.0797375732788218,-.0145102073166918,.195531772253891,.0480475961925552,stata_areg_centered_student_vce_unadjusted,4,757999
25215,All,stem_enrollment_m1,-.143498986023828,-.0782716200616983,.0265341336974205,.3591870296101,stata_areg_centered_student_vce_unadjusted,408,757999
25218,All,stem_enrollment_m1,-.122323898714436,-.057096532752306,.0388066648258027,.382959935476853,stata_areg_centered_student_vce_unadjusted,324,757999
25220,All,stem_enrollment_m1,-.151809790363235,-.0865824244011054,.0278673239230693,.296180581127175,stata_areg_centered_student_vce_unadjusted,234,757999
25221,All,stem_enrollment_m1,-.145038384773612,-.0798110188114816,.0976953828122365,.381992381249041,stata_areg_centered_student_vce_unadjusted,20,757999
25223,All,stem_enrollment_m1,-.115101561330217,-.0498741953680869,.0424753889205619,.41830414763413,stata_areg_centered_student_vce_unadjusted,294,757999
25224,All,stem_enrollment_m1,-.0769778246933861,-.0117504587312561,.0545078278096163,.400345703167288,stata_areg_centered_student_vce_unadjusted,57,757999
25235,All,stem_enrollment_m1,-.133400798418017,-.0681734324558874,.0850238319832305,.14003927727126,stata_areg_centered_student_vce_unadjusted,22,757999
25237,All,stem_enrollment_m1,-.142718784872424,-.0774914189102942,.0429481376319901,.296747718615015,stata_areg_centered_student_vce_unadjusted,84,757999
25238,All,stem_enrollment_m1,-.0852958387340352,-.0200684727719052,.0344240881565693,.386525204068374,stata_areg_centered_student_vce_unadjusted,246,757999
25241,All,stem_enrollment_m1,-.10721484540739,-.0419874794452604,.0580123005187795,.409614465277359,stata_areg_centered_student_vce_unadjusted,98,757999
25247,All,stem_enrollment_m1,-.0522138614238716,.0130135045382585,.101506153927815,.33162233924397,stata_areg_centered_student_vce_unadjusted,16,757999
25249,All,stem_enrollment_m1,-.160955368510423,-.0957280025482929,.039329583598019,.372958474016027,stata_areg_centered_student_vce_unadjusted,164,757999
25250,All,stem_enrollment_m1,-.156932562226,-.0917051962638702,.0438427550057502,.300624508470804,stata_areg_centered_student_vce_unadjusted,218,757999
25256,All,stem_enrollment_m1,-.0808843112990374,-.0156569453369074,.0401508536485505,.390332754145874,stata_areg_centered_student_vce_unadjusted,273,757999
25258,All,stem_enrollment_m1,-.0787378888878072,-.0135105229256771,.0348705983018718,.308852816776632,stata_areg_centered_student_vce_unadjusted,130,757999
25265,All,stem_enrollment_m1,-.0815827418979147,-.0163553759357847,.0312834817832878,.391449423012648,stata_areg_centered_student_vce_unadjusted,211,757999
25269,All,stem_enrollment_m1,-.133748530726264,-.0685211647641344,.0440896446346335,.391660020553497,stata_areg_centered_student_vce_unadjusted,113,757999
25270,All,stem_enrollment_m1,-.143554362766264,-.0783269968041343,.0680126400535932,.290733096107056,stata_areg_centered_student_vce_unadjusted,33,757999
25271,All,stem_enrollment_m1,-.0830276555346126,-.0178002895724826,.0677382878877077,.333002397873026,stata_areg_centered_student_vce_unadjusted,34,757999
25278,All,stem_enrollment_m1,-.0679953509797345,-.00276798501760443,.0754291815218961,.399489566277054,stata_areg_centered_student_vce_unadjusted,107,757999
25282,All,stem_enrollment_m1,-.0246888046443455,.0405385613177845,.038109875012521,.420823266630431,stata_areg_centered_student_vce_unadjusted,427,757999
25300,All,stem_enrollment_m1,-.147057863298873,-.0818304973367432,.0581582026370554,.290643771356485,stata_areg_centered_student_vce_unadjusted,47,757999
25303,All,stem_enrollment_m1,-.0924063002102001,-.0271789342480701,.0412415124656238,.286776152860791,stata_areg_centered_student_vce_unadjusted,106,757999
25304,All,stem_enrollment_m1,-.118302124041041,-.0530747580789108,.0207586078541248,.372689094786988,stata_areg_centered_student_vce_unadjusted,424,757999
25310,All,stem_enrollment_m1,-.083433358882297,-.018205992920167,.0426864242373211,.420295846593806,stata_areg_centered_student_vce_unadjusted,183,757999
25315,All,stem_enrollment_m1,-.296978008685913,-.231750642723783,.389392940925072,.,stata_areg_centered_student_vce_unadjusted,1,757999
25316,All,stem_enrollment_m1,-.0913709865838695,-.0261436206217395,.0585596797529732,.37377696681208,stata_areg_centered_student_vce_unadjusted,55,757999
25322,All,stem_enrollment_m1,-.149412604726477,-.084185238764347,.080031886267275,.253998521854429,stata_areg_centered_student_vce_unadjusted,24,757999
25328,All,stem_enrollment_m1,-.098811316051537,-.033583950089407,.039002633771695,.377974820467186,stata_areg_centered_student_vce_unadjusted,186,757999
25329,All,stem_enrollment_m1,.0837295112702381,.148956877232368,.0566240886931342,.434810410485669,stata_areg_centered_student_vce_unadjusted,289,757999
25330,All,stem_enrollment_m1,-.0487422985156297,.0164850674465003,.0461809455362622,.35441909154296,stata_areg_centered_student_vce_unadjusted,74,757999
25332,All,stem_enrollment_m1,-.150723971462795,-.0854966055006651,.109277619428858,.381701727459512,stata_areg_centered_student_vce_unadjusted,104,757999
25339,All,stem_enrollment_m1,-.213679763142155,-.148452397180025,.0739327723754928,.237290482253099,stata_areg_centered_student_vce_unadjusted,29,757999
25342,All,stem_enrollment_m1,-.156463423512388,-.0912360575502575,.040713333263269,.37879203905827,stata_areg_centered_student_vce_unadjusted,231,757999
25347,All,stem_enrollment_m1,-.0720240264606953,-.00679666049856528,.0374059482626754,.395841535132298,stata_areg_centered_student_vce_unadjusted,205,757999
25348,All,stem_enrollment_m1,-.0977733405496171,-.0325459745874871,.0832843908634724,.406834358366173,stata_areg_centered_student_vce_unadjusted,257,757999
25349,All,stem_enrollment_m1,-.166562123439971,-.101334757477841,.0344419909158575,.341404479762574,stata_areg_centered_student_vce_unadjusted,226,757999
25352,All,stem_enrollment_m1,-.0468105203621837,.0184168455999464,.0191598151179302,.383746932065248,stata_areg_centered_student_vce_unadjusted,662,757999
25359,All,stem_enrollment_m1,-.0843158785893018,-.0190885126271717,.0771195272580982,.431675375605968,stata_areg_centered_student_vce_unadjusted,59,757999
25362,All,stem_enrollment_m1,-.0819049893549726,-.0166776233928426,.139044804124218,.404130569219492,stata_areg_centered_student_vce_unadjusted,8,757999
25366,All,stem_enrollment_m1,-.163906428652941,-.098679062690811,.0499373235674823,.390605360215749,stata_areg_centered_student_vce_unadjusted,138,757999
25367,All,stem_enrollment_m1,-.10173528530897,-.0365079193468396,.0364962939004743,.430934029782104,stata_areg_centered_student_vce_unadjusted,316,757999
25368,All,stem_enrollment_m1,-.0598186496491688,.00540871631296123,.0309235897364302,.387155050085692,stata_areg_centered_student_vce_unadjusted,388,757999
25369,All,stem_enrollment_m1,-.0711413901920592,-.0059140242299292,.0175518263068164,.413295605802041,stata_areg_centered_student_vce_unadjusted,1105,757999
25371,All,stem_enrollment_m1,-.0933308836804817,-.0281035177183517,.0240688506238182,.377089517900772,stata_areg_centered_student_vce_unadjusted,630,757999
25373,All,stem_enrollment_m1,-.0743606476031319,-.00913328164100188,.0674977697725991,.375694572701977,stata_areg_centered_student_vce_unadjusted,47,757999
25382,All,stem_enrollment_m1,-.0710892836432712,-.00586191768114115,.0474431240987347,.406663459069929,stata_areg_centered_student_vce_unadjusted,112,757999
25386,All,stem_enrollment_m1,-.0593150213191325,.0059123446429975,.0258948148805846,.378570278726215,stata_areg_centered_student_vce_unadjusted,375,757999
25387,All,stem_enrollment_m1,-.0637716261867288,.00145573977540127,.0262905179156367,.388323438838841,stata_areg_centered_student_vce_unadjusted,475,757999
25389,All,stem_enrollment_m1,-.119025190167017,-.0537978242048869,.025393924216862,.375449617803662,stata_areg_centered_student_vce_unadjusted,539,757999
25393,All,stem_enrollment_m1,-.131079933781023,-.0658525678188927,.0353881328804415,.385748381491487,stata_areg_centered_student_vce_unadjusted,161,757999
25395,All,stem_enrollment_m1,.0308811884899762,.0961085544521062,.0542586536387483,.365732540423665,stata_areg_centered_student_vce_unadjusted,179,757999
25396,All,stem_enrollment_m1,-.0729607200709931,-.00773335410886304,.019950556127694,.344875624788591,stata_areg_centered_student_vce_unadjusted,583,757999
25402,All,stem_enrollment_m1,-.0265330875337496,.0386942784283805,.0520889120582028,.470587996688715,stata_areg_centered_student_vce_unadjusted,306,757999
25418,All,stem_enrollment_m1,-.0655006606734621,-.000273294711332042,.0230802683715072,.376219808131757,stata_areg_centered_student_vce_unadjusted,361,757999
25434,All,stem_enrollment_m1,-.00424446975868558,.0609828962034445,.028876351480888,.404650900309809,stata_areg_centered_student_vce_unadjusted,233,757999
25439,All,stem_enrollment_m1,-.117367289214784,-.0521399232526537,.0180183899504306,.379646040261744,stata_areg_centered_student_vce_unadjusted,811,757999
25442,All,stem_enrollment_m1,-.0428817128143523,.0223456531477777,.0302460320645121,.406110037405,stata_areg_centered_student_vce_unadjusted,260,757999
25447,All,stem_enrollment_m1,-.0432554761721805,.0219718897899495,.0541987145422757,.373057881302222,stata_areg_centered_student_vce_unadjusted,75,757999
25448,All,stem_enrollment_m1,-.0439284766215116,.0212988893406184,.0196504556736568,.381419171446921,stata_areg_centered_student_vce_unadjusted,655,757999
25450,All,stem_enrollment_m1,-.0888429026012627,-.0236155366391327,.0491996164253026,.341973445051838,stata_areg_centered_student_vce_unadjusted,84,757999
25452,All,stem_enrollment_m1,-.0940622108877339,-.0288348449256039,.0702607058357224,.425872771402442,stata_areg_centered_student_vce_unadjusted,151,757999
25454,All,stem_enrollment_m1,-.0263382740314664,.0388890919306636,.062764452648605,.413945590029749,stata_areg_centered_student_vce_unadjusted,83,757999
25458,All,stem_enrollment_m1,-.0648287527171142,.000398613245015819,.0203509247423998,.37413845215778,stata_areg_centered_student_vce_unadjusted,412,757999
25462,All,stem_enrollment_m1,-.0843980431495457,-.0191706771874157,.0376896528806002,.383008647753158,stata_areg_centered_student_vce_unadjusted,162,757999
25463,All,stem_enrollment_m1,.0135681361988005,.0787955021609305,.051273092048226,.403746064390347,stata_areg_centered_student_vce_unadjusted,58,757999
25464,All,stem_enrollment_m1,-.0442309397721135,.0209964261900166,.0249715599399754,.41218959799509,stata_areg_centered_student_vce_unadjusted,576,757999
25471,All,stem_enrollment_m1,-.0926215108640704,-.0273941449019404,.0427938606885066,.359674146763937,stata_areg_centered_student_vce_unadjusted,127,757999
25475,All,stem_enrollment_m1,-.0850826016617209,-.0198552356995909,.0419531774491502,.388126490953157,stata_areg_centered_student_vce_unadjusted,158,757999
25477,All,stem_enrollment_m1,-.0297112881668645,.0355160777952655,.0461392891459739,.395981799746571,stata_areg_centered_student_vce_unadjusted,214,757999
25478,All,stem_enrollment_m1,-.0767766714872148,-.0115493055250848,.03564387971281,.415284478535266,stata_areg_centered_student_vce_unadjusted,442,757999
25480,All,stem_enrollment_m1,-.0966147178887146,-.0313873519265846,.0638239594367684,.417282537657905,stata_areg_centered_student_vce_unadjusted,75,757999
25481,All,stem_enrollment_m1,-.0733304558846081,-.00810308992247806,.0314874601660278,.404023937394369,stata_areg_centered_student_vce_unadjusted,268,757999
25482,All,stem_enrollment_m1,-.0644426823501299,.000784683612000153,.0518205256603548,.38961698326602,stata_areg_centered_student_vce_unadjusted,108,757999
25484,All,stem_enrollment_m1,-.0587556431553432,.00647172280678678,.0836921776641134,.34992016332611,stata_areg_centered_student_vce_unadjusted,22,757999
25487,All,stem_enrollment_m1,-.103366428165381,-.0381390622032513,.0359398501334638,.416376314183664,stata_areg_centered_student_vce_unadjusted,440,757999
25496,All,stem_enrollment_m1,-.04311029893756,.02211706702457,.0125211424005939,.381144476679839,stata_areg_centered_student_vce_unadjusted,1171,757999
25501,All,stem_enrollment_m1,-.0440981697818927,.0211291961802373,.0306433845777095,.411930229495265,stata_areg_centered_student_vce_unadjusted,287,757999
25502,All,stem_enrollment_m1,-.0879425533652607,-.0227151874031307,.070604549626923,.276496376671684,stata_areg_centered_student_vce_unadjusted,31,757999
25504,All,stem_enrollment_m1,-.1004745460466,-.0352471800844696,.0610720230056409,.32077788559545,stata_areg_centered_student_vce_unadjusted,41,757999
25508,All,stem_enrollment_m1,-.1251181895777,-.0598908236155695,.0589611363677739,.397950804598986,stata_areg_centered_student_vce_unadjusted,118,757999
25509,All,stem_enrollment_m1,-.111749107243167,-.0465217412810368,.038288159880288,.37754729034251,stata_areg_centered_student_vce_unadjusted,261,757999
25514,All,stem_enrollment_m1,-.206198274992485,-.140970909030355,.034944752732641,.304644782481115,stata_areg_centered_student_vce_unadjusted,128,757999
25520,All,stem_enrollment_m1,-.0889851768558782,-.0237578108937482,.0317506916109895,.409808925658215,stata_areg_centered_student_vce_unadjusted,298,757999
25523,All,stem_enrollment_m1,.040160879895549,.105388245857679,.0294333915035284,.426044473273761,stata_areg_centered_student_vce_unadjusted,315,757999
25524,All,stem_enrollment_m1,-.0731981455939741,-.00797077963184412,.10461756875846,.120524259311391,stata_areg_centered_student_vce_unadjusted,14,757999
25525,All,stem_enrollment_m1,-.0851629815227353,-.0199356155606053,.0481338081344123,.411471769974293,stata_areg_centered_student_vce_unadjusted,95,757999
25526,All,stem_enrollment_m1,-.0859667193601839,-.0207393533980538,.0334908254884956,.386685526796154,stata_areg_centered_student_vce_unadjusted,306,757999
25540,All,stem_enrollment_m1,-.0879439766724224,-.0227166107102924,.0338231460052937,.395382405480548,stata_areg_centered_student_vce_unadjusted,258,757999
25541,All,stem_enrollment_m1,-.00500017564458107,.060227190317549,.0594142090324054,.437077495169625,stata_areg_centered_student_vce_unadjusted,135,757999
25542,All,stem_enrollment_m1,-.0394494051666162,.0257779607955138,.032519356757911,.375956387191959,stata_areg_centered_student_vce_unadjusted,281,757999
25543,All,stem_enrollment_m1,-.157146279198262,-.0919189132361316,.0495317402330428,.283141422877904,stata_areg_centered_student_vce_unadjusted,67,757999
25550,All,stem_enrollment_m1,-.102266195246503,-.0370388292843734,.0281024339022731,.391302862817555,stata_areg_centered_student_vce_unadjusted,321,757999
25556,All,stem_enrollment_m1,-.11773342833232,-.0525060623701898,.038431620760983,.328585358428642,stata_areg_centered_student_vce_unadjusted,142,757999
25557,All,stem_enrollment_m1,-.0936467988943089,-.0284194329321789,.0426033720185798,.37255750531168,stata_areg_centered_student_vce_unadjusted,225,757999
25558,All,stem_enrollment_m1,.0529452148206331,.118172580782763,.054751113090645,.435694340219758,stata_areg_centered_student_vce_unadjusted,229,757999
25562,All,stem_enrollment_m1,-.0662370352937435,-.00100966933161349,.0366618570948237,.397885973452404,stata_areg_centered_student_vce_unadjusted,310,757999
25571,All,stem_enrollment_m1,-.0468240771193113,.0184032888428187,.0368103174064004,.394624974858393,stata_areg_centered_student_vce_unadjusted,214,757999
25577,All,stem_enrollment_m1,-.0970150389966872,-.0317876730345572,.0480904832109869,.379113748975122,stata_areg_centered_student_vce_unadjusted,179,757999
25580,All,stem_enrollment_m1,-.0666429037746369,-.00141553781250685,.0343247936844626,.418654649846321,stata_areg_centered_student_vce_unadjusted,276,757999
25589,All,stem_enrollment_m1,-.0941649857351326,-.0289376197730026,.0462139649404101,.376174577295617,stata_areg_centered_student_vce_unadjusted,107,757999
25591,All,stem_enrollment_m1,.00338833701153313,.0686157029736632,.0188671992121495,.410664437208035,stata_areg_centered_student_vce_unadjusted,682,757999
25592,All,stem_enrollment_m1,-.10403819467449,-.0388108287123598,.0379304205868979,.300878407434339,stata_areg_centered_student_vce_unadjusted,118,757999
25599,All,stem_enrollment_m1,-.0155937101911241,.0496336557710059,.0299715250381504,.401501596903994,stata_areg_centered_student_vce_unadjusted,227,757999
25602,All,stem_enrollment_m1,-.069441939442878,-.00421457348074793,.056732544031262,.421327106336522,stata_areg_centered_student_vce_unadjusted,111,757999
25611,All,stem_enrollment_m1,-.0212884181996775,.0439389477624525,.07208584404314,.428908851535608,stata_areg_centered_student_vce_unadjusted,55,757999
25613,All,stem_enrollment_m1,-.0508616900146029,.0143656759475271,.0385727061792549,.403711991466343,stata_areg_centered_student_vce_unadjusted,274,757999
25615,All,stem_enrollment_m1,-.0991917720528065,-.0339644060906764,.0426502475798686,.343197601513006,stata_areg_centered_student_vce_unadjusted,134,757999
25625,All,stem_enrollment_m1,-.14105859890434,-.0758312329422099,.0746634831842003,.4130231230755,stata_areg_centered_student_vce_unadjusted,96,757999
25630,All,stem_enrollment_m1,-.163197253096927,-.0979698871347965,.279865492348855,.0542145394119678,stata_areg_centered_student_vce_unadjusted,2,757999
25633,All,stem_enrollment_m1,-.184997150012758,-.119769784050628,.0534938071800983,.212124587083507,stata_areg_centered_student_vce_unadjusted,54,757999
25640,All,stem_enrollment_m1,-.0468422668724548,.0183850990896752,.0388284409730275,.400668919411324,stata_areg_centered_student_vce_unadjusted,235,757999
25644,All,stem_enrollment_m1,-.080537053609896,-.015309687647766,.0345650652607332,.392095747940844,stata_areg_centered_student_vce_unadjusted,206,757999
25645,All,stem_enrollment_m1,-.100595010665021,-.0353676447028908,.0128617618118756,.361202099860779,stata_areg_centered_student_vce_unadjusted,1209,757999
25650,All,stem_enrollment_m1,-.0591977932428291,.00602957271930089,.0325741135064622,.415072840130691,stata_areg_centered_student_vce_unadjusted,524,757999
25654,All,stem_enrollment_m1,-.0914868668784131,-.0262595009162831,.0643895055728459,.376919374258663,stata_areg_centered_student_vce_unadjusted,554,757999
25655,All,stem_enrollment_m1,-.159791164328245,-.0945637983661152,.0386513543652468,.3775933606601,stata_areg_centered_student_vce_unadjusted,205,757999
25666,All,stem_enrollment_m1,-.136214519402202,-.0709871534400717,.0547615117335041,.388620483537236,stata_areg_centered_student_vce_unadjusted,62,757999
25669,All,stem_enrollment_m1,-.0770628418686655,-.0118354759065355,.059687458892357,.373277467334971,stata_areg_centered_student_vce_unadjusted,185,757999
25671,All,stem_enrollment_m1,-.100353050267168,-.0351256843050384,.0520680556848194,.224957424468142,stata_areg_centered_student_vce_unadjusted,62,757999
25675,All,stem_enrollment_m1,-.135256080586377,-.0700287146242472,.0391206021927855,.425855519900602,stata_areg_centered_student_vce_unadjusted,267,757999
25676,All,stem_enrollment_m1,-.0985805219090873,-.0333531559469573,.025627406330876,.358292134750309,stata_areg_centered_student_vce_unadjusted,413,757999
25681,All,stem_enrollment_m1,-.131080648558339,-.0658532825962092,.0553994442674226,.40063254194044,stata_areg_centered_student_vce_unadjusted,76,757999
25692,All,stem_enrollment_m1,-.187731709734148,-.122504343772018,.0931901376305123,.38717687384069,stata_areg_centered_student_vce_unadjusted,92,757999
25693,All,stem_enrollment_m1,-.203732424821551,-.138505058859421,.0548278668865654,.372004973742699,stata_areg_centered_student_vce_unadjusted,161,757999
25695,All,stem_enrollment_m1,-.0486393882591196,.0165879777030104,.0506027350667852,.382919231536432,stata_areg_centered_student_vce_unadjusted,248,757999
25697,All,stem_enrollment_m1,-.0977800657670529,-.0325526998049229,.0556138192748021,.37667104481615,stata_areg_centered_student_vce_unadjusted,106,757999
25698,All,stem_enrollment_m1,-.169519739253769,-.104292373291639,.0789535697731496,.129522647010482,stata_areg_centered_student_vce_unadjusted,25,757999
25700,All,stem_enrollment_m1,-.0810707637022474,-.0158433977401174,.0332692807837793,.399273868152448,stata_areg_centered_student_vce_unadjusted,251,757999
25703,All,stem_enrollment_m1,-.0943591986675019,-.0291318327053719,.0513292316716712,.410006598736146,stata_areg_centered_student_vce_unadjusted,176,757999
25704,All,stem_enrollment_m1,-.0616852253029766,.00354214065915338,.0373556503459333,.420325458913234,stata_areg_centered_student_vce_unadjusted,269,757999
25709,All,stem_enrollment_m1,-.105118258792346,-.0398908928302158,.0332169239260638,.370157246467445,stata_areg_centered_student_vce_unadjusted,268,757999
25711,All,stem_enrollment_m1,-.104076077746344,-.0388487117842141,.0407431417374181,.350462243717538,stata_areg_centered_student_vce_unadjusted,177,757999
25712,All,stem_enrollment_m1,-.0888360085933806,-.0236086426312505,.0557261792524891,.396549012047013,stata_areg_centered_student_vce_unadjusted,60,757999
25713,All,stem_enrollment_m1,-.0802620072327234,-.0150346412705933,.045553199229243,.419204870068767,stata_areg_centered_student_vce_unadjusted,141,757999
25714,All,stem_enrollment_m1,-.0828408950934023,-.0176135291312722,.0325433802022949,.383131159089268,stata_areg_centered_student_vce_unadjusted,209,757999
25716,All,stem_enrollment_m1,-.0611919185487004,.00403544741342966,.033162993337681,.415256070601306,stata_areg_centered_student_vce_unadjusted,222,757999
25717,All,stem_enrollment_m1,-.0968076534153313,-.0315802874532013,.0257353260972231,.389316023715827,stata_areg_centered_student_vce_unadjusted,434,757999
25718,All,stem_enrollment_m1,-.0786839847191771,-.0134566187570471,.0572532354189692,.384023037784945,stata_areg_centered_student_vce_unadjusted,62,757999
25722,All,stem_enrollment_m1,-.0332201853655167,.0320071805966133,.0540685405383997,.423302204374188,stata_areg_centered_student_vce_unadjusted,232,757999
25723,All,stem_enrollment_m1,-.126822287901696,-.0615949219395661,.101618782442684,.257426572333976,stata_areg_centered_student_vce_unadjusted,15,757999
25724,All,stem_enrollment_m1,-.041939960440987,.023287405521143,.0428003228841383,.408653967326448,stata_areg_centered_student_vce_unadjusted,254,757999
25725,All,stem_enrollment_m1,-.0665648892384649,-.00133752327633486,.0331614856287302,.428207760666505,stata_areg_centered_student_vce_unadjusted,274,757999
25727,All,stem_enrollment_m1,-.144998791269289,-.0797714253071592,.0317526673875536,.453202554590727,stata_areg_centered_student_vce_unadjusted,413,757999
25735,All,stem_enrollment_m1,-.119064795917458,-.0538374299553279,.0560608365740251,.276441652851147,stata_areg_centered_student_vce_unadjusted,49,757999
25736,All,stem_enrollment_m1,-.135080652797933,-.0698532868358028,.0440552994818043,.292205312280171,stata_areg_centered_student_vce_unadjusted,80,757999
25737,All,stem_enrollment_m1,-.0543266112914282,.0109007546707018,.0389590788351776,.402252646209242,stata_areg_centered_student_vce_unadjusted,153,757999
25739,All,stem_enrollment_m1,-.0689401326699343,-.00371276670780429,.0302706764062869,.396215107142754,stata_areg_centered_student_vce_unadjusted,337,757999
25749,All,stem_enrollment_m1,-.127737552367458,-.0625101864053281,.0241364053625612,.416777082592063,stata_areg_centered_student_vce_unadjusted,758,757999
25751,All,stem_enrollment_m1,-.116333380357142,-.0511060143950118,.0295916839777201,.403172195516753,stata_areg_centered_student_vce_unadjusted,301,757999
25752,All,stem_enrollment_m1,-.0845706787120279,-.0193433127498978,.0804424641472305,.265637217610045,stata_areg_centered_student_vce_unadjusted,24,757999
25753,All,stem_enrollment_m1,-.103240473568403,-.038013107606273,.0490010471586141,.333870120435329,stata_areg_centered_student_vce_unadjusted,65,757999
25766,All,stem_enrollment_m1,-.112641473881713,-.0474141079195833,.027659587683632,.396420490512343,stata_areg_centered_student_vce_unadjusted,383,757999
25767,All,stem_enrollment_m1,-.11858463407055,-.0533572681084199,.0518977547421395,.36899699653874,stata_areg_centered_student_vce_unadjusted,67,757999
25770,All,stem_enrollment_m1,-.0741808436150997,-.00895347765296965,.0219896741272313,.46886546401883,stata_areg_centered_student_vce_unadjusted,874,757999
25775,All,stem_enrollment_m1,-.200535633772591,-.135308267810461,.0893567853469841,.234996880465381,stata_areg_centered_student_vce_unadjusted,19,757999
25779,All,stem_enrollment_m1,-.00055264866648813,.0646747172956419,.0295108924620074,.427564235445442,stata_areg_centered_student_vce_unadjusted,325,757999
25781,All,stem_enrollment_m1,.024321530874661,.089548896836791,.0374478637076327,.431268267565698,stata_areg_centered_student_vce_unadjusted,442,757999
25783,All,stem_enrollment_m1,-.100612233226716,-.0353848672645858,.0602169080396793,.342434785337812,stata_areg_centered_student_vce_unadjusted,92,757999
25785,All,stem_enrollment_m1,-.113335797472553,-.0481084315104228,.0381182404433468,.396187280167538,stata_areg_centered_student_vce_unadjusted,129,757999
25790,All,stem_enrollment_m1,-.133004361729363,-.067776995767233,.0452058978058238,.343044187856477,stata_areg_centered_student_vce_unadjusted,100,757999
25795,All,stem_enrollment_m1,-.115522421994325,-.0502950560321948,.0271403223224,.341859208043911,stata_areg_centered_student_vce_unadjusted,275,757999
25798,All,stem_enrollment_m1,-.098990232682078,-.033762866719948,.0396171523408023,.338176492541326,stata_areg_centered_student_vce_unadjusted,112,757999
25804,All,stem_enrollment_m1,-.0650745467084842,.000152819253645797,.0310091510202481,.407557867356621,stata_areg_centered_student_vce_unadjusted,406,757999
25812,All,stem_enrollment_m1,-.157653212498714,-.0924258465365838,.138563667441155,.135038177681379,stata_areg_centered_student_vce_unadjusted,8,757999
25814,All,stem_enrollment_m1,-.0695755490506853,-.00434818308855525,.0526179022236864,.411899273777096,stata_areg_centered_student_vce_unadjusted,102,757999
25818,All,stem_enrollment_m1,-.126146062113394,-.060918696151264,.0224143974549292,.309570899032469,stata_areg_centered_student_vce_unadjusted,308,757999
25824,All,stem_enrollment_m1,-.0223844483194686,.0428429176426614,.0185593321494619,.399323423731902,stata_areg_centered_student_vce_unadjusted,531,757999
25825,All,stem_enrollment_m1,-.161286330541259,-.0960589645791292,.0673593882301503,.418409278424487,stata_areg_centered_student_vce_unadjusted,128,757999
25826,All,stem_enrollment_m1,-.0950513900140411,-.0298240240519111,.0649889615111448,.415609646074628,stata_areg_centered_student_vce_unadjusted,56,757999
25829,All,stem_enrollment_m1,-.111657374984277,-.046430009022147,.0400246115831878,.394313474073817,stata_areg_centered_student_vce_unadjusted,289,757999
25832,All,stem_enrollment_m1,-.16292322095959,-.0976958549974595,.0532733640382279,.384039509860576,stata_areg_centered_student_vce_unadjusted,94,757999
25839,All,stem_enrollment_m1,-.0425909792439404,.0226363867181896,.12276368884487,.458023765618858,stata_areg_centered_student_vce_unadjusted,12,757999
25842,All,stem_enrollment_m1,-.0416065852291694,.0236207807329606,.0410219960048526,.388708376273896,stata_areg_centered_student_vce_unadjusted,161,757999
25843,All,stem_enrollment_m1,-.0982309341573518,-.0330035681952218,.0806829026889849,.379778094434574,stata_areg_centered_student_vce_unadjusted,253,757999
25845,All,stem_enrollment_m1,.00832972025357464,.0735570862157047,.278031921553924,.0696703758430459,stata_areg_centered_student_vce_unadjusted,2,757999
25850,All,stem_enrollment_m1,-.0980904568186585,-.0328630908565284,.0441359734822557,.376437699106713,stata_areg_centered_student_vce_unadjusted,149,757999
25852,All,stem_enrollment_m1,-.0738471344490464,-.00861976848691633,.0429409117643737,.415248275503407,stata_areg_centered_student_vce_unadjusted,242,757999
25853,All,stem_enrollment_m1,-.0960100626495866,-.0307826966874566,.0181189758796628,.320496331227957,stata_areg_centered_student_vce_unadjusted,596,757999
25855,All,stem_enrollment_m1,-.0858321823512962,-.0206048163891661,.0277338211126871,.403864338819438,stata_areg_centered_student_vce_unadjusted,701,757999
25865,All,stem_enrollment_m1,-.11428396453835,-.0490565985762202,.0383454343317839,.37130805478915,stata_areg_centered_student_vce_unadjusted,151,757999
25874,All,stem_enrollment_m1,-.184308896889014,-.119081530926884,.194728032832747,.145361768305343,stata_areg_centered_student_vce_unadjusted,4,757999
25876,All,stem_enrollment_m1,-.129450764826039,-.0642233988639085,.0541805099041479,.261580018391208,stata_areg_centered_student_vce_unadjusted,53,757999
25882,All,stem_enrollment_m1,.00042511265827613,.0656524786204062,.0352021886270749,.407980630860987,stata_areg_centered_student_vce_unadjusted,236,757999
25885,All,stem_enrollment_m1,-.0664065566578657,-.0011791906957357,.0364091750907276,.418750327256483,stata_areg_centered_student_vce_unadjusted,274,757999
25894,All,stem_enrollment_m1,-.0746460891176419,-.00941872315551187,.04478105187659,.402204280569095,stata_areg_centered_student_vce_unadjusted,137,757999
25895,All,stem_enrollment_m1,-.0990058206031867,-.0337784546410567,.0305746953637416,.375898669318804,stata_areg_centered_student_vce_unadjusted,299,757999
25899,All,stem_enrollment_m1,-.0520861479917016,.0131412179704285,.0318084869743267,.368271922399732,stata_areg_centered_student_vce_unadjusted,228,757999
25916,All,stem_enrollment_m1,-.087496599126542,-.022269233164412,.0393383102072462,.366687618873584,stata_areg_centered_student_vce_unadjusted,245,757999
25919,All,stem_enrollment_m1,-.0452152898079515,.0200120761541786,.0542037532834732,.419511486746784,stata_areg_centered_student_vce_unadjusted,125,757999
25921,All,stem_enrollment_m1,-.154256573525679,-.0890292075635493,.0500412976348611,.301834616586461,stata_areg_centered_student_vce_unadjusted,111,757999
25922,All,stem_enrollment_m1,-.0718863674259629,-.0066590014638329,.0354861529681012,.41579571378426,stata_areg_centered_student_vce_unadjusted,261,757999
25926,All,stem_enrollment_m1,-.0696702644247634,-.00444289846263338,.0246962395571342,.386138925218006,stata_areg_centered_student_vce_unadjusted,435,757999
25929,All,stem_enrollment_m1,.116520330168259,.18174769613039,.0440469286516696,.435762066752454,stata_areg_centered_student_vce_unadjusted,242,757999
25932,All,stem_enrollment_m1,-.0951091486648208,-.0298817827026908,.0587965945448131,.284070211741084,stata_areg_centered_student_vce_unadjusted,45,757999
25936,All,stem_enrollment_m1,-.141876901750749,-.0766495357886188,.0455436076765741,.340663432975005,stata_areg_centered_student_vce_unadjusted,135,757999
25938,All,stem_enrollment_m1,-.147810571565884,-.0825832056037537,.0473871717130145,.244637287751771,stata_areg_centered_student_vce_unadjusted,69,757999
25944,All,stem_enrollment_m1,-.0237650376167774,.0414623283453526,.0340112109935207,.419637914649918,stata_areg_centered_student_vce_unadjusted,197,757999
25950,All,stem_enrollment_m1,-.130209286590972,-.0649819206288416,.0357368528896714,.338324769456107,stata_areg_centered_student_vce_unadjusted,128,757999
25951,All,stem_enrollment_m1,-.0932304163114874,-.0280030503493574,.0799682025200938,.284077820738223,stata_areg_centered_student_vce_unadjusted,24,757999
25954,All,stem_enrollment_m1,-.0905211785307947,-.0252938125686647,.0499631255783641,.369409753236014,stata_areg_centered_student_vce_unadjusted,78,757999
25960,All,stem_enrollment_m1,-.054443770020518,.0107835959416121,.0309932866712214,.387840599170487,stata_areg_centered_student_vce_unadjusted,219,757999
25961,All,stem_enrollment_m1,-.0399886343964281,.0252387315657019,.0304720385114959,.422036663895317,stata_areg_centered_student_vce_unadjusted,437,757999
25969,All,stem_enrollment_m1,-.0689577676086744,-.00373040164654435,.0239727158512942,.386770330125331,stata_areg_centered_student_vce_unadjusted,634,757999
25977,All,stem_enrollment_m1,-.23931865214061,-.17409128617848,.0898301343665644,.131643570763217,stata_areg_centered_student_vce_unadjusted,19,757999
25978,All,stem_enrollment_m1,-.0620971800066558,.00313018595547427,.39055754542026,.,stata_areg_centered_student_vce_unadjusted,1,757999
25982,All,stem_enrollment_m1,-.179323565029534,-.114096199067404,.0769597057266411,.134728859314269,stata_areg_centered_student_vce_unadjusted,26,757999
25984,All,stem_enrollment_m1,-.0779128954145275,-.0126855294523975,.0453134921041455,.369314515855421,stata_areg_centered_student_vce_unadjusted,122,757999
25988,All,stem_enrollment_m1,.0390939121911272,.104321278153257,.0318738401598311,.418892722832787,stata_areg_centered_student_vce_unadjusted,331,757999
25995,All,stem_enrollment_m1,-.0259603743079479,.0392669916541821,.0190773461705714,.385881431111794,stata_areg_centered_student_vce_unadjusted,452,757999
25999,All,stem_enrollment_m1,-.104067197580165,-.0388398316180349,.0241455844975718,.404497932945705,stata_areg_centered_student_vce_unadjusted,852,757999
26001,All,stem_enrollment_m1,-.0908886927340197,-.0256613267718897,.0380464038051245,.431252200945831,stata_areg_centered_student_vce_unadjusted,441,757999
26006,All,stem_enrollment_m1,-.0613280787730149,.00389928718911509,.048040417521181,.395138371667746,stata_areg_centered_student_vce_unadjusted,135,757999
26012,All,stem_enrollment_m1,-.0727066158634487,-.00747924990131865,.0288953737932858,.360426162744858,stata_areg_centered_student_vce_unadjusted,310,757999
26017,All,stem_enrollment_m1,.0111859220201561,.0764132879822861,.041965765458779,.41067085448569,stata_areg_centered_student_vce_unadjusted,138,757999
26019,All,stem_enrollment_m1,-.107828279731109,-.0426009137689789,.101119515543648,.240417232725704,stata_areg_centered_student_vce_unadjusted,15,757999
26025,All,stem_enrollment_m1,-.22557090707579,-.16034354111366,.0730955928660027,.108173652217795,stata_areg_centered_student_vce_unadjusted,29,757999
26027,All,stem_enrollment_m1,-.226179772318347,-.160952406356217,.123679979035383,.138125323372104,stata_areg_centered_student_vce_unadjusted,10,757999
26028,All,stem_enrollment_m1,-.0798205082547525,-.0145931422926225,.0488815594392363,.423548985947078,stata_areg_centered_student_vce_unadjusted,102,757999
26030,All,stem_enrollment_m1,-.128462730938086,-.0632353649759555,.0484972204685599,.363513667255574,stata_areg_centered_student_vce_unadjusted,66,757999
26032,All,stem_enrollment_m1,-.193147847985918,-.127920482023788,.175607070783697,.0949357548850717,stata_areg_centered_student_vce_unadjusted,5,757999
26033,All,stem_enrollment_m1,-.0955784456103895,-.0303510796482594,.0313600325792034,.398421202249215,stata_areg_centered_student_vce_unadjusted,462,757999
26035,All,stem_enrollment_m1,-.0582920657946341,.00693530016749596,.0373966735707726,.372307933447,stata_areg_centered_student_vce_unadjusted,306,757999
26036,All,stem_enrollment_m1,-.373245773981395,-.308018408019265,.388448488549716,.,stata_areg_centered_student_vce_unadjusted,1,757999
26037,All,stem_enrollment_m1,-.0374900537829246,.0277373121792054,.0339996803677583,.350759755381385,stata_areg_centered_student_vce_unadjusted,316,757999
26045,All,stem_enrollment_m1,-.091590520158683,-.026363154196553,.0324055687891618,.368343984821019,stata_areg_centered_student_vce_unadjusted,195,757999
26046,All,stem_enrollment_m1,-.113566658348955,-.0483392923868252,.0386871643788712,.436025604275958,stata_areg_centered_student_vce_unadjusted,313,757999
26048,All,stem_enrollment_m1,-.206384961782881,-.141157595820751,.0926933754906144,.259658787877728,stata_areg_centered_student_vce_unadjusted,18,757999
26053,All,stem_enrollment_m1,-.0941665224293665,-.0289391564672365,.0304018751679784,.405484000460918,stata_areg_centered_student_vce_unadjusted,345,757999
26054,All,stem_enrollment_m1,-.0228847099398849,.0423426560222451,.0896018262536729,.407249070831295,stata_areg_centered_student_vce_unadjusted,19,757999
26061,All,stem_enrollment_m1,-.114194861056229,-.0489674950940985,.0613938847446222,.234326663737825,stata_areg_centered_student_vce_unadjusted,41,757999
26062,All,stem_enrollment_m1,-.191245095050731,-.126017729088601,.108708449465593,.146001626508247,stata_areg_centered_student_vce_unadjusted,13,757999
26063,All,stem_enrollment_m1,-.058435963504509,.00679140245762102,.100939136561665,.401978966497146,stata_areg_centered_student_vce_unadjusted,15,757999
26070,All,stem_enrollment_m1,-.260255832604367,-.195028466642237,.224896219776275,.0867622223258408,stata_areg_centered_student_vce_unadjusted,3,757999
26075,All,stem_enrollment_m1,-.121195185188264,-.0559678192261341,.0588270674606855,.360652300561207,stata_areg_centered_student_vce_unadjusted,80,757999
26077,All,stem_enrollment_m1,-.192340038943809,-.127112672981679,.108643084473938,.135295974837195,stata_areg_centered_student_vce_unadjusted,13,757999
26080,All,stem_enrollment_m1,-.119422351534128,-.0541949855719979,.0512454253084891,.414980222838025,stata_areg_centered_student_vce_unadjusted,131,757999
26083,All,stem_enrollment_m1,-.00149632444834514,.0637310415137849,.0476830698471215,.366420478632985,stata_areg_centered_student_vce_unadjusted,163,757999
26084,All,stem_enrollment_m1,-.120519572381639,-.0552922064195086,.0505475701413149,.351321701925432,stata_areg_centered_student_vce_unadjusted,68,757999
26085,All,stem_enrollment_m1,-.00497095658702762,.0602564093751024,.0766260583584277,.364182255214891,stata_areg_centered_student_vce_unadjusted,26,757999
26087,All,stem_enrollment_m1,-.0831998346104382,-.0179724686483082,.0767522477551139,.321212132020469,stata_areg_centered_student_vce_unadjusted,26,757999
26092,All,stem_enrollment_m1,-.100989922829671,-.0357625568675414,.0325870085269521,.398717308633681,stata_areg_centered_student_vce_unadjusted,220,757999
26094,All,stem_enrollment_m1,-.220870216410763,-.155642850448633,.0519444604894364,.359759510061774,stata_areg_centered_student_vce_unadjusted,169,757999
26110,All,stem_enrollment_m1,-.0270711103076267,.0381562556545033,.0307289525280466,.402478767944081,stata_areg_centered_student_vce_unadjusted,317,757999
26115,All,stem_enrollment_m1,-.0833417099038651,-.0181143439417351,.0216741981885077,.390050213487356,stata_areg_centered_student_vce_unadjusted,454,757999
26117,All,stem_enrollment_m1,-.136311368301449,-.071084002339319,.0407832565011067,.342160940518952,stata_areg_centered_student_vce_unadjusted,220,757999
26134,All,stem_enrollment_m1,-.194562568919501,-.129335202957371,.0456874813545815,.283290794290633,stata_areg_centered_student_vce_unadjusted,80,757999
26135,All,stem_enrollment_m1,-.0709227606283408,-.00569539466621082,.0293751350124098,.405014854515727,stata_areg_centered_student_vce_unadjusted,453,757999
26137,All,stem_enrollment_m1,-.0950501134097716,-.0298227474476415,.0504312229083679,.385001294690167,stata_areg_centered_student_vce_unadjusted,89,757999
26138,All,stem_enrollment_m1,-.295786762167747,-.230559396205617,.388697671102126,.,stata_areg_centered_student_vce_unadjusted,1,757999
26143,All,stem_enrollment_m1,-.143476577323674,-.0782492113615438,.0681528862113706,.198976471631136,stata_areg_centered_student_vce_unadjusted,34,757999
26150,All,stem_enrollment_m1,-.0300959577092898,.0351314082528402,.047219518193395,.396599335178171,stata_areg_centered_student_vce_unadjusted,108,757999
26155,All,stem_enrollment_m1,-.0488427796571856,.0163845863049444,.0589937063846771,.453743845586027,stata_areg_centered_student_vce_unadjusted,221,757999
26157,All,stem_enrollment_m1,-.0894941562313341,-.0242667902692041,.0308289559641392,.339364133056228,stata_areg_centered_student_vce_unadjusted,244,757999
26164,All,stem_enrollment_m1,-.0550156993399251,.0102116666222049,.0453803818730113,.362909712072905,stata_areg_centered_student_vce_unadjusted,90,757999
26168,All,stem_enrollment_m1,-.0714843081955269,-.00625694223339683,.0284055766093271,.341957322550947,stata_areg_centered_student_vce_unadjusted,204,757999
26201,All,stem_enrollment_m1,-.245394169228463,-.180166803266333,.0767166138636274,.122480523542683,stata_areg_centered_student_vce_unadjusted,26,757999
26209,All,stem_enrollment_m1,-.0458195386102912,.0194078273518389,.0508933043950731,.406476579572525,stata_areg_centered_student_vce_unadjusted,76,757999
26213,All,stem_enrollment_m1,.0854723188488858,.150699684811016,.276645369233868,.69595226311095,stata_areg_centered_student_vce_unadjusted,2,757999
26214,All,stem_enrollment_m1,.0228545515085938,.0880819174707238,.0814324761317646,.381863799376067,stata_areg_centered_student_vce_unadjusted,23,757999
26219,All,stem_enrollment_m1,-.0941099108506707,-.0288825448885407,.0373226267325159,.207669983244078,stata_areg_centered_student_vce_unadjusted,146,757999
26225,All,stem_enrollment_m1,-.145247666717837,-.0800203007557066,.0529949938135624,.241606139217905,stata_areg_centered_student_vce_unadjusted,56,757999
26228,All,stem_enrollment_m1,-.291196442132886,-.225969076170756,.19674075083094,.0869334720236206,stata_areg_centered_student_vce_unadjusted,4,757999
26238,All,stem_enrollment_m1,-.0905148070143068,-.0252874410521768,.0480157822379908,.437014621839064,stata_areg_centered_student_vce_unadjusted,211,757999
26254,All,stem_enrollment_m1,-.0930204894512713,-.0277931234891413,.041284220009362,.38914829121922,stata_areg_centered_student_vce_unadjusted,143,757999
26260,All,stem_enrollment_m1,-.122340110168168,-.0571127442060384,.0323611739394018,.391471064373655,stata_areg_centered_student_vce_unadjusted,410,757999
26268,All,stem_enrollment_m1,-.13751745217868,-.0722900862165496,.0389418502946738,.374574565316145,stata_areg_centered_student_vce_unadjusted,186,757999
26269,All,stem_enrollment_m1,-.0646212133308986,.000606152631231469,.0461088026554798,.389226873984459,stata_areg_centered_student_vce_unadjusted,283,757999
26272,All,stem_enrollment_m1,-.0917756953875691,-.026548329425439,.0430519512033092,.41440630776335,stata_areg_centered_student_vce_unadjusted,215,757999
26274,All,stem_enrollment_m1,-.11263064549922,-.0474032795370903,.0850609381712498,.332756157808578,stata_areg_centered_student_vce_unadjusted,26,757999
26286,All,stem_enrollment_m1,-.116308460555545,-.0510810945934152,.13018766038938,.343755751014486,stata_areg_centered_student_vce_unadjusted,9,757999
26292,All,stem_enrollment_m1,-.143923738839956,-.0786963728778263,.0193613938227178,.281922832826191,stata_areg_centered_student_vce_unadjusted,455,757999
26297,All,stem_enrollment_m1,-.308352610784966,-.243125244822836,.107904609071522,.113572029689514,stata_areg_centered_student_vce_unadjusted,16,757999
26303,All,stem_enrollment_m1,-.10621788874034,-.0409905227782098,.0299146706551253,.309843950753826,stata_areg_centered_student_vce_unadjusted,186,757999
26305,All,stem_enrollment_m1,-.0921736150926235,-.0269462491304935,.129013007680461,.43863881746023,stata_areg_centered_student_vce_unadjusted,10,757999
26311,All,stem_enrollment_m1,-.0663955395803111,-.00116817361818113,.0689705086116882,.415265503004728,stata_areg_centered_student_vce_unadjusted,119,757999
26324,All,stem_enrollment_m1,-.0346950854034464,.0305322805586836,.0446806784535365,.427509683764501,stata_areg_centered_student_vce_unadjusted,94,757999
26328,All,stem_enrollment_m1,-.167386008558463,-.102158642596333,.0781187476996907,.384513687245956,stata_areg_centered_student_vce_unadjusted,44,757999
26333,All,stem_enrollment_m1,-.0977940522166104,-.0325666862544804,.036052360313684,.297014270123046,stata_areg_centered_student_vce_unadjusted,120,757999
26335,All,stem_enrollment_m1,-.100991446375602,-.0357640804134718,.0550447066039452,.410096142926612,stata_areg_centered_student_vce_unadjusted,377,757999
26362,All,stem_enrollment_m1,-.0760268800709918,-.0107995141088618,.0326582084454259,.387269880255512,stata_areg_centered_student_vce_unadjusted,182,757999
26365,All,stem_enrollment_m1,-.045011033465718,.020216332496412,.032624882330885,.42032025983034,stata_areg_centered_student_vce_unadjusted,391,757999
26367,All,stem_enrollment_m1,-.0763666870035268,-.0111393210413968,.0357371484444016,.418874070943367,stata_areg_centered_student_vce_unadjusted,376,757999
26368,All,stem_enrollment_m1,-.0855840210244111,-.0203566550622811,.0584691039193015,.40759737383012,stata_areg_centered_student_vce_unadjusted,134,757999
26371,All,stem_enrollment_m1,-.139467158431531,-.0742397924694013,.0453455137368259,.279310659527796,stata_areg_centered_student_vce_unadjusted,75,757999
26372,All,stem_enrollment_m1,.0751452389161726,.140372604878303,.0371854928339605,.447294293247781,stata_areg_centered_student_vce_unadjusted,211,757999
26378,All,stem_enrollment_m1,-.0978612136485587,-.0326338476864286,.0538329078627498,.413744850630895,stata_areg_centered_student_vce_unadjusted,141,757999
26379,All,stem_enrollment_m1,-.0325004218276581,.032726944134472,.0344858810964246,.416215531451631,stata_areg_centered_student_vce_unadjusted,262,757999
26381,All,stem_enrollment_m1,-.101631308550108,-.0364039425879776,.0309358636281537,.372298843158302,stata_areg_centered_student_vce_unadjusted,252,757999
26383,All,stem_enrollment_m1,-.0601007871112023,.00512657885092768,.0398158142119837,.395823726151645,stata_areg_centered_student_vce_unadjusted,156,757999
26384,All,stem_enrollment_m1,-.0979291300228577,-.0327017640607277,.0397724866030205,.363731086175887,stata_areg_centered_student_vce_unadjusted,102,757999
26399,All,stem_enrollment_m1,-.00733882209596797,.0578885438661621,.0359745992548637,.456182404242942,stata_areg_centered_student_vce_unadjusted,260,757999
26405,All,stem_enrollment_m1,-.0913701633835838,-.0261427974214538,.0207450658930005,.373520739857103,stata_areg_centered_student_vce_unadjusted,458,757999
26411,All,stem_enrollment_m1,-.02688073395623,.0383466320059,.0333592065157047,.394805288906939,stata_areg_centered_student_vce_unadjusted,196,757999
26416,All,stem_enrollment_m1,-.0833416254839833,-.0181142595218532,.0306944406159538,.383290694027177,stata_areg_centered_student_vce_unadjusted,169,757999
26426,All,stem_enrollment_m1,-.240661020204328,-.175433654242198,.147135358791283,.151256447176098,stata_areg_centered_student_vce_unadjusted,9,757999
26434,All,stem_enrollment_m1,-.144638534245268,-.0794111682831377,.0442817761320284,.22811959370765,stata_areg_centered_student_vce_unadjusted,88,757999
26436,All,stem_enrollment_m1,-.123897021468885,-.0586696555067553,.0200148768182945,.387059696556466,stata_areg_centered_student_vce_unadjusted,675,757999
26454,All,stem_enrollment_m1,-.0207601882601252,.0444671777020048,.029690978773062,.407543728971289,stata_areg_centered_student_vce_unadjusted,296,757999
26465,All,stem_enrollment_m1,-.136068544861586,-.0708411788994557,.0404862055107538,.393124134644988,stata_areg_centered_student_vce_unadjusted,133,757999
26466,All,stem_enrollment_m1,-.0757414238750301,-.0105140579129001,.0248136062425253,.382809721131781,stata_areg_centered_student_vce_unadjusted,554,757999
26476,All,stem_enrollment_m1,-.0999968540284362,-.0347694880663062,.0260198343404479,.400230859001514,stata_areg_centered_student_vce_unadjusted,542,757999
26482,All,stem_enrollment_m1,-.070878262293747,-.00565089633161696,.0474222052205482,.38921448734385,stata_areg_centered_student_vce_unadjusted,103,757999
26501,All,stem_enrollment_m1,-.0405636746978267,.0246636912643033,.0261981016780455,.420806894624167,stata_areg_centered_student_vce_unadjusted,260,757999
26503,All,stem_enrollment_m1,-.0479240445571116,.0173033214050184,.0504122460886508,.406714070053363,stata_areg_centered_student_vce_unadjusted,101,757999
26507,All,stem_enrollment_m1,.0592884189828089,.124515784944939,.0633426499303409,.443562447316613,stata_areg_centered_student_vce_unadjusted,94,757999
26519,All,stem_enrollment_m1,-.0717189205121304,-.00649155455000042,.117954328623069,.273022326860234,stata_areg_centered_student_vce_unadjusted,11,757999
26524,All,stem_enrollment_m1,-.113410062257914,-.0481826962957842,.0336052802025839,.393199750982062,stata_areg_centered_student_vce_unadjusted,175,757999
26531,All,stem_enrollment_m1,-.0635739642844522,.00165340167767782,.16044186339632,.423576320001741,stata_areg_centered_student_vce_unadjusted,6,757999
26538,All,stem_enrollment_m1,-.0831536879424258,-.0179263219802958,.0196111014910101,.376977720223336,stata_areg_centered_student_vce_unadjusted,681,757999
30001,All,stem_enrollment_m1,-.10282840597186,-.0376010400097298,.0520233223237365,.331666981169474,stata_areg_centered_student_vce_unadjusted,140,757999
30003,All,stem_enrollment_m1,-.148029193550612,-.0828018275884816,.0309952610725362,.350921504249424,stata_areg_centered_student_vce_unadjusted,246,757999
30013,All,stem_enrollment_m1,-.133770815208823,-.0685434492466934,.0554637663758098,.394334443743977,stata_areg_centered_student_vce_unadjusted,70,757999
31002,All,stem_enrollment_m1,-.0272110584795399,.0380163074825901,.0484942958783476,.46530827135669,stata_areg_centered_student_vce_unadjusted,80,757999
31005,All,stem_enrollment_m1,-.133943126707547,-.0687157607454172,.0711214007490659,.31022472220375,stata_areg_centered_student_vce_unadjusted,42,757999
31010,All,stem_enrollment_m1,-.0128136915413718,.0524136744207582,.0322424869584693,.405306905152256,stata_areg_centered_student_vce_unadjusted,386,757999
31011,All,stem_enrollment_m1,-.188259507701281,-.123032141739151,.195349893429613,.0899146840167074,stata_areg_centered_student_vce_unadjusted,4,757999
31012,All,stem_enrollment_m1,-.0459058547214605,.0193215112406696,.0622149579775789,.412268051316415,stata_areg_centered_student_vce_unadjusted,57,757999
31030,All,stem_enrollment_m1,-.0945234377938789,-.0292960718317489,.0144692215164143,.373365353952824,stata_areg_centered_student_vce_unadjusted,801,757999
31034,All,stem_enrollment_m1,-.121228130218019,-.0560007642558893,.0784240041115128,.347968269324018,stata_areg_centered_student_vce_unadjusted,25,757999
31037,All,stem_enrollment_m1,.00843502276578071,.0736623887279107,.0213285995067932,.406162479250317,stata_areg_centered_student_vce_unadjusted,587,757999
31039,All,stem_enrollment_m1,-.0967217153139825,-.0314943493518525,.15878557454144,.347963785598361,stata_areg_centered_student_vce_unadjusted,6,757999
31040,All,stem_enrollment_m1,.0127570613970835,.0779844273592135,.0471050869327043,.466568515824706,stata_areg_centered_student_vce_unadjusted,100,757999
31042,All,stem_enrollment_m1,-.0999079776917729,-.0346806117296429,.0642704228374888,.419980409118601,stata_areg_centered_student_vce_unadjusted,57,757999
31047,All,stem_enrollment_m1,-.142142216068451,-.0769148501063206,.0496060798522062,.306454921358598,stata_areg_centered_student_vce_unadjusted,64,757999
31048,All,stem_enrollment_m1,-.13317816762027,-.0679508016581405,.061439572486169,.190595982032755,stata_areg_centered_student_vce_unadjusted,41,757999
31052,All,stem_enrollment_m1,-.0760516959864569,-.0108243300243269,.0441446126512163,.399550053764034,stata_areg_centered_student_vce_unadjusted,144,757999
31064,All,stem_enrollment_m1,-.114089405052412,-.0488620390902815,.0312734049216828,.33297667935953,stata_areg_centered_student_vce_unadjusted,180,757999
31065,All,stem_enrollment_m1,-.0622051126362246,.00302225332590544,.028864492969082,.404029865348323,stata_areg_centered_student_vce_unadjusted,460,757999
31066,All,stem_enrollment_m1,-.0863461292817123,-.0211187633195823,.0490424851464682,.374585413092261,stata_areg_centered_student_vce_unadjusted,101,757999
31068,All,stem_enrollment_m1,-.098801527987469,-.033574162025339,.0357035267383847,.336299821697992,stata_areg_centered_student_vce_unadjusted,144,757999
31071,All,stem_enrollment_m1,-.0139918561753504,.0512355097867796,.0299717887477714,.429980053320692,stata_areg_centered_student_vce_unadjusted,601,757999
31074,All,stem_enrollment_m1,-.0907373001675601,-.02550993420543,.026813995331469,.364925792474746,stata_areg_centered_student_vce_unadjusted,572,757999
31078,All,stem_enrollment_m1,-.0724974501808764,-.00727008421874642,.0503011690303999,.429555775089701,stata_areg_centered_student_vce_unadjusted,312,757999
31080,All,stem_enrollment_m1,-.132433153771108,-.067205787808978,.0369341799968819,.332947996261736,stata_areg_centered_student_vce_unadjusted,152,757999
31083,All,stem_enrollment_m1,-.012324342845744,.052903023116386,.0256783849710723,.412812541521329,stata_areg_centered_student_vce_unadjusted,415,757999
31084,All,stem_enrollment_m1,-.108728253915622,-.0435008879534919,.061738730309603,.369335710663433,stata_areg_centered_student_vce_unadjusted,47,757999
31085,All,stem_enrollment_m1,-.106713836181084,-.0414864702189543,.028722093103124,.39040052824808,stata_areg_centered_student_vce_unadjusted,344,757999
31087,All,stem_enrollment_m1,-.0618514739699808,.00337589199214917,.0447553090490164,.402163431766288,stata_areg_centered_student_vce_unadjusted,105,757999
31098,All,stem_enrollment_m1,-.274592490621964,-.209365124659834,.178640684581377,.124431861782226,stata_areg_centered_student_vce_unadjusted,5,757999
31103,All,stem_enrollment_m1,-.142272089692681,-.0770447237305514,.0487659261614303,.41868633005672,stata_areg_centered_student_vce_unadjusted,304,757999
31106,All,stem_enrollment_m1,.0284735918183547,.0937009577804847,.0556349318239727,.417887827528896,stata_areg_centered_student_vce_unadjusted,98,757999
31107,All,stem_enrollment_m1,-.279355228085806,-.214127862123676,.16777190155933,.110978494289304,stata_areg_centered_student_vce_unadjusted,6,757999
31110,All,stem_enrollment_m1,-.0849266169995603,-.0196992510374303,.0398258412031682,.424808158219489,stata_areg_centered_student_vce_unadjusted,305,757999
31116,All,stem_enrollment_m1,-.0402660588713288,.0249613070908013,.0212352957232465,.389960857154777,stata_areg_centered_student_vce_unadjusted,530,757999
31124,All,stem_enrollment_m1,-.0946843052468818,-.0294569392847518,.0758283367883446,.301026121299951,stata_areg_centered_student_vce_unadjusted,27,757999
31128,All,stem_enrollment_m1,.00013503498608283,.0653624009482129,.0458930599018924,.376933131876583,stata_areg_centered_student_vce_unadjusted,173,757999
31130,All,stem_enrollment_m1,-.322478716535727,-.257251350573597,.0896970626380114,.274669671306628,stata_areg_centered_student_vce_unadjusted,29,757999
31132,All,stem_enrollment_m1,-.112559135155313,-.0473317691931832,.0896832096300556,.254557047384843,stata_areg_centered_student_vce_unadjusted,20,757999
31153,All,stem_enrollment_m1,.00828839132227302,.073515757284403,.021565407425216,.401466036293093,stata_areg_centered_student_vce_unadjusted,430,757999
31161,All,stem_enrollment_m1,-.0939894257568685,-.0287620597947385,.0389978460249819,.380481942738666,stata_areg_centered_student_vce_unadjusted,229,757999
31162,All,stem_enrollment_m1,-.133770532148744,-.0685431661866136,.108868499182171,.26911707339846,stata_areg_centered_student_vce_unadjusted,13,757999
31163,All,stem_enrollment_m1,-.102521573620011,-.0372942076578814,.0661140470348306,.330518694782396,stata_areg_centered_student_vce_unadjusted,36,757999
31167,All,stem_enrollment_m1,-.091966763948101,-.026739397985971,.0473239845979252,.349739690536534,stata_areg_centered_student_vce_unadjusted,68,757999
31175,All,stem_enrollment_m1,-.0645720696698047,.000655296292325303,.0570732508851616,.403653783153628,stata_areg_centered_student_vce_unadjusted,67,757999
31187,All,stem_enrollment_m1,-.15378058118571,-.0885532152235801,.118983690432711,.285089560653644,stata_areg_centered_student_vce_unadjusted,11,757999
31189,All,stem_enrollment_m1,.0941021939132741,.159329559875404,.224867433660418,.700835465459232,stata_areg_centered_student_vce_unadjusted,3,757999
31192,All,stem_enrollment_m1,-.156503563327885,-.091276197365755,.0472734475013694,.261911603727108,stata_areg_centered_student_vce_unadjusted,70,757999
31194,All,stem_enrollment_m1,-.109229181343683,-.0440018153815529,.0632605124956823,.3814169397959,stata_areg_centered_student_vce_unadjusted,46,757999
31201,All,stem_enrollment_m1,-.199984121495397,-.134756755533267,.046358877653075,.377583380763151,stata_areg_centered_student_vce_unadjusted,91,757999
31203,All,stem_enrollment_m1,-.168078790190879,-.102851424228749,.0568191956276049,.348718806841986,stata_areg_centered_student_vce_unadjusted,88,757999
31220,All,stem_enrollment_m1,-.179624433956696,-.114397067994566,.0735353890110493,.127594586514364,stata_areg_centered_student_vce_unadjusted,32,757999
31222,All,stem_enrollment_m1,-.106336862750942,-.0411094967888123,.0689003255618499,.367368174692869,stata_areg_centered_student_vce_unadjusted,33,757999
31252,All,stem_enrollment_m1,-.108061404248181,-.0428340382860508,.113220759069329,.250690245680476,stata_areg_centered_student_vce_unadjusted,12,757999
31253,All,stem_enrollment_m1,-.0891603963190721,-.0239330303569421,.0424980303181276,.353817550400998,stata_areg_centered_student_vce_unadjusted,144,757999
31258,All,stem_enrollment_m1,-.159607764667107,-.0943803987049765,.066639965374268,.355542635438357,stata_areg_centered_student_vce_unadjusted,35,757999
31260,All,stem_enrollment_m1,.00606152802769807,.0712888939898281,.0465202323463282,.386319466931785,stata_areg_centered_student_vce_unadjusted,124,757999
31262,All,stem_enrollment_m1,.0330867599326752,.0983141258948052,.0460022747700621,.448133131033144,stata_areg_centered_student_vce_unadjusted,142,757999
31264,All,stem_enrollment_m1,-.0966842327999773,-.0314568668378473,.0538624903484498,.378357469594259,stata_areg_centered_student_vce_unadjusted,100,757999
31265,All,stem_enrollment_m1,.834491218825835,.899718584787965,.388968336749546,.,stata_areg_centered_student_vce_unadjusted,1,757999
31267,All,stem_enrollment_m1,-.0277946595133848,.0374327064487452,.115475500548184,.47669157382204,stata_areg_centered_student_vce_unadjusted,13,757999
31271,All,stem_enrollment_m1,-.000297327135870253,.0649300388262598,.0857458554985757,.440941387888013,stata_areg_centered_student_vce_unadjusted,37,757999
31274,All,stem_enrollment_m1,-.141419543903368,-.0761921779412381,.0466223050766538,.338883751262182,stata_areg_centered_student_vce_unadjusted,108,757999
31276,All,stem_enrollment_m1,-.0988162228216125,-.0335888568594825,.0454333404534636,.394753011868148,stata_areg_centered_student_vce_unadjusted,190,757999
31278,All,stem_enrollment_m1,-.107081835535647,-.0418544695735167,.0298443442238642,.36931288991272,stata_areg_centered_student_vce_unadjusted,181,757999
31279,All,stem_enrollment_m1,.000947469423785398,.0661748353859154,.0756898285652366,.386311721995262,stata_areg_centered_student_vce_unadjusted,27,757999
31287,All,stem_enrollment_m1,-.204276864073277,-.139049498111147,.104300498132829,.0929627825255636,stata_areg_centered_student_vce_unadjusted,14,757999
31288,All,stem_enrollment_m1,-.0416954534232287,.0235319125389013,.0333750348164484,.38133738878465,stata_areg_centered_student_vce_unadjusted,157,757999
31290,All,stem_enrollment_m1,-.0869467191612797,-.0217193531991497,.0400000371792184,.403312464802561,stata_areg_centered_student_vce_unadjusted,179,757999
31293,All,stem_enrollment_m1,-.0712154429736654,-.00598807701153538,.0344600961818257,.437505264162906,stata_areg_centered_student_vce_unadjusted,359,757999
31294,All,stem_enrollment_m1,-.0592857696011998,.0059415963609302,.0384610641571302,.400699781235523,stata_areg_centered_student_vce_unadjusted,452,757999
31295,All,stem_enrollment_m1,-.0535909381721442,.0116364277899858,.0211685208315909,.418878212118825,stata_areg_centered_student_vce_unadjusted,659,757999
31299,All,stem_enrollment_m1,-.0902055544562361,-.0249781884941061,.0436448774732313,.402891442305025,stata_areg_centered_student_vce_unadjusted,311,757999
31327,All,stem_enrollment_m1,-.0944110785599508,-.0291837125978208,.0252777081931015,.409136960166945,stata_areg_centered_student_vce_unadjusted,705,757999
31338,All,stem_enrollment_m1,-.113807111113632,-.0485797451515021,.0652888134605548,.318989752389483,stata_areg_centered_student_vce_unadjusted,37,757999
31339,All,stem_enrollment_m1,-.217761750901593,-.152534384939463,.174380368550553,.140204241274524,stata_areg_centered_student_vce_unadjusted,6,757999
31340,All,stem_enrollment_m1,.0143871988329016,.0796145647950317,.0332933085637266,.44685730257782,stata_areg_centered_student_vce_unadjusted,560,757999
31342,All,stem_enrollment_m1,-.111490658863218,-.046263292901088,.050392952146963,.440265932694361,stata_areg_centered_student_vce_unadjusted,158,757999
31343,All,stem_enrollment_m1,-.0077778796058359,.0574494863562941,.0221946972930167,.41879911085279,stata_areg_centered_student_vce_unadjusted,440,757999
31344,All,stem_enrollment_m1,-.0990630109120809,-.0338356449499509,.147297847811054,.44290650394988,stata_areg_centered_student_vce_unadjusted,7,757999
31345,All,stem_enrollment_m1,-.0309596426551477,.0342677233069823,.0255442284494961,.396664722118599,stata_areg_centered_student_vce_unadjusted,325,757999
31346,All,stem_enrollment_m1,-.0365896225087275,.0286377434534025,.0901607934680934,.409627217271996,stata_areg_centered_student_vce_unadjusted,19,757999
31368,All,stem_enrollment_m1,-.139362678064876,-.074135312102746,.13825741249664,.359037438110202,stata_areg_centered_student_vce_unadjusted,8,757999
31373,All,stem_enrollment_m1,-.110075538985959,-.0448481730238294,.0679968167607614,.362526002731861,stata_areg_centered_student_vce_unadjusted,106,757999
31375,All,stem_enrollment_m1,-.154266585290354,-.0890392193282243,.0564607253858906,.237529996942244,stata_areg_centered_student_vce_unadjusted,55,757999
31376,All,stem_enrollment_m1,-.138650522523398,-.0734231565612684,.0701290708025177,.252827846696771,stata_areg_centered_student_vce_unadjusted,31,757999
31378,All,stem_enrollment_m1,-.132965271098721,-.0677379051365909,.0377907392099708,.407016283179412,stata_areg_centered_student_vce_unadjusted,302,757999
31379,All,stem_enrollment_m1,-.00402505319278957,.0612023127693404,.049327519468946,.413839143063287,stata_areg_centered_student_vce_unadjusted,146,757999
31387,All,stem_enrollment_m1,-.0840558689496676,-.0188285029875376,.0332016375616746,.432900283507519,stata_areg_centered_student_vce_unadjusted,215,757999
31388,All,stem_enrollment_m1,-.138954970359458,-.073727604397328,.0245318573173857,.301165672451458,stata_areg_centered_student_vce_unadjusted,271,757999
31392,All,stem_enrollment_m1,-.0523887453598425,.0128386206022875,.0567387157700043,.448958699585263,stata_areg_centered_student_vce_unadjusted,67,757999
31395,All,stem_enrollment_m1,-.289968335978359,-.224740970016229,.14745913909078,.058008732751378,stata_areg_centered_student_vce_unadjusted,7,757999
31405,All,stem_enrollment_m1,-.166660130518915,-.101432764556785,.0871726766519861,.13590290858181,stata_areg_centered_student_vce_unadjusted,21,757999
31407,All,stem_enrollment_m1,-.0845349150645598,-.0193075491024298,.123155491209678,.294349062871671,stata_areg_centered_student_vce_unadjusted,10,757999
31419,All,stem_enrollment_m1,-.0602108146189036,.00501655134322646,.131344479846167,.397964336672659,stata_areg_centered_student_vce_unadjusted,13,757999
31421,All,stem_enrollment_m1,-.0650795894980206,.000147776464109448,.0473796181874366,.392592629574706,stata_areg_centered_student_vce_unadjusted,90,757999
31428,All,stem_enrollment_m1,-.134847242251269,-.0696198762891386,.0448021474132721,.273432362000239,stata_areg_centered_student_vce_unadjusted,82,757999
31432,All,stem_enrollment_m1,-.11907523204682,-.0538478660846903,.0308102650501903,.343110564855841,stata_areg_centered_student_vce_unadjusted,182,757999
31438,All,stem_enrollment_m1,-.109435601232258,-.0442082352701283,.138052565340763,.442272125955539,stata_areg_centered_student_vce_unadjusted,9,757999
31444,All,stem_enrollment_m1,-.269289012256846,-.204061646294716,.123714483852776,.0900505111844352,stata_areg_centered_student_vce_unadjusted,10,757999
31445,All,stem_enrollment_m1,-.121524137695981,-.0562967717338507,.0532702269508242,.426878750161625,stata_areg_centered_student_vce_unadjusted,65,757999
31466,All,stem_enrollment_m1,.0506642422787931,.115891608240923,.195102180194861,.462051406331715,stata_areg_centered_student_vce_unadjusted,4,757999
31486,All,stem_enrollment_m1,-.183765260502593,-.118537894540463,.0886580662630843,.167737534766295,stata_areg_centered_student_vce_unadjusted,20,757999
31494,All,stem_enrollment_m1,-.230388956235219,-.165161590273089,.174920940705523,.140890792679416,stata_areg_centered_student_vce_unadjusted,5,757999
31495,All,stem_enrollment_m1,-.083765478520157,-.018538112558027,.0476726007837236,.406951707082262,stata_areg_centered_student_vce_unadjusted,111,757999
31499,All,stem_enrollment_m1,-.082897637266038,-.017670271303908,.0698878808833113,.306692819471802,stata_areg_centered_student_vce_unadjusted,45,757999
31504,All,stem_enrollment_m1,.058521581835646,.123748947797776,.198719638249291,.550109014649405,stata_areg_centered_student_vce_unadjusted,7,757999
31509,All,stem_enrollment_m1,-.104606320242446,-.0393789542803164,.0485401780280835,.394533121091033,stata_areg_centered_student_vce_unadjusted,65,757999
32060,All,stem_enrollment_m1,-.288682699191349,-.223455333229219,.27916043905889,.287496880580109,stata_areg_centered_student_vce_unadjusted,2,757999
40008,All,stem_enrollment_m1,-.096489401670156,-.031262035708026,.0555034798488669,.314465975955036,stata_areg_centered_student_vce_unadjusted,51,757999
40023,All,stem_enrollment_m1,-.0279322332411819,.0372951327209481,.0406154764098871,.423144999661343,stata_areg_centered_student_vce_unadjusted,286,757999
40024,All,stem_enrollment_m1,-.0297270644645033,.0355003014976267,.0254125316416468,.401374430907225,stata_areg_centered_student_vce_unadjusted,394,757999
40025,All,stem_enrollment_m1,-.0846088162592189,-.0193814502970889,.0339965969657454,.347031663919293,stata_areg_centered_student_vce_unadjusted,234,757999
40027,All,stem_enrollment_m1,-.0517055519809929,.0135218139811372,.0701523190338598,.418209055893726,stata_areg_centered_student_vce_unadjusted,128,757999
40029,All,stem_enrollment_m1,-.0294411418785527,.0357862240835773,.0508095530110086,.364407092209915,stata_areg_centered_student_vce_unadjusted,86,757999
40042,All,stem_enrollment_m1,-.0287083746451398,.0365189913169903,.0362865279802239,.406509013727286,stata_areg_centered_student_vce_unadjusted,172,757999
40047,All,stem_enrollment_m1,-.152431868132839,-.0872045021707085,.391633396019886,.,stata_areg_centered_student_vce_unadjusted,1,757999
40064,All,stem_enrollment_m1,-.104414791104461,-.0391874251423313,.0447246821565496,.413767861004029,stata_areg_centered_student_vce_unadjusted,138,757999
40073,All,stem_enrollment_m1,-.0180741201481709,.0471532458139592,.392233959368829,.,stata_areg_centered_student_vce_unadjusted,1,757999
40076,All,stem_enrollment_m1,-.121078139413374,-.0558507734512444,.035284551665153,.349625592540803,stata_areg_centered_student_vce_unadjusted,134,757999
40080,All,stem_enrollment_m1,-.13563841927311,-.0704110533109803,.0315075769238847,.320378895485543,stata_areg_centered_student_vce_unadjusted,353,757999
40099,All,stem_enrollment_m1,-.144776636012882,-.0795492700507525,.0417252776688491,.317993701153817,stata_areg_centered_student_vce_unadjusted,132,757999
40102,All,stem_enrollment_m1,-.0472399309132301,.0179874350488999,.0588902809963476,.384966790433299,stata_areg_centered_student_vce_unadjusted,52,757999
40110,All,stem_enrollment_m1,.0389024404041309,.104129806366261,.0696174780414768,.435404467276182,stata_areg_centered_student_vce_unadjusted,90,757999
40114,All,stem_enrollment_m1,-.0523843662461891,.0128429997159409,.0334053928799858,.366741522829268,stata_areg_centered_student_vce_unadjusted,549,757999
40115,All,stem_enrollment_m1,-.120926360472018,-.0556989945098876,.0508545699561401,.289847441271451,stata_areg_centered_student_vce_unadjusted,64,757999
40125,All,stem_enrollment_m1,.00061988368077342,.0658472496429034,.0406580074464747,.448096045423131,stata_areg_centered_student_vce_unadjusted,184,757999
40126,All,stem_enrollment_m1,.012439177622828,.077666543584958,.0291630380243255,.443114497892815,stata_areg_centered_student_vce_unadjusted,290,757999
40146,All,stem_enrollment_m1,-.296780030734116,-.231552664771985,.140964411804304,.097607001699031,stata_areg_centered_student_vce_unadjusted,8,757999
40155,All,stem_enrollment_m1,-.0658568135691518,-.000629447607021813,.0397127511466938,.386013241847264,stata_areg_centered_student_vce_unadjusted,156,757999
40160,All,stem_enrollment_m1,-.161074112045408,-.0958467460832778,.0417592689840558,.181785352329191,stata_areg_centered_student_vce_unadjusted,95,757999
40186,All,stem_enrollment_m1,-.119426075630206,-.0541987096680758,.0516709829402517,.313347805675861,stata_areg_centered_student_vce_unadjusted,63,757999
40194,All,stem_enrollment_m1,-.012609224262338,.0526181416997921,.030955494816809,.417608519939579,stata_areg_centered_student_vce_unadjusted,279,757999
40202,All,stem_enrollment_m1,-.119738915762147,-.0545115498000169,.0824793678002076,.420349808727645,stata_areg_centered_student_vce_unadjusted,68,757999
40205,All,stem_enrollment_m1,-.114253510800105,-.0490261448379755,.551818917840592,.,stata_areg_centered_student_vce_unadjusted,1,757999
40206,All,stem_enrollment_m1,-.00875487480730318,.0564724911548268,.0739089595127213,.395511388929893,stata_areg_centered_student_vce_unadjusted,29,757999
40208,All,stem_enrollment_m1,-.0505104031501448,.0147169628119852,.0648071126316358,.431577132255023,stata_areg_centered_student_vce_unadjusted,39,757999
40230,All,stem_enrollment_m1,.173815520673298,.239042886635428,.046030699590667,.446033988170013,stata_areg_centered_student_vce_unadjusted,87,757999
40231,All,stem_enrollment_m1,-.0241435162297211,.0410838497324089,.0495793913359242,.440469117496215,stata_areg_centered_student_vce_unadjusted,124,757999
40248,All,stem_enrollment_m1,-.14025448687839,-.0750271209162602,.389050011403939,.,stata_areg_centered_student_vce_unadjusted,1,757999
40251,All,stem_enrollment_m1,-.0522946569513581,.0129327090107719,.0380789282159773,.427458170659344,stata_areg_centered_student_vce_unadjusted,484,757999
40252,All,stem_enrollment_m1,-.0734547154568441,-.0082273494947141,.0227756000609837,.370212248259102,stata_areg_centered_student_vce_unadjusted,359,757999
40256,All,stem_enrollment_m1,-.107756915592891,-.0425295496307614,.0249791889508972,.367016333899118,stata_areg_centered_student_vce_unadjusted,411,757999
40278,All,stem_enrollment_m1,.0700800170050315,.135307382967162,.0597831285243257,.46521387545372,stata_areg_centered_student_vce_unadjusted,83,757999
40282,All,stem_enrollment_m1,-.343302339187594,-.278074973225464,.276102578453184,.179082946954281,stata_areg_centered_student_vce_unadjusted,2,757999
40284,All,stem_enrollment_m1,-.135253658995904,-.0700262930337737,.0448003358321809,.340985348968742,stata_areg_centered_student_vce_unadjusted,117,757999
40285,All,stem_enrollment_m1,-.0435220620549657,.0217053039071644,.0491402717899709,.426802329702738,stata_areg_centered_student_vce_unadjusted,121,757999
40288,All,stem_enrollment_m1,-.0526041796065087,.0126231863556213,.109773314841609,.288281102846791,stata_areg_centered_student_vce_unadjusted,13,757999
40289,All,stem_enrollment_m1,-.109388806887481,-.0441614409253512,.0503719631962736,.380418275556253,stata_areg_centered_student_vce_unadjusted,305,757999
40295,All,stem_enrollment_m1,-.0301706541974998,.0350567117646302,.034128725297938,.413206393877315,stata_areg_centered_student_vce_unadjusted,209,757999
40298,All,stem_enrollment_m1,-.0756484529469739,-.0104210869848439,.0276249677303651,.386033966553096,stata_areg_centered_student_vce_unadjusted,284,757999
40299,All,stem_enrollment_m1,.0407468804155554,.105974246377685,.0600121404460563,.45010339734515,stata_areg_centered_student_vce_unadjusted,84,757999
40301,All,stem_enrollment_m1,-.120212325476867,-.0549849595147368,.035898759214781,.300740348556969,stata_areg_centered_student_vce_unadjusted,345,757999
40305,All,stem_enrollment_m1,-.0346359163771267,.0305914495850033,.050121098656724,.4206868148382,stata_areg_centered_student_vce_unadjusted,164,757999
40308,All,stem_enrollment_m1,-.136548544842679,-.0713211788805487,.0487916595983937,.262302081384291,stata_areg_centered_student_vce_unadjusted,68,757999
40310,All,stem_enrollment_m1,-.0426608337530898,.0225665322090403,.0480030796956458,.360098659577606,stata_areg_centered_student_vce_unadjusted,176,757999
40316,All,stem_enrollment_m1,-.0353905950479855,.0298367709141445,.0430405002840524,.391786479870628,stata_areg_centered_student_vce_unadjusted,110,757999
40319,All,stem_enrollment_m1,-.0947334179664753,-.0295060520043453,.0455327859541136,.411012859979244,stata_areg_centered_student_vce_unadjusted,272,757999
40320,All,stem_enrollment_m1,-.0530041000665649,.0122232658955652,.0272573114981132,.430174779058659,stata_areg_centered_student_vce_unadjusted,420,757999
40321,All,stem_enrollment_m1,-.204149412108279,-.138922046146149,.0622138800753221,.218095692262026,stata_areg_centered_student_vce_unadjusted,42,757999
40334,All,stem_enrollment_m1,-.321720522826761,-.256493156864631,.225526069831139,.0116783057052215,stata_areg_centered_student_vce_unadjusted,4,757999
40335,All,stem_enrollment_m1,-.154475678227143,-.0892483122650128,.119487831714832,.324628561725509,stata_areg_centered_student_vce_unadjusted,11,757999
40338,All,stem_enrollment_m1,-.0750896886093242,-.00986232264719415,.0885386388255024,.346407174015086,stata_areg_centered_student_vce_unadjusted,20,757999
40340,All,stem_enrollment_m1,.084121194548456,.149348560510586,.0521421513482544,.446924190512096,stata_areg_centered_student_vce_unadjusted,148,757999
40343,All,stem_enrollment_m1,-.0949590244073305,-.0297316584452005,.0331103626029597,.355215309254579,stata_areg_centered_student_vce_unadjusted,224,757999
40351,All,stem_enrollment_m1,-.0908762856667758,-.0256489197046458,.0404738391545959,.376698460014837,stata_areg_centered_student_vce_unadjusted,167,757999
40352,All,stem_enrollment_m1,.00496870117892799,.070196067141058,.0449539454575295,.411092854224832,stata_areg_centered_student_vce_unadjusted,101,757999
40354,All,stem_enrollment_m1,-.126444722309644,-.0612173563475135,.0945199726557008,.350314822321318,stata_areg_centered_student_vce_unadjusted,22,757999
40370,All,stem_enrollment_m1,-.0016109021336007,.0636164638285293,.056339018971767,.432989506464585,stata_areg_centered_student_vce_unadjusted,114,757999
40371,All,stem_enrollment_m1,-.0882553022184522,-.0230279362563222,.0453812635952801,.374621782008224,stata_areg_centered_student_vce_unadjusted,197,757999
40381,All,stem_enrollment_m1,-.0755592693764704,-.0103319034143404,.0934119636035754,.231078491912967,stata_areg_centered_student_vce_unadjusted,18,757999
40390,All,stem_enrollment_m1,-.0304756453278477,.0347517206342823,.204803322126097,.524208727219228,stata_areg_centered_student_vce_unadjusted,4,757999
40393,All,stem_enrollment_m1,.00385406329434,.06908142925647,.0812449110755768,.43911547463249,stata_areg_centered_student_vce_unadjusted,55,757999
40399,All,stem_enrollment_m1,-.0899365018759984,-.0247091359138683,.0554515595155027,.356966355007569,stata_areg_centered_student_vce_unadjusted,74,757999
40400,All,stem_enrollment_m1,-.0105093761617497,.0547179898003803,.0533432272443034,.422235945635177,stata_areg_centered_student_vce_unadjusted,58,757999
40406,All,stem_enrollment_m1,-.124274597921801,-.0590472319596706,.04217099769651,.281051626631502,stata_areg_centered_student_vce_unadjusted,90,757999
40407,All,stem_enrollment_m1,-.0509008037603966,.0143265622017334,.0548130390724826,.287982375778577,stata_areg_centered_student_vce_unadjusted,55,757999
40414,All,stem_enrollment_m1,-.160101162038561,-.0948737960764314,.0423887901262358,.248111553600929,stata_areg_centered_student_vce_unadjusted,88,757999
40422,All,stem_enrollment_m1,-.073108506177102,-.00788114021497197,.0269945684555048,.377983336075425,stata_areg_centered_student_vce_unadjusted,349,757999
40429,All,stem_enrollment_m1,-.190222091333517,-.124994725371387,.0604960089723262,.165970230152417,stata_areg_centered_student_vce_unadjusted,43,757999
40435,All,stem_enrollment_m1,-.149505685068364,-.0842783191062342,.0899735990543918,.254129987379804,stata_areg_centered_student_vce_unadjusted,19,757999
40436,All,stem_enrollment_m1,-.0207345405577455,.0444928254043845,.0541082249106262,.401505820004654,stata_areg_centered_student_vce_unadjusted,59,757999
40447,All,stem_enrollment_m1,-.197569301624303,-.132341935662173,.0527078355364405,.12578366835173,stata_areg_centered_student_vce_unadjusted,68,757999
40457,All,stem_enrollment_m1,-.0595791646035608,.00564820135856926,.0440115647743449,.310851947746146,stata_areg_centered_student_vce_unadjusted,94,757999
41009,All,stem_enrollment_m1,-.0871726437240649,-.0219452777619348,.0362109704048767,.39412426726471,stata_areg_centered_student_vce_unadjusted,167,757999
41063,All,stem_enrollment_m1,-.108912984517056,-.0436856185549257,.13834974688135,.287007725722344,stata_areg_centered_student_vce_unadjusted,9,757999
41099,All,stem_enrollment_m1,-.0270053546179164,.0382220113442136,.0578842618383758,.409196137830143,stata_areg_centered_student_vce_unadjusted,47,757999
41109,All,stem_enrollment_m1,-.0598257358016685,.0054016301604615,.0388666927339454,.406869921593685,stata_areg_centered_student_vce_unadjusted,102,757999
41135,All,stem_enrollment_m1,.0296454685461684,.0948728345082984,.0380473071040865,.436567094150071,stata_areg_centered_student_vce_unadjusted,116,757999
41173,All,stem_enrollment_m1,-.324377469513577,-.259150103551447,.162448742894046,.132340224417944,stata_areg_centered_student_vce_unadjusted,6,757999
41264,All,stem_enrollment_m1,-.120030513442334,-.0548031474802038,.0992149129425994,.445279900172518,stata_areg_centered_student_vce_unadjusted,17,757999
41295,All,stem_enrollment_m1,-.0927598752921723,-.0275325093300422,.159070606871709,.132901289266103,stata_areg_centered_student_vce_unadjusted,6,757999
41349,All,stem_enrollment_m1,-.170894092836765,-.105666726874635,.0977794144104202,.273296726736543,stata_areg_centered_student_vce_unadjusted,16,757999
41374,All,stem_enrollment_m1,-.252037955245176,-.186810589283046,.224953464302152,.0805610878960158,stata_areg_centered_student_vce_unadjusted,3,757999
41375,All,stem_enrollment_m1,-.221511051102479,-.156283685140349,.196873794253901,.106512944326775,stata_areg_centered_student_vce_unadjusted,4,757999
41417,All,stem_enrollment_m1,-.223710047397979,-.158482681435849,.225840788129155,.232720038136608,stata_areg_centered_student_vce_unadjusted,3,757999
41418,All,stem_enrollment_m1,-.10872713346457,-.0434997675024403,.276632940201361,.0721913600440256,stata_areg_centered_student_vce_unadjusted,2,757999
41421,All,stem_enrollment_m1,-.123759687211115,-.058532321248985,.0401946821582413,.377105820072148,stata_areg_centered_student_vce_unadjusted,99,757999
41439,All,stem_enrollment_m1,-.115118961580592,-.0498915956184615,.0554870806109477,.392763904205331,stata_areg_centered_student_vce_unadjusted,57,757999
41533,All,stem_enrollment_m1,-.153627851475665,-.0884004855135349,.226190883854779,.0847737413882349,stata_areg_centered_student_vce_unadjusted,3,757999
41556,All,stem_enrollment_m1,-.108160260187635,-.0429328942255054,.131260860233631,.40818258789005,stata_areg_centered_student_vce_unadjusted,9,757999
41617,All,stem_enrollment_m1,-.0541349117117987,.0110924542503313,.0199230821985394,.388479431941126,stata_areg_centered_student_vce_unadjusted,433,757999
41654,All,stem_enrollment_m1,-.363004921331767,-.297777555369637,.388920328603254,.,stata_areg_centered_student_vce_unadjusted,1,757999
41658,All,stem_enrollment_m1,-.117183392916791,-.0519560269546607,.0302180298905847,.398779453583952,stata_areg_centered_student_vce_unadjusted,233,757999
41702,All,stem_enrollment_m1,-.102945421223092,-.037718055260962,.0389324257660335,.422262605595344,stata_areg_centered_student_vce_unadjusted,185,757999
41712,All,stem_enrollment_m1,-.222275483480293,-.157048117518163,.280405811329771,.0652948949893111,stata_areg_centered_student_vce_unadjusted,2,757999
41773,All,stem_enrollment_m1,-.0153029491793253,.0499244167828047,.392691276696818,.,stata_areg_centered_student_vce_unadjusted,1,757999
41780,All,stem_enrollment_m1,.0139304713932129,.0791578373553429,.0514982047409757,.411180774434207,stata_areg_centered_student_vce_unadjusted,64,757999
41791,All,stem_enrollment_m1,.145359730501002,.210587096463132,.110613844225703,.424817944847138,stata_areg_centered_student_vce_unadjusted,14,757999
41800,All,stem_enrollment_m1,-.359008921497116,-.293781555534986,.388639150198779,.,stata_areg_centered_student_vce_unadjusted,1,757999
41814,All,stem_enrollment_m1,-.0864311675491976,-.0212038015870675,.0585819479496242,.425955881357497,stata_areg_centered_student_vce_unadjusted,46,757999
41846,All,stem_enrollment_m1,.0474581725519832,.112685538514113,.13062074314057,.475964409579162,stata_areg_centered_student_vce_unadjusted,9,757999
41872,All,stem_enrollment_m1,-.249225736581894,-.183998370619764,.275589860747231,.149998144900681,stata_areg_centered_student_vce_unadjusted,2,757999
41888,All,stem_enrollment_m1,-.00136697935451025,.0638603866076198,.407346127193607,.,stata_areg_centered_student_vce_unadjusted,1,757999
41892,All,stem_enrollment_m1,-.134491216041874,-.0692638500797435,.276247442626002,.115425292863977,stata_areg_centered_student_vce_unadjusted,2,757999
41899,All,stem_enrollment_m1,.054974708075197,.120202074037327,.0547001419277381,.428814593622263,stata_areg_centered_student_vce_unadjusted,81,757999
41916,All,stem_enrollment_m1,-.064204538244175,.00102282771795503,.225965151226119,.0565601293637267,stata_areg_centered_student_vce_unadjusted,3,757999
41917,All,stem_enrollment_m1,-.334530846587147,-.269303480625017,.389119081258782,.,stata_areg_centered_student_vce_unadjusted,1,757999
41955,All,stem_enrollment_m1,-.163756335229603,-.0985289692674731,.147600471670957,.184458955836635,stata_areg_centered_student_vce_unadjusted,7,757999
42018,All,stem_enrollment_m1,-.199430945449288,-.134203579487158,.390087037480714,.,stata_areg_centered_student_vce_unadjusted,1,757999
42035,All,stem_enrollment_m1,-.0922820260996514,-.0270546601375214,.391859205545287,.,stata_areg_centered_student_vce_unadjusted,1,757999
42042,All,stem_enrollment_m1,-.0416919933021244,.0235353726600056,.3944756392437,.,stata_areg_centered_student_vce_unadjusted,1,757999
42061,All,stem_enrollment_m1,.00947920082244464,.0747065667845747,.391287460976362,.,stata_areg_centered_student_vce_unadjusted,1,757999
42081,All,stem_enrollment_m1,-.190709669467731,-.125482303505601,.277690366978176,.0852823309716795,stata_areg_centered_student_vce_unadjusted,2,757999
42105,All,stem_enrollment_m1,-.094068188853955,-.028840822891825,.389249357206254,.,stata_areg_centered_student_vce_unadjusted,1,757999
42130,All,stem_enrollment_m1,-.166036402121575,-.100809036159445,.274675331716614,.032475613793107,stata_areg_centered_student_vce_unadjusted,2,757999
42158,All,stem_enrollment_m1,-.151732319059911,-.0865049530977807,.0790535205606157,.222333164610431,stata_areg_centered_student_vce_unadjusted,25,757999
42166,All,stem_enrollment_m1,-.254901814850235,-.189674448888105,.138832998365906,.094311503536638,stata_areg_centered_student_vce_unadjusted,8,757999
42168,All,stem_enrollment_m1,-.333544334057445,-.268316968095315,.174785141575198,.0548102450388003,stata_areg_centered_student_vce_unadjusted,5,757999
42178,All,stem_enrollment_m1,-.24714822097285,-.18192085501072,.149071144059706,.104437058370088,stata_areg_centered_student_vce_unadjusted,7,757999
42198,All,stem_enrollment_m1,-.0994658602059205,-.0342384942437904,.225134545890163,.12604267707309,stata_areg_centered_student_vce_unadjusted,3,757999
