school_rbd,analysis_sample,outcome,va_raw,va_centered,va_se,va_resid_sd,va_se_method,n_students,n_total
1,All,high_inst_m1,0,-.0385817021775967,.0192777300361772,.0807152057705336,stata_areg_centered_student_vce_unadjusted,321,757999
3,All,high_inst_m1,.0561129548864118,.0175312527088151,.118019881804904,.0664596302384162,stata_areg_centered_student_vce_unadjusted,6,757999
4,All,high_inst_m1,-.0438094470605194,-.0823911492381161,.0143427223167426,.227666643087526,stata_areg_centered_student_vce_unadjusted,849,757999
5,All,high_inst_m1,-.038921856079235,-.0775035582568317,.0181853592617402,.218401952232032,stata_areg_centered_student_vce_unadjusted,429,757999
7,All,high_inst_m1,-.0162733081577414,-.0548550103353381,.0152874793936313,.0934061761200052,stata_areg_centered_student_vce_unadjusted,731,757999
8,All,high_inst_m1,-.0299238207566176,-.0685055229342143,.0269974304443619,.064173058803811,stata_areg_centered_student_vce_unadjusted,167,757999
15,All,high_inst_m1,.00723384530831516,-.0313478568692815,.0384997691430843,.230243155871215,stata_areg_centered_student_vce_unadjusted,85,757999
22,All,high_inst_m1,-.00177266265982306,-.0403543648374197,.28805750775593,.,stata_areg_centered_student_vce_unadjusted,1,757999
25,All,high_inst_m1,-.0234908624945203,-.062072564672117,.0325653194046655,.0996736375435668,stata_areg_centered_student_vce_unadjusted,107,757999
28,All,high_inst_m1,.025663795658814,-.0129179065187827,.0577747494597938,.0831566051550297,stata_areg_centered_student_vce_unadjusted,26,757999
32,All,high_inst_m1,.00286897017327849,-.0357127320043182,.04777511553415,.165303457718852,stata_areg_centered_student_vce_unadjusted,72,757999
45,All,high_inst_m1,-.00176969812628774,-.0403514003038844,.0251595026848795,.247387912553711,stata_areg_centered_student_vce_unadjusted,227,757999
50,All,high_inst_m1,.0218642005975427,-.016717501580054,.0412952160704092,.20702813235159,stata_areg_centered_student_vce_unadjusted,193,757999
52,All,high_inst_m1,-.0274172695700549,-.0659989717476515,.0135689166752884,.16246880677806,stata_areg_centered_student_vce_unadjusted,1333,757999
56,All,high_inst_m1,.0574946694913068,.0189129673137101,.0277171831176199,.374175849412373,stata_areg_centered_student_vce_unadjusted,287,757999
59,All,high_inst_m1,.107236788454053,.0686550862764566,.0354551163008001,.442503459959146,stata_areg_centered_student_vce_unadjusted,131,757999
60,All,high_inst_m1,.00129679592464056,-.0372849062529561,.0275619564073617,.272207751128297,stata_areg_centered_student_vce_unadjusted,256,757999
67,All,high_inst_m1,-.0230973337964614,-.0616790359740581,.0446821116062112,.221330379272113,stata_areg_centered_student_vce_unadjusted,156,757999
69,All,high_inst_m1,.0718871661134739,.0333054639358772,.035914058542117,.412750245578933,stata_areg_centered_student_vce_unadjusted,162,757999
72,All,high_inst_m1,-.172208163935475,-.210789866113072,.216039060365152,.273445179600656,stata_areg_centered_student_vce_unadjusted,2,757999
78,All,high_inst_m1,-.0435649330407587,-.0821466352183554,.0827050746117502,.291727452717537,stata_areg_centered_student_vce_unadjusted,25,757999
97,All,high_inst_m1,-.0365763577500358,-.0751580599276325,.0224296999608699,.132938212398935,stata_areg_centered_student_vce_unadjusted,196,757999
103,All,high_inst_m1,.00207572187685207,-.0365059803007446,.0304593131887072,.235693340860286,stata_areg_centered_student_vce_unadjusted,138,757999
106,All,high_inst_m1,-.0317478216012221,-.0703295237788187,.0201615953581498,.0857158493940632,stata_areg_centered_student_vce_unadjusted,280,757999
107,All,high_inst_m1,-.05150770180075,-.0900894039783467,.0266247607991026,.175802459074358,stata_areg_centered_student_vce_unadjusted,135,757999
108,All,high_inst_m1,-.0284385037369445,-.0670202059145412,.0198862691099925,.0793990883772505,stata_areg_centered_student_vce_unadjusted,273,757999
109,All,high_inst_m1,-.0236791389668906,-.0622608411444873,.0239165451612197,.0990273929192928,stata_areg_centered_student_vce_unadjusted,176,757999
110,All,high_inst_m1,-.0590907515719994,-.097672453749596,.0287078184738516,.167347319334106,stata_areg_centered_student_vce_unadjusted,159,757999
124,All,high_inst_m1,-.0330261007332233,-.07160780291082,.0143725997361624,.104555273313267,stata_areg_centered_student_vce_unadjusted,753,757999
125,All,high_inst_m1,-.0295250775893054,-.0681067797669021,.0292228228748276,.149906478486598,stata_areg_centered_student_vce_unadjusted,140,757999
127,All,high_inst_m1,.00800359034747299,-.0305781118301237,.0258569606292389,.314353996892305,stata_areg_centered_student_vce_unadjusted,277,757999
129,All,high_inst_m1,-.0384335419748415,-.0770152441524382,.0566368275775395,.0559809106025877,stata_areg_centered_student_vce_unadjusted,31,757999
130,All,high_inst_m1,-.0201704520144692,-.0587521541920659,.0394505537048158,.231539578960798,stata_areg_centered_student_vce_unadjusted,92,757999
131,All,high_inst_m1,-.0666033958814709,-.105185098059068,.0405577643407624,.0789263171451609,stata_areg_centered_student_vce_unadjusted,75,757999
132,All,high_inst_m1,.0648958256731605,.0263141234955638,.0186153032972505,.405381775195561,stata_areg_centered_student_vce_unadjusted,685,757999
133,All,high_inst_m1,-.0455943094348633,-.08417601161246,.0354837684602912,.203395191953786,stata_areg_centered_student_vce_unadjusted,160,757999
134,All,high_inst_m1,-.0304430417069234,-.0690247438845201,.0443535898932723,.134980001106991,stata_areg_centered_student_vce_unadjusted,64,757999
144,All,high_inst_m1,-.0124773503483895,-.0510590525259862,.0333738550871259,.12674575117202,stata_areg_centered_student_vce_unadjusted,97,757999
161,All,high_inst_m1,.00113687989141488,-.0374448222861818,.0474422526983923,.163750718257397,stata_areg_centered_student_vce_unadjusted,65,757999
178,All,high_inst_m1,-.0759324318417453,-.114514134019342,.0780289088920139,.0649572206105729,stata_areg_centered_student_vce_unadjusted,23,757999
191,All,high_inst_m1,-.0270004253001308,-.0655821274777275,.0222415133828548,.177473876060737,stata_areg_centered_student_vce_unadjusted,546,757999
199,All,high_inst_m1,.193777680856376,.15519597867878,.0264213059663215,.411389289053254,stata_areg_centered_student_vce_unadjusted,358,757999
200,All,high_inst_m1,.0651934298323935,.0266117276547968,.0261042594446558,.311390950042291,stata_areg_centered_student_vce_unadjusted,447,757999
208,All,high_inst_m1,.268757732094359,.230176029916762,.0267154716256036,.475773706933749,stata_areg_centered_student_vce_unadjusted,396,757999
211,All,high_inst_m1,.190441459888419,.151859757710822,.046927080879082,.449211011255143,stata_areg_centered_student_vce_unadjusted,180,757999
217,All,high_inst_m1,.125885813845166,.0873041116675698,.0136853801733176,.417980739508246,stata_areg_centered_student_vce_unadjusted,923,757999
218,All,high_inst_m1,.0276052250642701,-.0109764771133266,.0221804973246871,.230953039952303,stata_areg_centered_student_vce_unadjusted,206,757999
219,All,high_inst_m1,.0430878462878002,.0045061441102035,.016335224056368,.266361580878942,stata_areg_centered_student_vce_unadjusted,515,757999
220,All,high_inst_m1,.0453120670232912,.00673036484569451,.0144212803380846,.299391155866011,stata_areg_centered_student_vce_unadjusted,809,757999
222,All,high_inst_m1,.0237141491034334,-.0148675530741633,.0332165901346255,.140221086496982,stata_areg_centered_student_vce_unadjusted,83,757999
227,All,high_inst_m1,.00712579121263086,-.0314559109649658,.288613527212676,.,stata_areg_centered_student_vce_unadjusted,1,757999
253,All,high_inst_m1,.119859748865184,.0812780466875877,.0272106523454727,.401974840081468,stata_areg_centered_student_vce_unadjusted,219,757999
254,All,high_inst_m1,.17878870523733,.140207003059733,.0293702441560254,.429455843503165,stata_areg_centered_student_vce_unadjusted,155,757999
255,All,high_inst_m1,.0266090853026353,-.0119726168749614,.0273318723059381,.308191717588252,stata_areg_centered_student_vce_unadjusted,192,757999
256,All,high_inst_m1,.184509709065828,.145928006888232,.0243204415587895,.441074831549156,stata_areg_centered_student_vce_unadjusted,446,757999
257,All,high_inst_m1,.186115545631902,.147533843454306,.0327630048969588,.471695863392504,stata_areg_centered_student_vce_unadjusted,217,757999
270,All,high_inst_m1,.225354324262837,.186772622085241,.0596337461178805,.421921118125505,stata_areg_centered_student_vce_unadjusted,46,757999
279,All,high_inst_m1,.0632937708469516,.0247120686693549,.0115071894885292,.297255218202409,stata_areg_centered_student_vce_unadjusted,1325,757999
280,All,high_inst_m1,.192472688352502,.153890986174906,.0134366711908103,.406246679244672,stata_areg_centered_student_vce_unadjusted,758,757999
283,All,high_inst_m1,.181709825846652,.143128123669055,.0135383718993744,.400944365317744,stata_areg_centered_student_vce_unadjusted,723,757999
284,All,high_inst_m1,.175944089158646,.137362386981049,.0317149210620971,.396893639061085,stata_areg_centered_student_vce_unadjusted,103,757999
285,All,high_inst_m1,.147060004685339,.108478302507743,.024145923832853,.391375120943309,stata_areg_centered_student_vce_unadjusted,180,757999
286,All,high_inst_m1,.144050198091341,.105468495913744,.0167514060527393,.362056908720036,stata_areg_centered_student_vce_unadjusted,403,757999
287,All,high_inst_m1,.263983794467453,.225402092289857,.0134564799656422,.449562617924282,stata_areg_centered_student_vce_unadjusted,784,757999
298,All,high_inst_m1,.0710255932141714,.0324438910365748,.288216217964614,.,stata_areg_centered_student_vce_unadjusted,1,757999
304,All,high_inst_m1,.364393872560887,.325812170383291,.0254530860693059,.466427173090895,stata_areg_centered_student_vce_unadjusted,428,757999
312,All,high_inst_m1,.0685285307626203,.0299468285850236,.288848421455288,.,stata_areg_centered_student_vce_unadjusted,1,757999
320,All,high_inst_m1,.326236682190713,.287654980013116,.0283420122679762,.47415093318098,stata_areg_centered_student_vce_unadjusted,155,757999
324,All,high_inst_m1,.0145891919515477,-.0239925102260489,.167967053483558,.067627123142236,stata_areg_centered_student_vce_unadjusted,3,757999
329,All,high_inst_m1,.331079913828104,.292498211650507,.0414258006902356,.473895302269671,stata_areg_centered_student_vce_unadjusted,103,757999
335,All,high_inst_m1,.164853742277738,.126272040100142,.0367799180524196,.396265533316737,stata_areg_centered_student_vce_unadjusted,97,757999
336,All,high_inst_m1,.275046442677334,.236464740499737,.0198932597243334,.482006104935568,stata_areg_centered_student_vce_unadjusted,405,757999
337,All,high_inst_m1,.493890707950095,.455309005772498,.0324855055061422,.45345022112578,stata_areg_centered_student_vce_unadjusted,247,757999
341,All,high_inst_m1,.283070391466465,.244488689288868,.0253209295732848,.470322650377802,stata_areg_centered_student_vce_unadjusted,267,757999
342,All,high_inst_m1,.368472485906143,.329890783728547,.0200441805421402,.462155247869032,stata_areg_centered_student_vce_unadjusted,452,757999
344,All,high_inst_m1,.342627937634817,.30404623545722,.0273632827770687,.475078486270421,stata_areg_centered_student_vce_unadjusted,266,757999
350,All,high_inst_m1,.265849278542177,.22726757636458,.0305064018140355,.473409964203251,stata_areg_centered_student_vce_unadjusted,236,757999
355,All,high_inst_m1,.103135254442893,.0645535522652962,.0704142158802044,.394207423554267,stata_areg_centered_student_vce_unadjusted,18,757999
356,All,high_inst_m1,.380301677241679,.341719975064083,.0398291088526737,.457149148065868,stata_areg_centered_student_vce_unadjusted,285,757999
357,All,high_inst_m1,.533466151425066,.494884449247469,.0356818552279505,.436865756679047,stata_areg_centered_student_vce_unadjusted,245,757999
358,All,high_inst_m1,.405253601642683,.366671899465086,.0365347114785111,.468673884731173,stata_areg_centered_student_vce_unadjusted,102,757999
361,All,high_inst_m1,.523654268152659,.485072565975062,.0372880130868622,.426070219513644,stata_areg_centered_student_vce_unadjusted,210,757999
364,All,high_inst_m1,.366296212084635,.327714509907039,.0321294354464175,.47607437803235,stata_areg_centered_student_vce_unadjusted,132,757999
365,All,high_inst_m1,.330223411537359,.291641709359762,.027026679252969,.461601896974557,stata_areg_centered_student_vce_unadjusted,256,757999
366,All,high_inst_m1,.497246121595579,.458664419417983,.027676287027795,.431367166936827,stata_areg_centered_student_vce_unadjusted,234,757999
367,All,high_inst_m1,.192126207552948,.153544505375351,.0285096947758696,.441122863508845,stata_areg_centered_student_vce_unadjusted,389,757999
371,All,high_inst_m1,.0209439833582414,-.0176377188193553,.0887513046584781,.236042621080145,stata_areg_centered_student_vce_unadjusted,15,757999
372,All,high_inst_m1,.185233638600346,.146651936422749,.0390748926958622,.383538963457254,stata_areg_centered_student_vce_unadjusted,288,757999
373,All,high_inst_m1,.266259915212905,.227678213035308,.0370359827844866,.469490237235396,stata_areg_centered_student_vce_unadjusted,328,757999
379,All,high_inst_m1,.140696123299365,.102114421121768,.0294873875055212,.36886670331626,stata_areg_centered_student_vce_unadjusted,573,757999
381,All,high_inst_m1,-.0569495087636112,-.0955312109412079,.291446457998661,.,stata_areg_centered_student_vce_unadjusted,1,757999
384,All,high_inst_m1,.191398020655398,.152816318477802,.0315992609779785,.420992874267826,stata_areg_centered_student_vce_unadjusted,405,757999
392,All,high_inst_m1,.0469309679852021,.00834926580760545,.03196070505418,.401782838865314,stata_areg_centered_student_vce_unadjusted,256,757999
396,All,high_inst_m1,.162758471044644,.124176768867047,.0176223555038572,.418523036815948,stata_areg_centered_student_vce_unadjusted,464,757999
397,All,high_inst_m1,.0856946714428777,.0471129692652811,.129513616872545,.14454486562687,stata_areg_centered_student_vce_unadjusted,5,757999
399,All,high_inst_m1,.200720471112887,.162138768935291,.0170612232547832,.410005589683519,stata_areg_centered_student_vce_unadjusted,538,757999
400,All,high_inst_m1,.284630676804155,.246048974626559,.0218262012289969,.478676336045523,stata_areg_centered_student_vce_unadjusted,532,757999
415,All,high_inst_m1,.269962726845635,.231381024668039,.0319205741840871,.489110024082254,stata_areg_centered_student_vce_unadjusted,302,757999
416,All,high_inst_m1,.0019713245370082,-.0366103776405885,.287995584988463,.,stata_areg_centered_student_vce_unadjusted,1,757999
419,All,high_inst_m1,.0372154791841234,-.00136622299347323,.0820191963646757,.0502010754891788,stata_areg_centered_student_vce_unadjusted,13,757999
420,All,high_inst_m1,.183918024637398,.145336322459801,.022480326276638,.403394707791381,stata_areg_centered_student_vce_unadjusted,273,757999
429,All,high_inst_m1,.349897112948734,.311315410771138,.0242261900847342,.490678433918006,stata_areg_centered_student_vce_unadjusted,544,757999
430,All,high_inst_m1,.181119401761333,.142537699583737,.0266872602717068,.448270048867896,stata_areg_centered_student_vce_unadjusted,224,757999
431,All,high_inst_m1,.382276406246621,.343694704069024,.0251067849111956,.472680490327955,stata_areg_centered_student_vce_unadjusted,192,757999
433,All,high_inst_m1,.229003470945009,.190421768767413,.0295556601394111,.479228113248241,stata_areg_centered_student_vce_unadjusted,297,757999
437,All,high_inst_m1,.406319395115739,.367737692938142,.0140100973010429,.471973391352881,stata_areg_centered_student_vce_unadjusted,1047,757999
438,All,high_inst_m1,.203894321331832,.165312619154235,.0265831591265366,.405860223359556,stata_areg_centered_student_vce_unadjusted,310,757999
440,All,high_inst_m1,.256122051350886,.217540349173289,.028975129836802,.466904911931295,stata_areg_centered_student_vce_unadjusted,335,757999
441,All,high_inst_m1,.0634983088717397,.024916606694143,.0601746525234897,.254969172235511,stata_areg_centered_student_vce_unadjusted,36,757999
448,All,high_inst_m1,.158904311579596,.120322609402,.0204743336629684,.436891450043303,stata_areg_centered_student_vce_unadjusted,666,757999
449,All,high_inst_m1,.295034005842045,.256452303664449,.0216340629874117,.470827304467479,stata_areg_centered_student_vce_unadjusted,502,757999
478,All,high_inst_m1,.198496200746056,.159914498568459,.0432674394284746,.44016824470284,stata_areg_centered_student_vce_unadjusted,328,757999
479,All,high_inst_m1,.0898573775375293,.0512756753599326,.0227169408866636,.431960289151868,stata_areg_centered_student_vce_unadjusted,486,757999
486,All,high_inst_m1,.189353334461211,.150771632283614,.027671263723643,.411960632913818,stata_areg_centered_student_vce_unadjusted,324,757999
487,All,high_inst_m1,.0772886041551847,.038706901977588,.119912191333792,.0720681558219938,stata_areg_centered_student_vce_unadjusted,6,757999
516,All,high_inst_m1,.0143854340030024,-.0241962681745943,.0184866926527714,.245950224111406,stata_areg_centered_student_vce_unadjusted,293,757999
517,All,high_inst_m1,.0591219018538688,.0205401996762722,.0152094384115181,.340662083426189,stata_areg_centered_student_vce_unadjusted,608,757999
518,All,high_inst_m1,.0513795920445781,.0127978898669814,.0180915579508829,.275710661632806,stata_areg_centered_student_vce_unadjusted,294,757999
521,All,high_inst_m1,.116630695560362,.0780489933827653,.0434782976415069,.387883898562875,stata_areg_centered_student_vce_unadjusted,67,757999
526,All,high_inst_m1,.0198135401617329,-.0187681620158638,.037097883381934,.356814765300155,stata_areg_centered_student_vce_unadjusted,131,757999
530,All,high_inst_m1,.0288345347237126,-.00974716745388407,.0222695674239307,.275058483637464,stata_areg_centered_student_vce_unadjusted,215,757999
531,All,high_inst_m1,.0600316047376029,.0214499025600062,.0396271441069854,.294848799862668,stata_areg_centered_student_vce_unadjusted,83,757999
532,All,high_inst_m1,.0527656047727096,.0141839025951129,.0320436491793309,.212229971393012,stata_areg_centered_student_vce_unadjusted,87,757999
535,All,high_inst_m1,.0855436984147246,.046961996237128,.0331051407497623,.372464316818165,stata_areg_centered_student_vce_unadjusted,108,757999
565,All,high_inst_m1,.0840709982501272,.0454892960725305,.026944173131469,.361746196961464,stata_areg_centered_student_vce_unadjusted,251,757999
566,All,high_inst_m1,.154018494294864,.115436792117267,.292974833953243,.,stata_areg_centered_student_vce_unadjusted,1,757999
567,All,high_inst_m1,.0646660375514111,.0260843353738144,.0341461855630143,.338738413890356,stata_areg_centered_student_vce_unadjusted,293,757999
568,All,high_inst_m1,.0438087324712412,.00522703029364448,.0440447972010664,.399315391002477,stata_areg_centered_student_vce_unadjusted,167,757999
570,All,high_inst_m1,.0504354017654361,.0118536995878394,.0447039271769211,.370968078057258,stata_areg_centered_student_vce_unadjusted,168,757999
573,All,high_inst_m1,.0601653854275892,.0215836832499925,.0238542833485509,.382601048952795,stata_areg_centered_student_vce_unadjusted,282,757999
574,All,high_inst_m1,.0159937465133351,-.0225879556642616,.0174553678076038,.295936686511669,stata_areg_centered_student_vce_unadjusted,641,757999
575,All,high_inst_m1,-.00977143799299272,-.0483531401705894,.0151235954455981,.191474552436559,stata_areg_centered_student_vce_unadjusted,600,757999
578,All,high_inst_m1,.0240151662609719,-.0145665359166248,.0244046453392543,.20989860257905,stata_areg_centered_student_vce_unadjusted,154,757999
579,All,high_inst_m1,.0636592308406382,.0250775286630416,.0223429407115854,.396874270734517,stata_areg_centered_student_vce_unadjusted,455,757999
580,All,high_inst_m1,.168938388274149,.130356686096553,.0235391231809443,.43922583362375,stata_areg_centered_student_vce_unadjusted,424,757999
581,All,high_inst_m1,.0598854272609576,.0213037250833609,.0376400006434722,.405628457762873,stata_areg_centered_student_vce_unadjusted,162,757999
582,All,high_inst_m1,.0548096646322591,.0162279624546625,.0257083345186199,.397899625119162,stata_areg_centered_student_vce_unadjusted,213,757999
583,All,high_inst_m1,.0584749813906873,.0198932792130906,.0347333183746788,.415071158423784,stata_areg_centered_student_vce_unadjusted,259,757999
585,All,high_inst_m1,.490642956843675,.452061254666078,.047916013939642,.426684607361575,stata_areg_centered_student_vce_unadjusted,182,757999
587,All,high_inst_m1,.342450669918406,.303868967740809,.0461267173438669,.473466347544641,stata_areg_centered_student_vce_unadjusted,77,757999
589,All,high_inst_m1,.0313824080413743,-.00719929413622238,.0379493234929164,.38839847738684,stata_areg_centered_student_vce_unadjusted,105,757999
590,All,high_inst_m1,.0416681537901388,.00308645161254211,.0237009737611623,.38629871403463,stata_areg_centered_student_vce_unadjusted,268,757999
591,All,high_inst_m1,.360576375408147,.321994673230551,.0353406460956655,.481921779391332,stata_areg_centered_student_vce_unadjusted,193,757999
597,All,high_inst_m1,-.00555351642520099,-.0441352186027977,.0506651209675759,.266826163928025,stata_areg_centered_student_vce_unadjusted,48,757999
609,All,high_inst_m1,.103134291391657,.0645525892140602,.0145205520616121,.356538873817725,stata_areg_centered_student_vce_unadjusted,605,757999
610,All,high_inst_m1,.0379130814922441,-.000668620685352575,.0182943511102923,.239133132048431,stata_areg_centered_student_vce_unadjusted,318,757999
611,All,high_inst_m1,.0528717161046508,.0142900139270541,.0251962239798906,.244704704489263,stata_areg_centered_student_vce_unadjusted,149,757999
613,All,high_inst_m1,.00991405017355586,-.0286676520040408,.0279392374412315,.269441467050804,stata_areg_centered_student_vce_unadjusted,206,757999
629,All,high_inst_m1,.0229926934200149,-.0155890087575817,.0277272933608584,.255965837032214,stata_areg_centered_student_vce_unadjusted,151,757999
646,All,high_inst_m1,.0267318009988397,-.011849901178757,.0186957659733398,.274602440725583,stata_areg_centered_student_vce_unadjusted,407,757999
647,All,high_inst_m1,.00302666923617615,-.0355550329414205,.0305565975440889,.240509046216952,stata_areg_centered_student_vce_unadjusted,130,757999
648,All,high_inst_m1,.062162114249736,.0235804120721393,.0495740719335574,.41892613505223,stata_areg_centered_student_vce_unadjusted,301,757999
649,All,high_inst_m1,.0637500693094178,.0251683671318211,.0255681656246234,.348946430614141,stata_areg_centered_student_vce_unadjusted,405,757999
656,All,high_inst_m1,.0129409121086332,-.0256407900689635,.0336165052465722,.282205139274179,stata_areg_centered_student_vce_unadjusted,211,757999
664,All,high_inst_m1,.0597860662979201,.0212043641203235,.0355207570309738,.333636876401429,stata_areg_centered_student_vce_unadjusted,191,757999
665,All,high_inst_m1,.0222534110476831,-.0163282911299136,.0234075755446688,.22856466532998,stata_areg_centered_student_vce_unadjusted,361,757999
666,All,high_inst_m1,.0434589345494322,.0048772323718355,.289224420876632,.,stata_areg_centered_student_vce_unadjusted,1,757999
668,All,high_inst_m1,.0784196882006001,.0398379860230034,.0404198633018327,.387343690970018,stata_areg_centered_student_vce_unadjusted,94,757999
690,All,high_inst_m1,.0415263930118174,.00294469083422073,.0307204546253866,.332902987389251,stata_areg_centered_student_vce_unadjusted,277,757999
701,All,high_inst_m1,.0156592355789132,-.0229224665986835,.0211286680939574,.206990624197468,stata_areg_centered_student_vce_unadjusted,288,757999
704,All,high_inst_m1,.0234738706057199,-.0151078315718768,.0228527707154673,.330206667741509,stata_areg_centered_student_vce_unadjusted,568,757999
705,All,high_inst_m1,-.0150655432444974,-.0536472454220941,.0154944504198659,.178233486028774,stata_areg_centered_student_vce_unadjusted,876,757999
706,All,high_inst_m1,.0268309665629354,-.0117507356146613,.288406861307333,.,stata_areg_centered_student_vce_unadjusted,1,757999
709,All,high_inst_m1,.0401770997393894,.00159539756179271,.288411921315531,.,stata_areg_centered_student_vce_unadjusted,1,757999
712,All,high_inst_m1,-.00456369336156007,-.0431453955391568,.288967415738052,.,stata_areg_centered_student_vce_unadjusted,1,757999
763,All,high_inst_m1,.00235320928755326,-.0362284928900434,.0312487473994317,.298389528636956,stata_areg_centered_student_vce_unadjusted,329,757999
766,All,high_inst_m1,-.00377173166318861,-.0423534338407853,.0283129588245382,.304496661470833,stata_areg_centered_student_vce_unadjusted,506,757999
767,All,high_inst_m1,.0626910257048231,.0241093235272264,.0426704953478972,.316788774128265,stata_areg_centered_student_vce_unadjusted,131,757999
768,All,high_inst_m1,-.0159455436447905,-.0545272458223872,.0165963616953041,.170470894328737,stata_areg_centered_student_vce_unadjusted,740,757999
769,All,high_inst_m1,.197931191764473,.159349489586876,.0455616734725895,.421465140137091,stata_areg_centered_student_vce_unadjusted,344,757999
770,All,high_inst_m1,.409053914535412,.370472212357815,.0568065815757544,.469469853053891,stata_areg_centered_student_vce_unadjusted,147,757999
772,All,high_inst_m1,-.0176526032611518,-.0562343054387485,.0193288829554136,.168950837478483,stata_areg_centered_student_vce_unadjusted,386,757999
774,All,high_inst_m1,.149679958765192,.111098256587595,.053586234964962,.349644328388755,stata_areg_centered_student_vce_unadjusted,69,757999
799,All,high_inst_m1,.0494393614616051,.0108576592840084,.0294083848434882,.264967854758293,stata_areg_centered_student_vce_unadjusted,174,757999
800,All,high_inst_m1,.113227200864011,.0746454986864138,.29054748490594,.,stata_areg_centered_student_vce_unadjusted,1,757999
802,All,high_inst_m1,.00976994014653505,-.0288117620310616,.0214764992525689,.226973680764506,stata_areg_centered_student_vce_unadjusted,389,757999
803,All,high_inst_m1,.108105021024359,.0695233188467622,.288296208363208,.,stata_areg_centered_student_vce_unadjusted,1,757999
845,All,high_inst_m1,.0633619681961212,.0247802660185245,.0306457927926982,.347702465119495,stata_areg_centered_student_vce_unadjusted,335,757999
892,All,high_inst_m1,-.0815411031146882,-.120122805292285,.28977881372451,.,stata_areg_centered_student_vce_unadjusted,1,757999
908,All,high_inst_m1,.0441689858479696,.00558728367037296,.292375407278691,.,stata_areg_centered_student_vce_unadjusted,1,757999
964,All,high_inst_m1,.0462751534234797,.00769345124588301,.0798575971467309,.0512120147918229,stata_areg_centered_student_vce_unadjusted,14,757999
967,All,high_inst_m1,.00175871005362367,-.036822992123973,.0274106918844737,.255116342031041,stata_areg_centered_student_vce_unadjusted,284,757999
968,All,high_inst_m1,.0305380813496583,-.00804362082793843,.024414278116686,.238650054789208,stata_areg_centered_student_vce_unadjusted,367,757999
982,All,high_inst_m1,.0935012061008209,.0549195039232242,.0582798584801485,.318599218246174,stata_areg_centered_student_vce_unadjusted,32,757999
987,All,high_inst_m1,-.0666090110446482,-.105190713222245,.0346308357692143,.287171499026072,stata_areg_centered_student_vce_unadjusted,303,757999
988,All,high_inst_m1,-.00883681917163681,-.0474185213492335,.0313292747035239,.18997968271702,stata_areg_centered_student_vce_unadjusted,133,757999
1013,All,high_inst_m1,-.00246549526329692,-.0410471974408936,.0312976417852348,.232938917691929,stata_areg_centered_student_vce_unadjusted,246,757999
1036,All,high_inst_m1,-.0311095756286449,-.0696912778062416,.0312750996991424,.263063850923198,stata_areg_centered_student_vce_unadjusted,299,757999
1048,All,high_inst_m1,.0430096018377758,.00442789966017907,.0252449933237814,.239832564507937,stata_areg_centered_student_vce_unadjusted,489,757999
1049,All,high_inst_m1,-.0784398271140844,-.117021529291681,.288782081022107,.,stata_areg_centered_student_vce_unadjusted,1,757999
1119,All,high_inst_m1,.00757042732787623,-.0310112748497205,.0390942191994265,.285540615758245,stata_areg_centered_student_vce_unadjusted,133,757999
1120,All,high_inst_m1,-.00299589476858035,-.041577596946177,.0887304055455918,.0644012019307108,stata_areg_centered_student_vce_unadjusted,11,757999
1121,All,high_inst_m1,.0323898845434931,-.00619181763410356,.0211619580876378,.20576998867,stata_areg_centered_student_vce_unadjusted,386,757999
1123,All,high_inst_m1,.0143051331161081,-.0242765690614886,.0348723506340458,.221229347463772,stata_areg_centered_student_vce_unadjusted,143,757999
1125,All,high_inst_m1,.0922990965517126,.053717394374116,.291046829885992,.,stata_areg_centered_student_vce_unadjusted,1,757999
1148,All,high_inst_m1,.0445023443600319,.00592064218243526,.0387545164960578,.232733956003889,stata_areg_centered_student_vce_unadjusted,163,757999
1149,All,high_inst_m1,.00198246295254373,-.036599239225053,.0589988890886278,.227777327954958,stata_areg_centered_student_vce_unadjusted,53,757999
1161,All,high_inst_m1,.15608373220787,.117502030030273,.290503212316496,.,stata_areg_centered_student_vce_unadjusted,1,757999
1164,All,high_inst_m1,.0597618356956256,.0211801335180289,.0482700195011952,.299000723062048,stata_areg_centered_student_vce_unadjusted,131,757999
1167,All,high_inst_m1,.0385673049840064,-.0000143971935902404,.0261067062025522,.119777454402369,stata_areg_centered_student_vce_unadjusted,316,757999
1183,All,high_inst_m1,-.0322427087979295,-.0708244109755261,.0235559031145498,.245186558891902,stata_areg_centered_student_vce_unadjusted,269,757999
1184,All,high_inst_m1,.00792109215765737,-.0306606100199393,.0434790524191192,.262421813604524,stata_areg_centered_student_vce_unadjusted,83,757999
1190,All,high_inst_m1,.0663749345687841,.0277932323911875,.0476230098387716,.400902548066217,stata_areg_centered_student_vce_unadjusted,118,757999
1194,All,high_inst_m1,.0315553220852011,-.0070263800923956,.0150229862648479,.293635557846353,stata_areg_centered_student_vce_unadjusted,809,757999
1195,All,high_inst_m1,.0135494258831531,-.0250322762944436,.0152724601562819,.243238022537995,stata_areg_centered_student_vce_unadjusted,714,757999
1196,All,high_inst_m1,.0303954592886679,-.00818624288892881,.0205275877061613,.146015344991077,stata_areg_centered_student_vce_unadjusted,268,757999
1198,All,high_inst_m1,-.0149841024495535,-.0535658046271502,.0543308260789156,.0573204015680795,stata_areg_centered_student_vce_unadjusted,35,757999
1199,All,high_inst_m1,.0485440634582854,.00996236128068873,.027967365985771,.183799670856489,stata_areg_centered_student_vce_unadjusted,130,757999
1206,All,high_inst_m1,.0467854842615178,.00820378208392108,.0435701108574523,.0644348945474694,stata_areg_centered_student_vce_unadjusted,47,757999
1213,All,high_inst_m1,.0497682967510107,.011186594573414,.0142993086934117,.266542772592999,stata_areg_centered_student_vce_unadjusted,883,757999
1214,All,high_inst_m1,.0196825377994117,-.018899164378185,.0215895756107691,.330680335810062,stata_areg_centered_student_vce_unadjusted,308,757999
1225,All,high_inst_m1,.255824160104485,.217242457926888,.0240878650392964,.483642571501226,stata_areg_centered_student_vce_unadjusted,393,757999
1226,All,high_inst_m1,.0295519341695592,-.00902976800803748,.0446096568325195,.293647754522868,stata_areg_centered_student_vce_unadjusted,79,757999
1255,All,high_inst_m1,.0310337395211081,-.00754796265648855,.0200787774773428,.224790155401038,stata_areg_centered_student_vce_unadjusted,272,757999
1257,All,high_inst_m1,.0338767201865715,-.00470498199102515,.0974323953723512,.0642261490018103,stata_areg_centered_student_vce_unadjusted,9,757999
1260,All,high_inst_m1,.0859556775214351,.0473739753438384,.0377201269993883,.329650105239314,stata_areg_centered_student_vce_unadjusted,108,757999
1261,All,high_inst_m1,.0229644383693954,-.0156172638082013,.0306811624741361,.205756608968844,stata_areg_centered_student_vce_unadjusted,108,757999
1262,All,high_inst_m1,.152288968940833,.113707266763236,.0132067344702081,.388027947001762,stata_areg_centered_student_vce_unadjusted,1033,757999
1263,All,high_inst_m1,.00219164004777986,-.0363900621298168,.0233265186075759,.159258691522701,stata_areg_centered_student_vce_unadjusted,231,757999
1264,All,high_inst_m1,.0154443723864366,-.0231373297911601,.0634058416288904,.0441651492504019,stata_areg_centered_student_vce_unadjusted,24,757999
1276,All,high_inst_m1,.061027268503861,.0224455663262643,.287843599135588,.,stata_areg_centered_student_vce_unadjusted,1,757999
1288,All,high_inst_m1,.27270273178424,.234121029606643,.0440655375352327,.468129749825127,stata_areg_centered_student_vce_unadjusted,220,757999
1289,All,high_inst_m1,-.00117295812529775,-.0397546603028944,.0235601455966292,.0880491328239539,stata_areg_centered_student_vce_unadjusted,181,757999
1290,All,high_inst_m1,.0197569715499149,-.0188247306276817,.0296943919651711,.310733757670144,stata_areg_centered_student_vce_unadjusted,186,757999
1291,All,high_inst_m1,.0354572080943463,-.00312449408325041,.0421867624611025,.38107847519581,stata_areg_centered_student_vce_unadjusted,138,757999
1292,All,high_inst_m1,.00115885326165849,-.0374228489159382,.0213881935943046,.273396347934785,stata_areg_centered_student_vce_unadjusted,362,757999
1294,All,high_inst_m1,-.024472100720766,-.0630538028983627,.0254328769135872,.303535238673018,stata_areg_centered_student_vce_unadjusted,239,757999
1300,All,high_inst_m1,-.0109490157581394,-.0495307179357361,.017976189850892,.152728033491787,stata_areg_centered_student_vce_unadjusted,397,757999
1301,All,high_inst_m1,-.00126096169369664,-.0398426638712933,.0430070139754849,.131437293283936,stata_areg_centered_student_vce_unadjusted,69,757999
1302,All,high_inst_m1,-.00533263935338509,-.0439143415309818,.0528752978352827,.160778868048641,stata_areg_centered_student_vce_unadjusted,35,757999
1316,All,high_inst_m1,-.0042335095098473,-.042815211687444,.0390183046584834,.257089650343689,stata_areg_centered_student_vce_unadjusted,96,757999
1318,All,high_inst_m1,.0500763171546918,.0114946149770951,.0474367860771641,.2276010542958,stata_areg_centered_student_vce_unadjusted,52,757999
1319,All,high_inst_m1,-.0164288267810272,-.0550105289586238,.28978343957718,.,stata_areg_centered_student_vce_unadjusted,1,757999
1327,All,high_inst_m1,.00335531673215912,-.0352263854454376,.0266837643762498,.153960535353735,stata_areg_centered_student_vce_unadjusted,200,757999
1335,All,high_inst_m1,.0366482894555738,-.00193341272202289,.0200195121312616,.285227308281038,stata_areg_centered_student_vce_unadjusted,490,757999
1347,All,high_inst_m1,-.000699661287989458,-.0392813634655861,.0206579838869047,.198230547752649,stata_areg_centered_student_vce_unadjusted,434,757999
1354,All,high_inst_m1,.073239969591309,.0346582674137123,.0223909213351386,.298888003415387,stata_areg_centered_student_vce_unadjusted,320,757999
1361,All,high_inst_m1,-.0206479618613661,-.0592296640389627,.0392451709624228,.108597989295528,stata_areg_centered_student_vce_unadjusted,89,757999
1362,All,high_inst_m1,-.0194433240525138,-.0580250262301104,.0239419182487783,.0922649684604038,stata_areg_centered_student_vce_unadjusted,191,757999
1363,All,high_inst_m1,.0112460171712017,-.027335685006395,.0282111912097581,.166741035467006,stata_areg_centered_student_vce_unadjusted,151,757999
1364,All,high_inst_m1,-.0488543659951105,-.0874360681727071,.0317191962902505,.206065619043716,stata_areg_centered_student_vce_unadjusted,154,757999
1366,All,high_inst_m1,-.0193173117517223,-.0578990139293189,.0191170873024003,.116374956547788,stata_areg_centered_student_vce_unadjusted,323,757999
1367,All,high_inst_m1,-.0378933075918686,-.0764750097694653,.0420613725510518,.156195472019494,stata_areg_centered_student_vce_unadjusted,64,757999
1368,All,high_inst_m1,-.00559954316087365,-.0441812453384703,.0425819099370681,.179610542069289,stata_areg_centered_student_vce_unadjusted,65,757999
1370,All,high_inst_m1,-.00511583717150603,-.0436975393491027,.0458487463286836,.180520977058778,stata_areg_centered_student_vce_unadjusted,86,757999
1371,All,high_inst_m1,.00836931799084766,-.030212384186749,.0306124297382043,.226192562707053,stata_areg_centered_student_vce_unadjusted,198,757999
1392,All,high_inst_m1,.0121399001413664,-.0264418020362303,.0192789923447723,.33658250330489,stata_areg_centered_student_vce_unadjusted,399,757999
1393,All,high_inst_m1,.00778465774004443,-.0307970444375523,.0269159683704266,.315279336289765,stata_areg_centered_student_vce_unadjusted,273,757999
1395,All,high_inst_m1,.00800635763003327,-.0305753445475634,.0340860465275863,.242349779373493,stata_areg_centered_student_vce_unadjusted,266,757999
1397,All,high_inst_m1,.173580233743185,.134998531565588,.0176170605634146,.411919135452347,stata_areg_centered_student_vce_unadjusted,518,757999
1400,All,high_inst_m1,.025187194929385,-.0133945072482117,.0366180036052006,.0666055159688071,stata_areg_centered_student_vce_unadjusted,69,757999
1403,All,high_inst_m1,-.0302474863549783,-.068829188532575,.0339699513276948,.295582392997368,stata_areg_centered_student_vce_unadjusted,163,757999
1404,All,high_inst_m1,.0800825909634058,.0415008887858091,.023092725338147,.45515548915799,stata_areg_centered_student_vce_unadjusted,502,757999
1405,All,high_inst_m1,.0303411685832745,-.00824053359432223,.0313900627175543,.256971725655615,stata_areg_centered_student_vce_unadjusted,218,757999
1412,All,high_inst_m1,.0233933837341838,-.0151883184434129,.0474327173569082,.362308771949679,stata_areg_centered_student_vce_unadjusted,81,757999
1414,All,high_inst_m1,.00626596787060747,-.0323157343069892,.0389219718069378,.121867235190769,stata_areg_centered_student_vce_unadjusted,85,757999
1421,All,high_inst_m1,-.0538245444703347,-.0924062466479314,.0379937171266648,.157216455492146,stata_areg_centered_student_vce_unadjusted,102,757999
1422,All,high_inst_m1,.0527695306469983,.0141878284694016,.0288890172031435,.142569541351185,stata_areg_centered_student_vce_unadjusted,131,757999
1425,All,high_inst_m1,.0845910853312138,.0460093831536171,.0322600591669675,.331724318132309,stata_areg_centered_student_vce_unadjusted,113,757999
1436,All,high_inst_m1,.0227087706295697,-.015872931548027,.0226674530169687,.303269381339924,stata_areg_centered_student_vce_unadjusted,377,757999
1437,All,high_inst_m1,.0137317312444213,-.0248499709331754,.0280303569582437,.216093274662369,stata_areg_centered_student_vce_unadjusted,178,757999
1443,All,high_inst_m1,.258456268993007,.21987456681541,.0164795686977263,.416635471636264,stata_areg_centered_student_vce_unadjusted,609,757999
1444,All,high_inst_m1,.0238209297927444,-.0147607723848523,.0359804305023552,.23903703962624,stata_areg_centered_student_vce_unadjusted,126,757999
1445,All,high_inst_m1,.0569829953244443,.0184012931468476,.0372490632860261,.312969001502208,stata_areg_centered_student_vce_unadjusted,147,757999
1449,All,high_inst_m1,.0198390780902837,-.018742624087313,.023169126505945,.223580329634732,stata_areg_centered_student_vce_unadjusted,298,757999
1450,All,high_inst_m1,.0706085958596162,.0320268936820195,.0332324549249624,.367213940418707,stata_areg_centered_student_vce_unadjusted,183,757999
1453,All,high_inst_m1,.0106230313116176,-.0279586708659791,.0305536026784296,.171824555479992,stata_areg_centered_student_vce_unadjusted,185,757999
1464,All,high_inst_m1,.0329114999202073,-.00567020225738943,.0162325717609372,.230487335094526,stata_areg_centered_student_vce_unadjusted,605,757999
1467,All,high_inst_m1,-.0700496962004011,-.108631398377998,.0428605927885955,.160247984419394,stata_areg_centered_student_vce_unadjusted,140,757999
1468,All,high_inst_m1,.0670550130208796,.0284733108432829,.0409127303756981,.289312824731602,stata_areg_centered_student_vce_unadjusted,55,757999
1469,All,high_inst_m1,.0178892095798509,-.0206924925977458,.0626279830273569,.0722521727141161,stata_areg_centered_student_vce_unadjusted,27,757999
1478,All,high_inst_m1,-.078614977376945,-.117196679554542,.0447029402671757,.225623309400175,stata_areg_centered_student_vce_unadjusted,158,757999
1482,All,high_inst_m1,-.0295106912923164,-.0680923934699131,.0251982127676051,.23096148670177,stata_areg_centered_student_vce_unadjusted,275,757999
1489,All,high_inst_m1,.00298218152894236,-.0355995206486543,.0276222438351317,.143719489661853,stata_areg_centered_student_vce_unadjusted,174,757999
1490,All,high_inst_m1,.0340715687690544,-.00451013340854232,.0437141496364439,.213584826136348,stata_areg_centered_student_vce_unadjusted,57,757999
1500,All,high_inst_m1,-.00885698425806532,-.047438686435662,.024666405615346,.215863468873666,stata_areg_centered_student_vce_unadjusted,248,757999
1502,All,high_inst_m1,.0194320719780777,-.019149630199519,.0135236298039126,.173140014351964,stata_areg_centered_student_vce_unadjusted,612,757999
1503,All,high_inst_m1,.122852033796726,.0842703316191295,.0114079904169677,.343612752991982,stata_areg_centered_student_vce_unadjusted,867,757999
1504,All,high_inst_m1,.0147786564824698,-.0238030456951269,.0122866243825931,.116428658829829,stata_areg_centered_student_vce_unadjusted,775,757999
1506,All,high_inst_m1,-.0238115852251806,-.0623932874027772,.28937696676793,.,stata_areg_centered_student_vce_unadjusted,1,757999
1507,All,high_inst_m1,.0626564096357067,.02407470745811,.129439337367435,.0358825028985646,stata_areg_centered_student_vce_unadjusted,5,757999
1515,All,high_inst_m1,.00221895572147403,-.0363627464561227,.0120509321441429,.227167732934038,stata_areg_centered_student_vce_unadjusted,897,757999
1516,All,high_inst_m1,.134861354176971,.0962796519993742,.0293966331052818,.326384637406589,stata_areg_centered_student_vce_unadjusted,118,757999
1517,All,high_inst_m1,.0495126993066886,.0109309971290919,.0325870267721606,.251678434118196,stata_areg_centered_student_vce_unadjusted,98,757999
1518,All,high_inst_m1,.0302288798081016,-.00835282236949508,.0325367059434482,.118851679472827,stata_areg_centered_student_vce_unadjusted,87,757999
1519,All,high_inst_m1,.0273583866025393,-.0112233155750573,.0341689181363746,.053722166191242,stata_areg_centered_student_vce_unadjusted,83,757999
1520,All,high_inst_m1,.00759874108349126,-.0309829610941054,.0180419970262614,.275960443322002,stata_areg_centered_student_vce_unadjusted,383,757999
1521,All,high_inst_m1,-.0077274278643282,-.0463091300419249,.026413861735822,.0651100592070061,stata_areg_centered_student_vce_unadjusted,134,757999
1522,All,high_inst_m1,.0593444552703019,.0207627530927052,.0482885555071076,.216744261313045,stata_areg_centered_student_vce_unadjusted,42,757999
1525,All,high_inst_m1,.00792635828216163,-.0306553438954351,.0130455908477762,.177583366673161,stata_areg_centered_student_vce_unadjusted,706,757999
1542,All,high_inst_m1,.0351743914186841,-.00340731075891255,.047719506799114,.150567863030557,stata_areg_centered_student_vce_unadjusted,50,757999
1549,All,high_inst_m1,.0125847931209226,-.0259969090566741,.0334609486438048,.186702013810557,stata_areg_centered_student_vce_unadjusted,102,757999
1579,All,high_inst_m1,-.0406665979834905,-.0792483001610872,.0326606473124681,.147942586043153,stata_areg_centered_student_vce_unadjusted,116,757999
1580,All,high_inst_m1,-.0946935713936272,-.133275273571224,.291261783512037,.,stata_areg_centered_student_vce_unadjusted,1,757999
1581,All,high_inst_m1,-.0158046333531913,-.0543863355307879,.03189280987522,.304858108827456,stata_areg_centered_student_vce_unadjusted,333,757999
1582,All,high_inst_m1,.0405677608453266,.0019860586677299,.0347059724222523,.242405358130769,stata_areg_centered_student_vce_unadjusted,170,757999
1584,All,high_inst_m1,.0217251326132569,-.0168565695643398,.0875457471612243,.051712275353565,stata_areg_centered_student_vce_unadjusted,11,757999
1585,All,high_inst_m1,-.0376835093956117,-.0762652115732084,.0261020524114111,.138406246257615,stata_areg_centered_student_vce_unadjusted,250,757999
1586,All,high_inst_m1,-.00685430960348215,-.0454360117810788,.0242732702776215,.266739972850765,stata_areg_centered_student_vce_unadjusted,251,757999
1587,All,high_inst_m1,-.0059130791292406,-.0444947813068373,.0251230905976989,.199373002637861,stata_areg_centered_student_vce_unadjusted,219,757999
1588,All,high_inst_m1,-.00805270219508716,-.0466344043726838,.0377463481927177,.218212071833535,stata_areg_centered_student_vce_unadjusted,126,757999
1590,All,high_inst_m1,.171666206594063,.133084504416467,.0140020880625248,.413542717932204,stata_areg_centered_student_vce_unadjusted,804,757999
1594,All,high_inst_m1,-.0165679801563321,-.0551496823339288,.0340363400553439,.131026980678459,stata_areg_centered_student_vce_unadjusted,131,757999
1597,All,high_inst_m1,-.0394917001863026,-.0780734023638992,.145126116156345,.0876235407898268,stata_areg_centered_student_vce_unadjusted,4,757999
1604,All,high_inst_m1,-.0462838900887493,-.084865592266346,.028883807649998,.22807773088524,stata_areg_centered_student_vce_unadjusted,270,757999
1607,All,high_inst_m1,-.0344430872559588,-.0730247894335554,.0386937266187033,.174749092957154,stata_areg_centered_student_vce_unadjusted,98,757999
1610,All,high_inst_m1,.000149409266265626,-.0384322929113311,.0289683014261547,.169818933544371,stata_areg_centered_student_vce_unadjusted,147,757999
1619,All,high_inst_m1,.0126764347885292,-.0259052673890675,.0395272341418699,.0638749627590248,stata_areg_centered_student_vce_unadjusted,90,757999
1629,All,high_inst_m1,.0483621005778325,.00978039840023585,.0479791260795578,.350405331895583,stata_areg_centered_student_vce_unadjusted,58,757999
1631,All,high_inst_m1,.266659426053983,.228077723876386,.0282048120841834,.493266857812536,stata_areg_centered_student_vce_unadjusted,319,757999
1632,All,high_inst_m1,-.0330566155294583,-.0716383177070549,.0373299076855395,.197586919407872,stata_areg_centered_student_vce_unadjusted,148,757999
1634,All,high_inst_m1,.0210306775523331,-.0175510246252636,.0309701327257507,.405140480352127,stata_areg_centered_student_vce_unadjusted,245,757999
1635,All,high_inst_m1,-.0220582935737399,-.0606399957513366,.0364390497762244,.234103177956736,stata_areg_centered_student_vce_unadjusted,115,757999
1638,All,high_inst_m1,-.0271755641303028,-.0657572663078994,.0637938348985623,.333989036523846,stata_areg_centered_student_vce_unadjusted,75,757999
1641,All,high_inst_m1,.0375264463004696,-.00105525587712708,.0491562952141158,.38823442056946,stata_areg_centered_student_vce_unadjusted,102,757999
1653,All,high_inst_m1,.0257532252885737,-.012828476889023,.0342662779697472,.258474118448819,stata_areg_centered_student_vce_unadjusted,133,757999
1657,All,high_inst_m1,-.0419323307418119,-.0805140329194086,.0432564483110447,.31399070426155,stata_areg_centered_student_vce_unadjusted,110,757999
1663,All,high_inst_m1,-.0145833561412454,-.0531650583188421,.0158051342210086,.159074993043946,stata_areg_centered_student_vce_unadjusted,405,757999
1664,All,high_inst_m1,.0624955783189641,.0239138761413674,.0210492416286025,.265994019755594,stata_areg_centered_student_vce_unadjusted,234,757999
1666,All,high_inst_m1,.00589591242930608,-.0326857897482906,.0592728431648293,.0578585807997618,stata_areg_centered_student_vce_unadjusted,24,757999
1672,All,high_inst_m1,.0223974766155962,-.0161842255620005,.0245262788210464,.209418022233769,stata_areg_centered_student_vce_unadjusted,160,757999
1674,All,high_inst_m1,.0553166214501585,.0167349192725618,.0216785349950602,.253790592204072,stata_areg_centered_student_vce_unadjusted,195,757999
1675,All,high_inst_m1,-.000199837696062869,-.0387815398736596,.0237695231214051,.150306079112657,stata_areg_centered_student_vce_unadjusted,170,757999
1676,All,high_inst_m1,-.0187713119507425,-.0573530141283392,.0145922426926157,.189642987579981,stata_areg_centered_student_vce_unadjusted,505,757999
1681,All,high_inst_m1,.0041991464021847,-.034382555775412,.0261960459818258,.189632308051115,stata_areg_centered_student_vce_unadjusted,144,757999
1685,All,high_inst_m1,-.00139631315482173,-.0399780153324184,.0432445039788256,.0632847708703936,stata_areg_centered_student_vce_unadjusted,68,757999
1689,All,high_inst_m1,.0778501575473478,.0392684553697511,.289124421619273,.,stata_areg_centered_student_vce_unadjusted,1,757999
1707,All,high_inst_m1,.0100808177332288,-.0285008844443679,.288253895362897,.,stata_areg_centered_student_vce_unadjusted,1,757999
1710,All,high_inst_m1,.0208148920661607,-.017766810111436,.0549599728449714,.0640295021331849,stata_areg_centered_student_vce_unadjusted,28,757999
1734,All,high_inst_m1,-.00826798792382006,-.0468496901014167,.0282705609783978,.359965023694255,stata_areg_centered_student_vce_unadjusted,276,757999
1735,All,high_inst_m1,-.0944974678583293,-.133079170035926,.0290399633179142,.276590731779318,stata_areg_centered_student_vce_unadjusted,463,757999
1738,All,high_inst_m1,-.0155454935163541,-.0541271956939507,.0266313876602194,.293893876489201,stata_areg_centered_student_vce_unadjusted,280,757999
1739,All,high_inst_m1,-.013839189623971,-.0524208918015677,.0151449482229861,.10674278541485,stata_areg_centered_student_vce_unadjusted,434,757999
1741,All,high_inst_m1,-.0370952384509806,-.0756769406285773,.0347241217382395,.213855508702365,stata_areg_centered_student_vce_unadjusted,131,757999
1742,All,high_inst_m1,-.0275396351888653,-.066121337366462,.0369823946429062,.232613016662211,stata_areg_centered_student_vce_unadjusted,103,757999
1743,All,high_inst_m1,-.0355524124286451,-.0741341146062418,.0336119862825602,.247412325820257,stata_areg_centered_student_vce_unadjusted,177,757999
1747,All,high_inst_m1,.00527474713074199,-.0333069550468547,.0156778061988362,.324759361520327,stata_areg_centered_student_vce_unadjusted,402,757999
1749,All,high_inst_m1,.00921443999286811,-.0293672621847286,.023097448869913,.27283421199633,stata_areg_centered_student_vce_unadjusted,241,757999
1750,All,high_inst_m1,-.030829939036089,-.0694116412136857,.0387935486747557,.286593156914478,stata_areg_centered_student_vce_unadjusted,154,757999
1755,All,high_inst_m1,-.0122050705848011,-.0507867727623977,.0221462067142423,.235815762978673,stata_areg_centered_student_vce_unadjusted,336,757999
1756,All,high_inst_m1,-.0309699216930277,-.0695516238706244,.0274613455673859,.154866444192584,stata_areg_centered_student_vce_unadjusted,234,757999
1757,All,high_inst_m1,-.0128140161816276,-.0513957183592243,.0156556247255517,.336876068377941,stata_areg_centered_student_vce_unadjusted,732,757999
1761,All,high_inst_m1,.00972384062030574,-.0288578615572909,.0410931152148676,.214301295545597,stata_areg_centered_student_vce_unadjusted,115,757999
1769,All,high_inst_m1,-.0465449784710621,-.0851266806486588,.0391387375274158,.278689187557867,stata_areg_centered_student_vce_unadjusted,113,757999
1774,All,high_inst_m1,.0953760044191134,.0567943022415167,.0301187612389591,.438111316670059,stata_areg_centered_student_vce_unadjusted,221,757999
1775,All,high_inst_m1,.0186880962938743,-.0198936058837224,.0472009238950187,.414586811054323,stata_areg_centered_student_vce_unadjusted,61,757999
1776,All,high_inst_m1,.14351647157948,.104934769401883,.0485717508958336,.479214360211401,stata_areg_centered_student_vce_unadjusted,79,757999
1777,All,high_inst_m1,.125393128447024,.0868114262694271,.0281426631747367,.459792647219927,stata_areg_centered_student_vce_unadjusted,238,757999
1780,All,high_inst_m1,.0502673285164411,.0116856263388445,.040054213533086,.374538048150502,stata_areg_centered_student_vce_unadjusted,84,757999
1781,All,high_inst_m1,.312374363937601,.273792661760004,.0579831190665641,.496735253729522,stata_areg_centered_student_vce_unadjusted,170,757999
1783,All,high_inst_m1,.367978732628453,.329397030450856,.04269111560281,.494850491368266,stata_areg_centered_student_vce_unadjusted,222,757999
1787,All,high_inst_m1,-.0354929267091807,-.0740746288867774,.0673509917645136,.388036211628943,stata_areg_centered_student_vce_unadjusted,58,757999
1788,All,high_inst_m1,.359212454147355,.320630751969758,.049168458346147,.476649686835922,stata_areg_centered_student_vce_unadjusted,214,757999
1789,All,high_inst_m1,.0156782174436449,-.0229034847339517,.0500820712723176,.347579467883134,stata_areg_centered_student_vce_unadjusted,47,757999
1791,All,high_inst_m1,.141267933471332,.102686231293735,.042202710879605,.466076575952395,stata_areg_centered_student_vce_unadjusted,185,757999
1792,All,high_inst_m1,.0654657143245708,.0268840121469742,.032219650937867,.385429333825576,stata_areg_centered_student_vce_unadjusted,151,757999
1795,All,high_inst_m1,-.065863816256321,-.104445518433918,.0367288005312607,.274939677152846,stata_areg_centered_student_vce_unadjusted,210,757999
1796,All,high_inst_m1,.127076890068105,.0884951878905079,.036448364271977,.422300025509095,stata_areg_centered_student_vce_unadjusted,121,757999
1801,All,high_inst_m1,.0549880682912781,.0164063661136814,.0315643198857887,.378343738990808,stata_areg_centered_student_vce_unadjusted,210,757999
1839,All,high_inst_m1,.270253951887039,.231672249709442,.050565097539307,.494880447306054,stata_areg_centered_student_vce_unadjusted,324,757999
1844,All,high_inst_m1,.0447432800117665,.00616157783416986,.0486248771602141,.424455551790772,stata_areg_centered_student_vce_unadjusted,52,757999
1851,All,high_inst_m1,.0593634232636615,.0207817210860648,.023683539025143,.309707980974744,stata_areg_centered_student_vce_unadjusted,243,757999
1855,All,high_inst_m1,-.00927057505345186,-.0478522772310485,.288813679621781,.,stata_areg_centered_student_vce_unadjusted,1,757999
1858,All,high_inst_m1,.0518012433068185,.0132195411292218,.0222914810717033,.33406274878808,stata_areg_centered_student_vce_unadjusted,443,757999
1859,All,high_inst_m1,.0452843787086966,.00670267653109993,.0401033806307074,.291289066397606,stata_areg_centered_student_vce_unadjusted,134,757999
1860,All,high_inst_m1,.00694633314874641,-.0316353690288503,.0251381002921823,.202135602667435,stata_areg_centered_student_vce_unadjusted,227,757999
1863,All,high_inst_m1,-.0568619309854112,-.0954436331630079,.0285190324035785,.184082229119984,stata_areg_centered_student_vce_unadjusted,222,757999
1864,All,high_inst_m1,.159899781179759,.121318079002163,.0228035318058752,.384294844191485,stata_areg_centered_student_vce_unadjusted,293,757999
1875,All,high_inst_m1,.0205197872072866,-.01806191497031,.166636808406054,.0911947393329345,stata_areg_centered_student_vce_unadjusted,3,757999
1880,All,high_inst_m1,.0889115938949065,.0503298917173098,.0207709870412873,.308679885804905,stata_areg_centered_student_vce_unadjusted,222,757999
1881,All,high_inst_m1,-.0510084173469417,-.0895901195245384,.0350495569143897,.156941363375471,stata_areg_centered_student_vce_unadjusted,95,757999
1882,All,high_inst_m1,-.0403462994555752,-.0789280016331718,.0181755526073114,.178611193585218,stata_areg_centered_student_vce_unadjusted,294,757999
1884,All,high_inst_m1,-.00792267656816606,-.0465043787457627,.0178662740715701,.185196556772753,stata_areg_centered_student_vce_unadjusted,308,757999
1886,All,high_inst_m1,.00942827725221719,-.0291534249253795,.0412898088401389,.188745367362621,stata_areg_centered_student_vce_unadjusted,72,757999
1887,All,high_inst_m1,-.00829966369677009,-.0468813658743668,.031749730804402,.232581422352471,stata_areg_centered_student_vce_unadjusted,134,757999
1889,All,high_inst_m1,.0372917967171775,-.00128990546041922,.0438277061867711,.201239873439277,stata_areg_centered_student_vce_unadjusted,55,757999
1891,All,high_inst_m1,.0725886976980425,.0340069955204459,.0631599656978532,.243387355541145,stata_areg_centered_student_vce_unadjusted,33,757999
1894,All,high_inst_m1,.00546881169375011,-.0331128904838466,.0347975007571262,.0690413330726252,stata_areg_centered_student_vce_unadjusted,74,757999
1895,All,high_inst_m1,.132946100752237,.0943643985746402,.0293736055086346,.338334170889272,stata_areg_centered_student_vce_unadjusted,121,757999
1908,All,high_inst_m1,.00641115654797081,-.0321705456296259,.0431384848978384,.260248630570673,stata_areg_centered_student_vce_unadjusted,57,757999
1909,All,high_inst_m1,.00788217512771794,-.0306995270498787,.0194599082995351,.317455708646955,stata_areg_centered_student_vce_unadjusted,412,757999
1911,All,high_inst_m1,.0101508088281093,-.0284308933494874,.0317141230537903,.314458759355198,stata_areg_centered_student_vce_unadjusted,124,757999
1918,All,high_inst_m1,.00829676870833561,-.0302849334692611,.024637726098559,.278981773632156,stata_areg_centered_student_vce_unadjusted,216,757999
1919,All,high_inst_m1,.042120013464517,.00353831128692033,.0398770769363278,.372693195249717,stata_areg_centered_student_vce_unadjusted,160,757999
1923,All,high_inst_m1,-.0214838410226185,-.0600655432002151,.0228177874736282,.260050169510199,stata_areg_centered_student_vce_unadjusted,236,757999
1934,All,high_inst_m1,-.0425002334270414,-.0810819356046381,.0187221110747508,.275023265559928,stata_areg_centered_student_vce_unadjusted,446,757999
1937,All,high_inst_m1,-.0269612035143121,-.0655429056919088,.0410712555089136,.396100410423854,stata_areg_centered_student_vce_unadjusted,92,757999
1941,All,high_inst_m1,.0225285329621823,-.0160531692154144,.0264499347534624,.301313845984255,stata_areg_centered_student_vce_unadjusted,209,757999
1958,All,high_inst_m1,.0107607389860432,-.0278209631915535,.0235774972148127,.148263131557824,stata_areg_centered_student_vce_unadjusted,172,757999
1959,All,high_inst_m1,-.00309899860278871,-.0416807007803854,.036669359180522,.206175649415446,stata_areg_centered_student_vce_unadjusted,114,757999
1967,All,high_inst_m1,-.00434981651107878,-.0429315186886755,.0212621184746021,.277423306449052,stata_areg_centered_student_vce_unadjusted,318,757999
1969,All,high_inst_m1,-.011688409869246,-.0502701120468427,.0307803733689586,.195084042464868,stata_areg_centered_student_vce_unadjusted,117,757999
1971,All,high_inst_m1,.015072798438868,-.0235089037387287,.0339667704182826,.207706783158494,stata_areg_centered_student_vce_unadjusted,112,757999
1977,All,high_inst_m1,.00177149253401697,-.0368102096435797,.0184135410974482,.312843038948608,stata_areg_centered_student_vce_unadjusted,522,757999
1980,All,high_inst_m1,-.0236783992876493,-.062260101465246,.0380693062736157,.163295806199272,stata_areg_centered_student_vce_unadjusted,123,757999
1987,All,high_inst_m1,.0266606541208553,-.0119210480567414,.0379454992208453,.250289163936491,stata_areg_centered_student_vce_unadjusted,73,757999
1989,All,high_inst_m1,.047393972640139,.00881227046254227,.0440307756677495,.357903116388242,stata_areg_centered_student_vce_unadjusted,91,757999
1996,All,high_inst_m1,.0503280028000488,.0117463006224521,.0203712744057241,.196661921734535,stata_areg_centered_student_vce_unadjusted,446,757999
1997,All,high_inst_m1,.0628237717969094,.0242420696193127,.0423379047545256,.230413573004412,stata_areg_centered_student_vce_unadjusted,125,757999
2007,All,high_inst_m1,.0170689618759962,-.0215127403016005,.0377792386962772,.157577072603535,stata_areg_centered_student_vce_unadjusted,103,757999
2009,All,high_inst_m1,.0403237238717989,.00174202169420225,.0925922984952606,.203035251940576,stata_areg_centered_student_vce_unadjusted,25,757999
2012,All,high_inst_m1,.0181432022626702,-.0204384999149265,.0212592682229989,.123579527343553,stata_areg_centered_student_vce_unadjusted,239,757999
2013,All,high_inst_m1,-.00878213411889872,-.0473638362964954,.0157239366069069,.152753147402469,stata_areg_centered_student_vce_unadjusted,539,757999
2018,All,high_inst_m1,-.0104559376395715,-.0490376398171682,.0266239642086068,.111222108388659,stata_areg_centered_student_vce_unadjusted,178,757999
2019,All,high_inst_m1,.0140178785299651,-.0245638236476316,.0369800398390432,.209483700024548,stata_areg_centered_student_vce_unadjusted,84,757999
2021,All,high_inst_m1,.0465571508929863,.0079754487153896,.109351328415681,.0453272953421939,stata_areg_centered_student_vce_unadjusted,7,757999
2035,All,high_inst_m1,-.0129197519487705,-.0515014541263672,.0566066803197836,.0648411406990484,stata_areg_centered_student_vce_unadjusted,31,757999
2040,All,high_inst_m1,.042689109746008,.00410740756841137,.029603821137893,.319222356391127,stata_areg_centered_student_vce_unadjusted,231,757999
2041,All,high_inst_m1,.0614138453167206,.0228321431391239,.0309273395404281,.27847184761413,stata_areg_centered_student_vce_unadjusted,155,757999
2042,All,high_inst_m1,.0842392016004047,.045657499422808,.0357776372986043,.414908044802815,stata_areg_centered_student_vce_unadjusted,344,757999
2043,All,high_inst_m1,-.00709635088114323,-.0456780530587399,.0356171451173272,.213246570605527,stata_areg_centered_student_vce_unadjusted,106,757999
2044,All,high_inst_m1,.013197997609257,-.0253837045683397,.014840908553324,.200438251109523,stata_areg_centered_student_vce_unadjusted,611,757999
2045,All,high_inst_m1,-.0367032358123033,-.0752849379898999,.0460704747321211,.407428033951058,stata_areg_centered_student_vce_unadjusted,147,757999
2047,All,high_inst_m1,.011454936835649,-.0271267653419476,.035702692422056,.238600779204806,stata_areg_centered_student_vce_unadjusted,93,757999
2049,All,high_inst_m1,.074110843706488,.0355291415288913,.0614785462255296,.384473353491434,stata_areg_centered_student_vce_unadjusted,167,757999
2050,All,high_inst_m1,-.0100798754987484,-.0486615776763451,.0343990816429371,.108543766275306,stata_areg_centered_student_vce_unadjusted,100,757999
2052,All,high_inst_m1,.00157334239431092,-.0370083597832858,.0360694667985835,.196285159988676,stata_areg_centered_student_vce_unadjusted,95,757999
2055,All,high_inst_m1,-.0157896890000497,-.0543713911776464,.0375904297727939,.237013021942692,stata_areg_centered_student_vce_unadjusted,114,757999
2057,All,high_inst_m1,-.0000961495974841115,-.0386778517750808,.0725010145740474,.0630262748942873,stata_areg_centered_student_vce_unadjusted,18,757999
2064,All,high_inst_m1,.00422823798091968,-.034353464196677,.0178371232025826,.212669556841661,stata_areg_centered_student_vce_unadjusted,372,757999
2066,All,high_inst_m1,-.0220094387374966,-.0605911409150933,.0427524442448938,.187180104544003,stata_areg_centered_student_vce_unadjusted,53,757999
2075,All,high_inst_m1,.0134667323061091,-.0251149698714876,.0239840919453841,.245592214242378,stata_areg_centered_student_vce_unadjusted,221,757999
2078,All,high_inst_m1,.0362898947909685,-.00229180738662818,.0234227560743079,.262388062232741,stata_areg_centered_student_vce_unadjusted,243,757999
2084,All,high_inst_m1,.0310341123821899,-.00754758979540682,.0200048567855012,.208415881025249,stata_areg_centered_student_vce_unadjusted,312,757999
2090,All,high_inst_m1,-.00209322941586994,-.0406749315934666,.0468626064719811,.256012326461109,stata_areg_centered_student_vce_unadjusted,144,757999
2091,All,high_inst_m1,-.00486807847563389,-.0434497806532306,.0262789891481197,.273933451169271,stata_areg_centered_student_vce_unadjusted,261,757999
2099,All,high_inst_m1,.0108072530213846,-.027774449156212,.0387206665550615,.243761841599167,stata_areg_centered_student_vce_unadjusted,123,757999
2101,All,high_inst_m1,.10090037584028,.0623186736626836,.0784577425344028,.0837312064411636,stata_areg_centered_student_vce_unadjusted,16,757999
2102,All,high_inst_m1,-.0314867591783705,-.0700684613559672,.0138058161809202,.10339823952883,stata_areg_centered_student_vce_unadjusted,578,757999
2103,All,high_inst_m1,-.0125251198073625,-.0511068219849591,.0117321307068356,.203654534749708,stata_areg_centered_student_vce_unadjusted,976,757999
2104,All,high_inst_m1,-.0531082016972277,-.0916899038748244,.0102874633234997,.205699507105062,stata_areg_centered_student_vce_unadjusted,1517,757999
2105,All,high_inst_m1,-.0344609330965356,-.0730426352741323,.0115442106447962,.144093957595524,stata_areg_centered_student_vce_unadjusted,1049,757999
2109,All,high_inst_m1,-.00627101464102275,-.0448527168186194,.0168732546030576,.264825763273112,stata_areg_centered_student_vce_unadjusted,421,757999
2110,All,high_inst_m1,.0425281194886874,.00394641731109073,.0163880052433846,.384708820677454,stata_areg_centered_student_vce_unadjusted,1456,757999
2111,All,high_inst_m1,-.0168421639071033,-.0554238660847,.0152175733014362,.141591906092225,stata_areg_centered_student_vce_unadjusted,463,757999
2123,All,high_inst_m1,-.00679908213659732,-.045380784314194,.0157746069545137,.16536348137199,stata_areg_centered_student_vce_unadjusted,473,757999
2124,All,high_inst_m1,-.0139542456915259,-.0525359478691226,.0262097658928193,.0577511064848181,stata_areg_centered_student_vce_unadjusted,167,757999
2134,All,high_inst_m1,-.027984824711077,-.0665665268886737,.017444549376939,.125308167653511,stata_areg_centered_student_vce_unadjusted,330,757999
2138,All,high_inst_m1,.0468788668918087,.00829716471421205,.290856633147048,.,stata_areg_centered_student_vce_unadjusted,1,757999
2150,All,high_inst_m1,.0961505843135658,.0575688821359691,.0437396672114103,.373608959854128,stata_areg_centered_student_vce_unadjusted,149,757999
2153,All,high_inst_m1,.0189543589745429,-.0196273432030538,.0671413831824517,.315208704324067,stata_areg_centered_student_vce_unadjusted,19,757999
2163,All,high_inst_m1,-.0295096022727635,-.0680913044503602,.0240442733527317,.162916544669472,stata_areg_centered_student_vce_unadjusted,159,757999
2164,All,high_inst_m1,-.0443578223949707,-.0829395245725674,.0228444003262866,.185767104431131,stata_areg_centered_student_vce_unadjusted,242,757999
2165,All,high_inst_m1,-.0414709377270312,-.0800526399046279,.0260759836181308,.196639127512415,stata_areg_centered_student_vce_unadjusted,196,757999
2166,All,high_inst_m1,-.00946724994980998,-.0480489521274067,.0185463532467696,.299502969098421,stata_areg_centered_student_vce_unadjusted,409,757999
2167,All,high_inst_m1,-.0419080801388379,-.0804897823164346,.0354408386506717,.134187078068471,stata_areg_centered_student_vce_unadjusted,71,757999
2170,All,high_inst_m1,-.0556625411842497,-.0942442433618464,.0325861787364529,.301396313339559,stata_areg_centered_student_vce_unadjusted,161,757999
2171,All,high_inst_m1,-.0232692940317826,-.0618509962093793,.032582023534268,.313868780998005,stata_areg_centered_student_vce_unadjusted,110,757999
2183,All,high_inst_m1,-.0768837008844536,-.11546540306205,.0367917527227894,.227172026122887,stata_areg_centered_student_vce_unadjusted,140,757999
2185,All,high_inst_m1,-.0552140015542138,-.0937957037318105,.0411590627652282,.153022427086213,stata_areg_centered_student_vce_unadjusted,53,757999
2194,All,high_inst_m1,.363521069283304,.324939367105708,.047418169305549,.430714693699437,stata_areg_centered_student_vce_unadjusted,290,757999
2198,All,high_inst_m1,-.169854076621442,-.208435778799038,.0974577560386605,.0866704746242491,stata_areg_centered_student_vce_unadjusted,9,757999
2200,All,high_inst_m1,.238432955252726,.199851253075129,.0276051493562707,.474982525309186,stata_areg_centered_student_vce_unadjusted,584,757999
2205,All,high_inst_m1,-.00889795948087557,-.0474796616584723,.0223456978077201,.141383998187964,stata_areg_centered_student_vce_unadjusted,230,757999
2206,All,high_inst_m1,-.0105899389862061,-.0491716411638028,.0309026372953882,.146807681474863,stata_areg_centered_student_vce_unadjusted,107,757999
2217,All,high_inst_m1,-.0478601029978403,-.086441805175437,.0423499044679648,.325283892112611,stata_areg_centered_student_vce_unadjusted,159,757999
2218,All,high_inst_m1,-.0313243093967598,-.0699060115743565,.0321312692134027,.220400885622444,stata_areg_centered_student_vce_unadjusted,168,757999
2219,All,high_inst_m1,-.00725714424191442,-.0458388464195111,.0205974201394735,.144548785518457,stata_areg_centered_student_vce_unadjusted,252,757999
2222,All,high_inst_m1,-.00993944011530699,-.0485211422929037,.0188912751992985,.169141818004998,stata_areg_centered_student_vce_unadjusted,403,757999
2224,All,high_inst_m1,-.0000814632388539351,-.0386631654164506,.0319590670829331,.231777620923976,stata_areg_centered_student_vce_unadjusted,123,757999
2233,All,high_inst_m1,-.0229689448907336,-.0615506470683303,.0346477685139802,.119824969159733,stata_areg_centered_student_vce_unadjusted,82,757999
2244,All,high_inst_m1,.0251546340539164,-.0134270681236803,.0616628616353027,.220408492637651,stata_areg_centered_student_vce_unadjusted,37,757999
2250,All,high_inst_m1,-.0324814910708653,-.071063193248462,.0697328011985783,.250207855176736,stata_areg_centered_student_vce_unadjusted,19,757999
2259,All,high_inst_m1,-.0639198950314846,-.102501597209081,.0283253172209441,.179232490828351,stata_areg_centered_student_vce_unadjusted,234,757999
2260,All,high_inst_m1,.188129858163382,.149548155985785,.040783062636449,.487532927143477,stata_areg_centered_student_vce_unadjusted,196,757999
2263,All,high_inst_m1,-.0101903603152533,-.04877206249285,.0431040668344684,.0582168283499675,stata_areg_centered_student_vce_unadjusted,60,757999
2278,All,high_inst_m1,-.0305895866486396,-.0691712888262363,.0222253708434113,.230522163962736,stata_areg_centered_student_vce_unadjusted,590,757999
2280,All,high_inst_m1,-.038354804814533,-.0769365069921297,.017348947093689,.132092443228727,stata_areg_centered_student_vce_unadjusted,480,757999
2283,All,high_inst_m1,-.0202522502324756,-.0588339524100723,.0179680235286815,.15307791165969,stata_areg_centered_student_vce_unadjusted,413,757999
2285,All,high_inst_m1,-.0127950817707844,-.051376783948381,.0401124283379043,.0602117023073814,stata_areg_centered_student_vce_unadjusted,63,757999
2297,All,high_inst_m1,-.0305689296049279,-.0691506317825246,.290164255550651,.,stata_areg_centered_student_vce_unadjusted,1,757999
2308,All,high_inst_m1,.0911901109156496,.0526084087380529,.0304895268954737,.422477652390161,stata_areg_centered_student_vce_unadjusted,267,757999
2309,All,high_inst_m1,-.00303353007415452,-.0416152322517512,.0324136934228407,.275747609719037,stata_areg_centered_student_vce_unadjusted,185,757999
2319,All,high_inst_m1,-.00214246957525131,-.040724171752848,.0252897481428654,.129775638036523,stata_areg_centered_student_vce_unadjusted,240,757999
2326,All,high_inst_m1,-.0379463733283496,-.0765280755059463,.0385458635503966,.261285568883005,stata_areg_centered_student_vce_unadjusted,289,757999
2329,All,high_inst_m1,-.00851594956052519,-.0470976517381219,.0146208461556055,.250867899469503,stata_areg_centered_student_vce_unadjusted,1019,757999
2330,All,high_inst_m1,.0706403444872119,.0320586423096152,.287792882262243,.,stata_areg_centered_student_vce_unadjusted,1,757999
2334,All,high_inst_m1,.0402358361452879,.00165413396769121,.20609340717242,.00711888307570991,stata_areg_centered_student_vce_unadjusted,2,757999
2339,All,high_inst_m1,-.030728605751909,-.0693103079295057,.036608617482333,.138806405949404,stata_areg_centered_student_vce_unadjusted,108,757999
2355,All,high_inst_m1,.024358625015179,-.0142230771624177,.0321455594899858,.416938154348419,stata_areg_centered_student_vce_unadjusted,302,757999
2356,All,high_inst_m1,.0225363534282905,-.0160453487493062,.0356780364796044,.410929107548406,stata_areg_centered_student_vce_unadjusted,255,757999
2375,All,high_inst_m1,-.00837282527988438,-.0469545274574811,.0234154537524779,.134896856614661,stata_areg_centered_student_vce_unadjusted,349,757999
2378,All,high_inst_m1,-.031587836759829,-.0701695389374257,.0236940124223771,.0666839234131974,stata_areg_centered_student_vce_unadjusted,254,757999
2400,All,high_inst_m1,-.0451149263428375,-.0836966285204342,.0405862977295335,.226879253286942,stata_areg_centered_student_vce_unadjusted,77,757999
2401,All,high_inst_m1,-.0285128461865568,-.0670945483641535,.0225963902620837,.121143162034157,stata_areg_centered_student_vce_unadjusted,218,757999
2406,All,high_inst_m1,-.0303773397966431,-.0689590419742398,.0339672903252687,.0987208286378795,stata_areg_centered_student_vce_unadjusted,110,757999
2411,All,high_inst_m1,-.0254224632084146,-.0640041653860113,.0200698571830593,.158274887924725,stata_areg_centered_student_vce_unadjusted,406,757999
2422,All,high_inst_m1,-.0155719451818245,-.0541536473594212,.0186996851234937,.204601069952206,stata_areg_centered_student_vce_unadjusted,580,757999
2442,All,high_inst_m1,-.0424257091633625,-.0810074113409592,.0153678385205201,.0954618008578047,stata_areg_centered_student_vce_unadjusted,506,757999
2443,All,high_inst_m1,-.0314579113594498,-.0700396135370465,.0141176091556731,.146583446746105,stata_areg_centered_student_vce_unadjusted,682,757999
2444,All,high_inst_m1,-.0428189820079768,-.0814006841855735,.016748767816374,.135773462458286,stata_areg_centered_student_vce_unadjusted,419,757999
2447,All,high_inst_m1,-.016707369859199,-.0552890720367957,.021104939110994,.203327875164863,stata_areg_centered_student_vce_unadjusted,245,757999
2448,All,high_inst_m1,-.0299680860796987,-.0685497882572954,.0191548199222533,.100938138376185,stata_areg_centered_student_vce_unadjusted,285,757999
2453,All,high_inst_m1,-.0650392965409334,-.10362099871853,.0276358424046056,.206382604438628,stata_areg_centered_student_vce_unadjusted,194,757999
2454,All,high_inst_m1,.00249625427545899,-.0360854479021377,.0171930499068789,.332264173986294,stata_areg_centered_student_vce_unadjusted,732,757999
2455,All,high_inst_m1,-.048467916326344,-.0870496185039407,.0291914488806705,.290178514609591,stata_areg_centered_student_vce_unadjusted,312,757999
2476,All,high_inst_m1,.0294670706256537,-.009114631551943,.173274119647985,.096986802461931,stata_areg_centered_student_vce_unadjusted,3,757999
2482,All,high_inst_m1,.185899549395309,.147317847217713,.0270313012032524,.485898357346074,stata_areg_centered_student_vce_unadjusted,373,757999
2485,All,high_inst_m1,-.0286252677425615,-.0672069699201581,.0165317556226661,.107101302087126,stata_areg_centered_student_vce_unadjusted,393,757999
2486,All,high_inst_m1,-.0137702957331328,-.0523519979107295,.0184438579623112,.223237048461948,stata_areg_centered_student_vce_unadjusted,645,757999
2488,All,high_inst_m1,-.0253449052500256,-.0639266074276223,.118459960599198,.0604866490939083,stata_areg_centered_student_vce_unadjusted,6,757999
2492,All,high_inst_m1,.0698151917227873,.0312334895451906,.145858955496069,.0440383194958982,stata_areg_centered_student_vce_unadjusted,4,757999
2507,All,high_inst_m1,-.0073051040056126,-.0458868061832093,.111281165350382,.0559915086598195,stata_areg_centered_student_vce_unadjusted,7,757999
2514,All,high_inst_m1,.00467321768662511,-.0339084844909716,.0266431534818224,.213590674358713,stata_areg_centered_student_vce_unadjusted,192,757999
2518,All,high_inst_m1,-.0402896242209312,-.0788713263985278,.0461927172395748,.067205512577483,stata_areg_centered_student_vce_unadjusted,49,757999
2523,All,high_inst_m1,.0524472327506244,.0138655305730277,.291184881836788,.,stata_areg_centered_student_vce_unadjusted,1,757999
2530,All,high_inst_m1,-.00857040957908022,-.0471521117566769,.0215239098940901,.180242146495754,stata_areg_centered_student_vce_unadjusted,306,757999
2551,All,high_inst_m1,.0201006868881347,-.018481015289462,.0171901170286227,.262926950238078,stata_areg_centered_student_vce_unadjusted,494,757999
2552,All,high_inst_m1,-.025635759194867,-.0642174613724637,.0143437951260181,.196861014774031,stata_areg_centered_student_vce_unadjusted,950,757999
2554,All,high_inst_m1,.0669097202132557,.028328018035659,.289226814358452,.,stata_areg_centered_student_vce_unadjusted,1,757999
2579,All,high_inst_m1,-.0019703099588573,-.040552012136454,.0285710527608767,.397069183782088,stata_areg_centered_student_vce_unadjusted,448,757999
2580,All,high_inst_m1,.0467975962164602,.00821589403886356,.0337659257090466,.38228348072893,stata_areg_centered_student_vce_unadjusted,319,757999
2583,All,high_inst_m1,-.0476210135964103,-.086202715774007,.0298497174899922,.150565668280043,stata_areg_centered_student_vce_unadjusted,253,757999
2611,All,high_inst_m1,.023448655030165,-.0151330471474316,.104062012432086,.0506084446028622,stata_areg_centered_student_vce_unadjusted,8,757999
2612,All,high_inst_m1,.00951387274320979,-.0290678294343869,.0350451959403817,.175912345902472,stata_areg_centered_student_vce_unadjusted,124,757999
2625,All,high_inst_m1,-.0413479166556405,-.0799296188332372,.0238125989010344,.1944207603384,stata_areg_centered_student_vce_unadjusted,295,757999
2635,All,high_inst_m1,-.0353482849574836,-.0739299871350803,.0245929422083321,.201256335394961,stata_areg_centered_student_vce_unadjusted,473,757999
2656,All,high_inst_m1,-.0103701229038424,-.0489518250814391,.0519476519419833,.27561226177673,stata_areg_centered_student_vce_unadjusted,144,757999
2657,All,high_inst_m1,-.00218261492160768,-.0407643170992044,.0314325151196006,.274781332699394,stata_areg_centered_student_vce_unadjusted,213,757999
2660,All,high_inst_m1,.176857217868279,.138275515690682,.132330676356257,.418583165814406,stata_areg_centered_student_vce_unadjusted,5,757999
2681,All,high_inst_m1,-.0179348295577253,-.056516531735322,.0270494690437297,.244174235893108,stata_areg_centered_student_vce_unadjusted,245,757999
2694,All,high_inst_m1,-.00213916853347521,-.0407208707110719,.289435556284424,.,stata_areg_centered_student_vce_unadjusted,1,757999
2701,All,high_inst_m1,-.0551437801758096,-.0937254823534063,.0291620166867438,.174105107133275,stata_areg_centered_student_vce_unadjusted,138,757999
2732,All,high_inst_m1,-.0167084644134896,-.0552901665910863,.0319662574699236,.168506232641691,stata_areg_centered_student_vce_unadjusted,87,757999
2733,All,high_inst_m1,-.0409221579829987,-.0795038601605954,.0184491707075138,.172908189875208,stata_areg_centered_student_vce_unadjusted,305,757999
2737,All,high_inst_m1,.00900888150764904,-.0295728206699476,.0679108034516462,.0508689234295188,stata_areg_centered_student_vce_unadjusted,28,757999
2749,All,high_inst_m1,.040470166869018,.00188846469142131,.290077824662321,.,stata_areg_centered_student_vce_unadjusted,1,757999
2751,All,high_inst_m1,.0050618940613605,-.0335198081162362,.065214258441197,.0482560060004286,stata_areg_centered_student_vce_unadjusted,20,757999
2753,All,high_inst_m1,.016209903927887,-.0223717982497097,.0972282698870798,.0517124310553502,stata_areg_centered_student_vce_unadjusted,9,757999
2782,All,high_inst_m1,-.110786819513072,-.149368521690669,.0321917460529761,.286982444353991,stata_areg_centered_student_vce_unadjusted,464,757999
2785,All,high_inst_m1,.0038448041393731,-.0347368980382236,.0457405317103048,.37732928176995,stata_areg_centered_student_vce_unadjusted,123,757999
2786,All,high_inst_m1,.121434074467107,.0828523722895102,.0255874066472624,.456843935926145,stata_areg_centered_student_vce_unadjusted,379,757999
2787,All,high_inst_m1,-.066515111851968,-.105096814029565,.0337679816568341,.331283700748816,stata_areg_centered_student_vce_unadjusted,219,757999
2789,All,high_inst_m1,.331078786430655,.292497084253058,.072673221690371,.484247496058347,stata_areg_centered_student_vce_unadjusted,152,757999
2790,All,high_inst_m1,.319704131548798,.281122429371201,.0832063363228602,.463707964615544,stata_areg_centered_student_vce_unadjusted,68,757999
2793,All,high_inst_m1,-.0307017121547797,-.0692834143323764,.0130609928542385,.0755528440688477,stata_areg_centered_student_vce_unadjusted,904,757999
2794,All,high_inst_m1,-.0134248302762648,-.0520065324538615,.0219202819303139,.0926748421136067,stata_areg_centered_student_vce_unadjusted,273,757999
2817,All,high_inst_m1,-.0552224130462929,-.0938041152238896,.288635577421803,.,stata_areg_centered_student_vce_unadjusted,1,757999
2833,All,high_inst_m1,-.022789796663172,-.0613714988407687,.110729753655051,.043466159864249,stata_areg_centered_student_vce_unadjusted,7,757999
2835,All,high_inst_m1,-.0186258563885468,-.0572075585661434,.0191939934779191,.0982010411131117,stata_areg_centered_student_vce_unadjusted,372,757999
2836,All,high_inst_m1,-.0273432881236282,-.0659249903012249,.0240913211364866,.0654935887783682,stata_areg_centered_student_vce_unadjusted,201,757999
2863,All,high_inst_m1,-.047121051241008,-.0857027534186047,.0354503227997718,.126474336780106,stata_areg_centered_student_vce_unadjusted,158,757999
2865,All,high_inst_m1,-.0214466497898086,-.0600283519674053,.0199987696393523,.0816429485313885,stata_areg_centered_student_vce_unadjusted,279,757999
2882,All,high_inst_m1,-.0147947156399977,-.0533764178175944,.0302778652366054,.222206822146094,stata_areg_centered_student_vce_unadjusted,374,757999
2896,All,high_inst_m1,-.0246225635245034,-.0632042657021001,.0367076770163208,.20467546272924,stata_areg_centered_student_vce_unadjusted,202,757999
2908,All,high_inst_m1,-.000360793071160653,-.0389424952487573,.051965378239759,.059058346829675,stata_areg_centered_student_vce_unadjusted,46,757999
2909,All,high_inst_m1,-.0176697741467716,-.0562514763243683,.0658389516342541,.162850607649562,stata_areg_centered_student_vce_unadjusted,50,757999
2910,All,high_inst_m1,.0140616332911108,-.0245200688864859,.078089984334903,.197999830679972,stata_areg_centered_student_vce_unadjusted,68,757999
2930,All,high_inst_m1,-.0593794810895474,-.097961183267144,.0264023033344289,.156837497668594,stata_areg_centered_student_vce_unadjusted,157,757999
2934,All,high_inst_m1,-.0330465908863352,-.0716282930639318,.013148656689306,.0662313278991422,stata_areg_centered_student_vce_unadjusted,789,757999
2935,All,high_inst_m1,-.0761529259117474,-.114734628089344,.0118726058780135,.102673926962258,stata_areg_centered_student_vce_unadjusted,1135,757999
2937,All,high_inst_m1,-.0256150718669626,-.0641967740445593,.0155888889264519,.0930205544010238,stata_areg_centered_student_vce_unadjusted,471,757999
2938,All,high_inst_m1,-.0492194675745112,-.0878011697521078,.0121379365341173,.0750956643073855,stata_areg_centered_student_vce_unadjusted,976,757999
2939,All,high_inst_m1,-.0507669512358198,-.0893486534134165,.0230095983315997,.072435165228681,stata_areg_centered_student_vce_unadjusted,174,757999
2940,All,high_inst_m1,-.0197918864669091,-.0583735886445058,.0396733235329272,.0705352578211649,stata_areg_centered_student_vce_unadjusted,61,757999
2943,All,high_inst_m1,.00504092241328302,-.0335407797643137,.0437017034087454,.0553045427558332,stata_areg_centered_student_vce_unadjusted,47,757999
2947,All,high_inst_m1,-.00787878615621414,-.0464604883338108,.205341828221367,.0573166140378324,stata_areg_centered_student_vce_unadjusted,2,757999
2959,All,high_inst_m1,.149089912400881,.110508210223284,.288232080037558,.,stata_areg_centered_student_vce_unadjusted,1,757999
2961,All,high_inst_m1,.0219446209667861,-.0166370812108105,.118813953513057,.0339496909948657,stata_areg_centered_student_vce_unadjusted,6,757999
2973,All,high_inst_m1,-.119098579595434,-.157680281773031,.0114373411106908,.178992061329864,stata_areg_centered_student_vce_unadjusted,1622,757999
2974,All,high_inst_m1,-.0100297798369414,-.0486114820145381,.0582477123513297,.0633222850246164,stata_areg_centered_student_vce_unadjusted,25,757999
2979,All,high_inst_m1,-.0125006612582821,-.0510823634358788,.0398816070593065,.0547451305871535,stata_areg_centered_student_vce_unadjusted,69,757999
2991,All,high_inst_m1,-.104968832592861,-.143550534770458,.0348546665904777,.184006278258452,stata_areg_centered_student_vce_unadjusted,278,757999
2992,All,high_inst_m1,-.109143995300147,-.147725697477744,.0241439161161273,.172349568448138,stata_areg_centered_student_vce_unadjusted,387,757999
2995,All,high_inst_m1,-.0730676346968639,-.111649336874461,.0290868327347218,.137805908915148,stata_areg_centered_student_vce_unadjusted,457,757999
2997,All,high_inst_m1,-.0382934833048624,-.0768751854824591,.0274824292592059,.0752526018415335,stata_areg_centered_student_vce_unadjusted,127,757999
3003,All,high_inst_m1,-.00427401364702309,-.0428557158246198,.0296253107206781,.0570660614098518,stata_areg_centered_student_vce_unadjusted,111,757999
3005,All,high_inst_m1,-.0884620886072779,-.127043790784875,.0213087381902101,.114188990375302,stata_areg_centered_student_vce_unadjusted,321,757999
3006,All,high_inst_m1,-.0632080303440898,-.101789732521687,.0129661132030753,.103351502464481,stata_areg_centered_student_vce_unadjusted,1064,757999
3010,All,high_inst_m1,-.0414103716732464,-.0799920738508431,.0441429464441758,.147038104601229,stata_areg_centered_student_vce_unadjusted,55,757999
3012,All,high_inst_m1,-.0863682360928014,-.124949938270398,.0307812350803797,.397630925286825,stata_areg_centered_student_vce_unadjusted,255,757999
3013,All,high_inst_m1,-.0767250977154511,-.115306799893048,.0198259235011061,.0927648153231216,stata_areg_centered_student_vce_unadjusted,362,757999
3014,All,high_inst_m1,.312408951851973,.273827249674376,.0394523740477991,.466607485877053,stata_areg_centered_student_vce_unadjusted,316,757999
3015,All,high_inst_m1,.0731459192934861,.0345642171158894,.0352633750645029,.455563976573648,stata_areg_centered_student_vce_unadjusted,237,757999
3016,All,high_inst_m1,-.0227366772240677,-.0613183794016643,.0280440789702664,.0620989839891518,stata_areg_centered_student_vce_unadjusted,147,757999
3017,All,high_inst_m1,.080417886347024,.0418361841694273,.288108984082111,.,stata_areg_centered_student_vce_unadjusted,1,757999
3033,All,high_inst_m1,-.0203466523818288,-.0589283545594254,.0322095400180927,.130959438476061,stata_areg_centered_student_vce_unadjusted,175,757999
3055,All,high_inst_m1,-.0135401400853545,-.0521218422629511,.0179895957146785,.07920408162967,stata_areg_centered_student_vce_unadjusted,400,757999
3059,All,high_inst_m1,-.0555361686250481,-.0941178708026448,.0347036565102114,.061086857317735,stata_areg_centered_student_vce_unadjusted,82,757999
3108,All,high_inst_m1,-.11826351403416,-.156845216211757,.0415921007591216,.120053106610902,stata_areg_centered_student_vce_unadjusted,167,757999
3110,All,high_inst_m1,.000193569428883599,-.0383881327487131,.0414098276816015,.0560915183910641,stata_areg_centered_student_vce_unadjusted,61,757999
3126,All,high_inst_m1,-.0291053627313599,-.0676870649089566,.0231960910088798,.0683194936492521,stata_areg_centered_student_vce_unadjusted,182,757999
3127,All,high_inst_m1,-.0371122505750006,-.0756939527525973,.0171149317866933,.097920889870647,stata_areg_centered_student_vce_unadjusted,313,757999
3128,All,high_inst_m1,-.0343362644192788,-.0729179665968755,.0393799990205674,.136476289667577,stata_areg_centered_student_vce_unadjusted,118,757999
3138,All,high_inst_m1,-.015657674150775,-.0542393763283717,.0451086608903593,.056498470659235,stata_areg_centered_student_vce_unadjusted,51,757999
3163,All,high_inst_m1,-.0250290033875139,-.0636107055651106,.0224514034546198,.0655018103133758,stata_areg_centered_student_vce_unadjusted,529,757999
3165,All,high_inst_m1,-.0300506991890558,-.0686324013666525,.0231881100777658,.148366106954438,stata_areg_centered_student_vce_unadjusted,461,757999
3172,All,high_inst_m1,-.0198892442249882,-.0584709464025849,.0368889103260731,.101429820934589,stata_areg_centered_student_vce_unadjusted,127,757999
3173,All,high_inst_m1,-.00806835758499325,-.0466500597625899,.0353094045038931,.0611977306245288,stata_areg_centered_student_vce_unadjusted,131,757999
3202,All,high_inst_m1,-.0514698501991103,-.090051552376707,.0275485841150132,.282571438467109,stata_areg_centered_student_vce_unadjusted,381,757999
3204,All,high_inst_m1,.180959684769808,.142377982592212,.0797307272267463,.474153185939867,stata_areg_centered_student_vce_unadjusted,100,757999
3205,All,high_inst_m1,-.041965426127976,-.0805471283055727,.0408936375796064,.113595232750413,stata_areg_centered_student_vce_unadjusted,217,757999
3209,All,high_inst_m1,.243709144854775,.205127442677179,.129602933291125,.403742821498414,stata_areg_centered_student_vce_unadjusted,5,757999
3247,All,high_inst_m1,-.0533683900227792,-.0919500922003758,.0137059779477447,.216268872829525,stata_areg_centered_student_vce_unadjusted,1109,757999
3248,All,high_inst_m1,-.0364361138689175,-.0750178160465141,.0129659985962076,.104786178244695,stata_areg_centered_student_vce_unadjusted,1094,757999
3252,All,high_inst_m1,-.0186012375259157,-.0571829397035124,.0145118039419576,.0821270339901115,stata_areg_centered_student_vce_unadjusted,737,757999
3258,All,high_inst_m1,.0419382537528885,.00335655157529181,.20529009262819,.000394247946125383,stata_areg_centered_student_vce_unadjusted,2,757999
3267,All,high_inst_m1,.0143760883379655,-.0242056138396311,.20617037675695,.00611962047619294,stata_areg_centered_student_vce_unadjusted,2,757999
3268,All,high_inst_m1,.010712677383904,-.0278690247936927,.145502212571192,.038822771836514,stata_areg_centered_student_vce_unadjusted,4,757999
3269,All,high_inst_m1,.00653986142904409,-.0320418407485526,.298560869783092,.,stata_areg_centered_student_vce_unadjusted,1,757999
3290,All,high_inst_m1,-.0482487398833007,-.0868304420608974,.0165785886231657,.150166983593238,stata_areg_centered_student_vce_unadjusted,533,757999
3291,All,high_inst_m1,.0379685000077544,-.000613202169842272,.130642886708146,.0539739726305437,stata_areg_centered_student_vce_unadjusted,5,757999
3296,All,high_inst_m1,-.0404087287120272,-.0789904308896239,.0159242312550586,.128749710514768,stata_areg_centered_student_vce_unadjusted,731,757999
3298,All,high_inst_m1,-.0483518724028629,-.0869335745804596,.0387536246608127,.273997796709193,stata_areg_centered_student_vce_unadjusted,322,757999
3300,All,high_inst_m1,-.062136877235359,-.100718579412956,.0457797235098905,.342579409414363,stata_areg_centered_student_vce_unadjusted,340,757999
3302,All,high_inst_m1,-.0816909740712112,-.120272676248808,.0295320960340587,.173424412770582,stata_areg_centered_student_vce_unadjusted,200,757999
3303,All,high_inst_m1,-.0689197938384531,-.10750149601605,.0293590559582131,.128966614583652,stata_areg_centered_student_vce_unadjusted,247,757999
3304,All,high_inst_m1,-.0577635277394723,-.096345229917069,.0341623615845491,.163288649136582,stata_areg_centered_student_vce_unadjusted,200,757999
3305,All,high_inst_m1,-.0100126692876233,-.0485943714652199,.0169885217048487,.0724376753850031,stata_areg_centered_student_vce_unadjusted,412,757999
3308,All,high_inst_m1,-.0108210884960079,-.0494027906736046,.0452219019219224,.278432227237285,stata_areg_centered_student_vce_unadjusted,127,757999
3311,All,high_inst_m1,-.076944649484673,-.11552635166227,.0350199968635505,.180450746482222,stata_areg_centered_student_vce_unadjusted,160,757999
3313,All,high_inst_m1,-.00364484315440926,-.0422265453320059,.0339368002024079,.129666653095388,stata_areg_centered_student_vce_unadjusted,114,757999
3317,All,high_inst_m1,.0185662516960124,-.0200154504815843,.0490181304750085,.059890774458709,stata_areg_centered_student_vce_unadjusted,45,757999
3327,All,high_inst_m1,-.0212186435197214,-.0598003456973181,.0234586512774344,.0647381464186145,stata_areg_centered_student_vce_unadjusted,179,757999
3328,All,high_inst_m1,-.0116059531628066,-.0501876553404033,.019478236761028,.118206418059189,stata_areg_centered_student_vce_unadjusted,439,757999
3348,All,high_inst_m1,-.0164332182400754,-.0550149204176721,.0201240430855634,.064043429329863,stata_areg_centered_student_vce_unadjusted,354,757999
3359,All,high_inst_m1,-.0309717180661919,-.0695534202437885,.0563335352553463,.062046488536947,stata_areg_centered_student_vce_unadjusted,44,757999
3362,All,high_inst_m1,.0744303813061094,.0358486791285127,.130155761411283,.03831940719504,stata_areg_centered_student_vce_unadjusted,5,757999
3367,All,high_inst_m1,.00818930847154513,-.0303923937060515,.167483839939078,.0172667147051882,stata_areg_centered_student_vce_unadjusted,3,757999
3387,All,high_inst_m1,-.00891588463079161,-.0474975868083883,.0202727801159424,.112367482945904,stata_areg_centered_student_vce_unadjusted,442,757999
3393,All,high_inst_m1,.0798687142432541,.0412870120656574,.290110673988257,.,stata_areg_centered_student_vce_unadjusted,1,757999
3396,All,high_inst_m1,.0140334726869077,-.024548229490689,.0425852621578942,.0765716440138881,stata_areg_centered_student_vce_unadjusted,50,757999
3400,All,high_inst_m1,-.00291014003587983,-.0414918422134765,.0418342142502671,.144807525886124,stata_areg_centered_student_vce_unadjusted,77,757999
3430,All,high_inst_m1,-.0272022598594267,-.0657839620370234,.0440051380220621,.251311771101217,stata_areg_centered_student_vce_unadjusted,145,757999
3431,All,high_inst_m1,-.0153033343581709,-.0538850365357675,.0317278388190964,.250094840047382,stata_areg_centered_student_vce_unadjusted,317,757999
3432,All,high_inst_m1,-.0139353079757549,-.0525170101533516,.033666565151737,.213067150608503,stata_areg_centered_student_vce_unadjusted,359,757999
3433,All,high_inst_m1,.174326663181257,.13574496100366,.0374261488407206,.459690108233523,stata_areg_centered_student_vce_unadjusted,177,757999
3434,All,high_inst_m1,-.0225820829796429,-.0611637851572396,.0187369236664301,.106227375403435,stata_areg_centered_student_vce_unadjusted,592,757999
3442,All,high_inst_m1,-.0665907254865404,-.105172427664137,.0513164792888462,.087774992267785,stata_areg_centered_student_vce_unadjusted,45,757999
3443,All,high_inst_m1,.00462065601436623,-.0339610461632305,.0486066666503173,.0760004307664094,stata_areg_centered_student_vce_unadjusted,79,757999
3448,All,high_inst_m1,.0334478852265671,-.00513381695102958,.293755422042072,.,stata_areg_centered_student_vce_unadjusted,1,757999
3460,All,high_inst_m1,-.0139922007961235,-.0525739029737202,.0307040694795042,.209213775765124,stata_areg_centered_student_vce_unadjusted,206,757999
3461,All,high_inst_m1,.00210009332163641,-.0364816088559603,.0292006241628117,.12899743573778,stata_areg_centered_student_vce_unadjusted,130,757999
3478,All,high_inst_m1,-.00921776683323018,-.0477994690108269,.0348450746228299,.0489834960004311,stata_areg_centered_student_vce_unadjusted,82,757999
3479,All,high_inst_m1,-.0399476532039766,-.0785293553815733,.0153020765952803,.0786109285186357,stata_areg_centered_student_vce_unadjusted,975,757999
3530,All,high_inst_m1,-.0905722044422863,-.129153906619883,.0305004304177816,.149539474023736,stata_areg_centered_student_vce_unadjusted,236,757999
3531,All,high_inst_m1,-.117515581529293,-.156097283706889,.0409349349140596,.249239512482487,stata_areg_centered_student_vce_unadjusted,293,757999
3533,All,high_inst_m1,-.0967411017115996,-.135322803889196,.031119798849014,.124904027640617,stata_areg_centered_student_vce_unadjusted,308,757999
3535,All,high_inst_m1,.0257842739665584,-.0127974282110383,.28922775002541,.,stata_areg_centered_student_vce_unadjusted,1,757999
3538,All,high_inst_m1,-.037404095497691,-.0759857976752877,.0252230912415224,.0944461611957552,stata_areg_centered_student_vce_unadjusted,336,757999
3539,All,high_inst_m1,-.0503400431191935,-.0889217452967902,.021162061194805,.147589202951389,stata_areg_centered_student_vce_unadjusted,624,757999
3540,All,high_inst_m1,-.00305080762163432,-.041632509799231,.0229261746870713,.107345199022972,stata_areg_centered_student_vce_unadjusted,423,757999
3608,All,high_inst_m1,-.0391282716137515,-.0777099737913482,.0385995252011129,.340451863834133,stata_areg_centered_student_vce_unadjusted,269,757999
3609,All,high_inst_m1,-.00748715330093807,-.0460688554785347,.0288761160476849,.170140654236319,stata_areg_centered_student_vce_unadjusted,314,757999
3618,All,high_inst_m1,-.00562907093343791,-.0442107731110346,.0347622511937348,.152317118523184,stata_areg_centered_student_vce_unadjusted,177,757999
3638,All,high_inst_m1,-.0457146167712467,-.0842963189488434,.0141873456495655,.154044099732465,stata_areg_centered_student_vce_unadjusted,648,757999
3639,All,high_inst_m1,-.0334867019773087,-.0720684041549054,.0237878582695899,.154607467419451,stata_areg_centered_student_vce_unadjusted,183,757999
3640,All,high_inst_m1,-.0373622972166332,-.0759439993942299,.0136640769326321,.0993374710145707,stata_areg_centered_student_vce_unadjusted,674,757999
3641,All,high_inst_m1,-.00708830968101754,-.0456700118586142,.0158718574430117,.0982737332056826,stata_areg_centered_student_vce_unadjusted,444,757999
3642,All,high_inst_m1,-.00359686095831312,-.0421785631359098,.0176242552152136,.0908041276131377,stata_areg_centered_student_vce_unadjusted,340,757999
3643,All,high_inst_m1,.0187228272921085,-.0198588748854882,.0456066318684333,.0622552127596367,stata_areg_centered_student_vce_unadjusted,43,757999
3645,All,high_inst_m1,.0231368316645659,-.0154448705130308,.0751766279350965,.064444532676771,stata_areg_centered_student_vce_unadjusted,15,757999
3656,All,high_inst_m1,-.0285772376852677,-.0671589398628643,.0360948085625698,.0683731206014145,stata_areg_centered_student_vce_unadjusted,114,757999
3657,All,high_inst_m1,-.0122627676804505,-.0508444698580471,.0397669599886943,.0613142602237115,stata_areg_centered_student_vce_unadjusted,72,757999
3662,All,high_inst_m1,-.0495844280691775,-.0881661302467742,.0338203240505135,.0821798403045508,stata_areg_centered_student_vce_unadjusted,119,757999
3686,All,high_inst_m1,.0334466687648259,-.00513503341277081,.288809396883884,.,stata_areg_centered_student_vce_unadjusted,1,757999
3711,All,high_inst_m1,-.0437236762000839,-.0823053783776806,.0229861981812397,.250222475436881,stata_areg_centered_student_vce_unadjusted,261,757999
3713,All,high_inst_m1,.00507390571274303,-.0335077964648536,.0258603606999758,.403366018832429,stata_areg_centered_student_vce_unadjusted,615,757999
3718,All,high_inst_m1,-.00750082443649454,-.0460825266140912,.031626053528151,.36408403785608,stata_areg_centered_student_vce_unadjusted,428,757999
3719,All,high_inst_m1,-.0345672516836411,-.0731489538612378,.0313131514476,.0696534158382969,stata_areg_centered_student_vce_unadjusted,164,757999
3720,All,high_inst_m1,.239020546548054,.200438844370457,.104088202987182,.421814603877583,stata_areg_centered_student_vce_unadjusted,119,757999
3723,All,high_inst_m1,-.0834170870101343,-.121998789187731,.0283238808365567,.10993166996802,stata_areg_centered_student_vce_unadjusted,184,757999
3724,All,high_inst_m1,-.117334763299551,-.155916465477147,.0317936363898451,.207604418631964,stata_areg_centered_student_vce_unadjusted,316,757999
3728,All,high_inst_m1,-.0758910788683622,-.114472781045959,.0360953880806693,.158645447024054,stata_areg_centered_student_vce_unadjusted,163,757999
3730,All,high_inst_m1,-.0152065746788142,-.0537882768564109,.0364079039904195,.146231991951331,stata_areg_centered_student_vce_unadjusted,134,757999
3733,All,high_inst_m1,-.0324630054469418,-.0710447076245384,.040498975550603,.133599361161154,stata_areg_centered_student_vce_unadjusted,69,757999
3734,All,high_inst_m1,-.0379342668793696,-.0765159690569663,.061523351259294,.083660396171246,stata_areg_centered_student_vce_unadjusted,23,757999
3735,All,high_inst_m1,-.0604803472537532,-.0990620494313499,.0187848207172992,.12489179740431,stata_areg_centered_student_vce_unadjusted,367,757999
3739,All,high_inst_m1,-.00335057393957947,-.0419322761171762,.0208991114548468,.078557267182449,stata_areg_centered_student_vce_unadjusted,222,757999
3740,All,high_inst_m1,.0551586354302099,.0165769332526132,.11890551271937,.0533650998936137,stata_areg_centered_student_vce_unadjusted,6,757999
3741,All,high_inst_m1,.0233090263009538,-.0152726758766428,.0852505478387149,.0737199629558681,stata_areg_centered_student_vce_unadjusted,12,757999
3742,All,high_inst_m1,-.0103215096012516,-.0489032117788483,.0196513073657663,.0939223722584735,stata_areg_centered_student_vce_unadjusted,522,757999
3743,All,high_inst_m1,-.0523776564376352,-.0909593586152319,.0316939131199845,.123067844633471,stata_areg_centered_student_vce_unadjusted,203,757999
3759,All,high_inst_m1,.0846073886277597,.046025686450163,.291323038625038,.,stata_areg_centered_student_vce_unadjusted,1,757999
3760,All,high_inst_m1,.0526918572639822,.0141101550863855,.291752799672143,.,stata_areg_centered_student_vce_unadjusted,1,757999
3795,All,high_inst_m1,-.0502031018026927,-.0887848039802894,.0378276196283482,.265062748544132,stata_areg_centered_student_vce_unadjusted,246,757999
3796,All,high_inst_m1,-.0573271294688235,-.0959088316464202,.0238011526002185,.182399640366413,stata_areg_centered_student_vce_unadjusted,438,757999
3797,All,high_inst_m1,-.0521947852304399,-.0907764874080366,.0239900190477812,.16388647809933,stata_areg_centered_student_vce_unadjusted,430,757999
3800,All,high_inst_m1,-.0545563262797201,-.0931380284573168,.0519917667478239,.0782488758433628,stata_areg_centered_student_vce_unadjusted,40,757999
3802,All,high_inst_m1,-.0384780079894371,-.0770597101670338,.0343800698502285,.0981451558153034,stata_areg_centered_student_vce_unadjusted,176,757999
3823,All,high_inst_m1,-.0293685349072581,-.0679502370848547,.0379195904358823,.12217824169318,stata_areg_centered_student_vce_unadjusted,168,757999
3865,All,high_inst_m1,-.0528325932515402,-.0914142954291368,.0161579236854121,.168923197109231,stata_areg_centered_student_vce_unadjusted,573,757999
3871,All,high_inst_m1,-.0315830364874444,-.0701647386650411,.0270410528251845,.0887189838684644,stata_areg_centered_student_vce_unadjusted,269,757999
3885,All,high_inst_m1,-.0513701916450043,-.089951893822601,.0321160834281626,.121951247157355,stata_areg_centered_student_vce_unadjusted,226,757999
3886,All,high_inst_m1,.00587209039548929,-.0327096117821074,.0374990446480827,.133026710141416,stata_areg_centered_student_vce_unadjusted,121,757999
3887,All,high_inst_m1,-.0128594844147639,-.0514411865923606,.046496945909969,.0724279003195818,stata_areg_centered_student_vce_unadjusted,140,757999
3888,All,high_inst_m1,-.00657974012376853,-.0451614423013652,.0504411513649864,.0689545280515375,stata_areg_centered_student_vce_unadjusted,61,757999
3899,All,high_inst_m1,.0188056522273636,-.0197760499502331,.209616914032999,.0228323074645799,stata_areg_centered_student_vce_unadjusted,2,757999
3907,All,high_inst_m1,-.0185708093030733,-.05715251148067,.032228606821734,.186337384059992,stata_areg_centered_student_vce_unadjusted,197,757999
3909,All,high_inst_m1,-.0304039362882189,-.0689856384658156,.0249860076782831,.141794461724236,stata_areg_centered_student_vce_unadjusted,612,757999
3940,All,high_inst_m1,-.0164615742095603,-.055043276387157,.0245077079901432,.15837212674981,stata_areg_centered_student_vce_unadjusted,341,757999
3941,All,high_inst_m1,-.00159098450230606,-.0401726866799027,.0348425683673344,.168571767072896,stata_areg_centered_student_vce_unadjusted,114,757999
3960,All,high_inst_m1,-.0496190682929908,-.0882007704705874,.0502706481944035,.224889201875147,stata_areg_centered_student_vce_unadjusted,154,757999
3961,All,high_inst_m1,-.045140531212921,-.0837222333905177,.041837812517935,.129341794602425,stata_areg_centered_student_vce_unadjusted,178,757999
3976,All,high_inst_m1,-.0321169242634187,-.0706986264410154,.0245103241880434,.102891584379641,stata_areg_centered_student_vce_unadjusted,308,757999
3977,All,high_inst_m1,-.0377713112707857,-.0763530134483824,.0298930779576859,.0986771940730827,stata_areg_centered_student_vce_unadjusted,184,757999
3998,All,high_inst_m1,-.0210858609402326,-.0596675631178293,.0254850925795861,.0808586119355994,stata_areg_centered_student_vce_unadjusted,241,757999
4000,All,high_inst_m1,-.0307308850931044,-.0693125872707011,.305143354088553,.,stata_areg_centered_student_vce_unadjusted,1,757999
4025,All,high_inst_m1,-.0292230515449495,-.0678047537225462,.041078182159098,.120870249475589,stata_areg_centered_student_vce_unadjusted,185,757999
4032,All,high_inst_m1,-.0718392746069697,-.110420976784566,.0547702144293693,.11560667594251,stata_areg_centered_student_vce_unadjusted,90,757999
4043,All,high_inst_m1,-.0174710091250982,-.0560527113026949,.0524408612892279,.083721570785624,stata_areg_centered_student_vce_unadjusted,70,757999
4049,All,high_inst_m1,-.0400565769434086,-.0786382791210053,.0239610433339641,.146047925262611,stata_areg_centered_student_vce_unadjusted,640,757999
4052,All,high_inst_m1,-.0458636277837208,-.0844453299613174,.047657448899486,.138564188121132,stata_areg_centered_student_vce_unadjusted,57,757999
4084,All,high_inst_m1,-.0145922779694333,-.05317398014703,.0443614079284572,.066499239115403,stata_areg_centered_student_vce_unadjusted,76,757999
4102,All,high_inst_m1,-.0579082108141193,-.096489912991716,.0316105679985987,.13705820983169,stata_areg_centered_student_vce_unadjusted,483,757999
4124,All,high_inst_m1,-.0328552645522926,-.0714369667298893,.0384239843663365,.129991621588354,stata_areg_centered_student_vce_unadjusted,161,757999
4140,All,high_inst_m1,-.0316466185913296,-.0702283207689262,.0136587171751713,.250621690528287,stata_areg_centered_student_vce_unadjusted,1033,757999
4141,All,high_inst_m1,-.0120694773495644,-.0506511795271611,.0373953088011297,.190588991205869,stata_areg_centered_student_vce_unadjusted,123,757999
4160,All,high_inst_m1,-.0327834452023855,-.0713651473799821,.0233631456607546,.0944418207717143,stata_areg_centered_student_vce_unadjusted,290,757999
4162,All,high_inst_m1,-.0550467969702627,-.0936284991478594,.0124764813046383,.068987652981208,stata_areg_centered_student_vce_unadjusted,1086,757999
4163,All,high_inst_m1,-.0438373288028866,-.0824190309804833,.0206074434549872,.172818918616982,stata_areg_centered_student_vce_unadjusted,925,757999
4164,All,high_inst_m1,-.0579645645834146,-.0965462667610112,.0138494176674751,.13483752468166,stata_areg_centered_student_vce_unadjusted,869,757999
4165,All,high_inst_m1,-.0107728294106559,-.0493545315882526,.0150882482668159,.0550970397010926,stata_areg_centered_student_vce_unadjusted,569,757999
4166,All,high_inst_m1,-.0194112784158277,-.0579929805934244,.0147262978302524,.0900710854939815,stata_areg_centered_student_vce_unadjusted,620,757999
4190,All,high_inst_m1,-.029826410449998,-.0684081126275946,.0372785615219027,.0694064437944689,stata_areg_centered_student_vce_unadjusted,110,757999
4195,All,high_inst_m1,.0212005695323451,-.0173811326452516,.0395969205006993,.171652489177382,stata_areg_centered_student_vce_unadjusted,76,757999
4205,All,high_inst_m1,.0201408235082676,-.018440878669329,.288695982360607,.,stata_areg_centered_student_vce_unadjusted,1,757999
4262,All,high_inst_m1,-.0231566185823495,-.0617383207599462,.0262217206482417,.156099996765004,stata_areg_centered_student_vce_unadjusted,205,757999
4263,All,high_inst_m1,-.0568980565834306,-.0954797587610273,.016396136736147,.24251926536424,stata_areg_centered_student_vce_unadjusted,476,757999
4269,All,high_inst_m1,-.0186849694743345,-.0572666716519312,.0267303223518116,.176661285863678,stata_areg_centered_student_vce_unadjusted,214,757999
4270,All,high_inst_m1,-.00578240097692842,-.0443641031545251,.0343207432406082,.0604650973153836,stata_areg_centered_student_vce_unadjusted,98,757999
4277,All,high_inst_m1,-.0527109221505664,-.091292624328163,.0143728471627524,.138331104999937,stata_areg_centered_student_vce_unadjusted,903,757999
4285,All,high_inst_m1,.112691239195699,.0741095370181019,.0352381010555581,.49173192031986,stata_areg_centered_student_vce_unadjusted,351,757999
4286,All,high_inst_m1,.206736671967336,.16815496978974,.0489150698213252,.514496245940067,stata_areg_centered_student_vce_unadjusted,173,757999
4287,All,high_inst_m1,-.0221592155922916,-.0607409177698883,.0160571498548679,.0757134288882108,stata_areg_centered_student_vce_unadjusted,453,757999
4288,All,high_inst_m1,-.0426450776895634,-.0812267798671601,.022025183207747,.0905337086964321,stata_areg_centered_student_vce_unadjusted,485,757999
4289,All,high_inst_m1,-.0578702855275964,-.0964519877051931,.0229080884509763,.109571084032619,stata_areg_centered_student_vce_unadjusted,484,757999
4292,All,high_inst_m1,-.0356090152289511,-.0741907174065478,.0457959854977143,.145530756239542,stata_areg_centered_student_vce_unadjusted,50,757999
4307,All,high_inst_m1,-.0435174737322212,-.0820991759098178,.0280595450066978,.228159007380067,stata_areg_centered_student_vce_unadjusted,341,757999
4309,All,high_inst_m1,-.00539988252322251,-.0439815847008192,.0271756095753608,.108017636642497,stata_areg_centered_student_vce_unadjusted,237,757999
4310,All,high_inst_m1,-.00968774549290062,-.0482694476704973,.0460777242681371,.063010346847864,stata_areg_centered_student_vce_unadjusted,71,757999
4324,All,high_inst_m1,-.0348598377227085,-.0734415399003051,.041341635880598,.110554075829966,stata_areg_centered_student_vce_unadjusted,146,757999
4331,All,high_inst_m1,-.0418594213712836,-.0804411235488802,.0477439906229809,.118355605545137,stata_areg_centered_student_vce_unadjusted,132,757999
4333,All,high_inst_m1,-.00513050841058055,-.0437122105881772,.0442068697906521,.070835314435351,stata_areg_centered_student_vce_unadjusted,83,757999
4353,All,high_inst_m1,-.0252239536306319,-.0638056558082286,.0245339869247437,.108467855780596,stata_areg_centered_student_vce_unadjusted,265,757999
4382,All,high_inst_m1,-.0446372131492363,-.083218915326833,.0352060385918247,.10202678522889,stata_areg_centered_student_vce_unadjusted,154,757999
4392,All,high_inst_m1,-.058633044501397,-.0972147466789937,.0448671914013388,.078557946248979,stata_areg_centered_student_vce_unadjusted,70,757999
4404,All,high_inst_m1,-.0555633725264836,-.0941450747040803,.0244943570454519,.148481971972376,stata_areg_centered_student_vce_unadjusted,552,757999
4408,All,high_inst_m1,-.0188944824645772,-.0574761846421739,.0261223393717783,.0666315859480708,stata_areg_centered_student_vce_unadjusted,335,757999
4446,All,high_inst_m1,-.021370102362319,-.0599518045399157,.0293591538341489,.112270713030166,stata_areg_centered_student_vce_unadjusted,235,757999
4451,All,high_inst_m1,-.0571672003993399,-.0957489025769366,.0240962019482727,.145262513531997,stata_areg_centered_student_vce_unadjusted,729,757999
4483,All,high_inst_m1,-.0536528939494392,-.0922345961270359,.0219673252811437,.154479705997887,stata_areg_centered_student_vce_unadjusted,865,757999
4499,All,high_inst_m1,.120502418525802,.081920716348205,.137578315495017,.57834516721161,stata_areg_centered_student_vce_unadjusted,6,757999
4500,All,high_inst_m1,-.125275755734345,-.163857457911942,.0579618485294226,.0867280079779929,stata_areg_centered_student_vce_unadjusted,75,757999
4505,All,high_inst_m1,-.0516266223151241,-.0902083244927208,.0301977630084672,.116115686791473,stata_areg_centered_student_vce_unadjusted,184,757999
4507,All,high_inst_m1,-.0145127450999952,-.0530944472775919,.035926151480378,.162111987219564,stata_areg_centered_student_vce_unadjusted,132,757999
4509,All,high_inst_m1,-.0690759802513835,-.10765768242898,.056682251472706,.0794267332570806,stata_areg_centered_student_vce_unadjusted,54,757999
4530,All,high_inst_m1,-.0698580077003715,-.108439709877968,.0305160511514188,.186093184404015,stata_areg_centered_student_vce_unadjusted,295,757999
4531,All,high_inst_m1,-.0630958240942744,-.101677526271871,.01944202690236,.200817423901399,stata_areg_centered_student_vce_unadjusted,384,757999
4533,All,high_inst_m1,-.0135373687943391,-.0521190709719357,.015899165439279,.114734773720718,stata_areg_centered_student_vce_unadjusted,409,757999
4534,All,high_inst_m1,-.0410041910717824,-.079585893249379,.0116891150146983,.151830916458183,stata_areg_centered_student_vce_unadjusted,921,757999
4535,All,high_inst_m1,.0170623511411386,-.0215193510364581,.0166408607920131,.219293837299064,stata_areg_centered_student_vce_unadjusted,371,757999
4536,All,high_inst_m1,-.00285691914293661,-.0414386213205333,.0224393818033513,.188202476509496,stata_areg_centered_student_vce_unadjusted,183,757999
4544,All,high_inst_m1,.0173921474171821,-.0211895547604146,.288550908929613,.,stata_areg_centered_student_vce_unadjusted,1,757999
4553,All,high_inst_m1,-.0495937301310138,-.0881754323086105,.0168249625167288,.132824067133664,stata_areg_centered_student_vce_unadjusted,353,757999
4554,All,high_inst_m1,.0459611133090686,.00737941113147193,.0777229968257526,.28083000081459,stata_areg_centered_student_vce_unadjusted,14,757999
4555,All,high_inst_m1,-.00672834762755136,-.045310049805148,.0225202212362815,.25562620904231,stata_areg_centered_student_vce_unadjusted,190,757999
4557,All,high_inst_m1,-.0235645099410086,-.0621462121186053,.025388281836472,.180597595117592,stata_areg_centered_student_vce_unadjusted,142,757999
4558,All,high_inst_m1,.0171018351603686,-.0214798670172281,.0733112443234746,.0573782336861193,stata_areg_centered_student_vce_unadjusted,16,757999
4559,All,high_inst_m1,-.0261247843825001,-.0647064865600968,.0558197413794087,.0641182615594066,stata_areg_centered_student_vce_unadjusted,28,757999
4560,All,high_inst_m1,-.0120327269015807,-.0506144290791774,.0292145703032622,.150480458694028,stata_areg_centered_student_vce_unadjusted,143,757999
4561,All,high_inst_m1,-.0341495421740055,-.0727312443516022,.0496745205479225,.0622561542024007,stata_areg_centered_student_vce_unadjusted,36,757999
4562,All,high_inst_m1,-.0455400183098486,-.0841217204874453,.0221254463402406,.131456653780767,stata_areg_centered_student_vce_unadjusted,218,757999
4563,All,high_inst_m1,-.0324239768294397,-.0710056790070364,.0478121730271968,.151870774272485,stata_areg_centered_student_vce_unadjusted,51,757999
4564,All,high_inst_m1,-.0225012514933738,-.0610829536709705,.0199774428629516,.248867109641911,stata_areg_centered_student_vce_unadjusted,475,757999
4565,All,high_inst_m1,-.0348678931207586,-.0734495952983553,.0431630705027411,.209453521879682,stata_areg_centered_student_vce_unadjusted,89,757999
4571,All,high_inst_m1,.0545234863469625,.0159417841693658,.0461499846674866,.238531588843414,stata_areg_centered_student_vce_unadjusted,64,757999
4572,All,high_inst_m1,-.000393759026162127,-.0389754612037588,.0292299787722865,.241496523535347,stata_areg_centered_student_vce_unadjusted,111,757999
4574,All,high_inst_m1,-.0485966025973439,-.0871783047749406,.0202161360595763,.1640164247736,stata_areg_centered_student_vce_unadjusted,282,757999
4575,All,high_inst_m1,.0161001767750253,-.0224815254025714,.0328625205310521,.217631534140531,stata_areg_centered_student_vce_unadjusted,120,757999
4577,All,high_inst_m1,-.0927001012776084,-.131281803455205,.0438293460223195,.0754306881855312,stata_areg_centered_student_vce_unadjusted,52,757999
4585,All,high_inst_m1,.0102724737938194,-.0283092283837773,.0486458302601045,.308944529056095,stata_areg_centered_student_vce_unadjusted,70,757999
4588,All,high_inst_m1,-.0883944483710331,-.12697615054863,.0272152856004032,.141813212177634,stata_areg_centered_student_vce_unadjusted,246,757999
4589,All,high_inst_m1,-.0473653549032937,-.0859470570808904,.0460844897961553,.0625805219589221,stata_areg_centered_student_vce_unadjusted,59,757999
4591,All,high_inst_m1,.00356836346021367,-.035013338717383,.0401786824087578,.193340568137024,stata_areg_centered_student_vce_unadjusted,97,757999
4616,All,high_inst_m1,.00169789418402355,-.0368838079935731,.0418322833102701,.0546514485799065,stata_areg_centered_student_vce_unadjusted,63,757999
4617,All,high_inst_m1,-.0081725968781373,-.046754299055734,.0357808212714847,.204289323392248,stata_areg_centered_student_vce_unadjusted,105,757999
4626,All,high_inst_m1,.0152312063059842,-.0233504958716125,.0752023184302647,.0391740428023594,stata_areg_centered_student_vce_unadjusted,15,757999
4630,All,high_inst_m1,-.064229430682399,-.102811132859996,.0155699873618126,.21622875828172,stata_areg_centered_student_vce_unadjusted,570,757999
4631,All,high_inst_m1,-.0383101573418034,-.0768918595194001,.0218917637150189,.185366410930766,stata_areg_centered_student_vce_unadjusted,473,757999
4636,All,high_inst_m1,-.0353780420419594,-.073959744219556,.0392805843502605,.27601097900448,stata_areg_centered_student_vce_unadjusted,140,757999
4644,All,high_inst_m1,-.0652641037947093,-.103845805972306,.0216052026113723,.135836476546591,stata_areg_centered_student_vce_unadjusted,385,757999
4646,All,high_inst_m1,-.11973634790475,-.158318050082347,.0382428934205049,.254629961552908,stata_areg_centered_student_vce_unadjusted,287,757999
4655,All,high_inst_m1,-.0856466554096629,-.12422835758726,.0220101210974097,.235216576475988,stata_areg_centered_student_vce_unadjusted,306,757999
4656,All,high_inst_m1,-.0569123607426223,-.0954940629202189,.0337572851304545,.189541990123631,stata_areg_centered_student_vce_unadjusted,252,757999
4659,All,high_inst_m1,-.0325389878167383,-.071120689994335,.0428702733576235,.261052624297483,stata_areg_centered_student_vce_unadjusted,271,757999
4662,All,high_inst_m1,-.0312434731382999,-.0698251753158966,.0285352116326728,.30277165568911,stata_areg_centered_student_vce_unadjusted,458,757999
4663,All,high_inst_m1,-.0558382742178087,-.0944199763954054,.0256762833081921,.249612557054882,stata_areg_centered_student_vce_unadjusted,453,757999
4664,All,high_inst_m1,-.0372703592698114,-.0758520614474081,.0368522637017492,.201762204067368,stata_areg_centered_student_vce_unadjusted,300,757999
4666,All,high_inst_m1,-.0545839098020791,-.0931656119796758,.0293160694248324,.276688653683687,stata_areg_centered_student_vce_unadjusted,285,757999
4667,All,high_inst_m1,-.0187148401644375,-.0572965423420342,.028926856974933,.194080511664203,stata_areg_centered_student_vce_unadjusted,204,757999
4669,All,high_inst_m1,-.0970554039908135,-.13563710616841,.0369001145610235,.286093115049903,stata_areg_centered_student_vce_unadjusted,339,757999
4670,All,high_inst_m1,.0330698288150809,-.00551187336251575,.0806557726612778,.0681607268187022,stata_areg_centered_student_vce_unadjusted,14,757999
4672,All,high_inst_m1,-.0213422413834766,-.0599239435610733,.0248126594000647,.303342399739377,stata_areg_centered_student_vce_unadjusted,436,757999
4677,All,high_inst_m1,-.033246860107651,-.0718285622852477,.0521825670917493,.266540935167339,stata_areg_centered_student_vce_unadjusted,172,757999
4679,All,high_inst_m1,.0485326568615825,.00995095468398584,.0341205913209849,.439388358375006,stata_areg_centered_student_vce_unadjusted,212,757999
4680,All,high_inst_m1,-.0486235540501403,-.0872052562277369,.0277054153978401,.28477734230811,stata_areg_centered_student_vce_unadjusted,166,757999
4686,All,high_inst_m1,-.0150521596509604,-.0536338618285571,.0367201539948436,.433638859018445,stata_areg_centered_student_vce_unadjusted,256,757999
4687,All,high_inst_m1,.103367951208503,.0647862490309064,.0612742890344736,.516940463231184,stata_areg_centered_student_vce_unadjusted,275,757999
4688,All,high_inst_m1,.222264849488835,.183683147311238,.0637386688732954,.481272723544258,stata_areg_centered_student_vce_unadjusted,252,757999
4689,All,high_inst_m1,.0975378098793865,.0589561077017898,.0272157335579905,.465469996632697,stata_areg_centered_student_vce_unadjusted,240,757999
4691,All,high_inst_m1,.114069181106564,.0754874789289673,.0418641357829191,.450655278369069,stata_areg_centered_student_vce_unadjusted,118,757999
4694,All,high_inst_m1,.309788950085457,.27120724790786,.0437811867249628,.512964710740672,stata_areg_centered_student_vce_unadjusted,341,757999
4698,All,high_inst_m1,-.051865076491873,-.0904467786694697,.0249068874794247,.289541394177092,stata_areg_centered_student_vce_unadjusted,188,757999
4700,All,high_inst_m1,.00309518049362452,-.0354865216839722,.014954056610429,.255125901371522,stata_areg_centered_student_vce_unadjusted,613,757999
4702,All,high_inst_m1,-.0505617827066624,-.0891434848842591,.0136010900709249,.171026699564111,stata_areg_centered_student_vce_unadjusted,890,757999
4703,All,high_inst_m1,.116702708093729,.0781210059161326,.024033718799056,.361559085397546,stata_areg_centered_student_vce_unadjusted,174,757999
4706,All,high_inst_m1,.0235767964153763,-.0150049057622203,.0232990319395956,.206393780790604,stata_areg_centered_student_vce_unadjusted,180,757999
4707,All,high_inst_m1,.0563806887985482,.0177989866209515,.0175156132764395,.301098287434735,stata_areg_centered_student_vce_unadjusted,379,757999
4708,All,high_inst_m1,-.0301786465592269,-.0687603487368236,.0287052088688038,.110475021692454,stata_areg_centered_student_vce_unadjusted,116,757999
4709,All,high_inst_m1,-.0248384548877572,-.0634201570653539,.0169550223848501,.0607808438444803,stata_areg_centered_student_vce_unadjusted,437,757999
4712,All,high_inst_m1,-.0177071453442497,-.0562888475218464,.0356286574843311,.249552601534978,stata_areg_centered_student_vce_unadjusted,97,757999
4714,All,high_inst_m1,.10523153129316,.0666498291155635,.28849273380858,.,stata_areg_centered_student_vce_unadjusted,1,757999
4715,All,high_inst_m1,.0477658546166711,.00918415243907442,.0317406474476626,.277236705719825,stata_areg_centered_student_vce_unadjusted,90,757999
4717,All,high_inst_m1,.0562567618639616,.0176750596863649,.03727639526757,.293680007436518,stata_areg_centered_student_vce_unadjusted,90,757999
4733,All,high_inst_m1,-.0300596673696805,-.0686413695472772,.0418010390844211,.0693267077238733,stata_areg_centered_student_vce_unadjusted,64,757999
4740,All,high_inst_m1,.0165355574066267,-.0220461447709699,.0583770619777953,.051201677294909,stata_areg_centered_student_vce_unadjusted,25,757999
4760,All,high_inst_m1,-.00377991692706802,-.0423616191046647,.0402186693121338,.281699849373476,stata_areg_centered_student_vce_unadjusted,72,757999
4762,All,high_inst_m1,-.0336042104805374,-.0721859126581341,.0221988494132473,.277329786222621,stata_areg_centered_student_vce_unadjusted,685,757999
4768,All,high_inst_m1,-.0335945896677192,-.0721762918453158,.293607331677976,.,stata_areg_centered_student_vce_unadjusted,1,757999
4778,All,high_inst_m1,-.0526423475240101,-.0912240497016068,.0240608727209928,.222914930061401,stata_areg_centered_student_vce_unadjusted,214,757999
4779,All,high_inst_m1,-.0378075123484386,-.0763892145260353,.0228755837408026,.259144051619833,stata_areg_centered_student_vce_unadjusted,292,757999
4782,All,high_inst_m1,.0048183665094302,-.0337633356681665,.0230165373591727,.320857111080719,stata_areg_centered_student_vce_unadjusted,371,757999
4785,All,high_inst_m1,-.0417177837690432,-.0802994859466399,.0385866773375415,.288393239705041,stata_areg_centered_student_vce_unadjusted,213,757999
4790,All,high_inst_m1,-.008091134812097,-.0466728369896937,.0320040252363074,.268442057610225,stata_areg_centered_student_vce_unadjusted,169,757999
4796,All,high_inst_m1,-.0660505239952413,-.104632226172838,.0302776638519803,.300751849133711,stata_areg_centered_student_vce_unadjusted,167,757999
4798,All,high_inst_m1,.0616425628369188,.0230608606593221,.0330503718924972,.499898524322716,stata_areg_centered_student_vce_unadjusted,395,757999
4805,All,high_inst_m1,-.0189058902150215,-.0574875923926181,.0165580459400878,.123615040908429,stata_areg_centered_student_vce_unadjusted,556,757999
4822,All,high_inst_m1,-.088372533213813,-.12695423539141,.039097849673909,.182672619033078,stata_areg_centered_student_vce_unadjusted,163,757999
4824,All,high_inst_m1,-.00799772490517253,-.0465794270827692,.0193289012868034,.15351638049787,stata_areg_centered_student_vce_unadjusted,343,757999
4825,All,high_inst_m1,-.00788419223514605,-.0464658944127427,.0218786134000475,.106541314168149,stata_areg_centered_student_vce_unadjusted,285,757999
4829,All,high_inst_m1,-.0426349311354113,-.081216633313008,.0195022826421793,.152965051209745,stata_areg_centered_student_vce_unadjusted,472,757999
4830,All,high_inst_m1,-.0748662002181846,-.113447902395781,.0269802781198019,.183999639577682,stata_areg_centered_student_vce_unadjusted,243,757999
4865,All,high_inst_m1,-.0661422682365865,-.104723970414183,.0314409799158188,.215121815960865,stata_areg_centered_student_vce_unadjusted,236,757999
4868,All,high_inst_m1,-.0854424841970325,-.124024186374629,.0346913783714991,.218562195246704,stata_areg_centered_student_vce_unadjusted,160,757999
4870,All,high_inst_m1,-.0437715144628335,-.0823532166404302,.0385272084312356,.174182722580892,stata_areg_centered_student_vce_unadjusted,174,757999
4871,All,high_inst_m1,-.0145682760352991,-.0531499782128958,.0511809858855832,.191041490968481,stata_areg_centered_student_vce_unadjusted,52,757999
4897,All,high_inst_m1,.0118410736441767,-.02674062853342,.0220641558540212,.173014512000193,stata_areg_centered_student_vce_unadjusted,365,757999
4922,All,high_inst_m1,.0469414830688377,.00835978089124104,.037795416426442,.292624178970841,stata_areg_centered_student_vce_unadjusted,135,757999
4925,All,high_inst_m1,-.0296403766625789,-.0682220788401756,.0310217668789229,.0890690613407401,stata_areg_centered_student_vce_unadjusted,391,757999
4926,All,high_inst_m1,.0613262728661339,.0227445706885372,.290328508508472,.,stata_areg_centered_student_vce_unadjusted,1,757999
4948,All,high_inst_m1,.0149656993787814,-.0236160027988153,.026295982807289,.15000129663164,stata_areg_centered_student_vce_unadjusted,190,757999
4949,All,high_inst_m1,.00494848634691379,-.0336332158306829,.0398620525308634,.070293027979804,stata_areg_centered_student_vce_unadjusted,61,757999
4951,All,high_inst_m1,-.0197252038839596,-.0583069060615563,.0196932119857747,.148327193182878,stata_areg_centered_student_vce_unadjusted,654,757999
4952,All,high_inst_m1,-.00769926360149096,-.0462809657790876,.0351179649437363,.126679886901718,stata_areg_centered_student_vce_unadjusted,102,757999
4956,All,high_inst_m1,.0827507303817604,.0441690282041637,.288898984987429,.,stata_areg_centered_student_vce_unadjusted,1,757999
4958,All,high_inst_m1,-.0621533687267695,-.100735070904366,.0356923033290721,.0752982361000692,stata_areg_centered_student_vce_unadjusted,107,757999
4965,All,high_inst_m1,.0309251878519578,-.00765651432563889,.0388110486811802,.0524310364472578,stata_areg_centered_student_vce_unadjusted,62,757999
4969,All,high_inst_m1,-.00942537946184347,-.0480070816394402,.0669263505328354,.0603712588051772,stata_areg_centered_student_vce_unadjusted,24,757999
4973,All,high_inst_m1,-.0348290002244355,-.0734107024020322,.0429765637683522,.146679240598704,stata_areg_centered_student_vce_unadjusted,242,757999
4975,All,high_inst_m1,.0249495116799694,-.0136321904976273,.0258665151206901,.261926281683741,stata_areg_centered_student_vce_unadjusted,151,757999
4977,All,high_inst_m1,-.0134417479398998,-.0520234501174965,.014916896102375,.107683380702699,stata_areg_centered_student_vce_unadjusted,762,757999
4982,All,high_inst_m1,-.0361608625453223,-.074742564722919,.014094704776215,.14660390052914,stata_areg_centered_student_vce_unadjusted,1042,757999
4983,All,high_inst_m1,.0221818391389757,-.016399863038621,.0217929134100769,.193102257492575,stata_areg_centered_student_vce_unadjusted,265,757999
4984,All,high_inst_m1,-.0255398585452924,-.0641215607228891,.0285557980813892,.175328637213833,stata_areg_centered_student_vce_unadjusted,155,757999
5002,All,high_inst_m1,.00951540187683687,-.0290663003007598,.0713263051253108,.0738157737832858,stata_areg_centered_student_vce_unadjusted,82,757999
5021,All,high_inst_m1,-.00685650383610757,-.0454382060137043,.0301507053545035,.118251562506541,stata_areg_centered_student_vce_unadjusted,355,757999
5024,All,high_inst_m1,-.0429407262324389,-.0815224284100356,.0362648025451209,.187187996815698,stata_areg_centered_student_vce_unadjusted,508,757999
5026,All,high_inst_m1,-.0333177960758481,-.0718994982534448,.0371571724969225,.13557107757656,stata_areg_centered_student_vce_unadjusted,222,757999
5046,All,high_inst_m1,.0622202180705413,.0236385158929446,.290803450985955,.,stata_areg_centered_student_vce_unadjusted,1,757999
5048,All,high_inst_m1,-.068102312845482,-.106684015023079,.0275314738465538,.129653094939443,stata_areg_centered_student_vce_unadjusted,577,757999
5057,All,high_inst_m1,-.0590515497420718,-.0976332519196684,.0612530997474757,.0764846929167224,stata_areg_centered_student_vce_unadjusted,59,757999
5082,All,high_inst_m1,-.100345427965006,-.138927130142603,.0326851720692096,.200667185775962,stata_areg_centered_student_vce_unadjusted,505,757999
5083,All,high_inst_m1,.11322369285563,.0746419906780333,.0674083825667333,.483896973370967,stata_areg_centered_student_vce_unadjusted,62,757999
5084,All,high_inst_m1,-.0581347090623146,-.0967164112399113,.0267087606278281,.138892018072933,stata_areg_centered_student_vce_unadjusted,1005,757999
5104,All,high_inst_m1,-.0294669489595153,-.0680486511371119,.0363923765035587,.132603811973742,stata_areg_centered_student_vce_unadjusted,170,757999
5105,All,high_inst_m1,-.0202283365352463,-.0588100387128429,.0249820329895652,.140102753197255,stata_areg_centered_student_vce_unadjusted,361,757999
5109,All,high_inst_m1,-.0107757426615105,-.0493574448391072,.0305061341342003,.184815061343641,stata_areg_centered_student_vce_unadjusted,211,757999
5113,All,high_inst_m1,-.00311002721443112,-.0416917293920278,.0508523157732668,.161162996131728,stata_areg_centered_student_vce_unadjusted,42,757999
5122,All,high_inst_m1,-.0173315162846985,-.0559132184622952,.0273649391822274,.0875175491826321,stata_areg_centered_student_vce_unadjusted,291,757999
5126,All,high_inst_m1,-.0654555189369951,-.104037221114592,.0203477841920116,.20448271475334,stata_areg_centered_student_vce_unadjusted,603,757999
5131,All,high_inst_m1,.00223995219232066,-.036341749985276,.0598526807997491,.192808268825608,stata_areg_centered_student_vce_unadjusted,24,757999
5140,All,high_inst_m1,.00116735609612013,-.0374143460814765,.292373157120295,.,stata_areg_centered_student_vce_unadjusted,1,757999
5150,All,high_inst_m1,-.0535325511396666,-.0921142533172633,.0267352350111813,.212041893147356,stata_areg_centered_student_vce_unadjusted,480,757999
5153,All,high_inst_m1,-.0457487365485029,-.0843304387260996,.0372302863497519,.201136650602904,stata_areg_centered_student_vce_unadjusted,130,757999
5155,All,high_inst_m1,-.0358242080080429,-.0744059101856396,.0373849688877851,.145359493408106,stata_areg_centered_student_vce_unadjusted,230,757999
5215,All,high_inst_m1,-.0353561862998591,-.0739378884774558,.0178015055580919,.10072442017961,stata_areg_centered_student_vce_unadjusted,474,757999
5216,All,high_inst_m1,-.0432692938489146,-.0818509960265113,.0212070901764577,.0873553377553631,stata_areg_centered_student_vce_unadjusted,259,757999
5218,All,high_inst_m1,-.0650683120016252,-.103650014179222,.0178736312909247,.207888269840157,stata_areg_centered_student_vce_unadjusted,646,757999
5219,All,high_inst_m1,-.035986251419815,-.0745679535974117,.0159752529236887,.0658881300535062,stata_areg_centered_student_vce_unadjusted,761,757999
5264,All,high_inst_m1,-.0529713183951582,-.0915530205727549,.0281529401617407,.211607731123657,stata_areg_centered_student_vce_unadjusted,296,757999
5265,All,high_inst_m1,-.0678886115276136,-.10647031370521,.0363568025875513,.107004986047264,stata_areg_centered_student_vce_unadjusted,122,757999
5266,All,high_inst_m1,-.0386307253650613,-.077212427542658,.0592489597465577,.471178125446294,stata_areg_centered_student_vce_unadjusted,106,757999
5267,All,high_inst_m1,-.00736962601090689,-.0459513281885036,.0351238726082008,.0642422229930644,stata_areg_centered_student_vce_unadjusted,78,757999
5270,All,high_inst_m1,-.00665440364181119,-.0452361058194079,.0279865444283705,.0897484852321018,stata_areg_centered_student_vce_unadjusted,210,757999
5274,All,high_inst_m1,.0162505920286388,-.0223311101489578,.0452211618725017,.0561929042139643,stata_areg_centered_student_vce_unadjusted,48,757999
5282,All,high_inst_m1,-.00947003371466828,-.048051735892265,.0196727678840615,.0906505488913593,stata_areg_centered_student_vce_unadjusted,576,757999
5289,All,high_inst_m1,-.00449703240639689,-.0430787345839936,.11928121332873,.049227094410686,stata_areg_centered_student_vce_unadjusted,6,757999
5315,All,high_inst_m1,-.0681635100878893,-.106745212265486,.0229977873306206,.131610219684078,stata_areg_centered_student_vce_unadjusted,452,757999
5323,All,high_inst_m1,-.0420399087958712,-.0806216109734679,.0282482218001755,.0950044444606983,stata_areg_centered_student_vce_unadjusted,370,757999
5343,All,high_inst_m1,-.0370212806456982,-.0756029828232949,.0241461835156416,.0633591616396594,stata_areg_centered_student_vce_unadjusted,287,757999
5344,All,high_inst_m1,-.0587348687722306,-.0973165709498273,.0232525478071985,.126219942595793,stata_areg_centered_student_vce_unadjusted,521,757999
5373,All,high_inst_m1,.0587599294159672,.0201782272383706,.288552403858214,.,stata_areg_centered_student_vce_unadjusted,1,757999
5374,All,high_inst_m1,-.0184993236132983,-.0570810257908949,.0520882454243974,.0638901868793153,stata_areg_centered_student_vce_unadjusted,50,757999
5393,All,high_inst_m1,-.0312200893699108,-.0698017915475075,.0175734352748961,.0608661964282051,stata_areg_centered_student_vce_unadjusted,623,757999
5394,All,high_inst_m1,-.0606137690293366,-.0991954712069333,.0211343085568597,.130909724922204,stata_areg_centered_student_vce_unadjusted,405,757999
5434,All,high_inst_m1,-.114542190522126,-.153123892699722,.038881990816223,.14004948458092,stata_areg_centered_student_vce_unadjusted,293,757999
5435,All,high_inst_m1,-.0926206456466168,-.131202347824213,.0338006371229702,.180815311183397,stata_areg_centered_student_vce_unadjusted,274,757999
5439,All,high_inst_m1,-.0217725496501623,-.060354251827759,.0278928279460013,.0719167682611779,stata_areg_centered_student_vce_unadjusted,241,757999
5440,All,high_inst_m1,-.0325130143013015,-.0710947164788982,.0263484829615477,.0851080853937458,stata_areg_centered_student_vce_unadjusted,254,757999
5444,All,high_inst_m1,.043784377800622,.00520267562302531,.289352760249193,.,stata_areg_centered_student_vce_unadjusted,1,757999
5465,All,high_inst_m1,-.0872301031634667,-.125811805341063,.0338704752743056,.0810576599167889,stata_areg_centered_student_vce_unadjusted,235,757999
5467,All,high_inst_m1,-.0204783834492855,-.0590600856268821,.0343508080950525,.0677060658461502,stata_areg_centered_student_vce_unadjusted,78,757999
5499,All,high_inst_m1,.061663839966697,.0230821377891003,.110470825070979,.0511350393327982,stata_areg_centered_student_vce_unadjusted,7,757999
5507,All,high_inst_m1,-.0290394574671107,-.0676211596447074,.0281983630786218,.10840452604243,stata_areg_centered_student_vce_unadjusted,233,757999
5509,All,high_inst_m1,-.053264998522111,-.0918467006997076,.0378412530472378,.165045160334966,stata_areg_centered_student_vce_unadjusted,182,757999
5565,All,high_inst_m1,-.0418150408196086,-.0803967429972053,.0226062138722736,.0594578173978659,stata_areg_centered_student_vce_unadjusted,180,757999
5566,All,high_inst_m1,-.0375560030409699,-.0761377052185666,.0135590003897357,.0575111474815923,stata_areg_centered_student_vce_unadjusted,613,757999
5567,All,high_inst_m1,-.0327581305283745,-.0713398327059711,.0242514524501638,.05422137237906,stata_areg_centered_student_vce_unadjusted,163,757999
5568,All,high_inst_m1,-.0339577374972601,-.0725394396748568,.0141702471486186,.0558975493397685,stata_areg_centered_student_vce_unadjusted,531,757999
5569,All,high_inst_m1,-.0672420835477837,-.10582378572538,.0185011116420014,.0703796220372045,stata_areg_centered_student_vce_unadjusted,281,757999
5570,All,high_inst_m1,-.0886022305769474,-.127183932754544,.00971710562189233,.0926989298685637,stata_areg_centered_student_vce_unadjusted,1754,757999
5574,All,high_inst_m1,-.0229582640394868,-.0615399662170834,.0280508715513735,.0585423588583306,stata_areg_centered_student_vce_unadjusted,135,757999
5578,All,high_inst_m1,-.13531211656991,-.173893818747507,.287781133962451,.,stata_areg_centered_student_vce_unadjusted,1,757999
5590,All,high_inst_m1,-.0298110949111148,-.0683927970887115,.040375781450031,.134090848495756,stata_areg_centered_student_vce_unadjusted,70,757999
5597,All,high_inst_m1,-.0203642855787959,-.0589459877563926,.0346177555269317,.126338544674413,stata_areg_centered_student_vce_unadjusted,79,757999
5613,All,high_inst_m1,-.0300540581163235,-.0686357602939202,.0252261782091756,.0628872938925885,stata_areg_centered_student_vce_unadjusted,203,757999
5614,All,high_inst_m1,.0257691190269533,-.0128125831506434,.145016437257831,.0486013048614448,stata_areg_centered_student_vce_unadjusted,4,757999
5620,All,high_inst_m1,.0147631528224162,-.0238185493551805,.0533637387090976,.0549781550799042,stata_areg_centered_student_vce_unadjusted,30,757999
5652,All,high_inst_m1,-.0721507410639262,-.110732443241523,.020598474402524,.111556844971085,stata_areg_centered_student_vce_unadjusted,250,757999
5653,All,high_inst_m1,-.0384033714028958,-.0769850735804925,.0214850777617516,.0557796762520024,stata_areg_centered_student_vce_unadjusted,213,757999
5654,All,high_inst_m1,-.0902199894204114,-.128801691598008,.0147584273094804,.0971721681289708,stata_areg_centered_student_vce_unadjusted,918,757999
5655,All,high_inst_m1,-.0788474172893073,-.117429119466904,.0126145761507435,.0739621578267054,stata_areg_centered_student_vce_unadjusted,750,757999
5656,All,high_inst_m1,-.0397380276713457,-.0783197298489424,.0125559415790533,.0679588494930342,stata_areg_centered_student_vce_unadjusted,789,757999
5658,All,high_inst_m1,-.0545360496842567,-.0931177518618534,.0210339888123301,.0655646624226331,stata_areg_centered_student_vce_unadjusted,212,757999
5659,All,high_inst_m1,-.100546100399415,-.139127802577012,.0322116877678581,.185761097464404,stata_areg_centered_student_vce_unadjusted,284,757999
5661,All,high_inst_m1,-.0927357673268084,-.131317469504405,.0253077056782498,.0794834626380578,stata_areg_centered_student_vce_unadjusted,291,757999
5662,All,high_inst_m1,-.0566243795373657,-.0952060817149624,.0213908954884384,.087751513646141,stata_areg_centered_student_vce_unadjusted,204,757999
5663,All,high_inst_m1,-.0529973042723341,-.0915790064499308,.0124574409142532,.0847064792174122,stata_areg_centered_student_vce_unadjusted,909,757999
5666,All,high_inst_m1,-.112608572478639,-.151190274656236,.0100982558912004,.159940597906306,stata_areg_centered_student_vce_unadjusted,1887,757999
5669,All,high_inst_m1,-.0903598728221765,-.128941574999773,.032598376908134,.0845141843553019,stata_areg_centered_student_vce_unadjusted,111,757999
5670,All,high_inst_m1,-.0891749783451538,-.127756680522751,.0420972094296813,.129342745224394,stata_areg_centered_student_vce_unadjusted,247,757999
5684,All,high_inst_m1,.0431202952140662,.00453859303646954,.121617942561115,.036182382056735,stata_areg_centered_student_vce_unadjusted,6,757999
5694,All,high_inst_m1,.0385355574315511,-.0000461447460455705,.291915358260537,.,stata_areg_centered_student_vce_unadjusted,1,757999
5697,All,high_inst_m1,-.00672714347723468,-.0453088456548314,.0507583356587315,.0516345066466496,stata_areg_centered_student_vce_unadjusted,35,757999
5703,All,high_inst_m1,-.0170541946656019,-.0556358968431986,.034170593884756,.0667348648415091,stata_areg_centered_student_vce_unadjusted,95,757999
5713,All,high_inst_m1,-.0584359253703727,-.0970176275479694,.0224106711484622,.063451395933512,stata_areg_centered_student_vce_unadjusted,204,757999
5720,All,high_inst_m1,-.0189084578163224,-.0574901599939191,.0425573202033683,.0528077581891858,stata_areg_centered_student_vce_unadjusted,73,757999
5729,All,high_inst_m1,-.0285227227853606,-.0671044249629573,.0397032257986196,.0507968208636938,stata_areg_centered_student_vce_unadjusted,59,757999
5761,All,high_inst_m1,.0012966041377548,-.0372850980398419,.290923730674869,.,stata_areg_centered_student_vce_unadjusted,1,757999
5773,All,high_inst_m1,-.0142606712239948,-.0528423734015915,.300418621499378,.,stata_areg_centered_student_vce_unadjusted,1,757999
5806,All,high_inst_m1,.0106600307585436,-.0279216714190531,.0826663476772512,.0370399570681338,stata_areg_centered_student_vce_unadjusted,14,757999
5808,All,high_inst_m1,-.0728659939291891,-.111447696106786,.0429941647585416,.299351054510569,stata_areg_centered_student_vce_unadjusted,131,757999
5810,All,high_inst_m1,-.0303694412473242,-.0689511434249209,.0323889532086957,.338442279231852,stata_areg_centered_student_vce_unadjusted,254,757999
5812,All,high_inst_m1,.338771148047279,.300189445869683,.0597939027502771,.501588454246093,stata_areg_centered_student_vce_unadjusted,220,757999
5813,All,high_inst_m1,-.0987186023523394,-.137300304529936,.029617350032826,.272251344956535,stata_areg_centered_student_vce_unadjusted,274,757999
5814,All,high_inst_m1,-.0888292937644029,-.127410995942,.0224011305750509,.164174829561319,stata_areg_centered_student_vce_unadjusted,357,757999
5816,All,high_inst_m1,-.0795639551887129,-.11814565736631,.0343528820832223,.134549740325013,stata_areg_centered_student_vce_unadjusted,262,757999
5823,All,high_inst_m1,-.0610206918316478,-.0996023940092445,.0157133229550043,.0960677776185903,stata_areg_centered_student_vce_unadjusted,805,757999
5824,All,high_inst_m1,.0367748906686052,-.00180681150899149,.12932497811857,.0385064926264994,stata_areg_centered_student_vce_unadjusted,5,757999
5879,All,high_inst_m1,-.0475286612022447,-.0861103633798414,.0320505417447846,.0692865548258023,stata_areg_centered_student_vce_unadjusted,231,757999
5897,All,high_inst_m1,-.0634681497018905,-.102049851879487,.0303650827870779,.128056030388621,stata_areg_centered_student_vce_unadjusted,178,757999
5921,All,high_inst_m1,-.0153922623583033,-.0539739645358999,.0219236267413027,.103397414531716,stata_areg_centered_student_vce_unadjusted,383,757999
5923,All,high_inst_m1,-.00675179256532398,-.0453334947429207,.0456076636020876,.0544326513389811,stata_areg_centered_student_vce_unadjusted,43,757999
5957,All,high_inst_m1,-.0647841483350227,-.103365850512619,.0265883749800682,.096675641443262,stata_areg_centered_student_vce_unadjusted,328,757999
5959,All,high_inst_m1,-.0200105479033611,-.0585922500809578,.0420788352062344,.0677103745189576,stata_areg_centered_student_vce_unadjusted,77,757999
5992,All,high_inst_m1,-.0257982838733472,-.0643799860509438,.0317165253319532,.0640591703094752,stata_areg_centered_student_vce_unadjusted,130,757999
6007,All,high_inst_m1,-.025471953666644,-.0640536558442407,.0427942603276753,.0622856086802676,stata_areg_centered_student_vce_unadjusted,108,757999
6027,All,high_inst_m1,-.0144332250830749,-.0530149272606716,.041073448778547,.0545716782549303,stata_areg_centered_student_vce_unadjusted,68,757999
6051,All,high_inst_m1,-.0183819359552379,-.0569636381328345,.0221969769458878,.181675425476436,stata_areg_centered_student_vce_unadjusted,275,757999
6052,All,high_inst_m1,-.0561465066622325,-.0947282088398292,.0288339332517687,.202076885827874,stata_areg_centered_student_vce_unadjusted,188,757999
6070,All,high_inst_m1,-.0135401359690067,-.0521218381466034,.0231645273767802,.16398904510818,stata_areg_centered_student_vce_unadjusted,234,757999
6084,All,high_inst_m1,-.0838618431242491,-.122443545301846,.0207880731182044,.232498173154187,stata_areg_centered_student_vce_unadjusted,439,757999
6085,All,high_inst_m1,-.0175386256433339,-.0561203278209306,.0172527872112089,.193156380210343,stata_areg_centered_student_vce_unadjusted,430,757999
6087,All,high_inst_m1,-.0170669246326524,-.0556486268102491,.0326866164127198,.254723260219058,stata_areg_centered_student_vce_unadjusted,100,757999
6088,All,high_inst_m1,.04514395261549,.00656225043789327,.289655492162267,.,stata_areg_centered_student_vce_unadjusted,1,757999
6112,All,high_inst_m1,-.0698623824265562,-.108444084604153,.0158674510715228,.245317662388504,stata_areg_centered_student_vce_unadjusted,773,757999
6113,All,high_inst_m1,-.030603320855011,-.0691850230326077,.0182638749840857,.109079463811442,stata_areg_centered_student_vce_unadjusted,351,757999
6115,All,high_inst_m1,-.0245996938184381,-.0631813959960348,.0324303356282766,.14651476125286,stata_areg_centered_student_vce_unadjusted,98,757999
6118,All,high_inst_m1,-.0793003575285671,-.117882059706164,.0282457629289331,.21149192715692,stata_areg_centered_student_vce_unadjusted,230,757999
6119,All,high_inst_m1,-.00505959949046872,-.0436413016680654,.0420191898382879,.199291391398276,stata_areg_centered_student_vce_unadjusted,56,757999
6120,All,high_inst_m1,-.11231129475532,-.150892996932917,.0276106002047218,.180884559748455,stata_areg_centered_student_vce_unadjusted,253,757999
6122,All,high_inst_m1,-.0469220286224769,-.0855037308000736,.0337929470021083,.178573634173448,stata_areg_centered_student_vce_unadjusted,139,757999
6124,All,high_inst_m1,-.0127342808514526,-.0513159830290493,.131456585094376,.0738660982153298,stata_areg_centered_student_vce_unadjusted,5,757999
6135,All,high_inst_m1,-.00903115729388768,-.0476128594714844,.0302992991387974,.203302676886908,stata_areg_centered_student_vce_unadjusted,138,757999
6161,All,high_inst_m1,.210702408366972,.172120706189375,.0978941133059694,.501644729343784,stata_areg_centered_student_vce_unadjusted,56,757999
6163,All,high_inst_m1,-.0368927516339423,-.075474453811539,.0223290207470555,.0656066743097679,stata_areg_centered_student_vce_unadjusted,293,757999
6167,All,high_inst_m1,.0556175821296974,.0170358799521007,.291888970626529,.,stata_areg_centered_student_vce_unadjusted,1,757999
6188,All,high_inst_m1,-.0494011411186809,-.0879828432962776,.040240998898543,.147879618137458,stata_areg_centered_student_vce_unadjusted,102,757999
6210,All,high_inst_m1,-.0158062417829291,-.0543879439605258,.0367890638783394,.0687294580885559,stata_areg_centered_student_vce_unadjusted,69,757999
6223,All,high_inst_m1,-.0753023831441487,-.113884085321745,.0198604087932624,.117315960118481,stata_areg_centered_student_vce_unadjusted,355,757999
6230,All,high_inst_m1,-.0198625794552644,-.058444281632861,.0409695412192487,.0601953705966785,stata_areg_centered_student_vce_unadjusted,65,757999
6252,All,high_inst_m1,-.0311069005065162,-.0696886026841128,.0160636603557882,.096607471711003,stata_areg_centered_student_vce_unadjusted,495,757999
6253,All,high_inst_m1,-.0616531367182034,-.1002348388958,.0173831691895181,.083247564886243,stata_areg_centered_student_vce_unadjusted,612,757999
6267,All,high_inst_m1,-.0317446849234192,-.0703263871010159,.072684816405673,.0640858428047043,stata_areg_centered_student_vce_unadjusted,21,757999
6269,All,high_inst_m1,-.0446153633020684,-.0831970654796651,.027836478497743,.0663169030642248,stata_areg_centered_student_vce_unadjusted,185,757999
6270,All,high_inst_m1,-.0462179812196099,-.0847996833972066,.0498087629799074,.0680576609357579,stata_areg_centered_student_vce_unadjusted,45,757999
6301,All,high_inst_m1,-.0189466608006551,-.0575283629782517,.0264516748893053,.148915457298526,stata_areg_centered_student_vce_unadjusted,188,757999
6302,All,high_inst_m1,-.0722021725377239,-.110783874715321,.0207622752543234,.183696237142899,stata_areg_centered_student_vce_unadjusted,470,757999
6336,All,high_inst_m1,-.0623165114398925,-.100898213617489,.0279872911127501,.166637812188061,stata_areg_centered_student_vce_unadjusted,253,757999
6348,All,high_inst_m1,-.0296706871327198,-.0682523893103164,.0241561529825382,.103973724601888,stata_areg_centered_student_vce_unadjusted,248,757999
6397,All,high_inst_m1,-.00593395809174064,-.0445156602693373,.0486454399740468,.0520559669916841,stata_areg_centered_student_vce_unadjusted,46,757999
6398,All,high_inst_m1,-.059212677697292,-.0977943798748886,.040658570759699,.0713139355716819,stata_areg_centered_student_vce_unadjusted,105,757999
6452,All,high_inst_m1,.00156822604499149,-.0370134761326052,.0376294523495938,.146482240577378,stata_areg_centered_student_vce_unadjusted,95,757999
6465,All,high_inst_m1,.0206266450223935,-.0179550571552032,.0708306056904618,.0631530813687191,stata_areg_centered_student_vce_unadjusted,18,757999
6496,All,high_inst_m1,.0218635935648101,-.0167181086127866,.149257059596796,.0560751325073103,stata_areg_centered_student_vce_unadjusted,5,757999
6497,All,high_inst_m1,-.013041136600252,-.0516228387778487,.0214541284865753,.079268081413761,stata_areg_centered_student_vce_unadjusted,418,757999
6500,All,high_inst_m1,-.0419141944645908,-.0804958966421875,.0239762320157566,.119981757310414,stata_areg_centered_student_vce_unadjusted,369,757999
6572,All,high_inst_m1,-.110043672857442,-.148625375035038,.28979338244685,.,stata_areg_centered_student_vce_unadjusted,1,757999
6584,All,high_inst_m1,-.0280772252926591,-.0666589274702558,.0211265832551549,.0598805577266529,stata_areg_centered_student_vce_unadjusted,272,757999
6585,All,high_inst_m1,-.0509520660276532,-.0895337682052499,.0187321506003317,.0789395628106166,stata_areg_centered_student_vce_unadjusted,514,757999
6586,All,high_inst_m1,-.0282074180784729,-.0667891202560696,.0367267390824168,.0655302840320781,stata_areg_centered_student_vce_unadjusted,89,757999
6641,All,high_inst_m1,-.00868084675781355,-.0472625489354102,.0487945690453108,.0583628743497173,stata_areg_centered_student_vce_unadjusted,47,757999
6643,All,high_inst_m1,-.0304229954293358,-.0690046976069325,.0239485268070055,.0557844175650765,stata_areg_centered_student_vce_unadjusted,232,757999
6644,All,high_inst_m1,-.0549638789996133,-.09354558117721,.0296991498460083,.124281949413316,stata_areg_centered_student_vce_unadjusted,308,757999
6649,All,high_inst_m1,-.0841645786601861,-.122746280837783,.0553881236248088,.060641718942502,stata_areg_centered_student_vce_unadjusted,36,757999
6650,All,high_inst_m1,-.0640549430961451,-.102636645273742,.0432400430419211,.0742121854200598,stata_areg_centered_student_vce_unadjusted,60,757999
6708,All,high_inst_m1,-.0305509420404727,-.0691326442180693,.0281233078331944,.0993838075957578,stata_areg_centered_student_vce_unadjusted,292,757999
6751,All,high_inst_m1,-.0538295801730634,-.0924112823506601,.0158547582799854,.0819319325138738,stata_areg_centered_student_vce_unadjusted,590,757999
6752,All,high_inst_m1,-.0335295104576776,-.0721112126352743,.0160017506821136,.0584743233187607,stata_areg_centered_student_vce_unadjusted,562,757999
6753,All,high_inst_m1,-.0536552820777634,-.0922369842553601,.0191437184886874,.130202619443134,stata_areg_centered_student_vce_unadjusted,272,757999
6754,All,high_inst_m1,-.0810435983114832,-.11962530048908,.0176774066172173,.112778320696873,stata_areg_centered_student_vce_unadjusted,515,757999
6755,All,high_inst_m1,-.0308990017583727,-.0694807039359694,.0188465218907071,.0629158555709951,stata_areg_centered_student_vce_unadjusted,329,757999
6757,All,high_inst_m1,-.0184598717399584,-.0570415739175551,.0600748347508259,.0748791440062239,stata_areg_centered_student_vce_unadjusted,24,757999
6766,All,high_inst_m1,-.0739141262881848,-.112495828465781,.0295129740200268,.0995856155028848,stata_areg_centered_student_vce_unadjusted,155,757999
6770,All,high_inst_m1,-.108990207814239,-.147571909991835,.0420158753000592,.168889134729714,stata_areg_centered_student_vce_unadjusted,132,757999
6772,All,high_inst_m1,.0139389972974202,-.0246427048801765,.0501649344239323,.0503908155517504,stata_areg_centered_student_vce_unadjusted,34,757999
6774,All,high_inst_m1,.035011068949138,-.00357063322845872,.289035608903995,.,stata_areg_centered_student_vce_unadjusted,1,757999
6780,All,high_inst_m1,.0193304997685395,-.0192512024090572,.289947581861865,.,stata_areg_centered_student_vce_unadjusted,1,757999
6787,All,high_inst_m1,.0276724597137446,-.0109092424638521,.0586514570418831,.0546087618942561,stata_areg_centered_student_vce_unadjusted,25,757999
6826,All,high_inst_m1,-.1235830007397,-.162164702917297,.0500657561565878,.149060464081387,stata_areg_centered_student_vce_unadjusted,170,757999
6828,All,high_inst_m1,-.0944821253680241,-.133063827545621,.0337028577909706,.0732822603278178,stata_areg_centered_student_vce_unadjusted,102,757999
6829,All,high_inst_m1,-.0882724508866431,-.12685415306424,.0348087649637191,.208406279958075,stata_areg_centered_student_vce_unadjusted,309,757999
6830,All,high_inst_m1,-.0686338954410108,-.107215597618607,.0276461644225671,.163958352555224,stata_areg_centered_student_vce_unadjusted,292,757999
6832,All,high_inst_m1,-.0859747243652403,-.124556426542837,.0404854354988901,.188702270716188,stata_areg_centered_student_vce_unadjusted,153,757999
6835,All,high_inst_m1,-.129964696362917,-.168546398540513,.0307189301098508,.115443921678693,stata_areg_centered_student_vce_unadjusted,256,757999
6836,All,high_inst_m1,-.0972824691494015,-.135864171326998,.0412109490103822,.121810284811986,stata_areg_centered_student_vce_unadjusted,152,757999
6843,All,high_inst_m1,.120737133421545,.0821554312439479,.048302161613359,.457682123444173,stata_areg_centered_student_vce_unadjusted,230,757999
6844,All,high_inst_m1,.119861302758869,.0812796005812727,.0622525786420365,.478910924144433,stata_areg_centered_student_vce_unadjusted,198,757999
6846,All,high_inst_m1,-.0301887071854764,-.0687704093630731,.0288679207622523,.0570749839463303,stata_areg_centered_student_vce_unadjusted,149,757999
6852,All,high_inst_m1,-.00366977119660352,-.0422514733742002,.290929828537872,.,stata_areg_centered_student_vce_unadjusted,1,757999
6853,All,high_inst_m1,-.0118251730946382,-.0504068752722349,.0550672803243232,.0527247261002488,stata_areg_centered_student_vce_unadjusted,39,757999
6886,All,high_inst_m1,.0803245816109166,.0417428794333199,.409305345698449,.,stata_areg_centered_student_vce_unadjusted,1,757999
6895,All,high_inst_m1,-.0631772992739637,-.10175900145156,.0290867662911204,.0941834320514489,stata_areg_centered_student_vce_unadjusted,232,757999
6896,All,high_inst_m1,-.0741731922067853,-.112754894384382,.0281871953596648,.19076978892249,stata_areg_centered_student_vce_unadjusted,316,757999
6897,All,high_inst_m1,-.0641283947710436,-.10271009694864,.0207899851661224,.0941922346321928,stata_areg_centered_student_vce_unadjusted,419,757999
6899,All,high_inst_m1,-.0104929543249407,-.0490746565025374,.0429046327604891,.0616299128873114,stata_areg_centered_student_vce_unadjusted,64,757999
6922,All,high_inst_m1,.0177009809455016,-.0208807212320951,.0429429664597717,.205526503883608,stata_areg_centered_student_vce_unadjusted,50,757999
6925,All,high_inst_m1,-.025475393882803,-.0640570960603997,.0494346368351043,.0674489315378035,stata_areg_centered_student_vce_unadjusted,43,757999
6929,All,high_inst_m1,-.0532700224898382,-.0918517246674349,.0192758458771206,.0894477961969332,stata_areg_centered_student_vce_unadjusted,573,757999
6983,All,high_inst_m1,-.0233144929878682,-.0618961951654649,.0382096818473069,.0733200374591086,stata_areg_centered_student_vce_unadjusted,104,757999
7004,All,high_inst_m1,-.0626976145831978,-.101279316760795,.0425018608868078,.120189416528518,stata_areg_centered_student_vce_unadjusted,112,757999
7006,All,high_inst_m1,-.0424103536548371,-.0809920558324337,.0224117177903005,.1243972253904,stata_areg_centered_student_vce_unadjusted,412,757999
7015,All,high_inst_m1,-.0432734271730237,-.0818551293506204,.0430102016110485,.0664513487368983,stata_areg_centered_student_vce_unadjusted,181,757999
7031,All,high_inst_m1,-.0096139287381871,-.0481956309157838,.0360838469623923,.128575960244378,stata_areg_centered_student_vce_unadjusted,130,757999
7044,All,high_inst_m1,-.0478437105378838,-.0864254127154805,.0297867708799713,.0652206180920102,stata_areg_centered_student_vce_unadjusted,171,757999
7049,All,high_inst_m1,-.0193608017513345,-.0579425039289312,.0269807455150285,.167005015981704,stata_areg_centered_student_vce_unadjusted,168,757999
7085,All,high_inst_m1,-.0265305177944412,-.0651122199720378,.0555984385519613,.0616222361463909,stata_areg_centered_student_vce_unadjusted,41,757999
7102,All,high_inst_m1,-.0174463570888958,-.0560280592664925,.0224939515056171,.160792110353913,stata_areg_centered_student_vce_unadjusted,220,757999
7128,All,high_inst_m1,-.0340993040986319,-.0726810062762286,.0286905664177075,.195992226122507,stata_areg_centered_student_vce_unadjusted,201,757999
7129,All,high_inst_m1,-.0685211093613048,-.107102811538901,.0182522016905503,.155224221876994,stata_areg_centered_student_vce_unadjusted,622,757999
7135,All,high_inst_m1,-.0102226695703237,-.0488043717479203,.0335200349409491,.058305503175575,stata_areg_centered_student_vce_unadjusted,105,757999
7180,All,high_inst_m1,.211633341452228,.173051639274631,.0558235364218982,.445242390697233,stata_areg_centered_student_vce_unadjusted,81,757999
7181,All,high_inst_m1,-.0479415399413791,-.0865232421189758,.0416879649562531,.163536604229085,stata_areg_centered_student_vce_unadjusted,158,757999
7183,All,high_inst_m1,-.0228431762572114,-.061424878434808,.0356359549446928,.172080248503898,stata_areg_centered_student_vce_unadjusted,108,757999
7200,All,high_inst_m1,-.0509597228651815,-.0895414250427782,.0196581639491521,.113471799485341,stata_areg_centered_student_vce_unadjusted,704,757999
7231,All,high_inst_m1,-.0203194999233412,-.0589012021009379,.288146116937444,.,stata_areg_centered_student_vce_unadjusted,1,757999
7236,All,high_inst_m1,-.0672834909505187,-.105865193128115,.0232273328537865,.12918576501944,stata_areg_centered_student_vce_unadjusted,335,757999
7240,All,high_inst_m1,.00650891242264087,-.0320727897549558,.0465849646605541,.151301691393933,stata_areg_centered_student_vce_unadjusted,49,757999
7276,All,high_inst_m1,-.111664174580971,-.150245876758568,.0353786018286061,.196469829072343,stata_areg_centered_student_vce_unadjusted,294,757999
7299,All,high_inst_m1,-.054491944208891,-.0930736463864877,.0283273512171166,.091503934035491,stata_areg_centered_student_vce_unadjusted,209,757999
7303,All,high_inst_m1,-.0705275354711394,-.109109237648736,.28770484953568,.,stata_areg_centered_student_vce_unadjusted,1,757999
7325,All,high_inst_m1,-.0738685187482671,-.112450220925864,.013938358198773,.17231460422274,stata_areg_centered_student_vce_unadjusted,968,757999
7326,All,high_inst_m1,-.0355072936572583,-.074088995834855,.0176609173294407,.0611351313499474,stata_areg_centered_student_vce_unadjusted,369,757999
7328,All,high_inst_m1,-.0413943342269652,-.0799760364045619,.0197277665304903,.0844980668771335,stata_areg_centered_student_vce_unadjusted,303,757999
7329,All,high_inst_m1,-.0630383044525851,-.101620006630182,.0138445083436918,.0727762193854855,stata_areg_centered_student_vce_unadjusted,847,757999
7331,All,high_inst_m1,-.0477128984959505,-.0862946006735472,.0140673670517938,.0710295203571052,stata_areg_centered_student_vce_unadjusted,773,757999
7388,All,high_inst_m1,-.0934018948503358,-.131983597027932,.0322537675839859,.181394569911248,stata_areg_centered_student_vce_unadjusted,275,757999
7401,All,high_inst_m1,-.0615355063682804,-.100117208545877,.0380562098196376,.251421082557014,stata_areg_centered_student_vce_unadjusted,298,757999
7404,All,high_inst_m1,.0365562763263814,-.00202542585121526,.118852414834108,.0635425217170293,stata_areg_centered_student_vce_unadjusted,6,757999
7406,All,high_inst_m1,-.0333389513109557,-.0719206534885524,.0226390210085448,.406581129062311,stata_areg_centered_student_vce_unadjusted,416,757999
7414,All,high_inst_m1,.0998834616538059,.0613017594762092,.0584317295128571,.491021767367338,stata_areg_centered_student_vce_unadjusted,135,757999
7415,All,high_inst_m1,.368963126405201,.330381424227604,.0560322669938606,.461184073152721,stata_areg_centered_student_vce_unadjusted,169,757999
7416,All,high_inst_m1,.0168840802757093,-.0216976219018874,.0335354951237099,.435758246774532,stata_areg_centered_student_vce_unadjusted,195,757999
7435,All,high_inst_m1,.353799639014007,.31521793683641,.0473515009705263,.468026304830586,stata_areg_centered_student_vce_unadjusted,196,757999
7441,All,high_inst_m1,-.0257498772387926,-.0643315794163892,.0483650319264065,.0672018538726657,stata_areg_centered_student_vce_unadjusted,46,757999
7459,All,high_inst_m1,.0493086110185036,.0107269088409069,.132154031695496,.0264536239947488,stata_areg_centered_student_vce_unadjusted,5,757999
7470,All,high_inst_m1,-.0215790003557823,-.060160702533379,.0221818604715698,.0630163071458349,stata_areg_centered_student_vce_unadjusted,242,757999
7505,All,high_inst_m1,-.0257915012342005,-.0643732034117972,.0247158340875238,.0976905107133957,stata_areg_centered_student_vce_unadjusted,277,757999
7509,All,high_inst_m1,.0114625782977756,-.0271191238798211,.0469374266936053,.0512903720388573,stata_areg_centered_student_vce_unadjusted,46,757999
7536,All,high_inst_m1,-.08109316274514,-.119674864922737,.0306245533982342,.198537433296639,stata_areg_centered_student_vce_unadjusted,325,757999
7542,All,high_inst_m1,-.0402718181575479,-.0788535203351446,.031649493986348,.0658775129444399,stata_areg_centered_student_vce_unadjusted,129,757999
7544,All,high_inst_m1,-.0420276206274144,-.0806093228050111,.052261935180802,.0686199183674675,stata_areg_centered_student_vce_unadjusted,71,757999
7572,All,high_inst_m1,-.0930284748142119,-.131610176991809,.0394515469555121,.0944978755282373,stata_areg_centered_student_vce_unadjusted,141,757999
7578,All,high_inst_m1,-.0421962625250473,-.080777964702644,.0192938442335409,.0776489415416082,stata_areg_centered_student_vce_unadjusted,273,757999
7614,All,high_inst_m1,-.00203030573677317,-.0406120079143699,.0513512092217533,.131050616714926,stata_areg_centered_student_vce_unadjusted,46,757999
7624,All,high_inst_m1,.0813351549621751,.0427534527845784,.0837990911145935,.0355576116323834,stata_areg_centered_student_vce_unadjusted,12,757999
7625,All,high_inst_m1,-.000451902294844934,-.0390336044724416,.0180764336702042,.0607130890653717,stata_areg_centered_student_vce_unadjusted,318,757999
7626,All,high_inst_m1,-.0359839243303524,-.0745656265079491,.0154611673979496,.0676847972584928,stata_areg_centered_student_vce_unadjusted,460,757999
7627,All,high_inst_m1,-.0593428728876235,-.0979245750652201,.0150008357906273,.13226082113575,stata_areg_centered_student_vce_unadjusted,624,757999
7628,All,high_inst_m1,-.0354359268236839,-.0740176290012806,.0179079892948135,.14087529259426,stata_areg_centered_student_vce_unadjusted,324,757999
7629,All,high_inst_m1,-.0182153248411274,-.0567970270187241,.0157773928390424,.0609815185836912,stata_areg_centered_student_vce_unadjusted,456,757999
7639,All,high_inst_m1,-.00168278667073785,-.0402644888483345,.0257812123567736,.225819488871812,stata_areg_centered_student_vce_unadjusted,245,757999
7650,All,high_inst_m1,-.0371446338920333,-.07572633606963,.0308952786629226,.146311452797645,stata_areg_centered_student_vce_unadjusted,121,757999
7651,All,high_inst_m1,.00980688523012167,-.028774816947475,.0325394998599677,.117092694448913,stata_areg_centered_student_vce_unadjusted,101,757999
7655,All,high_inst_m1,.0803025420466005,.0417208398690038,.2929387515789,.,stata_areg_centered_student_vce_unadjusted,1,757999
7667,All,high_inst_m1,.0280015761666958,-.0105801260109008,.111480376984551,.0323829180947245,stata_areg_centered_student_vce_unadjusted,7,757999
7699,All,high_inst_m1,-.0392270139695401,-.0778087161471368,.0158095680781498,.15292446168,stata_areg_centered_student_vce_unadjusted,936,757999
7700,All,high_inst_m1,.129108142076419,.0905264398988226,.0345950163426743,.455937104718059,stata_areg_centered_student_vce_unadjusted,396,757999
7701,All,high_inst_m1,-.0975460673656252,-.136127769543222,.0436811889316898,.263070592813992,stata_areg_centered_student_vce_unadjusted,332,757999
7705,All,high_inst_m1,-.0433542850823016,-.0819359872598983,.0146999945456515,.081519489009686,stata_areg_centered_student_vce_unadjusted,531,757999
7706,All,high_inst_m1,-.0407727969508044,-.0793544991284011,.021454415500935,.264705457753724,stata_areg_centered_student_vce_unadjusted,370,757999
7707,All,high_inst_m1,-.0106836451537791,-.0492653473313758,.0345806231196094,.317961438122638,stata_areg_centered_student_vce_unadjusted,276,757999
7709,All,high_inst_m1,-.0676149360377635,-.10619663821536,.025316730296603,.142426117614873,stata_areg_centered_student_vce_unadjusted,282,757999
7717,All,high_inst_m1,.421342870391815,.382761168214219,.062697324516488,.481746714792433,stata_areg_centered_student_vce_unadjusted,163,757999
7718,All,high_inst_m1,.234023721195556,.195442019017959,.0471450514366372,.415520736000424,stata_areg_centered_student_vce_unadjusted,89,757999
7720,All,high_inst_m1,-.0463488324267014,-.0849305346042981,.0191458795865424,.104046376224585,stata_areg_centered_student_vce_unadjusted,354,757999
7722,All,high_inst_m1,-.0495147940087308,-.0880964961863275,.0372204980559893,.111818648086994,stata_areg_centered_student_vce_unadjusted,103,757999
7724,All,high_inst_m1,-.0585242513286272,-.0971059535062238,.0404439242039704,.0874145656945016,stata_areg_centered_student_vce_unadjusted,73,757999
7742,All,high_inst_m1,.0556266532868651,.0170449511092685,.0336006501864789,.430633310922867,stata_areg_centered_student_vce_unadjusted,254,757999
7743,All,high_inst_m1,-.074401698041009,-.112983400218606,.0217338583768171,.149700904170103,stata_areg_centered_student_vce_unadjusted,489,757999
7744,All,high_inst_m1,-.0310682594890313,-.0696499616666279,.0354616842574459,.258844608821322,stata_areg_centered_student_vce_unadjusted,308,757999
7753,All,high_inst_m1,-.0590869076028639,-.0976686097804606,.0582711076421516,.130056838776372,stata_areg_centered_student_vce_unadjusted,64,757999
7760,All,high_inst_m1,-.0138940077886019,-.0524757099661986,.0559083103996077,.0755432205615532,stata_areg_centered_student_vce_unadjusted,42,757999
7772,All,high_inst_m1,-.00512986405889288,-.0437115662364896,.0231752103431728,.0841139712709489,stata_areg_centered_student_vce_unadjusted,324,757999
7773,All,high_inst_m1,-.0401551559750324,-.0787368581526291,.0363696266228862,.1264715906892,stata_areg_centered_student_vce_unadjusted,141,757999
7775,All,high_inst_m1,-.00176864615948706,-.0403503483370837,.048700899329847,.108479647037941,stata_areg_centered_student_vce_unadjusted,55,757999
7776,All,high_inst_m1,-.0180946551364353,-.0566763573140319,.0662484421515738,.0737299278132508,stata_areg_centered_student_vce_unadjusted,25,757999
7826,All,high_inst_m1,-.034058368597367,-.0726400707749637,.0248523717509696,.179531211967502,stata_areg_centered_student_vce_unadjusted,381,757999
7830,All,high_inst_m1,-.0348868365767063,-.0734685387543029,.0325413636098736,.105057229450425,stata_areg_centered_student_vce_unadjusted,121,757999
7872,All,high_inst_m1,-.0281355474931325,-.0667172496707291,.0517999341250165,.128524025026374,stata_areg_centered_student_vce_unadjusted,60,757999
7907,All,high_inst_m1,-.0527877415552689,-.0913694437328656,.0293111365697813,.140472641763456,stata_areg_centered_student_vce_unadjusted,276,757999
7941,All,high_inst_m1,-.0289316067931908,-.0675133089707875,.0287695465905339,.0724536809725288,stata_areg_centered_student_vce_unadjusted,267,757999
7942,All,high_inst_m1,-.0117804213835202,-.0503621235611168,.0332648736441137,.196708305101826,stata_areg_centered_student_vce_unadjusted,197,757999
7956,All,high_inst_m1,-.0210802140274739,-.0596619162050706,.0231624656093068,.11852653679842,stata_areg_centered_student_vce_unadjusted,278,757999
7970,All,high_inst_m1,.0248321082294986,-.0137495939480981,.118217886607876,.0420906479331559,stata_areg_centered_student_vce_unadjusted,6,757999
7973,All,high_inst_m1,-.0343139490658371,-.0728956512434338,.0174773598198204,.0919830922063856,stata_areg_centered_student_vce_unadjusted,418,757999
7989,All,high_inst_m1,-.0542094335039634,-.0927911356815601,.0465942530143526,.163093765647256,stata_areg_centered_student_vce_unadjusted,151,757999
8000,All,high_inst_m1,.0569792780435758,.0183975758659791,.0657605519362671,.419212573866262,stata_areg_centered_student_vce_unadjusted,59,757999
8001,All,high_inst_m1,-.0561006885264849,-.0946823907040816,.0161345946496596,.0868582604820396,stata_areg_centered_student_vce_unadjusted,904,757999
8002,All,high_inst_m1,-.05209254909458,-.0906742512721767,.018356213280481,.246079092400964,stata_areg_centered_student_vce_unadjusted,738,757999
8005,All,high_inst_m1,-.0196325768545185,-.0582142790321152,.0565706739311649,.0734663330839493,stata_areg_centered_student_vce_unadjusted,29,757999
8044,All,high_inst_m1,-.000822012047359532,-.0394037142249562,.0286123225571579,.0584180277938295,stata_areg_centered_student_vce_unadjusted,162,757999
8105,All,high_inst_m1,-.05956678863667,-.0981484908142667,.0231778697100046,.203253431026083,stata_areg_centered_student_vce_unadjusted,345,757999
8107,All,high_inst_m1,.0842525496628366,.0456708474852399,.293773812111872,.,stata_areg_centered_student_vce_unadjusted,1,757999
8108,All,high_inst_m1,-.0302579641746381,-.0688396663522348,.020927434036092,.0996587294134485,stata_areg_centered_student_vce_unadjusted,583,757999
8109,All,high_inst_m1,-.0290942372461934,-.0676759394237901,.0206069803456235,.15598317886844,stata_areg_centered_student_vce_unadjusted,522,757999
8111,All,high_inst_m1,-.0161301288912049,-.0547118310688016,.0341334375509567,.0754346403477995,stata_areg_centered_student_vce_unadjusted,120,757999
8162,All,high_inst_m1,-.0244169413750126,-.0629986435526093,.0303403768460318,.0955595291332205,stata_areg_centered_student_vce_unadjusted,176,757999
8174,All,high_inst_m1,-.0312750299460677,-.0698567321236644,.0286344348496677,.136001326391775,stata_areg_centered_student_vce_unadjusted,300,757999
8194,All,high_inst_m1,-.0493664918652198,-.0879481940428165,.0354559894158591,.166020176455132,stata_areg_centered_student_vce_unadjusted,169,757999
8195,All,high_inst_m1,.0427768300533359,.00419512787573925,.149055814916271,.0276534758486456,stata_areg_centered_student_vce_unadjusted,4,757999
8206,All,high_inst_m1,-.0313531724982116,-.0699348746758083,.0276980291900002,.0851709388173116,stata_areg_centered_student_vce_unadjusted,232,757999
8255,All,high_inst_m1,-.0661991803330447,-.104780882510641,.0267475533091127,.0882869582837641,stata_areg_centered_student_vce_unadjusted,314,757999
8309,All,high_inst_m1,-.0527660712130182,-.0913477733906149,.102662620088776,.138214357513951,stata_areg_centered_student_vce_unadjusted,51,757999
8310,All,high_inst_m1,-.0668196643505355,-.105401366528132,.0438459825757634,.125700914093558,stata_areg_centered_student_vce_unadjusted,99,757999
8331,All,high_inst_m1,4.80578449700313e-06,-.0385768963930997,.0512371031115102,.235513778940372,stata_areg_centered_student_vce_unadjusted,88,757999
8339,All,high_inst_m1,-.0818313353694188,-.120413037547015,.0658964576853769,.198647058788866,stata_areg_centered_student_vce_unadjusted,63,757999
8345,All,high_inst_m1,-.0176471175506539,-.0562288197282506,.0239871358353238,.0678566421931098,stata_areg_centered_student_vce_unadjusted,285,757999
8352,All,high_inst_m1,.0123345855989741,-.0262471165786226,.0417464243970544,.117688225015198,stata_areg_centered_student_vce_unadjusted,81,757999
8365,All,high_inst_m1,-.0146333418865227,-.0532150440641194,.0273379699396536,.347367059010507,stata_areg_centered_student_vce_unadjusted,619,757999
8367,All,high_inst_m1,-.0238617428295028,-.0624434450070995,.0310031307286044,.230974257190039,stata_areg_centered_student_vce_unadjusted,212,757999
8369,All,high_inst_m1,-.00838552139636692,-.0469672235739636,.0300593410146441,.0551554743425877,stata_areg_centered_student_vce_unadjusted,130,757999
8375,All,high_inst_m1,.0185014612178218,-.0200802409597749,.0324690766296753,.0834478714686746,stata_areg_centered_student_vce_unadjusted,233,757999
8379,All,high_inst_m1,-.000438254610756475,-.0390199567883532,.129099405318665,.0844019725270529,stata_areg_centered_student_vce_unadjusted,6,757999
8380,All,high_inst_m1,.0249364229656957,-.013645279211901,.0497100553138747,.174516308077627,stata_areg_centered_student_vce_unadjusted,60,757999
8391,All,high_inst_m1,.0379748833602337,-.000606818817362971,.0495472347336245,.211002274413949,stata_areg_centered_student_vce_unadjusted,76,757999
8392,All,high_inst_m1,-.0682868174571514,-.106868519634748,.0599841554702355,.0725566291989695,stata_areg_centered_student_vce_unadjusted,50,757999
8394,All,high_inst_m1,-.0328259374799035,-.0714076396575002,.0496873247948175,.229151419691754,stata_areg_centered_student_vce_unadjusted,159,757999
8403,All,high_inst_m1,-.00775693190595584,-.0463386340835525,.0663007846423428,.0673962633924544,stata_areg_centered_student_vce_unadjusted,30,757999
8409,All,high_inst_m1,-.0827730650569264,-.121354767234523,.0885502705341962,.0696806593419236,stata_areg_centered_student_vce_unadjusted,26,757999
8410,All,high_inst_m1,.0939588359805599,.0553771338029632,.293123255738211,.,stata_areg_centered_student_vce_unadjusted,1,757999
8411,All,high_inst_m1,-.000876615908798211,-.0394583180863949,.0331003018741381,.0901280749458897,stata_areg_centered_student_vce_unadjusted,201,757999
8421,All,high_inst_m1,-.0452438217904795,-.0838255239680762,.0359136231416206,.173239067138316,stata_areg_centered_student_vce_unadjusted,254,757999
8422,All,high_inst_m1,-.0287759260745943,-.0673576282521909,.0439350791304649,.22286914583528,stata_areg_centered_student_vce_unadjusted,93,757999
8424,All,high_inst_m1,-.0407232580455412,-.0793049602231378,.0185022210247957,.0676435270238402,stata_areg_centered_student_vce_unadjusted,414,757999
8425,All,high_inst_m1,-.014147715884681,-.0527294180622777,.0208767932424192,.0581058850857011,stata_areg_centered_student_vce_unadjusted,280,757999
8427,All,high_inst_m1,-.0153709485094283,-.053952650687025,.0219523341588466,.0650639243750942,stata_areg_centered_student_vce_unadjusted,241,757999
8429,All,high_inst_m1,-.0614448977670697,-.100026599944666,.0179885857279531,.100041416126346,stata_areg_centered_student_vce_unadjusted,384,757999
8430,All,high_inst_m1,-.0333626529710936,-.0719443551486903,.0269554999838113,.0791719776589033,stata_areg_centered_student_vce_unadjusted,131,757999
8432,All,high_inst_m1,.00933640903861939,-.0292452931389773,.0486679433638346,.0543135128592265,stata_areg_centered_student_vce_unadjusted,37,757999
8442,All,high_inst_m1,-.0420132656764049,-.0805949678540016,.0245428508623967,.163363904464883,stata_areg_centered_student_vce_unadjusted,208,757999
8454,All,high_inst_m1,-.0456308446270362,-.0842125468046329,.021192910456408,.104636444960969,stata_areg_centered_student_vce_unadjusted,405,757999
8455,All,high_inst_m1,-.0458169774318486,-.0843986796094453,.0287668612896654,.216824990861986,stata_areg_centered_student_vce_unadjusted,281,757999
8457,All,high_inst_m1,-.0487839383378789,-.0873656405154756,.0254347952204773,.0703370436099424,stata_areg_centered_student_vce_unadjusted,234,757999
8458,All,high_inst_m1,-.0449648266526863,-.0835465288302829,.0280522687931541,.124554328768944,stata_areg_centered_student_vce_unadjusted,239,757999
8463,All,high_inst_m1,.24038221924266,.201800517065063,.0444973515449611,.477033763045807,stata_areg_centered_student_vce_unadjusted,119,757999
8464,All,high_inst_m1,.170080705602359,.131499003424763,.0404232518971287,.47305447373107,stata_areg_centered_student_vce_unadjusted,169,757999
8474,All,high_inst_m1,-.0312476952167358,-.0698293973943325,.0378526171281873,.162674206440232,stata_areg_centered_student_vce_unadjusted,249,757999
8483,All,high_inst_m1,-.0912022212492198,-.129783923426816,.0411405847381571,.133556542249487,stata_areg_centered_student_vce_unadjusted,80,757999
8485,All,high_inst_m1,.212369830628775,.173788128451178,.0113560208756913,.472597406923225,stata_areg_centered_student_vce_unadjusted,2423,757999
8487,All,high_inst_m1,.156813148664014,.118231446486418,.0112521118922478,.45508518023851,stata_areg_centered_student_vce_unadjusted,1693,757999
8488,All,high_inst_m1,.0483671817012853,.00978547952368857,.0192559896741896,.306226973738494,stata_areg_centered_student_vce_unadjusted,235,757999
8489,All,high_inst_m1,.113761772890904,.0751800707133073,.0184976017698435,.385486730175287,stata_areg_centered_student_vce_unadjusted,266,757999
8490,All,high_inst_m1,.0167342486179246,-.021847453559672,.0249663786018791,.250021500894608,stata_areg_centered_student_vce_unadjusted,140,757999
8491,All,high_inst_m1,.0524454308738182,.0138637286962216,.0111724270445019,.364107671459015,stata_areg_centered_student_vce_unadjusted,928,757999
8492,All,high_inst_m1,.0281386955446625,-.0104430066329341,.0142722829313453,.32477072938131,stata_areg_centered_student_vce_unadjusted,434,757999
8494,All,high_inst_m1,.0359257971120825,-.00265590506551418,.0217112926823744,.258274556827285,stata_areg_centered_student_vce_unadjusted,185,757999
8495,All,high_inst_m1,.0543342450149653,.0157525428373686,.0241968769382402,.319666322960396,stata_areg_centered_student_vce_unadjusted,144,757999
8496,All,high_inst_m1,.00801610231798023,-.0305655998596164,.0247864669894172,.218795260876032,stata_areg_centered_student_vce_unadjusted,138,757999
8497,All,high_inst_m1,.0527479324174796,.0141662302398829,.0319748304059012,.272694579580767,stata_areg_centered_student_vce_unadjusted,105,757999
8498,All,high_inst_m1,.0682216771313013,.0296399749537046,.0239575672325052,.316961178535606,stata_areg_centered_student_vce_unadjusted,149,757999
8499,All,high_inst_m1,.114508763306629,.0759270611290324,.0125914233273121,.398010178718101,stata_areg_centered_student_vce_unadjusted,680,757999
8500,All,high_inst_m1,.0173454574002168,-.0212362447773799,.0147284734500181,.242857156141003,stata_areg_centered_student_vce_unadjusted,406,757999
8501,All,high_inst_m1,.0389244822793453,.00034278010174859,.0311161560151693,.267090084525909,stata_areg_centered_student_vce_unadjusted,89,757999
8502,All,high_inst_m1,.00186969848570984,-.0367120036918868,.0136406675537549,.23456567808736,stata_areg_centered_student_vce_unadjusted,530,757999
8503,All,high_inst_m1,.0534647019027661,.0148829997251694,.0107444956907356,.342495718426171,stata_areg_centered_student_vce_unadjusted,870,757999
8504,All,high_inst_m1,.00930338832053261,-.0292783138570641,.0122635957937666,.201294732101116,stata_areg_centered_student_vce_unadjusted,591,757999
8505,All,high_inst_m1,.0304497258183178,-.00813197635927884,.0113507406407112,.232678651195998,stata_areg_centered_student_vce_unadjusted,700,757999
8506,All,high_inst_m1,.061978437741364,.0233967355637673,.0116751141744966,.314390283846932,stata_areg_centered_student_vce_unadjusted,671,757999
8507,All,high_inst_m1,.00988508452335619,-.0286966176542405,.0101817956893213,.260906948271048,stata_areg_centered_student_vce_unadjusted,872,757999
8508,All,high_inst_m1,.0334252108575103,-.00515649132008634,.0286531335580934,.264416625594911,stata_areg_centered_student_vce_unadjusted,106,757999
8510,All,high_inst_m1,.0611861216615383,.0226044194839416,.0224809992432066,.287342494623143,stata_areg_centered_student_vce_unadjusted,171,757999
8511,All,high_inst_m1,.128296366998255,.0897146648206587,.0285042280688331,.411359124821444,stata_areg_centered_student_vce_unadjusted,191,757999
8514,All,high_inst_m1,.0719458768308752,.0333641746532786,.0193518629200956,.347864308661724,stata_areg_centered_student_vce_unadjusted,330,757999
8518,All,high_inst_m1,.0332592904595248,-.00532241171807189,.0402626019237637,.21587769239004,stata_areg_centered_student_vce_unadjusted,72,757999
8535,All,high_inst_m1,.103816922932036,.0652352207544394,.0400756173921983,.371808882053061,stata_areg_centered_student_vce_unadjusted,69,757999
8542,All,high_inst_m1,.0992048168505084,.0606231146729117,.0389829820673776,.374241650679678,stata_areg_centered_student_vce_unadjusted,126,757999
8553,All,high_inst_m1,.0264405450273445,-.0121411571502521,.0216082849418777,.0783921303012849,stata_areg_centered_student_vce_unadjusted,187,757999
8554,All,high_inst_m1,-.0185622317146538,-.0571439338922504,.0490949853563495,.0677406936648314,stata_areg_centered_student_vce_unadjusted,35,757999
8571,All,high_inst_m1,.0342172903613369,-.00436441181625977,.117711586038396,.0562671633588139,stata_areg_centered_student_vce_unadjusted,6,757999
8587,All,high_inst_m1,.0169019058261221,-.0216797963514746,.0305308914505659,.13405895434978,stata_areg_centered_student_vce_unadjusted,91,757999
8589,All,high_inst_m1,.103135017267958,.0645533150903616,.0255272615707993,.37709612002102,stata_areg_centered_student_vce_unadjusted,457,757999
8592,All,high_inst_m1,.0921090266467357,.053527324469139,.025854694207803,.414305954370557,stata_areg_centered_student_vce_unadjusted,288,757999
8598,All,high_inst_m1,.0147960049771295,-.0237856972004672,.0208441392412828,.313138166454731,stata_areg_centered_student_vce_unadjusted,200,757999
8601,All,high_inst_m1,.0527200320650082,.0141383298874115,.0314427474910043,.362410288122063,stata_areg_centered_student_vce_unadjusted,85,757999
8603,All,high_inst_m1,.0908674583751455,.0522857561975488,.0109906916227858,.408521138519393,stata_areg_centered_student_vce_unadjusted,1215,757999
8604,All,high_inst_m1,.199065176243125,.160483474065528,.0394155482016249,.447431495254485,stata_areg_centered_student_vce_unadjusted,245,757999
8609,All,high_inst_m1,.334542916590697,.2959612144131,.0303278260435268,.466036387052182,stata_areg_centered_student_vce_unadjusted,367,757999
8611,All,high_inst_m1,.0526721344895845,.0140904323119878,.0258839685223968,.398653501351606,stata_areg_centered_student_vce_unadjusted,305,757999
8613,All,high_inst_m1,.042372037984981,.00379033580738434,.0411732839621775,.415983626507965,stata_areg_centered_student_vce_unadjusted,119,757999
8614,All,high_inst_m1,.0919634421579812,.0533817399803845,.0246228840032378,.38775975139802,stata_areg_centered_student_vce_unadjusted,285,757999
8615,All,high_inst_m1,.117157339031766,.078575636854169,.0393884843849662,.402116647998206,stata_areg_centered_student_vce_unadjusted,63,757999
8616,All,high_inst_m1,.00609863246208704,-.0324830697155096,.0185735399824141,.187826977359921,stata_areg_centered_student_vce_unadjusted,271,757999
8617,All,high_inst_m1,.00364391980027031,-.0349377823773264,.0118663265463684,.215661391316897,stata_areg_centered_student_vce_unadjusted,619,757999
8618,All,high_inst_m1,.0584708326291157,.019889130451519,.0283877523846504,.355244604709673,stata_areg_centered_student_vce_unadjusted,111,757999
8620,All,high_inst_m1,.0470189669903542,.00843726481275752,.0377219017441602,.341103378099408,stata_areg_centered_student_vce_unadjusted,91,757999
8625,All,high_inst_m1,.0240330099975858,-.0145486921800109,.0174261708506363,.232378995164207,stata_areg_centered_student_vce_unadjusted,320,757999
8627,All,high_inst_m1,.0504036256364362,.0118219234588395,.0167199394361,.381321137413431,stata_areg_centered_student_vce_unadjusted,439,757999
8629,All,high_inst_m1,.0422749512986651,.0036932491210684,.0216018401985032,.307794632843541,stata_areg_centered_student_vce_unadjusted,268,757999
8631,All,high_inst_m1,.0233190987828051,-.0152626033947916,.0381245458515978,.230245916729802,stata_areg_centered_student_vce_unadjusted,82,757999
8632,All,high_inst_m1,.0261998492699404,-.0123818529076563,.0214984930813889,.302479837067212,stata_areg_centered_student_vce_unadjusted,379,757999
8634,All,high_inst_m1,.0613825730485507,.022800870870954,.0325728873241355,.419822654812581,stata_areg_centered_student_vce_unadjusted,249,757999
8636,All,high_inst_m1,.106563688494419,.0679819863168226,.0318355864028304,.441530763917257,stata_areg_centered_student_vce_unadjusted,507,757999
8639,All,high_inst_m1,.0837337646722966,.0451520624947,.0236911357362839,.392198282500892,stata_areg_centered_student_vce_unadjusted,196,757999
8643,All,high_inst_m1,.023669804824634,-.0149118973529627,.0182951633474928,.294599758251967,stata_areg_centered_student_vce_unadjusted,271,757999
8644,All,high_inst_m1,-.0253706034025437,-.0639523055801404,.0173529995105591,.112861156491435,stata_areg_centered_student_vce_unadjusted,291,757999
8645,All,high_inst_m1,.111381009163496,.0727993069858989,.0221013038120712,.353781875202147,stata_areg_centered_student_vce_unadjusted,465,757999
8649,All,high_inst_m1,.167648947367351,.129067245189754,.0392941948649907,.412800321248099,stata_areg_centered_student_vce_unadjusted,127,757999
8650,All,high_inst_m1,.0779756950944933,.0393939929168966,.0209689635779877,.334324826777443,stata_areg_centered_student_vce_unadjusted,265,757999
8652,All,high_inst_m1,.165638761908925,.127057059731329,.0304210535497474,.434143493399441,stata_areg_centered_student_vce_unadjusted,152,757999
8654,All,high_inst_m1,-.00938409215803375,-.0479657943356304,.0338274319607599,.124102395077925,stata_areg_centered_student_vce_unadjusted,76,757999
8657,All,high_inst_m1,.0168176960200128,-.0217640061575838,.0375628877937394,.16767022724814,stata_areg_centered_student_vce_unadjusted,83,757999
8658,All,high_inst_m1,.143808213838417,.10522651166082,.0262262491372906,.422208831526328,stata_areg_centered_student_vce_unadjusted,164,757999
8663,All,high_inst_m1,.0966436699010946,.0580619677234979,.0185459348363142,.372741040003986,stata_areg_centered_student_vce_unadjusted,313,757999
8666,All,high_inst_m1,.0577239415703582,.0191422393927615,.0433618860540327,.335826954099464,stata_areg_centered_student_vce_unadjusted,118,757999
8671,All,high_inst_m1,.147240672380615,.108658970203019,.0447447093642588,.429000538827089,stata_areg_centered_student_vce_unadjusted,91,757999
8675,All,high_inst_m1,.090106997406023,.0515252952284263,.0265235733672447,.365894079913271,stata_areg_centered_student_vce_unadjusted,182,757999
8676,All,high_inst_m1,.0923357385020225,.0537540363244258,.0331197946506934,.369753901314474,stata_areg_centered_student_vce_unadjusted,216,757999
8680,All,high_inst_m1,.143692546888431,.105110844710834,.0255515647837352,.407392699457681,stata_areg_centered_student_vce_unadjusted,200,757999
8681,All,high_inst_m1,.163271613875029,.124689911697433,.0330950091970908,.411930839962878,stata_areg_centered_student_vce_unadjusted,302,757999
8682,All,high_inst_m1,.101046999814248,.0624652976366515,.0320378252335905,.413895553140913,stata_areg_centered_student_vce_unadjusted,328,757999
8697,All,high_inst_m1,.0817678259143834,.0431861237367867,.033217317677031,.412888107351755,stata_areg_centered_student_vce_unadjusted,273,757999
8715,All,high_inst_m1,-.00259062337092124,-.0411723255485179,.0505966863257328,.305125427709118,stata_areg_centered_student_vce_unadjusted,51,757999
8724,All,high_inst_m1,-.0107790496110486,-.0493607517886453,.0311889660585917,.283519291295662,stata_areg_centered_student_vce_unadjusted,104,757999
8740,All,high_inst_m1,.0825921651654181,.0440104629878214,.0420293298327388,.397885448627987,stata_areg_centered_student_vce_unadjusted,146,757999
8748,All,high_inst_m1,.329331664124134,.290749961946537,.0295607365615623,.432819384265362,stata_areg_centered_student_vce_unadjusted,562,757999
8750,All,high_inst_m1,.141734354081685,.103152651904088,.0289121571614704,.460047563823684,stata_areg_centered_student_vce_unadjusted,347,757999
8754,All,high_inst_m1,.116932478062539,.0783507758849427,.0323763574140634,.459583228623671,stata_areg_centered_student_vce_unadjusted,253,757999
8755,All,high_inst_m1,.220783258476322,.182201556298725,.0452297380007971,.466647551759734,stata_areg_centered_student_vce_unadjusted,72,757999
8756,All,high_inst_m1,.0746822423161864,.0361005401385898,.0144612793155112,.399881326875494,stata_areg_centered_student_vce_unadjusted,559,757999
8757,All,high_inst_m1,.269140724708131,.230559022530534,.0276602398041084,.477005635350969,stata_areg_centered_student_vce_unadjusted,493,757999
8759,All,high_inst_m1,.124625446804024,.0860437446264268,.0548318589665736,.403505812746782,stata_areg_centered_student_vce_unadjusted,43,757999
8761,All,high_inst_m1,.231044559478951,.192462857301354,.0326280109018004,.477423706261585,stata_areg_centered_student_vce_unadjusted,318,757999
8762,All,high_inst_m1,.160844094057963,.122262391880366,.0429558014868154,.474673390461857,stata_areg_centered_student_vce_unadjusted,84,757999
8769,All,high_inst_m1,.141206918345251,.102625216167655,.0382466045316084,.469428557001604,stata_areg_centered_student_vce_unadjusted,170,757999
8791,All,high_inst_m1,.143994378835107,.10541267665751,.0284852663995819,.43925318264863,stata_areg_centered_student_vce_unadjusted,269,757999
8811,All,high_inst_m1,-.00174450331936301,-.0403262054969597,.0119943217013636,.261049798521866,stata_areg_centered_student_vce_unadjusted,608,757999
8812,All,high_inst_m1,.0610394902690982,.0224577880915015,.0169851583410665,.272988870338856,stata_areg_centered_student_vce_unadjusted,302,757999
8813,All,high_inst_m1,.0124283003550544,-.0261534018225423,.0129498167369336,.211364466583519,stata_areg_centered_student_vce_unadjusted,551,757999
8814,All,high_inst_m1,-.0126604868183638,-.0512421889959605,.0254763068534928,.170848828507064,stata_areg_centered_student_vce_unadjusted,133,757999
8815,All,high_inst_m1,.194399454837985,.155817752660388,.0373951213768431,.438946317033487,stata_areg_centered_student_vce_unadjusted,260,757999
8818,All,high_inst_m1,.126498791711433,.0879170895338364,.0334036274529854,.439931661749858,stata_areg_centered_student_vce_unadjusted,213,757999
8819,All,high_inst_m1,.129082487969666,.0905007857920695,.0273209924507094,.427211962057111,stata_areg_centered_student_vce_unadjusted,193,757999
8821,All,high_inst_m1,.357113326328,.318531624150403,.0329570773991121,.462819073727141,stata_areg_centered_student_vce_unadjusted,375,757999
8822,All,high_inst_m1,.165646495900551,.127064793722955,.0291215122353756,.404137748392942,stata_areg_centered_student_vce_unadjusted,156,757999
8825,All,high_inst_m1,.179070198198065,.140488496020468,.0286470122684193,.422257731123023,stata_areg_centered_student_vce_unadjusted,221,757999
8827,All,high_inst_m1,.134655761761434,.096074059583837,.0344777141040119,.455418878477029,stata_areg_centered_student_vce_unadjusted,246,757999
8828,All,high_inst_m1,.147634076458706,.109052374281109,.0273007801399797,.408628976585481,stata_areg_centered_student_vce_unadjusted,290,757999
8833,All,high_inst_m1,.369277969654012,.330696267476415,.0508590698714795,.472366073153814,stata_areg_centered_student_vce_unadjusted,131,757999
8835,All,high_inst_m1,.144761095012115,.106179392834518,.027105970956321,.384153243650015,stata_areg_centered_student_vce_unadjusted,173,757999
8839,All,high_inst_m1,.0403459741955105,.00176427201791386,.0462959644281992,.0720262954976192,stata_areg_centered_student_vce_unadjusted,45,757999
8841,All,high_inst_m1,.0814425284773475,.0428608262997508,.0387957477789353,.360544411513792,stata_areg_centered_student_vce_unadjusted,238,757999
8846,All,high_inst_m1,.314314219465511,.275732517287914,.0269960306788333,.476781594194582,stata_areg_centered_student_vce_unadjusted,222,757999
8849,All,high_inst_m1,.118881064931975,.080299362754378,.0329211059946835,.422633292673641,stata_areg_centered_student_vce_unadjusted,251,757999
8854,All,high_inst_m1,.192563964955231,.153982262777634,.0367958683185656,.445839421107126,stata_areg_centered_student_vce_unadjusted,122,757999
8860,All,high_inst_m1,.192216875457408,.153635173279811,.0520204525761469,.475881520892774,stata_areg_centered_student_vce_unadjusted,38,757999
8861,All,high_inst_m1,.137717008858199,.0991353066806027,.0371095485091206,.484759735286011,stata_areg_centered_student_vce_unadjusted,88,757999
8862,All,high_inst_m1,.56403235830607,.525450656128473,.0586805467136767,.252588674477207,stata_areg_centered_student_vce_unadjusted,395,757999
8863,All,high_inst_m1,.288294991948094,.249713289770497,.0539747073830283,.434907468130671,stata_areg_centered_student_vce_unadjusted,257,757999
8867,All,high_inst_m1,.500553291374511,.461971589196914,.0396548334935313,.332333044803632,stata_areg_centered_student_vce_unadjusted,235,757999
8868,All,high_inst_m1,.453322153225622,.414740451048026,.0495146928675579,.399182621891286,stata_areg_centered_student_vce_unadjusted,196,757999
8869,All,high_inst_m1,.490953056246271,.452371354068674,.0485665647707104,.269737250890553,stata_areg_centered_student_vce_unadjusted,305,757999
8870,All,high_inst_m1,.381102346090342,.342520643912746,.0273337799261822,.442894449678794,stata_areg_centered_student_vce_unadjusted,337,757999
8871,All,high_inst_m1,.558519983388337,.51993828121074,.0582475581726335,.245237412869139,stata_areg_centered_student_vce_unadjusted,239,757999
8872,All,high_inst_m1,.333474545816758,.294892843639161,.061377621813793,.409289324813727,stata_areg_centered_student_vce_unadjusted,201,757999
8873,All,high_inst_m1,.456666473126328,.418084770948732,.066285646002469,.19535389413535,stata_areg_centered_student_vce_unadjusted,430,757999
8876,All,high_inst_m1,-.137418343620082,-.176000045797678,.0835040731216273,.349024231995445,stata_areg_centered_student_vce_unadjusted,12,757999
8877,All,high_inst_m1,.511443402851982,.472861700674385,.039176074616869,.367694088338253,stata_areg_centered_student_vce_unadjusted,506,757999
8878,All,high_inst_m1,.401209889062855,.362628186885258,.0389824494196791,.361950648941661,stata_areg_centered_student_vce_unadjusted,258,757999
8880,All,high_inst_m1,-.0617378490823372,-.100319551259934,.0597820766077729,.459074302888587,stata_areg_centered_student_vce_unadjusted,183,757999
8885,All,high_inst_m1,.576866911827445,.538285209649848,.051213076298922,.379515238052272,stata_areg_centered_student_vce_unadjusted,199,757999
8888,All,high_inst_m1,.55207151764892,.513489815471324,.0480996344020003,.250657144203912,stata_areg_centered_student_vce_unadjusted,525,757999
8892,All,high_inst_m1,.235459793818324,.196878091640727,.0242898011403811,.466152781612862,stata_areg_centered_student_vce_unadjusted,357,757999
8893,All,high_inst_m1,.405017590797653,.366435888620056,.0405788001781138,.487415654086816,stata_areg_centered_student_vce_unadjusted,272,757999
8894,All,high_inst_m1,.518460981157909,.479879278980312,.0429681914334616,.388369903892186,stata_areg_centered_student_vce_unadjusted,153,757999
8895,All,high_inst_m1,-.0557164063971381,-.0942981085747348,.0602453289065381,.337528066663073,stata_areg_centered_student_vce_unadjusted,34,757999
8900,All,high_inst_m1,.27309871578873,.234517013611133,.0287522807023831,.47234462479201,stata_areg_centered_student_vce_unadjusted,263,757999
8902,All,high_inst_m1,.514106647321092,.475524945143495,.0627222523019758,.259061423209134,stata_areg_centered_student_vce_unadjusted,244,757999
8903,All,high_inst_m1,.459977667083931,.421395964906334,.0621445787578098,.432698095790052,stata_areg_centered_student_vce_unadjusted,101,757999
8904,All,high_inst_m1,.494462516459135,.455880814281539,.0587300103264108,.282035084274306,stata_areg_centered_student_vce_unadjusted,195,757999
8905,All,high_inst_m1,.160531967892005,.121950265714408,.0398529409964944,.479288203195435,stata_areg_centered_student_vce_unadjusted,91,757999
8906,All,high_inst_m1,.546934560321908,.508352858144312,.0471772918737854,.306592146018285,stata_areg_centered_student_vce_unadjusted,677,757999
8909,All,high_inst_m1,.293344937477753,.254763235300156,.0427724758911855,.421645210798853,stata_areg_centered_student_vce_unadjusted,279,757999
8911,All,high_inst_m1,.220865259267775,.182283557090179,.0623948270452305,.454762886758536,stata_areg_centered_student_vce_unadjusted,56,757999
8914,All,high_inst_m1,.330786456486872,.292204754309276,.0473517147597755,.478049880681259,stata_areg_centered_student_vce_unadjusted,69,757999
8917,All,high_inst_m1,.427232252877395,.388650550699798,.0533580801165188,.375654349231964,stata_areg_centered_student_vce_unadjusted,336,757999
8919,All,high_inst_m1,.437287166566544,.398705464388947,.0325129633726878,.441145214400302,stata_areg_centered_student_vce_unadjusted,257,757999
8921,All,high_inst_m1,.223077782075845,.184496079898248,.0378784123022733,.49188560147623,stata_areg_centered_student_vce_unadjusted,83,757999
8923,All,high_inst_m1,.123632831963332,.0850511297857354,.048812956204944,.492461705370161,stata_areg_centered_student_vce_unadjusted,507,757999
8925,All,high_inst_m1,.0991037215693358,.0605220193917392,.0113593010533564,.390064603005489,stata_areg_centered_student_vce_unadjusted,763,757999
8926,All,high_inst_m1,.182927716194439,.144346014016842,.0136949229460163,.451665000934684,stata_areg_centered_student_vce_unadjusted,808,757999
8927,All,high_inst_m1,.192546613499954,.153964911322358,.0142445770411699,.469483893100613,stata_areg_centered_student_vce_unadjusted,1076,757999
8928,All,high_inst_m1,.137441970478543,.0988602683009459,.00976072243163739,.42793101504618,stata_areg_centered_student_vce_unadjusted,1337,757999
8930,All,high_inst_m1,.135640696292981,.097058994115384,.0107804867412283,.412804852483309,stata_areg_centered_student_vce_unadjusted,826,757999
8938,All,high_inst_m1,.0256610563463047,-.0129206458312919,.0166142602659387,.301197973124377,stata_areg_centered_student_vce_unadjusted,310,757999
8944,All,high_inst_m1,.147748777410007,.10916707523241,.0243077257679979,.42274422065407,stata_areg_centered_student_vce_unadjusted,228,757999
8945,All,high_inst_m1,.040338258382694,.00175655620509728,.0148426424241421,.287412915815408,stata_areg_centered_student_vce_unadjusted,402,757999
8950,All,high_inst_m1,.222047501600991,.183465799423395,.0301053978168704,.469849171467797,stata_areg_centered_student_vce_unadjusted,197,757999
8953,All,high_inst_m1,.582281802161956,.543700099984359,.0425688209209615,.303461726304473,stata_areg_centered_student_vce_unadjusted,202,757999
8954,All,high_inst_m1,.202699233280553,.164117531102956,.0287209928419353,.46112722457737,stata_areg_centered_student_vce_unadjusted,292,757999
8956,All,high_inst_m1,.200856055921732,.162274353744135,.0533407839492823,.466159440476549,stata_areg_centered_student_vce_unadjusted,42,757999
8959,All,high_inst_m1,.173291397889818,.134709695712222,.0524657118764656,.476661155707526,stata_areg_centered_student_vce_unadjusted,52,757999
8966,All,high_inst_m1,.429694703178192,.391113001000596,.0331160781152065,.420788654549941,stata_areg_centered_student_vce_unadjusted,436,757999
8969,All,high_inst_m1,.297345262636836,.25876356045924,.0381116009347893,.474001365927351,stata_areg_centered_student_vce_unadjusted,156,757999
8972,All,high_inst_m1,.566163370464147,.527581668286551,.0413395937036536,.243732103598245,stata_areg_centered_student_vce_unadjusted,396,757999
8974,All,high_inst_m1,.167785809265852,.129204107088255,.0476008126379723,.467458372743505,stata_areg_centered_student_vce_unadjusted,76,757999
8978,All,high_inst_m1,.582107277013892,.543525574836296,.0380931421554696,.374035166559243,stata_areg_centered_student_vce_unadjusted,360,757999
8979,All,high_inst_m1,.46646923429299,.427887532115393,.0452533786980936,.432980233796322,stata_areg_centered_student_vce_unadjusted,489,757999
8981,All,high_inst_m1,.339219348606437,.30063764642884,.037737151050627,.466050823036877,stata_areg_centered_student_vce_unadjusted,159,757999
8984,All,high_inst_m1,.460240178470066,.421658476292469,.0388189828775804,.37747390316424,stata_areg_centered_student_vce_unadjusted,269,757999
8988,All,high_inst_m1,.359291415019092,.320709712841495,.0441600952038848,.422771544679285,stata_areg_centered_student_vce_unadjusted,79,757999
8991,All,high_inst_m1,.438228429732143,.399646727554546,.0420878438618364,.340071857935276,stata_areg_centered_student_vce_unadjusted,423,757999
8992,All,high_inst_m1,.32458056105621,.285998858878614,.0464089153291858,.427183941420294,stata_areg_centered_student_vce_unadjusted,209,757999
8995,All,high_inst_m1,.569008997108526,.53042729493093,.0567416022288087,.361023246721607,stata_areg_centered_student_vce_unadjusted,441,757999
8996,All,high_inst_m1,.398785474864211,.360203772686615,.0384638902488282,.369115013400055,stata_areg_centered_student_vce_unadjusted,486,757999
8997,All,high_inst_m1,.0465592548065458,.00797755262894916,.0270940462644238,.37119816843261,stata_areg_centered_student_vce_unadjusted,118,757999
8998,All,high_inst_m1,.292273425793918,.253691723616322,.0457634797520374,.397269979633276,stata_areg_centered_student_vce_unadjusted,118,757999
9003,All,high_inst_m1,.305293433950658,.266711731773061,.0360941276237893,.437678053224748,stata_areg_centered_student_vce_unadjusted,390,757999
9004,All,high_inst_m1,-.306376951153686,-.344958653331282,.169182227657866,.171691871449041,stata_areg_centered_student_vce_unadjusted,3,757999
9006,All,high_inst_m1,-.0196194510863404,-.0582011532639371,.0193542214852398,.140130954342739,stata_areg_centered_student_vce_unadjusted,293,757999
9007,All,high_inst_m1,.0202761600075297,-.018305542170067,.0248952274733545,.262538720005089,stata_areg_centered_student_vce_unadjusted,163,757999
9008,All,high_inst_m1,.0780463845624397,.039464682384843,.0220104948169763,.327805974032036,stata_areg_centered_student_vce_unadjusted,212,757999
9020,All,high_inst_m1,.0905966371468058,.0520149349692091,.0328442167074039,.407072087133924,stata_areg_centered_student_vce_unadjusted,232,757999
9033,All,high_inst_m1,.0876687970277618,.0490870948501651,.030225866907752,.401946802352399,stata_areg_centered_student_vce_unadjusted,247,757999
9035,All,high_inst_m1,.300925383242069,.262343681064472,.0434882532220163,.483322142759873,stata_areg_centered_student_vce_unadjusted,95,757999
9038,All,high_inst_m1,.00182285532438629,-.0367588468532104,.0498794948025571,.338821203692322,stata_areg_centered_student_vce_unadjusted,35,757999
9039,All,high_inst_m1,.130947936105606,.0923662339280096,.0367411981722422,.443035348594241,stata_areg_centered_student_vce_unadjusted,81,757999
9042,All,high_inst_m1,.298710849097513,.260129146919916,.0393749096450719,.444555183034891,stata_areg_centered_student_vce_unadjusted,247,757999
9046,All,high_inst_m1,.347948215705871,.309366513528274,.0591337658661427,.342341004483873,stata_areg_centered_student_vce_unadjusted,491,757999
9051,All,high_inst_m1,.410832182195332,.372250480017735,.0438390637654841,.361450057271559,stata_areg_centered_student_vce_unadjusted,503,757999
9053,All,high_inst_m1,.277399931525102,.238818229347506,.0289964492311839,.465248975633103,stata_areg_centered_student_vce_unadjusted,280,757999
9054,All,high_inst_m1,.376281670057505,.337699967879909,.0464682344794344,.432319687474841,stata_areg_centered_student_vce_unadjusted,81,757999
9058,All,high_inst_m1,.013506470207484,-.0250752319701127,.0123561751632502,.256431328603476,stata_areg_centered_student_vce_unadjusted,605,757999
9060,All,high_inst_m1,-.00676520643597192,-.0453469086135686,.0183531976682317,.202716173350637,stata_areg_centered_student_vce_unadjusted,260,757999
9061,All,high_inst_m1,.0210546020035864,-.0175271001740103,.021233989476972,.266433792871858,stata_areg_centered_student_vce_unadjusted,192,757999
9063,All,high_inst_m1,.00846661992218471,-.030115082255412,.0112191683780689,.271472986195296,stata_areg_centered_student_vce_unadjusted,737,757999
9064,All,high_inst_m1,-.0113218276680193,-.049903529845616,.0151455037471709,.180005745163171,stata_areg_centered_student_vce_unadjusted,399,757999
9065,All,high_inst_m1,.0353454272168106,-.00323627496078612,.015175869769258,.283527024833888,stata_areg_centered_student_vce_unadjusted,395,757999
9069,All,high_inst_m1,.0498952938234558,.0113135916458591,.0396926768659683,.28132618482171,stata_areg_centered_student_vce_unadjusted,69,757999
9071,All,high_inst_m1,.22483123264982,.186249530472223,.0210245926854014,.470975868926621,stata_areg_centered_student_vce_unadjusted,430,757999
9072,All,high_inst_m1,.0347541137618027,-.00382758841579403,.0232944761285689,.27011943826153,stata_areg_centered_student_vce_unadjusted,196,757999
9073,All,high_inst_m1,.0663585380069825,.0277768358293858,.0174250729254015,.38878283921794,stata_areg_centered_student_vce_unadjusted,384,757999
9074,All,high_inst_m1,.0374648046871589,-.00111689749043776,.0123441307080365,.360025598401256,stata_areg_centered_student_vce_unadjusted,817,757999
9075,All,high_inst_m1,.00871088662199628,-.0298708155556004,.0316903004620897,.152741059718134,stata_areg_centered_student_vce_unadjusted,85,757999
9077,All,high_inst_m1,-.0111138933607554,-.0496955955383521,.0181975747193807,.228862782566675,stata_areg_centered_student_vce_unadjusted,270,757999
9078,All,high_inst_m1,.0544698719381141,.0158881697605174,.0292859051337902,.38911436691946,stata_areg_centered_student_vce_unadjusted,251,757999
9082,All,high_inst_m1,-.012832551627995,-.0514142538055917,.0161283547916679,.207877537613501,stata_areg_centered_student_vce_unadjusted,333,757999
9086,All,high_inst_m1,-.132321910063418,-.170903612241014,.288312329654065,.,stata_areg_centered_student_vce_unadjusted,1,757999
9087,All,high_inst_m1,.104088511692353,.0655068095147562,.0234582868757794,.341037526207139,stata_areg_centered_student_vce_unadjusted,208,757999
9088,All,high_inst_m1,.0987343128388541,.0601526106612574,.0240077451419293,.315742182446482,stata_areg_centered_student_vce_unadjusted,249,757999
9098,All,high_inst_m1,-.00274176145395061,-.0413234636315473,.0803754985594558,.0544522195418599,stata_areg_centered_student_vce_unadjusted,13,757999
9100,All,high_inst_m1,.216911604224489,.178329902046892,.0292079889412912,.470492346211191,stata_areg_centered_student_vce_unadjusted,489,757999
9103,All,high_inst_m1,-.202991836594205,-.241573538771802,.288836170195863,.,stata_areg_centered_student_vce_unadjusted,1,757999
9105,All,high_inst_m1,.0153610801343982,-.0232206220431984,.028008290497173,.155357003871388,stata_areg_centered_student_vce_unadjusted,170,757999
9106,All,high_inst_m1,.0123624957700047,-.026219206407592,.0160791764341083,.210243793865095,stata_areg_centered_student_vce_unadjusted,433,757999
9107,All,high_inst_m1,.0378588460984592,-.000722856079137496,.0449608816983938,.0522687494741463,stata_areg_centered_student_vce_unadjusted,42,757999
9111,All,high_inst_m1,.0276551790385628,-.0109265231390338,.0389885540008894,.250695321915836,stata_areg_centered_student_vce_unadjusted,66,757999
9117,All,high_inst_m1,.07162937765604,.0330476754784433,.0410702048502211,.320575662264287,stata_areg_centered_student_vce_unadjusted,92,757999
9121,All,high_inst_m1,-.0170122376524479,-.0555939398300446,.0688382509660066,.111977382299622,stata_areg_centered_student_vce_unadjusted,18,757999
9127,All,high_inst_m1,.0172986461654088,-.0212830560121879,.0648114960451651,.0518979444152026,stata_areg_centered_student_vce_unadjusted,20,757999
9135,All,high_inst_m1,-.023468543548858,-.0620502457264547,.0605033560985692,.252323141080477,stata_areg_centered_student_vce_unadjusted,28,757999
9140,All,high_inst_m1,.0326516497516964,-.00593005242590027,.0316743777774009,.328481255950928,stata_areg_centered_student_vce_unadjusted,149,757999
9144,All,high_inst_m1,.0541991599425791,.0156174577649824,.288144416532307,.,stata_areg_centered_student_vce_unadjusted,1,757999
9146,All,high_inst_m1,-.187391828260909,-.225973530438506,.204773425592833,.0631248440804138,stata_areg_centered_student_vce_unadjusted,2,757999
9147,All,high_inst_m1,.0934463221913946,.0548646200137979,.0364711155890685,.404834932325574,stata_areg_centered_student_vce_unadjusted,103,757999
9150,All,high_inst_m1,.03971440705212,.00113270487452333,.0263803553773703,.302610810532928,stata_areg_centered_student_vce_unadjusted,173,757999
9151,All,high_inst_m1,.0649413383146691,.0263596361370724,.0473698687898789,.351014171677052,stata_areg_centered_student_vce_unadjusted,40,757999
9158,All,high_inst_m1,.0459245674412936,.00734286526369696,.0222769814790983,.328284956184021,stata_areg_centered_student_vce_unadjusted,319,757999
9159,All,high_inst_m1,-.0407306842704061,-.0793123864480028,.020371664036662,.194501946352094,stata_areg_centered_student_vce_unadjusted,211,757999
9164,All,high_inst_m1,.0159050954788293,-.0226766066987674,.0148816766919647,.262248319933421,stata_areg_centered_student_vce_unadjusted,474,757999
9168,All,high_inst_m1,.0399265577697654,.00134485559216869,.0282947425507383,.326007169327457,stata_areg_centered_student_vce_unadjusted,207,757999
9171,All,high_inst_m1,.0316278837326559,-.00695381844494074,.288031253401252,.,stata_areg_centered_student_vce_unadjusted,1,757999
9172,All,high_inst_m1,.00125110182424986,-.0373306003533468,.0475157265075997,.047773526214293,stata_areg_centered_student_vce_unadjusted,47,757999
9177,All,high_inst_m1,-.0278710612359161,-.0664527634135128,.0238311392728875,.20854127275031,stata_areg_centered_student_vce_unadjusted,151,757999
9179,All,high_inst_m1,.140055373195003,.101473671017406,.0374134849707746,.429396881486239,stata_areg_centered_student_vce_unadjusted,189,757999
9182,All,high_inst_m1,-.0115032197010543,-.0500849218786509,.0247851258184634,.196570669833755,stata_areg_centered_student_vce_unadjusted,167,757999
9183,All,high_inst_m1,-.0898692676389055,-.128450969816502,.289281991748584,.,stata_areg_centered_student_vce_unadjusted,1,757999
9184,All,high_inst_m1,.226718663665081,.188136961487485,.0320800631599567,.469214993276694,stata_areg_centered_student_vce_unadjusted,129,757999
9185,All,high_inst_m1,.0926464531687811,.0540647509911844,.025230137223316,.393609016074914,stata_areg_centered_student_vce_unadjusted,409,757999
9189,All,high_inst_m1,.0680733801694856,.029491677991889,.203914300597423,.0448703874329498,stata_areg_centered_student_vce_unadjusted,2,757999
9194,All,high_inst_m1,.00826255984824713,-.0303191423293496,.0167423322151746,.240211866118826,stata_areg_centered_student_vce_unadjusted,327,757999
9200,All,high_inst_m1,.0617491116037316,.0231674094261349,.0342891750722338,.343460271590108,stata_areg_centered_student_vce_unadjusted,118,757999
9208,All,high_inst_m1,-.0049477827220993,-.043529484899696,.0312091973326753,.223920472479744,stata_areg_centered_student_vce_unadjusted,140,757999
9209,All,high_inst_m1,.078607336919889,.0400256347422923,.0253006029031824,.370079366750304,stata_areg_centered_student_vce_unadjusted,184,757999
9213,All,high_inst_m1,.0503858135461872,.0118041113685905,.0355867484534208,.247524209166887,stata_areg_centered_student_vce_unadjusted,90,757999
9216,All,high_inst_m1,.0812145442330332,.0426328420554365,.0513604736396014,.500068257197403,stata_areg_centered_student_vce_unadjusted,134,757999
9217,All,high_inst_m1,.345083870201819,.306502168024222,.0343162161240444,.458653960692181,stata_areg_centered_student_vce_unadjusted,127,757999
9221,All,high_inst_m1,.0632078931949304,.0246261910173338,.0250065814607269,.446534269048813,stata_areg_centered_student_vce_unadjusted,247,757999
9228,All,high_inst_m1,.195817061500325,.157235359322728,.0545425303898118,.405699105743596,stata_areg_centered_student_vce_unadjusted,39,757999
9230,All,high_inst_m1,.22280419342801,.184222491250414,.0446243905517747,.472725426720435,stata_areg_centered_student_vce_unadjusted,70,757999
9237,All,high_inst_m1,.34842769327353,.309845991095933,.06376356715571,.448871904434448,stata_areg_centered_student_vce_unadjusted,288,757999
9239,All,high_inst_m1,.339944066960649,.301362364783052,.0423254208953732,.470880261237809,stata_areg_centered_student_vce_unadjusted,103,757999
9244,All,high_inst_m1,.107727036834327,.0691453346567302,.0347958203023478,.460611607856361,stata_areg_centered_student_vce_unadjusted,170,757999
9246,All,high_inst_m1,.225559319487856,.186977617310259,.0311500194882099,.473029714003399,stata_areg_centered_student_vce_unadjusted,259,757999
9249,All,high_inst_m1,.361346280091724,.322764577914127,.0481003028604215,.435045504684416,stata_areg_centered_student_vce_unadjusted,190,757999
9250,All,high_inst_m1,.371561184782524,.332979482604927,.030386811633265,.432906900344989,stata_areg_centered_student_vce_unadjusted,415,757999
9259,All,high_inst_m1,.166367696063065,.127785993885468,.0207662519595134,.463203353591626,stata_areg_centered_student_vce_unadjusted,348,757999
9263,All,high_inst_m1,.10806071239964,.0694790102220438,.0445592462757362,.418930970081192,stata_areg_centered_student_vce_unadjusted,47,757999
9267,All,high_inst_m1,.2265906125831,.188008910405503,.0205386022976382,.470903026354306,stata_areg_centered_student_vce_unadjusted,401,757999
9270,All,high_inst_m1,.146520725474773,.107939023297176,.0520765067530568,.429953046030591,stata_areg_centered_student_vce_unadjusted,39,757999
9271,All,high_inst_m1,.368851960284955,.330270258107358,.044133783011503,.394946816166367,stata_areg_centered_student_vce_unadjusted,192,757999
9276,All,high_inst_m1,.222104270924154,.183522568746557,.0391040351224959,.475717372889768,stata_areg_centered_student_vce_unadjusted,175,757999
9277,All,high_inst_m1,.15236442305037,.113782720872773,.0284473566763522,.46152584632132,stata_areg_centered_student_vce_unadjusted,207,757999
9278,All,high_inst_m1,.218839502598441,.180257800420844,.0317816531608284,.471918772472749,stata_areg_centered_student_vce_unadjusted,174,757999
9281,All,high_inst_m1,.0402177512948356,.00163604911723891,.0185758470031648,.291894854147333,stata_areg_centered_student_vce_unadjusted,253,757999
9283,All,high_inst_m1,.00178651791657801,-.0367951842610187,.0273263458574262,.239536356829762,stata_areg_centered_student_vce_unadjusted,123,757999
9285,All,high_inst_m1,.0101414572374262,-.0284402449401705,.0464009892584279,.309708368957004,stata_areg_centered_student_vce_unadjusted,63,757999
9288,All,high_inst_m1,.0482618679895149,.00968016581191819,.0311317556409814,.257909937894032,stata_areg_centered_student_vce_unadjusted,119,757999
9292,All,high_inst_m1,.0336328151878286,-.0049488869897681,.0236605368053048,.251728300007316,stata_areg_centered_student_vce_unadjusted,173,757999
9293,All,high_inst_m1,.0329421444533491,-.00563955772424761,.0452182207089658,.217621747990596,stata_areg_centered_student_vce_unadjusted,58,757999
9294,All,high_inst_m1,.035807234952801,-.00277446722479568,.0490461800541419,.228720010466232,stata_areg_centered_student_vce_unadjusted,55,757999
9298,All,high_inst_m1,.0495835496871827,.011001847509586,.0237886356532984,.266996259501943,stata_areg_centered_student_vce_unadjusted,170,757999
9312,All,high_inst_m1,.0449047646719708,.00632306249437407,.0143596670066256,.336727541426523,stata_areg_centered_student_vce_unadjusted,474,757999
9317,All,high_inst_m1,.0974723044055772,.0588906022279805,.0331399343008015,.450706729557402,stata_areg_centered_student_vce_unadjusted,325,757999
9318,All,high_inst_m1,.0654518261620524,.0268701239844557,.0325540437898283,.353587538928457,stata_areg_centered_student_vce_unadjusted,99,757999
9324,All,high_inst_m1,.082714964551418,.0441332623738213,.0434813704044897,.350697510705874,stata_areg_centered_student_vce_unadjusted,76,757999
9328,All,high_inst_m1,-.013099474316308,-.0516811764939047,.0154179029612416,.192968231950448,stata_areg_centered_student_vce_unadjusted,420,757999
9331,All,high_inst_m1,.257761257090781,.219179554913184,.0963623389704398,.482003782396308,stata_areg_centered_student_vce_unadjusted,9,757999
9332,All,high_inst_m1,.0134124766552063,-.0251692255223904,.0263103594399699,.257898022819,stata_areg_centered_student_vce_unadjusted,172,757999
9334,All,high_inst_m1,.0381522441757427,-.000429458001853997,.289437217126931,.,stata_areg_centered_student_vce_unadjusted,1,757999
9339,All,high_inst_m1,.0464200165286645,.00783831435106784,.0492588002129067,.195264726108472,stata_areg_centered_student_vce_unadjusted,42,757999
9340,All,high_inst_m1,.113734212475794,.0751525102981973,.0162761737601433,.413592992758726,stata_areg_centered_student_vce_unadjusted,612,757999
9347,All,high_inst_m1,.0180475809831329,-.0205341211944638,.0132240189767724,.290272190164377,stata_areg_centered_student_vce_unadjusted,677,757999
9356,All,high_inst_m1,.0328178325934377,-.00576386958415898,.0217027219124497,.364383817412019,stata_areg_centered_student_vce_unadjusted,486,757999
9362,All,high_inst_m1,.0169957614246009,-.0215859407529958,.0246557190710682,.318390111878631,stata_areg_centered_student_vce_unadjusted,255,757999
9369,All,high_inst_m1,.0182646285467602,-.0203170736308365,.0286122636719131,.368285448943893,stata_areg_centered_student_vce_unadjusted,269,757999
9373,All,high_inst_m1,.062222159402458,.0236404572248613,.0348831547334233,.370179430889759,stata_areg_centered_student_vce_unadjusted,222,757999
9375,All,high_inst_m1,-.00561317600252844,-.0441948781801251,.0179608491548312,.147529607247627,stata_areg_centered_student_vce_unadjusted,292,757999
9377,All,high_inst_m1,.0514725060506546,.0128908038730579,.016147925701595,.277546877617649,stata_areg_centered_student_vce_unadjusted,386,757999
9385,All,high_inst_m1,.0310119418730535,-.00756976030454314,.0239656154574236,.344085890886922,stata_areg_centered_student_vce_unadjusted,266,757999
9396,All,high_inst_m1,.102401759142724,.0638200569651275,.0426089528394408,.425538929549889,stata_areg_centered_student_vce_unadjusted,78,757999
9405,All,high_inst_m1,.019180814544671,-.0194008876329257,.0236126154104895,.275463157699829,stata_areg_centered_student_vce_unadjusted,161,757999
9406,All,high_inst_m1,.13244562130811,.093863919130513,.0190318506068232,.410595158072206,stata_areg_centered_student_vce_unadjusted,367,757999
9407,All,high_inst_m1,.0060178615855666,-.0325638405920301,.0128418458260174,.237621167305157,stata_areg_centered_student_vce_unadjusted,553,757999
9408,All,high_inst_m1,.0223610011342816,-.016220701043315,.0228602598046265,.206945129503967,stata_areg_centered_student_vce_unadjusted,167,757999
9409,All,high_inst_m1,.0265948619909757,-.011986840186621,.0131997081689679,.25642694270277,stata_areg_centered_student_vce_unadjusted,503,757999
9410,All,high_inst_m1,.0472984215852013,.00871671940760466,.0339004616256659,.237847757163096,stata_areg_centered_student_vce_unadjusted,78,757999
9411,All,high_inst_m1,.0465258657516524,.00794416357405569,.032128689553616,.263063628315567,stata_areg_centered_student_vce_unadjusted,106,757999
9419,All,high_inst_m1,.00804086447838589,-.0305408376992108,.0560920729700891,.0671523011172796,stata_areg_centered_student_vce_unadjusted,31,757999
9422,All,high_inst_m1,-.0212988518764597,-.0598805540540564,.11909386674323,.168641401097116,stata_areg_centered_student_vce_unadjusted,6,757999
9431,All,high_inst_m1,.0730000221727879,.0344183199951912,.288761907576844,.,stata_areg_centered_student_vce_unadjusted,1,757999
9457,All,high_inst_m1,-.075710527362705,-.114292229540302,.287908966082617,.,stata_areg_centered_student_vce_unadjusted,1,757999
9460,All,high_inst_m1,-.0175424799833537,-.0561241821609503,.0410415405604586,.145596723819459,stata_areg_centered_student_vce_unadjusted,50,757999
9461,All,high_inst_m1,.0574096465504672,.0188279443728706,.166873428490723,.0623214137891442,stata_areg_centered_student_vce_unadjusted,3,757999
9472,All,high_inst_m1,-.0125399416161433,-.05112164379374,.00975247802772166,.151252000186236,stata_areg_centered_student_vce_unadjusted,961,757999
9474,All,high_inst_m1,.0549234631692971,.0163417609917004,.0171356318353656,.295008978883126,stata_areg_centered_student_vce_unadjusted,300,757999
9484,All,high_inst_m1,.116625093077101,.0780433908995044,.0263308872615215,.411470666772352,stata_areg_centered_student_vce_unadjusted,261,757999
9486,All,high_inst_m1,.0359551397785523,-.00262656239904443,.0293855542204333,.282040000034736,stata_areg_centered_student_vce_unadjusted,183,757999
9487,All,high_inst_m1,-.0215492788758171,-.0601309810534138,.0240329093626254,.0627618745780131,stata_areg_centered_student_vce_unadjusted,148,757999
9489,All,high_inst_m1,-.00356409774542354,-.0421457999230202,.0204405102140643,.239016108719534,stata_areg_centered_student_vce_unadjusted,218,757999
9500,All,high_inst_m1,.185234966672533,.146653264494936,.0526388233244267,.440791349416275,stata_areg_centered_student_vce_unadjusted,91,757999
9502,All,high_inst_m1,-.00320239496766012,-.0417840971452568,.0366443018108471,.302639736553967,stata_areg_centered_student_vce_unadjusted,139,757999
9504,All,high_inst_m1,.0177792896012471,-.0208024125763495,.0150385914787003,.309295217279758,stata_areg_centered_student_vce_unadjusted,587,757999
9505,All,high_inst_m1,.0771168540559284,.0385351518783317,.0255480812157574,.385998426858444,stata_areg_centered_student_vce_unadjusted,301,757999
9506,All,high_inst_m1,.0271548748564331,-.0114268273211636,.144942805847621,.0532941687167261,stata_areg_centered_student_vce_unadjusted,4,757999
9509,All,high_inst_m1,.109693638594765,.0711119364171686,.0544976772050173,.450839879399405,stata_areg_centered_student_vce_unadjusted,85,757999
9519,All,high_inst_m1,.130109642368793,.0915279401911966,.0336585345796709,.418365660484773,stata_areg_centered_student_vce_unadjusted,281,757999
9534,All,high_inst_m1,.039262456715634,.000680754538037308,.0198980349188765,.369692521283407,stata_areg_centered_student_vce_unadjusted,364,757999
9547,All,high_inst_m1,.0616541296516928,.0230724274740961,.205012525062603,.0393531708902703,stata_areg_centered_student_vce_unadjusted,2,757999
9553,All,high_inst_m1,.0528980935307014,.0143163913531047,.0382048759554395,.365468089913107,stata_areg_centered_student_vce_unadjusted,121,757999
9564,All,high_inst_m1,.207134094305782,.168552392128186,.0417411312000021,.446040802419416,stata_areg_centered_student_vce_unadjusted,335,757999
9570,All,high_inst_m1,.252049602435395,.213467900257798,.0535522583035162,.468408877128262,stata_areg_centered_student_vce_unadjusted,342,757999
9579,All,high_inst_m1,.0768282045865639,.0382465024089672,.0136818954365537,.311793491997436,stata_areg_centered_student_vce_unadjusted,480,757999
9581,All,high_inst_m1,.0382926934940264,-.000289008683570319,.0151127248105127,.247344977211213,stata_areg_centered_student_vce_unadjusted,378,757999
9582,All,high_inst_m1,.0265327881056303,-.0120489140719663,.0239049299867101,.192491408217167,stata_areg_centered_student_vce_unadjusted,159,757999
9583,All,high_inst_m1,.0616088173346162,.0230271151570196,.0158387309975276,.231656140855235,stata_areg_centered_student_vce_unadjusted,398,757999
9584,All,high_inst_m1,.021116270454116,-.0174654317234807,.0181356903058118,.227975754464791,stata_areg_centered_student_vce_unadjusted,272,757999
9585,All,high_inst_m1,-.0035848637935764,-.0421665659711731,.0841206730587183,.0681246564159241,stata_areg_centered_student_vce_unadjusted,12,757999
9586,All,high_inst_m1,-.00545904691840447,-.0440407490960012,.0703225050145907,.059028298940387,stata_areg_centered_student_vce_unadjusted,17,757999
9587,All,high_inst_m1,.090989087248819,.0524073850712223,.0278694772654017,.301644068488231,stata_areg_centered_student_vce_unadjusted,135,757999
9599,All,high_inst_m1,.0306952561569718,-.00788644602062492,.0285907619633822,.212175119211121,stata_areg_centered_student_vce_unadjusted,124,757999
9601,All,high_inst_m1,.00152287202345173,-.037058830154145,.025121644104673,.0936852121178621,stata_areg_centered_student_vce_unadjusted,142,757999
9608,All,high_inst_m1,.0105932266668635,-.0279884755107332,.0285302131180411,.163479815534873,stata_areg_centered_student_vce_unadjusted,107,757999
9611,All,high_inst_m1,-.00234001860413737,-.040921720781734,.288065971531768,.,stata_areg_centered_student_vce_unadjusted,1,757999
9614,All,high_inst_m1,-.0633283815122198,-.101910083689817,.29110150993674,.,stata_areg_centered_student_vce_unadjusted,1,757999
9616,All,high_inst_m1,.11053249413739,.0719507919597935,.20422422269372,.0130110242957501,stata_areg_centered_student_vce_unadjusted,2,757999
9617,All,high_inst_m1,.0134436685215493,-.0251380336560474,.121294994875491,.0713954975318711,stata_areg_centered_student_vce_unadjusted,6,757999
9631,All,high_inst_m1,.0162229893613335,-.0223587128162632,.0439500320385704,.0567633486178039,stata_areg_centered_student_vce_unadjusted,44,757999
9634,All,high_inst_m1,.00805685636768184,-.0305248458099148,.0187500592163003,.169505455285058,stata_areg_centered_student_vce_unadjusted,544,757999
9637,All,high_inst_m1,.00855528209422739,-.0300264200833693,.0203507075386134,.306876639786821,stata_areg_centered_student_vce_unadjusted,485,757999
9638,All,high_inst_m1,.0890083216440635,.0504266194664668,.0369679276402512,.32898845441497,stata_areg_centered_student_vce_unadjusted,101,757999
9646,All,high_inst_m1,-.000120570382912089,-.0387022725605088,.0153399215471487,.285316115382548,stata_areg_centered_student_vce_unadjusted,456,757999
9647,All,high_inst_m1,.00631747798677956,-.0322642241908171,.0232867837587209,.300624933039615,stata_areg_centered_student_vce_unadjusted,359,757999
9655,All,high_inst_m1,.0672929726206049,.0287112704430082,.023747912775349,.361599155428491,stata_areg_centered_student_vce_unadjusted,298,757999
9656,All,high_inst_m1,.089276244734804,.0506945425572073,.0235915010805554,.359133280636632,stata_areg_centered_student_vce_unadjusted,374,757999
9659,All,high_inst_m1,.03752840557777,-.00105329659982672,.0188937511542167,.291104082253746,stata_areg_centered_student_vce_unadjusted,348,757999
9660,All,high_inst_m1,.0479604669424864,.00937876476488968,.0185426597390586,.305318419096348,stata_areg_centered_student_vce_unadjusted,384,757999
9665,All,high_inst_m1,-.00150102149533877,-.0400827236729355,.0192799113301578,.18026911368086,stata_areg_centered_student_vce_unadjusted,295,757999
9666,All,high_inst_m1,.00506638313850064,-.033515319039096,.0573733477587737,.0573678739891508,stata_areg_centered_student_vce_unadjusted,28,757999
9668,All,high_inst_m1,-.011884439134482,-.0504661413120787,.0648799011007999,.0524150778329316,stata_areg_centered_student_vce_unadjusted,26,757999
9673,All,high_inst_m1,.0850627914659724,.0464810892883757,.0276850996461778,.32418328807962,stata_areg_centered_student_vce_unadjusted,156,757999
9684,All,high_inst_m1,.115828741690105,.0772470395125083,.0292342149316952,.398038328415781,stata_areg_centered_student_vce_unadjusted,249,757999
9686,All,high_inst_m1,.00737328891025072,-.031208413267346,.0185709893369902,.130391715960574,stata_areg_centered_student_vce_unadjusted,266,757999
9687,All,high_inst_m1,.0305770283870107,-.00800467379058597,.0217701030042114,.250483804812411,stata_areg_centered_student_vce_unadjusted,183,757999
9688,All,high_inst_m1,.0620458139000336,.0234641117224369,.0199575100352689,.250213014390453,stata_areg_centered_student_vce_unadjusted,222,757999
9690,All,high_inst_m1,.045606553006895,.0070248508292983,.0363623711253367,.179030912601316,stata_areg_centered_student_vce_unadjusted,66,757999
9693,All,high_inst_m1,.0231081742263472,-.0154735279512494,.0114033882178104,.26020933926344,stata_areg_centered_student_vce_unadjusted,707,757999
9694,All,high_inst_m1,.00836401159953581,-.0302176905780609,.0202370307964954,.159424041054341,stata_areg_centered_student_vce_unadjusted,224,757999
9695,All,high_inst_m1,.0202371581573074,-.0183445440202893,.0444130831886253,.140717303859983,stata_areg_centered_student_vce_unadjusted,47,757999
9697,All,high_inst_m1,.12788718340377,.0893054812261732,.0325314557998837,.313724139076437,stata_areg_centered_student_vce_unadjusted,86,757999
9698,All,high_inst_m1,.0197924129039786,-.018789289273618,.290346591267799,.,stata_areg_centered_student_vce_unadjusted,1,757999
9699,All,high_inst_m1,.0142776721150845,-.0243040300625121,.288767465798375,.,stata_areg_centered_student_vce_unadjusted,1,757999
9701,All,high_inst_m1,.038287164333562,-.000294537844034666,.0417998494442052,.225662724526469,stata_areg_centered_student_vce_unadjusted,60,757999
9709,All,high_inst_m1,.102033353140056,.0634516509624598,.289847355427927,.,stata_areg_centered_student_vce_unadjusted,1,757999
9713,All,high_inst_m1,.0290879204250144,-.00949378175258224,.0701546331266649,.0629604669558279,stata_areg_centered_student_vce_unadjusted,17,757999
9720,All,high_inst_m1,-.0252067091603086,-.0637884113379053,.288877637482993,.,stata_areg_centered_student_vce_unadjusted,1,757999
9722,All,high_inst_m1,-.0366035811580935,-.0751852833356902,.0360413997228099,.179911753554082,stata_areg_centered_student_vce_unadjusted,65,757999
9726,All,high_inst_m1,.0333732166320861,-.00520848554551057,.0331917369574496,.162087324072615,stata_areg_centered_student_vce_unadjusted,82,757999
9738,All,high_inst_m1,-.0163539614143565,-.0549356635919532,.288746117319637,.,stata_areg_centered_student_vce_unadjusted,1,757999
9747,All,high_inst_m1,.0281323718366708,-.0104493303409259,.0412638759115528,.0695278284947841,stata_areg_centered_student_vce_unadjusted,50,757999
9754,All,high_inst_m1,.00456098991894709,-.0340207122586496,.0150905284872164,.195500639892576,stata_areg_centered_student_vce_unadjusted,388,757999
9757,All,high_inst_m1,.0437304766805099,.00514877450291317,.0260241233860109,.351463466236961,stata_areg_centered_student_vce_unadjusted,244,757999
9758,All,high_inst_m1,.0135337067211728,-.0250479954564239,.0310463492745177,.37459675020395,stata_areg_centered_student_vce_unadjusted,281,757999
9759,All,high_inst_m1,.0697163789067459,.0311346767291492,.0194563498724841,.384866235970431,stata_areg_centered_student_vce_unadjusted,303,757999
9766,All,high_inst_m1,.120098766702364,.0815170645247674,.0479400554928165,.395398995777108,stata_areg_centered_student_vce_unadjusted,156,757999
9767,All,high_inst_m1,.127488037600087,.08890633542249,.0461469235218993,.449849735910083,stata_areg_centered_student_vce_unadjusted,310,757999
9768,All,high_inst_m1,.106657340527564,.0680756383499673,.0242741840515092,.410748696216194,stata_areg_centered_student_vce_unadjusted,418,757999
9771,All,high_inst_m1,.06655933276956,.0279776305919633,.0198195912345093,.339634524670308,stata_areg_centered_student_vce_unadjusted,269,757999
9779,All,high_inst_m1,.0240225891790476,-.0145591129985491,.01399990667633,.208058707230142,stata_areg_centered_student_vce_unadjusted,467,757999
9780,All,high_inst_m1,.0257866762894643,-.0127950258881324,.0283606460832612,.220688786802471,stata_areg_centered_student_vce_unadjusted,124,757999
9781,All,high_inst_m1,.0247813098543479,-.0138003923232488,.00998600237574785,.204136049897588,stata_areg_centered_student_vce_unadjusted,942,757999
9784,All,high_inst_m1,-.0124669865604694,-.0510486887380661,.0256647357658895,.0637682040168371,stata_areg_centered_student_vce_unadjusted,131,757999
9796,All,high_inst_m1,.0338831353714438,-.00469856680615292,.0370521200431431,.325785587419887,stata_areg_centered_student_vce_unadjusted,119,757999
9797,All,high_inst_m1,.0544993680691019,.0159176658915052,.0369433866272263,.362636578568189,stata_areg_centered_student_vce_unadjusted,136,757999
9799,All,high_inst_m1,.0544994140394722,.0159177118618755,.0190293841465965,.325393330641418,stata_areg_centered_student_vce_unadjusted,480,757999
9800,All,high_inst_m1,.0970574314411477,.0584757292635511,.0257804778418531,.364990541821302,stata_areg_centered_student_vce_unadjusted,293,757999
9801,All,high_inst_m1,.0577006805205366,.0191189783429399,.0239905997793869,.339482235081513,stata_areg_centered_student_vce_unadjusted,208,757999
9810,All,high_inst_m1,.053474693693004,.0148929915154074,.0256027936655616,.283770703415559,stata_areg_centered_student_vce_unadjusted,197,757999
9824,All,high_inst_m1,.0666350755495796,.0280533733719829,.0226765960232915,.355457713780246,stata_areg_centered_student_vce_unadjusted,257,757999
9827,All,high_inst_m1,.0323747163951964,-.00620698578240023,.0140404477222084,.309975516525821,stata_areg_centered_student_vce_unadjusted,567,757999
9828,All,high_inst_m1,.0176325612373948,-.0209491409402019,.0395931052449431,.241040324832641,stata_areg_centered_student_vce_unadjusted,69,757999
9829,All,high_inst_m1,.00636657836735803,-.0322151238102387,.0133034938330267,.212008440627585,stata_areg_centered_student_vce_unadjusted,513,757999
9834,All,high_inst_m1,.025591464127016,-.0129902380505807,.0144742333970503,.203750698695473,stata_areg_centered_student_vce_unadjusted,517,757999
9844,All,high_inst_m1,.0422490430777674,.0036673409001707,.0312587965218134,.293775471301258,stata_areg_centered_student_vce_unadjusted,186,757999
9845,All,high_inst_m1,.0379266569404181,-.000655045237178561,.026697150272887,.333684666833835,stata_areg_centered_student_vce_unadjusted,247,757999
9852,All,high_inst_m1,.0510260565720436,.0124443543944469,.0220519948383841,.367553037642843,stata_areg_centered_student_vce_unadjusted,407,757999
9853,All,high_inst_m1,.0551890999095714,.0166073977319747,.0309572451286827,.218998885429141,stata_areg_centered_student_vce_unadjusted,116,757999
9855,All,high_inst_m1,.138319478083544,.0997377759059473,.0497727574644089,.463605670811688,stata_areg_centered_student_vce_unadjusted,65,757999
9860,All,high_inst_m1,.00644959779698276,-.0321321043806139,.0121170086156973,.2670821960012,stata_areg_centered_student_vce_unadjusted,611,757999
9861,All,high_inst_m1,.0699617415536969,.0313800393761002,.0336355437896086,.294031138520345,stata_areg_centered_student_vce_unadjusted,109,757999
9862,All,high_inst_m1,.0424135799627769,.00383187778518024,.0167300838578191,.230415424079964,stata_areg_centered_student_vce_unadjusted,339,757999
9863,All,high_inst_m1,.0362280258294055,-.0023536763481912,.0218514505585871,.306475964947046,stata_areg_centered_student_vce_unadjusted,210,757999
9864,All,high_inst_m1,.0421048539869441,.00352315180934742,.0228925564596397,.250823865844326,stata_areg_centered_student_vce_unadjusted,204,757999
9865,All,high_inst_m1,.038679609098991,.0000979069213943237,.0279839893990909,.219839319307404,stata_areg_centered_student_vce_unadjusted,153,757999
9866,All,high_inst_m1,.0440638492008974,.0054821470233007,.0174132375048678,.27083480832453,stata_areg_centered_student_vce_unadjusted,302,757999
9867,All,high_inst_m1,.0067628945534531,-.0318188076241436,.0150563803464946,.184761156746139,stata_areg_centered_student_vce_unadjusted,437,757999
9877,All,high_inst_m1,.0161428891549422,-.0224388130226545,.0529910120295188,.0542695911137575,stata_areg_centered_student_vce_unadjusted,30,757999
9879,All,high_inst_m1,-.00230278942696996,-.0408844916045666,.28836187325685,.,stata_areg_centered_student_vce_unadjusted,1,757999
9887,All,high_inst_m1,.0203147269588221,-.0182669752187746,.0340578570275175,.234208929506559,stata_areg_centered_student_vce_unadjusted,79,757999
9889,All,high_inst_m1,.0248053454975332,-.0137763566800635,.0234413756686632,.212059909072415,stata_areg_centered_student_vce_unadjusted,200,757999
9896,All,high_inst_m1,.0709982067524984,.0324165045749017,.0192574288973759,.320630253382297,stata_areg_centered_student_vce_unadjusted,238,757999
9897,All,high_inst_m1,.0142543289656651,-.0243273732119316,.0097627506791324,.242027276120443,stata_areg_centered_student_vce_unadjusted,1032,757999
9900,All,high_inst_m1,.0137435929739085,-.0248381092036882,.0134239233212092,.185358721246621,stata_areg_centered_student_vce_unadjusted,545,757999
9903,All,high_inst_m1,.0650036616404138,.0264219594628172,.0208164581983971,.364244346221627,stata_areg_centered_student_vce_unadjusted,337,757999
9905,All,high_inst_m1,.234044613797995,.195462911620398,.0407294703760402,.461912006066243,stata_areg_centered_student_vce_unadjusted,316,757999
9906,All,high_inst_m1,.018857129625569,-.0197245725520276,.0192035566479123,.283629662918952,stata_areg_centered_student_vce_unadjusted,295,757999
9907,All,high_inst_m1,.105623500517474,.0670417983398773,.023893673318868,.439981864698205,stata_areg_centered_student_vce_unadjusted,267,757999
9909,All,high_inst_m1,.018873384901586,-.0197083172760107,.0118721032010451,.234445307080886,stata_areg_centered_student_vce_unadjusted,890,757999
9910,All,high_inst_m1,.0297126320364814,-.00886907014111531,.0377984711439242,.350204993440324,stata_areg_centered_student_vce_unadjusted,92,757999
9911,All,high_inst_m1,.0374180882000368,-.00116361397755991,.0238193838987868,.360421521358379,stata_areg_centered_student_vce_unadjusted,295,757999
9912,All,high_inst_m1,.0406724674348773,.00209076525728064,.0302324184182398,.347489701662225,stata_areg_centered_student_vce_unadjusted,154,757999
9913,All,high_inst_m1,.0152023692959995,-.0233793328815972,.109062165580263,.0449268079199617,stata_areg_centered_student_vce_unadjusted,7,757999
9917,All,high_inst_m1,-.0370205215680077,-.0756022237456044,.0145643759476544,.174038127221097,stata_areg_centered_student_vce_unadjusted,642,757999
9919,All,high_inst_m1,.0696068215181394,.0310251193405427,.0372139434558524,.43740790413454,stata_areg_centered_student_vce_unadjusted,144,757999
9924,All,high_inst_m1,.11783707392174,.0792553717441434,.0388110290501581,.447139193903679,stata_areg_centered_student_vce_unadjusted,392,757999
9926,All,high_inst_m1,.0426158448507484,.00403414267315175,.0360476846128626,.314954958462278,stata_areg_centered_student_vce_unadjusted,117,757999
9930,All,high_inst_m1,.0299079076141907,-.00867379456340598,.0358497651294015,.282238432628387,stata_areg_centered_student_vce_unadjusted,119,757999
9937,All,high_inst_m1,.111406329719189,.0728246275415925,.0239706709636089,.441123129003818,stata_areg_centered_student_vce_unadjusted,246,757999
9940,All,high_inst_m1,.033788517962107,-.00479318421548964,.027925252752596,.370106015434831,stata_areg_centered_student_vce_unadjusted,318,757999
9942,All,high_inst_m1,.00131902721131611,-.0372626749662806,.0509261542623796,.151057713385002,stata_areg_centered_student_vce_unadjusted,41,757999
9945,All,high_inst_m1,-.0203272758790205,-.0589089780566171,.0328496438901053,.10501552947557,stata_areg_centered_student_vce_unadjusted,94,757999
9947,All,high_inst_m1,.0705791670689044,.0319974648913077,.0230052088529217,.369970016817681,stata_areg_centered_student_vce_unadjusted,572,757999
9950,All,high_inst_m1,-.0196762264520832,-.0582579286296799,.0332912942017918,.277622006598055,stata_areg_centered_student_vce_unadjusted,142,757999
9955,All,high_inst_m1,.0258726051087388,-.0127090970688578,.0299294544938153,.289411518793284,stata_areg_centered_student_vce_unadjusted,118,757999
9957,All,high_inst_m1,-.0378922933533487,-.0764739955309454,.011224820433422,.146273233523848,stata_areg_centered_student_vce_unadjusted,723,757999
9959,All,high_inst_m1,.042333983286303,.00375228110870635,.0164054571500793,.3080213743535,stata_areg_centered_student_vce_unadjusted,652,757999
9960,All,high_inst_m1,.0841454494904607,.0455637473128641,.0424980741524449,.387056185100538,stata_areg_centered_student_vce_unadjusted,110,757999
9967,All,high_inst_m1,.237013385321393,.198431683143797,.037043667512515,.477231847170793,stata_areg_centered_student_vce_unadjusted,203,757999
9970,All,high_inst_m1,.177402444689554,.138820742511957,.046181267456083,.471094862775655,stata_areg_centered_student_vce_unadjusted,52,757999
9972,All,high_inst_m1,.0222833019643106,-.0162984002132861,.0270289630968473,.353079144896388,stata_areg_centered_student_vce_unadjusted,177,757999
9973,All,high_inst_m1,.119850925550226,.0812692233726288,.0471097335007842,.454826775165993,stata_areg_centered_student_vce_unadjusted,127,757999
9979,All,high_inst_m1,.0517492819921559,.0131675798145592,.0520968691369059,.416095772145681,stata_areg_centered_student_vce_unadjusted,90,757999
9981,All,high_inst_m1,.000516117082371901,-.0380655850952248,.0145947393215379,.216178752284816,stata_areg_centered_student_vce_unadjusted,420,757999
9982,All,high_inst_m1,.0222893967070146,-.0162923054705821,.0121325697812679,.214455486149042,stata_areg_centered_student_vce_unadjusted,652,757999
9985,All,high_inst_m1,.00769978634860736,-.0308819158289893,.0191282111440386,.149903448415249,stata_areg_centered_student_vce_unadjusted,237,757999
9986,All,high_inst_m1,.0606372420236609,.0220555398460642,.0245769050462854,.261200230097734,stata_areg_centered_student_vce_unadjusted,144,757999
10023,All,high_inst_m1,.0899059126449799,.0513242104673832,.025634812516433,.336321729333502,stata_areg_centered_student_vce_unadjusted,187,757999
10030,All,high_inst_m1,.109012156489489,.0704304543118924,.0213297753060062,.424763960834302,stata_areg_centered_student_vce_unadjusted,535,757999
10042,All,high_inst_m1,.153336758891475,.114755056713878,.0317743164823507,.41449300608566,stata_areg_centered_student_vce_unadjusted,339,757999
10044,All,high_inst_m1,-.0174922419639695,-.0560739441415662,.0134261594050394,.144002557318342,stata_areg_centered_student_vce_unadjusted,504,757999
10052,All,high_inst_m1,.00344265076558886,-.0351390514120078,.0183535652316391,.10349160644563,stata_areg_centered_student_vce_unadjusted,263,757999
10058,All,high_inst_m1,.0771511803496794,.0385694781720827,.0295685913721832,.327319403235146,stata_areg_centered_student_vce_unadjusted,148,757999
10069,All,high_inst_m1,.0590582029088264,.0204765007312297,.0238449241963339,.34317723779676,stata_areg_centered_student_vce_unadjusted,259,757999
10073,All,high_inst_m1,.0325398654367782,-.00604183674081846,.0128906660436845,.267559739918458,stata_areg_centered_student_vce_unadjusted,547,757999
10075,All,high_inst_m1,.0678014700806379,.0292197679030412,.0220395674676914,.245129742839739,stata_areg_centered_student_vce_unadjusted,187,757999
10076,All,high_inst_m1,.0386416225423651,.0000599203647684218,.0165628816768254,.227405323059605,stata_areg_centered_student_vce_unadjusted,368,757999
10077,All,high_inst_m1,.045309790350243,.00672808817264629,.0191034772160862,.199737266369564,stata_areg_centered_student_vce_unadjusted,244,757999
10087,All,high_inst_m1,.0357217023282357,-.002859999849361,.203729038399387,.0272777270040673,stata_areg_centered_student_vce_unadjusted,2,757999
10088,All,high_inst_m1,.114696311189777,.0761146090121801,.288463678223884,.,stata_areg_centered_student_vce_unadjusted,1,757999
10091,All,high_inst_m1,.0663917641755244,.0278100619979277,.028431916009489,.262606675669873,stata_areg_centered_student_vce_unadjusted,130,757999
10102,All,high_inst_m1,.073933363971646,.0353516617940494,.288291914453185,.,stata_areg_centered_student_vce_unadjusted,1,757999
10106,All,high_inst_m1,.100319502656036,.0617378004784397,.0282435992992505,.322189068545182,stata_areg_centered_student_vce_unadjusted,136,757999
10120,All,high_inst_m1,.0338451095277901,-.00473659264980661,.0330192635605124,.125600161084524,stata_areg_centered_student_vce_unadjusted,78,757999
10126,All,high_inst_m1,.032169836478151,-.00641186569944566,.0371705800996576,.182988512712829,stata_areg_centered_student_vce_unadjusted,80,757999
10128,All,high_inst_m1,.0423748642736401,.00379316209604338,.0403864013935965,.204917257744429,stata_areg_centered_student_vce_unadjusted,52,757999
10130,All,high_inst_m1,.112792588486656,.0742108863090589,.0417260826396137,.334751798686278,stata_areg_centered_student_vce_unadjusted,117,757999
10140,All,high_inst_m1,-.0813883558534682,-.119970058031065,.0455900989926975,.320320976290927,stata_areg_centered_student_vce_unadjusted,93,757999
10158,All,high_inst_m1,.0260887957701486,-.012492906407448,.0249913306634197,.329743257608439,stata_areg_centered_student_vce_unadjusted,264,757999
10162,All,high_inst_m1,.0506019114714671,.0120202092938705,.0268503081736305,.339957232004376,stata_areg_centered_student_vce_unadjusted,153,757999
10164,All,high_inst_m1,.0418271782440581,.00324547606646138,.0300864949445812,.305508928844172,stata_areg_centered_student_vce_unadjusted,145,757999
10187,All,high_inst_m1,.0728895841566067,.0343078819790101,.0229466268333854,.357097212632696,stata_areg_centered_student_vce_unadjusted,308,757999
10193,All,high_inst_m1,.0104370493144488,-.0281446528631479,.0304878095912538,.263188564361765,stata_areg_centered_student_vce_unadjusted,143,757999
10196,All,high_inst_m1,-.00212604534330588,-.0407077475209026,.0121889672720197,.212424491577943,stata_areg_centered_student_vce_unadjusted,728,757999
10199,All,high_inst_m1,-.010256972367017,-.0488386745446137,.0366069993349255,.234105546851924,stata_areg_centered_student_vce_unadjusted,114,757999
10201,All,high_inst_m1,.0257406799543705,-.0128410222232261,.0573504640044287,.0844855351862668,stata_areg_centered_student_vce_unadjusted,26,757999
10220,All,high_inst_m1,.0658891629481039,.0273074607705072,.0255841623107743,.341761065261705,stata_areg_centered_student_vce_unadjusted,222,757999
10223,All,high_inst_m1,.0164550938003568,-.0221266083772399,.0143121036205926,.253112008874099,stata_areg_centered_student_vce_unadjusted,523,757999
10224,All,high_inst_m1,.0963023726825663,.0577206705049696,.0244571433869757,.404358407662998,stata_areg_centered_student_vce_unadjusted,278,757999
10232,All,high_inst_m1,-.0249700319227649,-.0635517341003616,.0220925819238342,.291665954382467,stata_areg_centered_student_vce_unadjusted,283,757999
10239,All,high_inst_m1,.113536549733579,.0749548475559819,.28809597405842,.,stata_areg_centered_student_vce_unadjusted,1,757999
10240,All,high_inst_m1,.020399007497304,-.0181826946802927,.0259408095148087,.198816491058249,stata_areg_centered_student_vce_unadjusted,180,757999
10246,All,high_inst_m1,.0579348138626033,.0193531116850066,.0242006931690391,.346286335820176,stata_areg_centered_student_vce_unadjusted,526,757999
10248,All,high_inst_m1,.0032464837127514,-.0353352184648453,.0149175974866204,.19076898031217,stata_areg_centered_student_vce_unadjusted,424,757999
10250,All,high_inst_m1,.0316735783188984,-.00690812385869829,.0255782735879465,.182615400278773,stata_areg_centered_student_vce_unadjusted,176,757999
10251,All,high_inst_m1,.049567893845035,.0109861916674383,.0307694229189242,.277103312154589,stata_areg_centered_student_vce_unadjusted,131,757999
10252,All,high_inst_m1,.0376902924399349,-.00089140973766174,.0356978448204177,.275937409777076,stata_areg_centered_student_vce_unadjusted,100,757999
10253,All,high_inst_m1,.0274881022968331,-.0110935998807636,.0164066982398085,.277518657292979,stata_areg_centered_student_vce_unadjusted,414,757999
10254,All,high_inst_m1,.0230617451018632,-.0155199570757335,.0273432226819793,.126290447694647,stata_areg_centered_student_vce_unadjusted,124,757999
10255,All,high_inst_m1,.0591540839823755,.0205723818047788,.0156915678354088,.238440457232762,stata_areg_centered_student_vce_unadjusted,380,757999
10259,All,high_inst_m1,-.0145754990263086,-.0531572012039053,.0299593402811131,.104865475225857,stata_areg_centered_student_vce_unadjusted,116,757999
10263,All,high_inst_m1,.0879096542695922,.0493279520919955,.288813954937595,.,stata_areg_centered_student_vce_unadjusted,1,757999
10269,All,high_inst_m1,.0105789419502568,-.0280027602273399,.0326283404058381,.258227086823871,stata_areg_centered_student_vce_unadjusted,101,757999
10272,All,high_inst_m1,.117291714971447,.0787100127938506,.28891431710784,.,stata_areg_centered_student_vce_unadjusted,1,757999
10313,All,high_inst_m1,.0124784186093827,-.026103283568214,.0214424332563629,.271132760246997,stata_areg_centered_student_vce_unadjusted,266,757999
10315,All,high_inst_m1,-.0416870913130293,-.0802687934906259,.0403379777625444,.30627799526735,stata_areg_centered_student_vce_unadjusted,149,757999
10320,All,high_inst_m1,.0155410152582439,-.0230406869193528,.020576602058789,.203949616156128,stata_areg_centered_student_vce_unadjusted,279,757999
10329,All,high_inst_m1,-.00804624775142134,-.046627949929018,.0298904863300026,.206640734636534,stata_areg_centered_student_vce_unadjusted,114,757999
10337,All,high_inst_m1,.0998427339728918,.0612610317952951,.0341053059208866,.345971630387218,stata_areg_centered_student_vce_unadjusted,142,757999
10344,All,high_inst_m1,.0126704865870121,-.0259112155905846,.0263610105858235,.336727407306293,stata_areg_centered_student_vce_unadjusted,268,757999
10350,All,high_inst_m1,.0993373485151461,.0607556463375494,.0272010468888467,.373948091013354,stata_areg_centered_student_vce_unadjusted,227,757999
10352,All,high_inst_m1,.128037925729615,.0894562235520187,.03920781859342,.37699104643674,stata_areg_centered_student_vce_unadjusted,94,757999
10355,All,high_inst_m1,-.0000518200905793658,-.038633522268176,.0687513628806994,.0536154214406997,stata_areg_centered_student_vce_unadjusted,18,757999
10377,All,high_inst_m1,.00305104983037544,-.0355306523472212,.0375647232297342,.185478431470471,stata_areg_centered_student_vce_unadjusted,70,757999
10385,All,high_inst_m1,.0131949618047614,-.0253867403728353,.0314732529354435,.272866109046571,stata_areg_centered_student_vce_unadjusted,137,757999
10396,All,high_inst_m1,.00930516789335455,-.0292765342842421,.0144170498602819,.202078369692935,stata_areg_centered_student_vce_unadjusted,465,757999
10397,All,high_inst_m1,.00109800891709559,-.0374836932605011,.0193480086658521,.117853105179952,stata_areg_centered_student_vce_unadjusted,235,757999
10398,All,high_inst_m1,.0581870150600071,.0196053128824105,.287730463125661,.,stata_areg_centered_student_vce_unadjusted,1,757999
10399,All,high_inst_m1,.0195500646851075,-.0190316374924891,.0133524056887308,.182802425855271,stata_areg_centered_student_vce_unadjusted,818,757999
10400,All,high_inst_m1,.0875575237865412,.0489758216089446,.118311502059542,.0467413829498376,stata_areg_centered_student_vce_unadjusted,6,757999
10401,All,high_inst_m1,.105575929239559,.0669942270619625,.0364286719046896,.328479708613008,stata_areg_centered_student_vce_unadjusted,75,757999
10404,All,high_inst_m1,.118294852157131,.0797131499795346,.288875208128102,.,stata_areg_centered_student_vce_unadjusted,1,757999
10405,All,high_inst_m1,.00642215412564686,-.0321595480519498,.0188387576083501,.148659962321012,stata_areg_centered_student_vce_unadjusted,335,757999
10408,All,high_inst_m1,.028946996345232,-.00963470583236467,.019687060313546,.215843929893685,stata_areg_centered_student_vce_unadjusted,272,757999
10415,All,high_inst_m1,.0251192074029651,-.0134624947746316,.0179709375943924,.301875425891957,stata_areg_centered_student_vce_unadjusted,552,757999
10419,All,high_inst_m1,.0195754433687677,-.019006258808829,.0136469370709781,.199331946086835,stata_areg_centered_student_vce_unadjusted,747,757999
10420,All,high_inst_m1,.069764175417737,.0311824732401404,.204604957823047,.0297541317729865,stata_areg_centered_student_vce_unadjusted,2,757999
10422,All,high_inst_m1,.0177643082384848,-.0208173939391119,.0732178302912159,.0470415261930556,stata_areg_centered_student_vce_unadjusted,16,757999
10425,All,high_inst_m1,-.0124555814422279,-.0510372836198246,.288322616730203,.,stata_areg_centered_student_vce_unadjusted,1,757999
10432,All,high_inst_m1,.067582374011972,.0290006718343753,.0270222916509726,.265744225460764,stata_areg_centered_student_vce_unadjusted,292,757999
10433,All,high_inst_m1,.0366342123202953,-.0019474898573014,.0325214034957587,.245245569059263,stata_areg_centered_student_vce_unadjusted,137,757999
10450,All,high_inst_m1,.0480817182254364,.00950001604783968,.017624525068533,.305445192701524,stata_areg_centered_student_vce_unadjusted,426,757999
10452,All,high_inst_m1,.0284874089257495,-.0100942932518471,.023264129910754,.251054243717225,stata_areg_centered_student_vce_unadjusted,161,757999
10453,All,high_inst_m1,-.00150499388092876,-.0400866960585254,.0145803649109976,.153510499490385,stata_areg_centered_student_vce_unadjusted,430,757999
10455,All,high_inst_m1,.0425288450110273,.00394714283343057,.0332035663990478,.269324890178387,stata_areg_centered_student_vce_unadjusted,143,757999
10456,All,high_inst_m1,-.0143764495258068,-.0529581517034034,.0146424266403031,.131446899752244,stata_areg_centered_student_vce_unadjusted,465,757999
10457,All,high_inst_m1,.046066128959953,.00748442678235634,.0253622409205042,.255033811133087,stata_areg_centered_student_vce_unadjusted,212,757999
10460,All,high_inst_m1,-.00414182925074377,-.0427235314283404,.0616989616127744,.0670088457669245,stata_areg_centered_student_vce_unadjusted,22,757999
10470,All,high_inst_m1,-.00384868070689291,-.0424303828844896,.0162681845171187,.233898539731402,stata_areg_centered_student_vce_unadjusted,450,757999
10479,All,high_inst_m1,.00269894342442748,-.0358827587531692,.0345106022648144,.345913943912848,stata_areg_centered_student_vce_unadjusted,149,757999
10482,All,high_inst_m1,-.0277937564679051,-.0663754586455018,.0318068314111098,.235815129815213,stata_areg_centered_student_vce_unadjusted,95,757999
10484,All,high_inst_m1,.00673005642534928,-.0318516457522474,.021648580342258,.313044850196323,stata_areg_centered_student_vce_unadjusted,275,757999
10487,All,high_inst_m1,.0065820299023284,-.0319996722752683,.019723171930465,.352458322165058,stata_areg_centered_student_vce_unadjusted,1003,757999
10489,All,high_inst_m1,.0488693740457643,.0102876718681676,.0259639806420605,.332584472561931,stata_areg_centered_student_vce_unadjusted,274,757999
10491,All,high_inst_m1,.106355432308893,.0677737301312959,.0304567308803131,.407257868353908,stata_areg_centered_student_vce_unadjusted,172,757999
10492,All,high_inst_m1,.12062891981748,.0820472176398837,.041306851609082,.404595104987575,stata_areg_centered_student_vce_unadjusted,98,757999
10493,All,high_inst_m1,.00146900365724508,-.0371126985203516,.0179877023394713,.303773708879847,stata_areg_centered_student_vce_unadjusted,344,757999
10496,All,high_inst_m1,-.0248087078616245,-.0633904100392212,.0123584681156229,.191586892745887,stata_areg_centered_student_vce_unadjusted,704,757999
10500,All,high_inst_m1,.00438616007515668,-.03419554210244,.0205391464238588,.234779749497827,stata_areg_centered_student_vce_unadjusted,289,757999
10501,All,high_inst_m1,-.00589311380015618,-.0444748159777529,.021677978751801,.220143997966382,stata_areg_centered_student_vce_unadjusted,218,757999
10503,All,high_inst_m1,.149271376926325,.110689674748728,.0245744767033046,.436460318387288,stata_areg_centered_student_vce_unadjusted,266,757999
10505,All,high_inst_m1,.0388738600507104,.000292157873113763,.0251625525883394,.377337464330784,stata_areg_centered_student_vce_unadjusted,270,757999
10506,All,high_inst_m1,-.028491741092435,-.0670734432700317,.0289323628368548,.239815088571969,stata_areg_centered_student_vce_unadjusted,207,757999
10507,All,high_inst_m1,.0300397575884491,-.0085419445891476,.0121395907895982,.266501037851824,stata_areg_centered_student_vce_unadjusted,692,757999
10512,All,high_inst_m1,.0644547128532861,.0258730106756894,.042762585352181,.408665089487707,stata_areg_centered_student_vce_unadjusted,96,757999
10513,All,high_inst_m1,-.0127959332008678,-.0513776353784645,.0652735969116204,.335719197531084,stata_areg_centered_student_vce_unadjusted,24,757999
10515,All,high_inst_m1,-.00561350572560248,-.0441952079031992,.0348868234354261,.161312945350568,stata_areg_centered_student_vce_unadjusted,99,757999
10516,All,high_inst_m1,.0442298615937932,.00564815941619649,.0246634658752412,.291568181119741,stata_areg_centered_student_vce_unadjusted,200,757999
10520,All,high_inst_m1,.0601091025377728,.0215274003601761,.0304218686582477,.301585446603997,stata_areg_centered_student_vce_unadjusted,163,757999
10526,All,high_inst_m1,-.000903378944977329,-.039485081122574,.0281415704006886,.180832647814036,stata_areg_centered_student_vce_unadjusted,272,757999
10540,All,high_inst_m1,.0217362190215222,-.0168454831560745,.044622505436968,.324255208041219,stata_areg_centered_student_vce_unadjusted,148,757999
10541,All,high_inst_m1,.0303205709033781,-.00826113127421855,.0103465991280243,.25070438007698,stata_areg_centered_student_vce_unadjusted,989,757999
10542,All,high_inst_m1,.0200581164801607,-.018523585697436,.0240627865520311,.223072939710822,stata_areg_centered_student_vce_unadjusted,181,757999
10543,All,high_inst_m1,.02642371380668,-.0121579883709166,.0169990625216699,.235813372184625,stata_areg_centered_student_vce_unadjusted,317,757999
10544,All,high_inst_m1,.0127780092154979,-.0258036929620988,.0122557965803257,.210956931505622,stata_areg_centered_student_vce_unadjusted,654,757999
10545,All,high_inst_m1,.00836040646918344,-.0302212957084132,.0162754605675298,.146072937490105,stata_areg_centered_student_vce_unadjusted,342,757999
10548,All,high_inst_m1,.0417731028268457,.00319140064924901,.289229019798286,.,stata_areg_centered_student_vce_unadjusted,1,757999
10551,All,high_inst_m1,.0331861377814804,-.00539556439611633,.0270129147968726,.216547425448922,stata_areg_centered_student_vce_unadjusted,120,757999
10555,All,high_inst_m1,-.0190375734395874,-.0576192756171841,.0919866650544484,.097108116070972,stata_areg_centered_student_vce_unadjusted,10,757999
10556,All,high_inst_m1,.0516046918558027,.0130229896782061,.288537601005474,.,stata_areg_centered_student_vce_unadjusted,1,757999
10565,All,high_inst_m1,.0445976275385125,.00601592536091586,.287956912353942,.,stata_areg_centered_student_vce_unadjusted,1,757999
10569,All,high_inst_m1,.0217018885240662,-.0168798136535305,.0665352395229983,.0814121794129602,stata_areg_centered_student_vce_unadjusted,19,757999
10572,All,high_inst_m1,.0360485648799624,-.00253313729763433,.0638377346885381,.0585367754867798,stata_areg_centered_student_vce_unadjusted,21,757999
10573,All,high_inst_m1,-.00722226696661459,-.0458039691442113,.0293013942338852,.122283993019272,stata_areg_centered_student_vce_unadjusted,104,757999
10576,All,high_inst_m1,.0727922086716247,.034210506494028,.205657404203293,.0393327800260987,stata_areg_centered_student_vce_unadjusted,2,757999
10581,All,high_inst_m1,.0365066794726815,-.00207502270491516,.0921727798376591,.0523777254289592,stata_areg_centered_student_vce_unadjusted,10,757999
10584,All,high_inst_m1,.0187793592219893,-.0198023429556073,.026933225020966,.0979593927521199,stata_areg_centered_student_vce_unadjusted,118,757999
10586,All,high_inst_m1,.0442340346392491,.00565233246165242,.0881977985389751,.0439740250956207,stata_areg_centered_student_vce_unadjusted,11,757999
10588,All,high_inst_m1,.124616886115482,.0860351839378853,.0356509146961664,.331465314291123,stata_areg_centered_student_vce_unadjusted,92,757999
10592,All,high_inst_m1,-.012602896335396,-.0511845985129926,.02946201220434,.183769979080384,stata_areg_centered_student_vce_unadjusted,121,757999
10594,All,high_inst_m1,.046201844754551,.0076201425769543,.0407935492344984,.350020926183464,stata_areg_centered_student_vce_unadjusted,109,757999
10600,All,high_inst_m1,.0830295071842112,.0444478050066145,.0317850886214911,.374888722851892,stata_areg_centered_student_vce_unadjusted,330,757999
10604,All,high_inst_m1,-.00350807938057384,-.0420897815581705,.0308433755240172,.190676954282434,stata_areg_centered_student_vce_unadjusted,126,757999
10606,All,high_inst_m1,.0384657973912735,-.000115904786323201,.041229076018783,.367977941361324,stata_areg_centered_student_vce_unadjusted,109,757999
10607,All,high_inst_m1,.00612373496256677,-.0324579672150299,.0302750292849356,.200120555104998,stata_areg_centered_student_vce_unadjusted,117,757999
10608,All,high_inst_m1,.0498957990646402,.0113140968870435,.0140872238275413,.352130993007222,stata_areg_centered_student_vce_unadjusted,602,757999
10610,All,high_inst_m1,.0832601308143982,.0446784286368015,.0313177174678541,.389372984527304,stata_areg_centered_student_vce_unadjusted,252,757999
10611,All,high_inst_m1,.119140477629486,.080558775451889,.0289276471408377,.471891654542375,stata_areg_centered_student_vce_unadjusted,294,757999
10615,All,high_inst_m1,.153114771946488,.114533069768891,.0483583498807854,.48937706563897,stata_areg_centered_student_vce_unadjusted,62,757999
10618,All,high_inst_m1,.0588010937718185,.0202193915942218,.0172098271344443,.400308583943352,stata_areg_centered_student_vce_unadjusted,721,757999
10626,All,high_inst_m1,.0321760027829004,-.00640569939469623,.0348888888512889,.334999700651365,stata_areg_centered_student_vce_unadjusted,113,757999
10628,All,high_inst_m1,.0594803599401995,.0208986577626028,.0367882641897639,.289096418054446,stata_areg_centered_student_vce_unadjusted,89,757999
10632,All,high_inst_m1,.00571776286594936,-.0328639393116473,.0194960877449702,.168755176755164,stata_areg_centered_student_vce_unadjusted,248,757999
10635,All,high_inst_m1,.0838802964052973,.0452985942277007,.0265107658699604,.446613599364546,stata_areg_centered_student_vce_unadjusted,292,757999
10638,All,high_inst_m1,.0398862326638766,.00130453048627991,.0135787121063153,.27363546263822,stata_areg_centered_student_vce_unadjusted,789,757999
10640,All,high_inst_m1,-.00082295671108909,-.0394046588886858,.0772241502893034,.0593524728530886,stata_areg_centered_student_vce_unadjusted,14,757999
10641,All,high_inst_m1,.0267641156304909,-.0118175865471057,.0269046606207568,.231147920535979,stata_areg_centered_student_vce_unadjusted,169,757999
10642,All,high_inst_m1,.0184766042975587,-.020105097880038,.0211034502354203,.196130185345873,stata_areg_centered_student_vce_unadjusted,223,757999
10645,All,high_inst_m1,.0354413883155788,-.00314031386201791,.0318593665128668,.2437226206712,stata_areg_centered_student_vce_unadjusted,113,757999
10652,All,high_inst_m1,.0311010413532805,-.00748066082431617,.288745731026601,.,stata_areg_centered_student_vce_unadjusted,1,757999
10658,All,high_inst_m1,.00742972781532583,-.0311519743622709,.0147069226311562,.317388401978523,stata_areg_centered_student_vce_unadjusted,1117,757999
10662,All,high_inst_m1,.066659160711823,.0280774585342263,.0392692085993787,.391128521388258,stata_areg_centered_student_vce_unadjusted,111,757999
10663,All,high_inst_m1,.0222930465380353,-.0162886556395614,.0160598400044776,.229215169969921,stata_areg_centered_student_vce_unadjusted,582,757999
10666,All,high_inst_m1,.0646469411020068,.0260652389244101,.0229718617269629,.268729544129011,stata_areg_centered_student_vce_unadjusted,269,757999
10667,All,high_inst_m1,.0136352330148704,-.0249464691627263,.0310894919095196,.230920880889924,stata_areg_centered_student_vce_unadjusted,171,757999
10669,All,high_inst_m1,.0644354223513347,.025853720173738,.0349045727544948,.28043271893142,stata_areg_centered_student_vce_unadjusted,106,757999
10683,All,high_inst_m1,-.111712325853862,-.150294028031458,.289276598301968,.,stata_areg_centered_student_vce_unadjusted,1,757999
10685,All,high_inst_m1,.0751653879957267,.03658368581813,.0360908461031067,.372322810018914,stata_areg_centered_student_vce_unadjusted,275,757999
10686,All,high_inst_m1,.0208350317783262,-.0177466703992704,.0232652975618625,.262347069087804,stata_areg_centered_student_vce_unadjusted,205,757999
10688,All,high_inst_m1,.00653913538069062,-.0320425667969061,.0874996843439252,.0321136104792116,stata_areg_centered_student_vce_unadjusted,11,757999
10694,All,high_inst_m1,-.0211579173913889,-.0597396195689856,.291882945395785,.,stata_areg_centered_student_vce_unadjusted,1,757999
10696,All,high_inst_m1,.133268242189517,.0946865400119206,.0168143539856218,.383113134180728,stata_areg_centered_student_vce_unadjusted,468,757999
10697,All,high_inst_m1,.0580166821594053,.0194349799818086,.0129447396521923,.280230583064428,stata_areg_centered_student_vce_unadjusted,809,757999
10699,All,high_inst_m1,.228136021797907,.189554319620311,.0282617413841909,.419381848025538,stata_areg_centered_student_vce_unadjusted,167,757999
10702,All,high_inst_m1,.0095037264567075,-.0290779757208892,.28839320626613,.,stata_areg_centered_student_vce_unadjusted,1,757999
10710,All,high_inst_m1,.164988632937671,.126406930760074,.0353440120859735,.423602871683029,stata_areg_centered_student_vce_unadjusted,239,757999
10711,All,high_inst_m1,.00624640577305944,-.0323352964045372,.0130230006765675,.27112081068757,stata_areg_centered_student_vce_unadjusted,684,757999
10713,All,high_inst_m1,.0243606560310276,-.0142210461465691,.0262193172999005,.334217507096516,stata_areg_centered_student_vce_unadjusted,242,757999
10715,All,high_inst_m1,-.025104336503999,-.0636860386815957,.0183552785746011,.21317906252672,stata_areg_centered_student_vce_unadjusted,300,757999
10717,All,high_inst_m1,.00751400278824713,-.0310676993893495,.0179330352383964,.184070926116826,stata_areg_centered_student_vce_unadjusted,312,757999
10719,All,high_inst_m1,.270784320851867,.23220261867427,.0438642983893292,.471294324665303,stata_areg_centered_student_vce_unadjusted,91,757999
10721,All,high_inst_m1,.0149297564534013,-.0236519457241954,.0200077563171381,.266964578934826,stata_areg_centered_student_vce_unadjusted,358,757999
10723,All,high_inst_m1,.186871516478413,.148289814300816,.0526249327822712,.42395127822764,stata_areg_centered_student_vce_unadjusted,106,757999
10724,All,high_inst_m1,.235198178479015,.196616476301418,.0428241841208697,.470052036363547,stata_areg_centered_student_vce_unadjusted,220,757999
10725,All,high_inst_m1,.00960697667915007,-.0289747254984466,.0192844041175548,.20979458869122,stata_areg_centered_student_vce_unadjusted,337,757999
10726,All,high_inst_m1,.11085040578605,.0722687036084532,.02419132746742,.400919713419719,stata_areg_centered_student_vce_unadjusted,224,757999
10727,All,high_inst_m1,.0491229673726857,.0105412651950891,.0320974239036047,.245433777439793,stata_areg_centered_student_vce_unadjusted,120,757999
10734,All,high_inst_m1,-.0208870647186844,-.0594687668962811,.0218618404930735,.250306083151403,stata_areg_centered_student_vce_unadjusted,390,757999
10735,All,high_inst_m1,.0123780848386387,-.0262036173389579,.0296237778962595,.191283378976255,stata_areg_centered_student_vce_unadjusted,120,757999
10737,All,high_inst_m1,.037316861167875,-.00126484100972171,.0423456029055069,.259730254268763,stata_areg_centered_student_vce_unadjusted,54,757999
10746,All,high_inst_m1,.0469566039069383,.00837490172934166,.0227481043882593,.250714378867587,stata_areg_centered_student_vce_unadjusted,183,757999
10749,All,high_inst_m1,.00855542302224912,-.0300262791553476,.0196576443895548,.206080183879585,stata_areg_centered_student_vce_unadjusted,274,757999
10751,All,high_inst_m1,.0373780722297785,-.00120362994781818,.02524179384241,.221524740208197,stata_areg_centered_student_vce_unadjusted,145,757999
10755,All,high_inst_m1,.0448838171826317,.00630211500503498,.288555526024446,.,stata_areg_centered_student_vce_unadjusted,1,757999
10757,All,high_inst_m1,-.0010957589499926,-.0396774611275893,.0243472603061087,.21738868564217,stata_areg_centered_student_vce_unadjusted,209,757999
10772,All,high_inst_m1,-.0153316037112785,-.0539133058888752,.0269965908253014,.358855086657992,stata_areg_centered_student_vce_unadjusted,296,757999
10773,All,high_inst_m1,-.0102839251526182,-.0488656273302149,.0145351962973725,.226646388569963,stata_areg_centered_student_vce_unadjusted,616,757999
10777,All,high_inst_m1,.169970156476256,.131388454298659,.0583587699975406,.486955464531356,stata_areg_centered_student_vce_unadjusted,65,757999
10780,All,high_inst_m1,.0398345311470738,.00125282896947713,.0132803720203816,.277924763879529,stata_areg_centered_student_vce_unadjusted,957,757999
10781,All,high_inst_m1,.016491435991983,-.0220902661856137,.0170217051992987,.181821602769743,stata_areg_centered_student_vce_unadjusted,402,757999
10783,All,high_inst_m1,.0834160610534882,.0448343588758916,.0279276115042139,.293321734796866,stata_areg_centered_student_vce_unadjusted,136,757999
10791,All,high_inst_m1,-.0282288469415063,-.0668105491191029,.0782003688983295,.102271111290386,stata_areg_centered_student_vce_unadjusted,14,757999
10792,All,high_inst_m1,.033910030328284,-.00467167184931265,.0269495574540635,.27529785081436,stata_areg_centered_student_vce_unadjusted,200,757999
10828,All,high_inst_m1,.033384476619709,-.00519722555788769,.0278246226671995,.387703521368128,stata_areg_centered_student_vce_unadjusted,319,757999
10829,All,high_inst_m1,.00514761722578606,-.0334340849518106,.0268920540074455,.156935813960612,stata_areg_centered_student_vce_unadjusted,160,757999
10830,All,high_inst_m1,-.00145577770020344,-.0400374798778001,.0172014461154299,.179197319948079,stata_areg_centered_student_vce_unadjusted,379,757999
10831,All,high_inst_m1,.071221572803102,.0326398706255053,.0239860576794579,.366633089403243,stata_areg_centered_student_vce_unadjusted,434,757999
10832,All,high_inst_m1,-.00783846929108811,-.0464201714686848,.0128507011756482,.262407587018724,stata_areg_centered_student_vce_unadjusted,1284,757999
10833,All,high_inst_m1,.00045078463044904,-.0381309175471476,.0239297983184048,.288968137933494,stata_areg_centered_student_vce_unadjusted,279,757999
10834,All,high_inst_m1,.268131148452034,.229549446274437,.0361705682960422,.469298954611006,stata_areg_centered_student_vce_unadjusted,145,757999
10845,All,high_inst_m1,.0731521133174083,.0345704111398116,.0184962224254536,.266595432830772,stata_areg_centered_student_vce_unadjusted,651,757999
10851,All,high_inst_m1,-.0256251545587906,-.0642068567363873,.0349226862368103,.260807764016901,stata_areg_centered_student_vce_unadjusted,125,757999
10854,All,high_inst_m1,.000908394245224733,-.037673307932372,.0262923489142761,.250610064654396,stata_areg_centered_student_vce_unadjusted,234,757999
10865,All,high_inst_m1,-.0102511383702159,-.0488328405478126,.292835417624892,.,stata_areg_centered_student_vce_unadjusted,1,757999
10873,All,high_inst_m1,.0358302994830365,-.00275140269456021,.0343715123267116,.319864351753129,stata_areg_centered_student_vce_unadjusted,182,757999
10892,All,high_inst_m1,-.0184455436602616,-.0570272458378583,.0194178932882873,.220572019261563,stata_areg_centered_student_vce_unadjusted,750,757999
10900,All,high_inst_m1,.191432120533618,.152850418356021,.0365023093403136,.487831361103547,stata_areg_centered_student_vce_unadjusted,183,757999
10901,All,high_inst_m1,-.0530664410686785,-.0916481432462752,.0391263645372384,.205822182284537,stata_areg_centered_student_vce_unadjusted,97,757999
10905,All,high_inst_m1,-.0102306395113504,-.048812341688947,.289433449414313,.,stata_areg_centered_student_vce_unadjusted,1,757999
10906,All,high_inst_m1,-.00691699520567798,-.0454986973832747,.0501614586427693,.360607413094569,stata_areg_centered_student_vce_unadjusted,131,757999
10911,All,high_inst_m1,-.0197095698512913,-.058291272028888,.0176482754987647,.0756373848711946,stata_areg_centered_student_vce_unadjusted,422,757999
10915,All,high_inst_m1,.00973487015726327,-.0288468320203334,.0244776405218731,.256107640289453,stata_areg_centered_student_vce_unadjusted,411,757999
10917,All,high_inst_m1,-.0400372249505384,-.078618927128135,.0235441660094353,.22393598223617,stata_areg_centered_student_vce_unadjusted,711,757999
10962,All,high_inst_m1,.210852547803744,.172270845626147,.0277673289950267,.456578164646432,stata_areg_centered_student_vce_unadjusted,378,757999
10967,All,high_inst_m1,.0492711785995342,.0106894764219375,.0175409544152964,.312417213233414,stata_areg_centered_student_vce_unadjusted,414,757999
10968,All,high_inst_m1,.0753354488455407,.036753746667944,.0157718025635938,.287971008827257,stata_areg_centered_student_vce_unadjusted,469,757999
10970,All,high_inst_m1,.0106327154383189,-.0279489867392778,.0150228775681557,.239427407772801,stata_areg_centered_student_vce_unadjusted,681,757999
11034,All,high_inst_m1,.182039246934344,.143457544756747,.0231258010910604,.405176537397185,stata_areg_centered_student_vce_unadjusted,301,757999
11035,All,high_inst_m1,.189184399566481,.150602697388884,.0634966489061495,.452253972709221,stata_areg_centered_student_vce_unadjusted,82,757999
11038,All,high_inst_m1,.175840161905786,.13725845972819,.0296238681222284,.388283424298236,stata_areg_centered_student_vce_unadjusted,232,757999
11103,All,high_inst_m1,.0594807049434097,.020899002765813,.0334774131849331,.391858861097485,stata_areg_centered_student_vce_unadjusted,106,757999
11105,All,high_inst_m1,.0368480589793247,-.00173364319827196,.0253599242825521,.327668419248756,stata_areg_centered_student_vce_unadjusted,285,757999
11106,All,high_inst_m1,.0828927387071145,.0443110365295178,.0294943197326849,.398422318411924,stata_areg_centered_student_vce_unadjusted,425,757999
11107,All,high_inst_m1,-.0162011168692707,-.0547828190468674,.0305437406438209,.249421050835043,stata_areg_centered_student_vce_unadjusted,114,757999
11110,All,high_inst_m1,-.0472527999325737,-.0858345021101704,.0818896588809122,.0785809761552826,stata_areg_centered_student_vce_unadjusted,21,757999
11111,All,high_inst_m1,.0334158796202497,-.00516582255734699,.0293540254726497,.19299626090041,stata_areg_centered_student_vce_unadjusted,193,757999
11130,All,high_inst_m1,-.0251166561718307,-.0636983583494274,.0585005796511438,.367112862917023,stata_areg_centered_student_vce_unadjusted,130,757999
11133,All,high_inst_m1,-.0133332332847277,-.0519149354623244,.0400187375866149,.324966885848527,stata_areg_centered_student_vce_unadjusted,94,757999
11136,All,high_inst_m1,.171940217424232,.133358515246635,.290028770597651,.,stata_areg_centered_student_vce_unadjusted,1,757999
11139,All,high_inst_m1,.0256932344403659,-.0128884677372308,.0189997581367159,.246349416919916,stata_areg_centered_student_vce_unadjusted,320,757999
11144,All,high_inst_m1,.0290157938160441,-.0095659083615526,.0260999821555528,.284135654517924,stata_areg_centered_student_vce_unadjusted,202,757999
11145,All,high_inst_m1,-.0980453967035947,-.136627098881191,.0475612131104591,.330227293881523,stata_areg_centered_student_vce_unadjusted,153,757999
11155,All,high_inst_m1,.0263033176735282,-.0122783845040685,.0173447003215957,.241097096000172,stata_areg_centered_student_vce_unadjusted,400,757999
11157,All,high_inst_m1,.0760563364033672,.0374746342257705,.0334275438198557,.370363675764387,stata_areg_centered_student_vce_unadjusted,113,757999
11176,All,high_inst_m1,.0982885649454256,.0597068627678289,.0231734299881639,.467052532595707,stata_areg_centered_student_vce_unadjusted,410,757999
11177,All,high_inst_m1,.020704696743794,-.0178770054338026,.0285570982355775,.228823927985589,stata_areg_centered_student_vce_unadjusted,254,757999
11199,All,high_inst_m1,-.00353338140413295,-.0421150835817296,.0323797188706471,.22298264806351,stata_areg_centered_student_vce_unadjusted,175,757999
11201,All,high_inst_m1,-.0150216534759511,-.0536033556535478,.289460693500384,.,stata_areg_centered_student_vce_unadjusted,1,757999
11209,All,high_inst_m1,-.00490404350875065,-.0434857456863473,.0396119099559022,.273680866381782,stata_areg_centered_student_vce_unadjusted,110,757999
11217,All,high_inst_m1,-.017469731844883,-.0560514340224797,.0407932572121178,.0660973473717386,stata_areg_centered_student_vce_unadjusted,67,757999
11237,All,high_inst_m1,.458217708685917,.419636006508321,.0731739767509846,.435785670180401,stata_areg_centered_student_vce_unadjusted,50,757999
11240,All,high_inst_m1,.00988006180518815,-.0287016403724085,.040174268138429,.296701954258036,stata_areg_centered_student_vce_unadjusted,126,757999
11241,All,high_inst_m1,-.00712488522571586,-.0457065874033125,.102874246780643,.044583879140133,stata_areg_centered_student_vce_unadjusted,8,757999
11246,All,high_inst_m1,.00738959728784808,-.0311921048897486,.0508963546974402,.0539485243486877,stata_areg_centered_student_vce_unadjusted,34,757999
11248,All,high_inst_m1,-.0598284707550369,-.0984101729326336,.052217830859112,.0625887117988648,stata_areg_centered_student_vce_unadjusted,57,757999
11256,All,high_inst_m1,-.0449012175920949,-.0834829197696916,.0233985538673903,.277766464325272,stata_areg_centered_student_vce_unadjusted,301,757999
11265,All,high_inst_m1,-.014390440257319,-.0529721424349157,.0172507825927709,.158762677648352,stata_areg_centered_student_vce_unadjusted,369,757999
11284,All,high_inst_m1,.0145225387991854,-.0240591633784113,.0239390103409246,.0948811455834148,stata_areg_centered_student_vce_unadjusted,159,757999
11286,All,high_inst_m1,.00567877445436333,-.0329029277232334,.0332251562406935,.100270491827364,stata_areg_centered_student_vce_unadjusted,86,757999
11287,All,high_inst_m1,-.0169489417114573,-.055530643889054,.0227041177484424,.0999104281288515,stata_areg_centered_student_vce_unadjusted,267,757999
11291,All,high_inst_m1,.0462114432336324,.00762974105603573,.029331820837021,.408383529662318,stata_areg_centered_student_vce_unadjusted,167,757999
11336,All,high_inst_m1,-.0485764510942297,-.0871581532718264,.0409366787602243,.177917562078897,stata_areg_centered_student_vce_unadjusted,146,757999
11337,All,high_inst_m1,.0129418218353191,-.0256398803422776,.0458007644885123,.0584162607891824,stata_areg_centered_student_vce_unadjusted,43,757999
11338,All,high_inst_m1,.0609414702765386,.0223597680989419,.288305395492637,.,stata_areg_centered_student_vce_unadjusted,1,757999
11344,All,high_inst_m1,.00952453540517688,-.0290571667724198,.0295041826692637,.112442504064238,stata_areg_centered_student_vce_unadjusted,106,757999
11348,All,high_inst_m1,-.0503778868835341,-.0889595890611307,.0280115917912406,.151760827151624,stata_areg_centered_student_vce_unadjusted,206,757999
11397,All,high_inst_m1,-.0524555441551015,-.0910372463326982,.0455801587870842,.180929731317841,stata_areg_centered_student_vce_unadjusted,155,757999
11400,All,high_inst_m1,.00388374493902854,-.0346979572385681,.030910020828903,.16638287101843,stata_areg_centered_student_vce_unadjusted,184,757999
11415,All,high_inst_m1,.9333849623491,.894803260171503,.288960910657294,.,stata_areg_centered_student_vce_unadjusted,1,757999
11417,All,high_inst_m1,-.00478583637043096,-.0433675385480276,.0432962091017572,.0737306221833245,stata_areg_centered_student_vce_unadjusted,47,757999
11430,All,high_inst_m1,-.0665076924887089,-.105089394666306,.0436856790199803,.226702599645247,stata_areg_centered_student_vce_unadjusted,315,757999
11465,All,high_inst_m1,-.0210300687030857,-.0596117708806824,.20893032716102,.04128595204694,stata_areg_centered_student_vce_unadjusted,2,757999
11498,All,high_inst_m1,-.0257223183178019,-.0643040204953986,.0232539663537187,.0647068808230446,stata_areg_centered_student_vce_unadjusted,220,757999
11527,All,high_inst_m1,-.0191915495673428,-.0577732517449395,.0267834516772678,.056893964637214,stata_areg_centered_student_vce_unadjusted,142,757999
11591,All,high_inst_m1,-.0144123299429811,-.0529940321205778,.0323598575364731,.097138107612213,stata_areg_centered_student_vce_unadjusted,140,757999
11594,All,high_inst_m1,.0332705086066766,-.00531119357092012,.294516737968492,.,stata_areg_centered_student_vce_unadjusted,1,757999
11608,All,high_inst_m1,-.026651980159834,-.0652336823374306,.0227003159792819,.0704984728467719,stata_areg_centered_student_vce_unadjusted,466,757999
11678,All,high_inst_m1,-.0704131448516929,-.10899484702929,.0296809016143775,.100551854294256,stata_areg_centered_student_vce_unadjusted,142,757999
11680,All,high_inst_m1,-.0668437259103314,-.105425428087928,.040975291158021,.287830319473153,stata_areg_centered_student_vce_unadjusted,152,757999
11681,All,high_inst_m1,.0427637607388434,.00418205856124675,.0289398887792049,.398486579046301,stata_areg_centered_student_vce_unadjusted,235,757999
11705,All,high_inst_m1,-.0551243004588171,-.0937060026364138,.290862298041547,.,stata_areg_centered_student_vce_unadjusted,1,757999
11706,All,high_inst_m1,-.0183654527321077,-.0569471549097043,.0261633035446588,.152442107678061,stata_areg_centered_student_vce_unadjusted,176,757999
11709,All,high_inst_m1,.10966689180332,.0710851896257229,.0394090273292847,.386513617484093,stata_areg_centered_student_vce_unadjusted,86,757999
11712,All,high_inst_m1,-.0732407540822047,-.111822456259801,.0363963667207224,.132951900643983,stata_areg_centered_student_vce_unadjusted,179,757999
11716,All,high_inst_m1,-.0130163849726703,-.051598087150267,.0451404309579623,.0674877959995918,stata_areg_centered_student_vce_unadjusted,53,757999
11766,All,high_inst_m1,.21816105216368,.179579349986083,.0360660466515854,.461875288326412,stata_areg_centered_student_vce_unadjusted,69,757999
11776,All,high_inst_m1,.468244958901755,.429663256724158,.0500497580760843,.349330674896808,stata_areg_centered_student_vce_unadjusted,278,757999
11793,All,high_inst_m1,.0150057439805413,-.0235759581970554,.103299381237988,.041956548072345,stata_areg_centered_student_vce_unadjusted,8,757999
11797,All,high_inst_m1,.0702526696067497,.031670967429153,.288770125089654,.,stata_areg_centered_student_vce_unadjusted,1,757999
11805,All,high_inst_m1,-.037084693801247,-.0756663959788437,.0329038801504576,.144891811367239,stata_areg_centered_student_vce_unadjusted,112,757999
11812,All,high_inst_m1,-.00752614906949833,-.046107851247095,.0210136884286751,.248501524005683,stata_areg_centered_student_vce_unadjusted,267,757999
11814,All,high_inst_m1,.0306321074414319,-.00794959473616476,.0382979745821225,.137363057745486,stata_areg_centered_student_vce_unadjusted,57,757999
11818,All,high_inst_m1,.0234214606112362,-.0151602415663605,.0249207017333648,.178615636265486,stata_areg_centered_student_vce_unadjusted,184,757999
11831,All,high_inst_m1,.0077354798332578,-.0308462223443389,.0133685019086629,.171770976862543,stata_areg_centered_student_vce_unadjusted,528,757999
11843,All,high_inst_m1,.0198058640714638,-.0187758381061329,.0248059480392837,.324392548988301,stata_areg_centered_student_vce_unadjusted,185,757999
11851,All,high_inst_m1,.018424750795104,-.0201569513824927,.0181768249667193,.31363698198612,stata_areg_centered_student_vce_unadjusted,363,757999
11853,All,high_inst_m1,.0396328798643286,.00105117768673188,.29186456538858,.,stata_areg_centered_student_vce_unadjusted,1,757999
11867,All,high_inst_m1,.0302116633176921,-.0083700388599046,.0334240217526248,.274132239886402,stata_areg_centered_student_vce_unadjusted,97,757999
11871,All,high_inst_m1,.319169371566574,.280587669388977,.0292270354166732,.450125666295352,stata_areg_centered_student_vce_unadjusted,243,757999
11883,All,high_inst_m1,.0461309725287301,.00754927035113338,.0197848494613457,.249992598420943,stata_areg_centered_student_vce_unadjusted,407,757999
11918,All,high_inst_m1,.0284095000030614,-.0101722021745353,.0190158426254066,.287317618202907,stata_areg_centered_student_vce_unadjusted,252,757999
11921,All,high_inst_m1,.0185673248049586,-.020014377372638,.0438756453825051,.0629070962253572,stata_areg_centered_student_vce_unadjusted,44,757999
11931,All,high_inst_m1,-.0299180211980686,-.0684997233756653,.0306812144046698,.192810418384508,stata_areg_centered_student_vce_unadjusted,121,757999
11936,All,high_inst_m1,-.0101900616365851,-.0487717638141818,.0285239717936147,.206665406636833,stata_areg_centered_student_vce_unadjusted,159,757999
11950,All,high_inst_m1,.0293278320196722,-.00925387015792446,.0227845662441309,.341937927031333,stata_areg_centered_student_vce_unadjusted,307,757999
11952,All,high_inst_m1,.0384715725442184,-.000110129633378316,.129538536412461,.0145321929708173,stata_areg_centered_student_vce_unadjusted,5,757999
11962,All,high_inst_m1,.355653201624425,.317071499446828,.0271881711778081,.463754185167603,stata_areg_centered_student_vce_unadjusted,365,757999
11965,All,high_inst_m1,.00366455127227991,-.0349171509053168,.0348172587883404,.324283659602784,stata_areg_centered_student_vce_unadjusted,237,757999
11968,All,high_inst_m1,.529120706381514,.490539004203918,.0397387141696662,.267264122107078,stata_areg_centered_student_vce_unadjusted,467,757999
11971,All,high_inst_m1,.351660185864546,.31307848368695,.0366443667916763,.449611284068286,stata_areg_centered_student_vce_unadjusted,169,757999
11977,All,high_inst_m1,.0237412042986726,-.0148404978789241,.0307943271007397,.325005234132879,stata_areg_centered_student_vce_unadjusted,157,757999
11993,All,high_inst_m1,.0632927296731527,.024711027495556,.033300811900116,.358356235094255,stata_areg_centered_student_vce_unadjusted,101,757999
11994,All,high_inst_m1,-.00118000846299136,-.039761710640588,.0246966461415374,.155731890723729,stata_areg_centered_student_vce_unadjusted,157,757999
12001,All,high_inst_m1,-.0192757625800357,-.0578574647576324,.0338272571749799,.0694848023773761,stata_areg_centered_student_vce_unadjusted,129,757999
12004,All,high_inst_m1,.00136406246387208,-.0372176397137246,.0318166421952862,.0936751637687245,stata_areg_centered_student_vce_unadjusted,162,757999
12005,All,high_inst_m1,-.0396956914882602,-.0782773936658569,.0155320255639128,.0761394865702002,stata_areg_centered_student_vce_unadjusted,649,757999
12006,All,high_inst_m1,.0126456882792169,-.0259360138983798,.0509424438746486,.142857812306275,stata_areg_centered_student_vce_unadjusted,35,757999
12015,All,high_inst_m1,.0138636800220995,-.0247180221554972,.0342828892189569,.397739550995042,stata_areg_centered_student_vce_unadjusted,165,757999
12024,All,high_inst_m1,.0219367315813162,-.0166449705962804,.0467450870375507,.475353952017186,stata_areg_centered_student_vce_unadjusted,149,757999
12025,All,high_inst_m1,.286588482344318,.248006780166722,.0714994842638988,.513181729633263,stata_areg_centered_student_vce_unadjusted,67,757999
12027,All,high_inst_m1,-.0265698987431554,-.0651516009207521,.0252284176803501,.0646389824079883,stata_areg_centered_student_vce_unadjusted,296,757999
12031,All,high_inst_m1,-.0235141935422331,-.0620958957198298,.0392558772825361,.229641623840105,stata_areg_centered_student_vce_unadjusted,164,757999
12032,All,high_inst_m1,-.0601443158964373,-.098726018074034,.0668425997977848,.285635303149518,stata_areg_centered_student_vce_unadjusted,128,757999
12033,All,high_inst_m1,.158341211256002,.119759509078406,.0148828119920481,.379665264237236,stata_areg_centered_student_vce_unadjusted,655,757999
12036,All,high_inst_m1,.151768202408557,.11318650023096,.0698198016635943,.503408589798551,stata_areg_centered_student_vce_unadjusted,66,757999
12037,All,high_inst_m1,-.0614181553929798,-.0999998575705765,.0370720407157731,.104700191275145,stata_areg_centered_student_vce_unadjusted,165,757999
12042,All,high_inst_m1,-.0198233653061343,-.058405067483731,.120850389528284,.0495664059629736,stata_areg_centered_student_vce_unadjusted,6,757999
12046,All,high_inst_m1,-.0611381868222166,-.0997198889998133,.045723888469678,.141621200727327,stata_areg_centered_student_vce_unadjusted,117,757999
12050,All,high_inst_m1,-.0105531624075232,-.0491348645851199,.0202650733401812,.0631270595490211,stata_areg_centered_student_vce_unadjusted,245,757999
12059,All,high_inst_m1,.0199202862029906,-.0186614159746061,.0428153153592061,.121283376838516,stata_areg_centered_student_vce_unadjusted,74,757999
12062,All,high_inst_m1,.0342415005255691,-.00434020165202761,.0127271379349384,.318745037859852,stata_areg_centered_student_vce_unadjusted,815,757999
12063,All,high_inst_m1,.0262239361198786,-.0123577660577181,.0593249755049864,.466145816268177,stata_areg_centered_student_vce_unadjusted,166,757999
12077,All,high_inst_m1,-.00471176899969967,-.0432934711772964,.0252181794334799,.355180548152972,stata_areg_centered_student_vce_unadjusted,272,757999
12085,All,high_inst_m1,.0902823567863643,.0517006546087677,.042656145406246,.392879437862188,stata_areg_centered_student_vce_unadjusted,111,757999
12086,All,high_inst_m1,.200102988761211,.161521286583614,.0432205439478378,.487826485223814,stata_areg_centered_student_vce_unadjusted,79,757999
12087,All,high_inst_m1,.412425299950613,.373843597773017,.0345173064597304,.430072561428855,stata_areg_centered_student_vce_unadjusted,305,757999
12090,All,high_inst_m1,.037841610835284,-.00074009134231269,.0524349311905394,.475777120085323,stata_areg_centered_student_vce_unadjusted,45,757999
12094,All,high_inst_m1,.306294552268938,.267712850091341,.0315432601810161,.469458902657076,stata_areg_centered_student_vce_unadjusted,219,757999
12111,All,high_inst_m1,.0333808647997265,-.00520083737787019,.025396452669464,.286531976982955,stata_areg_centered_student_vce_unadjusted,203,757999
12115,All,high_inst_m1,-.000106682422315872,-.0386883845999126,.0199063168546158,.0995005266270637,stata_areg_centered_student_vce_unadjusted,244,757999
12117,All,high_inst_m1,.0285798230736511,-.0100018791039455,.0168511575754726,.190060705861446,stata_areg_centered_student_vce_unadjusted,385,757999
12126,All,high_inst_m1,-.0466159151277622,-.0851976173053589,.288991465144946,.,stata_areg_centered_student_vce_unadjusted,1,757999
12133,All,high_inst_m1,.289282675343613,.250700973166017,.0447049475453259,.424998102480266,stata_areg_centered_student_vce_unadjusted,82,757999
12146,All,high_inst_m1,.032051624927337,-.00653007725025972,.0402752272588992,.0649394206820008,stata_areg_centered_student_vce_unadjusted,54,757999
12151,All,high_inst_m1,.0176140652986573,-.0209676368789394,.0134176388969847,.26583640320976,stata_areg_centered_student_vce_unadjusted,914,757999
12177,All,high_inst_m1,.0669367354902734,.0283550333126767,.028475289475091,.326175968786799,stata_areg_centered_student_vce_unadjusted,326,757999
12182,All,high_inst_m1,.0744493849943166,.0358676828167199,.103826561995928,.0433136910214969,stata_areg_centered_student_vce_unadjusted,8,757999
12183,All,high_inst_m1,-.0864228467202546,-.125004548897851,.0392380745925853,.277324343413984,stata_areg_centered_student_vce_unadjusted,119,757999
12185,All,high_inst_m1,-.0321506382919844,-.0707323404695811,.0433840226393768,.0599336118599696,stata_areg_centered_student_vce_unadjusted,61,757999
12192,All,high_inst_m1,-.017460480703221,-.0560421828808177,.0172561835490545,.0843659372938164,stata_areg_centered_student_vce_unadjusted,471,757999
12217,All,high_inst_m1,-.0118981504304544,-.050479852608051,.0116232698613627,.1802830869886,stata_areg_centered_student_vce_unadjusted,725,757999
12225,All,high_inst_m1,.0499989107016897,.011417208524093,.0318208611938065,.266716957762339,stata_areg_centered_student_vce_unadjusted,238,757999
12241,All,high_inst_m1,.17884951732254,.140267815144943,.0361408866694953,.394053425108956,stata_areg_centered_student_vce_unadjusted,120,757999
12242,All,high_inst_m1,.0249701139816433,-.0136115881959534,.0201250790614437,.198520076795949,stata_areg_centered_student_vce_unadjusted,242,757999
12244,All,high_inst_m1,.00619589155414459,-.0323858106234521,.0225253693210455,.310757224116886,stata_areg_centered_student_vce_unadjusted,458,757999
12251,All,high_inst_m1,.0849595128933666,.0463778107157699,.289430027919906,.,stata_areg_centered_student_vce_unadjusted,1,757999
12258,All,high_inst_m1,-.0850649347652821,-.123646636942879,.214503625747769,.0328314408521324,stata_areg_centered_student_vce_unadjusted,2,757999
12260,All,high_inst_m1,.15771959493276,.119137892755164,.0597600132061725,.42480708865927,stata_areg_centered_student_vce_unadjusted,53,757999
12265,All,high_inst_m1,.394981676460925,.356399974283329,.0451251201717918,.417977489155903,stata_areg_centered_student_vce_unadjusted,151,757999
12266,All,high_inst_m1,.174991122228962,.136409420051365,.0602563320090726,.510527605309514,stata_areg_centered_student_vce_unadjusted,32,757999
12294,All,high_inst_m1,.00550977177280204,-.0330719304047946,.0456056918327902,.27684740559544,stata_areg_centered_student_vce_unadjusted,42,757999
12295,All,high_inst_m1,.135633003607355,.0970513014297581,.0368508187233982,.448359103405773,stata_areg_centered_student_vce_unadjusted,159,757999
12301,All,high_inst_m1,.00399144928073035,-.0345902528968663,.0424479797953407,.296302019798643,stata_areg_centered_student_vce_unadjusted,85,757999
12305,All,high_inst_m1,-.0024086615943631,-.0409903637719598,.0228986683512905,.236308932701774,stata_areg_centered_student_vce_unadjusted,246,757999
12309,All,high_inst_m1,-.0219561008105096,-.0605378029881063,.029457240451925,.271152820818223,stata_areg_centered_student_vce_unadjusted,153,757999
12312,All,high_inst_m1,.044306347789961,.00572464561236435,.0373526448859935,.262518728268509,stata_areg_centered_student_vce_unadjusted,90,757999
12332,All,high_inst_m1,.0679772590434521,.0293955568658554,.0253848938846733,.270782409441622,stata_areg_centered_student_vce_unadjusted,198,757999
12336,All,high_inst_m1,.0945287205362426,.0559470183586459,.0246440364113236,.295042009305052,stata_areg_centered_student_vce_unadjusted,416,757999
12368,All,high_inst_m1,-.0419576697335281,-.0805393719111248,.0261675283044352,.097070234117202,stata_areg_centered_student_vce_unadjusted,205,757999
12502,All,high_inst_m1,-.0422392828912389,-.0808209850688356,.0354518870457234,.331885166047831,stata_areg_centered_student_vce_unadjusted,105,757999
12504,All,high_inst_m1,-.0495078929637108,-.0880895951413075,.0329636860861728,.0700898221948483,stata_areg_centered_student_vce_unadjusted,96,757999
12505,All,high_inst_m1,.0341444575599671,-.00443724461762956,.0880013091823351,.0589394514575988,stata_areg_centered_student_vce_unadjusted,11,757999
12509,All,high_inst_m1,.0077103030242603,-.0308713991533364,.030510430934119,.264667325200562,stata_areg_centered_student_vce_unadjusted,238,757999
12515,All,high_inst_m1,.0157363772467794,-.0228453249308172,.0342809971323508,.210069467818816,stata_areg_centered_student_vce_unadjusted,101,757999
12518,All,high_inst_m1,-.046168218343929,-.0847499205215257,.0243528682987828,.184069597426649,stata_areg_centered_student_vce_unadjusted,285,757999
12534,All,high_inst_m1,-.0422621788880308,-.0808438810656275,.0184527589901568,.122729098238506,stata_areg_centered_student_vce_unadjusted,511,757999
12547,All,high_inst_m1,-.0443006980144136,-.0828824001920103,.0183011159800832,.168373391104712,stata_areg_centered_student_vce_unadjusted,551,757999
12551,All,high_inst_m1,-.0260604602771226,-.0646421624547193,.0274525444515748,.192355755573933,stata_areg_centered_student_vce_unadjusted,297,757999
12566,All,high_inst_m1,-.0401752045824178,-.0787569067600145,.0202931925214211,.0982620097666131,stata_areg_centered_student_vce_unadjusted,450,757999
12573,All,high_inst_m1,-.00639683098527129,-.044978533162868,.0226260370731703,.242687975746697,stata_areg_centered_student_vce_unadjusted,236,757999
12587,All,high_inst_m1,-.048378746662057,-.0869604488396536,.0304794042398267,.182010313977761,stata_areg_centered_student_vce_unadjusted,293,757999
12588,All,high_inst_m1,-.00143036156225472,-.0400120637398514,.0600573937445841,.049548066745433,stata_areg_centered_student_vce_unadjusted,24,757999
12590,All,high_inst_m1,-.0761812008846111,-.114762903062208,.0328356037829137,.138291522852638,stata_areg_centered_student_vce_unadjusted,165,757999
12591,All,high_inst_m1,-.0246125939128756,-.0631942960904723,.0244367899221921,.24151273571335,stata_areg_centered_student_vce_unadjusted,334,757999
12594,All,high_inst_m1,-.0426372283279906,-.0812189305055873,.0400070892563843,.193417122916587,stata_areg_centered_student_vce_unadjusted,115,757999
12602,All,high_inst_m1,-.0285381010915052,-.0671198032691019,.0284440891795973,.0656232003508174,stata_areg_centered_student_vce_unadjusted,145,757999
12603,All,high_inst_m1,-.0526589613377701,-.0912406635153668,.0268291256538303,.191376368915228,stata_areg_centered_student_vce_unadjusted,301,757999
12604,All,high_inst_m1,-.0369899376189536,-.0755716397965503,.0313314165185562,.253636227706119,stata_areg_centered_student_vce_unadjusted,190,757999
12605,All,high_inst_m1,-.0445211185089631,-.0831028206865598,.0222199159895174,.188157271317326,stata_areg_centered_student_vce_unadjusted,343,757999
12610,All,high_inst_m1,-.0057028873557819,-.0442845895333786,.0216959097795845,.112439774981335,stata_areg_centered_student_vce_unadjusted,232,757999
12630,All,high_inst_m1,-.0078644329636683,-.046446135141265,.0270598439088162,.0662597640319418,stata_areg_centered_student_vce_unadjusted,174,757999
12631,All,high_inst_m1,-.0436233368783039,-.0822050390559006,.0228064500014941,.215258622618586,stata_areg_centered_student_vce_unadjusted,469,757999
12632,All,high_inst_m1,-.0185692726885913,-.0571509748661879,.0277922031396649,.0556325787045764,stata_areg_centered_student_vce_unadjusted,152,757999
12636,All,high_inst_m1,.148738749915117,.110157047737521,.0582824226857378,.477654933374673,stata_areg_centered_student_vce_unadjusted,38,757999
12646,All,high_inst_m1,-.0278134612838773,-.0663951634614739,.0485694983421548,.306713120901593,stata_areg_centered_student_vce_unadjusted,38,757999
12649,All,high_inst_m1,-.0390338352922182,-.0776155374698148,.0201890837466622,.167197881644368,stata_areg_centered_student_vce_unadjusted,359,757999
12650,All,high_inst_m1,-.0374910490923345,-.0760727512699312,.0163741162194356,.209607569132504,stata_areg_centered_student_vce_unadjusted,852,757999
12652,All,high_inst_m1,-.0429291475189916,-.0815108496965883,.0213239958264282,.144695937649698,stata_areg_centered_student_vce_unadjusted,386,757999
12655,All,high_inst_m1,-.0352772348204426,-.0738589369980393,.0290261975414441,.145547241731086,stata_areg_centered_student_vce_unadjusted,144,757999
12657,All,high_inst_m1,.195744616668081,.157162914490485,.0419617549405821,.468390769920784,stata_areg_centered_student_vce_unadjusted,91,757999
12658,All,high_inst_m1,-.0181364043050122,-.0567181064826089,.0562100652607127,.0989327511230996,stata_areg_centered_student_vce_unadjusted,30,757999
12667,All,high_inst_m1,.00224414511082384,-.0363375570667728,.0297680431979585,.351648334175612,stata_areg_centered_student_vce_unadjusted,503,757999
12669,All,high_inst_m1,.21898109237335,.180399390195753,.0289653484057388,.471539654656625,stata_areg_centered_student_vce_unadjusted,305,757999
12672,All,high_inst_m1,-.000478977533480775,-.0390606797110775,.0298197269678027,.330582925212262,stata_areg_centered_student_vce_unadjusted,264,757999
12682,All,high_inst_m1,-.00960051674518866,-.0481822189227853,.0454723950808145,.0756266841686065,stata_areg_centered_student_vce_unadjusted,42,757999
12686,All,high_inst_m1,-.0356483318074325,-.0742300339850292,.0211025357710045,.109478902366475,stata_areg_centered_student_vce_unadjusted,270,757999
12711,All,high_inst_m1,.100891431297451,.0623097291198538,.289807765356311,.,stata_areg_centered_student_vce_unadjusted,1,757999
12712,All,high_inst_m1,-.0360708243312778,-.0746525265088745,.0313918698494185,.0869581833336173,stata_areg_centered_student_vce_unadjusted,177,757999
12713,All,high_inst_m1,-.0157775162701384,-.0543592184477351,.0301604241262814,.180534165084329,stata_areg_centered_student_vce_unadjusted,196,757999
12716,All,high_inst_m1,-.00929369534900903,-.0478753975266057,.0185722709907781,.126112784311384,stata_areg_centered_student_vce_unadjusted,479,757999
12719,All,high_inst_m1,-.0295068882632801,-.0680885904408768,.0399718191626498,.0650365427569961,stata_areg_centered_student_vce_unadjusted,74,757999
12720,All,high_inst_m1,-.0303269802693531,-.0689086824469498,.03305683476218,.202342572917582,stata_areg_centered_student_vce_unadjusted,124,757999
12726,All,high_inst_m1,.0330877262449878,-.00549397593260885,.288710070119392,.,stata_areg_centered_student_vce_unadjusted,1,757999
12730,All,high_inst_m1,.0256779124638099,-.0129037897137868,.29119903949537,.,stata_areg_centered_student_vce_unadjusted,1,757999
12741,All,high_inst_m1,-.0136865665650567,-.0522682687426533,.0455537368705203,.12878365700607,stata_areg_centered_student_vce_unadjusted,70,757999
12747,All,high_inst_m1,-.0470204625530773,-.085602164730674,.029121524743754,.112835641572476,stata_areg_centered_student_vce_unadjusted,147,757999
12749,All,high_inst_m1,-.0188952878622764,-.0574769900398731,.0279178879376736,.14204227158758,stata_areg_centered_student_vce_unadjusted,204,757999
12750,All,high_inst_m1,.0131700671036304,-.0254116350739663,.0553837028284325,.0780618249094881,stata_areg_centered_student_vce_unadjusted,28,757999
12758,All,high_inst_m1,.0221852505998029,-.0163964515777938,.0465559098075751,.0549671499320067,stata_areg_centered_student_vce_unadjusted,40,757999
12759,All,high_inst_m1,-.0792574659661909,-.117839168143788,.0874128861706661,.185650617336848,stata_areg_centered_student_vce_unadjusted,31,757999
12762,All,high_inst_m1,-.0740058764852562,-.112587578662853,.0413047143389601,.151907053954185,stata_areg_centered_student_vce_unadjusted,79,757999
12766,All,high_inst_m1,.0249198885829823,-.0136618135946144,.0426916615128606,.0697970591233303,stata_areg_centered_student_vce_unadjusted,46,757999
12767,All,high_inst_m1,-.0706206814798288,-.109202383657425,.0434692613902251,.10745984563077,stata_areg_centered_student_vce_unadjusted,89,757999
12775,All,high_inst_m1,.0169784612436135,-.0216032409339832,.0257041578074101,.258882873577825,stata_areg_centered_student_vce_unadjusted,181,757999
12778,All,high_inst_m1,-.00721829026167634,-.045799992439273,.0873307228123376,.0809008743005381,stata_areg_centered_student_vce_unadjusted,11,757999
12779,All,high_inst_m1,.0319534898758461,-.00662821230175058,.0398178063642108,.333967213815353,stata_areg_centered_student_vce_unadjusted,73,757999
12781,All,high_inst_m1,-.0536851332439223,-.092266835421519,.0418919248679359,.378595808462226,stata_areg_centered_student_vce_unadjusted,103,757999
12800,All,high_inst_m1,.426420859574166,.387839157396569,.0365715803735992,.46975516399332,stata_areg_centered_student_vce_unadjusted,116,757999
12802,All,high_inst_m1,.407193981716582,.368612279538986,.0353144300053893,.4705665494762,stata_areg_centered_student_vce_unadjusted,131,757999
12823,All,high_inst_m1,.0592420021964117,.020660300018815,.0371859887867943,.348968708652809,stata_areg_centered_student_vce_unadjusted,121,757999
12824,All,high_inst_m1,.340486638025492,.301904935847895,.321596957845847,.,stata_areg_centered_student_vce_unadjusted,1,757999
12829,All,high_inst_m1,.222025522921483,.183443820743886,.0374740201638927,.487106804237043,stata_areg_centered_student_vce_unadjusted,141,757999
12830,All,high_inst_m1,.221091139957788,.182509437780192,.0142091226977562,.447948334918783,stata_areg_centered_student_vce_unadjusted,593,757999
12832,All,high_inst_m1,.324333461271842,.285751759094245,.0366210514946324,.465179662103582,stata_areg_centered_student_vce_unadjusted,145,757999
12833,All,high_inst_m1,.237132096643028,.198550394465432,.118494359134671,.455358184023604,stata_areg_centered_student_vce_unadjusted,6,757999
12834,All,high_inst_m1,.0879437846202324,.0493620824426357,.0479986571122554,.38526068372272,stata_areg_centered_student_vce_unadjusted,37,757999
12836,All,high_inst_m1,-.0139953451439856,-.0525770473215823,.0293476526191213,.203374440469562,stata_areg_centered_student_vce_unadjusted,178,757999
12837,All,high_inst_m1,.34674267159876,.308160969421164,.0341272323593641,.479433841388011,stata_areg_centered_student_vce_unadjusted,126,757999
12838,All,high_inst_m1,-.0105602303854539,-.0491419325630506,.0276783049852854,.330308898246285,stata_areg_centered_student_vce_unadjusted,237,757999
12842,All,high_inst_m1,.1542943610335,.115712658855903,.0375550435897978,.422891235078693,stata_areg_centered_student_vce_unadjusted,229,757999
12846,All,high_inst_m1,.366599138811476,.328017436633879,.0348841372985681,.468023040531086,stata_areg_centered_student_vce_unadjusted,137,757999
12851,All,high_inst_m1,.129940816961362,.0913591147837649,.0333557214100069,.45519679805183,stata_areg_centered_student_vce_unadjusted,247,757999
12853,All,high_inst_m1,.294112620773319,.255530918595722,.0349630834930116,.477622653037572,stata_areg_centered_student_vce_unadjusted,250,757999
12855,All,high_inst_m1,.121229968068152,.0826482658905553,.0226695073951696,.398464753055582,stata_areg_centered_student_vce_unadjusted,184,757999
12864,All,high_inst_m1,.465191899656851,.426610197479254,.0334014248058495,.466372604666341,stata_areg_centered_student_vce_unadjusted,158,757999
12867,All,high_inst_m1,.0916442619915578,.0530625598139611,.0494338043108206,.440165728018755,stata_areg_centered_student_vce_unadjusted,48,757999
12868,All,high_inst_m1,.470548344164636,.43196664198704,.0300767982011427,.457031733732249,stata_areg_centered_student_vce_unadjusted,163,757999
12870,All,high_inst_m1,.0258705985740021,-.0127111036035945,.0280252077582172,.105740580184266,stata_areg_centered_student_vce_unadjusted,114,757999
12876,All,high_inst_m1,.0839964062421676,.0454147040645709,.0461922119335313,.425978160393631,stata_areg_centered_student_vce_unadjusted,53,757999
12884,All,high_inst_m1,.441700350546818,.403118648369221,.037548363391309,.45139670940212,stata_areg_centered_student_vce_unadjusted,152,757999
12885,All,high_inst_m1,.436893391807818,.398311689630222,.0278556819368758,.46060854111686,stata_areg_centered_student_vce_unadjusted,430,757999
12891,All,high_inst_m1,.303676070256295,.265094368078699,.0226386106845796,.463379060602267,stata_areg_centered_student_vce_unadjusted,325,757999
12935,All,high_inst_m1,.277252338866145,.238670636688549,.0240170823209486,.475214169269656,stata_areg_centered_student_vce_unadjusted,270,757999
12943,All,high_inst_m1,.0699394233250923,.0313577211474956,.0222887413032105,.391164191147307,stata_areg_centered_student_vce_unadjusted,733,757999
12958,All,high_inst_m1,.283337888936972,.244756186759375,.035468869319927,.480338651528306,stata_areg_centered_student_vce_unadjusted,136,757999
12961,All,high_inst_m1,.0580273176890602,.0194456155114635,.0432757588134238,.236809477468104,stata_areg_centered_student_vce_unadjusted,47,757999
12962,All,high_inst_m1,.101947406454215,.0633657042766187,.288050813286275,.,stata_areg_centered_student_vce_unadjusted,1,757999
12963,All,high_inst_m1,.380224836290546,.34164313411295,.0255498397327636,.460667187905648,stata_areg_centered_student_vce_unadjusted,384,757999
12966,All,high_inst_m1,.323588951537578,.285007249359981,.0386985197445532,.471071381941585,stata_areg_centered_student_vce_unadjusted,143,757999
12970,All,high_inst_m1,.392307410998936,.353725708821339,.0328231801005117,.482797023269936,stata_areg_centered_student_vce_unadjusted,166,757999
12972,All,high_inst_m1,-.00861751984716446,-.0471992220247611,.117830312527044,.0700588047173322,stata_areg_centered_student_vce_unadjusted,6,757999
12974,All,high_inst_m1,.372551822229151,.333970120051554,.061456661681917,.464336172743892,stata_areg_centered_student_vce_unadjusted,24,757999
12977,All,high_inst_m1,.347300625088845,.308718922911248,.0228031594591954,.467747405330345,stata_areg_centered_student_vce_unadjusted,352,757999
12980,All,high_inst_m1,.100276628757108,.0616949265795114,.0264325376381601,.420001327272426,stata_areg_centered_student_vce_unadjusted,252,757999
13103,All,high_inst_m1,.225314606385028,.186732904207431,.0397394847736802,.47085734004447,stata_areg_centered_student_vce_unadjusted,114,757999
13112,All,high_inst_m1,.337215681141412,.298633978963815,.0249409685882935,.48717720980136,stata_areg_centered_student_vce_unadjusted,377,757999
13117,All,high_inst_m1,.422503712158861,.383922009981264,.0405419441044864,.464765584614616,stata_areg_centered_student_vce_unadjusted,194,757999
13118,All,high_inst_m1,.0717601280007306,.033178425823134,.288782669258666,.,stata_areg_centered_student_vce_unadjusted,1,757999
13122,All,high_inst_m1,.0483677314144893,.00978602923689266,.0637242529923223,.205654631222558,stata_areg_centered_student_vce_unadjusted,22,757999
13125,All,high_inst_m1,.328165093945623,.289583391768026,.0489653233757348,.478668004052831,stata_areg_centered_student_vce_unadjusted,103,757999
13145,All,high_inst_m1,.236732124676667,.198150422499071,.015934362942086,.435608286774671,stata_areg_centered_student_vce_unadjusted,732,757999
13146,All,high_inst_m1,.194198647754155,.155616945576558,.0167734546458315,.445459142727494,stata_areg_centered_student_vce_unadjusted,636,757999
13149,All,high_inst_m1,.365126876273144,.326545174095547,.0436712065657926,.469495155019407,stata_areg_centered_student_vce_unadjusted,87,757999
13156,All,high_inst_m1,.287140083564601,.248558381387004,.0189928454659383,.474475343283959,stata_areg_centered_student_vce_unadjusted,346,757999
13168,All,high_inst_m1,.222085798990417,.183504096812821,.0248976609714832,.428933743977857,stata_areg_centered_student_vce_unadjusted,170,757999
13176,All,high_inst_m1,.0549211216526488,.0163394194750521,.0330537915464181,.27874082628057,stata_areg_centered_student_vce_unadjusted,84,757999
13178,All,high_inst_m1,.164315877260505,.125734175082908,.0540253406474661,.449182264255201,stata_areg_centered_student_vce_unadjusted,49,757999
13185,All,high_inst_m1,.193841282087805,.155259579910209,.0220894431868043,.439324235131108,stata_areg_centered_student_vce_unadjusted,439,757999
13186,All,high_inst_m1,-.0390843161657705,-.0776660183433672,.131056322983386,.0860842539018878,stata_areg_centered_student_vce_unadjusted,5,757999
13188,All,high_inst_m1,.29615785175782,.257576149580223,.0298645193516256,.483812696005903,stata_areg_centered_student_vce_unadjusted,195,757999
13190,All,high_inst_m1,.322634601427074,.284052899249478,.0426999385980879,.488180246521314,stata_areg_centered_student_vce_unadjusted,76,757999
13193,All,high_inst_m1,.0378856314975768,-.00069607068001986,.0634684625272428,.219157734575533,stata_areg_centered_student_vce_unadjusted,23,757999
13202,All,high_inst_m1,.228125527044145,.189543824866548,.0418256889958447,.472381856357656,stata_areg_centered_student_vce_unadjusted,311,757999
13205,All,high_inst_m1,.213123198571278,.174541496393681,.0537447348192158,.447714787174194,stata_areg_centered_student_vce_unadjusted,37,757999
13208,All,high_inst_m1,.00297115460446964,-.035610547573127,.0780041371746856,.0563946719245178,stata_areg_centered_student_vce_unadjusted,14,757999
13215,All,high_inst_m1,-.4650512976781,-.503632999855697,.288593541873128,.,stata_areg_centered_student_vce_unadjusted,1,757999
13220,All,high_inst_m1,.0182250573374116,-.0203566448401851,.0178447426673975,.22431655737871,stata_areg_centered_student_vce_unadjusted,306,757999
13300,All,high_inst_m1,.315100941831493,.276519239653897,.0426000155867279,.464812461458234,stata_areg_centered_student_vce_unadjusted,148,757999
13305,All,high_inst_m1,.0704086056003136,.0318269034227169,.039752110995072,.38247878889041,stata_areg_centered_student_vce_unadjusted,78,757999
13313,All,high_inst_m1,.147478830513831,.108897128336234,.0247824195346522,.438978345610565,stata_areg_centered_student_vce_unadjusted,403,757999
13314,All,high_inst_m1,.107327774755047,.0687460725774504,.0299996954764717,.325805990767351,stata_areg_centered_student_vce_unadjusted,233,757999
13319,All,high_inst_m1,.196219582978283,.157637880800686,.0454082557001246,.475519763899269,stata_areg_centered_student_vce_unadjusted,148,757999
13324,All,high_inst_m1,.0447534287720221,.00617172659442543,.0343523841634626,.383169487453114,stata_areg_centered_student_vce_unadjusted,219,757999
13330,All,high_inst_m1,.039985792432995,.00140409025539837,.0496759564732375,.305269268345403,stata_areg_centered_student_vce_unadjusted,40,757999
13332,All,high_inst_m1,.288741177129459,.250159474951862,.0464349480400563,.485680070333174,stata_areg_centered_student_vce_unadjusted,83,757999
13333,All,high_inst_m1,.0259111484176727,-.012670553759924,.0311757370932704,.226452723850727,stata_areg_centered_student_vce_unadjusted,96,757999
13341,All,high_inst_m1,.0556036384636456,.0170219362860489,.0535409600394181,.274903234128007,stata_areg_centered_student_vce_unadjusted,37,757999
13344,All,high_inst_m1,-.0173476511943514,-.0559293533719481,.028637202650273,.222651457755923,stata_areg_centered_student_vce_unadjusted,219,757999
13352,All,high_inst_m1,.00876520409749783,-.0298164980800989,.0348222820337135,.274740208178228,stata_areg_centered_student_vce_unadjusted,260,757999
13356,All,high_inst_m1,.033101816270228,-.00547988590736866,.0329608313288024,.392955073206882,stata_areg_centered_student_vce_unadjusted,261,757999
13360,All,high_inst_m1,.0142393209581309,-.0243423812194658,.0268066793129236,.338182624085113,stata_areg_centered_student_vce_unadjusted,187,757999
13361,All,high_inst_m1,.0115180853816215,-.0270636167959752,.0328991117474086,.362992294716934,stata_areg_centered_student_vce_unadjusted,267,757999
13370,All,high_inst_m1,.0573927938759183,.0188110916983216,.033137366164583,.418360612669112,stata_areg_centered_student_vce_unadjusted,116,757999
13372,All,high_inst_m1,.153729328105389,.115147625927793,.0469811722168213,.440862370266493,stata_areg_centered_student_vce_unadjusted,139,757999
13373,All,high_inst_m1,-.0540666703836758,-.0926483725612725,.037553991876203,.32830705090729,stata_areg_centered_student_vce_unadjusted,242,757999
13383,All,high_inst_m1,-.00947403804032617,-.0480557402179229,.0391812441452766,.250084260574959,stata_areg_centered_student_vce_unadjusted,111,757999
13384,All,high_inst_m1,-.0041537909109639,-.0427354930885606,.0296980684770408,.284922155539283,stata_areg_centered_student_vce_unadjusted,292,757999
13387,All,high_inst_m1,-.0100192453946573,-.048600947572254,.0352250628733465,.288549837954088,stata_areg_centered_student_vce_unadjusted,176,757999
13388,All,high_inst_m1,.0387130028972413,.000131300719644636,.031316103588934,.406308856982894,stata_areg_centered_student_vce_unadjusted,191,757999
13394,All,high_inst_m1,-.0681619212746651,-.106743623452262,.0505719966103918,.193027764454474,stata_areg_centered_student_vce_unadjusted,84,757999
13395,All,high_inst_m1,.1095129578362,.0709312556586037,.294408154712436,.,stata_areg_centered_student_vce_unadjusted,1,757999
13415,All,high_inst_m1,.05650397543037,.0179222732527733,.0379785495700096,.280367652915936,stata_areg_centered_student_vce_unadjusted,60,757999
13416,All,high_inst_m1,.0162109897417431,-.0223707124358536,.0476557928263163,.34135575949208,stata_areg_centered_student_vce_unadjusted,83,757999
13417,All,high_inst_m1,-.0683057538730629,-.10688745605066,.0469926643681325,.258071694881873,stata_areg_centered_student_vce_unadjusted,107,757999
13420,All,high_inst_m1,.00680980719851987,-.0317718949790768,.0211812440127522,.246230203227441,stata_areg_centered_student_vce_unadjusted,445,757999
13426,All,high_inst_m1,-.0745620523905565,-.113143754568153,.0419241939152083,.20571224452972,stata_areg_centered_student_vce_unadjusted,61,757999
13427,All,high_inst_m1,-.0189862630289112,-.0575679652065079,.0287706075197033,.282374508129436,stata_areg_centered_student_vce_unadjusted,219,757999
13434,All,high_inst_m1,.0897546493889989,.0511729472114023,.0326431587717673,.45871233571311,stata_areg_centered_student_vce_unadjusted,221,757999
13437,All,high_inst_m1,-.0659095498496821,-.104491252027279,.288997734183268,.,stata_areg_centered_student_vce_unadjusted,1,757999
13439,All,high_inst_m1,.105721219223978,.0671395170463815,.0502108272654635,.397675448158105,stata_areg_centered_student_vce_unadjusted,153,757999
13442,All,high_inst_m1,.0120138712683859,-.0265678309092108,.0274033973228392,.330871610640301,stata_areg_centered_student_vce_unadjusted,333,757999
13445,All,high_inst_m1,.015533154259812,-.0230485479177847,.0344933172388218,.213814052870599,stata_areg_centered_student_vce_unadjusted,75,757999
13446,All,high_inst_m1,.00755905106272489,-.0310226511148718,.0321996783112788,.32872583335115,stata_areg_centered_student_vce_unadjusted,258,757999
13450,All,high_inst_m1,.110818779180115,.0722370770025182,.0305430836290986,.435554590476901,stata_areg_centered_student_vce_unadjusted,230,757999
13461,All,high_inst_m1,.0591150676841774,.0205333655065807,.0294586113460455,.276808981435743,stata_areg_centered_student_vce_unadjusted,149,757999
13462,All,high_inst_m1,.0561434107945798,.0175617086169831,.0433735869382008,.311915716517564,stata_areg_centered_student_vce_unadjusted,75,757999
13475,All,high_inst_m1,-.00580540630614124,-.0443871084837379,.0253936484541886,.206409198105776,stata_areg_centered_student_vce_unadjusted,227,757999
13486,All,high_inst_m1,.0020127449436122,-.0365689572339845,.0242810388021531,.222082068977987,stata_areg_centered_student_vce_unadjusted,468,757999
13489,All,high_inst_m1,.0919727662716644,.0533910640940678,.0367534580645944,.379949831794309,stata_areg_centered_student_vce_unadjusted,248,757999
13491,All,high_inst_m1,.0108326097918809,-.0277490923857158,.0250055674135807,.335357438199442,stata_areg_centered_student_vce_unadjusted,244,757999
13503,All,high_inst_m1,.0140840355392718,-.0244976666383249,.0255360387970179,.311035160054812,stata_areg_centered_student_vce_unadjusted,174,757999
13504,All,high_inst_m1,.0342391984053442,-.0043425037722525,.0315304034543927,.308015050813571,stata_areg_centered_student_vce_unadjusted,160,757999
13513,All,high_inst_m1,.027342724743055,-.0112389774345417,.040800337350858,.315372778670994,stata_areg_centered_student_vce_unadjusted,126,757999
13525,All,high_inst_m1,.0765817376121422,.0380000354345455,.0819464532651064,.296083138272141,stata_areg_centered_student_vce_unadjusted,13,757999
13527,All,high_inst_m1,.163609212486765,.125027510309168,.0473831404109071,.441305936471054,stata_areg_centered_student_vce_unadjusted,61,757999
13528,All,high_inst_m1,.0452410437625718,.00665934158497514,.0476430861344439,.252677051655604,stata_areg_centered_student_vce_unadjusted,38,757999
13535,All,high_inst_m1,-.0534824190339204,-.0920641212115171,.0410561507685181,.245840773623858,stata_areg_centered_student_vce_unadjusted,130,757999
13542,All,high_inst_m1,.0338151589925272,-.00476654318506951,.0521880966294508,.338160703084965,stata_areg_centered_student_vce_unadjusted,122,757999
13545,All,high_inst_m1,.0406448089247861,.0020631067471894,.0603661355538235,.283094859879936,stata_areg_centered_student_vce_unadjusted,50,757999
13551,All,high_inst_m1,.0189251655155628,-.0196565366620339,.026982102585603,.257247093154307,stata_areg_centered_student_vce_unadjusted,199,757999
13552,All,high_inst_m1,.133519150587329,.0949374484097325,.289906583035527,.,stata_areg_centered_student_vce_unadjusted,1,757999
13553,All,high_inst_m1,.0222889160158655,-.0162927861617311,.0302662644505069,.259084094432034,stata_areg_centered_student_vce_unadjusted,101,757999
13558,All,high_inst_m1,.065981731073122,.0274000288955253,.0191676471492535,.334109771932606,stata_areg_centered_student_vce_unadjusted,411,757999
13561,All,high_inst_m1,.0496112668322707,.011029564654674,.0230821955113613,.337425248642056,stata_areg_centered_student_vce_unadjusted,329,757999
13565,All,high_inst_m1,.0288409920293009,-.00974071014829579,.0365721617449815,.309590319507936,stata_areg_centered_student_vce_unadjusted,149,757999
13573,All,high_inst_m1,.100770557377277,.0621888551996806,.0378069558132337,.408970159627182,stata_areg_centered_student_vce_unadjusted,154,757999
13574,All,high_inst_m1,.104158157778972,.0655764556013757,.0331195762076702,.37358268778612,stata_areg_centered_student_vce_unadjusted,104,757999
13576,All,high_inst_m1,.0137891872289739,-.0247925149486228,.0209615381656437,.213998155809309,stata_areg_centered_student_vce_unadjusted,261,757999
13582,All,high_inst_m1,.00988603086756027,-.0286956713100364,.0176306445879544,.247151544774267,stata_areg_centered_student_vce_unadjusted,360,757999
13584,All,high_inst_m1,.0105897960172747,-.0279919061603219,.0623679859034787,.0717456719940252,stata_areg_centered_student_vce_unadjusted,22,757999
13586,All,high_inst_m1,.00847025634115601,-.0301114458364407,.0264016449989997,.265632917389407,stata_areg_centered_student_vce_unadjusted,235,757999
13590,All,high_inst_m1,.0142474390349515,-.0243342631426452,.0388180950326126,.165799041066625,stata_areg_centered_student_vce_unadjusted,82,757999
13591,All,high_inst_m1,.042430486616452,.00384878443885527,.0337670408200619,.163223422406711,stata_areg_centered_student_vce_unadjusted,84,757999
13592,All,high_inst_m1,.0411199958810596,.00253829370346289,.289790327900562,.,stata_areg_centered_student_vce_unadjusted,1,757999
13604,All,high_inst_m1,.00206866892227797,-.0365130332553187,.0373101043462486,.306795659578268,stata_areg_centered_student_vce_unadjusted,128,757999
13606,All,high_inst_m1,.00899847620126938,-.0295832259763273,.0270184292930453,.269250369683971,stata_areg_centered_student_vce_unadjusted,259,757999
13610,All,high_inst_m1,-.0417532486804088,-.0803349508580054,.0444069840600578,.200047459084922,stata_areg_centered_student_vce_unadjusted,62,757999
13611,All,high_inst_m1,-.00111104361040716,-.0396927457880038,.0693292069928644,.0594311312058762,stata_areg_centered_student_vce_unadjusted,19,757999
13612,All,high_inst_m1,.0973068070298842,.0587251048522875,.109281382862373,.327565746311451,stata_areg_centered_student_vce_unadjusted,7,757999
13621,All,high_inst_m1,.0262353995138325,-.0123463026637642,.0342312818578358,.274217051375755,stata_areg_centered_student_vce_unadjusted,106,757999
13626,All,high_inst_m1,.0201262482420081,-.0184554539355886,.0371987881252966,.220743535399853,stata_areg_centered_student_vce_unadjusted,67,757999
13627,All,high_inst_m1,-.0262627659216988,-.0648444680992955,.0445733190485456,.209303506206521,stata_areg_centered_student_vce_unadjusted,112,757999
13633,All,high_inst_m1,.0253005904431997,-.013281111734397,.0384047503817094,.320563972065253,stata_areg_centered_student_vce_unadjusted,130,757999
14201,All,high_inst_m1,.0456270194979879,.0070453173203912,.288087514360255,.,stata_areg_centered_student_vce_unadjusted,1,757999
14202,All,high_inst_m1,-.0160653898119671,-.0546470919895637,.0337613893346118,.206052647033011,stata_areg_centered_student_vce_unadjusted,138,757999
14206,All,high_inst_m1,.0311957144377538,-.00738598773984292,.0377093999286466,.133755402911932,stata_areg_centered_student_vce_unadjusted,65,757999
14208,All,high_inst_m1,.0364791868228859,-.00210251535471078,.0341160924959859,.0531932359611304,stata_areg_centered_student_vce_unadjusted,81,757999
14210,All,high_inst_m1,-.0134871753206479,-.0520688774982446,.020716285412565,.222247678014916,stata_areg_centered_student_vce_unadjusted,395,757999
14211,All,high_inst_m1,-.072416264678708,-.110997966856305,.0347565973491597,.255710606785774,stata_areg_centered_student_vce_unadjusted,137,757999
14217,All,high_inst_m1,.265073705908796,.226492003731199,.0467094380721397,.46569536146748,stata_areg_centered_student_vce_unadjusted,103,757999
14225,All,high_inst_m1,.0259811175991173,-.0126005845784794,.0634630228012084,.0762652764049762,stata_areg_centered_student_vce_unadjusted,21,757999
14232,All,high_inst_m1,.0202681264202385,-.0183135757573582,.0271620963198741,.208733921091704,stata_areg_centered_student_vce_unadjusted,153,757999
14233,All,high_inst_m1,.0889353907880465,.0503536886104498,.0427161722413127,.376171417184191,stata_areg_centered_student_vce_unadjusted,78,757999
14237,All,high_inst_m1,-.0146884924167179,-.0532701945943146,.0438305566919141,.164071298089952,stata_areg_centered_student_vce_unadjusted,76,757999
14249,All,high_inst_m1,.132684865847,.0941031636694028,.0654977732604123,.508568312346201,stata_areg_centered_student_vce_unadjusted,81,757999
14260,All,high_inst_m1,-.0649719994329284,-.103553701610525,.0450528751753084,.264721562756411,stata_areg_centered_student_vce_unadjusted,67,757999
14265,All,high_inst_m1,-.00478305142298092,-.0433647536005776,.0353484863318695,.305588238778925,stata_areg_centered_student_vce_unadjusted,89,757999
14266,All,high_inst_m1,-.00492424746740443,-.0435059496450011,.0415673899273289,.163209986630961,stata_areg_centered_student_vce_unadjusted,71,757999
14270,All,high_inst_m1,.00166960433130046,-.0369120978462962,.0467703103078138,.3122995032072,stata_areg_centered_student_vce_unadjusted,120,757999
14280,All,high_inst_m1,.220388456547016,.181806754369419,.0500208549218564,.471845665032325,stata_areg_centered_student_vce_unadjusted,166,757999
14284,All,high_inst_m1,.00110311337421968,-.037478588803377,.0173360444622792,.273466353731702,stata_areg_centered_student_vce_unadjusted,329,757999
14288,All,high_inst_m1,.0568011754081489,.0182194732305522,.0441635236919071,.311946492035127,stata_areg_centered_student_vce_unadjusted,147,757999
14292,All,high_inst_m1,-.0523756497557409,-.0909573519333375,.109347265724782,.107179243108071,stata_areg_centered_student_vce_unadjusted,7,757999
14299,All,high_inst_m1,-.0372644111877891,-.0758461133653857,.0331940836803183,.277302419141998,stata_areg_centered_student_vce_unadjusted,143,757999
14300,All,high_inst_m1,-.044559947322483,-.0831416495000797,.289066266474212,.,stata_areg_centered_student_vce_unadjusted,1,757999
14307,All,high_inst_m1,.0395055373477471,.000923835170150385,.0579290319366263,.0594300784002777,stata_areg_centered_student_vce_unadjusted,26,757999
14313,All,high_inst_m1,.0408902756074659,.0023085734298692,.0421794343579733,.325741142500821,stata_areg_centered_student_vce_unadjusted,153,757999
14314,All,high_inst_m1,-.073559986604899,-.112141688782496,.0433923455667273,.235572391466542,stata_areg_centered_student_vce_unadjusted,100,757999
14315,All,high_inst_m1,-.0325260786553649,-.0711077808329616,.0482376531813392,.226813661298311,stata_areg_centered_student_vce_unadjusted,57,757999
14316,All,high_inst_m1,-.00601062034316165,-.0445923225207583,.0417836530672953,.302151621033116,stata_areg_centered_student_vce_unadjusted,93,757999
14324,All,high_inst_m1,-.07953871403857,-.118120416216167,.0711746634712223,.274706964479357,stata_areg_centered_student_vce_unadjusted,18,757999
14332,All,high_inst_m1,.116845135290718,.0782634331131218,.0661935018691077,.389113935262109,stata_areg_centered_student_vce_unadjusted,66,757999
14334,All,high_inst_m1,.167679515885446,.12909781370785,.0268754551110486,.456876903109492,stata_areg_centered_student_vce_unadjusted,300,757999
14336,All,high_inst_m1,.00051539930383248,-.0380663028737642,.0294747543122792,.144123641111562,stata_areg_centered_student_vce_unadjusted,103,757999
14348,All,high_inst_m1,.0743745640103195,.0357928618327229,.0314827441830238,.334257818489187,stata_areg_centered_student_vce_unadjusted,285,757999
14359,All,high_inst_m1,.020040604497084,-.0185410976805127,.0200487502391133,.333041613613151,stata_areg_centered_student_vce_unadjusted,557,757999
14363,All,high_inst_m1,.00983176938946882,-.0287499327881279,.0193052839836895,.343106608441946,stata_areg_centered_student_vce_unadjusted,457,757999
14365,All,high_inst_m1,.0171659620196161,-.0214157401579806,.0364135695279489,.237149263147605,stata_areg_centered_student_vce_unadjusted,81,757999
14373,All,high_inst_m1,.0292058351837218,-.0093758669938749,.034889943743461,.21271982269981,stata_areg_centered_student_vce_unadjusted,98,757999
14375,All,high_inst_m1,.0364240941188722,-.00215760805872451,.0244555780120551,.281460709540523,stata_areg_centered_student_vce_unadjusted,211,757999
14379,All,high_inst_m1,.0942013935525557,.055619691374959,.0430935518422483,.479291674827223,stata_areg_centered_student_vce_unadjusted,134,757999
14380,All,high_inst_m1,.311652203595284,.273070501417687,.0916460037986951,.474853838638447,stata_areg_centered_student_vce_unadjusted,11,757999
14381,All,high_inst_m1,.0254770918273006,-.0131046103502961,.0525991600053351,.388817158163832,stata_areg_centered_student_vce_unadjusted,86,757999
14387,All,high_inst_m1,.00423618198562624,-.0343455201919704,.0378192975312078,.195638691095922,stata_areg_centered_student_vce_unadjusted,76,757999
14389,All,high_inst_m1,.0468520913316652,.00827038915406855,.0340924814751905,.123560530263795,stata_areg_centered_student_vce_unadjusted,75,757999
14397,All,high_inst_m1,.0633976003078891,.0248158981302924,.0401918061456757,.269054704576739,stata_areg_centered_student_vce_unadjusted,67,757999
14400,All,high_inst_m1,.0254040989793483,-.0131776031982483,.118605731411063,.0274021496313213,stata_areg_centered_student_vce_unadjusted,6,757999
14413,All,high_inst_m1,-.0000206333215522956,-.038602335499149,.0429838418923758,.30345076074064,stata_areg_centered_student_vce_unadjusted,161,757999
14416,All,high_inst_m1,.013210757236001,-.0253709449415957,.0330897220335637,.303041069318306,stata_areg_centered_student_vce_unadjusted,323,757999
14417,All,high_inst_m1,.0402314776900765,.00164977551247977,.0573514680906062,.0648935210661094,stata_areg_centered_student_vce_unadjusted,26,757999
14418,All,high_inst_m1,.0126386979628019,-.0259430042147948,.046746169128454,.154370199593596,stata_areg_centered_student_vce_unadjusted,50,757999
14420,All,high_inst_m1,.0177676330204074,-.0208140691571893,.0551617662435168,.265317394450529,stata_areg_centered_student_vce_unadjusted,86,757999
14421,All,high_inst_m1,.0480677002876761,.00948599811007941,.0382761278696758,.172521688751151,stata_areg_centered_student_vce_unadjusted,59,757999
14428,All,high_inst_m1,.0591236729683945,.0205419707907978,.0535597234153355,.336042303230978,stata_areg_centered_student_vce_unadjusted,32,757999
14439,All,high_inst_m1,-.028268597171411,-.0668502993490077,.0915307300578449,.0816290694635803,stata_areg_centered_student_vce_unadjusted,10,757999
14453,All,high_inst_m1,.0408318149560472,.00225011277845055,.0435099207844048,.314901345134875,stata_areg_centered_student_vce_unadjusted,60,757999
14454,All,high_inst_m1,.0195394171723549,-.0190422850052418,.0345750026125264,.0757767677591985,stata_areg_centered_student_vce_unadjusted,78,757999
14462,All,high_inst_m1,.0681750686634756,.0295933664858789,.0419082855020596,.220215756439373,stata_areg_centered_student_vce_unadjusted,50,757999
14466,All,high_inst_m1,-.0383248813270211,-.0769065835046178,.0432733448676411,.389083841100797,stata_areg_centered_student_vce_unadjusted,121,757999
14467,All,high_inst_m1,.0231514674303281,-.0154302347472686,.0634464203206264,.0451442776071461,stata_areg_centered_student_vce_unadjusted,21,757999
14470,All,high_inst_m1,.00711758992311962,-.0314641122544771,.0187772583488407,.178995280434404,stata_areg_centered_student_vce_unadjusted,290,757999
14476,All,high_inst_m1,.13033914525984,.0917574430822432,.0428929855316601,.451961656577682,stata_areg_centered_student_vce_unadjusted,90,757999
14487,All,high_inst_m1,-.0163980367326917,-.0549797389102884,.026598809948524,.229978425872279,stata_areg_centered_student_vce_unadjusted,219,757999
14490,All,high_inst_m1,-.00880634970635477,-.0473880518839514,.0251412928346924,.185463747206489,stata_areg_centered_student_vce_unadjusted,197,757999
14492,All,high_inst_m1,.0144034244761044,-.0241782777014923,.0490956450001622,.0716010256687268,stata_areg_centered_student_vce_unadjusted,36,757999
14494,All,high_inst_m1,-.117721906278979,-.156303608456575,.0452447898066467,.203855219155642,stata_areg_centered_student_vce_unadjusted,93,757999
14498,All,high_inst_m1,.175020445400302,.136438743222705,.0742217315997036,.464804770108937,stata_areg_centered_student_vce_unadjusted,107,757999
14502,All,high_inst_m1,.342026052417399,.303444350239802,.0559219640032347,.447389139550577,stata_areg_centered_student_vce_unadjusted,88,757999
14504,All,high_inst_m1,-.0537959156754512,-.0923776178530479,.0471957743151645,.242718588370976,stata_areg_centered_student_vce_unadjusted,80,757999
14506,All,high_inst_m1,.0177239348439507,-.020857767333646,.0281047057660088,.359926331756155,stata_areg_centered_student_vce_unadjusted,299,757999
14507,All,high_inst_m1,.068847142248004,.0302654400704074,.290053507855928,.,stata_areg_centered_student_vce_unadjusted,1,757999
14508,All,high_inst_m1,.0587741284328467,.02019242625525,.0390957437535571,.398718406898366,stata_areg_centered_student_vce_unadjusted,84,757999
14510,All,high_inst_m1,.040359791719547,.00177808954195029,.0312913593229258,.320943048997474,stata_areg_centered_student_vce_unadjusted,208,757999
14511,All,high_inst_m1,-.0160373980835107,-.0546191002611073,.0433282931441842,.211282348344724,stata_areg_centered_student_vce_unadjusted,94,757999
14514,All,high_inst_m1,.0464073735438835,.00782567136628678,.0360385973878738,.283548541822974,stata_areg_centered_student_vce_unadjusted,255,757999
14516,All,high_inst_m1,-.0733807223139668,-.111962424491563,.144964709616813,.0892633365560465,stata_areg_centered_student_vce_unadjusted,4,757999
14523,All,high_inst_m1,.0880998556342453,.0495181534566486,.0291489296165053,.357272190499421,stata_areg_centered_student_vce_unadjusted,300,757999
14525,All,high_inst_m1,.0337951025821112,-.00478659959548549,.0471132888338106,.0553879366856048,stata_areg_centered_student_vce_unadjusted,39,757999
14526,All,high_inst_m1,-.0506559269658074,-.0892376291434041,.0295800791734079,.264335281030459,stata_areg_centered_student_vce_unadjusted,263,757999
14527,All,high_inst_m1,.0313706197113076,-.00721108246628912,.0331394283420333,.315079984150917,stata_areg_centered_student_vce_unadjusted,123,757999
14534,All,high_inst_m1,.0171326088014057,-.021449093376191,.035508277431758,.284984241205526,stata_areg_centered_student_vce_unadjusted,115,757999
14537,All,high_inst_m1,-.0101520284180947,-.0487337305956913,.0295147350110128,.188494600453873,stata_areg_centered_student_vce_unadjusted,236,757999
14538,All,high_inst_m1,-.000278522054858537,-.0388602242324552,.0469821717012916,.344762179370239,stata_areg_centered_student_vce_unadjusted,212,757999
14541,All,high_inst_m1,.0360224771254781,-.00255922505211861,.0425283497906745,.291217527364781,stata_areg_centered_student_vce_unadjusted,125,757999
14545,All,high_inst_m1,.0130068150996086,-.0255748870779881,.0311756336480607,.116106249948404,stata_areg_centered_student_vce_unadjusted,91,757999
14547,All,high_inst_m1,.0216010172595905,-.0169806849180062,.0611466334894006,.0557091123219538,stata_areg_centered_student_vce_unadjusted,23,757999
14552,All,high_inst_m1,-.0212705824924019,-.0598522846699986,.0345344104700046,.26523170218537,stata_areg_centered_student_vce_unadjusted,142,757999
14556,All,high_inst_m1,-.0214899607448046,-.0600716629224013,.0351969214511812,.0899548136776478,stata_areg_centered_student_vce_unadjusted,69,757999
14565,All,high_inst_m1,-.0954672994571394,-.134049001634736,.0367120979601311,.185152577613976,stata_areg_centered_student_vce_unadjusted,109,757999
14568,All,high_inst_m1,-.00689883830026959,-.0454805404778663,.0522848293662245,.321931938206994,stata_areg_centered_student_vce_unadjusted,117,757999
14573,All,high_inst_m1,.156513732419058,.117932030241461,.314983047362189,.,stata_areg_centered_student_vce_unadjusted,1,757999
14580,All,high_inst_m1,-.0158891955953712,-.0544708977729679,.0399383318237762,.194569737035519,stata_areg_centered_student_vce_unadjusted,92,757999
14592,All,high_inst_m1,.0469708066563207,.00838910447872406,.0324960767633273,.164362825685411,stata_areg_centered_student_vce_unadjusted,83,757999
14594,All,high_inst_m1,.0724197400797132,.0338380379021165,.0391141770612496,.321760947734845,stata_areg_centered_student_vce_unadjusted,111,757999
14599,All,high_inst_m1,.0186886981329845,-.0198930040446122,.0404180188271365,.255453856570611,stata_areg_centered_student_vce_unadjusted,88,757999
14605,All,high_inst_m1,.0266409476242238,-.0119407545533729,.0344389143071821,.274200516564627,stata_areg_centered_student_vce_unadjusted,227,757999
14606,All,high_inst_m1,-.0174094954347691,-.0559911976123658,.0382619923185641,.180417056682647,stata_areg_centered_student_vce_unadjusted,70,757999
14608,All,high_inst_m1,-.0122198165507218,-.0508015187283185,.0259882988070468,.1971060815253,stata_areg_centered_student_vce_unadjusted,267,757999
14614,All,high_inst_m1,-.0647954677151244,-.103377169892721,.0371557517435719,.404164785286541,stata_areg_centered_student_vce_unadjusted,226,757999
14616,All,high_inst_m1,-.0320969938026446,-.0706786959802413,.0543227271725692,.174075676021859,stata_areg_centered_student_vce_unadjusted,63,757999
14622,All,high_inst_m1,-.0375842676943478,-.0761659698719445,.0409778619090121,.258466925263593,stata_areg_centered_student_vce_unadjusted,90,757999
14625,All,high_inst_m1,.0489490340625133,.0103673318849166,.0586829643379866,.152582068220458,stata_areg_centered_student_vce_unadjusted,25,757999
14626,All,high_inst_m1,-.00792655433928362,-.0465082565168803,.0391250564102876,.192809746277982,stata_areg_centered_student_vce_unadjusted,81,757999
14628,All,high_inst_m1,-.0105832172095357,-.0491649193871324,.0537493736031932,.265572491230868,stata_areg_centered_student_vce_unadjusted,31,757999
14629,All,high_inst_m1,-.0427633988724232,-.0813451010500199,.0209472733765318,.243178075942761,stata_areg_centered_student_vce_unadjusted,384,757999
14641,All,high_inst_m1,-.0245812364178349,-.0631629385954316,.0363977293363507,.205034206621712,stata_areg_centered_student_vce_unadjusted,120,757999
14642,All,high_inst_m1,.0552028147167404,.0166211125391437,.0327797509706718,.27402555197507,stata_areg_centered_student_vce_unadjusted,116,757999
14643,All,high_inst_m1,-.0134431141244757,-.0520248163020724,.0466112728141634,.236414023255203,stata_areg_centered_student_vce_unadjusted,67,757999
14654,All,high_inst_m1,.0056761534547333,-.0329055487228634,.0344828712985084,.129352593973609,stata_areg_centered_student_vce_unadjusted,72,757999
14655,All,high_inst_m1,-.00728595312474247,-.0458676553023391,.295320115519042,.,stata_areg_centered_student_vce_unadjusted,1,757999
14657,All,high_inst_m1,-.0265528118960724,-.0651345140736691,.0651607435350224,.225795596982037,stata_areg_centered_student_vce_unadjusted,22,757999
14659,All,high_inst_m1,.0208832719808612,-.0176984301967355,.0402958137525335,.22731711539695,stata_areg_centered_student_vce_unadjusted,60,757999
14670,All,high_inst_m1,.0646968219517255,.0261151197741288,.0251913532028284,.375260552055726,stata_areg_centered_student_vce_unadjusted,238,757999
14671,All,high_inst_m1,-.00147204743459613,-.0400537496121928,.029526467106295,.247053011875195,stata_areg_centered_student_vce_unadjusted,196,757999
14673,All,high_inst_m1,-.00327492290208051,-.0418566250796772,.0310280989318364,.277227718323368,stata_areg_centered_student_vce_unadjusted,117,757999
14674,All,high_inst_m1,.0441836005202,.00560189834260336,.026074329035541,.31830785752692,stata_areg_centered_student_vce_unadjusted,246,757999
14675,All,high_inst_m1,.0774752283543075,.0388935261767108,.0625056660563413,.182339674305668,stata_areg_centered_student_vce_unadjusted,41,757999
14676,All,high_inst_m1,-.207259457376968,-.245841159554565,.288561683940985,1.96261557335472e-17,stata_areg_centered_student_vce_unadjusted,2,757999
14677,All,high_inst_m1,-.0585749433326241,-.0971566455102208,.0396358594214269,.124553794222736,stata_areg_centered_student_vce_unadjusted,76,757999
14687,All,high_inst_m1,-.0424567465209314,-.0810384486985281,.0363013886353223,.270356596340678,stata_areg_centered_student_vce_unadjusted,129,757999
14697,All,high_inst_m1,.00977318176628241,-.0288085204113143,.0250747972973114,.272791649155774,stata_areg_centered_student_vce_unadjusted,268,757999
14699,All,high_inst_m1,.0319264215650016,-.00665528061259511,.0405563491066147,.330055662973127,stata_areg_centered_student_vce_unadjusted,164,757999
14703,All,high_inst_m1,-.07064020549798,-.109221907675577,.0317195728655676,.254864501846229,stata_areg_centered_student_vce_unadjusted,286,757999
14707,All,high_inst_m1,.0167935740401155,-.0217881281374811,.0363971417152607,.329367128440355,stata_areg_centered_student_vce_unadjusted,94,757999
14711,All,high_inst_m1,.0141857940111656,-.0243959081664311,.0433638869564771,.0688409280720947,stata_areg_centered_student_vce_unadjusted,47,757999
14716,All,high_inst_m1,.00514170910863405,-.0334399930689626,.0301136214309303,.31692244579176,stata_areg_centered_student_vce_unadjusted,163,757999
14717,All,high_inst_m1,-.0224244774293533,-.06100617960695,.0344457060963156,.237961600133563,stata_areg_centered_student_vce_unadjusted,132,757999
14720,All,high_inst_m1,-.0429065930921523,-.0814882952697489,.0203720829551604,.0719768161469674,stata_areg_centered_student_vce_unadjusted,243,757999
14750,All,high_inst_m1,.0517735099609731,.0131918077833764,.0553367903799359,.381955080222418,stata_areg_centered_student_vce_unadjusted,100,757999
14751,All,high_inst_m1,.0745735753792471,.0359918732016504,.0527633369231177,.360183668523361,stata_areg_centered_student_vce_unadjusted,98,757999
14759,All,high_inst_m1,.00233491306228654,-.0362467891153101,.0532961350778183,.066572909341957,stata_areg_centered_student_vce_unadjusted,31,757999
14761,All,high_inst_m1,.0285532490580468,-.0100284531195499,.144975108947543,.0340534243758673,stata_areg_centered_student_vce_unadjusted,4,757999
14764,All,high_inst_m1,-.0170141690827012,-.0555958712602979,.0300241148737598,.373033179177621,stata_areg_centered_student_vce_unadjusted,206,757999
14770,All,high_inst_m1,-.0256934947891743,-.064275196966771,.0315095449842654,.304644137629094,stata_areg_centered_student_vce_unadjusted,234,757999
14771,All,high_inst_m1,-.0384629872049357,-.0770446893825324,.0431934016997912,.289434762652116,stata_areg_centered_student_vce_unadjusted,55,757999
14773,All,high_inst_m1,-.0219268363934209,-.0605085385710176,.0438085871779046,.272266904366839,stata_areg_centered_student_vce_unadjusted,124,757999
14775,All,high_inst_m1,.0142996861772649,-.0242820160003318,.0365895534145069,.295966609994129,stata_areg_centered_student_vce_unadjusted,97,757999
14778,All,high_inst_m1,-.0273949448730246,-.0659766470506213,.0346788759703986,.0709448770565048,stata_areg_centered_student_vce_unadjusted,98,757999
14779,All,high_inst_m1,-.0321147563137457,-.0706964584913424,.0359340532706037,.270664408278267,stata_areg_centered_student_vce_unadjusted,99,757999
14782,All,high_inst_m1,.0412045574612349,.00262285528363822,.0405517168474159,.320414835192424,stata_areg_centered_student_vce_unadjusted,116,757999
14783,All,high_inst_m1,-.0395803105247447,-.0781620127023414,.0249340693549708,.280589568701062,stata_areg_centered_student_vce_unadjusted,288,757999
14788,All,high_inst_m1,-.00468009040284411,-.0432617925804408,.0333987659126375,.21081049652237,stata_areg_centered_student_vce_unadjusted,108,757999
14790,All,high_inst_m1,-.0196028925949228,-.0581845947725195,.0242546879699996,.268066585318476,stata_areg_centered_student_vce_unadjusted,189,757999
14791,All,high_inst_m1,-.00207441962112228,-.040656121798719,.118189143075641,.0826497814150516,stata_areg_centered_student_vce_unadjusted,6,757999
14796,All,high_inst_m1,.0523431971848924,.0137614950072957,.0729143451930601,.2833514937655,stata_areg_centered_student_vce_unadjusted,16,757999
14818,All,high_inst_m1,-.0173376144047673,-.055919316582364,.0305488682945375,.254408763354211,stata_areg_centered_student_vce_unadjusted,166,757999
14819,All,high_inst_m1,-.0462571072199737,-.0848388093975704,.047292268549288,.322208362594696,stata_areg_centered_student_vce_unadjusted,84,757999
14820,All,high_inst_m1,.00977096219269571,-.028810739984901,.0449249072061653,.232015893696651,stata_areg_centered_student_vce_unadjusted,65,757999
14822,All,high_inst_m1,-.00260880864868259,-.0411905108262793,.0334459184519509,.214232074048806,stata_areg_centered_student_vce_unadjusted,176,757999
14823,All,high_inst_m1,.0389789176118144,.000397215434217731,.0510725606986556,.314431406020097,stata_areg_centered_student_vce_unadjusted,71,757999
14825,All,high_inst_m1,-.0332653605745324,-.0718470627521291,.0344448886198188,.206895498531561,stata_areg_centered_student_vce_unadjusted,117,757999
14846,All,high_inst_m1,.0228538674941466,-.0157278346834501,.0467015729419788,.0749455388883511,stata_areg_centered_student_vce_unadjusted,39,757999
14852,All,high_inst_m1,.0401662364025583,.00158453422496165,.0374643485500424,.0496849910481451,stata_areg_centered_student_vce_unadjusted,62,757999
14856,All,high_inst_m1,-.00372626597581773,-.0423079681534144,.02616055115095,.272460665640164,stata_areg_centered_student_vce_unadjusted,189,757999
14860,All,high_inst_m1,.0798107078012056,.0412290056236089,.0505275191165044,.36540762788676,stata_areg_centered_student_vce_unadjusted,53,757999
14865,All,high_inst_m1,.0735612109030652,.0349795087254685,.0451993068674105,.237019995089332,stata_areg_centered_student_vce_unadjusted,62,757999
14866,All,high_inst_m1,.0338846013723846,-.00469710080521209,.0343347577277297,.387216347105125,stata_areg_centered_student_vce_unadjusted,277,757999
14868,All,high_inst_m1,-.0199815067255109,-.0585632089031076,.0297540545053422,.0710481936851712,stata_areg_centered_student_vce_unadjusted,120,757999
14870,All,high_inst_m1,-.00862902105318625,-.0472107232307829,.0397586679320992,.175602009573746,stata_areg_centered_student_vce_unadjusted,67,757999
14874,All,high_inst_m1,.0633486635096072,.0247669613320105,.0567773371823695,.0516115097480881,stata_areg_centered_student_vce_unadjusted,29,757999
14877,All,high_inst_m1,.0205052777474664,-.0180764244301303,.025051430214587,.158011040693246,stata_areg_centered_student_vce_unadjusted,210,757999
14879,All,high_inst_m1,.0199033364488954,-.0186783657287013,.0160391754056844,.236510479730086,stata_areg_centered_student_vce_unadjusted,688,757999
14881,All,high_inst_m1,.129233741116949,.0906520389393519,.0405535953111643,.260391283147199,stata_areg_centered_student_vce_unadjusted,205,757999
14885,All,high_inst_m1,.00540916096339382,-.0331725412142029,.0496166757535925,.358612764241717,stata_areg_centered_student_vce_unadjusted,60,757999
14901,All,high_inst_m1,-.0798361576716487,-.118417859849245,.0310776138430995,.231736490903558,stata_areg_centered_student_vce_unadjusted,225,757999
14902,All,high_inst_m1,-.0264615446066047,-.0650432467842014,.0375595495141331,.249651119980392,stata_areg_centered_student_vce_unadjusted,103,757999
14910,All,high_inst_m1,.0128873799812645,-.0256943221963322,.0707180410794125,.026817295612773,stata_areg_centered_student_vce_unadjusted,17,757999
14912,All,high_inst_m1,-.0120264289938565,-.0506081311714532,.0297168594532281,.328460084435522,stata_areg_centered_student_vce_unadjusted,309,757999
14913,All,high_inst_m1,-.0000526853457413673,-.0386343875233381,.036605939514465,.275262897970276,stata_areg_centered_student_vce_unadjusted,102,757999
14922,All,high_inst_m1,-.0186399574074863,-.057221659585083,.0319562705931779,.163669504901123,stata_areg_centered_student_vce_unadjusted,98,757999
14923,All,high_inst_m1,-.0512429745098072,-.0898246766874039,.0305525436053551,.247511050362458,stata_areg_centered_student_vce_unadjusted,140,757999
14946,All,high_inst_m1,.0164483515046922,-.0221333506729045,.288774824125692,.,stata_areg_centered_student_vce_unadjusted,1,757999
14952,All,high_inst_m1,.10901539091618,.0704336887385834,.0394510573778987,.383330429874373,stata_areg_centered_student_vce_unadjusted,110,757999
14953,All,high_inst_m1,-.0421182715181494,-.0806999736957461,.0415226489333982,.214387736394453,stata_areg_centered_student_vce_unadjusted,98,757999
15502,All,high_inst_m1,-.0376027271428101,-.0761844293204067,.0247150174030761,.185515479671392,stata_areg_centered_student_vce_unadjusted,259,757999
15510,All,high_inst_m1,.0617869772299054,.0232052750523087,.0378616166772136,.457896808316051,stata_areg_centered_student_vce_unadjusted,195,757999
15521,All,high_inst_m1,.217959665480597,.179377963303,.0366568488003606,.468214717652109,stata_areg_centered_student_vce_unadjusted,208,757999
15522,All,high_inst_m1,.0849798083754094,.0463981061978128,.0437612327897146,.368673190333985,stata_areg_centered_student_vce_unadjusted,95,757999
15524,All,high_inst_m1,.167421997626521,.128840295448924,.0594895359759887,.462334061881018,stata_areg_centered_student_vce_unadjusted,76,757999
15534,All,high_inst_m1,-.0408392335771758,-.0794209357547725,.0242083615672073,.335020930028395,stata_areg_centered_student_vce_unadjusted,195,757999
15535,All,high_inst_m1,.0530101613664554,.0144284591888587,.0978382612940988,.0271758792690455,stata_areg_centered_student_vce_unadjusted,9,757999
15544,All,high_inst_m1,.0169780624733715,-.0216036397042252,.0426703272345168,.331906517554048,stata_areg_centered_student_vce_unadjusted,101,757999
15554,All,high_inst_m1,-.0246742926163567,-.0632559947939534,.0370178095326525,.352878266677883,stata_areg_centered_student_vce_unadjusted,229,757999
15564,All,high_inst_m1,.458745702952497,.420164000774901,.0605830957411483,.272877373124747,stata_areg_centered_student_vce_unadjusted,173,757999
15574,All,high_inst_m1,-.0438528454784825,-.0824345476560792,.0515113687286448,.1090754125746,stata_areg_centered_student_vce_unadjusted,33,757999
15576,All,high_inst_m1,.45991493967434,.421333237496743,.0731627305855418,.312972850501547,stata_areg_centered_student_vce_unadjusted,76,757999
15583,All,high_inst_m1,-.0180084964879908,-.0565901986655874,.0188958438340796,.132227106114612,stata_areg_centered_student_vce_unadjusted,326,757999
15589,All,high_inst_m1,-.00665317216864881,-.0452348743462455,.0417609778474847,.288983008833094,stata_areg_centered_student_vce_unadjusted,75,757999
15593,All,high_inst_m1,-.0239389452744774,-.0625206474520741,.110099671274601,.0344925658445548,stata_areg_centered_student_vce_unadjusted,7,757999
15596,All,high_inst_m1,-.0343280861301135,-.0729097883077102,.0434370870975423,.0670847835015995,stata_areg_centered_student_vce_unadjusted,58,757999
15600,All,high_inst_m1,-.00443273418606364,-.0430144363636603,.036608574306818,.288383015529368,stata_areg_centered_student_vce_unadjusted,176,757999
15601,All,high_inst_m1,-.0408533761375048,-.0794350783151015,.0287554696091113,.277688510815626,stata_areg_centered_student_vce_unadjusted,207,757999
15610,All,high_inst_m1,-.0427713261465898,-.0813530283241865,.0335598421380145,.26808159527005,stata_areg_centered_student_vce_unadjusted,183,757999
15621,All,high_inst_m1,-.125802833948662,-.164384536126259,.0596792986112519,.266154171417179,stata_areg_centered_student_vce_unadjusted,135,757999
15624,All,high_inst_m1,-.00233059466504851,-.0409122968426452,.0252540818679333,.309492789361814,stata_areg_centered_student_vce_unadjusted,370,757999
15627,All,high_inst_m1,-.0393525386530694,-.0779342408306661,.0375347795556672,.249032721958161,stata_areg_centered_student_vce_unadjusted,100,757999
15631,All,high_inst_m1,.0329415942497799,-.00564010792781677,.0461687673969376,.466368224099796,stata_areg_centered_student_vce_unadjusted,89,757999
15633,All,high_inst_m1,-.00153142043841435,-.040113122616011,.0413882258737624,.268514343885471,stata_areg_centered_student_vce_unadjusted,121,757999
15643,All,high_inst_m1,.0219797840201246,-.0166019181574721,.0460414923050659,.193705154769847,stata_areg_centered_student_vce_unadjusted,50,757999
15646,All,high_inst_m1,-.0221021545382105,-.0606838567158072,.0147831401865978,.156539649602047,stata_areg_centered_student_vce_unadjusted,687,757999
15657,All,high_inst_m1,-.009591692104065,-.0481733942816617,.0274468673706774,.340470312663983,stata_areg_centered_student_vce_unadjusted,262,757999
15662,All,high_inst_m1,-.029467908166005,-.0680496103436017,.0199498456394365,.277525344004743,stata_areg_centered_student_vce_unadjusted,374,757999
15664,All,high_inst_m1,.033912288896399,-.00466941328119772,.028467417111605,.373799860431142,stata_areg_centered_student_vce_unadjusted,400,757999
15665,All,high_inst_m1,.0226777360804809,-.0159039660971157,.0388901087604351,.0617111848060914,stata_areg_centered_student_vce_unadjusted,61,757999
15676,All,high_inst_m1,-.0428975501056435,-.0814792522832402,.0207856447093158,.26396674406879,stata_areg_centered_student_vce_unadjusted,271,757999
15682,All,high_inst_m1,-.0685888106404173,-.107170512818014,.0463395092173366,.131645657894756,stata_areg_centered_student_vce_unadjusted,79,757999
15683,All,high_inst_m1,-.0381695822946999,-.0767512844722965,.0273104407486132,.225847565837639,stata_areg_centered_student_vce_unadjusted,215,757999
15684,All,high_inst_m1,-.0678613902857869,-.106443092463384,.055352302559816,.394941011995385,stata_areg_centered_student_vce_unadjusted,115,757999
15690,All,high_inst_m1,.0569288785036106,.018347176326014,.0348060053639593,.410378064393391,stata_areg_centered_student_vce_unadjusted,243,757999
15700,All,high_inst_m1,.0133463418077586,-.0252353603698381,.0345462939624931,.387907874945304,stata_areg_centered_student_vce_unadjusted,250,757999
15707,All,high_inst_m1,-.0727565571364185,-.111338259314015,.0366770255729445,.216893677915131,stata_areg_centered_student_vce_unadjusted,74,757999
15719,All,high_inst_m1,-.00996329175494297,-.0485449939325397,.0490324090200101,.214393138095358,stata_areg_centered_student_vce_unadjusted,42,757999
15720,All,high_inst_m1,-.0000648250263089011,-.0386465272039056,.0217642665291704,.1127666373144,stata_areg_centered_student_vce_unadjusted,275,757999
15722,All,high_inst_m1,.0633944639189368,.0248127617413401,.0270494281317408,.378583483029153,stata_areg_centered_student_vce_unadjusted,161,757999
15723,All,high_inst_m1,.00183682170427149,-.0367448804733252,.0427734453716923,.058638877906712,stata_areg_centered_student_vce_unadjusted,47,757999
15726,All,high_inst_m1,-.0299476092632775,-.0685293114408742,.043160542859826,.204199402476375,stata_areg_centered_student_vce_unadjusted,50,757999
15731,All,high_inst_m1,-.0223872035443091,-.0609689057219058,.0443582214541489,.193388654655597,stata_areg_centered_student_vce_unadjusted,94,757999
15732,All,high_inst_m1,.055624025479891,.0170423233022943,.0750431938031469,.0658374480186839,stata_areg_centered_student_vce_unadjusted,15,757999
15739,All,high_inst_m1,-.0448270896560472,-.0834087918336439,.0262003838675023,.148009780563787,stata_areg_centered_student_vce_unadjusted,235,757999
15744,All,high_inst_m1,.0081168566972587,-.030464845480338,.0403737403397006,.264576620517532,stata_areg_centered_student_vce_unadjusted,136,757999
15745,All,high_inst_m1,-.0137002856772699,-.0522819878548666,.0305541168527168,.24538292604938,stata_areg_centered_student_vce_unadjusted,163,757999
15746,All,high_inst_m1,-.017850095667906,-.0564317978455027,.043045144521961,.0783613373848724,stata_areg_centered_student_vce_unadjusted,49,757999
15750,All,high_inst_m1,-.046040571174532,-.0846222733521287,.0346944168036957,.0565487793349813,stata_areg_centered_student_vce_unadjusted,94,757999
15756,All,high_inst_m1,-.00220707348293723,-.0407887756605339,.0560438330312351,.0550121425756591,stata_areg_centered_student_vce_unadjusted,27,757999
15758,All,high_inst_m1,.0242116273189474,-.0143700748586493,.0446116907908528,.284743053634114,stata_areg_centered_student_vce_unadjusted,74,757999
15759,All,high_inst_m1,-.0476959200005792,-.0862776221781758,.0229461878693491,.0671254878496779,stata_areg_centered_student_vce_unadjusted,260,757999
15763,All,high_inst_m1,-.0148550407691473,-.053436742946744,.0874296534438918,.08677547234593,stata_areg_centered_student_vce_unadjusted,11,757999
15767,All,high_inst_m1,-.0634365038021659,-.102018205979763,.0335233968538278,.150018526594807,stata_areg_centered_student_vce_unadjusted,134,757999
15769,All,high_inst_m1,-.00897586614858275,-.0475575683261794,.0296482105802699,.0571571886154587,stata_areg_centered_student_vce_unadjusted,106,757999
15774,All,high_inst_m1,.0143719429999758,-.0242097591776209,.0343151108065595,.121693217939923,stata_areg_centered_student_vce_unadjusted,76,757999
15775,All,high_inst_m1,-.0308474406992158,-.0694291428768125,.0254306173584994,.12309242615299,stata_areg_centered_student_vce_unadjusted,141,757999
15781,All,high_inst_m1,.0167739748592094,-.0218077273183873,.0254322155517506,.198709916123786,stata_areg_centered_student_vce_unadjusted,215,757999
15787,All,high_inst_m1,-.0185294488293405,-.0571111510069372,.0323943236903127,.234139648140308,stata_areg_centered_student_vce_unadjusted,167,757999
15792,All,high_inst_m1,-.045298705936429,-.0838804081140257,.0377518531745957,.170898407303284,stata_areg_centered_student_vce_unadjusted,133,757999
15793,All,high_inst_m1,-.0201734407166013,-.058755142894198,.0345947790560376,.204482621286996,stata_areg_centered_student_vce_unadjusted,127,757999
15808,All,high_inst_m1,-.0566112612058181,-.0951929633834148,.0397368076809865,.156268350921595,stata_areg_centered_student_vce_unadjusted,127,757999
15809,All,high_inst_m1,-.0386137452589571,-.0771954474365538,.0312032737961171,.199331771386074,stata_areg_centered_student_vce_unadjusted,191,757999
15817,All,high_inst_m1,-.02697361601896,-.0655553181965567,.0246573350736973,.374702026715682,stata_areg_centered_student_vce_unadjusted,322,757999
15820,All,high_inst_m1,.0398538732142734,.00127217103667669,.0273057836147043,.35671571117542,stata_areg_centered_student_vce_unadjusted,213,757999
15830,All,high_inst_m1,.000826262609273784,-.0377554395683229,.0733886857635183,.0768554068786868,stata_areg_centered_student_vce_unadjusted,16,757999
15832,All,high_inst_m1,-.00931090229166315,-.0478926044692598,.0595928736435056,.239825644314242,stata_areg_centered_student_vce_unadjusted,46,757999
15840,All,high_inst_m1,-.03741147147296,-.0759931736505567,.0229268759595794,.156687455631439,stata_areg_centered_student_vce_unadjusted,175,757999
15843,All,high_inst_m1,-.0119479759103124,-.0505296780879091,.0171289523450792,.157960605937227,stata_areg_centered_student_vce_unadjusted,511,757999
15848,All,high_inst_m1,.0101790848349021,-.0284026173426946,.0919951303010684,.0540418109355894,stata_areg_centered_student_vce_unadjusted,10,757999
15854,All,high_inst_m1,-.0193456884852831,-.0579273906628798,.0469030034268744,.0551849951134142,stata_areg_centered_student_vce_unadjusted,39,757999
16410,All,high_inst_m1,-.0331486264838004,-.0717303286613971,.0314301215899811,.176225025085822,stata_areg_centered_student_vce_unadjusted,169,757999
16415,All,high_inst_m1,-.0592146499690025,-.0977963521465992,.0244702145211619,.273206567477168,stata_areg_centered_student_vce_unadjusted,431,757999
16417,All,high_inst_m1,-.0647223458549794,-.103304048032576,.0136906978072993,.106216663033451,stata_areg_centered_student_vce_unadjusted,768,757999
16424,All,high_inst_m1,-.0665625995373172,-.105144301714914,.0254514348200658,.143539238925684,stata_areg_centered_student_vce_unadjusted,243,757999
16427,All,high_inst_m1,-.102838871277075,-.141420573454672,.0373653261666588,.114736860108593,stata_areg_centered_student_vce_unadjusted,153,757999
16431,All,high_inst_m1,.360669745079587,.32208804290199,.0833207599969497,.377134270868383,stata_areg_centered_student_vce_unadjusted,97,757999
16432,All,high_inst_m1,-.00151565254335252,-.0400973547209492,.0367164697446479,.127174278947117,stata_areg_centered_student_vce_unadjusted,69,757999
16434,All,high_inst_m1,-.0303426116680488,-.0689243138456455,.0190599739662416,.0565804096557676,stata_areg_centered_student_vce_unadjusted,321,757999
16441,All,high_inst_m1,-.0784488068368746,-.117030509014471,.0190005419279509,.126520285901659,stata_areg_centered_student_vce_unadjusted,515,757999
16443,All,high_inst_m1,-.0274696385620412,-.0660513407396379,.0148517231844772,.0613480309489722,stata_areg_centered_student_vce_unadjusted,560,757999
16444,All,high_inst_m1,-.0230931658442085,-.0616748680218051,.289900979507169,.,stata_areg_centered_student_vce_unadjusted,1,757999
16446,All,high_inst_m1,-.0484671991915811,-.0870489013691778,.0206150978560753,.0668080701606413,stata_areg_centered_student_vce_unadjusted,365,757999
16448,All,high_inst_m1,-.0717701274842756,-.110351829661872,.0195557712221612,.231203484571255,stata_areg_centered_student_vce_unadjusted,466,757999
16452,All,high_inst_m1,-.0325856427379488,-.0711673449155455,.018207779185308,.106576121247617,stata_areg_centered_student_vce_unadjusted,369,757999
16453,All,high_inst_m1,.255544442251488,.216962740073891,.0486684053933918,.49843193311441,stata_areg_centered_student_vce_unadjusted,109,757999
16457,All,high_inst_m1,.0182099964008298,-.0203717057767669,.0360829532969795,.0690984759946201,stata_areg_centered_student_vce_unadjusted,69,757999
16459,All,high_inst_m1,-.00227536400467162,-.0408570661822683,.0395136238042887,.165239869020304,stata_areg_centered_student_vce_unadjusted,87,757999
16461,All,high_inst_m1,.0165545971655693,-.0220271050120273,.0723064911847118,.0379940870078796,stata_areg_centered_student_vce_unadjusted,20,757999
16462,All,high_inst_m1,-.0104126037908449,-.0489943059684416,.0460416931444746,.0550234561118572,stata_areg_centered_student_vce_unadjusted,41,757999
16467,All,high_inst_m1,-.0674836587596562,-.106065360937253,.0192136270227192,.0669916229819197,stata_areg_centered_student_vce_unadjusted,293,757999
16469,All,high_inst_m1,-.0301242009475391,-.0687059031251357,.0279911999318961,.150102445132803,stata_areg_centered_student_vce_unadjusted,248,757999
16470,All,high_inst_m1,-.070736805331525,-.109318507509122,.0321249766739651,.240645190834624,stata_areg_centered_student_vce_unadjusted,224,757999
16476,All,high_inst_m1,-.024582502259845,-.0631642044374417,.0537480362233901,.333622075410029,stata_areg_centered_student_vce_unadjusted,77,757999
16477,All,high_inst_m1,-.0651212725345208,-.103702974712117,.0441012427689208,.308481500671613,stata_areg_centered_student_vce_unadjusted,117,757999
16485,All,high_inst_m1,-.038689654322709,-.0772713565003057,.0490892100055175,.176940064031311,stata_areg_centered_student_vce_unadjusted,62,757999
16488,All,high_inst_m1,-.0586845308450999,-.0972662330226966,.0392717308941474,.154068760500038,stata_areg_centered_student_vce_unadjusted,155,757999
16489,All,high_inst_m1,-.120198227973791,-.158779930151388,.0569561042594133,.289960648940388,stata_areg_centered_student_vce_unadjusted,91,757999
16494,All,high_inst_m1,-.069981578399329,-.108563280576926,.0387340905512483,.11535177779366,stata_areg_centered_student_vce_unadjusted,121,757999
16497,All,high_inst_m1,-.0769535319162074,-.115535234093804,.0434618683230711,.292657349977278,stata_areg_centered_student_vce_unadjusted,84,757999
16502,All,high_inst_m1,-.0527547666057904,-.091336468783387,.0249853641956373,.214070107301237,stata_areg_centered_student_vce_unadjusted,225,757999
16507,All,high_inst_m1,-.112494815016127,-.151076517193724,.0371718047508559,.14234663738636,stata_areg_centered_student_vce_unadjusted,120,757999
16508,All,high_inst_m1,-.0429862231476962,-.0815679253252929,.0309389392166925,.313602417603256,stata_areg_centered_student_vce_unadjusted,250,757999
16509,All,high_inst_m1,.0688816159457003,.0302999137681036,.0413751409671778,.330840448688584,stata_areg_centered_student_vce_unadjusted,128,757999
16512,All,high_inst_m1,-.0793473173520232,-.11792901952962,.0377644378235402,.19811369389399,stata_areg_centered_student_vce_unadjusted,140,757999
16520,All,high_inst_m1,-.0247242031438012,-.0633059053213979,.0493762540744584,.120398357915802,stata_areg_centered_student_vce_unadjusted,50,757999
16535,All,high_inst_m1,-.0739509986790031,-.1125327008566,.0308190137824015,.145226778431209,stata_areg_centered_student_vce_unadjusted,219,757999
16541,All,high_inst_m1,-.0564155659423557,-.0949972681199524,.0251747057134279,.142845298742897,stata_areg_centered_student_vce_unadjusted,194,757999
16549,All,high_inst_m1,-.0496431627808395,-.0882248649584362,.0296082673177994,.124178769274391,stata_areg_centered_student_vce_unadjusted,138,757999
16550,All,high_inst_m1,-.111928513298711,-.150510215476308,.0351868278985131,.245870697128265,stata_areg_centered_student_vce_unadjusted,100,757999
16551,All,high_inst_m1,-.0158066561626375,-.0543883583402342,.0318662059965657,.061913203002182,stata_areg_centered_student_vce_unadjusted,109,757999
16556,All,high_inst_m1,-.0170722253450476,-.0556539275226443,.28858673292342,.,stata_areg_centered_student_vce_unadjusted,1,757999
16564,All,high_inst_m1,-.034152858097505,-.0727345602751017,.0305214240961052,.11130314719178,stata_areg_centered_student_vce_unadjusted,136,757999
16570,All,high_inst_m1,-.0417835343727778,-.0803652365503745,.0368330353341078,.113463071920154,stata_areg_centered_student_vce_unadjusted,115,757999
16582,All,high_inst_m1,-.0331224976977457,-.0717041998753424,.015605899467623,.112502022932476,stata_areg_centered_student_vce_unadjusted,536,757999
16583,All,high_inst_m1,-.023317807415343,-.0618995095929397,.0212770641738274,.139671903642634,stata_areg_centered_student_vce_unadjusted,339,757999
16587,All,high_inst_m1,-.0119376686284628,-.0505193708060595,.0204243282941377,.103218056501734,stata_areg_centered_student_vce_unadjusted,405,757999
16588,All,high_inst_m1,-.0504660349632151,-.0890477371408118,.0246073488719383,.160125523768647,stata_areg_centered_student_vce_unadjusted,230,757999
16600,All,high_inst_m1,-.100337503463722,-.138919205641318,.0289211148776675,.199286134781102,stata_areg_centered_student_vce_unadjusted,321,757999
16604,All,high_inst_m1,-.0471729561139958,-.0857546582915925,.0333180659117533,.209164634622829,stata_areg_centered_student_vce_unadjusted,81,757999
16608,All,high_inst_m1,-.0404725975814508,-.0790542997590475,.0260043064733988,.0702679706846584,stata_areg_centered_student_vce_unadjusted,194,757999
16627,All,high_inst_m1,-.0958984890890432,-.13448019126664,.0174289380554293,.220221799372356,stata_areg_centered_student_vce_unadjusted,596,757999
16634,All,high_inst_m1,-.0498188298470437,-.0884005320246404,.0159156886984708,.170905144319722,stata_areg_centered_student_vce_unadjusted,768,757999
16642,All,high_inst_m1,-.0170357803873971,-.0556174825649938,.0458507132611636,.058125222525201,stata_areg_centered_student_vce_unadjusted,41,757999
16644,All,high_inst_m1,-.0559479821577548,-.0945296843353515,.0211900961070731,.0947101361577388,stata_areg_centered_student_vce_unadjusted,460,757999
16652,All,high_inst_m1,-.0092321376659828,-.0478138398435795,.0494839583076432,.157839098043569,stata_areg_centered_student_vce_unadjusted,47,757999
16656,All,high_inst_m1,.0344143300545099,-.00416737212308679,.0775422730002868,.0365947929827849,stata_areg_centered_student_vce_unadjusted,14,757999
16676,All,high_inst_m1,-.0167478898500468,-.0553295920276434,.0300203873962655,.10237662089869,stata_areg_centered_student_vce_unadjusted,150,757999
16678,All,high_inst_m1,-.0504260275443776,-.0890077297219743,.0202327564451079,.0992131528881848,stata_areg_centered_student_vce_unadjusted,248,757999
16685,All,high_inst_m1,-.0248120612504014,-.063393763427998,.0366071267320615,.138317259331428,stata_areg_centered_student_vce_unadjusted,96,757999
16697,All,high_inst_m1,-.0220211700618448,-.0606028722394415,.0163606292084605,.101889036235696,stata_areg_centered_student_vce_unadjusted,434,757999
16716,All,high_inst_m1,-.0480120624912565,-.0865937646688532,.0163278841562672,.293724215598016,stata_areg_centered_student_vce_unadjusted,660,757999
16722,All,high_inst_m1,.0118252889311176,-.0267564132464791,.168121201989363,.0436406831631948,stata_areg_centered_student_vce_unadjusted,3,757999
16727,All,high_inst_m1,.0372117832447919,-.00136991893280482,.0834854466436262,.0410153206689345,stata_areg_centered_student_vce_unadjusted,13,757999
16728,All,high_inst_m1,-.081027816548603,-.1196095187262,.0272522409930815,.173052322812509,stata_areg_centered_student_vce_unadjusted,264,757999
16729,All,high_inst_m1,-.0414603401403859,-.0800420423179826,.0237853328934921,.0911874828889811,stata_areg_centered_student_vce_unadjusted,182,757999
16730,All,high_inst_m1,-.066449164831279,-.105030867008876,.033235816795983,.208774860742096,stata_areg_centered_student_vce_unadjusted,158,757999
16744,All,high_inst_m1,-.0609030253458389,-.0994847275234356,.0694665945951266,.0631070512371555,stata_areg_centered_student_vce_unadjusted,18,757999
16748,All,high_inst_m1,-.0962564154936812,-.134838117671278,.0406202861599292,.109130812080845,stata_areg_centered_student_vce_unadjusted,204,757999
16749,All,high_inst_m1,-.0774601034065483,-.116041805584145,.0282378176311404,.092527991877369,stata_areg_centered_student_vce_unadjusted,169,757999
16751,All,high_inst_m1,-.0561768968444532,-.0947585990220498,.0258798667638954,.17518257106134,stata_areg_centered_student_vce_unadjusted,359,757999
16752,All,high_inst_m1,.016105356171369,-.0224763460062277,.0881758248286558,.0278178803548299,stata_areg_centered_student_vce_unadjusted,11,757999
16754,All,high_inst_m1,-.0192840183870262,-.0578657205646229,.0258940824460192,.102711668781603,stata_areg_centered_student_vce_unadjusted,206,757999
16756,All,high_inst_m1,-.0772260704423606,-.115807772619957,.0310789399000733,.0797526259107416,stata_areg_centered_student_vce_unadjusted,120,757999
16757,All,high_inst_m1,.00766592183396759,-.0309157803436291,.0573554874396184,.229826752287753,stata_areg_centered_student_vce_unadjusted,57,757999
16761,All,high_inst_m1,-.000245067096853344,-.03882676927445,.290444582753491,.,stata_areg_centered_student_vce_unadjusted,1,757999
16776,All,high_inst_m1,.182803399262274,.144221697084677,.0952181020417772,.520242176659797,stata_areg_centered_student_vce_unadjusted,19,757999
16778,All,high_inst_m1,.0491321528529754,.0105504506753787,.166609453668214,.0920573571011354,stata_areg_centered_student_vce_unadjusted,3,757999
16783,All,high_inst_m1,-.00829197192228479,-.0468736740998815,.166546376651854,.0365937404948992,stata_areg_centered_student_vce_unadjusted,4,757999
16793,All,high_inst_m1,-.0323744746998792,-.0709561768774759,.0186340345664172,.174246099267208,stata_areg_centered_student_vce_unadjusted,321,757999
16798,All,high_inst_m1,-.0457447793845439,-.0843264815621406,.0429218109227172,.284859980359446,stata_areg_centered_student_vce_unadjusted,72,757999
16799,All,high_inst_m1,.0241753396221861,-.0144063625554105,.032213597755841,.0625975001389237,stata_areg_centered_student_vce_unadjusted,81,757999
16807,All,high_inst_m1,.0372090503402674,-.00137265183732932,.0258094987542187,.335373250045302,stata_areg_centered_student_vce_unadjusted,156,757999
16815,All,high_inst_m1,.0391429941942805,.000561292016683826,.0484921034402684,.371548017514824,stata_areg_centered_student_vce_unadjusted,40,757999
16820,All,high_inst_m1,.0299625960947297,-.00861910608286703,.0364040979620075,.258520316673906,stata_areg_centered_student_vce_unadjusted,64,757999
16825,All,high_inst_m1,.0525811435228456,.013999441345249,.0351906400346453,.334963172577305,stata_areg_centered_student_vce_unadjusted,73,757999
16830,All,high_inst_m1,.00355736602885155,-.0350243361487451,.0282038655400113,.180269478618955,stata_areg_centered_student_vce_unadjusted,117,757999
16840,All,high_inst_m1,-.00739057734815337,-.0459722795257501,.103897610849866,.0686288676177382,stata_areg_centered_student_vce_unadjusted,8,757999
16843,All,high_inst_m1,-.0476166002170584,-.0861983023946551,.0163902651264234,.0996040583237458,stata_areg_centered_student_vce_unadjusted,583,757999
16844,All,high_inst_m1,-.0374070164674563,-.075988718645053,.0190359766064546,.111079215657711,stata_areg_centered_student_vce_unadjusted,303,757999
16847,All,high_inst_m1,.0158894602180176,-.0226922419595791,.0818288886580067,.0475647880415912,stata_areg_centered_student_vce_unadjusted,13,757999
16849,All,high_inst_m1,.045864569159811,.00728286698221429,.0717640944242502,.0578711776403054,stata_areg_centered_student_vce_unadjusted,17,757999
16851,All,high_inst_m1,.0288145909487295,-.00976711122886723,.055400365323759,.271268794778735,stata_areg_centered_student_vce_unadjusted,64,757999
16856,All,high_inst_m1,-.0744060510274769,-.112987753205074,.0431476502717254,.124829446903216,stata_areg_centered_student_vce_unadjusted,77,757999
16857,All,high_inst_m1,-.000361741503570351,-.038943443681167,.118879157653658,.056291681565421,stata_areg_centered_student_vce_unadjusted,6,757999
16883,All,high_inst_m1,-.00719943694320035,-.045781139120797,.288731617135218,.,stata_areg_centered_student_vce_unadjusted,1,757999
16886,All,high_inst_m1,.00847104341011444,-.0301106587674822,.0212764683819804,.265069837688611,stata_areg_centered_student_vce_unadjusted,209,757999
16887,All,high_inst_m1,.0552028673195211,.0166211651419244,.0624717232355999,.180388754712403,stata_areg_centered_student_vce_unadjusted,22,757999
16892,All,high_inst_m1,.0229097432374866,-.0156719589401101,.0390430606307611,.0551061275309421,stata_areg_centered_student_vce_unadjusted,59,757999
16896,All,high_inst_m1,-.0764256572539865,-.115007359431583,.289519307012493,.,stata_areg_centered_student_vce_unadjusted,1,757999
16915,All,high_inst_m1,.010443588328291,-.0281381138493056,.0562867644403637,.0422611152813304,stata_areg_centered_student_vce_unadjusted,30,757999
16919,All,high_inst_m1,.0165535905575289,-.0220281116200678,.0922095092520407,.229372328197917,stata_areg_centered_student_vce_unadjusted,14,757999
16922,All,high_inst_m1,.0178873091923822,-.0206943929852145,.0629269993538025,.0582353208858366,stata_areg_centered_student_vce_unadjusted,22,757999
16923,All,high_inst_m1,.073851154130035,.0352694519524383,.0340614697714269,.359563656785761,stata_areg_centered_student_vce_unadjusted,123,757999
16932,All,high_inst_m1,-.043584814663485,-.0821665168410817,.0274888403711164,.0626082656127371,stata_areg_centered_student_vce_unadjusted,116,757999
16935,All,high_inst_m1,-.034690049306911,-.0732717514845077,.288961085015655,.,stata_areg_centered_student_vce_unadjusted,1,757999
16942,All,high_inst_m1,-.0197568916245317,-.0583385938021284,.0384329390337181,.0638453011387947,stata_areg_centered_student_vce_unadjusted,75,757999
16945,All,high_inst_m1,-.0364435544720167,-.0750252566496134,.0661774184653821,.201264470561514,stata_areg_centered_student_vce_unadjusted,29,757999
16955,All,high_inst_m1,.109676514802458,.0710948126248611,.0593670011151186,.404139418441964,stata_areg_centered_student_vce_unadjusted,78,757999
16958,All,high_inst_m1,.0187944625775729,-.0197872396000238,.0351511316940311,.292806073456702,stata_areg_centered_student_vce_unadjusted,95,757999
16978,All,high_inst_m1,.121827370260436,.0832456680828393,.0825654571866683,.454689096897993,stata_areg_centered_student_vce_unadjusted,24,757999
16985,All,high_inst_m1,-.0624210159475749,-.101002718125172,.0350278627326912,.251015158928377,stata_areg_centered_student_vce_unadjusted,146,757999
16993,All,high_inst_m1,.0172812522463809,-.0213004499312158,.045035127949687,.0726007513640223,stata_areg_centered_student_vce_unadjusted,42,757999
16997,All,high_inst_m1,.0208510263127027,-.017730675864894,.0363944866390171,.278700673168175,stata_areg_centered_student_vce_unadjusted,86,757999
17600,All,high_inst_m1,-.0640821165456902,-.102663818723287,.0247644511256132,.227524908108981,stata_areg_centered_student_vce_unadjusted,620,757999
17602,All,high_inst_m1,.0628262888114869,.0242445866338902,.0874806572941678,.296558985747783,stata_areg_centered_student_vce_unadjusted,11,757999
17605,All,high_inst_m1,-.068318455247322,-.106900157424919,.0288277339349673,.248714242973602,stata_areg_centered_student_vce_unadjusted,282,757999
17606,All,high_inst_m1,.023649301426806,-.0149324007507907,.0280656406164034,.443795885462729,stata_areg_centered_student_vce_unadjusted,349,757999
17607,All,high_inst_m1,-.013773571840357,-.0523552740179537,.0300638434611012,.349708892029548,stata_areg_centered_student_vce_unadjusted,182,757999
17634,All,high_inst_m1,.196891368495898,.158309666318301,.0497016775967239,.504318136441793,stata_areg_centered_student_vce_unadjusted,86,757999
17635,All,high_inst_m1,-.00643008888275824,-.0450117910603549,.0277139106837777,.272159517954755,stata_areg_centered_student_vce_unadjusted,479,757999
17643,All,high_inst_m1,.0333393492980918,-.00524235287950488,.0451367951106341,.131240411648134,stata_areg_centered_student_vce_unadjusted,46,757999
17652,All,high_inst_m1,-.0856645911912029,-.1242462933688,.0520449675847797,.228145663569856,stata_areg_centered_student_vce_unadjusted,158,757999
17654,All,high_inst_m1,.038235565144283,-.000346137033313647,.0385697976278239,.1374415176486,stata_areg_centered_student_vce_unadjusted,60,757999
17657,All,high_inst_m1,-.0228310020348976,-.0614127042124942,.0331290852179424,.176025109679724,stata_areg_centered_student_vce_unadjusted,317,757999
17658,All,high_inst_m1,.0696271334874095,.0310454313098128,.041058187687345,.400040620994281,stata_areg_centered_student_vce_unadjusted,52,757999
17660,All,high_inst_m1,-.00703872095872935,-.045620423136326,.0566016217595692,.352404904961979,stata_areg_centered_student_vce_unadjusted,99,757999
17662,All,high_inst_m1,-.0267628387935963,-.065344540971193,.0212725862810688,.0860924286738676,stata_areg_centered_student_vce_unadjusted,445,757999
17687,All,high_inst_m1,-.0628026186389021,-.101384320816499,.0414490979794212,.333914523767961,stata_areg_centered_student_vce_unadjusted,286,757999
17698,All,high_inst_m1,.0105204004291563,-.0280613017484404,.0875924340245352,.0910204462947279,stata_areg_centered_student_vce_unadjusted,11,757999
17701,All,high_inst_m1,.0226660420434226,-.0159156601341741,.0339513198004832,.162181666485624,stata_areg_centered_student_vce_unadjusted,76,757999
17703,All,high_inst_m1,-.069931191372485,-.108512893550082,.0301250572923223,.252315428292529,stata_areg_centered_student_vce_unadjusted,284,757999
17708,All,high_inst_m1,-.0589854204597966,-.0975671226373933,.0652378645162051,.25073977866254,stata_areg_centered_student_vce_unadjusted,101,757999
17719,All,high_inst_m1,-.161889679322934,-.200471381500531,.068764747916171,.118324049754329,stata_areg_centered_student_vce_unadjusted,130,757999
17725,All,high_inst_m1,-.086270993084325,-.124852695261922,.0431535795853212,.176390919367208,stata_areg_centered_student_vce_unadjusted,166,757999
17726,All,high_inst_m1,.0306125401879258,-.00796916198967091,.0805601515323541,.0599346937167303,stata_areg_centered_student_vce_unadjusted,13,757999
17728,All,high_inst_m1,-.144090893043639,-.182672595221235,.0643492562907495,.201979900335822,stata_areg_centered_student_vce_unadjusted,115,757999
17734,All,high_inst_m1,-.0694970011199998,-.108078703297596,.0401216739597837,.134677236843915,stata_areg_centered_student_vce_unadjusted,87,757999
17735,All,high_inst_m1,-.0317364851931285,-.0703181873707252,.024669169905887,.17390419624185,stata_areg_centered_student_vce_unadjusted,200,757999
17736,All,high_inst_m1,-.0455365819241357,-.0841182841017324,.0255510364003868,.13684604337825,stata_areg_centered_student_vce_unadjusted,224,757999
17737,All,high_inst_m1,-.0159738160590514,-.0545555182366481,.0498812460847157,.0667674425771244,stata_areg_centered_student_vce_unadjusted,50,757999
17746,All,high_inst_m1,.0041400737655935,-.0344416284120032,.0649515768577077,.050781326624,stata_areg_centered_student_vce_unadjusted,23,757999
17750,All,high_inst_m1,.000974689847087086,-.0376070123305096,.0166172804332695,.299477967885199,stata_areg_centered_student_vce_unadjusted,817,757999
17751,All,high_inst_m1,.0344669518249041,-.00411475035269256,.0745076311410453,.0507569285870563,stata_areg_centered_student_vce_unadjusted,16,757999
17754,All,high_inst_m1,.0443798331193878,.00579813094179109,.0650946043983977,.0596816717238056,stata_areg_centered_student_vce_unadjusted,20,757999
17762,All,high_inst_m1,.0730819378777626,.0345002357001659,.29525115939757,.,stata_areg_centered_student_vce_unadjusted,1,757999
17765,All,high_inst_m1,-.0377198767908467,-.0763015789684434,.032924296746368,.253844710752742,stata_areg_centered_student_vce_unadjusted,295,757999
17772,All,high_inst_m1,-.0148673816941965,-.0534490838717932,.0204799054697325,.114869699315426,stata_areg_centered_student_vce_unadjusted,469,757999
17778,All,high_inst_m1,-.0511700509450064,-.0897517531226031,.0286093983747324,.113203069447887,stata_areg_centered_student_vce_unadjusted,322,757999
17779,All,high_inst_m1,-.0467796103419698,-.0853613125195665,.0340348819501563,.253621800588844,stata_areg_centered_student_vce_unadjusted,140,757999
17782,All,high_inst_m1,-.0295830011838341,-.0681647033614308,.0304255956996779,.108054537298936,stata_areg_centered_student_vce_unadjusted,138,757999
17787,All,high_inst_m1,.0472661320733806,.00868442989578393,.28889934343375,.,stata_areg_centered_student_vce_unadjusted,1,757999
17788,All,high_inst_m1,-.064220797122013,-.10280249929961,.0188058409790767,.19394760717674,stata_areg_centered_student_vce_unadjusted,460,757999
17790,All,high_inst_m1,-.015592764053513,-.0541744662311097,.0264914880782526,.106829113800233,stata_areg_centered_student_vce_unadjusted,345,757999
17793,All,high_inst_m1,-.0491377301556367,-.0877194323332334,.0259681886614388,.243863741162975,stata_areg_centered_student_vce_unadjusted,262,757999
17794,All,high_inst_m1,-.0254263835951335,-.0640080857727302,.0207173242164641,.35991328713188,stata_areg_centered_student_vce_unadjusted,719,757999
17795,All,high_inst_m1,.0320274175629608,-.00655428461463585,.0757352475534914,.0647333688657907,stata_areg_centered_student_vce_unadjusted,15,757999
17796,All,high_inst_m1,-.0122076903283496,-.0507893925059463,.0376317602087672,.0648427950723636,stata_areg_centered_student_vce_unadjusted,61,757999
17800,All,high_inst_m1,-.0469474159309234,-.0855291181085201,.0296502349505715,.188328537424109,stata_areg_centered_student_vce_unadjusted,280,757999
17810,All,high_inst_m1,.0138004521675995,-.0247812500099972,.0326542249411298,.0523600019160793,stata_areg_centered_student_vce_unadjusted,102,757999
17812,All,high_inst_m1,-.0250811295974574,-.063662831775054,.0294857864088793,.402943209664157,stata_areg_centered_student_vce_unadjusted,318,757999
17817,All,high_inst_m1,-.0297762497669334,-.0683579519445301,.0443976100652034,.175027680634285,stata_areg_centered_student_vce_unadjusted,109,757999
17818,All,high_inst_m1,-.0217538381695222,-.0603355403471189,.0162827655540217,.121708722050645,stata_areg_centered_student_vce_unadjusted,449,757999
17829,All,high_inst_m1,.00152275797365213,-.0370589442039446,.0434234395216548,.0465578931935404,stata_areg_centered_student_vce_unadjusted,46,757999
17833,All,high_inst_m1,-.0814479400295971,-.120029642207194,.0160613570877748,.213684165503684,stata_areg_centered_student_vce_unadjusted,585,757999
17838,All,high_inst_m1,-.0207651354613804,-.0593468376389771,.0217616542195947,.118732175238828,stata_areg_centered_student_vce_unadjusted,233,757999
17843,All,high_inst_m1,-.0402406393147676,-.0788223414923643,.0185493623880201,.233717641721323,stata_areg_centered_student_vce_unadjusted,557,757999
17846,All,high_inst_m1,.0334124637252731,-.00516923845232355,.0888903162999166,.0334947916795018,stata_areg_centered_student_vce_unadjusted,11,757999
17847,All,high_inst_m1,-.00708647799197673,-.0456681801695734,.0644936035092428,.0450160461424466,stata_areg_centered_student_vce_unadjusted,23,757999
17848,All,high_inst_m1,-.0188986037101422,-.0574803058877389,.0370999968420419,.114927596198523,stata_areg_centered_student_vce_unadjusted,115,757999
17850,All,high_inst_m1,-.023629402053024,-.0622111042306207,.0244876583863384,.220315629802648,stata_areg_centered_student_vce_unadjusted,515,757999
17854,All,high_inst_m1,-.0197836656001902,-.0583653677777869,.038594061172271,.178925353278615,stata_areg_centered_student_vce_unadjusted,105,757999
17855,All,high_inst_m1,-.0813264392328969,-.119908141410494,.0232584940338589,.274101218307056,stata_areg_centered_student_vce_unadjusted,251,757999
17857,All,high_inst_m1,-.0622970879464454,-.100878790124042,.02079480648975,.219486916878096,stata_areg_centered_student_vce_unadjusted,323,757999
17858,All,high_inst_m1,-.0405363160878038,-.0791180182654005,.0393371938095307,.296312512746152,stata_areg_centered_student_vce_unadjusted,236,757999
17859,All,high_inst_m1,.0799846127318102,.0414029105542135,.0297633067441393,.466314227369611,stata_areg_centered_student_vce_unadjusted,393,757999
17860,All,high_inst_m1,-.000336958899250855,-.0389186610768475,.0353309590621675,.201808841036963,stata_areg_centered_student_vce_unadjusted,97,757999
17876,All,high_inst_m1,-.0537706964911594,-.0923523986687561,.0341246882405856,.177169490654324,stata_areg_centered_student_vce_unadjusted,238,757999
17877,All,high_inst_m1,-.0354069892193574,-.0739886913969541,.0352357830286917,.281796869929075,stata_areg_centered_student_vce_unadjusted,326,757999
17879,All,high_inst_m1,-.00356469750354223,-.0421463996811389,.0222228751769181,.127293583867102,stata_areg_centered_student_vce_unadjusted,180,757999
17880,All,high_inst_m1,.0627128179282593,.0241311157506626,.0855265625641191,.0453566458282121,stata_areg_centered_student_vce_unadjusted,12,757999
17881,All,high_inst_m1,.028559342626357,-.0100223595512397,.0495355893067255,.051080877339691,stata_areg_centered_student_vce_unadjusted,44,757999
17885,All,high_inst_m1,-.0441215832168769,-.0827032853944736,.0177436438305005,.169386825780483,stata_areg_centered_student_vce_unadjusted,745,757999
17892,All,high_inst_m1,-.0137454866316123,-.052327188809209,.065178481187336,.0714862138839976,stata_areg_centered_student_vce_unadjusted,25,757999
17893,All,high_inst_m1,.164740140042832,.126158437865236,.0458027370139677,.471904876469222,stata_areg_centered_student_vce_unadjusted,82,757999
17895,All,high_inst_m1,-.0388599626909089,-.0774416648685055,.0292228571206884,.114518160955675,stata_areg_centered_student_vce_unadjusted,285,757999
17900,All,high_inst_m1,-.142642509959617,-.181224212137213,.0407154584180256,.315694874936605,stata_areg_centered_student_vce_unadjusted,137,757999
17902,All,high_inst_m1,-.107408236074435,-.145989938252031,.0398842531609419,.18622560731912,stata_areg_centered_student_vce_unadjusted,163,757999
17903,All,high_inst_m1,-.107407737768577,-.145989439946174,.0496982685534784,.169790969393969,stata_areg_centered_student_vce_unadjusted,136,757999
17907,All,high_inst_m1,-.0609784807275648,-.0995601829051615,.0210718808355385,.164282993751592,stata_areg_centered_student_vce_unadjusted,273,757999
17908,All,high_inst_m1,-.0698063987353712,-.108388100912968,.0277916149207563,.158696744124427,stata_areg_centered_student_vce_unadjusted,323,757999
17912,All,high_inst_m1,-.0419954898823038,-.0805771920599005,.0335455812163541,.305311963181989,stata_areg_centered_student_vce_unadjusted,288,757999
17915,All,high_inst_m1,-.00745536023504009,-.0460370624126368,.0268224429974532,.168439397736422,stata_areg_centered_student_vce_unadjusted,179,757999
17918,All,high_inst_m1,-.0823924762702862,-.120974178447883,.0271114071055001,.182976630966152,stata_areg_centered_student_vce_unadjusted,308,757999
17920,All,high_inst_m1,-.0581665828423163,-.096748285019913,.0255706937762764,.112855599386217,stata_areg_centered_student_vce_unadjusted,297,757999
17922,All,high_inst_m1,.306392040000754,.267810337823157,.204269238587433,.613464293979135,stata_areg_centered_student_vce_unadjusted,2,757999
18004,All,high_inst_m1,-.0188940381688119,-.0574757403464086,.0215118593761367,.132253622832976,stata_areg_centered_student_vce_unadjusted,449,757999
18007,All,high_inst_m1,.000223630313096307,-.0383580718645004,.0283557770211723,.373847703674777,stata_areg_centered_student_vce_unadjusted,239,757999
18009,All,high_inst_m1,.00852292630972216,-.0300587758678745,.0429172253045248,.138823326040223,stata_areg_centered_student_vce_unadjusted,67,757999
18012,All,high_inst_m1,.184301621795585,.145719919617988,.288203191345712,.,stata_areg_centered_student_vce_unadjusted,1,757999
18017,All,high_inst_m1,-.00967317151642511,-.0482548736940218,.0340802412791687,.0683291177116303,stata_areg_centered_student_vce_unadjusted,131,757999
18021,All,high_inst_m1,-.0498079640232712,-.0883896662008678,.0888723155048368,.051240587870376,stata_areg_centered_student_vce_unadjusted,14,757999
18028,All,high_inst_m1,-.041629467391517,-.0802111695691137,.0239804267468843,.106930739864029,stata_areg_centered_student_vce_unadjusted,248,757999
18034,All,high_inst_m1,-.0527297655511757,-.0913114677287724,.0284965694767483,.156900593014294,stata_areg_centered_student_vce_unadjusted,263,757999
18035,All,high_inst_m1,-.0867139170693969,-.125295619246994,.0483263617874424,.207576782604025,stata_areg_centered_student_vce_unadjusted,90,757999
18037,All,high_inst_m1,-.0190152286582536,-.0575969308358503,.0439169975856934,.0533591424277326,stata_areg_centered_student_vce_unadjusted,89,757999
18045,All,high_inst_m1,.078050959234142,.0394692570565453,.289504181983425,.,stata_areg_centered_student_vce_unadjusted,1,757999
18049,All,high_inst_m1,-.091747640339605,-.130329342517202,.0256729204993034,.236193773631916,stata_areg_centered_student_vce_unadjusted,279,757999
18050,All,high_inst_m1,-.0231302730972505,-.0617119752748472,.0367373913713779,.211181760864128,stata_areg_centered_student_vce_unadjusted,121,757999
18054,All,high_inst_m1,.0285607446841048,-.0100209574934919,.0383613926678271,.141554964872973,stata_areg_centered_student_vce_unadjusted,63,757999
18055,All,high_inst_m1,-.126094352722015,-.164676054899611,.0540040685882061,.305818233854668,stata_areg_centered_student_vce_unadjusted,52,757999
18065,All,high_inst_m1,.0651115309239457,.026529828746349,.289613822554431,.,stata_areg_centered_student_vce_unadjusted,1,757999
18066,All,high_inst_m1,-.0018214133562013,-.040403115533798,.0187219411230711,.23500315495693,stata_areg_centered_student_vce_unadjusted,440,757999
18075,All,high_inst_m1,.0266772445309197,-.011904457646677,.050991405847207,.217397504125253,stata_areg_centered_student_vce_unadjusted,58,757999
18080,All,high_inst_m1,-.0170857078609562,-.0556674100385529,.0300562238831226,.114409417247769,stata_areg_centered_student_vce_unadjusted,279,757999
18082,All,high_inst_m1,.0153034116579096,-.023278290519687,.0533609975100165,.0646198346513426,stata_areg_centered_student_vce_unadjusted,30,757999
18087,All,high_inst_m1,-.0222650425730794,-.0608467447506761,.0430906951073161,.186159401196094,stata_areg_centered_student_vce_unadjusted,148,757999
18090,All,high_inst_m1,-.0228623182610775,-.0614440204386742,.0385784442248738,.0634698564757116,stata_areg_centered_student_vce_unadjusted,87,757999
18097,All,high_inst_m1,.0428699106161073,.00428820843851063,.0301070901751731,.405495131586387,stata_areg_centered_student_vce_unadjusted,447,757999
18099,All,high_inst_m1,-.0316331417289306,-.0702148439065273,.0413420300259619,.0821492803501021,stata_areg_centered_student_vce_unadjusted,64,757999
18112,All,high_inst_m1,-.0204750601687657,-.0590567623463624,.0559342188023807,.115909237385431,stata_areg_centered_student_vce_unadjusted,84,757999
18114,All,high_inst_m1,.0135401948050259,-.0250415073725708,.0430948185431231,.259377915719921,stata_areg_centered_student_vce_unadjusted,106,757999
18124,All,high_inst_m1,-.0379284790758014,-.0765101812533981,.0412114132740083,.221665673303194,stata_areg_centered_student_vce_unadjusted,125,757999
18126,All,high_inst_m1,.0362991196649377,-.00228258251265898,.0678362553358089,.0499168036897672,stata_areg_centered_student_vce_unadjusted,19,757999
18128,All,high_inst_m1,-.0763922342985469,-.114973936476144,.0340719892395042,.322980449915412,stata_areg_centered_student_vce_unadjusted,128,757999
18149,All,high_inst_m1,-.0332767108050901,-.0718584129826868,.288037514498295,.,stata_areg_centered_student_vce_unadjusted,1,757999
18163,All,high_inst_m1,-.110984423521124,-.14956612569872,.119877627534795,.0533453666304857,stata_areg_centered_student_vce_unadjusted,6,757999
18166,All,high_inst_m1,.0578932196766457,.019311517499049,.144478493643002,.00784246916008509,stata_areg_centered_student_vce_unadjusted,4,757999
18172,All,high_inst_m1,-.0486555487712773,-.087237250948874,.0274507167741196,.238492823306981,stata_areg_centered_student_vce_unadjusted,274,757999
18181,All,high_inst_m1,-.0160401270139079,-.0546218291915046,.0319868130667907,.275417090004472,stata_areg_centered_student_vce_unadjusted,276,757999
18199,All,high_inst_m1,-.0765053812510336,-.11508708342863,.0273744803150386,.102766338241679,stata_areg_centered_student_vce_unadjusted,222,757999
18216,All,high_inst_m1,-.0358762888934572,-.0744579910710539,.0407366596367238,.162560947755502,stata_areg_centered_student_vce_unadjusted,80,757999
18218,All,high_inst_m1,-.0116784720501686,-.0502601742277653,.0319257386016174,.0702225530741472,stata_areg_centered_student_vce_unadjusted,111,757999
18220,All,high_inst_m1,.00339627612937973,-.035185426048217,.052544771672069,.250038569881215,stata_areg_centered_student_vce_unadjusted,159,757999
18223,All,high_inst_m1,.0905370500201038,.0519553478425071,.28905483510707,.,stata_areg_centered_student_vce_unadjusted,1,757999
18237,All,high_inst_m1,.0123074818317289,-.0262742203458678,.0316663337065043,.320647045726284,stata_areg_centered_student_vce_unadjusted,294,757999
18241,All,high_inst_m1,.014704410513794,-.0238772916638027,.0428431631400343,.0453901513160514,stata_areg_centered_student_vce_unadjusted,48,757999
18244,All,high_inst_m1,.0462089916451907,.00762728946759404,.109496013963769,.0378177012409882,stata_areg_centered_student_vce_unadjusted,7,757999
18248,All,high_inst_m1,.0303691969726103,-.00821250520498637,.0618843717845986,.0493332241438267,stata_areg_centered_student_vce_unadjusted,22,757999
18249,All,high_inst_m1,-.013384389518504,-.0519660916961007,.0457714847567952,.19815747938779,stata_areg_centered_student_vce_unadjusted,67,757999
18251,All,high_inst_m1,-.0531409444652843,-.091722646642881,.0348033730249203,.250452294491912,stata_areg_centered_student_vce_unadjusted,110,757999
19906,All,high_inst_m1,-.0323282374684454,-.0709099396460421,.0168824487468876,.057092322031148,stata_areg_centered_student_vce_unadjusted,596,757999
19908,All,high_inst_m1,.0772587993280104,.0386770971504138,.0492411046153126,.493039073479716,stata_areg_centered_student_vce_unadjusted,219,757999
19913,All,high_inst_m1,-.00930128005653491,-.0478829822341316,.0268030663590848,.0886684989977902,stata_areg_centered_student_vce_unadjusted,223,757999
19921,All,high_inst_m1,-.026030797247573,-.0646124994251696,.030805687155672,.303724930460303,stata_areg_centered_student_vce_unadjusted,126,757999
19922,All,high_inst_m1,.0148854729656459,-.0236962292119507,.10330972756743,.0354538654753883,stata_areg_centered_student_vce_unadjusted,8,757999
19923,All,high_inst_m1,.00714701745962257,-.0314346847179741,.109763186678704,.0426577496328438,stata_areg_centered_student_vce_unadjusted,7,757999
19925,All,high_inst_m1,-.00954866419231665,-.0481303663699133,.0272651852217123,.0962096179674236,stata_areg_centered_student_vce_unadjusted,160,757999
19949,All,high_inst_m1,.0478092655252353,.00922756334763864,.292725022495492,.,stata_areg_centered_student_vce_unadjusted,1,757999
19952,All,high_inst_m1,-.0885175570878166,-.127099259265413,.0334345944413999,.169583343177946,stata_areg_centered_student_vce_unadjusted,275,757999
19953,All,high_inst_m1,.000276321388981719,-.038305380788615,.0603324585996748,.0466822764240226,stata_areg_centered_student_vce_unadjusted,27,757999
19954,All,high_inst_m1,-.0619114242168451,-.100493126394442,.0463944109706556,.0729357017569244,stata_areg_centered_student_vce_unadjusted,64,757999
19959,All,high_inst_m1,-.0672412327051452,-.105822934882742,.0383622682780694,.134740618336976,stata_areg_centered_student_vce_unadjusted,60,757999
19962,All,high_inst_m1,.306696380397514,.268114678219918,.0487535300243676,.471817865309106,stata_areg_centered_student_vce_unadjusted,58,757999
19968,All,high_inst_m1,-.0705057195805567,-.109087421758153,.0341340833740673,.13699689673161,stata_areg_centered_student_vce_unadjusted,150,757999
19972,All,high_inst_m1,-.0550510696558837,-.0936327718334803,.0450788127841068,.217016558992122,stata_areg_centered_student_vce_unadjusted,60,757999
19974,All,high_inst_m1,-.0231374470089087,-.0617191491865053,.0216565568079531,.0510633754127327,stata_areg_centered_student_vce_unadjusted,209,757999
19981,All,high_inst_m1,-.111704393729686,-.150286095907282,.0628940838115534,.206954002027098,stata_areg_centered_student_vce_unadjusted,117,757999
19983,All,high_inst_m1,-.060539930754305,-.0991216329319017,.0270530049705065,.0963656024780735,stata_areg_centered_student_vce_unadjusted,280,757999
19993,All,high_inst_m1,.00684833830212889,-.0317333638754678,.0642384288527875,.0623613422680234,stata_areg_centered_student_vce_unadjusted,21,757999
20001,All,high_inst_m1,-.00869008517636206,-.0472717873539587,.0403349922044149,.0560491026906642,stata_areg_centered_student_vce_unadjusted,54,757999
20008,All,high_inst_m1,-.0690360959883157,-.107617798165912,.0387531941234352,.0684306975954112,stata_areg_centered_student_vce_unadjusted,92,757999
20012,All,high_inst_m1,.00454985318742554,-.0340318489901711,.0523954633811115,.0604163763763588,stata_areg_centered_student_vce_unadjusted,31,757999
20016,All,high_inst_m1,-.0641359545654853,-.102717656743082,.0343851599160208,.0589057608662428,stata_areg_centered_student_vce_unadjusted,87,757999
20025,All,high_inst_m1,-.0603210004185273,-.098902702596124,.0322957902014749,.219095179020671,stata_areg_centered_student_vce_unadjusted,260,757999
20026,All,high_inst_m1,.0580612374171525,.0194795352395558,.289496410244586,.,stata_areg_centered_student_vce_unadjusted,1,757999
20037,All,high_inst_m1,-.0466921394165506,-.0852738415941473,.024532794563044,.0954102725009183,stata_areg_centered_student_vce_unadjusted,149,757999
20041,All,high_inst_m1,.0213409960509071,-.0172407061266896,.036222080743245,.237681878128641,stata_areg_centered_student_vce_unadjusted,84,757999
20043,All,high_inst_m1,.0392721897052335,.000690487527636827,.0695380468425244,.0614978379254727,stata_areg_centered_student_vce_unadjusted,19,757999
20044,All,high_inst_m1,-.00634355895831912,-.0449252611359158,.0324336872329708,.124097121434589,stata_areg_centered_student_vce_unadjusted,83,757999
20048,All,high_inst_m1,-.108551388814417,-.147133090992014,.0304905571478,.109397779490387,stata_areg_centered_student_vce_unadjusted,248,757999
20052,All,high_inst_m1,-.0285919438993879,-.0671736460769845,.0298094442675282,.0663524902463216,stata_areg_centered_student_vce_unadjusted,148,757999
20053,All,high_inst_m1,.0118462073664222,-.0267354948111745,.0445436057460804,.0503015541286385,stata_areg_centered_student_vce_unadjusted,47,757999
20063,All,high_inst_m1,-.0157882316097854,-.0543699337873821,.0375802453164665,.0551001489573189,stata_areg_centered_student_vce_unadjusted,62,757999
20066,All,high_inst_m1,-.12844305761736,-.167024759794957,.204443674939314,.0624165571023597,stata_areg_centered_student_vce_unadjusted,2,757999
20068,All,high_inst_m1,-.108804800211086,-.147386502388683,.0434138224090844,.220053451437884,stata_areg_centered_student_vce_unadjusted,101,757999
20073,All,high_inst_m1,.0332317597521945,-.00534994242540218,.0821774012708269,.0435586410534475,stata_areg_centered_student_vce_unadjusted,13,757999
20074,All,high_inst_m1,-.0779579717647585,-.116539673942355,.0376000989145958,.0653981828059133,stata_areg_centered_student_vce_unadjusted,126,757999
20078,All,high_inst_m1,-.00177158781111824,-.0403532899887149,.080325944747954,.0806118186024521,stata_areg_centered_student_vce_unadjusted,13,757999
20085,All,high_inst_m1,-.0738136089463536,-.11239531112395,.0377612855877286,.0683479540259014,stata_areg_centered_student_vce_unadjusted,67,757999
20089,All,high_inst_m1,.0120029477261292,-.0265787544514675,.0643749092636773,.0629436705776355,stata_areg_centered_student_vce_unadjusted,22,757999
20090,All,high_inst_m1,-.10623307885504,-.144814781032637,.0385975259001624,.169557846214448,stata_areg_centered_student_vce_unadjusted,128,757999
20091,All,high_inst_m1,.0146112591927567,-.02397044298484,.0267746040722971,.367067936768087,stata_areg_centered_student_vce_unadjusted,234,757999
20095,All,high_inst_m1,-.0439275767358241,-.0825092789134208,.053966228067243,.220345120384703,stata_areg_centered_student_vce_unadjusted,37,757999
20096,All,high_inst_m1,-.0175945838304835,-.0561762860080802,.28834559968092,.,stata_areg_centered_student_vce_unadjusted,1,757999
20102,All,high_inst_m1,-.0603567447654416,-.0989384469430383,.103335712384411,.101410426365571,stata_areg_centered_student_vce_unadjusted,8,757999
20103,All,high_inst_m1,-.00728822956397242,-.0458699317415691,.0304547950057599,.0688900366052974,stata_areg_centered_student_vce_unadjusted,164,757999
20114,All,high_inst_m1,.0356087304544326,-.00297297172316406,.0781489290049605,.0690403825179443,stata_areg_centered_student_vce_unadjusted,14,757999
20127,All,high_inst_m1,-.0168673179730866,-.0554490201506833,.0416254783843062,.0550750573023245,stata_areg_centered_student_vce_unadjusted,52,757999
20129,All,high_inst_m1,-.0655463337635953,-.104128035941192,.0267460077968859,.0642716875579163,stata_areg_centered_student_vce_unadjusted,170,757999
20131,All,high_inst_m1,.0151537951635869,-.0234279070140098,.0971802927735329,.0251821836175034,stata_areg_centered_student_vce_unadjusted,9,757999
20136,All,high_inst_m1,-.00831991962422985,-.0469016218018265,.0424643322348111,.0620697547831866,stata_areg_centered_student_vce_unadjusted,51,757999
20137,All,high_inst_m1,-.0797404142337319,-.118322116411329,.0308881832056615,.138901684563917,stata_areg_centered_student_vce_unadjusted,288,757999
20139,All,high_inst_m1,-.0152866413056449,-.0538683434832416,.0248062203448148,.141353796430177,stata_areg_centered_student_vce_unadjusted,184,757999
20151,All,high_inst_m1,.0148764600927621,-.0237052420848346,.0543559169914872,.0480181676868634,stata_areg_centered_student_vce_unadjusted,29,757999
20153,All,high_inst_m1,-.0830269378308644,-.121608640008461,.0442556209135049,.294253937029282,stata_areg_centered_student_vce_unadjusted,92,757999
20158,All,high_inst_m1,-.0381601114283664,-.0767418136059631,.0376623112593715,.260042481889724,stata_areg_centered_student_vce_unadjusted,67,757999
20159,All,high_inst_m1,-.0840902380080674,-.122671940185664,.0140612186379957,.094417218383011,stata_areg_centered_student_vce_unadjusted,718,757999
20161,All,high_inst_m1,-.00929963631079774,-.0478813384883944,.288691992577478,.,stata_areg_centered_student_vce_unadjusted,1,757999
20162,All,high_inst_m1,.0491080082634068,.0105263060858101,.104498705071588,.063294179075268,stata_areg_centered_student_vce_unadjusted,8,757999
20164,All,high_inst_m1,-.0170928878066329,-.0556745899842296,.0416376034785275,.0638354277182306,stata_areg_centered_student_vce_unadjusted,79,757999
20167,All,high_inst_m1,-.0827411217761626,-.121322823953759,.0231600429570595,.17342753185609,stata_areg_centered_student_vce_unadjusted,267,757999
20173,All,high_inst_m1,-.0921908662797698,-.130772568457366,.0222801482642385,.0839732586958579,stata_areg_centered_student_vce_unadjusted,266,757999
20175,All,high_inst_m1,-.0247025181751911,-.0632842203527878,.0437331039465942,.050279135614732,stata_areg_centered_student_vce_unadjusted,63,757999
20176,All,high_inst_m1,-.0226102612136051,-.0611919633912018,.0356237126182422,.0630557969973893,stata_areg_centered_student_vce_unadjusted,68,757999
20181,All,high_inst_m1,-.103416338315444,-.141998040493041,.0323596191165275,.165118034553037,stata_areg_centered_student_vce_unadjusted,168,757999
20184,All,high_inst_m1,-.0299006547659001,-.0684823569434968,.0385457941818984,.0638249092529729,stata_areg_centered_student_vce_unadjusted,59,757999
20193,All,high_inst_m1,-.0315198022265139,-.0701015044041106,.070364638954371,.0644212117993858,stata_areg_centered_student_vce_unadjusted,18,757999
20194,All,high_inst_m1,-.023465664507509,-.0620473666851057,.0455671241224747,.248476494084384,stata_areg_centered_student_vce_unadjusted,87,757999
20196,All,high_inst_m1,.0183373626604134,-.0202443395171833,.0617847100146058,.0357153321968773,stata_areg_centered_student_vce_unadjusted,23,757999
20205,All,high_inst_m1,-.067507828042551,-.106089530220148,.0351106920758283,.0880644743494855,stata_areg_centered_student_vce_unadjusted,114,757999
20208,All,high_inst_m1,.00452275519947738,-.0340589469781193,.146250654410499,.0592692516522308,stata_areg_centered_student_vce_unadjusted,4,757999
20209,All,high_inst_m1,-.024389609463509,-.0629713116411057,.0408776102637302,.37209873379755,stata_areg_centered_student_vce_unadjusted,83,757999
20213,All,high_inst_m1,-.0345735220418868,-.0731552242194835,.0343847216956261,.229533945972542,stata_areg_centered_student_vce_unadjusted,101,757999
20214,All,high_inst_m1,-.0143488929897834,-.0529305951673801,.0480267313175533,.0628628929332874,stata_areg_centered_student_vce_unadjusted,37,757999
20215,All,high_inst_m1,-.00160381785777931,-.040185520035376,.144910247964305,.0739305095722646,stata_areg_centered_student_vce_unadjusted,4,757999
20219,All,high_inst_m1,-.0472430408980878,-.0858247430756844,.0466371790661375,.0742703593917878,stata_areg_centered_student_vce_unadjusted,76,757999
20226,All,high_inst_m1,-.0165051013738252,-.0550868035514219,.0650260689888898,.063442215630689,stata_areg_centered_student_vce_unadjusted,20,757999
20230,All,high_inst_m1,-.043723899672601,-.0823056018501977,.0383226504331719,.0789245886085894,stata_areg_centered_student_vce_unadjusted,59,757999
20231,All,high_inst_m1,.0481943389166095,.00961263673901279,.091753020775232,.279594496736143,stata_areg_centered_student_vce_unadjusted,10,757999
20232,All,high_inst_m1,.0454133774230515,.00683167524545484,.0966892561435123,.0252680167022814,stata_areg_centered_student_vce_unadjusted,9,757999
20235,All,high_inst_m1,-.0851480495085673,-.123729751686164,.0290228793420272,.313399697661249,stata_areg_centered_student_vce_unadjusted,231,757999
20244,All,high_inst_m1,.0141919881970698,-.0243897139805269,.091689369266653,.0542032225133371,stata_areg_centered_student_vce_unadjusted,10,757999
20245,All,high_inst_m1,.0161764559816757,-.022405246195921,.11087457301027,.0396236283428552,stata_areg_centered_student_vce_unadjusted,7,757999
20248,All,high_inst_m1,-.0277728600395895,-.0663545622171862,.040838490434553,.115909449911345,stata_areg_centered_student_vce_unadjusted,105,757999
20258,All,high_inst_m1,-.0950581523654271,-.133639854543024,.0274547729453678,.0982454020018405,stata_areg_centered_student_vce_unadjusted,325,757999
20260,All,high_inst_m1,.0354273354213048,-.00315436675629188,.204303264218103,.108484523092118,stata_areg_centered_student_vce_unadjusted,2,757999
20261,All,high_inst_m1,.0171518841043011,-.0214298180732956,.0494194085378768,.0503452897103717,stata_areg_centered_student_vce_unadjusted,35,757999
20266,All,high_inst_m1,-.0982762863834453,-.136857988561042,.042682067066073,.270687359415413,stata_areg_centered_student_vce_unadjusted,260,757999
20270,All,high_inst_m1,.00471741079798829,-.0338642913796084,.0572237884865479,.04795899205711,stata_areg_centered_student_vce_unadjusted,26,757999
20274,All,high_inst_m1,-.0557156122082867,-.0942973143858834,.0347192004525254,.121288298248762,stata_areg_centered_student_vce_unadjusted,142,757999
20277,All,high_inst_m1,-.103260376209978,-.141842078387575,.288778396589143,.,stata_areg_centered_student_vce_unadjusted,1,757999
20278,All,high_inst_m1,.159442930542891,.120861228365294,.0880524876555594,.347745325354922,stata_areg_centered_student_vce_unadjusted,11,757999
20290,All,high_inst_m1,-.0683843427369401,-.106966044914537,.0272224289408439,.106915820924422,stata_areg_centered_student_vce_unadjusted,211,757999
20298,All,high_inst_m1,-.0743407331417731,-.11292243531937,.0558158989268386,.299238363804874,stata_areg_centered_student_vce_unadjusted,51,757999
20299,All,high_inst_m1,-.0195597488109458,-.0581414509885425,.039119547137997,.401632477007358,stata_areg_centered_student_vce_unadjusted,64,757999
20308,All,high_inst_m1,.117072440931017,.07849073875342,.054219782309467,.435790592075385,stata_areg_centered_student_vce_unadjusted,54,757999
20310,All,high_inst_m1,.0493938654609969,.0108121632834002,.0630447268207872,.175789114858822,stata_areg_centered_student_vce_unadjusted,21,757999
20311,All,high_inst_m1,.574211105001563,.535629402823967,.116579771655473,.220765734857295,stata_areg_centered_student_vce_unadjusted,52,757999
20316,All,high_inst_m1,.0384281480527455,-.000153554124851227,.0377292465956405,.180725202963888,stata_areg_centered_student_vce_unadjusted,61,757999
20324,All,high_inst_m1,.0388761898476551,.000294487670058408,.0334033180344369,.315730013940445,stata_areg_centered_student_vce_unadjusted,126,757999
20326,All,high_inst_m1,.0612030849112219,.0226213827336252,.0729802566843478,.333101570193311,stata_areg_centered_student_vce_unadjusted,16,757999
20347,All,high_inst_m1,.0156083587024014,-.0229733434751952,.0404197848754512,.133526571592338,stata_areg_centered_student_vce_unadjusted,55,757999
20348,All,high_inst_m1,.0748911159429201,.0363094137653234,.0311682911460582,.388311543473517,stata_areg_centered_student_vce_unadjusted,170,757999
20352,All,high_inst_m1,-.0761482883501324,-.114729990527729,.0245700352347898,.136129604348059,stata_areg_centered_student_vce_unadjusted,381,757999
20356,All,high_inst_m1,.0531241904664312,.0145424882888345,.0372875679819655,.274542546450609,stata_areg_centered_student_vce_unadjusted,62,757999
20359,All,high_inst_m1,.0021336275807146,-.0364480745968821,.0835378955450176,.0495712372133858,stata_areg_centered_student_vce_unadjusted,12,757999
20361,All,high_inst_m1,-.016683080565786,-.0552647827433826,.070065461577632,.0648294186726394,stata_areg_centered_student_vce_unadjusted,19,757999
20364,All,high_inst_m1,-.0401733393442266,-.0787550415218233,.0206757595342104,.251934360990517,stata_areg_centered_student_vce_unadjusted,328,757999
20376,All,high_inst_m1,-.00980674143716743,-.0483884436147641,.0309988419803257,.0664870157523613,stata_areg_centered_student_vce_unadjusted,123,757999
20388,All,high_inst_m1,-.0533248118360174,-.0919065140136141,.184200687711003,.0188538934290855,stata_areg_centered_student_vce_unadjusted,3,757999
20393,All,high_inst_m1,.0361120680427161,-.00246963413488061,.0469364437575992,.0462480946977353,stata_areg_centered_student_vce_unadjusted,42,757999
20395,All,high_inst_m1,.01229951307586,-.0262821891017367,.0371223375943957,.058263499275358,stata_areg_centered_student_vce_unadjusted,64,757999
20399,All,high_inst_m1,-.0295146174968168,-.0680963196744135,.0741833399424367,.0688744746852128,stata_areg_centered_student_vce_unadjusted,16,757999
20400,All,high_inst_m1,.269009031905434,.230427329727837,.0553761490424896,.486231670353237,stata_areg_centered_student_vce_unadjusted,65,757999
20402,All,high_inst_m1,-.00829658830452508,-.0468782904821218,.083788849186489,.0634030514437224,stata_areg_centered_student_vce_unadjusted,12,757999
20404,All,high_inst_m1,-.0115776439312193,-.050159346108816,.0489984205264329,.218337111480555,stata_areg_centered_student_vce_unadjusted,35,757999
20406,All,high_inst_m1,.0348589492385606,-.0037227529390361,.0515589349193255,.168617351696567,stata_areg_centered_student_vce_unadjusted,32,757999
20409,All,high_inst_m1,-.0227665876963254,-.0613482898739221,.0710528604123789,.0853050412846707,stata_areg_centered_student_vce_unadjusted,18,757999
20410,All,high_inst_m1,.00296375521559584,-.0356179469620008,.074676238260864,.0524402864962207,stata_areg_centered_student_vce_unadjusted,17,757999
20411,All,high_inst_m1,.0310894758565099,-.00749222632108682,.131018420767795,.0225612944884995,stata_areg_centered_student_vce_unadjusted,5,757999
20424,All,high_inst_m1,-.0672283530093258,-.105810055186923,.0337814726653052,.116598288322828,stata_areg_centered_student_vce_unadjusted,99,757999
20425,All,high_inst_m1,.0557897763411876,.0172080741635909,.296922463548297,.,stata_areg_centered_student_vce_unadjusted,1,757999
20436,All,high_inst_m1,.0180371573693981,-.0205445448081985,.035845837920365,.297535891139079,stata_areg_centered_student_vce_unadjusted,97,757999
20440,All,high_inst_m1,.0936142948995809,.0550325927219842,.0439612509691416,.31907175203573,stata_areg_centered_student_vce_unadjusted,58,757999
20441,All,high_inst_m1,.22367104564087,.185089343463273,.0317584865950477,.473319090366316,stata_areg_centered_student_vce_unadjusted,132,757999
20443,All,high_inst_m1,.0253157284416784,-.0132659737359182,.0349759810042318,.0827729992092069,stata_areg_centered_student_vce_unadjusted,73,757999
20445,All,high_inst_m1,.114338736996853,.0757570348192568,.0430221508141113,.419837324513363,stata_areg_centered_student_vce_unadjusted,67,757999
20452,All,high_inst_m1,-.0281893244323132,-.0667710266099099,.0657517912452744,.223288349893965,stata_areg_centered_student_vce_unadjusted,20,757999
20460,All,high_inst_m1,.0344791217578849,-.00410258041971181,.0761006043005027,.0464448470242896,stata_areg_centered_student_vce_unadjusted,15,757999
20461,All,high_inst_m1,-.0339741165150746,-.0725558186926712,.0233763187697481,.188766332850172,stata_areg_centered_student_vce_unadjusted,256,757999
20464,All,high_inst_m1,.0101133085791612,-.0284683935984355,.109452500808128,.0495766341817273,stata_areg_centered_student_vce_unadjusted,7,757999
20466,All,high_inst_m1,.0189989010109801,-.0195828011666166,.0280668923940341,.0584667969486374,stata_areg_centered_student_vce_unadjusted,114,757999
20469,All,high_inst_m1,.0362544213430137,-.002327280834583,.0505832448950522,.166314121608113,stata_areg_centered_student_vce_unadjusted,37,757999
20470,All,high_inst_m1,.0141894974913941,-.0243922046862026,.0386731219679013,.0526661787080456,stata_areg_centered_student_vce_unadjusted,59,757999
20474,All,high_inst_m1,-.0933849960403471,-.131966698217944,.069703878888708,.306416811549813,stata_areg_centered_student_vce_unadjusted,24,757999
20475,All,high_inst_m1,-.0163171914603311,-.0548988936379278,.0354558413393549,.16557977604225,stata_areg_centered_student_vce_unadjusted,74,757999
20478,All,high_inst_m1,-.012257314959401,-.0508390171369977,.019461181609247,.230756148312536,stata_areg_centered_student_vce_unadjusted,503,757999
20484,All,high_inst_m1,-.0245695763997888,-.0631512785773855,.102253410296267,.104845239552649,stata_areg_centered_student_vce_unadjusted,8,757999
20494,All,high_inst_m1,-.00539864576846244,-.0439803479460591,.0775733274931827,.0620121652919346,stata_areg_centered_student_vce_unadjusted,14,757999
20498,All,high_inst_m1,-.0117094771434786,-.0502911793210753,.0774258650931113,.0748723420054153,stata_areg_centered_student_vce_unadjusted,14,757999
20502,All,high_inst_m1,.190854427476181,.152272725298584,.0573984877941998,.450326335994934,stata_areg_centered_student_vce_unadjusted,35,757999
20503,All,high_inst_m1,-.00718629970730558,-.0457680018849023,.288424361372502,.,stata_areg_centered_student_vce_unadjusted,1,757999
20505,All,high_inst_m1,-.0411051106460106,-.0796868128236073,.0805173382500684,.0751409616474109,stata_areg_centered_student_vce_unadjusted,13,757999
20509,All,high_inst_m1,.0122081134284047,-.026373588749192,.0852388539113838,.0675216874147025,stata_areg_centered_student_vce_unadjusted,12,757999
20510,All,high_inst_m1,.0232660415886904,-.0153156605889063,.0702369466658396,.0632603899189901,stata_areg_centered_student_vce_unadjusted,17,757999
20513,All,high_inst_m1,.180097508635792,.141515806458195,.0372321001271213,.467334188289903,stata_areg_centered_student_vce_unadjusted,132,757999
20519,All,high_inst_m1,.0896795705990374,.0510978684214407,.0392082110803972,.405584538737734,stata_areg_centered_student_vce_unadjusted,69,757999
20520,All,high_inst_m1,.300928075943601,.262346373766004,.0416857795203668,.492132969928321,stata_areg_centered_student_vce_unadjusted,56,757999
20601,All,high_inst_m1,-.0678307785931769,-.106412480770774,.0410370423550307,.274494802360176,stata_areg_centered_student_vce_unadjusted,62,757999
20631,All,high_inst_m1,-.0288845154425391,-.0674662176201358,.1662991750993,.0697506058798598,stata_areg_centered_student_vce_unadjusted,3,757999
20663,All,high_inst_m1,-.0926054266645265,-.131187128842123,.117962278864162,.124402981991735,stata_areg_centered_student_vce_unadjusted,6,757999
20665,All,high_inst_m1,.084622290763304,.0460405885857073,.0737765449070639,.392860071429045,stata_areg_centered_student_vce_unadjusted,18,757999
22007,All,high_inst_m1,-.0422687107986915,-.0808504129762882,.0342946460506672,.184277089455479,stata_areg_centered_student_vce_unadjusted,194,757999
22010,All,high_inst_m1,.0307147270283917,-.00786697514920496,.288761723862137,.,stata_areg_centered_student_vce_unadjusted,1,757999
22012,All,high_inst_m1,-.0323478506730533,-.07092955285065,.0315648626067282,.0712043462278313,stata_areg_centered_student_vce_unadjusted,136,757999
22014,All,high_inst_m1,-.0907636664176175,-.129345368595214,.0395658176554071,.0682789169682903,stata_areg_centered_student_vce_unadjusted,107,757999
22021,All,high_inst_m1,-.026886358489004,-.0654680606666006,.0278848139628352,.0946140622263533,stata_areg_centered_student_vce_unadjusted,181,757999
22022,All,high_inst_m1,-.0139310427978133,-.05251274497541,.0221643249739125,.103866916584437,stata_areg_centered_student_vce_unadjusted,306,757999
22024,All,high_inst_m1,-.00895656068141113,-.0475382628590078,.0272139935687751,.0580463088078376,stata_areg_centered_student_vce_unadjusted,128,757999
22027,All,high_inst_m1,-.0546841983890154,-.0932659005666121,.036021588281448,.0942726680564065,stata_areg_centered_student_vce_unadjusted,195,757999
22029,All,high_inst_m1,-.0806739967469912,-.119255698924588,.0617961662138624,.0828255575958851,stata_areg_centered_student_vce_unadjusted,24,757999
22050,All,high_inst_m1,-.0235273832127483,-.062109085390345,.0320575711055269,.100707194905804,stata_areg_centered_student_vce_unadjusted,148,757999
22065,All,high_inst_m1,-.0572737439418719,-.0958554461194686,.0268813049404639,.174200486103121,stata_areg_centered_student_vce_unadjusted,302,757999
22066,All,high_inst_m1,.0292885479968652,-.00929315418073147,.105471528868985,.0439111707428318,stata_areg_centered_student_vce_unadjusted,8,757999
22083,All,high_inst_m1,-.0860736673490265,-.124655369526623,.0557019363710975,.083719901513559,stata_areg_centered_student_vce_unadjusted,81,757999
22084,All,high_inst_m1,.00765130678249256,-.0309303953951041,.0419761658310176,.126401559031187,stata_areg_centered_student_vce_unadjusted,63,757999
22086,All,high_inst_m1,-.0245593435903694,-.063141045767966,.0423415665221579,.129541953226513,stata_areg_centered_student_vce_unadjusted,64,757999
22089,All,high_inst_m1,.000864369829534498,-.0377173323480622,.1139737745583,.0941380016737401,stata_areg_centered_student_vce_unadjusted,7,757999
22113,All,high_inst_m1,-.0299362165551613,-.0685179187327579,.0254195465873736,.0931358528568615,stata_areg_centered_student_vce_unadjusted,174,757999
22114,All,high_inst_m1,-.0374408022719964,-.0760225044495931,.021438131171182,.0861021644386496,stata_areg_centered_student_vce_unadjusted,217,757999
22140,All,high_inst_m1,-.0318833459586558,-.0704650481362524,.0143786986761638,.0980640456363103,stata_areg_centered_student_vce_unadjusted,600,757999
22144,All,high_inst_m1,.274565080373749,.235983378196153,.05110570050122,.406965863362346,stata_areg_centered_student_vce_unadjusted,180,757999
22146,All,high_inst_m1,.0282278605762031,-.0103538416013936,.0759215888899757,.039607880320407,stata_areg_centered_student_vce_unadjusted,15,757999
22155,All,high_inst_m1,.0466451221173621,.00806341993976542,.0376840144283455,.378816787132855,stata_areg_centered_student_vce_unadjusted,117,757999
22158,All,high_inst_m1,-.00396797755299893,-.0425496797305956,.288537256561223,.,stata_areg_centered_student_vce_unadjusted,1,757999
22160,All,high_inst_m1,-.10495119414035,-.143532896317946,.0454385886487485,.117760924902379,stata_areg_centered_student_vce_unadjusted,97,757999
22177,All,high_inst_m1,.0503697921976547,.011788090020058,.0455449712193397,.462424242758483,stata_areg_centered_student_vce_unadjusted,111,757999
22187,All,high_inst_m1,-.00774783642629617,-.0463295386038929,.0320429670683982,.112059663586097,stata_areg_centered_student_vce_unadjusted,90,757999
22188,All,high_inst_m1,-.0154478600273074,-.0540295622049041,.0758053749884831,.0394863250404132,stata_areg_centered_student_vce_unadjusted,15,757999
22189,All,high_inst_m1,.0223311263374324,-.0162505758401643,.076295547773364,.0561759858928689,stata_areg_centered_student_vce_unadjusted,15,757999
22191,All,high_inst_m1,-.0650893196383957,-.103671021815992,.0280414230111956,.167461589774831,stata_areg_centered_student_vce_unadjusted,290,757999
22192,All,high_inst_m1,-.0392116312342293,-.077793333411826,.0274413154147466,.183315851962779,stata_areg_centered_student_vce_unadjusted,292,757999
22196,All,high_inst_m1,-.0516532622210392,-.0902349643986359,.0496968967583565,.204170108894894,stata_areg_centered_student_vce_unadjusted,60,757999
22200,All,high_inst_m1,-.0426310032072093,-.0812127053848059,.0273516011935905,.0722902748721065,stata_areg_centered_student_vce_unadjusted,188,757999
22210,All,high_inst_m1,-.113832838819295,-.152414540996892,.0478124264904989,.311856017415567,stata_areg_centered_student_vce_unadjusted,91,757999
22211,All,high_inst_m1,.0606214232171414,.0220397210395447,.0534292325659274,.436743546274414,stata_areg_centered_student_vce_unadjusted,114,757999
22218,All,high_inst_m1,-.0720418568619451,-.110623559039542,.0459033334948772,.0734260376158579,stata_areg_centered_student_vce_unadjusted,62,757999
22224,All,high_inst_m1,-.0943010828053556,-.132882784982952,.0428076656222236,.200565691418152,stata_areg_centered_student_vce_unadjusted,98,757999
22230,All,high_inst_m1,.00962071940866709,-.0289609827689296,.0777745264379879,.0355321665264224,stata_areg_centered_student_vce_unadjusted,14,757999
22231,All,high_inst_m1,-.0667262243400256,-.105307926517622,.0314319590532381,.291718963226307,stata_areg_centered_student_vce_unadjusted,175,757999
22234,All,high_inst_m1,-.0432859071262017,-.0818676093037984,.0399300669726925,.106704686887844,stata_areg_centered_student_vce_unadjusted,99,757999
22236,All,high_inst_m1,-.031253806574485,-.0698355087520816,.024030048646509,.256830957194401,stata_areg_centered_student_vce_unadjusted,217,757999
22262,All,high_inst_m1,-.0628440443033173,-.101425746480914,.0318939185635529,.134019264480779,stata_areg_centered_student_vce_unadjusted,158,757999
22270,All,high_inst_m1,.0114507253486907,-.0271309768289059,.0485049755212791,.165420138800404,stata_areg_centered_student_vce_unadjusted,37,757999
22271,All,high_inst_m1,-.0555917182345009,-.0941734204120976,.0207346923454994,.06468660521728,stata_areg_centered_student_vce_unadjusted,260,757999
22276,All,high_inst_m1,.00650938132113548,-.0320723208564612,.0465650935418073,.0560516645778239,stata_areg_centered_student_vce_unadjusted,40,757999
22296,All,high_inst_m1,.00446875514045444,-.0341129470371422,.0371467400264111,.0628792144854917,stata_areg_centered_student_vce_unadjusted,63,757999
22306,All,high_inst_m1,-.020746901183767,-.0593286033613637,.0413425803819605,.130812742932323,stata_areg_centered_student_vce_unadjusted,76,757999
22307,All,high_inst_m1,.0100015465470291,-.0285801556305676,.0555474050286594,.0571213308669455,stata_areg_centered_student_vce_unadjusted,31,757999
22309,All,high_inst_m1,-.0535618428860255,-.0921435450636222,.0330544868995692,.0993903819051251,stata_areg_centered_student_vce_unadjusted,159,757999
22313,All,high_inst_m1,-.0346825116666737,-.0732642138442703,.0409110432782802,.131205903227348,stata_areg_centered_student_vce_unadjusted,68,757999
22317,All,high_inst_m1,.00875543795577438,-.0298262642218223,.0456772719055867,.0602620257975013,stata_areg_centered_student_vce_unadjusted,46,757999
22322,All,high_inst_m1,-.0631473224398168,-.101729024617413,.0407663527177843,.0655510857436632,stata_areg_centered_student_vce_unadjusted,97,757999
22330,All,high_inst_m1,-.0476383811938231,-.0862200833714197,.0411114914311151,.317177880551271,stata_areg_centered_student_vce_unadjusted,106,757999
22351,All,high_inst_m1,-.0759353246410251,-.114517026818622,.0368826752570956,.281181441921462,stata_areg_centered_student_vce_unadjusted,298,757999
22354,All,high_inst_m1,.0150526639503863,-.0235290382272104,.167505785817497,.0534583804661928,stata_areg_centered_student_vce_unadjusted,3,757999
22355,All,high_inst_m1,.0525732515990114,.0139915494214147,.146517879540254,.0447202530564021,stata_areg_centered_student_vce_unadjusted,4,757999
22356,All,high_inst_m1,-.0638950075520501,-.102476709729647,.0231139770820373,.13391192649726,stata_areg_centered_student_vce_unadjusted,213,757999
22358,All,high_inst_m1,-.0365950911630628,-.0751767933406595,.0384825079701719,.101595328877083,stata_areg_centered_student_vce_unadjusted,145,757999
22361,All,high_inst_m1,.0151099809231245,-.0234717212544721,.129122187199855,.0286373526385885,stata_areg_centered_student_vce_unadjusted,5,757999
22372,All,high_inst_m1,-.025536521807816,-.0641182239854127,.040547138966766,.248060120233855,stata_areg_centered_student_vce_unadjusted,105,757999
22374,All,high_inst_m1,-.016000816455443,-.0545825186330397,.0428762631641523,.0540917306142296,stata_areg_centered_student_vce_unadjusted,59,757999
22388,All,high_inst_m1,-.0107991904554767,-.0493808926330734,.044555676069769,.0779350324887808,stata_areg_centered_student_vce_unadjusted,44,757999
22397,All,high_inst_m1,-.014284153842542,-.0528658560201386,.0260225890989256,.0593325920481343,stata_areg_centered_student_vce_unadjusted,146,757999
22398,All,high_inst_m1,-.0420619449360872,-.0806436471136839,.0540467113634732,.265176119345452,stata_areg_centered_student_vce_unadjusted,62,757999
22401,All,high_inst_m1,.0362822471428096,-.00229945503478712,.0510376984596732,.0477094182899527,stata_areg_centered_student_vce_unadjusted,36,757999
22403,All,high_inst_m1,.038445104522802,-.000136597654794637,.0451146492952153,.302478044067766,stata_areg_centered_student_vce_unadjusted,92,757999
22405,All,high_inst_m1,-.0146649998997156,-.0532467020773123,.0441976204742179,.0584657469435771,stata_areg_centered_student_vce_unadjusted,45,757999
22410,All,high_inst_m1,-.105001013160642,-.143582715338239,.0349955753118314,.194725361215447,stata_areg_centered_student_vce_unadjusted,266,757999
22415,All,high_inst_m1,-.0452326779446366,-.0838143801222333,.0320882417165512,.0611798268003107,stata_areg_centered_student_vce_unadjusted,94,757999
22434,All,high_inst_m1,-.0521850733352829,-.0907667755128796,.0232322271998913,.209105098607068,stata_areg_centered_student_vce_unadjusted,639,757999
22436,All,high_inst_m1,-.0547754875308958,-.0933571897084924,.0232693110602334,.0739924127773155,stata_areg_centered_student_vce_unadjusted,339,757999
22445,All,high_inst_m1,.0203511881155294,-.0182305140620673,.204621432347628,.0220885224410927,stata_areg_centered_student_vce_unadjusted,2,757999
22446,All,high_inst_m1,.02656822869639,-.0120134734812067,.0629499994864411,.0548520405363384,stata_areg_centered_student_vce_unadjusted,22,757999
22459,All,high_inst_m1,-.104433856591485,-.143015558769082,.0356912819806351,.154164007987462,stata_areg_centered_student_vce_unadjusted,105,757999
22461,All,high_inst_m1,-.064766974206041,-.103348676383638,.0250865395814726,.104149434410753,stata_areg_centered_student_vce_unadjusted,152,757999
22462,All,high_inst_m1,-.023052079612256,-.0616337817898526,.0297098550750237,.0548249224208672,stata_areg_centered_student_vce_unadjusted,150,757999
22464,All,high_inst_m1,-.0102267782567699,-.0488084804343666,.0231324920856918,.099589140128138,stata_areg_centered_student_vce_unadjusted,271,757999
22466,All,high_inst_m1,.0323611284585317,-.00622057371906501,.059201093201413,.0424529931328687,stata_areg_centered_student_vce_unadjusted,25,757999
22467,All,high_inst_m1,-.015375308684097,-.0539570108616937,.0504425513197133,.161390545841532,stata_areg_centered_student_vce_unadjusted,57,757999
22473,All,high_inst_m1,.0238695600403183,-.0147121421372784,.0637132969219687,.0542282687435891,stata_areg_centered_student_vce_unadjusted,21,757999
22475,All,high_inst_m1,.00185136749594933,-.0367303346816473,.0844074109240094,.100185954034997,stata_areg_centered_student_vce_unadjusted,12,757999
22476,All,high_inst_m1,.00144575833357985,-.0371359438440168,.0977955762040345,.064916425366038,stata_areg_centered_student_vce_unadjusted,9,757999
22478,All,high_inst_m1,-.0408043407099135,-.0793860428875102,.0173082240580722,.0671487301596983,stata_areg_centered_student_vce_unadjusted,401,757999
22480,All,high_inst_m1,.0535704462517895,.0149887440741928,.288027698944283,.,stata_areg_centered_student_vce_unadjusted,1,757999
22482,All,high_inst_m1,.0205554405908219,-.0180262615867748,.0553218086882105,.0444334934121893,stata_areg_centered_student_vce_unadjusted,28,757999
22483,All,high_inst_m1,-.100878381095097,-.139460083272694,.0217292222940822,.195239252282854,stata_areg_centered_student_vce_unadjusted,462,757999
22485,All,high_inst_m1,.042781522474213,.00419982029661634,.0769971977168086,.0437946603575073,stata_areg_centered_student_vce_unadjusted,15,757999
22494,All,high_inst_m1,-.0282725809837395,-.0668542831613362,.0154641528288431,.0617044933234107,stata_areg_centered_student_vce_unadjusted,485,757999
22495,All,high_inst_m1,-.0662020438192438,-.104783745996841,.042254122940925,.0653995735127375,stata_areg_centered_student_vce_unadjusted,66,757999
22496,All,high_inst_m1,-.0262217232633622,-.0648034254409588,.0547480194444818,.0545647772197987,stata_areg_centered_student_vce_unadjusted,41,757999
22499,All,high_inst_m1,-.0510737153111425,-.0896554174887392,.0190937465376511,.0887654016121408,stata_areg_centered_student_vce_unadjusted,417,757999
22503,All,high_inst_m1,.0130765929319874,-.0255051092456093,.132581230688909,.0524820424825011,stata_areg_centered_student_vce_unadjusted,5,757999
22504,All,high_inst_m1,-.0242032036704135,-.0627849058480101,.0272161712196954,.110299441891148,stata_areg_centered_student_vce_unadjusted,192,757999
22505,All,high_inst_m1,-.0534214380243959,-.0920031402019926,.048051820418198,.0672725608545868,stata_areg_centered_student_vce_unadjusted,65,757999
22506,All,high_inst_m1,.133352507627396,.0947708054497992,.0325454892456368,.442254244595003,stata_areg_centered_student_vce_unadjusted,180,757999
22514,All,high_inst_m1,-.0557568990800499,-.0943386012576466,.288835056904958,.,stata_areg_centered_student_vce_unadjusted,1,757999
22516,All,high_inst_m1,-.0604230378601054,-.0990047400377021,.0215130823152654,.0853567198919794,stata_areg_centered_student_vce_unadjusted,318,757999
22517,All,high_inst_m1,.0142097319175501,-.0243719702600466,.205278452536743,.00844531863088042,stata_areg_centered_student_vce_unadjusted,2,757999
22535,All,high_inst_m1,-.0171168879701672,-.0556985901477638,.046140646840871,.0662850858422567,stata_areg_centered_student_vce_unadjusted,50,757999
22536,All,high_inst_m1,.0427164822168418,.00413478003924508,.0532675876420036,.362002565178886,stata_areg_centered_student_vce_unadjusted,79,757999
22540,All,high_inst_m1,-.0697559741921462,-.108337676369743,.0189249087287063,.123749295201804,stata_areg_centered_student_vce_unadjusted,347,757999
22542,All,high_inst_m1,-.0942209267062973,-.132802628883894,.0377174527777724,.0686379170074486,stata_areg_centered_student_vce_unadjusted,142,757999
22543,All,high_inst_m1,-.0274651008989312,-.0660468030765278,.0154124608696878,.0841114883002684,stata_areg_centered_student_vce_unadjusted,495,757999
22544,All,high_inst_m1,-.00871412808347341,-.0472958302610701,.0228188308205539,.0619130055360487,stata_areg_centered_student_vce_unadjusted,197,757999
22545,All,high_inst_m1,.0197621887004323,-.0188195134771644,.0531265434169793,.0500135271873776,stata_areg_centered_student_vce_unadjusted,32,757999
22549,All,high_inst_m1,.0463653202546515,.00778361807705482,.0881292656674696,.0373880524866186,stata_areg_centered_student_vce_unadjusted,11,757999
22551,All,high_inst_m1,.0189828109125282,-.0195988912650685,.0462781247876324,.043741200363117,stata_areg_centered_student_vce_unadjusted,44,757999
22553,All,high_inst_m1,-.00469130585504796,-.0432730080326446,.0182516175866301,.0516784211115841,stata_areg_centered_student_vce_unadjusted,358,757999
22560,All,high_inst_m1,-.0551960841113143,-.093777786288911,.0276474781000216,.147670344851083,stata_areg_centered_student_vce_unadjusted,233,757999
22564,All,high_inst_m1,-.0502435380841403,-.088825240261737,.0211468610588834,.0664442646219333,stata_areg_centered_student_vce_unadjusted,298,757999
22597,All,high_inst_m1,-.0365492882248441,-.0751309904024408,.0303336705823408,.0972083446038011,stata_areg_centered_student_vce_unadjusted,185,757999
22602,All,high_inst_m1,-.0490952714548846,-.0876769736324813,.0417334463104903,.151167451763394,stata_areg_centered_student_vce_unadjusted,115,757999
22603,All,high_inst_m1,.148050107362391,.109468405184795,.322226013769854,.,stata_areg_centered_student_vce_unadjusted,1,757999
22604,All,high_inst_m1,.038024836499061,-.000556865678535676,.107323726335404,.0542413696221587,stata_areg_centered_student_vce_unadjusted,8,757999
22609,All,high_inst_m1,-.0758897422776716,-.114471444455268,.0272871981555678,.200221469112862,stata_areg_centered_student_vce_unadjusted,184,757999
22624,All,high_inst_m1,.0385795486291744,-2.15354842229842e-06,.119445999284964,.069461121740879,stata_areg_centered_student_vce_unadjusted,6,757999
22626,All,high_inst_m1,-.0370926701042293,-.075674372281826,.0220030671395783,.0646091487997947,stata_areg_centered_student_vce_unadjusted,214,757999
22627,All,high_inst_m1,.00801083204511911,-.0305708701324776,.0536382925909978,.297703665209595,stata_areg_centered_student_vce_unadjusted,47,757999
22629,All,high_inst_m1,-.084314710851779,-.122896413029376,.0353642623246282,.108195636590952,stata_areg_centered_student_vce_unadjusted,152,757999
22634,All,high_inst_m1,-.0630937804441922,-.101675482621789,.0268672701417289,.130490757241907,stata_areg_centered_student_vce_unadjusted,187,757999
22637,All,high_inst_m1,.0104853332902135,-.0280963688873832,.204927689613824,.0231996437051344,stata_areg_centered_student_vce_unadjusted,2,757999
22641,All,high_inst_m1,-.1019359890353,-.140517691212897,.0480371728384367,.0746847077993575,stata_areg_centered_student_vce_unadjusted,78,757999
22655,All,high_inst_m1,-.0397976719797573,-.0783793741573539,.0281156150631575,.141410072285488,stata_areg_centered_student_vce_unadjusted,214,757999
22664,All,high_inst_m1,-.0181803833413287,-.0567620855189254,.0197388566599202,.0666429760707179,stata_areg_centered_student_vce_unadjusted,273,757999
22672,All,high_inst_m1,-.0814110914744851,-.119992793652082,.0332257879055484,.117201286478283,stata_areg_centered_student_vce_unadjusted,111,757999
22674,All,high_inst_m1,-.0475109938895768,-.0860926960671734,.0346162237472055,.107041783213849,stata_areg_centered_student_vce_unadjusted,154,757999
22686,All,high_inst_m1,.030796322425153,-.00778537975244366,.288459469533114,.,stata_areg_centered_student_vce_unadjusted,1,757999
22691,All,high_inst_m1,-.0322179173778833,-.0707996195554799,.0225879677990015,.0701012066081348,stata_areg_centered_student_vce_unadjusted,366,757999
22692,All,high_inst_m1,.0254832644253842,-.0130984377522125,.037675324757411,.32626341770123,stata_areg_centered_student_vce_unadjusted,166,757999
22701,All,high_inst_m1,.0345853487053781,-.00399635347221857,.288773498389276,.,stata_areg_centered_student_vce_unadjusted,1,757999
22702,All,high_inst_m1,-.0412581200668631,-.0798398222444598,.0263694442051078,.0694338013056593,stata_areg_centered_student_vce_unadjusted,181,757999
22707,All,high_inst_m1,.00197012561928611,-.0366115765583106,.0516357599476885,.0522327694945697,stata_areg_centered_student_vce_unadjusted,34,757999
22743,All,high_inst_m1,.00143369515058381,-.0371480070270129,.0440644932407869,.181048353112219,stata_areg_centered_student_vce_unadjusted,55,757999
22752,All,high_inst_m1,-.0220239989303892,-.0606057011079858,.0193401854908569,.0958642612323359,stata_areg_centered_student_vce_unadjusted,303,757999
22755,All,high_inst_m1,-.0214767428231705,-.0600584450007672,.0245511997695263,.0865680700770227,stata_areg_centered_student_vce_unadjusted,198,757999
22758,All,high_inst_m1,-.0276876298944187,-.0662693320720154,.0354565281013885,.0741388078299755,stata_areg_centered_student_vce_unadjusted,102,757999
22759,All,high_inst_m1,-.0764362107180829,-.11501791289568,.0447902880177342,.0784800307387558,stata_areg_centered_student_vce_unadjusted,90,757999
24201,All,high_inst_m1,-.00518655579105188,-.0437682579686486,.0426361983533122,.141361419296889,stata_areg_centered_student_vce_unadjusted,169,757999
24203,All,high_inst_m1,.0278873886712636,-.0106943135063331,.0368257943296333,.178781792486683,stata_areg_centered_student_vce_unadjusted,146,757999
24204,All,high_inst_m1,-.0142324311422447,-.0528141333198413,.0474514518511615,.22130101054536,stata_areg_centered_student_vce_unadjusted,131,757999
24206,All,high_inst_m1,-.0402937351016184,-.0788754372792151,.0315725986212723,.192279571787908,stata_areg_centered_student_vce_unadjusted,272,757999
24207,All,high_inst_m1,.0239056083988461,-.0146760937787506,.0303769735732914,.262182218163805,stata_areg_centered_student_vce_unadjusted,297,757999
24209,All,high_inst_m1,-.0200712244443144,-.0586529266219111,.0435337952023528,.0652352104099363,stata_areg_centered_student_vce_unadjusted,82,757999
24212,All,high_inst_m1,.100785767152395,.0622040649747986,.0330641965905927,.434944671403147,stata_areg_centered_student_vce_unadjusted,217,757999
24213,All,high_inst_m1,.107743845807705,.0691621436301081,.0428495910938785,.396707571587827,stata_areg_centered_student_vce_unadjusted,106,757999
24215,All,high_inst_m1,.0155420059331158,-.0230396962444809,.0932201468508358,.0524517310577066,stata_areg_centered_student_vce_unadjusted,10,757999
24224,All,high_inst_m1,-.0327249469509683,-.071306649128565,.026952989227784,.157918089165798,stata_areg_centered_student_vce_unadjusted,252,757999
24230,All,high_inst_m1,.0727886332372913,.0342069310596946,.0332702397718407,.292489364296347,stata_areg_centered_student_vce_unadjusted,231,757999
24231,All,high_inst_m1,-.00399343613766896,-.0425751383152656,.0379106307669041,.152209268430039,stata_areg_centered_student_vce_unadjusted,98,757999
24233,All,high_inst_m1,-.0292389166182794,-.067820618795876,.0475277659815448,.138584068127826,stata_areg_centered_student_vce_unadjusted,68,757999
24234,All,high_inst_m1,.0359139639207008,-.00266773825689589,.0797808210368389,.0692193151548374,stata_areg_centered_student_vce_unadjusted,14,757999
24237,All,high_inst_m1,.0303092612954161,-.00827244088218054,.0454068004302237,.0556518956277221,stata_areg_centered_student_vce_unadjusted,48,757999
24238,All,high_inst_m1,.0154833416903281,-.0230983604872685,.0455643615069648,.0594492447044182,stata_areg_centered_student_vce_unadjusted,46,757999
24240,All,high_inst_m1,-.00220442379787306,-.0407861259754697,.0277199784575736,.25500933616378,stata_areg_centered_student_vce_unadjusted,242,757999
24241,All,high_inst_m1,.0701555408440379,.0315738386664412,.0392557638149802,.116680051829438,stata_areg_centered_student_vce_unadjusted,77,757999
24300,All,high_inst_m1,-.0471619943885137,-.0857436965661104,.0314693531683002,.14336913335433,stata_areg_centered_student_vce_unadjusted,280,757999
24303,All,high_inst_m1,-.0313447103830347,-.0699264125606314,.0316688620902441,.262308119052934,stata_areg_centered_student_vce_unadjusted,127,757999
24305,All,high_inst_m1,-.0579369539933163,-.096518656170913,.0416176142227775,.203924754240358,stata_areg_centered_student_vce_unadjusted,130,757999
24307,All,high_inst_m1,-.0617231272717117,-.100304829449308,.0224975969664449,.211173509170186,stata_areg_centered_student_vce_unadjusted,377,757999
24314,All,high_inst_m1,.120007159731502,.0814254575539051,.051969858022936,.415182319148282,stata_areg_centered_student_vce_unadjusted,68,757999
24316,All,high_inst_m1,-.0190067021553533,-.05758840433295,.0210425027907073,.0588808236149168,stata_areg_centered_student_vce_unadjusted,300,757999
24317,All,high_inst_m1,-.090626966923627,-.129208669101224,.0492920550550966,.288739547395913,stata_areg_centered_student_vce_unadjusted,111,757999
24319,All,high_inst_m1,-.0449686842012499,-.0835503863788465,.030557661360159,.231242645442044,stata_areg_centered_student_vce_unadjusted,122,757999
24324,All,high_inst_m1,-.0387892303682002,-.0773709325457968,.0487722587613734,.214119474210042,stata_areg_centered_student_vce_unadjusted,37,757999
24327,All,high_inst_m1,-.0848221789538429,-.12340388113144,.0221441758809941,.195910649242086,stata_areg_centered_student_vce_unadjusted,319,757999
24329,All,high_inst_m1,-.0771901192351185,-.115771821412715,.0222154603682448,.174741581584786,stata_areg_centered_student_vce_unadjusted,371,757999
24330,All,high_inst_m1,.00847566390984837,-.0301060382677483,.0671784325117322,.0538997864962974,stata_areg_centered_student_vce_unadjusted,19,757999
24332,All,high_inst_m1,.0354956079154198,-.00308609426217692,.0670698409143623,.029689365831154,stata_areg_centered_student_vce_unadjusted,22,757999
24338,All,high_inst_m1,-.027192868792783,-.0657745709703796,.0390462539576376,.206250730047078,stata_areg_centered_student_vce_unadjusted,112,757999
24403,All,high_inst_m1,.0260567945512293,-.0125249076263674,.0285172630127487,.130738122862487,stata_areg_centered_student_vce_unadjusted,147,757999
24405,All,high_inst_m1,.014595440452545,-.0239862617250517,.0389484267429204,.186228398661027,stata_areg_centered_student_vce_unadjusted,69,757999
24407,All,high_inst_m1,.0549247383821198,.0163430362045231,.030440922582675,.239189147137571,stata_areg_centered_student_vce_unadjusted,172,757999
24409,All,high_inst_m1,.489168735997233,.450587033819636,.0531987213966029,.40035019260872,stata_areg_centered_student_vce_unadjusted,152,757999
24410,All,high_inst_m1,.0341985176861255,-.0043831844914712,.0333495406163596,.382012876402982,stata_areg_centered_student_vce_unadjusted,330,757999
24423,All,high_inst_m1,.0473791208075703,.00879741862997366,.0315712586607882,.38437127525027,stata_areg_centered_student_vce_unadjusted,272,757999
24426,All,high_inst_m1,-.0192375341825496,-.0578192363601463,.0231114915998183,.18979490332556,stata_areg_centered_student_vce_unadjusted,198,757999
24427,All,high_inst_m1,.136273070539013,.097691368361416,.0406519062619453,.441584526053839,stata_areg_centered_student_vce_unadjusted,342,757999
24438,All,high_inst_m1,-.0331617842230242,-.0717434864006209,.0315869197527557,.290339588416651,stata_areg_centered_student_vce_unadjusted,146,757999
24443,All,high_inst_m1,.0612432512592136,.022661549081617,.026149395048217,.260009890209497,stata_areg_centered_student_vce_unadjusted,184,757999
24444,All,high_inst_m1,.0363702079743123,-.00221149420328441,.02478657886238,.202317327106091,stata_areg_centered_student_vce_unadjusted,147,757999
24445,All,high_inst_m1,.0169544133673972,-.0216272888101995,.0708527605646245,.0469311757017577,stata_areg_centered_student_vce_unadjusted,17,757999
24446,All,high_inst_m1,-.00179663893539807,-.0403783411129948,.0175164421703814,.196905804225579,stata_areg_centered_student_vce_unadjusted,321,757999
24448,All,high_inst_m1,.15482002033763,.116238318160033,.0323117004253391,.43935894507418,stata_areg_centered_student_vce_unadjusted,114,757999
24459,All,high_inst_m1,.0336799357825455,-.00490176639505116,.0280191023482633,.103049540263621,stata_areg_centered_student_vce_unadjusted,118,757999
24473,All,high_inst_m1,-.00833444841575987,-.0469161505933565,.0150676105760079,.220903456390075,stata_areg_centered_student_vce_unadjusted,377,757999
24482,All,high_inst_m1,-.00546480847319141,-.0440465106507881,.00923283570484018,.289984231980552,stata_areg_centered_student_vce_unadjusted,1208,757999
24486,All,high_inst_m1,.292181157615661,.253599455438064,.0415491594084661,.461767948444556,stata_areg_centered_student_vce_unadjusted,170,757999
24491,All,high_inst_m1,.126522880883576,.0879411787059794,.0450313615174897,.451298224232376,stata_areg_centered_student_vce_unadjusted,58,757999
24494,All,high_inst_m1,.10775845254085,.0691767503632537,.097759742457622,.463885368743076,stata_areg_centered_student_vce_unadjusted,9,757999
24496,All,high_inst_m1,-.00419728773386571,-.0427789899114624,.0192144561081363,.193863576831986,stata_areg_centered_student_vce_unadjusted,280,757999
24498,All,high_inst_m1,.348663431917614,.310081729740017,.0478507054223024,.451902363186853,stata_areg_centered_student_vce_unadjusted,164,757999
24506,All,high_inst_m1,-.18144060199931,-.220022304176907,.288521412696298,.,stata_areg_centered_student_vce_unadjusted,1,757999
24599,All,high_inst_m1,.0340227944041813,-.00455890777341542,.288110377698191,.,stata_areg_centered_student_vce_unadjusted,1,757999
24623,All,high_inst_m1,.0522070785439076,.0136253763663109,.0218111943994804,.315728464444728,stata_areg_centered_student_vce_unadjusted,307,757999
24624,All,high_inst_m1,.576966369683427,.538384667505831,.0522367591185179,.233298071876597,stata_areg_centered_student_vce_unadjusted,463,757999
24625,All,high_inst_m1,.0971429991783348,.0585612970007381,.0342474785976916,.42531534173654,stata_areg_centered_student_vce_unadjusted,87,757999
24626,All,high_inst_m1,.025591250775467,-.0129904514021296,.010438536079521,.320785224233794,stata_areg_centered_student_vce_unadjusted,1041,757999
24627,All,high_inst_m1,.299310189055759,.260728486878162,.0504095126765036,.504445892025152,stata_areg_centered_student_vce_unadjusted,61,757999
24638,All,high_inst_m1,.0434231468739262,.00484144469632954,.0174866350939088,.310323753137228,stata_areg_centered_student_vce_unadjusted,279,757999
24648,All,high_inst_m1,.134228249820583,.0956465476429859,.0383671237929562,.451922997014271,stata_areg_centered_student_vce_unadjusted,296,757999
24652,All,high_inst_m1,-.0125288520802358,-.0511105542578325,.0182573108644531,.196856172510711,stata_areg_centered_student_vce_unadjusted,275,757999
24666,All,high_inst_m1,.0214464834676589,-.0171352187099377,.0911609580805793,.467663396787753,stata_areg_centered_student_vce_unadjusted,11,757999
24670,All,high_inst_m1,.328330231897917,.28974852972032,.0617978868461195,.435469476513268,stata_areg_centered_student_vce_unadjusted,101,757999
24671,All,high_inst_m1,.414687526757901,.376105824580304,.0444743660132532,.445374115091324,stata_areg_centered_student_vce_unadjusted,64,757999
24675,All,high_inst_m1,.115529035479785,.0769473333021886,.0506239796750061,.378250132825999,stata_areg_centered_student_vce_unadjusted,109,757999
24678,All,high_inst_m1,.118237934677225,.0796562324996279,.0599933372385648,.363998684063386,stata_areg_centered_student_vce_unadjusted,25,757999
24685,All,high_inst_m1,.0427169050823623,.00413520290476561,.0124209861280488,.3100143407837,stata_areg_centered_student_vce_unadjusted,961,757999
24686,All,high_inst_m1,-.00789533105474757,-.0464770332323443,.0139335953476995,.206615018688328,stata_areg_centered_student_vce_unadjusted,487,757999
24689,All,high_inst_m1,-.012531110580595,-.0511128127581917,.0460648583871545,.219536507497427,stata_areg_centered_student_vce_unadjusted,56,757999
24690,All,high_inst_m1,.129446573490327,.09086487131273,.049486540599144,.461736159786302,stata_areg_centered_student_vce_unadjusted,78,757999
24699,All,high_inst_m1,.556503873353736,.517922171176139,.0584952445603323,.382016677013766,stata_areg_centered_student_vce_unadjusted,95,757999
24700,All,high_inst_m1,.0283357435342267,-.01024595864337,.0915642136025961,.0378910867535368,stata_areg_centered_student_vce_unadjusted,10,757999
24713,All,high_inst_m1,.18462864772777,.146046945550174,.0277893298511602,.461256142626231,stata_areg_centered_student_vce_unadjusted,297,757999
24714,All,high_inst_m1,.0574350715730085,.0188533693954119,.0328392778909247,.245678122844023,stata_areg_centered_student_vce_unadjusted,104,757999
24715,All,high_inst_m1,.266979768337542,.228398066159945,.0575382555321429,.471825730645682,stata_areg_centered_student_vce_unadjusted,112,757999
24716,All,high_inst_m1,-.115055628985393,-.15363733116299,.28775898400144,.,stata_areg_centered_student_vce_unadjusted,1,757999
24717,All,high_inst_m1,.0464659876841792,.0078842855065825,.0266447795810313,.330949513162777,stata_areg_centered_student_vce_unadjusted,211,757999
24718,All,high_inst_m1,.202561481791793,.163979779614196,.0604212715924836,.477123796126405,stata_areg_centered_student_vce_unadjusted,44,757999
24719,All,high_inst_m1,.289692775230921,.251111073053324,.0429518187228404,.460405322897243,stata_areg_centered_student_vce_unadjusted,93,757999
24721,All,high_inst_m1,.193824352075501,.155242649897904,.0568868019663025,.443554768092011,stata_areg_centered_student_vce_unadjusted,103,757999
24725,All,high_inst_m1,.0824816539684298,.0438999517908331,.0613959759333387,.446677485303418,stata_areg_centered_student_vce_unadjusted,25,757999
24730,All,high_inst_m1,.00349654777162063,-.0350851544059761,.0405694841970154,.365286529968644,stata_areg_centered_student_vce_unadjusted,119,757999
24733,All,high_inst_m1,-.0202012983020552,-.0587830004796519,.0163267811289319,.215469058554818,stata_areg_centered_student_vce_unadjusted,580,757999
24751,All,high_inst_m1,.107510192762677,.0689284905850802,.103516470775535,.256217628266752,stata_areg_centered_student_vce_unadjusted,8,757999
24754,All,high_inst_m1,.0361515225729749,-.00243017960462182,.0439251277283055,.0584815824059073,stata_areg_centered_student_vce_unadjusted,44,757999
24756,All,high_inst_m1,.113378020312297,.0747963181347001,.033999360729758,.405768872182111,stata_areg_centered_student_vce_unadjusted,282,757999
24759,All,high_inst_m1,.0137437882524555,-.0248379139251411,.0392584527561045,.309223834003101,stata_areg_centered_student_vce_unadjusted,119,757999
24761,All,high_inst_m1,.0308738633384748,-.00770783883912187,.0229252680748847,.443930455460385,stata_areg_centered_student_vce_unadjusted,179,757999
24762,All,high_inst_m1,.310599014401795,.272017312224198,.0428921453560631,.486458979937751,stata_areg_centered_student_vce_unadjusted,86,757999
24763,All,high_inst_m1,.00202138135813475,-.0365603208194619,.130935777134254,.066174885369539,stata_areg_centered_student_vce_unadjusted,5,757999
24766,All,high_inst_m1,.0243979494612097,-.014183752716387,.0300683167106709,.263947001567079,stata_areg_centered_student_vce_unadjusted,109,757999
24767,All,high_inst_m1,-.104094025582618,-.142675727760215,.28806040742652,.,stata_areg_centered_student_vce_unadjusted,1,757999
24769,All,high_inst_m1,.0447656934929399,.00618399131534326,.0271880302536695,.336302523585664,stata_areg_centered_student_vce_unadjusted,201,757999
24783,All,high_inst_m1,.100928350536268,.0623466483586713,.0430447784155037,.450317160407924,stata_areg_centered_student_vce_unadjusted,71,757999
24790,All,high_inst_m1,.0524255040852277,.0138438019076311,.0330235959444197,.278018330098333,stata_areg_centered_student_vce_unadjusted,106,757999
24795,All,high_inst_m1,-.150296017156116,-.188877719333712,.0764434944593213,.278418660230438,stata_areg_centered_student_vce_unadjusted,15,757999
24798,All,high_inst_m1,.131632303098059,.0930506009204621,.042228611675419,.461202275062569,stata_areg_centered_student_vce_unadjusted,104,757999
24800,All,high_inst_m1,.0767717597084469,.0381900575308502,.0319952034104707,.358784776579696,stata_areg_centered_student_vce_unadjusted,132,757999
24801,All,high_inst_m1,.034795279734202,-.00378642244339466,.0502966935096516,.350150436084365,stata_areg_centered_student_vce_unadjusted,36,757999
24812,All,high_inst_m1,.022596189093363,-.0159855130842337,.0251379802927423,.299514301211962,stata_areg_centered_student_vce_unadjusted,205,757999
24826,All,high_inst_m1,.322064540223925,.283482838046329,.029681888577993,.471708194346499,stata_areg_centered_student_vce_unadjusted,167,757999
24828,All,high_inst_m1,.00495466855480062,-.0336270336227961,.0158100132789576,.19271784539267,stata_areg_centered_student_vce_unadjusted,389,757999
24836,All,high_inst_m1,.422455293021006,.383873590843409,.0666016188471275,.248469587012788,stata_areg_centered_student_vce_unadjusted,213,757999
24840,All,high_inst_m1,-.00043574500822546,-.0390174471858221,.0511465491385845,.251540043725064,stata_areg_centered_student_vce_unadjusted,32,757999
24842,All,high_inst_m1,.0596649780960394,.0210832759184427,.0424885492345788,.432797942326742,stata_areg_centered_student_vce_unadjusted,75,757999
24843,All,high_inst_m1,.0142507086755872,-.0243309935020095,.027435060685487,.228811916068939,stata_areg_centered_student_vce_unadjusted,260,757999
24856,All,high_inst_m1,.0534106805746223,.0148289783970256,.0431485281944157,.265957966918887,stata_areg_centered_student_vce_unadjusted,56,757999
24864,All,high_inst_m1,.00249569830712781,-.0360860038704689,.0245238064268873,.270425683175751,stata_areg_centered_student_vce_unadjusted,205,757999
24873,All,high_inst_m1,.288064509740133,.249482807562536,.0580046851163422,.472941038579494,stata_areg_centered_student_vce_unadjusted,99,757999
24874,All,high_inst_m1,.115404306213097,.0768226040355,.0557841512276678,.486773815106851,stata_areg_centered_student_vce_unadjusted,44,757999
24876,All,high_inst_m1,.0193491530036573,-.0192325491739394,.0690677001625821,.0531709552108901,stata_areg_centered_student_vce_unadjusted,18,757999
24878,All,high_inst_m1,-.0122868351464654,-.0508685373240621,.0106493844348384,.182997085304214,stata_areg_centered_student_vce_unadjusted,970,757999
24884,All,high_inst_m1,.325080359929727,.28649865775213,.022994388052905,.4659709615427,stata_areg_centered_student_vce_unadjusted,307,757999
24885,All,high_inst_m1,-.0286724116022968,-.0672541137798935,.0141622260833978,.177356977881195,stata_areg_centered_student_vce_unadjusted,646,757999
24889,All,high_inst_m1,.0697139135148586,.0311322113372619,.0264632937691067,.279355640143713,stata_areg_centered_student_vce_unadjusted,190,757999
24892,All,high_inst_m1,.0234451067644418,-.0151365954131549,.0358048692092179,.255518995612493,stata_areg_centered_student_vce_unadjusted,76,757999
24893,All,high_inst_m1,.0655320519299153,.0269503497523187,.288648937359412,.,stata_areg_centered_student_vce_unadjusted,1,757999
24894,All,high_inst_m1,-.0242131029126237,-.0627948050902204,.0368904671092336,.327924467639376,stata_areg_centered_student_vce_unadjusted,154,757999
24896,All,high_inst_m1,.040643370849183,.00206166867158634,.0331985476220401,.341385544235298,stata_areg_centered_student_vce_unadjusted,78,757999
24897,All,high_inst_m1,.105746498178723,.0671647960011268,.0479380913170081,.429009974888486,stata_areg_centered_student_vce_unadjusted,70,757999
24898,All,high_inst_m1,.0417494927145912,.00316779053699456,.0234629649488211,.322384760135996,stata_areg_centered_student_vce_unadjusted,197,757999
24903,All,high_inst_m1,.0508908446541003,.0123091424765036,.0295736363776741,.397652435201791,stata_areg_centered_student_vce_unadjusted,245,757999
24907,All,high_inst_m1,.117709436424278,.0791277342466814,.0433011252664952,.454505803050149,stata_areg_centered_student_vce_unadjusted,87,757999
24908,All,high_inst_m1,.348784675890964,.310202973713368,.0229763611397298,.447366354684741,stata_areg_centered_student_vce_unadjusted,326,757999
24911,All,high_inst_m1,-.00344191509271299,-.0420236172703097,.0618482145120257,.0667354108632957,stata_areg_centered_student_vce_unadjusted,22,757999
24912,All,high_inst_m1,.129827685473779,.0912459832961821,.0446721656825141,.452435846441861,stata_areg_centered_student_vce_unadjusted,112,757999
24913,All,high_inst_m1,.0353532611090301,-.00322844106856661,.0489282468547188,.388929001144191,stata_areg_centered_student_vce_unadjusted,67,757999
24926,All,high_inst_m1,.0240686011504919,-.0145131010271047,.053922874936346,.0508415444465299,stata_areg_centered_student_vce_unadjusted,29,757999
24927,All,high_inst_m1,.515930938889422,.477349236711825,.0491279914551998,.305645714419083,stata_areg_centered_student_vce_unadjusted,449,757999
24930,All,high_inst_m1,.00393805817164323,-.0346436440059534,.0492061225835197,.057760495566485,stata_areg_centered_student_vce_unadjusted,35,757999
24933,All,high_inst_m1,-.0390811400883065,-.0776628422659032,.288368844046039,.,stata_areg_centered_student_vce_unadjusted,1,757999
24935,All,high_inst_m1,-.0296085228569029,-.0681902250344996,.0411711472352421,.071769944502602,stata_areg_centered_student_vce_unadjusted,59,757999
24944,All,high_inst_m1,.303285874762479,.264704172584882,.039128062957762,.444351550486916,stata_areg_centered_student_vce_unadjusted,162,757999
24945,All,high_inst_m1,.0276844315973898,-.0108972705802069,.144470831119114,.0295561765869489,stata_areg_centered_student_vce_unadjusted,4,757999
24946,All,high_inst_m1,.00967071773135184,-.0289109844462448,.0126144168181491,.232094088294345,stata_areg_centered_student_vce_unadjusted,807,757999
24956,All,high_inst_m1,.0261910555388307,-.012390646638766,.0378675225419802,.356181269760535,stata_areg_centered_student_vce_unadjusted,176,757999
24963,All,high_inst_m1,.056679899638821,.0180981974612243,.0378402577684052,.297815710621344,stata_areg_centered_student_vce_unadjusted,117,757999
24966,All,high_inst_m1,.0373921222529194,-.0011895799246773,.0352297976236461,.276878158108786,stata_areg_centered_student_vce_unadjusted,98,757999
24971,All,high_inst_m1,.073733747768707,.0351520455911103,.0468055498327181,.458040735608269,stata_areg_centered_student_vce_unadjusted,66,757999
24976,All,high_inst_m1,.257800081536946,.219218379359349,.0371846229332141,.445765171886061,stata_areg_centered_student_vce_unadjusted,201,757999
24977,All,high_inst_m1,.267472737795433,.228891035617836,.0263312319934607,.467332126860087,stata_areg_centered_student_vce_unadjusted,296,757999
24978,All,high_inst_m1,-.0158559784444598,-.0544376806220565,.0114288157560996,.177768909200149,stata_areg_centered_student_vce_unadjusted,966,757999
24979,All,high_inst_m1,.59119227086135,.552610568683754,.0555009495625204,.184844151780757,stata_areg_centered_student_vce_unadjusted,253,757999
24985,All,high_inst_m1,.311139020283466,.272557318105869,.0600693763402363,.486450589332645,stata_areg_centered_student_vce_unadjusted,48,757999
24986,All,high_inst_m1,.159426840829475,.120845138651879,.0286528994468884,.454413751682889,stata_areg_centered_student_vce_unadjusted,170,757999
24988,All,high_inst_m1,.203541079029396,.164959376851799,.037313785777018,.461844044065416,stata_areg_centered_student_vce_unadjusted,162,757999
24995,All,high_inst_m1,.0658562987009077,.027274596523311,.039994593948423,.335870448623642,stata_areg_centered_student_vce_unadjusted,79,757999
24997,All,high_inst_m1,-.00732807297446791,-.0459097751520646,.0780591682438271,.0466712843102744,stata_areg_centered_student_vce_unadjusted,14,757999
25001,All,high_inst_m1,.20074989149874,.162168189321144,.0319700266049101,.475359865609608,stata_areg_centered_student_vce_unadjusted,279,757999
25009,All,high_inst_m1,.0545353184928763,.0159536163152796,.0459867547967348,.0425443291159448,stata_areg_centered_student_vce_unadjusted,42,757999
25012,All,high_inst_m1,.0163979996490126,-.022183702528584,.0200262519724118,.339009040538439,stata_areg_centered_student_vce_unadjusted,442,757999
25014,All,high_inst_m1,.0265665079473586,-.0120151942302381,.068222998355849,.0595596469181025,stata_areg_centered_student_vce_unadjusted,18,757999
25026,All,high_inst_m1,-.00525783357487658,-.0438395357524733,.0225675271801178,.219631379812108,stata_areg_centered_student_vce_unadjusted,224,757999
25027,All,high_inst_m1,.00371009632358104,-.0348716058540156,.0243849928845222,.301451638998031,stata_areg_centered_student_vce_unadjusted,230,757999
25028,All,high_inst_m1,.00574352460934899,-.0328381775682477,.0273595683846947,.25468209576865,stata_areg_centered_student_vce_unadjusted,193,757999
25032,All,high_inst_m1,.00658170236683618,-.0319999998107605,.0196260026366554,.12834820024155,stata_areg_centered_student_vce_unadjusted,300,757999
25038,All,high_inst_m1,.0319847445648826,-.00659695761271412,.036087709103151,.270266059680858,stata_areg_centered_student_vce_unadjusted,122,757999
25043,All,high_inst_m1,.0221538820114106,-.0164278201661861,.0510885866711064,.046255095492982,stata_areg_centered_student_vce_unadjusted,33,757999
25045,All,high_inst_m1,.34723701475219,.308655312574594,.0882251354477289,.502687055374909,stata_areg_centered_student_vce_unadjusted,13,757999
25048,All,high_inst_m1,.0949197022194667,.0563380000418701,.0272405410352378,.448345508755149,stata_areg_centered_student_vce_unadjusted,240,757999
25050,All,high_inst_m1,.0323092999015346,-.00627240227606209,.0249143058731026,.264540526131669,stata_areg_centered_student_vce_unadjusted,184,757999
25054,All,high_inst_m1,.0574737314970902,.0188920293194935,.0308717380213131,.378737409972201,stata_areg_centered_student_vce_unadjusted,95,757999
25055,All,high_inst_m1,.35243458904994,.313852886872344,.0397738936188807,.449101014602589,stata_areg_centered_student_vce_unadjusted,332,757999
25057,All,high_inst_m1,-.0432842467286914,-.081865948906288,.0502842507221929,.26075715111102,stata_areg_centered_student_vce_unadjusted,33,757999
25059,All,high_inst_m1,.0708504275075125,.0322687253299158,.0243738564645802,.346395102971388,stata_areg_centered_student_vce_unadjusted,260,757999
25061,All,high_inst_m1,-.0466192346382549,-.0852009368158516,.0260249442939419,.187818130735917,stata_areg_centered_student_vce_unadjusted,158,757999
25065,All,high_inst_m1,.234396417593237,.195814715415641,.0188611140220229,.457644751048389,stata_areg_centered_student_vce_unadjusted,802,757999
25070,All,high_inst_m1,.0442438256049716,.00566212342737488,.0368192115783974,.402262086542293,stata_areg_centered_student_vce_unadjusted,157,757999
25071,All,high_inst_m1,-.00709652135312232,-.045678223530719,.0266020101371866,.286814210681301,stata_areg_centered_student_vce_unadjusted,198,757999
25082,All,high_inst_m1,.0279813151121317,-.010600387065465,.0298111768345363,.248318815310498,stata_areg_centered_student_vce_unadjusted,211,757999
25084,All,high_inst_m1,.00676050731299299,-.0318211948646037,.0270181643391442,.299539085069115,stata_areg_centered_student_vce_unadjusted,148,757999
25085,All,high_inst_m1,.0234431354122955,-.0151385667653012,.0415126243207685,.051080791676548,stata_areg_centered_student_vce_unadjusted,50,757999
25089,All,high_inst_m1,.0278250921344061,-.0107566100431906,.0609144818757138,.0562842343227096,stata_areg_centered_student_vce_unadjusted,23,757999
25091,All,high_inst_m1,.0408538940815156,.00227219190391896,.0175978016956003,.351914975965776,stata_areg_centered_student_vce_unadjusted,562,757999
25094,All,high_inst_m1,.0139847975874067,-.02459690459019,.0357272908359568,.271534591510962,stata_areg_centered_student_vce_unadjusted,101,757999
25095,All,high_inst_m1,-.0100777405061821,-.0486594426837788,.0401704462706334,.141751336460988,stata_areg_centered_student_vce_unadjusted,57,757999
25099,All,high_inst_m1,-.0871071530522256,-.125688855229822,.0836638982498305,.0916894334354978,stata_areg_centered_student_vce_unadjusted,12,757999
25101,All,high_inst_m1,.0224523960823512,-.0161293060952455,.0272547050105676,.348980309065476,stata_areg_centered_student_vce_unadjusted,374,757999
25107,All,high_inst_m1,.108066157896219,.0694844557186219,.138825029280996,.49280181667899,stata_areg_centered_student_vce_unadjusted,64,757999
25114,All,high_inst_m1,.0459620534403855,.00738035126278885,.0207901538238372,.290386816672326,stata_areg_centered_student_vce_unadjusted,318,757999
25121,All,high_inst_m1,.0150140897124843,-.0235676124651123,.0290896170504603,.273100694344738,stata_areg_centered_student_vce_unadjusted,310,757999
25127,All,high_inst_m1,.12914461700795,.0905629148303534,.0479529324114127,.479579856600156,stata_areg_centered_student_vce_unadjusted,100,757999
25130,All,high_inst_m1,.222249715557315,.183668013379718,.0472620653042772,.469870946500224,stata_areg_centered_student_vce_unadjusted,86,757999
25132,All,high_inst_m1,.013346544431338,-.0252351577462587,.0194193541928433,.251199788624152,stata_areg_centered_student_vce_unadjusted,341,757999
25136,All,high_inst_m1,.00813498293260206,-.0304467192449946,.0218545094269203,.151841070836435,stata_areg_centered_student_vce_unadjusted,193,757999
25138,All,high_inst_m1,.130394026826411,.0918123246488141,.0340705407448553,.432266928014527,stata_areg_centered_student_vce_unadjusted,134,757999
25142,All,high_inst_m1,.271715399992237,.23313369781464,.0635940759972435,.522372192663171,stata_areg_centered_student_vce_unadjusted,27,757999
25143,All,high_inst_m1,.442649006912214,.404067304734618,.0375362195869442,.395056533629442,stata_areg_centered_student_vce_unadjusted,373,757999
25153,All,high_inst_m1,.0890018695682056,.050420167390609,.0158716330732865,.406003688123257,stata_areg_centered_student_vce_unadjusted,467,757999
25160,All,high_inst_m1,.063780257247473,.0251985550698763,.0411344302199315,.33928517125829,stata_areg_centered_student_vce_unadjusted,70,757999
25166,All,high_inst_m1,.0438117073109297,.00523000513333303,.021090786559701,.28728565409401,stata_areg_centered_student_vce_unadjusted,222,757999
25171,All,high_inst_m1,.00325060263437221,-.0353310995432245,.0250575809679325,.250935575157024,stata_areg_centered_student_vce_unadjusted,171,757999
25172,All,high_inst_m1,.410479830641977,.37189812846438,.024852683636241,.445737945317729,stata_areg_centered_student_vce_unadjusted,455,757999
25175,All,high_inst_m1,.0749316805419389,.0363499783643422,.0373935480653788,.465808883201332,stata_areg_centered_student_vce_unadjusted,84,757999
25180,All,high_inst_m1,.201484873543682,.162903171366086,.0464531808662683,.464042737647937,stata_areg_centered_student_vce_unadjusted,52,757999
25182,All,high_inst_m1,.0269853366709788,-.0115963655066178,.0312319539298542,.155326753634264,stata_areg_centered_student_vce_unadjusted,89,757999
25185,All,high_inst_m1,.0385179481360035,-.0000637540415931448,.0277921464040291,.36632797772634,stata_areg_centered_student_vce_unadjusted,238,757999
25190,All,high_inst_m1,.0606658829317745,.0220841807541778,.0474420065361223,.396731770831453,stata_areg_centered_student_vce_unadjusted,38,757999
25196,All,high_inst_m1,.0306749370139752,-.00790676516362147,.0240563540600765,.33653368944064,stata_areg_centered_student_vce_unadjusted,195,757999
25197,All,high_inst_m1,-.0160320142229262,-.0546137164005228,.0446932206144542,.270943450249622,stata_areg_centered_student_vce_unadjusted,57,757999
25198,All,high_inst_m1,.162849255482753,.124267553305156,.0181637960160625,.432183802319918,stata_areg_centered_student_vce_unadjusted,466,757999
25202,All,high_inst_m1,.341910593162962,.303328890985365,.0275381849364691,.463715961388422,stata_areg_centered_student_vce_unadjusted,434,757999
25209,All,high_inst_m1,-.022292819395446,-.0608745215730427,.288458056713324,.,stata_areg_centered_student_vce_unadjusted,1,757999
25210,All,high_inst_m1,-.0443340191780535,-.0829157213556502,.129172555906326,.0438543899112377,stata_areg_centered_student_vce_unadjusted,5,757999
25211,All,high_inst_m1,.187421179470516,.14883947729292,.144877376520458,.486553088776313,stata_areg_centered_student_vce_unadjusted,4,757999
25215,All,high_inst_m1,-.0183445061473148,-.0569262083249115,.019660209867754,.272777025114663,stata_areg_centered_student_vce_unadjusted,408,757999
25218,All,high_inst_m1,.0821607391571404,.0435790369795437,.0287534231734514,.384364967761475,stata_areg_centered_student_vce_unadjusted,324,757999
25220,All,high_inst_m1,-.0132310728084719,-.0518127749860686,.0206480242780071,.140715579716325,stata_areg_centered_student_vce_unadjusted,234,757999
25221,All,high_inst_m1,.138257338375908,.0996756361983115,.0723864495107241,.491125677011925,stata_areg_centered_student_vce_unadjusted,20,757999
25223,All,high_inst_m1,.196862626964308,.158280924786711,.0314717288273067,.467564326979485,stata_areg_centered_student_vce_unadjusted,294,757999
25224,All,high_inst_m1,.0640558436209728,.0254741414433762,.0403870481091542,.398582999014993,stata_areg_centered_student_vce_unadjusted,57,757999
25235,All,high_inst_m1,.0353114295266527,-.00327027265094395,.0629975864150208,.055089109637434,stata_areg_centered_student_vce_unadjusted,22,757999
25237,All,high_inst_m1,.0246809264662541,-.0139007757113426,.0318220074151579,.196965559717011,stata_areg_centered_student_vce_unadjusted,84,757999
25238,All,high_inst_m1,.028514555139359,-.0100671470382377,.0255061953550799,.339943578928115,stata_areg_centered_student_vce_unadjusted,246,757999
25241,All,high_inst_m1,.189943515220631,.151361813043034,.0429836532866077,.474548667648581,stata_areg_centered_student_vce_unadjusted,98,757999
25247,All,high_inst_m1,.0140345692484327,-.024547132929164,.0752100035315413,.0578857084385861,stata_areg_centered_student_vce_unadjusted,16,757999
25249,All,high_inst_m1,.0949262902014309,.0563445880238342,.0291408747828687,.419605958495905,stata_areg_centered_student_vce_unadjusted,164,757999
25250,All,high_inst_m1,.153803638878126,.115221936700529,.0324848655103205,.413705507371477,stata_areg_centered_student_vce_unadjusted,218,757999
25256,All,high_inst_m1,.055989551631207,.0174078494536104,.0297493868879057,.361578304281503,stata_areg_centered_student_vce_unadjusted,273,757999
25258,All,high_inst_m1,.00493619714743064,-.033645505030166,.0258370327309985,.233760443348103,stata_areg_centered_student_vce_unadjusted,130,757999
25265,All,high_inst_m1,.0148921409315762,-.0236895612460205,.0231791934218409,.314340761723999,stata_areg_centered_student_vce_unadjusted,211,757999
25269,All,high_inst_m1,.088129861420748,.0495481592431513,.0326677959942538,.383735904200031,stata_areg_centered_student_vce_unadjusted,113,757999
25270,All,high_inst_m1,.0114939716857734,-.0270877304918233,.05039330819546,.0542854109943207,stata_areg_centered_student_vce_unadjusted,33,757999
25271,All,high_inst_m1,.0309198803264115,-.00766182185118517,.0501900296102049,.182681090444265,stata_areg_centered_student_vce_unadjusted,34,757999
25278,All,high_inst_m1,.315784659404862,.277202957227265,.0558885229035215,.365114583112012,stata_areg_centered_student_vce_unadjusted,107,757999
25282,All,high_inst_m1,.0904859245650377,.051904222387441,.0282371434969016,.387443515445613,stata_areg_centered_student_vce_unadjusted,427,757999
25300,All,high_inst_m1,-.0306165496006795,-.0691982517782762,.0430917580507641,.20513087612396,stata_areg_centered_student_vce_unadjusted,47,757999
25303,All,high_inst_m1,.0566478522098041,.0180661500322074,.0305574999954334,.153274785381234,stata_areg_centered_student_vce_unadjusted,106,757999
25304,All,high_inst_m1,-.0127983501065676,-.0513800522841643,.0153808898239694,.164756809616474,stata_areg_centered_student_vce_unadjusted,424,757999
25310,All,high_inst_m1,.297372658775774,.258790956598177,.0316280934052615,.468567430781377,stata_areg_centered_student_vce_unadjusted,183,757999
25315,All,high_inst_m1,.032516153070876,-.00606554910672068,.288516935465395,.,stata_areg_centered_student_vce_unadjusted,1,757999
25316,All,high_inst_m1,.138194069370522,.0996123671929253,.0433892286388773,.354962083005993,stata_areg_centered_student_vce_unadjusted,55,757999
25322,All,high_inst_m1,.0529808791146537,.014399176937057,.0592988524920188,.213647833530229,stata_areg_centered_student_vce_unadjusted,24,757999
25328,All,high_inst_m1,.0146870328498742,-.0238946693277225,.0288986244695532,.324316415360918,stata_areg_centered_student_vce_unadjusted,186,757999
25329,All,high_inst_m1,.575357105442243,.536775403264647,.0419550711537101,.335779993827022,stata_areg_centered_student_vce_unadjusted,289,757999
25330,All,high_inst_m1,.0901456012145968,.0515638990370001,.0342173251815074,.313636216310652,stata_areg_centered_student_vce_unadjusted,74,757999
25332,All,high_inst_m1,.239096774526902,.200515072349305,.0809681957707459,.454633723733779,stata_areg_centered_student_vce_unadjusted,104,757999
25339,All,high_inst_m1,.0122961443364917,-.026285557841105,.0547797730117104,.058545692003527,stata_areg_centered_student_vce_unadjusted,29,757999
25342,All,high_inst_m1,.0863175430045759,.0477358408269792,.0301661507211555,.442992518435992,stata_areg_centered_student_vce_unadjusted,231,757999
25347,All,high_inst_m1,.105480720345931,.0668990181683345,.0277155757761949,.412970087492625,stata_areg_centered_student_vce_unadjusted,205,757999
25348,All,high_inst_m1,.582898569720345,.544316867542748,.0617087643318499,.331135487194298,stata_areg_centered_student_vce_unadjusted,257,757999
25349,All,high_inst_m1,-.0180530162974994,-.0566347184750961,.0255194602315153,.308637840940366,stata_areg_centered_student_vce_unadjusted,226,757999
25352,All,high_inst_m1,.00355278390420933,-.0350289182733873,.0141962798010056,.249053749983279,stata_areg_centered_student_vce_unadjusted,662,757999
25359,All,high_inst_m1,.0222831088280475,-.0162985933495492,.0571409682368329,.342017749382584,stata_areg_centered_student_vce_unadjusted,59,757999
25362,All,high_inst_m1,.087132981180342,.0485512790027453,.103023903522752,.0238996485064475,stata_areg_centered_student_vce_unadjusted,8,757999
25366,All,high_inst_m1,.277845125126972,.239263422949375,.0370005771722662,.467660701866141,stata_areg_centered_student_vce_unadjusted,138,757999
25367,All,high_inst_m1,.109943301744318,.0713615995667214,.0270415761698038,.389223011968878,stata_areg_centered_student_vce_unadjusted,316,757999
25368,All,high_inst_m1,.0633628465911999,.0247811444136033,.0229125348886609,.329324556404147,stata_areg_centered_student_vce_unadjusted,388,757999
25369,All,high_inst_m1,.0765260419426864,.0379443397650897,.0130048560352253,.399669327153105,stata_areg_centered_student_vce_unadjusted,1105,757999
25371,All,high_inst_m1,.0458759651917921,.00729426301419537,.0178335822053195,.329437377742979,stata_areg_centered_student_vce_unadjusted,630,757999
25373,All,high_inst_m1,-.0378088240973153,-.076390526274912,.050011820037812,.378879293123279,stata_areg_centered_student_vce_unadjusted,47,757999
25382,All,high_inst_m1,-.00775070383038603,-.0463324060079827,.0351525241863726,.320862059586551,stata_areg_centered_student_vce_unadjusted,112,757999
25386,All,high_inst_m1,.0275288629629869,-.0110528392146098,.0191865127704706,.279705627179791,stata_areg_centered_student_vce_unadjusted,375,757999
25387,All,high_inst_m1,.0334863571632953,-.00509534501430143,.0194797051091821,.269558479763733,stata_areg_centered_student_vce_unadjusted,475,757999
25389,All,high_inst_m1,.106521959984882,.0679402578072854,.0188153826751043,.376609372428107,stata_areg_centered_student_vce_unadjusted,539,757999
25393,All,high_inst_m1,.0843211448359292,.0457394426583325,.0262204949741804,.372898608842134,stata_areg_centered_student_vce_unadjusted,161,757999
25395,All,high_inst_m1,.108111609311952,.0695299071343556,.0402024249159213,.321887269918136,stata_areg_centered_student_vce_unadjusted,179,757999
25396,All,high_inst_m1,.0199988396483351,-.0185828625292616,.0147821717083983,.233788601160323,stata_areg_centered_student_vce_unadjusted,583,757999
25402,All,high_inst_m1,.218467555492369,.179885853314773,.0385947758658804,.463621508592007,stata_areg_centered_student_vce_unadjusted,306,757999
25418,All,high_inst_m1,.0250648887794573,-.0135168133981393,.0171011017417172,.195955400410218,stata_areg_centered_student_vce_unadjusted,361,757999
25434,All,high_inst_m1,.0355697606944948,-.00301194148310184,.0213956534930883,.318930789081133,stata_areg_centered_student_vce_unadjusted,233,757999
25439,All,high_inst_m1,.0279588677965908,-.0106228343810059,.0133505518568685,.349687812361367,stata_areg_centered_student_vce_unadjusted,811,757999
25442,All,high_inst_m1,.0748415644194759,.0362598622418793,.0224105050813448,.388846868703462,stata_areg_centered_student_vce_unadjusted,260,757999
25447,All,high_inst_m1,.0114503938404389,-.0271313083371577,.0401580136217983,.17983411229335,stata_areg_centered_student_vce_unadjusted,75,757999
25448,All,high_inst_m1,.0117002535238885,-.0268814486537082,.014559815177936,.24240238499697,stata_areg_centered_student_vce_unadjusted,655,757999
25450,All,high_inst_m1,.00814931866895186,-.0304323835086448,.0364539801964018,.270841149799425,stata_areg_centered_student_vce_unadjusted,84,757999
25452,All,high_inst_m1,.316394380267967,.27781267809037,.0520589908055342,.363563295858627,stata_areg_centered_student_vce_unadjusted,151,757999
25454,All,high_inst_m1,.200582302582671,.162000600405074,.0465047144699599,.37678724622833,stata_areg_centered_student_vce_unadjusted,83,757999
25458,All,high_inst_m1,.0318967265426023,-.00668497563499441,.015078820963254,.244233660979469,stata_areg_centered_student_vce_unadjusted,412,757999
25462,All,high_inst_m1,.0779062965743263,.0393245943967296,.027925783970382,.262686251899582,stata_areg_centered_student_vce_unadjusted,162,757999
25463,All,high_inst_m1,.00082451668899124,-.0377571854886054,.0379903019157089,.173366273494312,stata_areg_centered_student_vce_unadjusted,58,757999
25464,All,high_inst_m1,.0873834216473694,.0488017194697728,.0185024359469796,.408240130178736,stata_areg_centered_student_vce_unadjusted,576,757999
25471,All,high_inst_m1,-.0148894117577661,-.0534711139353628,.0317076974052202,.197891039733843,stata_areg_centered_student_vce_unadjusted,127,757999
25475,All,high_inst_m1,-.00891704962437738,-.0474987518019741,.0310848012855833,.254969559962996,stata_areg_centered_student_vce_unadjusted,158,757999
25477,All,high_inst_m1,.321315340377355,.282733638199758,.0341864602817997,.44237501445698,stata_areg_centered_student_vce_unadjusted,214,757999
25478,All,high_inst_m1,.266640457249063,.228058755071466,.0264099881174168,.45538844349242,stata_areg_centered_student_vce_unadjusted,442,757999
25480,All,high_inst_m1,.0166946082893795,-.0218870938882172,.0472897457828015,.362785955433866,stata_areg_centered_student_vce_unadjusted,75,757999
25481,All,high_inst_m1,.0653899554994169,.0268082533218202,.0233303292327509,.414350613189255,stata_areg_centered_student_vce_unadjusted,268,757999
25482,All,high_inst_m1,.095992852287027,.0574111501094303,.0383959175587838,.418214539131789,stata_areg_centered_student_vce_unadjusted,108,757999
25484,All,high_inst_m1,.0205859349812718,-.0179957671963248,.0620109100198654,.0619400467284689,stata_areg_centered_student_vce_unadjusted,22,757999
25487,All,high_inst_m1,.196983087799631,.158401385622034,.026629284539567,.472758560228707,stata_areg_centered_student_vce_unadjusted,440,757999
25496,All,high_inst_m1,.00796907064251571,-.030612631535081,.00927741942461234,.209888556905936,stata_areg_centered_student_vce_unadjusted,1171,757999
25501,All,high_inst_m1,.0455357388208848,.00695403664328816,.0227049195849432,.366872127095587,stata_areg_centered_student_vce_unadjusted,287,757999
25502,All,high_inst_m1,.0212345447392399,-.0173471574383568,.0523137585388175,.0818880780480841,stata_areg_centered_student_vce_unadjusted,31,757999
25504,All,high_inst_m1,.024129362682981,-.0144523394946157,.0452507250860774,.0478491567290415,stata_areg_centered_student_vce_unadjusted,41,757999
25508,All,high_inst_m1,.142556062958092,.103974360780495,.0436866840368859,.45672723713454,stata_areg_centered_student_vce_unadjusted,118,757999
25509,All,high_inst_m1,.105640838970478,.0670591367928815,.0283692419462618,.417240680708107,stata_areg_centered_student_vce_unadjusted,261,757999
25514,All,high_inst_m1,-.0347688355502097,-.0733505377278064,.0258919767396543,.142635718592134,stata_areg_centered_student_vce_unadjusted,128,757999
25520,All,high_inst_m1,.220944076908615,.182362374731018,.0235253680273373,.463036121053825,stata_areg_centered_student_vce_unadjusted,298,757999
25523,All,high_inst_m1,.0187525492256407,-.0198291529519559,.0218083869131702,.227706045302957,stata_areg_centered_student_vce_unadjusted,315,757999
25524,All,high_inst_m1,.0218006090778947,-.016781093099702,.0775153762734473,.0644202072896879,stata_areg_centered_student_vce_unadjusted,14,757999
25525,All,high_inst_m1,.065101376651626,.0265196744740293,.0356642798460288,.32872673005999,stata_areg_centered_student_vce_unadjusted,95,757999
25526,All,high_inst_m1,.0292666651055697,-.00931503707202696,.0248147034026649,.346739505736586,stata_areg_centered_student_vce_unadjusted,306,757999
25540,All,high_inst_m1,.114124467929121,.0755427657515241,.0250609330771708,.365895830437794,stata_areg_centered_student_vce_unadjusted,258,757999
25541,All,high_inst_m1,.395284350190112,.356702648012515,.0440223838480639,.469271529099786,stata_areg_centered_student_vce_unadjusted,135,757999
25542,All,high_inst_m1,.065422886989444,.0268411848118473,.0240949030375559,.283480179355642,stata_areg_centered_student_vce_unadjusted,281,757999
25543,All,high_inst_m1,-.0221553733443365,-.0607370755219332,.0367000641212327,.0638770385133798,stata_areg_centered_student_vce_unadjusted,67,757999
25550,All,high_inst_m1,.0104129689150224,-.0281687332625743,.0208222267443796,.310084450824279,stata_areg_centered_student_vce_unadjusted,321,757999
25556,All,high_inst_m1,.0401836337636795,.00160193158608284,.0284755378990311,.207149410977135,stata_areg_centered_student_vce_unadjusted,142,757999
25557,All,high_inst_m1,.0315419588754124,-.00703974330218426,.0315665566666193,.343390769004745,stata_areg_centered_student_vce_unadjusted,225,757999
25558,All,high_inst_m1,.211430124609157,.17284842243156,.0405673079863864,.454041361409342,stata_areg_centered_student_vce_unadjusted,229,757999
25562,All,high_inst_m1,.03506963745471,-.00351206472288666,.0271642486182207,.293291591401495,stata_areg_centered_student_vce_unadjusted,310,757999
25571,All,high_inst_m1,.0326973885232423,-.00588431365435442,.0272742488509742,.316133180672284,stata_areg_centered_student_vce_unadjusted,214,757999
25577,All,high_inst_m1,.00785488677084342,-.0307268154067533,.0356321786628223,.306314989880942,stata_areg_centered_student_vce_unadjusted,179,757999
25580,All,high_inst_m1,.0771031422862157,.038521440108619,.0254326240758142,.373931208521254,stata_areg_centered_student_vce_unadjusted,276,757999
25589,All,high_inst_m1,.167352318459329,.128770616281732,.0342417905898248,.380081398647383,stata_areg_centered_student_vce_unadjusted,107,757999
25591,All,high_inst_m1,.0290771482299583,-.00950455394763836,.0139794688742237,.251156017555042,stata_areg_centered_student_vce_unadjusted,682,757999
25592,All,high_inst_m1,.0935679076421739,.0549862054645772,.0281041784749537,.285176650963334,stata_areg_centered_student_vce_unadjusted,118,757999
25599,All,high_inst_m1,-.0348258802056185,-.0734075823832152,.0222071117537168,.182405199014691,stata_areg_centered_student_vce_unadjusted,227,757999
25602,All,high_inst_m1,.128746445794982,.0901647436173855,.0420354300880994,.449579282874765,stata_areg_centered_student_vce_unadjusted,111,757999
25611,All,high_inst_m1,.407777110080334,.369195407902737,.0534113093174053,.467984037125375,stata_areg_centered_student_vce_unadjusted,55,757999
25613,All,high_inst_m1,.0636069539581458,.0250252517805491,.0285800737758808,.369923897476553,stata_areg_centered_student_vce_unadjusted,274,757999
25615,All,high_inst_m1,.0203580028817068,-.0182236992958899,.031601288660628,.168562506348655,stata_areg_centered_student_vce_unadjusted,134,757999
25625,All,high_inst_m1,.183882411095214,.145300708917617,.0553211861219195,.431335257867027,stata_areg_centered_student_vce_unadjusted,96,757999
25630,All,high_inst_m1,.050086254867426,.0115045526898293,.207363631202917,.0728828572471873,stata_areg_centered_student_vce_unadjusted,2,757999
25633,All,high_inst_m1,.00765272464705684,-.0309289775305398,.0396357193258635,.0629051971481279,stata_areg_centered_student_vce_unadjusted,54,757999
25640,All,high_inst_m1,.124695351663859,.0861136494862622,.0287695579992358,.461169724707301,stata_areg_centered_student_vce_unadjusted,235,757999
25644,All,high_inst_m1,.127001731022759,.0884200288451624,.0256106509776382,.399863087513214,stata_areg_centered_student_vce_unadjusted,206,757999
25645,All,high_inst_m1,-.00242059857575313,-.0410023007533498,.0095297980847635,.263035886088664,stata_areg_centered_student_vce_unadjusted,1209,757999
25650,All,high_inst_m1,.238966241814856,.200384539637259,.0241354745210824,.474581159339581,stata_areg_centered_student_vce_unadjusted,524,757999
25654,All,high_inst_m1,.499843776209856,.461262074032259,.0477087817254094,.275667981085982,stata_areg_centered_student_vce_unadjusted,554,757999
25655,All,high_inst_m1,.0618418718780421,.0232601697004454,.0286383473890294,.39014644659188,stata_areg_centered_student_vce_unadjusted,205,757999
25666,All,high_inst_m1,.0429154853633581,.00433378318576143,.0405750127602931,.376157006858452,stata_areg_centered_student_vce_unadjusted,62,757999
25669,All,high_inst_m1,.482873262690493,.444291560512896,.0442248456903929,.338569838073801,stata_areg_centered_student_vce_unadjusted,185,757999
25671,All,high_inst_m1,.0170659451437805,-.0215157570338162,.0385793225376325,.0539407597554399,stata_areg_centered_student_vce_unadjusted,62,757999
25675,All,high_inst_m1,.207073809520187,.16849210734259,.0289860320308045,.464188111971084,stata_areg_centered_student_vce_unadjusted,267,757999
25676,All,high_inst_m1,-.0153121743512664,-.0538938765288631,.0189883789905005,.218615679525192,stata_areg_centered_student_vce_unadjusted,413,757999
25681,All,high_inst_m1,.0187364190584474,-.0198452831191493,.0410476827046496,.35373321647511,stata_areg_centered_student_vce_unadjusted,76,757999
25692,All,high_inst_m1,.194692956979739,.156111254802143,.0690483316438123,.457118846738771,stata_areg_centered_student_vce_unadjusted,92,757999
25693,All,high_inst_m1,.0898753134102372,.0512936112326405,.040624177969524,.436814834657002,stata_areg_centered_student_vce_unadjusted,161,757999
25695,All,high_inst_m1,.0802975990490755,.0417158968714788,.0374936073903956,.450063629119053,stata_areg_centered_student_vce_unadjusted,248,757999
25697,All,high_inst_m1,.0739495586921108,.0353678565145141,.041206521794086,.337766083282875,stata_areg_centered_student_vce_unadjusted,106,757999
25698,All,high_inst_m1,.0242125129484749,-.0143691892291218,.0584998843093708,.052340990792556,stata_areg_centered_student_vce_unadjusted,25,757999
25700,All,high_inst_m1,.0213999990660654,-.0171817031115313,.0246505519952936,.379800860787285,stata_areg_centered_student_vce_unadjusted,251,757999
25703,All,high_inst_m1,.146049933924223,.107468231746626,.0380318980270203,.45078352846544,stata_areg_centered_student_vce_unadjusted,176,757999
25704,All,high_inst_m1,.0306924313364653,-.00788927084113143,.0276783080209956,.385180723043333,stata_areg_centered_student_vce_unadjusted,269,757999
25709,All,high_inst_m1,.0429944757025534,.00441277352495673,.0246117586876831,.347651450750538,stata_areg_centered_student_vce_unadjusted,268,757999
25711,All,high_inst_m1,.0771476264542426,.0385659242766459,.0301882370219291,.258434510542291,stata_areg_centered_student_vce_unadjusted,177,757999
25712,All,high_inst_m1,.0428775873483569,.00429588517076025,.0412897738334122,.341382330370711,stata_areg_centered_student_vce_unadjusted,60,757999
25713,All,high_inst_m1,.0892084458727123,.0506267436951156,.0337522026235057,.44039090232153,stata_areg_centered_student_vce_unadjusted,141,757999
25714,All,high_inst_m1,.0763329314128412,.0377512292352445,.0241127029764467,.36147174203608,stata_areg_centered_student_vce_unadjusted,209,757999
25716,All,high_inst_m1,.0528580861108253,.0142763839332286,.0245717993395473,.396126437430733,stata_areg_centered_student_vce_unadjusted,222,757999
25717,All,high_inst_m1,.0777528698292295,.0391711676516329,.0190683410981561,.407927421951019,stata_areg_centered_student_vce_unadjusted,434,757999
25718,All,high_inst_m1,-.0266783037837808,-.0652600059613775,.0424212313384961,.295452788316402,stata_areg_centered_student_vce_unadjusted,62,757999
25722,All,high_inst_m1,.323333081106049,.284751378928452,.0400615624519688,.462906069756004,stata_areg_centered_student_vce_unadjusted,232,757999
25723,All,high_inst_m1,.00959799858478284,-.0289837035928138,.0752934545408966,.0475872367192793,stata_areg_centered_student_vce_unadjusted,15,757999
25724,All,high_inst_m1,.144929306320604,.106347604143007,.0317124855066059,.459301633439731,stata_areg_centered_student_vce_unadjusted,254,757999
25725,All,high_inst_m1,.120479570113254,.0818978679356576,.0245706822171745,.44945295346734,stata_areg_centered_student_vce_unadjusted,274,757999
25727,All,high_inst_m1,.0955751034235524,.0569934012459557,.0235268319598834,.427189468438049,stata_areg_centered_student_vce_unadjusted,413,757999
25735,All,high_inst_m1,.0249184595931575,-.0136632425844392,.0415377349407996,.057423272123957,stata_areg_centered_student_vce_unadjusted,49,757999
25736,All,high_inst_m1,.0165850288727747,-.021996673304822,.0326423482852664,.0552019997756615,stata_areg_centered_student_vce_unadjusted,80,757999
25737,All,high_inst_m1,.0217187193637253,-.0168629828138714,.0288663528603696,.252747451189183,stata_areg_centered_student_vce_unadjusted,153,757999
25739,All,high_inst_m1,.0878096409758097,.049227938798213,.0224287650681554,.387693474356025,stata_areg_centered_student_vce_unadjusted,337,757999
25749,All,high_inst_m1,.056243751958859,.0176620497812624,.0178836362359653,.420672632688475,stata_areg_centered_student_vce_unadjusted,758,757999
25751,All,high_inst_m1,.06639388356125,.0278121813836533,.0219256721917696,.405840674903576,stata_areg_centered_student_vce_unadjusted,301,757999
25752,All,high_inst_m1,.0251580455603263,-.0134236566172704,.0596030662032721,.0665498575904127,stata_areg_centered_student_vce_unadjusted,24,757999
25753,All,high_inst_m1,.0234650992245606,-.0151166029530361,.0363068522177423,.11626474276029,stata_areg_centered_student_vce_unadjusted,65,757999
25766,All,high_inst_m1,.0241317315730717,-.014449970604525,.020494104119503,.338198328296361,stata_areg_centered_student_vce_unadjusted,383,757999
25767,All,high_inst_m1,.0732995152454771,.0347178130678804,.0384531397003881,.367299225240147,stata_areg_centered_student_vce_unadjusted,67,757999
25770,All,high_inst_m1,.276995883013025,.238414180835429,.0162930364787796,.467867837264283,stata_areg_centered_student_vce_unadjusted,874,757999
25775,All,high_inst_m1,-.0283663595370564,-.0669480617146531,.0662080463248865,.0493120923551084,stata_areg_centered_student_vce_unadjusted,19,757999
25779,All,high_inst_m1,.0425101055175141,.00392840333991745,.0218658104991831,.259174816093517,stata_areg_centered_student_vce_unadjusted,325,757999
25781,All,high_inst_m1,.107404443559059,.0688227413814619,.0277466326199554,.42020965564902,stata_areg_centered_student_vce_unadjusted,442,757999
25783,All,high_inst_m1,.0939577815723558,.0553760793947591,.0446171359181184,.310693244126954,stata_areg_centered_student_vce_unadjusted,92,757999
25785,All,high_inst_m1,.0650549403221626,.0264732381445659,.0282433417820066,.402529607429629,stata_areg_centered_student_vce_unadjusted,129,757999
25790,All,high_inst_m1,-.00518235190492977,-.0437640540825265,.0334948729910536,.177263075126488,stata_areg_centered_student_vce_unadjusted,100,757999
25795,All,high_inst_m1,.0316898390022606,-.00689186317533612,.0201093594696382,.301759903814131,stata_areg_centered_student_vce_unadjusted,275,757999
25798,All,high_inst_m1,.02207171107002,-.0165099911075767,.0293539460630166,.25159986351199,stata_areg_centered_student_vce_unadjusted,112,757999
25804,All,high_inst_m1,-.012973934268469,-.0515556364460657,.0229759306948174,.363286464787381,stata_areg_centered_student_vce_unadjusted,406,757999
25812,All,high_inst_m1,.0280963145239272,-.0104853876536695,.102667409948402,.0721280485493188,stata_areg_centered_student_vce_unadjusted,8,757999
25814,All,high_inst_m1,-.0127571323714861,-.0513388345490828,.0389867260154492,.274280073138992,stata_areg_centered_student_vce_unadjusted,102,757999
25818,All,high_inst_m1,.00473191640403117,-.0338497857735655,.0166077311227989,.163195679546549,stata_areg_centered_student_vce_unadjusted,308,757999
25824,All,high_inst_m1,-.00266330587396444,-.0412450080515611,.0137513577501589,.183297575316095,stata_areg_centered_student_vce_unadjusted,531,757999
25825,All,high_inst_m1,.47885109296234,.440269390784744,.0499092875716162,.365187881756055,stata_areg_centered_student_vce_unadjusted,128,757999
25826,All,high_inst_m1,.0709631944771164,.0323814922995197,.04815294280818,.345844069017791,stata_areg_centered_student_vce_unadjusted,56,757999
25829,All,high_inst_m1,.0605916618828932,.0220099597052965,.0296558490499091,.412746199038083,stata_areg_centered_student_vce_unadjusted,289,757999
25832,All,high_inst_m1,.100032778255788,.0614510760781909,.0394723841108344,.40380506888195,stata_areg_centered_student_vce_unadjusted,94,757999
25839,All,high_inst_m1,.175748599383811,.137166897206214,.0909605685398508,.324342828104133,stata_areg_centered_student_vce_unadjusted,12,757999
25842,All,high_inst_m1,.122741817682762,.0841601155051656,.0303948513958068,.454129052954988,stata_areg_centered_student_vce_unadjusted,161,757999
25843,All,high_inst_m1,.0639065872620111,.0253248850844145,.0597812168165573,.462080234805281,stata_areg_centered_student_vce_unadjusted,253,757999
25845,All,high_inst_m1,.0606342400459539,.0220525378683572,.206005064646842,.0391772525381568,stata_areg_centered_student_vce_unadjusted,2,757999
25850,All,high_inst_m1,.0462795188574434,.00769781667984668,.0327021229060561,.409728529364482,stata_areg_centered_student_vce_unadjusted,149,757999
25852,All,high_inst_m1,.162551283680775,.123969581503178,.0318166534783972,.457081038980451,stata_areg_centered_student_vce_unadjusted,242,757999
25853,All,high_inst_m1,-.00818368972727104,-.0467653919048677,.0134250800288073,.175497123885603,stata_areg_centered_student_vce_unadjusted,596,757999
25855,All,high_inst_m1,.0982086932740262,.0596269910964295,.0205491066611751,.425048948491286,stata_areg_centered_student_vce_unadjusted,701,757999
25865,All,high_inst_m1,.0522683701814398,.0136866680038431,.0284116788974473,.279930646977912,stata_areg_centered_student_vce_unadjusted,151,757999
25874,All,high_inst_m1,.0000141391434981043,-.0385675630340986,.144281853565804,.0406112023894835,stata_areg_centered_student_vce_unadjusted,4,757999
25876,All,high_inst_m1,.00468214585249657,-.0338995563251001,.0401445250711548,.0614121060718912,stata_areg_centered_student_vce_unadjusted,53,757999
25882,All,high_inst_m1,.0416951848546324,.00311348267703572,.0260827213771006,.339939021624072,stata_areg_centered_student_vce_unadjusted,236,757999
25885,All,high_inst_m1,.125186755742443,.0866050535648462,.0269770263298663,.43606060806084,stata_areg_centered_student_vce_unadjusted,274,757999
25894,All,high_inst_m1,.0462637037002847,.00768200152268798,.0331800875066113,.398936369917571,stata_areg_centered_student_vce_unadjusted,137,757999
25895,All,high_inst_m1,.0386279604434823,.0000462582658856334,.0226540249758461,.284918116681314,stata_areg_centered_student_vce_unadjusted,299,757999
25899,All,high_inst_m1,-.019610061225565,-.0581917634031617,.0235681909431162,.126728407854132,stata_areg_centered_student_vce_unadjusted,228,757999
25916,All,high_inst_m1,.027844348937275,-.0107373532403216,.0291473406796188,.320853629177126,stata_areg_centered_student_vce_unadjusted,245,757999
25919,All,high_inst_m1,.0881930932971561,.0496113911195594,.040161747028381,.401003127175373,stata_areg_centered_student_vce_unadjusted,125,757999
25921,All,high_inst_m1,-.000613967178540631,-.0391956693561373,.0370776157524129,.296727102475593,stata_areg_centered_student_vce_unadjusted,111,757999
25922,All,high_inst_m1,.0166914159045025,-.0218902862730942,.026293122010609,.339431240109654,stata_areg_centered_student_vce_unadjusted,261,757999
25926,All,high_inst_m1,-.0143897714770183,-.052971473654615,.0182984399707304,.216715467856954,stata_areg_centered_student_vce_unadjusted,435,757999
25929,All,high_inst_m1,.0231925770679824,-.0153891251096143,.0326361459995958,.244208718909106,stata_areg_centered_student_vce_unadjusted,242,757999
25932,All,high_inst_m1,.0451787771606867,.00659707498308998,.0435647683637261,.152585423353911,stata_areg_centered_student_vce_unadjusted,45,757999
25936,All,high_inst_m1,-.015098186510629,-.0536798886882257,.0337450958552735,.275018749197383,stata_areg_centered_student_vce_unadjusted,135,757999
25938,All,high_inst_m1,.0430001653653379,.00441846318774122,.0351110668070436,.132059808909867,stata_areg_centered_student_vce_unadjusted,69,757999
25944,All,high_inst_m1,.087082342806768,.0485006406291714,.0252002780122451,.372402425350852,stata_areg_centered_student_vce_unadjusted,197,757999
25950,All,high_inst_m1,-.014201865647982,-.0527835678255787,.026478875694076,.173248021267641,stata_areg_centered_student_vce_unadjusted,128,757999
25951,All,high_inst_m1,.0100813214034762,-.0285003807741205,.0592516666351513,.065640210328731,stata_areg_centered_student_vce_unadjusted,24,757999
25954,All,high_inst_m1,-.00934224856507807,-.0479239507426747,.037019694922811,.209400066807568,stata_areg_centered_student_vce_unadjusted,78,757999
25960,All,high_inst_m1,.0715972521795643,.0330155500019677,.0229641761587608,.286563465605083,stata_areg_centered_student_vce_unadjusted,219,757999
25961,All,high_inst_m1,.187334003807221,.148752301629624,.0225779623735193,.450725371874334,stata_areg_centered_student_vce_unadjusted,437,757999
25969,All,high_inst_m1,.0504325528738319,.0118508506962352,.0177623520749161,.332778909084175,stata_areg_centered_student_vce_unadjusted,634,757999
25977,All,high_inst_m1,-.0170265768513777,-.0556082790289743,.0665587697052602,.0720357902018769,stata_areg_centered_student_vce_unadjusted,19,757999
25978,All,high_inst_m1,.00634075584853634,-.0322409463290603,.289379837908317,.,stata_areg_centered_student_vce_unadjusted,1,757999
25982,All,high_inst_m1,.0245804317961777,-.014001270381419,.0570225500180336,.0572998915716849,stata_areg_centered_student_vce_unadjusted,26,757999
25984,All,high_inst_m1,-.0174998377571265,-.0560815399347232,.033574593946322,.246156933045481,stata_areg_centered_student_vce_unadjusted,122,757999
25988,All,high_inst_m1,.0470035384110747,.00842183623347805,.0236166137541714,.288377660824841,stata_areg_centered_student_vce_unadjusted,331,757999
25995,All,high_inst_m1,-.00877680843876728,-.047358510616364,.0141351752316559,.154835768267156,stata_areg_centered_student_vce_unadjusted,452,757999
25999,All,high_inst_m1,.0666301274241532,.0280484252465565,.0178904374273202,.406759490289991,stata_areg_centered_student_vce_unadjusted,852,757999
26001,All,high_inst_m1,.202073059076304,.163491356898707,.0281901151193331,.462270630840836,stata_areg_centered_student_vce_unadjusted,441,757999
26006,All,high_inst_m1,.0334172430343763,-.00516445914322041,.0355950829739266,.340918229352529,stata_areg_centered_student_vce_unadjusted,135,757999
26012,All,high_inst_m1,.00979314219046318,-.0287885599871335,.0214097478915779,.2500279545219,stata_areg_centered_student_vce_unadjusted,310,757999
26017,All,high_inst_m1,.0439551619219369,.00537345974434017,.0310941282496342,.373905993853628,stata_areg_centered_student_vce_unadjusted,138,757999
26019,All,high_inst_m1,.0645674271999342,.0259857250223375,.0749235275582782,.264221380636599,stata_areg_centered_student_vce_unadjusted,15,757999
26025,All,high_inst_m1,.0130791439326273,-.0255025582449694,.0541594729468487,.0608761886260878,stata_areg_centered_student_vce_unadjusted,29,757999
26027,All,high_inst_m1,-.000236382130621528,-.0388180843082182,.0916394848990841,.0627829431383658,stata_areg_centered_student_vce_unadjusted,10,757999
26028,All,high_inst_m1,.113284412176467,.0747027099988702,.0362183189471115,.41202069648243,stata_areg_centered_student_vce_unadjusted,102,757999
26030,All,high_inst_m1,.00153173831095598,-.0370499638666407,.0359335467020471,.288112821940555,stata_areg_centered_student_vce_unadjusted,66,757999
26032,All,high_inst_m1,.0344758795569414,-.00410582262065533,.130114361570608,.0582160364484235,stata_areg_centered_student_vce_unadjusted,5,757999
26033,All,high_inst_m1,.0723653666083479,.0337836644307513,.0232359129940872,.370290152723737,stata_areg_centered_student_vce_unadjusted,462,757999
26035,All,high_inst_m1,.186312766509029,.147731064331432,.0277087037828844,.388845613879783,stata_areg_centered_student_vce_unadjusted,306,757999
26036,All,high_inst_m1,-.0324679721834384,-.0710496743610351,.287817152607536,.,stata_areg_centered_student_vce_unadjusted,1,757999
26037,All,high_inst_m1,.0363016903671819,-.00228001181041481,.0251917345065486,.205522901583467,stata_areg_centered_student_vce_unadjusted,316,757999
26045,All,high_inst_m1,.0326288835063983,-.00595281867119841,.0240105929420562,.303014143895793,stata_areg_centered_student_vce_unadjusted,195,757999
26046,All,high_inst_m1,.248570426398278,.209988724220681,.0286648804724627,.468551331268974,stata_areg_centered_student_vce_unadjusted,313,757999
26048,All,high_inst_m1,.0236356676609514,-.0149460345166453,.0686802605382652,.0538873338881313,stata_areg_centered_student_vce_unadjusted,18,757999
26053,All,high_inst_m1,.0286131037366815,-.00996859844091521,.0225259755223823,.381115051225501,stata_areg_centered_student_vce_unadjusted,345,757999
26054,All,high_inst_m1,.0423962857059244,.00381458352832768,.0663896070159806,.21140049123927,stata_areg_centered_student_vce_unadjusted,19,757999
26061,All,high_inst_m1,.0280047029899965,-.0105769991876002,.045489205430261,.0531741567026473,stata_areg_centered_student_vce_unadjusted,41,757999
26062,All,high_inst_m1,-.0197260002775172,-.0583077024551139,.080546474788414,.069959795706947,stata_areg_centered_student_vce_unadjusted,13,757999
26063,All,high_inst_m1,.0208252271364855,-.0177564750411112,.0747898774952329,.0624241522181783,stata_areg_centered_student_vce_unadjusted,15,757999
26070,All,high_inst_m1,.0349093284581101,-.00367237371948655,.166634680057255,.114550664523395,stata_areg_centered_student_vce_unadjusted,3,757999
26075,All,high_inst_m1,.0633062834150065,.0247245812374098,.0435873469761718,.308175377712412,stata_areg_centered_student_vce_unadjusted,80,757999
26077,All,high_inst_m1,.0276831779244121,-.0108985242531845,.0804980432297057,.0458175290886896,stata_areg_centered_student_vce_unadjusted,13,757999
26080,All,high_inst_m1,.460165338700572,.421583636522975,.0379698025123447,.448078743264022,stata_areg_centered_student_vce_unadjusted,131,757999
26083,All,high_inst_m1,.0277086000575369,-.0108731021200598,.0353303096691758,.325185021696307,stata_areg_centered_student_vce_unadjusted,163,757999
26084,All,high_inst_m1,-.0242496263255003,-.0628313285030969,.0374527334721266,.0600257147084293,stata_areg_centered_student_vce_unadjusted,68,757999
26085,All,high_inst_m1,.0181530617599217,-.020428640417675,.0567753372257978,.221499717500506,stata_areg_centered_student_vce_unadjusted,26,757999
26087,All,high_inst_m1,.02891962949807,-.00966207267952667,.0568688360394476,.063216411903247,stata_areg_centered_student_vce_unadjusted,26,757999
26092,All,high_inst_m1,.036547607444032,-.00203409473356473,.0241450289618632,.34235949401865,stata_areg_centered_student_vce_unadjusted,220,757999
26094,All,high_inst_m1,.00697945756721717,-.0316022446103795,.0384877458723611,.317558530868118,stata_areg_centered_student_vce_unadjusted,169,757999
26110,All,high_inst_m1,-.0211227709527381,-.0597044731303348,.0227683203305928,.305934110273758,stata_areg_centered_student_vce_unadjusted,317,757999
26115,All,high_inst_m1,.0104931583263643,-.0280885438512324,.0160592876315679,.328641358524442,stata_areg_centered_student_vce_unadjusted,454,757999
26117,All,high_inst_m1,.0538575564239911,.0152758542463944,.03021795966831,.287116432223239,stata_areg_centered_student_vce_unadjusted,220,757999
26134,All,high_inst_m1,.037356954762413,-.00122474741518364,.0338516976662211,.394431283374054,stata_areg_centered_student_vce_unadjusted,80,757999
26135,All,high_inst_m1,.0386559761215334,.0000742739439366993,.0217652223292191,.323714610350047,stata_areg_centered_student_vce_unadjusted,453,757999
26137,All,high_inst_m1,.0340100460447343,-.00457165613286243,.0373665271145589,.320045729437672,stata_areg_centered_student_vce_unadjusted,89,757999
26138,All,high_inst_m1,-.0236960788939685,-.0622777810715652,.288001782010992,.,stata_areg_centered_student_vce_unadjusted,1,757999
26143,All,high_inst_m1,.0313548048435182,-.00722689733407846,.050497222230359,.0797576788066549,stata_areg_centered_student_vce_unadjusted,34,757999
26150,All,high_inst_m1,.0360776622784444,-.00250403989915233,.0349868455523242,.305652706548903,stata_areg_centered_student_vce_unadjusted,108,757999
26155,All,high_inst_m1,.334380937457335,.295799235279738,.0437108164760683,.457497201694866,stata_areg_centered_student_vce_unadjusted,221,757999
26157,All,high_inst_m1,.0157911995259736,-.022790502651623,.0228424169098705,.169443057802703,stata_areg_centered_student_vce_unadjusted,244,757999
26164,All,high_inst_m1,.0294142764582072,-.00916742571938945,.0336241552739652,.24673440774814,stata_areg_centered_student_vce_unadjusted,90,757999
26168,All,high_inst_m1,.0340134506223997,-.00456825155519699,.0210468374028063,.233452667485871,stata_areg_centered_student_vce_unadjusted,204,757999
26201,All,high_inst_m1,-.0237684752166311,-.0623501773942277,.0568424334520099,.0817985807050382,stata_areg_centered_student_vce_unadjusted,26,757999
26209,All,high_inst_m1,.0136850269831551,-.0248966751944416,.0377089019253677,.200160175351712,stata_areg_centered_student_vce_unadjusted,76,757999
26213,All,high_inst_m1,-.0441412738504064,-.0827229760280031,.204977712108569,.0426395726318382,stata_areg_centered_student_vce_unadjusted,2,757999
26214,All,high_inst_m1,.0238270900777384,-.0147546120998583,.0603366060131443,.191019104444438,stata_areg_centered_student_vce_unadjusted,23,757999
26219,All,high_inst_m1,.0401475884958889,.00156588631829221,.0276538394938607,.179981936505534,stata_areg_centered_student_vce_unadjusted,146,757999
26225,All,high_inst_m1,.00233511173634036,-.0362465904412563,.0392661283837673,.0639396890843628,stata_areg_centered_student_vce_unadjusted,56,757999
26228,All,high_inst_m1,-.189250868603695,-.227832570781292,.145773157510388,.134168529962114,stata_areg_centered_student_vce_unadjusted,4,757999
26238,All,high_inst_m1,.46504802402862,.426466321851023,.0355768296989867,.427600121229517,stata_areg_centered_student_vce_unadjusted,211,757999
26254,All,high_inst_m1,.0248052449142495,-.0137764572633471,.0305891437371286,.290063925562988,stata_areg_centered_student_vce_unadjusted,143,757999
26260,All,high_inst_m1,.0114712330296178,-.0271104691479789,.0239776990072746,.360990202555376,stata_areg_centered_student_vce_unadjusted,410,757999
26268,All,high_inst_m1,.0211815737284176,-.0174001284491791,.0288535875398251,.425842168758993,stata_areg_centered_student_vce_unadjusted,186,757999
26269,All,high_inst_m1,.0291918244359556,-.00938987774164113,.0341638716113694,.296143729210107,stata_areg_centered_student_vce_unadjusted,283,757999
26272,All,high_inst_m1,.0855310540555919,.0469493518779952,.0318989270773006,.444919922968914,stata_areg_centered_student_vce_unadjusted,215,757999
26274,All,high_inst_m1,.0672086072664617,.028626905088865,.0630250798863424,.260376303445571,stata_areg_centered_student_vce_unadjusted,26,757999
26286,All,high_inst_m1,-.0154769373872463,-.0540586395648429,.0964612884910543,.0674635131041251,stata_areg_centered_student_vce_unadjusted,9,757999
26292,All,high_inst_m1,.00730339508761848,-.0312783070899782,.0143456375937335,.212297985068681,stata_areg_centered_student_vce_unadjusted,455,757999
26297,All,high_inst_m1,.100011260931997,.0614295587544002,.0799508770188454,.468071247264567,stata_areg_centered_student_vce_unadjusted,16,757999
26303,All,high_inst_m1,.015142841952668,-.0234388602249287,.022164986048204,.167283777233811,stata_areg_centered_student_vce_unadjusted,186,757999
26305,All,high_inst_m1,.225664439863911,.187082737686314,.0955909409213006,.48663388996618,stata_areg_centered_student_vce_unadjusted,10,757999
26311,All,high_inst_m1,.409727583346551,.371145881168954,.0511030316442305,.418125910974816,stata_areg_centered_student_vce_unadjusted,119,757999
26324,All,high_inst_m1,.00246154898049301,-.0361201531971037,.0331057167890714,.301238829933647,stata_areg_centered_student_vce_unadjusted,94,757999
26328,All,high_inst_m1,.1008554585904,.0622737564128028,.057881330963948,.40166189091697,stata_areg_centered_student_vce_unadjusted,44,757999
26333,All,high_inst_m1,.010313324738845,-.0282683774387517,.0267126478700082,.128936285774316,stata_areg_centered_student_vce_unadjusted,120,757999
26335,All,high_inst_m1,.351235685059303,.312653982881707,.0407848432620097,.424627070774657,stata_areg_centered_student_vce_unadjusted,377,757999
26362,All,high_inst_m1,.011746990567008,-.0268347116105887,.0241977838531938,.273163005645194,stata_areg_centered_student_vce_unadjusted,182,757999
26365,All,high_inst_m1,.0590023800865642,.0204206779089675,.0241730911907756,.313680218453739,stata_areg_centered_student_vce_unadjusted,391,757999
26367,All,high_inst_m1,-.00176017746546077,-.0403418796430575,.0264790946824962,.36404100573034,stata_areg_centered_student_vce_unadjusted,376,757999
26368,All,high_inst_m1,.025040893201507,-.0135408089760897,.0433221173504802,.336620362733451,stata_areg_centered_student_vce_unadjusted,134,757999
26371,All,high_inst_m1,.00372439099506527,-.0348573111825314,.0335983200655156,.169933918098516,stata_areg_centered_student_vce_unadjusted,75,757999
26372,All,high_inst_m1,-.00740076703702546,-.0459824692146221,.0275522314573472,.222997365336557,stata_areg_centered_student_vce_unadjusted,211,757999
26378,All,high_inst_m1,.127461168518476,.088879466340879,.0398869726987172,.436868580170601,stata_areg_centered_student_vce_unadjusted,141,757999
26379,All,high_inst_m1,.0367692114843873,-.00181249069320939,.0255519802365369,.378849780628982,stata_areg_centered_student_vce_unadjusted,262,757999
26381,All,high_inst_m1,.0141284680527437,-.024453234124853,.0229216291100864,.357831077157597,stata_areg_centered_student_vce_unadjusted,252,757999
26383,All,high_inst_m1,.0726060423261298,.0340243401485331,.02950114265608,.334641089769937,stata_areg_centered_student_vce_unadjusted,156,757999
26384,All,high_inst_m1,-.0247689986726468,-.0633507008502434,.0294690394830502,.144597001646005,stata_areg_centered_student_vce_unadjusted,102,757999
26399,All,high_inst_m1,.215893743857984,.177312041680388,.0266550315651618,.466861287343845,stata_areg_centered_student_vce_unadjusted,260,757999
26405,All,high_inst_m1,.0450336923145079,.00645199013691126,.0153708560387793,.344929783161937,stata_areg_centered_student_vce_unadjusted,458,757999
26411,All,high_inst_m1,.0292226929152375,-.0093590092623592,.0247171815970859,.309038181491501,stata_areg_centered_student_vce_unadjusted,196,757999
26416,All,high_inst_m1,-.0142924472794783,-.052874149457075,.0227427490629411,.146657877935405,stata_areg_centered_student_vce_unadjusted,169,757999
26426,All,high_inst_m1,-.0324225733494612,-.0710042755270579,.109018521795009,.0630740427737688,stata_areg_centered_student_vce_unadjusted,9,757999
26434,All,high_inst_m1,.014330966212823,-.0242507359647737,.0328101539699866,.05868621693494,stata_areg_centered_student_vce_unadjusted,88,757999
26436,All,high_inst_m1,.0228096623627608,-.0157720398148359,.0148298295023353,.332444670977618,stata_areg_centered_student_vce_unadjusted,675,757999
26454,All,high_inst_m1,.0491635464521036,.0105818442745069,.0219992437105333,.322535019650881,stata_areg_centered_student_vce_unadjusted,296,757999
26465,All,high_inst_m1,.0038560220925918,-.0347256800850049,.0299978626084867,.274171162735171,stata_areg_centered_student_vce_unadjusted,133,757999
26466,All,high_inst_m1,.0452025261669609,.00662082398936425,.018385401681732,.274476807275056,stata_areg_centered_student_vce_unadjusted,554,757999
26476,All,high_inst_m1,.0889702774745942,.0503885752969975,.0192791447307408,.444743206346737,stata_areg_centered_student_vce_unadjusted,542,757999
26482,All,high_inst_m1,.0385545181113521,-.0000271840662445927,.0351370245457952,.403446940662474,stata_areg_centered_student_vce_unadjusted,103,757999
26501,All,high_inst_m1,.0525498476552714,.0139681454776747,.0194112301912914,.269290116291179,stata_areg_centered_student_vce_unadjusted,260,757999
26503,All,high_inst_m1,.0589013269764674,.0203196247988707,.0373524664234312,.390436495115103,stata_areg_centered_student_vce_unadjusted,101,757999
26507,All,high_inst_m1,.302896490268216,.264314788090619,.0469331241566495,.44806241074267,stata_areg_centered_student_vce_unadjusted,94,757999
26519,All,high_inst_m1,.00343218204583307,-.0351495201317636,.0873971195737586,.0618963105142501,stata_areg_centered_student_vce_unadjusted,11,757999
26524,All,high_inst_m1,.0878263705812712,.0492446684036745,.0248995075166786,.394485766507639,stata_areg_centered_student_vce_unadjusted,175,757999
26531,All,high_inst_m1,.0152593138101507,-.023322388367446,.118877847753206,.0535708788467084,stata_areg_centered_student_vce_unadjusted,6,757999
26538,All,high_inst_m1,.0441993986377194,.00561769646012267,.0145306560767259,.334477662524735,stata_areg_centered_student_vce_unadjusted,681,757999
30001,All,high_inst_m1,-.0671904700019978,-.105772172179594,.0385461777861585,.153274315420115,stata_areg_centered_student_vce_unadjusted,140,757999
30003,All,high_inst_m1,-.00792319381868707,-.0465048959962837,.0229656390723292,.152117257171574,stata_areg_centered_student_vce_unadjusted,246,757999
30013,All,high_inst_m1,.0243405783607492,-.0142411238168475,.0410953415490818,.391746703474825,stata_areg_centered_student_vce_unadjusted,70,757999
31002,All,high_inst_m1,-.0509317119043719,-.0895134140819686,.0359313797552002,.074979377029146,stata_areg_centered_student_vce_unadjusted,80,757999
31005,All,high_inst_m1,-.026720469310555,-.0653021714881517,.0526967143815666,.0688211862914668,stata_areg_centered_student_vce_unadjusted,42,757999
31010,All,high_inst_m1,-.111926986665737,-.150508688843334,.0238897590360544,.172175168676594,stata_areg_centered_student_vce_unadjusted,386,757999
31011,All,high_inst_m1,.0486760495862606,.0100943474086639,.144742615163762,.020953403291293,stata_areg_centered_student_vce_unadjusted,4,757999
31012,All,high_inst_m1,-.0339482362635033,-.0725299384411,.0460975717052184,.140048119404272,stata_areg_centered_student_vce_unadjusted,57,757999
31030,All,high_inst_m1,-.0116301728457303,-.050211875023327,.0107208298141416,.179000112779371,stata_areg_centered_student_vce_unadjusted,801,757999
31034,All,high_inst_m1,.0376250182596611,-.000956683917935561,.0581075077514903,.212441278549181,stata_areg_centered_student_vce_unadjusted,25,757999
31037,All,high_inst_m1,.0980793034614397,.059497601283843,.0158032196291222,.396210142801245,stata_areg_centered_student_vce_unadjusted,587,757999
31039,All,high_inst_m1,-.0124655649271181,-.0510472671047148,.117650636536895,.082990314525757,stata_areg_centered_student_vce_unadjusted,6,757999
31040,All,high_inst_m1,.0796164279823499,.0410347258047533,.0349020588158788,.437879200603607,stata_areg_centered_student_vce_unadjusted,100,757999
31042,All,high_inst_m1,-.00378293269351632,-.042364634871113,.0476205485237739,.417446927098989,stata_areg_centered_student_vce_unadjusted,57,757999
31047,All,high_inst_m1,-.0185184878661559,-.0571001900437526,.0367551453434391,.371244964221207,stata_areg_centered_student_vce_unadjusted,64,757999
31048,All,high_inst_m1,.0495970604684158,.0110153582908191,.0455230573207141,.0491659142757276,stata_areg_centered_student_vce_unadjusted,41,757999
31052,All,high_inst_m1,.0721556034112252,.0335739012336285,.0327085240147859,.380594271717814,stata_areg_centered_student_vce_unadjusted,144,757999
31064,All,high_inst_m1,.00521035280040714,-.0333713493771895,.0231717270686439,.129529872070156,stata_areg_centered_student_vce_unadjusted,180,757999
31065,All,high_inst_m1,.077807349804626,.0392256476270293,.0213868670433973,.397143411092599,stata_areg_centered_student_vce_unadjusted,460,757999
31066,All,high_inst_m1,.0899715024003545,.0513898002227578,.0363375552942776,.330673525545936,stata_areg_centered_student_vce_unadjusted,101,757999
31068,All,high_inst_m1,.0276480852031397,-.010933616974457,.0264541830044313,.221060411095274,stata_areg_centered_student_vce_unadjusted,144,757999
31071,All,high_inst_m1,.102540312377062,.0639586101994649,.0222073071468113,.428041179168766,stata_areg_centered_student_vce_unadjusted,601,757999
31074,All,high_inst_m1,.144050495218991,.105468793041394,.0198675706401865,.449909770791832,stata_areg_centered_student_vce_unadjusted,572,757999
31078,All,high_inst_m1,.214378080516758,.175796378339161,.0372701649508597,.479386223514808,stata_areg_centered_student_vce_unadjusted,312,757999
31080,All,high_inst_m1,.00638481607243153,-.0321968861051652,.0273660236400591,.215706871071936,stata_areg_centered_student_vce_unadjusted,152,757999
31083,All,high_inst_m1,.0895038255823638,.0509221234047672,.0190261511211627,.384986095950058,stata_areg_centered_student_vce_unadjusted,415,757999
31084,All,high_inst_m1,-.0414330230969877,-.0800147252745844,.0457447154181429,.0586669901169264,stata_areg_centered_student_vce_unadjusted,47,757999
31085,All,high_inst_m1,-.0667826354347359,-.105364337612333,.0212813572392409,.180133730770354,stata_areg_centered_student_vce_unadjusted,344,757999
31087,All,high_inst_m1,-.0708551319657597,-.109436834143356,.0331610136073668,.169427675175301,stata_areg_centered_student_vce_unadjusted,105,757999
31098,All,high_inst_m1,-.0280168270626355,-.0665985292402322,.132362088389211,.093220280763874,stata_areg_centered_student_vce_unadjusted,5,757999
31103,All,high_inst_m1,-.061273760012894,-.0998554621904907,.036132641587704,.166362505716997,stata_areg_centered_student_vce_unadjusted,304,757999
31106,All,high_inst_m1,-.0661969285420881,-.104778630719685,.041222164933307,.0826084363334639,stata_areg_centered_student_vce_unadjusted,98,757999
31107,All,high_inst_m1,.0965479192656115,.0579662170880148,.124308968673405,.379577813354934,stata_areg_centered_student_vce_unadjusted,6,757999
31110,All,high_inst_m1,-.0473933153605636,-.0859750175381603,.029508572058271,.313702543384431,stata_areg_centered_student_vce_unadjusted,305,757999
31116,All,high_inst_m1,-.0292917601861058,-.0678734623637025,.0157340870926353,.144524088026412,stata_areg_centered_student_vce_unadjusted,530,757999
31124,All,high_inst_m1,.0298010623257224,-.00878063985187431,.0561842731397148,.19525598032417,stata_areg_centered_student_vce_unadjusted,27,757999
31128,All,high_inst_m1,.0353333629970625,-.00324833918053421,.0340040191036017,.256217660167803,stata_areg_centered_student_vce_unadjusted,173,757999
31130,All,high_inst_m1,-.0534098057666417,-.0919915079442384,.0664601714943425,.0770806601023224,stata_areg_centered_student_vce_unadjusted,29,757999
31132,All,high_inst_m1,.0172097942175156,-.0213719079600811,.0664499072420093,.0725327229438638,stata_areg_centered_student_vce_unadjusted,20,757999
31153,All,high_inst_m1,.0477611423470219,.0091794401694252,.0159786801671457,.259014737467026,stata_areg_centered_student_vce_unadjusted,430,757999
31161,All,high_inst_m1,.0244847723703333,-.0140969298072633,.0288950770349075,.314467553841617,stata_areg_centered_student_vce_unadjusted,229,757999
31162,All,high_inst_m1,.0287672686169238,-.00981443356067285,.080665062078773,.0604031279328766,stata_areg_centered_student_vce_unadjusted,13,757999
31163,All,high_inst_m1,.000113895984426593,-.0384678061931701,.0489865640511823,.0628066403822514,stata_areg_centered_student_vce_unadjusted,36,757999
31167,All,high_inst_m1,.0266041585251869,-.0119775436524098,.035064248924924,.227086862053966,stata_areg_centered_student_vce_unadjusted,68,757999
31175,All,high_inst_m1,.0118518795271389,-.0267298226504578,.0422878735380132,.261042395880345,stata_areg_centered_student_vce_unadjusted,67,757999
31187,All,high_inst_m1,.0457546757298882,.00717297355229147,.0881598152561646,.0441908733957405,stata_areg_centered_student_vce_unadjusted,11,757999
31189,All,high_inst_m1,-.23295801304921,-.271539715226807,.166613351262975,.0807294373677206,stata_areg_centered_student_vce_unadjusted,3,757999
31192,All,high_inst_m1,.0300035231287098,-.0085781790488869,.0350268039517538,.0572076107231929,stata_areg_centered_student_vce_unadjusted,70,757999
31194,All,high_inst_m1,.0198119271550214,-.0187697750225753,.0468722652184304,.290680630967705,stata_areg_centered_student_vce_unadjusted,46,757999
31201,All,high_inst_m1,.0885142205436431,.0499325183660464,.0343491622634579,.404782243471904,stata_areg_centered_student_vce_unadjusted,91,757999
31203,All,high_inst_m1,.0846657025941675,.0460840004165708,.0420996337507818,.337248119111471,stata_areg_centered_student_vce_unadjusted,88,757999
31220,All,high_inst_m1,.0138521103627961,-.0247295918148006,.0544853356491794,.044895355856612,stata_areg_centered_student_vce_unadjusted,32,757999
31222,All,high_inst_m1,.097357587291028,.0587758851134313,.0510510301918856,.295477077648689,stata_areg_centered_student_vce_unadjusted,33,757999
31252,All,high_inst_m1,.00360262658754717,-.0349790755900495,.0838898269705265,.0455967791152436,stata_areg_centered_student_vce_unadjusted,12,757999
31253,All,high_inst_m1,.0317534429449481,-.00682825923264858,.0314885047519672,.299767440421592,stata_areg_centered_student_vce_unadjusted,144,757999
31258,All,high_inst_m1,.128848546836051,.0902668446584542,.0493762381609365,.448527471542229,stata_areg_centered_student_vce_unadjusted,35,757999
31260,All,high_inst_m1,-.0119782942066264,-.0505599963842231,.0344687164636696,.265991024132635,stata_areg_centered_student_vce_unadjusted,124,757999
31262,All,high_inst_m1,.0819524036966165,.0433707015190198,.0340849408044336,.324850015602243,stata_areg_centered_student_vce_unadjusted,142,757999
31264,All,high_inst_m1,.0697369015508347,.031155199373238,.039908891555534,.376433160398952,stata_areg_centered_student_vce_unadjusted,100,757999
31265,All,high_inst_m1,-.176259872450798,-.214841574628394,.288202329106026,.,stata_areg_centered_student_vce_unadjusted,1,757999
31267,All,high_inst_m1,.0480218880615549,.00944018588395817,.0855604558735579,.40316330320914,stata_areg_centered_student_vce_unadjusted,13,757999
31271,All,high_inst_m1,.273040900002527,.234459197824931,.0635325627591899,.448894911387345,stata_areg_centered_student_vce_unadjusted,37,757999
31274,All,high_inst_m1,.01705407647495,-.0215276257026466,.0345443462665062,.259911844590223,stata_areg_centered_student_vce_unadjusted,108,757999
31276,All,high_inst_m1,.110194016148881,.0716123139712847,.0336633944222209,.464769618687177,stata_areg_centered_student_vce_unadjusted,190,757999
31278,All,high_inst_m1,-.0043904482309839,-.0429721504085806,.0221128783587799,.221523134198049,stata_areg_centered_student_vce_unadjusted,181,757999
31279,All,high_inst_m1,.074071429237556,.0354897270599594,.0560816468107091,.252303414192807,stata_areg_centered_student_vce_unadjusted,27,757999
31287,All,high_inst_m1,.0520019332943921,.0134202311167954,.0772804458583864,.242235886147855,stata_areg_centered_student_vce_unadjusted,14,757999
31288,All,high_inst_m1,.0721978595263807,.033616157348784,.0247289094235158,.306880500959476,stata_areg_centered_student_vce_unadjusted,157,757999
31290,All,high_inst_m1,.00723051744477749,-.0313511847328192,.0296376408828393,.309251487654664,stata_areg_centered_student_vce_unadjusted,179,757999
31293,All,high_inst_m1,.0755031214458498,.0369214192682532,.0255328751533178,.441929978456212,stata_areg_centered_student_vce_unadjusted,359,757999
31294,All,high_inst_m1,.257781823747354,.219200121569757,.0284973536987883,.46515556953633,stata_areg_centered_student_vce_unadjusted,452,757999
31295,All,high_inst_m1,.123843853690574,.0852621515129778,.0156846108821505,.413907122513238,stata_areg_centered_student_vce_unadjusted,659,757999
31299,All,high_inst_m1,.0389826573853012,.000400955207704536,.0323382500654073,.402911978822348,stata_areg_centered_student_vce_unadjusted,311,757999
31327,All,high_inst_m1,.0958218288243662,.0572401266467695,.0187292735357149,.401702242158115,stata_areg_centered_student_vce_unadjusted,705,757999
31338,All,high_inst_m1,.03241650586212,-.00616519631547671,.0483751152115409,.313580386250857,stata_areg_centered_student_vce_unadjusted,37,757999
31339,All,high_inst_m1,-.0232258801313025,-.0618075823088992,.129205448409022,.0841867828220108,stata_areg_centered_student_vce_unadjusted,6,757999
31340,All,high_inst_m1,.418886290757519,.380304588579922,.0246683551465781,.473207715742687,stata_areg_centered_student_vce_unadjusted,560,757999
31342,All,high_inst_m1,.455142978115367,.41656127593777,.0373381707638448,.47181174676719,stata_areg_centered_student_vce_unadjusted,158,757999
31343,All,high_inst_m1,.174654466621751,.136072764444154,.0164449464115875,.404340900944824,stata_areg_centered_student_vce_unadjusted,440,757999
31344,All,high_inst_m1,.323404784962123,.284823082784527,.109138916463488,.594341577225481,stata_areg_centered_student_vce_unadjusted,7,757999
31345,All,high_inst_m1,.0891986365089576,.050616934331361,.0189267491433408,.279278333368074,stata_areg_centered_student_vce_unadjusted,325,757999
31346,All,high_inst_m1,-.0464962157348322,-.0850779179124289,.0668037683701827,.0665679146508557,stata_areg_centered_student_vce_unadjusted,19,757999
31368,All,high_inst_m1,.0095533570075545,-.0290283451700422,.102440493307713,.0807240679196622,stata_areg_centered_student_vce_unadjusted,8,757999
31373,All,high_inst_m1,.324162877655395,.285581175477798,.050381584079594,.477026283102203,stata_areg_centered_student_vce_unadjusted,106,757999
31375,All,high_inst_m1,.0275272853473823,-.0110544168302143,.0418340286903787,.0796835805904687,stata_areg_centered_student_vce_unadjusted,55,757999
31376,All,high_inst_m1,-.017363028771566,-.0559447309491627,.0519614571001468,.0696227748323155,stata_areg_centered_student_vce_unadjusted,31,757999
31378,All,high_inst_m1,.0514947969134725,.0129130947358758,.0280006829089661,.407988137039514,stata_areg_centered_student_vce_unadjusted,302,757999
31379,All,high_inst_m1,.166276921687937,.127695219510341,.0365487487201994,.404227242744482,stata_areg_centered_student_vce_unadjusted,146,757999
31387,All,high_inst_m1,.218555760647043,.179974058469446,.0246004324037563,.468618506383567,stata_areg_centered_student_vce_unadjusted,215,757999
31388,All,high_inst_m1,-.0159593207703661,-.0545410229479627,.0181766425392092,.18899767160784,stata_areg_centered_student_vce_unadjusted,271,757999
31392,All,high_inst_m1,.138785062397065,.100203360219468,.0420400029782608,.420807169374953,stata_areg_centered_student_vce_unadjusted,67,757999
31395,All,high_inst_m1,-.01776989055494,-.0563515927325367,.10925842367806,.0504498895880752,stata_areg_centered_student_vce_unadjusted,7,757999
31405,All,high_inst_m1,.0197204623657653,-.0188612398118313,.0645897521002735,.0802314944900631,stata_areg_centered_student_vce_unadjusted,21,757999
31407,All,high_inst_m1,-.0459982113806799,-.0845799135582766,.0912508707146514,.104107774770649,stata_areg_centered_student_vce_unadjusted,10,757999
31419,All,high_inst_m1,.0653202587006396,.026738556523043,.0973184226850281,.456220442265452,stata_areg_centered_student_vce_unadjusted,13,757999
31421,All,high_inst_m1,.0303065480379737,-.00827515413962297,.0351054700952838,.284913618350978,stata_areg_centered_student_vce_unadjusted,90,757999
31428,All,high_inst_m1,-.0044114022376923,-.042993104415289,.0331957180405934,.115749731477018,stata_areg_centered_student_vce_unadjusted,82,757999
31432,All,high_inst_m1,.0059431253138979,-.0326385768636988,.022828568057858,.235485371245277,stata_areg_centered_student_vce_unadjusted,182,757999
31438,All,high_inst_m1,.0898256722299458,.0512439700523492,.102288713787746,.41579243326466,stata_areg_centered_student_vce_unadjusted,9,757999
31444,All,high_inst_m1,.0599119922888469,.0213302901112502,.091665050909986,.0588496395300734,stata_areg_centered_student_vce_unadjusted,10,757999
31445,All,high_inst_m1,.03005913432791,-.00852256784968667,.0394700597162477,.374872081341387,stata_areg_centered_student_vce_unadjusted,65,757999
31466,All,high_inst_m1,-.127233982727353,-.16581568490495,.144559074437022,.135790718854552,stata_areg_centered_student_vce_unadjusted,4,757999
31486,All,high_inst_m1,.0319956415564773,-.0065860606211194,.0656903371739219,.0410636828037642,stata_areg_centered_student_vce_unadjusted,20,757999
31494,All,high_inst_m1,-.180624529599079,-.219206231776676,.129605980121742,.166876351041346,stata_areg_centered_student_vce_unadjusted,5,757999
31495,All,high_inst_m1,.090163413639448,.0515817114618513,.0353225527178516,.370367185800121,stata_areg_centered_student_vce_unadjusted,111,757999
31499,All,high_inst_m1,.257015007777377,.218433305599781,.0517827497610018,.468706352616608,stata_areg_centered_student_vce_unadjusted,45,757999
31504,All,high_inst_m1,.411934502735094,.373352800557497,.147239395013865,.484939255639505,stata_areg_centered_student_vce_unadjusted,7,757999
31509,All,high_inst_m1,-.00533922827139672,-.0439209304489934,.0359653756905217,.247120536827071,stata_areg_centered_student_vce_unadjusted,65,757999
32060,All,high_inst_m1,-.072711716186908,-.111293418364505,.206841228783198,.190503593009895,stata_areg_centered_student_vce_unadjusted,2,757999
40008,All,high_inst_m1,.12355916079222,.0849774586146233,.0411247668630485,.342562443695781,stata_areg_centered_student_vce_unadjusted,51,757999
40023,All,high_inst_m1,.0715276533924894,.0329459512148927,.030093644631587,.442494764550498,stata_areg_centered_student_vce_unadjusted,286,757999
40024,All,high_inst_m1,-.0165785119286817,-.0551602141062784,.0188291696666277,.165534759184564,stata_areg_centered_student_vce_unadjusted,394,757999
40025,All,high_inst_m1,-.00283158076003936,-.041413282937636,.0251894498896332,.141282233216262,stata_areg_centered_student_vce_unadjusted,234,757999
40027,All,high_inst_m1,-.00580958504165258,-.0443912872192493,.051978682652428,.359092001867215,stata_areg_centered_student_vce_unadjusted,128,757999
40029,All,high_inst_m1,.0508331098951085,.0122514077175118,.0376468471469377,.311154410733257,stata_areg_centered_student_vce_unadjusted,86,757999
40042,All,high_inst_m1,-.00261430634304089,-.0411960085206376,.0268861521389214,.284297438077918,stata_areg_centered_student_vce_unadjusted,172,757999
40047,All,high_inst_m1,.027643561631575,-.0109381405460216,.290176979010273,.,stata_areg_centered_student_vce_unadjusted,1,757999
40064,All,high_inst_m1,.0956937002895168,.0571119981119201,.033138320907452,.386819228245956,stata_areg_centered_student_vce_unadjusted,138,757999
40073,All,high_inst_m1,.049192801488544,.0106110993109473,.290621960618255,.,stata_areg_centered_student_vce_unadjusted,1,757999
40076,All,high_inst_m1,.0257844109713066,-.0127972912062901,.0261437474739924,.175957714815069,stata_areg_centered_student_vce_unadjusted,134,757999
40080,All,high_inst_m1,-.0177617612256063,-.0563434634032029,.0233452345500239,.192204365792868,stata_areg_centered_student_vce_unadjusted,353,757999
40099,All,high_inst_m1,.0135003053443809,-.0250813968332158,.0309159411463894,.147561857268469,stata_areg_centered_student_vce_unadjusted,132,757999
40102,All,high_inst_m1,.0152015316502565,-.0233801705273402,.0436341844343594,.19564505672207,stata_areg_centered_student_vce_unadjusted,52,757999
40110,All,high_inst_m1,-.081694089250029,-.120275791427626,.0515823973892257,.143928644301642,stata_areg_centered_student_vce_unadjusted,90,757999
40114,All,high_inst_m1,-.0490532066161006,-.0876349087936973,.0247514029372341,.242978888477346,stata_areg_centered_student_vce_unadjusted,549,757999
40115,All,high_inst_m1,-.0144440474323409,-.0530257496099376,.0376802020172712,.0626983608189375,stata_areg_centered_student_vce_unadjusted,64,757999
40125,All,high_inst_m1,.136304473548126,.0977227713705297,.0301251575920153,.431806755880571,stata_areg_centered_student_vce_unadjusted,184,757999
40126,All,high_inst_m1,-.00254510404760797,-.0411268062252046,.0216080711161588,.14652182386058,stata_areg_centered_student_vce_unadjusted,290,757999
40146,All,high_inst_m1,.0213386592899603,-.0172430428876364,.104446218277197,.0367994544654381,stata_areg_centered_student_vce_unadjusted,8,757999
40155,All,high_inst_m1,.0149465670139142,-.0236351351636825,.0294247790741248,.260156537633383,stata_areg_centered_student_vce_unadjusted,156,757999
40160,All,high_inst_m1,.0218362805288265,-.0167454216487702,.0309411266828107,.0519309927504376,stata_areg_centered_student_vce_unadjusted,95,757999
40186,All,high_inst_m1,.0159581718430647,-.022623530334532,.0382851153258958,.123912092637552,stata_areg_centered_student_vce_unadjusted,63,757999
40194,All,high_inst_m1,.0860989217508355,.0475172195732388,.0229361746495533,.348758093655056,stata_areg_centered_student_vce_unadjusted,279,757999
40202,All,high_inst_m1,.167895375403557,.12931367322596,.0611122902749747,.435509179398761,stata_areg_centered_student_vce_unadjusted,68,757999
40205,All,high_inst_m1,-.0461450346967841,-.0847267368743808,.408864892950984,.,stata_areg_centered_student_vce_unadjusted,1,757999
40206,All,high_inst_m1,-.000523005043377354,-.039104707220974,.0547621291012297,.0588246207943803,stata_areg_centered_student_vce_unadjusted,29,757999
40208,All,high_inst_m1,.11492079228216,.0763390901045637,.0480182036387716,.351003452357892,stata_areg_centered_student_vce_unadjusted,39,757999
40230,All,high_inst_m1,-.00341082690829458,-.0419925290858913,.0341060019004888,.0609881001742315,stata_areg_centered_student_vce_unadjusted,87,757999
40231,All,high_inst_m1,.0412303305954011,.00264862841780442,.0367353707452877,.373577824330342,stata_areg_centered_student_vce_unadjusted,124,757999
40248,All,high_inst_m1,.0195171576240526,-.019064544553544,.28826284515168,.,stata_areg_centered_student_vce_unadjusted,1,757999
40251,All,high_inst_m1,-.0352586439155519,-.0738403460931486,.0282142137671534,.324801466329596,stata_areg_centered_student_vce_unadjusted,484,757999
40252,All,high_inst_m1,-.0254463241668581,-.0640280263444548,.0168753607021472,.256377684546514,stata_areg_centered_student_vce_unadjusted,359,757999
40256,All,high_inst_m1,-.0409602774916429,-.0795419796692396,.0185080885888753,.116438142231656,stata_areg_centered_student_vce_unadjusted,411,757999
40278,All,high_inst_m1,.182407272404761,.143825570227164,.0442957311793982,.457184538319117,stata_areg_centered_student_vce_unadjusted,83,757999
40282,All,high_inst_m1,-.0680494477630603,-.106631149940657,.204575536526572,.176228517342228,stata_areg_centered_student_vce_unadjusted,2,757999
40284,All,high_inst_m1,-.0468969853724769,-.0854786875500736,.0331943757670958,.198789551187896,stata_areg_centered_student_vce_unadjusted,117,757999
40285,All,high_inst_m1,-.0825223043135928,-.121104006491189,.0364100093625147,.21231225125845,stata_areg_centered_student_vce_unadjusted,121,757999
40288,All,high_inst_m1,.0126241241125245,-.0259575780650722,.0813354764951253,.0396956833189026,stata_areg_centered_student_vce_unadjusted,13,757999
40289,All,high_inst_m1,-.00208765112812423,-.0406693533057209,.0373226192037237,.378225529686172,stata_areg_centered_student_vce_unadjusted,305,757999
40295,All,high_inst_m1,-.0144854952859294,-.053067197463526,.0252873491001371,.253087834673714,stata_areg_centered_student_vce_unadjusted,209,757999
40298,All,high_inst_m1,-.00162753308231695,-.0402092352599136,.0204684527997877,.266412735973831,stata_areg_centered_student_vce_unadjusted,284,757999
40299,All,high_inst_m1,.0450951916943992,.00651348951680249,.0444654153490337,.316462754637528,stata_areg_centered_student_vce_unadjusted,84,757999
40301,All,high_inst_m1,-.0445266724339705,-.0831083746115672,.0265988386205792,.0818019969038347,stata_areg_centered_student_vce_unadjusted,345,757999
40305,All,high_inst_m1,.031329014642332,-.00725268753526465,.0371367435481562,.249922044700471,stata_areg_centered_student_vce_unadjusted,164,757999
40308,All,high_inst_m1,.0284062878052386,-.0101754143723581,.0361517085290667,.0497128415641263,stata_areg_centered_student_vce_unadjusted,68,757999
40310,All,high_inst_m1,-.060129416462988,-.0987111186405847,.0355674178730268,.26165598050256,stata_areg_centered_student_vce_unadjusted,176,757999
40316,All,high_inst_m1,-.05681493522028,-.0953966373978767,.0318904426293689,.103949694275407,stata_areg_centered_student_vce_unadjusted,110,757999
40319,All,high_inst_m1,.00341429489884353,-.0351674072787532,.0337370776046258,.322049556037551,stata_areg_centered_student_vce_unadjusted,272,757999
40320,All,high_inst_m1,.034955844835589,-.00362585734200772,.0201960414684932,.37152731114529,stata_areg_centered_student_vce_unadjusted,420,757999
40321,All,high_inst_m1,.0385950288804308,.000013326702834153,.0460967730439609,.224305190453439,stata_areg_centered_student_vce_unadjusted,42,757999
40334,All,high_inst_m1,-.0242452911797331,-.0628269933573298,.167101361366886,.0183831664726911,stata_areg_centered_student_vce_unadjusted,4,757999
40335,All,high_inst_m1,.00310294958127479,-.0354787525963219,.0885333538658109,.313743702569827,stata_areg_centered_student_vce_unadjusted,11,757999
40338,All,high_inst_m1,.0200591891724936,-.0185225130051031,.065601848568505,.0429115207381087,stata_areg_centered_student_vce_unadjusted,20,757999
40340,All,high_inst_m1,.126127682759155,.0875459805815583,.0386342230032001,.386232880900076,stata_areg_centered_student_vce_unadjusted,148,757999
40343,All,high_inst_m1,-.0423476194461027,-.0809293216236994,.0245328031054168,.198885646922165,stata_areg_centered_student_vce_unadjusted,224,757999
40351,All,high_inst_m1,-.0646429864754217,-.103224688653018,.0299886998764323,.0825160264959633,stata_areg_centered_student_vce_unadjusted,167,757999
40352,All,high_inst_m1,.0624033926014741,.0238216904238775,.0333081913341121,.182641701102251,stata_areg_centered_student_vce_unadjusted,101,757999
40354,All,high_inst_m1,.0435805971977273,.00499889502013066,.0700336600507178,.401965573701379,stata_areg_centered_student_vce_unadjusted,22,757999
40370,All,high_inst_m1,.0783542381236739,.0397725359460772,.0417438514993233,.413711684265116,stata_areg_centered_student_vce_unadjusted,114,757999
40371,All,high_inst_m1,-.0501571470766737,-.0887388492542704,.033624808577557,.206211653524927,stata_areg_centered_student_vce_unadjusted,197,757999
40381,All,high_inst_m1,.0402469541248732,.00166525194727648,.0692126914542464,.0339112940472974,stata_areg_centered_student_vce_unadjusted,18,757999
40390,All,high_inst_m1,-.178624228692593,-.217205930870189,.151747041773733,.156855426800384,stata_areg_centered_student_vce_unadjusted,4,757999
40393,All,high_inst_m1,-.0235988832599828,-.0621805854375795,.0601976314978819,.41432893666652,stata_areg_centered_student_vce_unadjusted,55,757999
40399,All,high_inst_m1,-.0135992771700662,-.0521809793476629,.0410862969939363,.181863490658676,stata_areg_centered_student_vce_unadjusted,74,757999
40400,All,high_inst_m1,.0302752031231033,-.00830649905449339,.0395241485780351,.223067919184702,stata_areg_centered_student_vce_unadjusted,58,757999
40406,All,high_inst_m1,.0473690119008133,.00878730972321663,.0312461930922793,.187496005873446,stata_areg_centered_student_vce_unadjusted,90,757999
40407,All,high_inst_m1,.0420312388530947,.00344953667549806,.0406131914440142,.0653902502862217,stata_areg_centered_student_vce_unadjusted,55,757999
40414,All,high_inst_m1,.012038141608462,-.0265435605691347,.0314075642877683,.141480893861785,stata_areg_centered_student_vce_unadjusted,88,757999
40422,All,high_inst_m1,-.0420750090153394,-.0806567111929361,.0200013645509093,.0849662087673867,stata_areg_centered_student_vce_unadjusted,349,757999
40429,All,high_inst_m1,.0280499783214789,-.0105317238561178,.0448239330562008,.0520639494176309,stata_areg_centered_student_vce_unadjusted,43,757999
40435,All,high_inst_m1,.0667956252634117,.0282139230858151,.0666650684788874,.288481169870603,stata_areg_centered_student_vce_unadjusted,19,757999
40436,All,high_inst_m1,-.0104733415567263,-.049055043734323,.0400909662039563,.211157538386117,stata_areg_centered_student_vce_unadjusted,59,757999
40447,All,high_inst_m1,.0393290239736737,.000747321796076998,.0390533612341834,.0516994431301238,stata_areg_centered_student_vce_unadjusted,68,757999
40457,All,high_inst_m1,-.0100812304633849,-.0486629326409816,.0326099434765411,.0495298409723631,stata_areg_centered_student_vce_unadjusted,94,757999
41009,All,high_inst_m1,.398794388734805,.360212686557208,.0268301684838541,.463744856358534,stata_areg_centered_student_vce_unadjusted,167,757999
41063,All,high_inst_m1,.0465319457501709,.00795024357257423,.102508907577503,.0482641320706723,stata_areg_centered_student_vce_unadjusted,9,757999
41099,All,high_inst_m1,.0130009457511406,-.0255807564264561,.0428887842640637,.255755421085996,stata_areg_centered_student_vce_unadjusted,47,757999
41109,All,high_inst_m1,.0285735239099391,-.0100081782676576,.0287979002717228,.30841815070677,stata_areg_centered_student_vce_unadjusted,102,757999
41135,All,high_inst_m1,-.027805945527348,-.0663876477049447,.0281907844099672,.143837207693917,stata_areg_centered_student_vce_unadjusted,116,757999
41173,All,high_inst_m1,-.0545019083477756,-.0930836105253723,.120364825717308,.0582984473324641,stata_areg_centered_student_vce_unadjusted,6,757999
41264,All,high_inst_m1,.0402271003808854,.00164539820328868,.0735123306720984,.336076487024895,stata_areg_centered_student_vce_unadjusted,17,757999
41295,All,high_inst_m1,.0373119399005358,-.00126976227706092,.117861828486709,.025504030728015,stata_areg_centered_student_vce_unadjusted,6,757999
41349,All,high_inst_m1,-.0619817173830876,-.100563419560684,.0724487119110969,.0903497401814284,stata_areg_centered_student_vce_unadjusted,16,757999
41374,All,high_inst_m1,.0491406709089114,.0105589687313147,.166677094835342,.0728074811521687,stata_areg_centered_student_vce_unadjusted,3,757999
41375,All,high_inst_m1,.0191551897750998,-.0194265124024968,.145871734748551,.0345454704525666,stata_areg_centered_student_vce_unadjusted,4,757999
41417,All,high_inst_m1,-.0376490564653239,-.0762307586429206,.167334548847539,.059683879250685,stata_areg_centered_student_vce_unadjusted,3,757999
41418,All,high_inst_m1,-.00797270648396226,-.0465544086615589,.20496850293708,.154461093063072,stata_areg_centered_student_vce_unadjusted,2,757999
41421,All,high_inst_m1,.0293091505098484,-.00927255166774827,.0297818611984876,.276309128363849,stata_areg_centered_student_vce_unadjusted,99,757999
41439,All,high_inst_m1,.0963317547564862,.0577500525788895,.0411126160062374,.434801492331544,stata_areg_centered_student_vce_unadjusted,57,757999
41533,All,high_inst_m1,.00138589966622644,-.0371958025113702,.167593948891198,.0826662430394587,stata_areg_centered_student_vce_unadjusted,3,757999
41556,All,high_inst_m1,.0692071912955716,.0306254891179749,.0972564655414391,.459000329040307,stata_areg_centered_student_vce_unadjusted,9,757999
41617,All,high_inst_m1,.0996138313608822,.0610321291832855,.0147618151661713,.361334535140313,stata_areg_centered_student_vce_unadjusted,433,757999
41654,All,high_inst_m1,-.0472855655789389,-.0858672677565356,.288166757934107,.,stata_areg_centered_student_vce_unadjusted,1,757999
41658,All,high_inst_m1,-.0640170554275199,-.102598757605117,.0223897571412596,.194638489376439,stata_areg_centered_student_vce_unadjusted,233,757999
41702,All,high_inst_m1,-.0794422788024427,-.118023980980039,.0288466045264323,.305380520548844,stata_areg_centered_student_vce_unadjusted,185,757999
41712,All,high_inst_m1,.0576764922593614,.0190947900817647,.207763975328769,.0280394981037073,stata_areg_centered_student_vce_unadjusted,2,757999
41773,All,high_inst_m1,-.0956550798786741,-.134236782056271,.290960805471717,.,stata_areg_centered_student_vce_unadjusted,1,757999
41780,All,high_inst_m1,.331781061238541,.293199359060945,.0381570969893233,.479638464798083,stata_areg_centered_student_vce_unadjusted,64,757999
41791,All,high_inst_m1,.287525152492642,.248943450315045,.0819582586171933,.543982729055418,stata_areg_centered_student_vce_unadjusted,14,757999
41800,All,high_inst_m1,-.128488124049419,-.167069826227016,.287958421513356,.,stata_areg_centered_student_vce_unadjusted,1,757999
41814,All,high_inst_m1,-.00958221991837335,-.04816392209597,.0434057280439277,.354776786641224,stata_areg_centered_student_vce_unadjusted,46,757999
41846,All,high_inst_m1,.00344407352704678,-.0351376286505499,.0967821769691033,.0566262735280601,stata_areg_centered_student_vce_unadjusted,9,757999
41872,All,high_inst_m1,.0306776267122267,-.00790407546536996,.204195643298593,.100053456101571,stata_areg_centered_student_vce_unadjusted,2,757999
41888,All,high_inst_m1,-.0117524427132389,-.0503341448908356,.301819175284463,.,stata_areg_centered_student_vce_unadjusted,1,757999
41892,All,high_inst_m1,.0335139028031906,-.00506779937440605,.204682872235075,.0201468567554955,stata_areg_centered_student_vce_unadjusted,2,757999
41899,All,high_inst_m1,-.111225622533638,-.149807324711234,.0405295413959494,.199397880846446,stata_areg_centered_student_vce_unadjusted,81,757999
41916,All,high_inst_m1,-.011131665427847,-.0497133676054437,.167426694482064,.0189279060345703,stata_areg_centered_student_vce_unadjusted,3,757999
41917,All,high_inst_m1,.0120845063974348,-.0264971957801619,.288314021792954,.,stata_areg_centered_student_vce_unadjusted,1,757999
41955,All,high_inst_m1,.0152663906632767,-.02331531151432,.109363142687134,.0739056781486812,stata_areg_centered_student_vce_unadjusted,7,757999
42018,All,high_inst_m1,-.0337910262196971,-.0723727283972938,.289031219598732,.,stata_areg_centered_student_vce_unadjusted,1,757999
42035,All,high_inst_m1,-.0858041833625706,-.124385885540167,.290344290395304,.,stata_areg_centered_student_vce_unadjusted,1,757999
42042,All,high_inst_m1,-.00809796269949222,-.0466796648770889,.292282911652076,.,stata_areg_centered_student_vce_unadjusted,1,757999
42061,All,high_inst_m1,-.0209767325318001,-.0595584347093968,.289920661783796,.,stata_areg_centered_student_vce_unadjusted,1,757999
42081,All,high_inst_m1,-.0527416804737238,-.0913233826513205,.205751993085619,.0564376309906932,stata_areg_centered_student_vce_unadjusted,2,757999
42105,All,high_inst_m1,.0530944244012737,.014512722223677,.288410548496906,.,stata_areg_centered_student_vce_unadjusted,1,757999
42130,All,high_inst_m1,-.0682043930109616,-.106786095188558,.20351803185376,.0647351777795883,stata_areg_centered_student_vce_unadjusted,2,757999
42158,All,high_inst_m1,.028657979090057,-.00992372308753971,.0585739418791577,.0686668575754669,stata_areg_centered_student_vce_unadjusted,25,757999
42166,All,high_inst_m1,.0407120367398067,.00213033456221001,.102866968093577,.0435612798359647,stata_areg_centered_student_vce_unadjusted,8,757999
42168,All,high_inst_m1,.133929091929925,.0953473897523284,.129505361068846,.24995812676251,stata_areg_centered_student_vce_unadjusted,5,757999
42178,All,high_inst_m1,.104470189173114,.065888486995517,.110452823177149,.446479755139991,stata_areg_centered_student_vce_unadjusted,7,757999
42198,All,high_inst_m1,.399367821992872,.360786119815275,.166811265487532,.535054109566078,stata_areg_centered_student_vce_unadjusted,3,757999
