school_rbd,analysis_sample,outcome,va_raw,va_centered,va_se,va_resid_sd,va_se_method,n_students,n_total
1,All,z_year_leng_max,0,-.264920853790052,.064384028087686,.596393753919023,stata_areg_centered_student_vce_unadjusted,128,569047
3,All,z_year_leng_max,-.129580833071425,-.394501686861477,.459077035774854,.154093539291242,stata_areg_centered_student_vce_unadjusted,2,569047
4,All,z_year_leng_max,.187831677759119,-.0770891760309337,.0355075645069037,.632190728183125,stata_areg_centered_student_vce_unadjusted,797,569047
5,All,z_year_leng_max,.110974537319772,-.15394631647028,.045000889986582,.64643031502591,stata_areg_centered_student_vce_unadjusted,375,569047
7,All,z_year_leng_max,.0195509864982259,-.245369867291826,.0423607220718595,.641859799800344,stata_areg_centered_student_vce_unadjusted,446,569047
8,All,z_year_leng_max,.170898795050495,-.0940220587395572,.0730452391970488,.723149732290018,stata_areg_centered_student_vce_unadjusted,110,569047
15,All,z_year_leng_max,.0794726198367097,-.185448233953343,.101069832276908,.578110589128018,stata_areg_centered_student_vce_unadjusted,63,569047
25,All,z_year_leng_max,.257786460814595,-.00713439297545698,.0832982173949515,.696982890403708,stata_areg_centered_student_vce_unadjusted,85,569047
28,All,z_year_leng_max,-.263596487420137,-.52851734121019,.458427270442084,1.87315430739583,stata_areg_centered_student_vce_unadjusted,2,569047
32,All,z_year_leng_max,.099839018507678,-.165081835282374,.135489705166366,.470147467950059,stata_areg_centered_student_vce_unadjusted,47,569047
45,All,z_year_leng_max,.295685410554052,.0307645567639998,.0598669258069075,.657726415062056,stata_areg_centered_student_vce_unadjusted,208,569047
50,All,z_year_leng_max,.345320966875081,.0804001130850289,.0984357651378871,.628715645529908,stata_areg_centered_student_vce_unadjusted,182,569047
52,All,z_year_leng_max,.1105090557015,-.154411798088552,.0351562950837827,.659235323096651,stata_areg_centered_student_vce_unadjusted,1069,569047
56,All,z_year_leng_max,.281079337515377,.0161584837253244,.0649900653884665,.670788356234857,stata_areg_centered_student_vce_unadjusted,270,569047
59,All,z_year_leng_max,.415808829080875,.150887975290822,.0806829034054418,.586293518642603,stata_areg_centered_student_vce_unadjusted,127,569047
60,All,z_year_leng_max,.244007039015655,-.0209138147743975,.0644385595220973,.631754855194763,stata_areg_centered_student_vce_unadjusted,245,569047
67,All,z_year_leng_max,.264392155938934,-.000528697851118032,.103706143707663,.610829463945548,stata_areg_centered_student_vce_unadjusted,148,569047
69,All,z_year_leng_max,.495922877896533,.231002024106481,.0825897019848387,.622136196631514,stata_areg_centered_student_vce_unadjusted,158,569047
72,All,z_year_leng_max,-.172930034049171,-.437850887839224,.795494022598524,.,stata_areg_centered_student_vce_unadjusted,1,569047
78,All,z_year_leng_max,.0572803526085894,-.207640501181463,.202498350004304,.658006129865885,stata_areg_centered_student_vce_unadjusted,22,569047
97,All,z_year_leng_max,-.000536000073482012,-.265456853863534,.0704906185566337,.644664585896533,stata_areg_centered_student_vce_unadjusted,95,569047
103,All,z_year_leng_max,.0745038700670007,-.190416983723052,.0832884666291762,.616685492265071,stata_areg_centered_student_vce_unadjusted,99,569047
106,All,z_year_leng_max,.0560669563108821,-.20885389747917,.0778154821800748,.568035787375375,stata_areg_centered_student_vce_unadjusted,90,569047
107,All,z_year_leng_max,.226431382611269,-.0384894711787838,.0720756202838262,.678069494476303,stata_areg_centered_student_vce_unadjusted,94,569047
108,All,z_year_leng_max,.0361111104760152,-.228809743314037,.0654248508189919,.607165017078882,stata_areg_centered_student_vce_unadjusted,118,569047
109,All,z_year_leng_max,-.0460654929059901,-.310986346696042,.0685005569905946,.581713965727471,stata_areg_centered_student_vce_unadjusted,106,569047
110,All,z_year_leng_max,.192483413311316,-.0724374404787359,.0756759840584587,.584242426524786,stata_areg_centered_student_vce_unadjusted,115,569047
124,All,z_year_leng_max,-.00590979007691985,-.270830643866972,.0439593606042687,.564409669953823,stata_areg_centered_student_vce_unadjusted,361,569047
125,All,z_year_leng_max,.236934960496489,-.0279858932935629,.0812913926379289,.63701965930549,stata_areg_centered_student_vce_unadjusted,104,569047
127,All,z_year_leng_max,.185208098238117,-.0797127555519356,.0616045074212775,.613853934301573,stata_areg_centered_student_vce_unadjusted,258,569047
129,All,z_year_leng_max,.0520366740391443,-.212884179750908,.182163985435799,.780359535297545,stata_areg_centered_student_vce_unadjusted,15,569047
130,All,z_year_leng_max,.0635165068499846,-.201404346940068,.0929348677583917,.572200154488493,stata_areg_centered_student_vce_unadjusted,87,569047
131,All,z_year_leng_max,.0126349192268961,-.252285934563156,.108772713149284,.549102965254262,stata_areg_centered_student_vce_unadjusted,52,569047
132,All,z_year_leng_max,.279280841042351,.0143599872522989,.0442457606679343,.623156172695727,stata_areg_centered_student_vce_unadjusted,653,569047
133,All,z_year_leng_max,.130453127470697,-.134467726319355,.089300449261519,.648890405619577,stata_areg_centered_student_vce_unadjusted,145,569047
134,All,z_year_leng_max,.0603987869856894,-.204522066804363,.120594636622499,.539702237718397,stata_areg_centered_student_vce_unadjusted,42,569047
144,All,z_year_leng_max,.0143504570287043,-.250570396761348,.0983757045553645,.576826229379892,stata_areg_centered_student_vce_unadjusted,54,569047
161,All,z_year_leng_max,-.033776253351311,-.298697107141363,.141365204561486,.651382027943628,stata_areg_centered_student_vce_unadjusted,48,569047
178,All,z_year_leng_max,.163153967118731,-.101766886671321,.216111177657359,.571779207704351,stata_areg_centered_student_vce_unadjusted,18,569047
191,All,z_year_leng_max,.141962352553336,-.122958501236716,.0629340281390113,.653284556933384,stata_areg_centered_student_vce_unadjusted,345,569047
199,All,z_year_leng_max,.14783098899552,-.117089864794532,.0738904790862478,.599929154624198,stata_areg_centered_student_vce_unadjusted,264,569047
200,All,z_year_leng_max,.0484782122352948,-.216442641554757,.0786008474506627,.567954165596962,stata_areg_centered_student_vce_unadjusted,200,569047
208,All,z_year_leng_max,.201481269554022,-.0634395842360298,.068822610759452,.667164430058212,stata_areg_centered_student_vce_unadjusted,366,569047
211,All,z_year_leng_max,.10066550815489,-.164255345635162,.117610445236967,.630805946623137,stata_areg_centered_student_vce_unadjusted,146,569047
217,All,z_year_leng_max,.233531972099704,-.0313888816903479,.0348920333912114,.65461446906301,stata_areg_centered_student_vce_unadjusted,822,569047
218,All,z_year_leng_max,.113015341875854,-.151905511914198,.0793762737818691,.609830226207565,stata_areg_centered_student_vce_unadjusted,75,569047
219,All,z_year_leng_max,.120275582334603,-.14464527145545,.0548735897135024,.634039785796742,stata_areg_centered_student_vce_unadjusted,190,569047
220,All,z_year_leng_max,.0153472915507676,-.249573562239285,.0431176044263116,.590045122673286,stata_areg_centered_student_vce_unadjusted,396,569047
222,All,z_year_leng_max,.559123942582682,.29420308879263,.265134016323698,.48779108884962,stata_areg_centered_student_vce_unadjusted,6,569047
253,All,z_year_leng_max,.0816377007249824,-.18328315306507,.0697272264687313,.629365399482132,stata_areg_centered_student_vce_unadjusted,188,569047
254,All,z_year_leng_max,.261765014701967,-.00315583908808531,.0731123663470728,.671063684243301,stata_areg_centered_student_vce_unadjusted,133,569047
255,All,z_year_leng_max,-.0512239064009948,-.316144760191047,.0711388387709505,.659163590927231,stata_areg_centered_student_vce_unadjusted,144,569047
256,All,z_year_leng_max,.20401512383147,-.0609057299585824,.0594127372795841,.614008759256979,stata_areg_centered_student_vce_unadjusted,414,569047
257,All,z_year_leng_max,.280550142057144,.0156292882670914,.0765227487987172,.613691332261148,stata_areg_centered_student_vce_unadjusted,200,569047
270,All,z_year_leng_max,.344307644572958,.0793867907829058,.148424825151063,.675757330218278,stata_areg_centered_student_vce_unadjusted,40,569047
279,All,z_year_leng_max,.0526537310119618,-.212267122778091,.0394450236613824,.635266362509204,stata_areg_centered_student_vce_unadjusted,415,569047
280,All,z_year_leng_max,.0958522858245749,-.169068567965477,.039656485364544,.639854762972893,stata_areg_centered_student_vce_unadjusted,413,569047
283,All,z_year_leng_max,.0997717536686537,-.165149100121399,.0394797938824973,.603852977814669,stata_areg_centered_student_vce_unadjusted,414,569047
284,All,z_year_leng_max,.0644811768396072,-.200439676950445,.101636421387261,.710726361188803,stata_areg_centered_student_vce_unadjusted,50,569047
285,All,z_year_leng_max,.0344784678949968,-.230442385895056,.0696870631289739,.690514600618453,stata_areg_centered_student_vce_unadjusted,115,569047
286,All,z_year_leng_max,.176946133228027,-.0879747205620254,.0549019059019634,.634063152887937,stata_areg_centered_student_vce_unadjusted,172,569047
287,All,z_year_leng_max,.167134969193454,-.0977858845965981,.0357606763758852,.642548241336404,stata_areg_centered_student_vce_unadjusted,604,569047
304,All,z_year_leng_max,.229693226293335,-.035227627496717,.0632184470227921,.659047424427845,stata_areg_centered_student_vce_unadjusted,381,569047
320,All,z_year_leng_max,.265807999075451,.000887145285399016,.0778538760488187,.573138882735894,stata_areg_centered_student_vce_unadjusted,98,569047
329,All,z_year_leng_max,.397074936543302,.13215408275325,.100058659978017,.643678273048066,stata_areg_centered_student_vce_unadjusted,90,569047
335,All,z_year_leng_max,.32635203776592,.0614311839758681,.109072180634796,.611482751318152,stata_areg_centered_student_vce_unadjusted,67,569047
336,All,z_year_leng_max,.221466034595379,-.0434548191946733,.0501827481029004,.654558292984504,stata_areg_centered_student_vce_unadjusted,330,569047
337,All,z_year_leng_max,.279437084566045,.0145162307759931,.0787372770992499,.658674643692327,stata_areg_centered_student_vce_unadjusted,230,569047
341,All,z_year_leng_max,.13439999392765,-.130520859862402,.0619777633839608,.577599659893929,stata_areg_centered_student_vce_unadjusted,243,569047
342,All,z_year_leng_max,.439376433612046,.174455579821994,.0475408194241146,.628516840431915,stata_areg_centered_student_vce_unadjusted,429,569047
344,All,z_year_leng_max,.246778326118267,-.0181425276717852,.0660519415300693,.592359273865697,stata_areg_centered_student_vce_unadjusted,248,569047
350,All,z_year_leng_max,.288119398628336,.0231985448382837,.0750373385647199,.682722964052636,stata_areg_centered_student_vce_unadjusted,212,569047
355,All,z_year_leng_max,.330495159208106,.0655743054180533,.184102161605236,.68063191198877,stata_areg_centered_student_vce_unadjusted,13,569047
356,All,z_year_leng_max,.173630825095115,-.0912900286949374,.0928819318860834,.657846869293883,stata_areg_centered_student_vce_unadjusted,272,569047
357,All,z_year_leng_max,.50793749697806,.243016643188008,.0828647277747765,.600399982866491,stata_areg_centered_student_vce_unadjusted,243,569047
358,All,z_year_leng_max,.0739114890875151,-.191009364702537,.0859769218327142,.674514891319179,stata_areg_centered_student_vce_unadjusted,93,569047
361,All,z_year_leng_max,.832545394853507,.567624541063454,.0852416682176491,.583922312901097,stata_areg_centered_student_vce_unadjusted,201,569047
364,All,z_year_leng_max,.313928446157524,.049007592367472,.0782006523366105,.633034654012663,stata_areg_centered_student_vce_unadjusted,118,569047
365,All,z_year_leng_max,.226642829571016,-.0382780242190364,.063840929314864,.641427568500514,stata_areg_centered_student_vce_unadjusted,238,569047
366,All,z_year_leng_max,.775586161595127,.510665307805075,.0641490285804281,.627718868191895,stata_areg_centered_student_vce_unadjusted,225,569047
367,All,z_year_leng_max,.102052412042994,-.162868441747059,.0750421678102927,.613212516550841,stata_areg_centered_student_vce_unadjusted,291,569047
371,All,z_year_leng_max,.167357857413518,-.0975629963765341,.330913712912365,.677935582965836,stata_areg_centered_student_vce_unadjusted,5,569047
372,All,z_year_leng_max,.0993410996933823,-.16557975409667,.109785590222043,.561908727380237,stata_areg_centered_student_vce_unadjusted,178,569047
373,All,z_year_leng_max,.223441770040788,-.0414790837492643,.0926619619559949,.640230377133842,stata_areg_centered_student_vce_unadjusted,290,569047
379,All,z_year_leng_max,.313275632153223,.0483547783631709,.0808758606308309,.599691893216595,stata_areg_centered_student_vce_unadjusted,382,569047
384,All,z_year_leng_max,.0529229051363054,-.211997948653747,.0869502715253395,.630255239261653,stata_areg_centered_student_vce_unadjusted,290,569047
392,All,z_year_leng_max,.0809734958363475,-.183947357953705,.0784348443156698,.60516452103285,stata_areg_centered_student_vce_unadjusted,220,569047
396,All,z_year_leng_max,.0950894394198287,-.169831414370224,.0502171663557238,.619194772041764,stata_areg_centered_student_vce_unadjusted,286,569047
397,All,z_year_leng_max,-.351402110832112,-.616322964622165,.459226448577027,.457614506270332,stata_areg_centered_student_vce_unadjusted,2,569047
399,All,z_year_leng_max,.164478716551141,-.100442137238911,.0534253491287952,.581233663278839,stata_areg_centered_student_vce_unadjusted,238,569047
400,All,z_year_leng_max,.214038630767738,-.0508822230223142,.0576792180251652,.598001634581362,stata_areg_centered_student_vce_unadjusted,442,569047
415,All,z_year_leng_max,.200460942180348,-.0644599116097041,.0771434615687882,.646844225541583,stata_areg_centered_student_vce_unadjusted,280,569047
419,All,z_year_leng_max,.345368471692581,.0804476179025282,.660640741284977,.,stata_areg_centered_student_vce_unadjusted,1,569047
420,All,z_year_leng_max,.161319899053548,-.103600954736504,.0708045500384792,.647780751806538,stata_areg_centered_student_vce_unadjusted,126,569047
429,All,z_year_leng_max,.202184564857667,-.0627362889323857,.0592245681791214,.644091196535982,stata_areg_centered_student_vce_unadjusted,502,569047
430,All,z_year_leng_max,.0985466140590162,-.166374239731036,.073571944085433,.573113831505685,stata_areg_centered_student_vce_unadjusted,145,569047
431,All,z_year_leng_max,.272786451354697,.00786559756464439,.0615773962025107,.605089310155518,stata_areg_centered_student_vce_unadjusted,174,569047
433,All,z_year_leng_max,.128606872603263,-.136313981186789,.0764242821666998,.60463856346475,stata_areg_centered_student_vce_unadjusted,257,569047
437,All,z_year_leng_max,.283866067932593,.0189452141425406,.0369047189982087,.595335842781833,stata_areg_centered_student_vce_unadjusted,891,569047
438,All,z_year_leng_max,.120547785867992,-.14437306792206,.0774964334718262,.625979139668371,stata_areg_centered_student_vce_unadjusted,178,569047
440,All,z_year_leng_max,.0922722339048322,-.17264861988522,.0783472924491144,.655171592024215,stata_areg_centered_student_vce_unadjusted,262,569047
441,All,z_year_leng_max,-.0417962463288385,-.306717100118891,.262473342732795,.363049596768025,stata_areg_centered_student_vce_unadjusted,8,569047
448,All,z_year_leng_max,.127987766564053,-.136933087225999,.0548059510247403,.619917968500845,stata_areg_centered_student_vce_unadjusted,506,569047
449,All,z_year_leng_max,.0635490454735441,-.201371808316508,.0620587855341752,.608216275324395,stata_areg_centered_student_vce_unadjusted,262,569047
478,All,z_year_leng_max,.257979827760599,-.00694102602945323,.105769278221584,.614598435532891,stata_areg_centered_student_vce_unadjusted,316,569047
479,All,z_year_leng_max,.286895411525576,.0219745577355234,.0578770369724332,.630105752112984,stata_areg_centered_student_vce_unadjusted,452,569047
486,All,z_year_leng_max,.11706708240849,-.147853771381562,.0785785791052136,.646773660204717,stata_areg_centered_student_vce_unadjusted,204,569047
516,All,z_year_leng_max,.235023461826132,-.0298973919639201,.0506128942770623,.648735642111712,stata_areg_centered_student_vce_unadjusted,198,569047
517,All,z_year_leng_max,.253893228818718,-.0110276249713346,.0380417568275677,.647358757781847,stata_areg_centered_student_vce_unadjusted,525,569047
518,All,z_year_leng_max,.151717640162023,-.113203213628029,.0597644387986092,.572899639382611,stata_areg_centered_student_vce_unadjusted,132,569047
521,All,z_year_leng_max,.260535903550794,-.00438495023925783,.112812754579818,.813503972496867,stata_areg_centered_student_vce_unadjusted,50,569047
526,All,z_year_leng_max,.305020429259866,.0400995754698137,.0908087494944256,.585517880440281,stata_areg_centered_student_vce_unadjusted,115,569047
530,All,z_year_leng_max,.116265360445951,-.148655493344101,.0627827234461172,.572432955955035,stata_areg_centered_student_vce_unadjusted,140,569047
531,All,z_year_leng_max,.164980981354376,-.0999398724356767,.109007424038432,.569569191645093,stata_areg_centered_student_vce_unadjusted,62,569047
532,All,z_year_leng_max,.0813922867327391,-.183528567057313,.239302167987003,.504098874420633,stata_areg_centered_student_vce_unadjusted,8,569047
535,All,z_year_leng_max,.0899635017978085,-.174957351992244,.0902468152494461,.536782303526116,stata_areg_centered_student_vce_unadjusted,82,569047
565,All,z_year_leng_max,.242079530756388,-.0228413230336644,.0659879240090803,.651534615557465,stata_areg_centered_student_vce_unadjusted,226,569047
567,All,z_year_leng_max,.202631275183028,-.0622895786070242,.085183082218633,.592737063265948,stata_areg_centered_student_vce_unadjusted,271,569047
568,All,z_year_leng_max,.290660160724244,.025739306934192,.105694656602468,.641437541486125,stata_areg_centered_student_vce_unadjusted,156,569047
570,All,z_year_leng_max,.122862614018812,-.14205823977124,.108274691086717,.612942427533885,stata_areg_centered_student_vce_unadjusted,159,569047
573,All,z_year_leng_max,.354456316093499,.0895354623034467,.057552075031648,.66272078880604,stata_areg_centered_student_vce_unadjusted,263,569047
574,All,z_year_leng_max,-.0112972395550469,-.276218093345099,.0534679627902994,.688056373363459,stata_areg_centered_student_vce_unadjusted,372,569047
575,All,z_year_leng_max,.114197267034304,-.150723586755749,.0433965023682543,.599532669355817,stata_areg_centered_student_vce_unadjusted,371,569047
578,All,z_year_leng_max,.0906722221469281,-.174248631643124,.0805042670899286,.726276771871198,stata_areg_centered_student_vce_unadjusted,69,569047
579,All,z_year_leng_max,.281562214911698,.0166413611216455,.0533303491064299,.636363058367671,stata_areg_centered_student_vce_unadjusted,425,569047
580,All,z_year_leng_max,.548931105744279,.284010251954227,.0544362460173647,.620417931675746,stata_areg_centered_student_vce_unadjusted,414,569047
581,All,z_year_leng_max,.0810136480071835,-.183907205782869,.0936479430057757,.613068664128228,stata_areg_centered_student_vce_unadjusted,151,569047
582,All,z_year_leng_max,.490655456829732,.22573460303968,.060443949552886,.689143304484266,stata_areg_centered_student_vce_unadjusted,196,569047
583,All,z_year_leng_max,.488667838481694,.223746984691641,.0820671157761823,.614297128108022,stata_areg_centered_student_vce_unadjusted,250,569047
585,All,z_year_leng_max,.560157322430462,.29523646864041,.108728951302086,.684568526377962,stata_areg_centered_student_vce_unadjusted,178,569047
587,All,z_year_leng_max,.564720588763956,.299799734973904,.10447481990893,.562383552813076,stata_areg_centered_student_vce_unadjusted,75,569047
589,All,z_year_leng_max,.255944450078477,-.00897640371157532,.0894552171701839,.539062403866862,stata_areg_centered_student_vce_unadjusted,98,569047
590,All,z_year_leng_max,.434486980134781,.169566126344728,.0567165983626361,.672518409910868,stata_areg_centered_student_vce_unadjusted,250,569047
591,All,z_year_leng_max,.698839918653771,.433919064863719,.0842835330747222,.717764126844064,stata_areg_centered_student_vce_unadjusted,183,569047
597,All,z_year_leng_max,.207778448065432,-.0571424057246206,.16671789132327,.736213236418969,stata_areg_centered_student_vce_unadjusted,22,569047
609,All,z_year_leng_max,.123822254513614,-.141098599276438,.0404363978449753,.601491664731931,stata_areg_centered_student_vce_unadjusted,404,569047
610,All,z_year_leng_max,.0263920999212756,-.238528753868777,.0673185868007775,.598391825475392,stata_areg_centered_student_vce_unadjusted,108,569047
611,All,z_year_leng_max,.195969170016288,-.0689516837737647,.0875613713679976,.61979993672557,stata_areg_centered_student_vce_unadjusted,60,569047
613,All,z_year_leng_max,.338354014766133,.0734331609760808,.0773217039040267,.715250745765454,stata_areg_centered_student_vce_unadjusted,156,569047
629,All,z_year_leng_max,.0194779536523257,-.245442900137727,.096981905633195,.545986013107085,stata_areg_centered_student_vce_unadjusted,58,569047
646,All,z_year_leng_max,.162077695781393,-.102843158008659,.0542159857636342,.620546168635394,stata_areg_centered_student_vce_unadjusted,269,569047
647,All,z_year_leng_max,.321520588520029,.0565997347299769,.0876131611444522,.687076144540162,stata_areg_centered_student_vce_unadjusted,86,569047
648,All,z_year_leng_max,.220199488329788,-.044721365460264,.121574373147,.646627005240939,stata_areg_centered_student_vce_unadjusted,286,569047
649,All,z_year_leng_max,.189925561034788,-.0749952927552643,.0645521142247155,.647632054550791,stata_areg_centered_student_vce_unadjusted,354,569047
656,All,z_year_leng_max,-.0122349011495558,-.277155754939608,.0872023534944802,.63948111690839,stata_areg_centered_student_vce_unadjusted,150,569047
664,All,z_year_leng_max,.263786125011145,-.00113472877890691,.0888637426400478,.713600539189603,stata_areg_centered_student_vce_unadjusted,170,569047
665,All,z_year_leng_max,.0944129302448088,-.170507923545243,.0684850297313886,.590541797347726,stata_areg_centered_student_vce_unadjusted,212,569047
668,All,z_year_leng_max,.256375782084162,-.00854507170589064,.103059791356877,.741719677719582,stata_areg_centered_student_vce_unadjusted,85,569047
690,All,z_year_leng_max,.175649044702002,-.0892718090880501,.0751078845684788,.660255283538913,stata_areg_centered_student_vce_unadjusted,264,569047
701,All,z_year_leng_max,.230799882233204,-.0341209715568479,.0606757652549552,.591984485617741,stata_areg_centered_student_vce_unadjusted,169,569047
704,All,z_year_leng_max,.375082101935232,.11016124814518,.0568244503062927,.638053044410684,stata_areg_centered_student_vce_unadjusted,527,569047
705,All,z_year_leng_max,.0120830273063645,-.252837826483688,.0446538917023905,.609287139543398,stata_areg_centered_student_vce_unadjusted,454,569047
712,All,z_year_leng_max,1.85957658309771,1.59465572930766,.647409387786529,.,stata_areg_centered_student_vce_unadjusted,1,569047
763,All,z_year_leng_max,.0753566764243565,-.189564177365696,.082334007216829,.587610383810892,stata_areg_centered_student_vce_unadjusted,294,569047
766,All,z_year_leng_max,.135480807765823,-.129440046024229,.0721193038741823,.614915805941569,stata_areg_centered_student_vce_unadjusted,461,569047
767,All,z_year_leng_max,.166553083183531,-.0983677706065211,.104352528640611,.605673930604043,stata_areg_centered_student_vce_unadjusted,122,569047
768,All,z_year_leng_max,.0692087215223879,-.195712132267664,.0459771163780673,.583622847131372,stata_areg_centered_student_vce_unadjusted,470,569047
769,All,z_year_leng_max,.423767487280765,.158846633490713,.111317671040208,.633236741202209,stata_areg_centered_student_vce_unadjusted,338,569047
770,All,z_year_leng_max,.503234216835214,.238313363045161,.127664894489717,.631797574904618,stata_areg_centered_student_vce_unadjusted,144,569047
772,All,z_year_leng_max,.00230006468901183,-.26262078910104,.0566809612006488,.623463614096639,stata_areg_centered_student_vce_unadjusted,203,569047
774,All,z_year_leng_max,-.124833713540848,-.3897545673309,.12867638816931,.618580233775633,stata_areg_centered_student_vce_unadjusted,64,569047
799,All,z_year_leng_max,.133523410643346,-.131397443146706,.0853321998186853,.644949797428505,stata_areg_centered_student_vce_unadjusted,104,569047
802,All,z_year_leng_max,.0677085221561796,-.197212331633873,.0605812476507256,.584365600943285,stata_areg_centered_student_vce_unadjusted,232,569047
845,All,z_year_leng_max,.162721675281157,-.102199178508896,.0754799915389181,.596825068113206,stata_areg_centered_student_vce_unadjusted,296,569047
964,All,z_year_leng_max,.309308552214865,.0443876984248124,.661847782190607,.,stata_areg_centered_student_vce_unadjusted,1,569047
967,All,z_year_leng_max,.127712798079522,-.13720805571053,.072610770990529,.613410904513387,stata_areg_centered_student_vce_unadjusted,234,569047
968,All,z_year_leng_max,-.0209254965236078,-.28584635031366,.0731337103519796,.526556466527507,stata_areg_centered_student_vce_unadjusted,172,569047
982,All,z_year_leng_max,.318056609179425,.0531357553893724,.147610511805996,.745193902864684,stata_areg_centered_student_vce_unadjusted,26,569047
987,All,z_year_leng_max,.196266897682514,-.0686539561075384,.0841166066051993,.579657597103479,stata_areg_centered_student_vce_unadjusted,276,569047
988,All,z_year_leng_max,.0770657400889436,-.187855113701109,.0882461676138345,.542602079321617,stata_areg_centered_student_vce_unadjusted,81,569047
1013,All,z_year_leng_max,.0577653170825044,-.207155536707548,.0864775752635766,.574851101889518,stata_areg_centered_student_vce_unadjusted,155,569047
1036,All,z_year_leng_max,.142589917542808,-.122330936247244,.0790615103230032,.65285321990686,stata_areg_centered_student_vce_unadjusted,272,569047
1048,All,z_year_leng_max,.135239985167038,-.129680868623014,.0717309051773449,.671055700486133,stata_areg_centered_student_vce_unadjusted,298,569047
1119,All,z_year_leng_max,.164053461837135,-.100867391952917,.0924274063025332,.658120604344293,stata_areg_centered_student_vce_unadjusted,124,569047
1120,All,z_year_leng_max,-.651744665369829,-.916665519159881,.648688959838884,.,stata_areg_centered_student_vce_unadjusted,1,569047
1121,All,z_year_leng_max,.060291865364531,-.204628988425521,.056599174570958,.614680528507084,stata_areg_centered_student_vce_unadjusted,275,569047
1123,All,z_year_leng_max,.0677122686758503,-.197208585114202,.0951154634208435,.652938071636113,stata_areg_centered_student_vce_unadjusted,99,569047
1148,All,z_year_leng_max,.184440707097308,-.0804801466927444,.0984894275274976,.579906991331932,stata_areg_centered_student_vce_unadjusted,130,569047
1149,All,z_year_leng_max,-.15302964424464,-.417950498034692,.150198868104614,.719470024953883,stata_areg_centered_student_vce_unadjusted,44,569047
1164,All,z_year_leng_max,.131481379115138,-.133439474674914,.1162015562717,.757624289818555,stata_areg_centered_student_vce_unadjusted,123,569047
1167,All,z_year_leng_max,.00294304614540114,-.261977807644651,.0698108964532461,.534802226675735,stata_areg_centered_student_vce_unadjusted,188,569047
1183,All,z_year_leng_max,.180925956480669,-.0839948973093834,.060453323033063,.661516420227063,stata_areg_centered_student_vce_unadjusted,226,569047
1184,All,z_year_leng_max,.12614603038408,-.138774823405972,.113409724132896,.682377600878056,stata_areg_centered_student_vce_unadjusted,60,569047
1190,All,z_year_leng_max,.503291643632464,.238370789842412,.117531843589058,.603226892295663,stata_areg_centered_student_vce_unadjusted,87,569047
1194,All,z_year_leng_max,.194696017655217,-.0702248361348349,.0383602459372489,.604372334289243,stata_areg_centered_student_vce_unadjusted,694,569047
1195,All,z_year_leng_max,.170597868683213,-.0943229851068394,.039761460892471,.609599083245539,stata_areg_centered_student_vce_unadjusted,573,569047
1196,All,z_year_leng_max,.143086544752639,-.121834309037413,.0567678735026192,.617741954219409,stata_areg_centered_student_vce_unadjusted,175,569047
1198,All,z_year_leng_max,.0903991289010446,-.174521724889008,.163503899050945,.540903977542062,stata_areg_centered_student_vce_unadjusted,22,569047
1199,All,z_year_leng_max,.22189971245659,-.0430211413334626,.0897110436120698,.474981731093811,stata_areg_centered_student_vce_unadjusted,59,569047
1206,All,z_year_leng_max,-.258885728489756,-.523806582279808,.324757092407755,.870649901986592,stata_areg_centered_student_vce_unadjusted,4,569047
1213,All,z_year_leng_max,.176589663766344,-.0883311900237079,.0392921067384658,.660363020572709,stata_areg_centered_student_vce_unadjusted,592,569047
1214,All,z_year_leng_max,.36533078520617,.100409931416118,.0515683744758465,.646330752704483,stata_areg_centered_student_vce_unadjusted,296,569047
1225,All,z_year_leng_max,.582629482043899,.317708628253847,.0560418006247571,.625075611960984,stata_areg_centered_student_vce_unadjusted,379,569047
1226,All,z_year_leng_max,.307971508301814,.0430506545117616,.106008198937484,.679388173853939,stata_areg_centered_student_vce_unadjusted,67,569047
1255,All,z_year_leng_max,.182120498827388,-.0828003549626639,.0541467370790724,.688341047691602,stata_areg_centered_student_vce_unadjusted,192,569047
1257,All,z_year_leng_max,.11006701360645,-.154853840183603,.648148909834603,.,stata_areg_centered_student_vce_unadjusted,1,569047
1260,All,z_year_leng_max,.126178184455954,-.138742669334098,.0923811911844505,.718560273244693,stata_areg_centered_student_vce_unadjusted,95,569047
1261,All,z_year_leng_max,.275649734751045,.0107288809609923,.0871821929814739,.652789013047494,stata_areg_centered_student_vce_unadjusted,71,569047
1262,All,z_year_leng_max,.0622128848729474,-.202707968917105,.0352677270532247,.614341274786715,stata_areg_centered_student_vce_unadjusted,753,569047
1263,All,z_year_leng_max,.00190828500072207,-.26301256878933,.0620527572356937,.655127501016087,stata_areg_centered_student_vce_unadjusted,172,569047
1264,All,z_year_leng_max,.136346726936541,-.128574126853511,.251099372430659,.628056885258188,stata_areg_centered_student_vce_unadjusted,8,569047
1288,All,z_year_leng_max,.732834962686179,.467914108896127,.099423059905477,.609482619919194,stata_areg_centered_student_vce_unadjusted,217,569047
1289,All,z_year_leng_max,.084275164556532,-.18064568923352,.0668832953924659,.647956021367575,stata_areg_centered_student_vce_unadjusted,111,569047
1290,All,z_year_leng_max,.315975908780431,.0510550549903784,.0706956899206111,.615895300067175,stata_areg_centered_student_vce_unadjusted,170,569047
1291,All,z_year_leng_max,.3013145671833,.036393713393248,.10103035705624,.618639217177372,stata_areg_centered_student_vce_unadjusted,134,569047
1292,All,z_year_leng_max,.288159845868835,.023238992078783,.0531841013675118,.649342287747707,stata_areg_centered_student_vce_unadjusted,321,569047
1294,All,z_year_leng_max,.252148781880213,-.0127720719098389,.0618176624686198,.610362334531587,stata_areg_centered_student_vce_unadjusted,218,569047
1300,All,z_year_leng_max,-.0102732455990995,-.275194099389152,.0506582635373164,.6209943137869,stata_areg_centered_student_vce_unadjusted,242,569047
1301,All,z_year_leng_max,.114334707548244,-.150586146241809,.128014533385166,.636064699827363,stata_areg_centered_student_vce_unadjusted,39,569047
1302,All,z_year_leng_max,.152045100368847,-.112875753421205,.148857109772144,.704156783905729,stata_areg_centered_student_vce_unadjusted,22,569047
1316,All,z_year_leng_max,.0363014016990175,-.228619452091035,.0969033836319589,.590699236661872,stata_areg_centered_student_vce_unadjusted,81,569047
1318,All,z_year_leng_max,.321401837006419,.056480983216367,.13459704361337,.579932455889199,stata_areg_centered_student_vce_unadjusted,40,569047
1327,All,z_year_leng_max,.0565733638061588,-.208347489983894,.0675332605899118,.607384053445177,stata_areg_centered_student_vce_unadjusted,166,569047
1335,All,z_year_leng_max,.112802941821549,-.152117911968503,.0526607704750952,.65690953089366,stata_areg_centered_student_vce_unadjusted,382,569047
1347,All,z_year_leng_max,.106803827735078,-.158117026054975,.0559988359654727,.610657011291583,stata_areg_centered_student_vce_unadjusted,293,569047
1354,All,z_year_leng_max,.0515799199277684,-.213340933862284,.0583477636134666,.638478888959006,stata_areg_centered_student_vce_unadjusted,245,569047
1361,All,z_year_leng_max,-.120395881077306,-.385316734867359,.101538360898209,.678332210934373,stata_areg_centered_student_vce_unadjusted,70,569047
1362,All,z_year_leng_max,.0279600763524497,-.236960777437603,.0659196801519288,.641944317158708,stata_areg_centered_student_vce_unadjusted,131,569047
1363,All,z_year_leng_max,.162875446515607,-.102045407274445,.0833665262232504,.689641578966099,stata_areg_centered_student_vce_unadjusted,97,569047
1364,All,z_year_leng_max,.233530450749706,-.0313904030403462,.0786815969704574,.611922261791676,stata_areg_centered_student_vce_unadjusted,127,569047
1366,All,z_year_leng_max,.124680692236008,-.140240161554045,.0537073046104808,.588536891273146,stata_areg_centered_student_vce_unadjusted,200,569047
1367,All,z_year_leng_max,.0498468734264146,-.215073980363638,.115147765845541,.695750410631872,stata_areg_centered_student_vce_unadjusted,42,569047
1368,All,z_year_leng_max,.188908515101369,-.0760123386886833,.114316997604625,.604082552547942,stata_areg_centered_student_vce_unadjusted,47,569047
1370,All,z_year_leng_max,.184495046386274,-.0804258074037779,.139986074635845,.624519271166595,stata_areg_centered_student_vce_unadjusted,61,569047
1371,All,z_year_leng_max,.230102286063653,-.0348185677263996,.0803924679891463,.647492942048012,stata_areg_centered_student_vce_unadjusted,172,569047
1392,All,z_year_leng_max,.462825041217583,.197904187427531,.0465040352316116,.669424157382026,stata_areg_centered_student_vce_unadjusted,372,569047
1393,All,z_year_leng_max,.291842942231494,.0269220884414416,.0652887707761629,.612851838398056,stata_areg_centered_student_vce_unadjusted,252,569047
1395,All,z_year_leng_max,.318040821593743,.0531199678036909,.0872189043492154,.631900576785064,stata_areg_centered_student_vce_unadjusted,241,569047
1397,All,z_year_leng_max,.123370575434996,-.141550278355056,.0479843583824938,.619505497211548,stata_areg_centered_student_vce_unadjusted,343,569047
1400,All,z_year_leng_max,-.463118950812831,-.728039804602883,.291490696074767,.549033087046065,stata_areg_centered_student_vce_unadjusted,5,569047
1403,All,z_year_leng_max,.375659588426424,.110738734636371,.0807373733026693,.605049438648139,stata_areg_centered_student_vce_unadjusted,149,569047
1404,All,z_year_leng_max,.605884230528752,.340963376738699,.0540049363771135,.623363258168562,stata_areg_centered_student_vce_unadjusted,483,569047
1405,All,z_year_leng_max,.136121679581612,-.128799174208441,.0795346871251223,.667313938221162,stata_areg_centered_student_vce_unadjusted,182,569047
1412,All,z_year_leng_max,.707481157926198,.442560304136146,.114490988948797,.62620566968877,stata_areg_centered_student_vce_unadjusted,74,569047
1414,All,z_year_leng_max,-.0426730850633221,-.307593938853374,.124279680642882,.520093589133192,stata_areg_centered_student_vce_unadjusted,50,569047
1421,All,z_year_leng_max,.244506944413597,-.0204139093764555,.0945325871571512,.736597709523017,stata_areg_centered_student_vce_unadjusted,86,569047
1422,All,z_year_leng_max,.0773301335540904,-.187590720235962,.0961316109519663,.549480987624804,stata_areg_centered_student_vce_unadjusted,55,569047
1425,All,z_year_leng_max,-.0146335677490701,-.279554421539122,.0888917105136792,.582973087418249,stata_areg_centered_student_vce_unadjusted,76,569047
1436,All,z_year_leng_max,.223813507239141,-.0411073465509112,.0547529642580962,.643750764539354,stata_areg_centered_student_vce_unadjusted,357,569047
1437,All,z_year_leng_max,.213878240588904,-.0510426132011483,.069581337589127,.602793435949026,stata_areg_centered_student_vce_unadjusted,156,569047
1443,All,z_year_leng_max,.122659726756456,-.142261127033596,.0480868890839349,.624474515437412,stata_areg_centered_student_vce_unadjusted,310,569047
1444,All,z_year_leng_max,.142268418341577,-.122652435448475,.102302735284942,.639391794384923,stata_areg_centered_student_vce_unadjusted,93,569047
1445,All,z_year_leng_max,.105478514307676,-.159442339482376,.103703835758417,.635360665379888,stata_areg_centered_student_vce_unadjusted,106,569047
1449,All,z_year_leng_max,.146465147841528,-.118455705948524,.0664105619054624,.618136549755836,stata_areg_centered_student_vce_unadjusted,179,569047
1450,All,z_year_leng_max,.200134599152694,-.0647862546373584,.0863884910059519,.728330265347384,stata_areg_centered_student_vce_unadjusted,156,569047
1453,All,z_year_leng_max,.160776544764215,-.104144309025837,.0807688258634681,.572333176689811,stata_areg_centered_student_vce_unadjusted,139,569047
1464,All,z_year_leng_max,.147384356372357,-.117536497417695,.0450670740739332,.628083159019211,stata_areg_centered_student_vce_unadjusted,407,569047
1467,All,z_year_leng_max,.225985699736037,-.0389351540540152,.104106505550701,.653031360477029,stata_areg_centered_student_vce_unadjusted,127,569047
1468,All,z_year_leng_max,.0624301307719775,-.202490723018075,.110492921608226,.596756566132212,stata_areg_centered_student_vce_unadjusted,37,569047
1469,All,z_year_leng_max,.10293712841726,-.161983725372792,.200434090100393,.45713407501114,stata_areg_centered_student_vce_unadjusted,12,569047
1478,All,z_year_leng_max,.156377130251563,-.108543723538489,.111178248706624,.693619336847105,stata_areg_centered_student_vce_unadjusted,145,569047
1482,All,z_year_leng_max,.222552479552648,-.0423683742374046,.0618331275961818,.611275437817004,stata_areg_centered_student_vce_unadjusted,242,569047
1489,All,z_year_leng_max,.0577049438307552,-.207215909959297,.075626426704866,.609572536813883,stata_areg_centered_student_vce_unadjusted,118,569047
1490,All,z_year_leng_max,.108289252373701,-.156631601416351,.117579303987208,.675689124192893,stata_areg_centered_student_vce_unadjusted,38,569047
1500,All,z_year_leng_max,.17574151196738,-.0891793418226721,.0667038747243496,.578501254361995,stata_areg_centered_student_vce_unadjusted,181,569047
1502,All,z_year_leng_max,.1228035766115,-.142117277178553,.0398245307312378,.566395477682777,stata_areg_centered_student_vce_unadjusted,341,569047
1503,All,z_year_leng_max,.0742944006270027,-.19062645316305,.03568517938242,.642258621744715,stata_areg_centered_student_vce_unadjusted,409,569047
1504,All,z_year_leng_max,.10007584149317,-.164845012296883,.0363770720246235,.604792375918001,stata_areg_centered_student_vce_unadjusted,427,569047
1515,All,z_year_leng_max,.310359413311033,.045438559520981,.0312722743452374,.648770284916597,stata_areg_centered_student_vce_unadjusted,714,569047
1516,All,z_year_leng_max,.210111623750395,-.0548092300396577,.0857807442284053,.661304161873709,stata_areg_centered_student_vce_unadjusted,69,569047
1517,All,z_year_leng_max,.237138701127122,-.0277821526629305,.0961743978716537,.614781151233751,stata_areg_centered_student_vce_unadjusted,63,569047
1518,All,z_year_leng_max,.201022684652141,-.0638981691379111,.105377034940943,.595593286345185,stata_areg_centered_student_vce_unadjusted,41,569047
1519,All,z_year_leng_max,.277500497802902,.0125796440128497,.168283329325363,.637512913000641,stata_areg_centered_student_vce_unadjusted,17,569047
1520,All,z_year_leng_max,.341252557134868,.0763317033448157,.0447167015817226,.683244159755003,stata_areg_centered_student_vce_unadjusted,338,569047
1521,All,z_year_leng_max,.208567806341005,-.0563530474490475,.0756345831846154,.636426518062526,stata_areg_centered_student_vce_unadjusted,84,569047
1522,All,z_year_leng_max,.285842454189179,.0209216003991265,.14228892112329,.605657309837285,stata_areg_centered_student_vce_unadjusted,23,569047
1525,All,z_year_leng_max,.141383132586947,-.123537721203106,.0385308673513491,.61095629755259,stata_areg_centered_student_vce_unadjusted,386,569047
1542,All,z_year_leng_max,.398351485321422,.133430631531369,.154954380777881,.777742241230066,stata_areg_centered_student_vce_unadjusted,26,569047
1549,All,z_year_leng_max,-.0356398314199328,-.300560685209985,.0898451084143685,.613570105711891,stata_areg_centered_student_vce_unadjusted,75,569047
1579,All,z_year_leng_max,.112922396787316,-.151998457002737,.0859451897276231,.671956268570524,stata_areg_centered_student_vce_unadjusted,88,569047
1580,All,z_year_leng_max,1.15393300161167,.88901214782162,.653300076752948,.,stata_areg_centered_student_vce_unadjusted,1,569047
1581,All,z_year_leng_max,.312595054887504,.0476742010974513,.0730358525013215,.655276353372733,stata_areg_centered_student_vce_unadjusted,322,569047
1582,All,z_year_leng_max,.305931501680922,.0410106478908696,.0935277486015532,.656313418465776,stata_areg_centered_student_vce_unadjusted,151,569047
1584,All,z_year_leng_max,.0494614222030366,-.215459431587016,.650215233261454,.,stata_areg_centered_student_vce_unadjusted,1,569047
1585,All,z_year_leng_max,.15587141907517,-.109049434714882,.0631568560707232,.611462322646069,stata_areg_centered_student_vce_unadjusted,222,569047
1586,All,z_year_leng_max,.271095830435686,.00617497664563321,.0568245486129668,.642557449583811,stata_areg_centered_student_vce_unadjusted,239,569047
1587,All,z_year_leng_max,.272270515558366,.00734966176831392,.0602908067476769,.598000266414681,stata_areg_centered_student_vce_unadjusted,196,569047
1588,All,z_year_leng_max,.239438998901499,-.025481854888553,.0909361726314704,.613416098002144,stata_areg_centered_student_vce_unadjusted,115,569047
1590,All,z_year_leng_max,.238639979058476,-.0262808747315761,.0358212641478141,.682662338971989,stata_areg_centered_student_vce_unadjusted,670,569047
1594,All,z_year_leng_max,.25128335995079,-.013637493839262,.0879295865402902,.610718310836517,stata_areg_centered_student_vce_unadjusted,106,569047
1604,All,z_year_leng_max,-.0053125361625892,-.270233389952642,.0747160788349916,.658945068866785,stata_areg_centered_student_vce_unadjusted,229,569047
1607,All,z_year_leng_max,.265261544605119,.000340690815066713,.102726410562257,.754424478878142,stata_areg_centered_student_vce_unadjusted,69,569047
1610,All,z_year_leng_max,.0702076921213244,-.194713161668728,.0832926174857776,.735482413484267,stata_areg_centered_student_vce_unadjusted,98,569047
1619,All,z_year_leng_max,.082498659601082,-.18242219418897,.114321627741338,.499121856107186,stata_areg_centered_student_vce_unadjusted,64,569047
1629,All,z_year_leng_max,.595949774677702,.33102892088765,.118604508613158,.523446680170487,stata_areg_centered_student_vce_unadjusted,52,569047
1631,All,z_year_leng_max,.595527828052903,.33060697426285,.0651746618126805,.675861010633756,stata_areg_centered_student_vce_unadjusted,311,569047
1632,All,z_year_leng_max,.0665352648500481,-.198385588940004,.0900652617743443,.675289306000653,stata_areg_centered_student_vce_unadjusted,136,569047
1634,All,z_year_leng_max,.486792103438288,.221871249648236,.070415067411378,.633355338000787,stata_areg_centered_student_vce_unadjusted,240,569047
1635,All,z_year_leng_max,.249658448852157,-.015262404937895,.0882544204382387,.675634589393232,stata_areg_centered_student_vce_unadjusted,104,569047
1638,All,z_year_leng_max,.903207454898287,.638286601108235,.152094287801712,.507891206036112,stata_areg_centered_student_vce_unadjusted,67,569047
1641,All,z_year_leng_max,.429965948811175,.165045095021123,.113311572306067,.631159229790389,stata_areg_centered_student_vce_unadjusted,98,569047
1653,All,z_year_leng_max,.321792805636177,.0568719518461248,.0856606768862823,.69627838091598,stata_areg_centered_student_vce_unadjusted,109,569047
1657,All,z_year_leng_max,.48419586149857,.219275007708518,.103417107286622,.631318245050051,stata_areg_centered_student_vce_unadjusted,105,569047
1663,All,z_year_leng_max,.177827357553567,-.0870934962364853,.0464167787579406,.634762786009176,stata_areg_centered_student_vce_unadjusted,234,569047
1664,All,z_year_leng_max,.168806059977946,-.0961147938121059,.0721811374081568,.53090636297517,stata_areg_centered_student_vce_unadjusted,95,569047
1672,All,z_year_leng_max,.0493316253727943,-.215589228417258,.0799970376769784,.544149429369781,stata_areg_centered_student_vce_unadjusted,74,569047
1674,All,z_year_leng_max,.187313578453234,-.0776072753368179,.0696532697756138,.726669495715784,stata_areg_centered_student_vce_unadjusted,93,569047
1675,All,z_year_leng_max,.329025608252048,.0641047544619959,.0716852484130473,.62483557615697,stata_areg_centered_student_vce_unadjusted,93,569047
1676,All,z_year_leng_max,.237907111217641,-.0270137425724117,.0399065640491505,.703028372736399,stata_areg_centered_student_vce_unadjusted,348,569047
1681,All,z_year_leng_max,.16259958483526,-.102321268954793,.077233197712507,.682492981246475,stata_areg_centered_student_vce_unadjusted,85,569047
1685,All,z_year_leng_max,.298811420515147,.0338905667250946,.140172674601281,.51718431155644,stata_areg_centered_student_vce_unadjusted,36,569047
1710,All,z_year_leng_max,.0362205005228915,-.228700353267161,.375639332221884,1.34949228742839,stata_areg_centered_student_vce_unadjusted,3,569047
1734,All,z_year_leng_max,.560132438495821,.295211584705769,.0667001967704353,.579316222279511,stata_areg_centered_student_vce_unadjusted,265,569047
1735,All,z_year_leng_max,.343397185627859,.0784763318378064,.0705839120270781,.595629857506247,stata_areg_centered_student_vce_unadjusted,433,569047
1738,All,z_year_leng_max,.26319300801618,-.00172784577387225,.065468700536454,.626687919284418,stata_areg_centered_student_vce_unadjusted,256,569047
1739,All,z_year_leng_max,.376883125333609,.111962271543557,.0665291062626781,.598740020570676,stata_areg_centered_student_vce_unadjusted,101,569047
1741,All,z_year_leng_max,.273198390330045,.00827753653999247,.0878508982989012,.635469086596363,stata_areg_centered_student_vce_unadjusted,114,569047
1742,All,z_year_leng_max,.364887063379838,.0999662095897859,.100490411677121,.728087350986102,stata_areg_centered_student_vce_unadjusted,82,569047
1743,All,z_year_leng_max,.28409906580714,.019178212017088,.0852820114712311,.58629104772517,stata_areg_centered_student_vce_unadjusted,146,569047
1747,All,z_year_leng_max,.306055361017728,.0411345072276754,.0378857189022635,.674000867235372,stata_areg_centered_student_vce_unadjusted,358,569047
1749,All,z_year_leng_max,.289891150607151,.0249702968170983,.0589843104113639,.557009435032646,stata_areg_centered_student_vce_unadjusted,194,569047
1750,All,z_year_leng_max,.458226645319507,.193305791529454,.089644601852673,.63838338114049,stata_areg_centered_student_vce_unadjusted,144,569047
1755,All,z_year_leng_max,.264292234754838,-.000628619035214051,.0553868829095842,.634093992228383,stata_areg_centered_student_vce_unadjusted,284,569047
1756,All,z_year_leng_max,.182852761545294,-.0820680922447584,.072696170837962,.651388608012586,stata_areg_centered_student_vce_unadjusted,182,569047
1757,All,z_year_leng_max,.359550230770298,.0946293769802455,.0374047544697494,.655821958695655,stata_areg_centered_student_vce_unadjusted,672,569047
1761,All,z_year_leng_max,.152126974697102,-.11279387909295,.101992381569174,.636966028064533,stata_areg_centered_student_vce_unadjusted,103,569047
1769,All,z_year_leng_max,.344629071437319,.0797082176472669,.0974929722394423,.696511917874459,stata_areg_centered_student_vce_unadjusted,103,569047
1774,All,z_year_leng_max,.548462389527371,.283541535737319,.0686120115803367,.558423922235528,stata_areg_centered_student_vce_unadjusted,215,569047
1775,All,z_year_leng_max,.567331249139822,.302410395349769,.109410784486361,.640262840357666,stata_areg_centered_student_vce_unadjusted,57,569047
1776,All,z_year_leng_max,.888314072909689,.623393219119637,.112413523796754,.548331118000205,stata_areg_centered_student_vce_unadjusted,75,569047
1777,All,z_year_leng_max,.56833857115883,.303417717368777,.066183712999177,.618580414601254,stata_areg_centered_student_vce_unadjusted,226,569047
1780,All,z_year_leng_max,.56167334656055,.296752492770498,.0931721830729104,.636505667767796,stata_areg_centered_student_vce_unadjusted,81,569047
1781,All,z_year_leng_max,.629792515679857,.364871661889805,.140090779855947,.590070266918532,stata_areg_centered_student_vce_unadjusted,159,569047
1783,All,z_year_leng_max,.733343459628516,.468422605838464,.10156394497622,.548274360469862,stata_areg_centered_student_vce_unadjusted,214,569047
1787,All,z_year_leng_max,.328389111804651,.0634682580145989,.16336254650017,.65124214985815,stata_areg_centered_student_vce_unadjusted,54,569047
1788,All,z_year_leng_max,.912415250704104,.647494396914052,.111906705250364,.640719320866297,stata_areg_centered_student_vce_unadjusted,210,569047
1789,All,z_year_leng_max,.533507822842731,.268586969052679,.117303353906967,.702811384036788,stata_areg_centered_student_vce_unadjusted,43,569047
1791,All,z_year_leng_max,.7336591506956,.468738296905548,.0956331599403225,.649277170982858,stata_areg_centered_student_vce_unadjusted,178,569047
1792,All,z_year_leng_max,.286722552863434,.0218016990733818,.0738064683020793,.659862776167658,stata_areg_centered_student_vce_unadjusted,148,569047
1795,All,z_year_leng_max,.150865435100901,-.114055418689151,.0887704279388728,.588117834857025,stata_areg_centered_student_vce_unadjusted,189,569047
1796,All,z_year_leng_max,.493911107690694,.228990253900642,.0832851267468143,.661697639965486,stata_areg_centered_student_vce_unadjusted,118,569047
1801,All,z_year_leng_max,.435157961556427,.170237107766375,.0741472291099936,.632102580362036,stata_areg_centered_student_vce_unadjusted,198,569047
1839,All,z_year_leng_max,.543227110844745,.278306257054693,.11790672075451,.608166819240236,stata_areg_centered_student_vce_unadjusted,315,569047
1844,All,z_year_leng_max,.559816598074843,.29489574428479,.116491970886123,.639953695340331,stata_areg_centered_student_vce_unadjusted,48,569047
1851,All,z_year_leng_max,.0394677246466067,-.225453129143446,.0682952163394934,.62179737325757,stata_areg_centered_student_vce_unadjusted,145,569047
1858,All,z_year_leng_max,.230849380003709,-.0340714737863432,.0568505042007634,.686101786554013,stata_areg_centered_student_vce_unadjusted,382,569047
1859,All,z_year_leng_max,.144329367001204,-.120591486788848,.0953842309633282,.665497134296093,stata_areg_centered_student_vce_unadjusted,128,569047
1860,All,z_year_leng_max,.185488763265114,-.0794320905249384,.0743080884085568,.581096603275962,stata_areg_centered_student_vce_unadjusted,145,569047
1863,All,z_year_leng_max,.101180076566091,-.163740777223962,.0768332881021838,.643614395060078,stata_areg_centered_student_vce_unadjusted,175,569047
1864,All,z_year_leng_max,.149974155485739,-.114946698304313,.0637072725801314,.630808560618135,stata_areg_centered_student_vce_unadjusted,207,569047
1875,All,z_year_leng_max,.142718392859967,-.122202460930086,.648526919466289,.,stata_areg_centered_student_vce_unadjusted,1,569047
1880,All,z_year_leng_max,-.00426156230736066,-.269182416097413,.0613659033631552,.660675336621404,stata_areg_centered_student_vce_unadjusted,126,569047
1881,All,z_year_leng_max,.348374182836314,.0834533290462616,.0969053351342772,.734361470406496,stata_areg_centered_student_vce_unadjusted,66,569047
1882,All,z_year_leng_max,.236031395995378,-.0288894577946745,.0475586805571663,.729435150800799,stata_areg_centered_student_vce_unadjusted,216,569047
1884,All,z_year_leng_max,.0697383772861029,-.195182476503949,.0498274654692676,.651894551269259,stata_areg_centered_student_vce_unadjusted,200,569047
1886,All,z_year_leng_max,.00399573036295982,-.260925123427093,.123756111258171,.670941613279027,stata_areg_centered_student_vce_unadjusted,44,569047
1887,All,z_year_leng_max,.131274748690538,-.133646105099514,.0861137327770976,.629390290971974,stata_areg_centered_student_vce_unadjusted,100,569047
1889,All,z_year_leng_max,.227575193856281,-.0373456599337709,.130826692848937,.667660474694243,stata_areg_centered_student_vce_unadjusted,29,569047
1891,All,z_year_leng_max,-.19240163827869,-.457322492068742,.198804838717264,.518576411283343,stata_areg_centered_student_vce_unadjusted,16,569047
1894,All,z_year_leng_max,.471872753386759,.206951899596706,.266268572056362,.774303098065834,stata_areg_centered_student_vce_unadjusted,6,569047
1895,All,z_year_leng_max,.164891514104811,-.100029339685241,.100647236914317,.613879337050883,stata_areg_centered_student_vce_unadjusted,55,569047
1908,All,z_year_leng_max,.111207868378879,-.153712985411173,.113498548824859,.718839955466011,stata_areg_centered_student_vce_unadjusted,43,569047
1909,All,z_year_leng_max,.298283016385806,.0333621625957536,.0464934562215387,.661021307514591,stata_areg_centered_student_vce_unadjusted,382,569047
1911,All,z_year_leng_max,.322588817870871,.0576679640808191,.0774914091444028,.592443708651992,stata_areg_centered_student_vce_unadjusted,109,569047
1918,All,z_year_leng_max,.322583633044831,.0576627792547789,.0605634794910685,.694776007585712,stata_areg_centered_student_vce_unadjusted,185,569047
1919,All,z_year_leng_max,.159385286901993,-.105535566888059,.092236028447549,.589248275987263,stata_areg_centered_student_vce_unadjusted,157,569047
1923,All,z_year_leng_max,.278810300118537,.0138894463284847,.0601337915869348,.657693936645642,stata_areg_centered_student_vce_unadjusted,186,569047
1934,All,z_year_leng_max,.276188823836755,.0112679700467023,.0451065579560119,.661618093817943,stata_areg_centered_student_vce_unadjusted,414,569047
1937,All,z_year_leng_max,.688434863206704,.423514009416652,.0955549278813556,.697665430495537,stata_areg_centered_student_vce_unadjusted,89,569047
1941,All,z_year_leng_max,.203614957395357,-.0613058963946955,.0679619652274623,.596506417529884,stata_areg_centered_student_vce_unadjusted,170,569047
1958,All,z_year_leng_max,.224469458441844,-.0404513953482088,.0840819300725719,.602029018105961,stata_areg_centered_student_vce_unadjusted,66,569047
1959,All,z_year_leng_max,.110179044204319,-.154741809585733,.0957901336967689,.640662580295674,stata_areg_centered_student_vce_unadjusted,92,569047
1967,All,z_year_leng_max,.285315274132811,.0203944203427584,.052649644108806,.619150719568133,stata_areg_centered_student_vce_unadjusted,281,569047
1969,All,z_year_leng_max,.26630082874687,.00137997495681774,.0842483876901773,.663085017955802,stata_areg_centered_student_vce_unadjusted,81,569047
1971,All,z_year_leng_max,.115779584784702,-.14914126900535,.0945719752376794,.634983078987123,stata_areg_centered_student_vce_unadjusted,79,569047
1977,All,z_year_leng_max,.356556355483934,.091635501693882,.0453687758403061,.663695320708462,stata_areg_centered_student_vce_unadjusted,455,569047
1980,All,z_year_leng_max,.213836805959048,-.0510840478310044,.102797689938339,.671347828097885,stata_areg_centered_student_vce_unadjusted,93,569047
1987,All,z_year_leng_max,.0986833864714784,-.166237467318574,.11634023980448,.586521953997413,stata_areg_centered_student_vce_unadjusted,40,569047
1989,All,z_year_leng_max,.239980414996314,-.0249404387937387,.104454125735441,.620357846840403,stata_areg_centered_student_vce_unadjusted,88,569047
1996,All,z_year_leng_max,.134030612843367,-.130890240946685,.0546194579215539,.579550028303947,stata_areg_centered_student_vce_unadjusted,305,569047
1997,All,z_year_leng_max,.147150569465485,-.117770284324567,.106827519961725,.647182876507696,stata_areg_centered_student_vce_unadjusted,104,569047
2007,All,z_year_leng_max,.110152309274069,-.154768544515984,.101945827752877,.629798689250008,stata_areg_centered_student_vce_unadjusted,78,569047
2009,All,z_year_leng_max,-.0448200466134911,-.309740900403543,.235411785456906,.502066434687754,stata_areg_centered_student_vce_unadjusted,20,569047
2012,All,z_year_leng_max,.0111080134368684,-.253812840353184,.0754838139923348,.607189190186859,stata_areg_centered_student_vce_unadjusted,90,569047
2013,All,z_year_leng_max,.0740717978252078,-.190849055964845,.0482058376351761,.602516357694006,stata_areg_centered_student_vce_unadjusted,276,569047
2018,All,z_year_leng_max,.0431891526794056,-.221731701110647,.0763815288833972,.646796991718007,stata_areg_centered_student_vce_unadjusted,117,569047
2019,All,z_year_leng_max,.112403843571612,-.15251701021844,.0980419558008979,.585853088428974,stata_areg_centered_student_vce_unadjusted,66,569047
2035,All,z_year_leng_max,-.0758542698575194,-.340775123647572,.145566380813045,.532528003999428,stata_areg_centered_student_vce_unadjusted,24,569047
2040,All,z_year_leng_max,.139301973363428,-.125618880426625,.0759353238766486,.729151035674659,stata_areg_centered_student_vce_unadjusted,197,569047
2041,All,z_year_leng_max,.216683362750288,-.0482374910397643,.0764094231411589,.666833573342722,stata_areg_centered_student_vce_unadjusted,142,569047
2042,All,z_year_leng_max,.602921388216305,.338000534426252,.0830820146250478,.628044852735863,stata_areg_centered_student_vce_unadjusted,325,569047
2043,All,z_year_leng_max,.0713885639868525,-.1935322898032,.101611559805246,.609374352334632,stata_areg_centered_student_vce_unadjusted,75,569047
2044,All,z_year_leng_max,.0113989642308389,-.253521889559213,.0441292470296669,.702276369021539,stata_areg_centered_student_vce_unadjusted,338,569047
2045,All,z_year_leng_max,.39566703282755,.130746179037498,.106790623901626,.67704445267606,stata_areg_centered_student_vce_unadjusted,140,569047
2047,All,z_year_leng_max,.289058177450482,.0241373236604301,.0932256143191208,.616834373153433,stata_areg_centered_student_vce_unadjusted,80,569047
2049,All,z_year_leng_max,.289933491676429,.0250126378863766,.142068289926198,.543276627991777,stata_areg_centered_student_vce_unadjusted,164,569047
2050,All,z_year_leng_max,.22806101724551,-.0368598365445424,.103130491473846,.585267999819724,stata_areg_centered_student_vce_unadjusted,54,569047
2052,All,z_year_leng_max,-.00393317622709178,-.268854030017144,.100971788866827,.634106988194138,stata_areg_centered_student_vce_unadjusted,66,569047
2055,All,z_year_leng_max,.0332648520884929,-.231656001701559,.0986978162993302,.684432447937428,stata_areg_centered_student_vce_unadjusted,96,569047
2057,All,z_year_leng_max,-.363680784191675,-.628601637981727,.371129668077139,.646087686005802,stata_areg_centered_student_vce_unadjusted,4,569047
2064,All,z_year_leng_max,.138605125024586,-.126315728765466,.0557427163391113,.600482167072519,stata_areg_centered_student_vce_unadjusted,189,569047
2066,All,z_year_leng_max,.181755553825339,-.0831652999647129,.140219284969096,.551832865705262,stata_areg_centered_student_vce_unadjusted,25,569047
2075,All,z_year_leng_max,.262999428983255,-.00192142480679686,.0667737504579615,.632369991712805,stata_areg_centered_student_vce_unadjusted,148,569047
2078,All,z_year_leng_max,.151799030509312,-.113121823280741,.0641561569544901,.667267379365664,stata_areg_centered_student_vce_unadjusted,160,569047
2084,All,z_year_leng_max,.00437745743590583,-.260543396354146,.0587674267058904,.682451115569713,stata_areg_centered_student_vce_unadjusted,170,569047
2090,All,z_year_leng_max,.177610889845091,-.0873099639449617,.114591708125708,.646236805602724,stata_areg_centered_student_vce_unadjusted,128,569047
2091,All,z_year_leng_max,.30400764081067,.0390867870206176,.0682226426623702,.695434542821338,stata_areg_centered_student_vce_unadjusted,226,569047
2099,All,z_year_leng_max,.199907450178056,-.0650134036119959,.0962566122177809,.609515259905291,stata_areg_centered_student_vce_unadjusted,107,569047
2101,All,z_year_leng_max,.481782738926973,.216861885136921,.468980254837238,.0411917025905474,stata_areg_centered_student_vce_unadjusted,2,569047
2102,All,z_year_leng_max,.158076607370733,-.106844246419319,.0381427954789905,.580296718692569,stata_areg_centered_student_vce_unadjusted,385,569047
2103,All,z_year_leng_max,.20817523822243,-.0567456155676225,.0347222860943295,.692921665195742,stata_areg_centered_student_vce_unadjusted,528,569047
2104,All,z_year_leng_max,.123979571701207,-.140941282088845,.0273126248633069,.633772864036724,stata_areg_centered_student_vce_unadjusted,1214,569047
2105,All,z_year_leng_max,.146314335400009,-.118606518390043,.0336691351729962,.62093485224923,stata_areg_centered_student_vce_unadjusted,600,569047
2109,All,z_year_leng_max,.419458671158536,.154537817368484,.0424966117855383,.608905963715771,stata_areg_centered_student_vce_unadjusted,360,569047
2110,All,z_year_leng_max,.392320092558311,.127399238768258,.0412258932634992,.643443907052696,stata_areg_centered_student_vce_unadjusted,1312,569047
2111,All,z_year_leng_max,.14650217909374,-.118418674696313,.0476530456446592,.599022489720855,stata_areg_centered_student_vce_unadjusted,228,569047
2123,All,z_year_leng_max,.158166556619084,-.106754297170968,.0497175844374368,.644262683113207,stata_areg_centered_student_vce_unadjusted,226,569047
2124,All,z_year_leng_max,.191292516947879,-.073628336842173,.0888258898544306,.568527392205033,stata_areg_centered_student_vce_unadjusted,74,569047
2134,All,z_year_leng_max,-.0126790164990916,-.277599870289144,.0508382940778264,.607485390838847,stata_areg_centered_student_vce_unadjusted,196,569047
2150,All,z_year_leng_max,.583015138259354,.318094284469302,.102093583739325,.602280297830052,stata_areg_centered_student_vce_unadjusted,141,569047
2153,All,z_year_leng_max,.392812977907066,.127892124117014,.230835403482211,.55806960520504,stata_areg_centered_student_vce_unadjusted,8,569047
2163,All,z_year_leng_max,.261201774054615,-.00371907973543723,.0699877225364891,.617165869597639,stata_areg_centered_student_vce_unadjusted,94,569047
2164,All,z_year_leng_max,.218571357053064,-.0463494967369879,.0583502988323903,.669851995635421,stata_areg_centered_student_vce_unadjusted,190,569047
2165,All,z_year_leng_max,.278090225719014,.0131693719289612,.0669109025761862,.674779375438685,stata_areg_centered_student_vce_unadjusted,160,569047
2166,All,z_year_leng_max,.248677462330223,-.0162433914598295,.0473818636456232,.647345303850214,stata_areg_centered_student_vce_unadjusted,339,569047
2167,All,z_year_leng_max,.316873303044226,.0519524492541739,.0956121835588988,.559600508409514,stata_areg_centered_student_vce_unadjusted,49,569047
2170,All,z_year_leng_max,.447480930390361,.182560076600309,.0769368330419761,.720253331889435,stata_areg_centered_student_vce_unadjusted,151,569047
2171,All,z_year_leng_max,.315825772509998,.0509049187199462,.079566555370164,.583045593838334,stata_areg_centered_student_vce_unadjusted,96,569047
2183,All,z_year_leng_max,.0622832695330151,-.202637584257037,.0909187690679301,.656596966498507,stata_areg_centered_student_vce_unadjusted,117,569047
2185,All,z_year_leng_max,.254341918427717,-.0105789353623355,.121636688192733,.539459068555694,stata_areg_centered_student_vce_unadjusted,30,569047
2194,All,z_year_leng_max,.973968261137373,.709047407347321,.112811913066612,.579170874182574,stata_areg_centered_student_vce_unadjusted,280,569047
2198,All,z_year_leng_max,.108560349835254,-.156360503954798,.325678862991061,.998822296997672,stata_areg_centered_student_vce_unadjusted,4,569047
2200,All,z_year_leng_max,.707344544194735,.442423690404682,.0643097430652453,.580002185172825,stata_areg_centered_student_vce_unadjusted,553,569047
2205,All,z_year_leng_max,.0534231522283782,-.211497701561674,.0686928548791067,.636887196934718,stata_areg_centered_student_vce_unadjusted,120,569047
2206,All,z_year_leng_max,.0558957303659957,-.209025123424057,.0914927309295665,.634357911258492,stata_areg_centered_student_vce_unadjusted,63,569047
2217,All,z_year_leng_max,.404057864698236,.139137010908184,.104751705718503,.632724837235398,stata_areg_centered_student_vce_unadjusted,140,569047
2218,All,z_year_leng_max,-.0522824488662951,-.317203302656347,.0800374760187177,.62074442591106,stata_areg_centered_student_vce_unadjusted,146,569047
2219,All,z_year_leng_max,-.088018696718331,-.352939550508383,.0694002248681566,.598261957456608,stata_areg_centered_student_vce_unadjusted,104,569047
2222,All,z_year_leng_max,-.0397786757491661,-.304699529539218,.0583819487098186,.570478497486543,stata_areg_centered_student_vce_unadjusted,189,569047
2224,All,z_year_leng_max,.0831791338025417,-.181741719987511,.0899130106514349,.591328815228843,stata_areg_centered_student_vce_unadjusted,83,569047
2233,All,z_year_leng_max,.137980081817673,-.126940771972379,.118284074050619,.587134451475396,stata_areg_centered_student_vce_unadjusted,33,569047
2244,All,z_year_leng_max,.0704439428423445,-.194476910947708,.194552973586402,.633273212228488,stata_areg_centered_student_vce_unadjusted,22,569047
2250,All,z_year_leng_max,-.0672967706841783,-.332217624474231,.174865735294262,.501357528867474,stata_areg_centered_student_vce_unadjusted,17,569047
2259,All,z_year_leng_max,.109729501352433,-.15519135243762,.071264194167144,.606243482231748,stata_areg_centered_student_vce_unadjusted,203,569047
2260,All,z_year_leng_max,.460846008339685,.195925154549633,.0962140181689537,.645358990181865,stata_areg_centered_student_vce_unadjusted,181,569047
2263,All,z_year_leng_max,.180520733136308,-.0844001206537446,.14067759276275,.550901925083363,stata_areg_centered_student_vce_unadjusted,28,569047
2278,All,z_year_leng_max,.0626513072078725,-.20226954658218,.0578643000055426,.642877127710837,stata_areg_centered_student_vce_unadjusted,487,569047
2280,All,z_year_leng_max,.15160728587344,-.113313567916612,.0484980451848863,.557922280003124,stata_areg_centered_student_vce_unadjusted,323,569047
2283,All,z_year_leng_max,.202459345760146,-.062461508029906,.0503461373404091,.628131597348597,stata_areg_centered_student_vce_unadjusted,278,569047
2285,All,z_year_leng_max,.118866590083132,-.14605426370692,.125241992537575,.743734550569685,stata_areg_centered_student_vce_unadjusted,30,569047
2308,All,z_year_leng_max,.487027888731346,.222107034941293,.0730565155084437,.669469114524253,stata_areg_centered_student_vce_unadjusted,248,569047
2309,All,z_year_leng_max,.220817818731531,-.0441030350585214,.0808122442718195,.60678091513312,stata_areg_centered_student_vce_unadjusted,165,569047
2319,All,z_year_leng_max,.0579402444169929,-.206980609373059,.0767895145092531,.631285120853537,stata_areg_centered_student_vce_unadjusted,122,569047
2326,All,z_year_leng_max,.187080367881815,-.0778404859082369,.0951713383829155,.669350347106242,stata_areg_centered_student_vce_unadjusted,268,569047
2329,All,z_year_leng_max,.182469856000283,-.0824509977897688,.0401781626260551,.640418621352814,stata_areg_centered_student_vce_unadjusted,744,569047
2339,All,z_year_leng_max,.0421205800193437,-.222800273770709,.0993974455779004,.621625100460205,stata_areg_centered_student_vce_unadjusted,77,569047
2355,All,z_year_leng_max,.358795892926204,.0938750391361514,.0763123796511127,.677631072100414,stata_areg_centered_student_vce_unadjusted,293,569047
2356,All,z_year_leng_max,.255808987183755,-.00911186660629698,.0831304419628513,.591161689280413,stata_areg_centered_student_vce_unadjusted,245,569047
2375,All,z_year_leng_max,.120799024567885,-.144121829222168,.0691364480244243,.668378157703346,stata_areg_centered_student_vce_unadjusted,203,569047
2378,All,z_year_leng_max,.0472871825974533,-.217633671192599,.0699938519437063,.563753199604277,stata_areg_centered_student_vce_unadjusted,129,569047
2400,All,z_year_leng_max,.191238236991349,-.073682616798703,.0972653082148274,.644010662105279,stata_areg_centered_student_vce_unadjusted,70,569047
2401,All,z_year_leng_max,-.0640264959198441,-.328947349709896,.0702639066140569,.617380377340323,stata_areg_centered_student_vce_unadjusted,117,569047
2406,All,z_year_leng_max,-.00829823251345778,-.27321908630351,.10562530838593,.611474820013057,stata_areg_centered_student_vce_unadjusted,53,569047
2411,All,z_year_leng_max,.160890833204833,-.104030020585219,.0569844647093396,.60663218157406,stata_areg_centered_student_vce_unadjusted,257,569047
2422,All,z_year_leng_max,.00357127266533787,-.261349581124714,.0540564905588143,.622214402286063,stata_areg_centered_student_vce_unadjusted,318,569047
2442,All,z_year_leng_max,.052719754414383,-.212201099375669,.0444189730490452,.549492215435362,stata_areg_centered_student_vce_unadjusted,301,569047
2443,All,z_year_leng_max,-.0213046981975366,-.286225551987589,.0472770518076827,.621792845379976,stata_areg_centered_student_vce_unadjusted,260,569047
2444,All,z_year_leng_max,.0639714813270282,-.200949372463024,.0486727945649666,.57971632308342,stata_areg_centered_student_vce_unadjusted,246,569047
2447,All,z_year_leng_max,.274960901127106,.0100400473370535,.0596658463807205,.579433300767091,stata_areg_centered_student_vce_unadjusted,163,569047
2448,All,z_year_leng_max,.103173266238446,-.161747587551607,.0556690502643526,.585032990753322,stata_areg_centered_student_vce_unadjusted,171,569047
2453,All,z_year_leng_max,.0875102143064105,-.177410639483642,.0703212519109449,.642735091922007,stata_areg_centered_student_vce_unadjusted,165,569047
2454,All,z_year_leng_max,.200638586266802,-.0642822675232508,.0436894263071714,.631889882885443,stata_areg_centered_student_vce_unadjusted,656,569047
2455,All,z_year_leng_max,.383350857918812,.11843000412876,.0739961202740411,.605259717934232,stata_areg_centered_student_vce_unadjusted,283,569047
2482,All,z_year_leng_max,.723839645312838,.458918791522785,.0637012642293693,.64174612430969,stata_areg_centered_student_vce_unadjusted,360,569047
2485,All,z_year_leng_max,.0318976079036043,-.233023245886448,.0554541308358441,.644842605538794,stata_areg_centered_student_vce_unadjusted,164,569047
2486,All,z_year_leng_max,.172704472344217,-.0922163814458357,.0546045852779306,.645586122975192,stata_areg_centered_student_vce_unadjusted,370,569047
2507,All,z_year_leng_max,-.239512929589333,-.504433783379386,.651326457758887,.,stata_areg_centered_student_vce_unadjusted,1,569047
2514,All,z_year_leng_max,.0415447872965907,-.223376066493462,.0832864364602265,.66981216922016,stata_areg_centered_student_vce_unadjusted,100,569047
2518,All,z_year_leng_max,.0513744220803944,-.213546431709658,.142032423413207,.700787309212946,stata_areg_centered_student_vce_unadjusted,26,569047
2530,All,z_year_leng_max,.0619329409584083,-.202987912831644,.0626280337550661,.631482177647574,stata_areg_centered_student_vce_unadjusted,171,569047
2551,All,z_year_leng_max,.252208087275617,-.0127127665144357,.0475511823484754,.596981081121477,stata_areg_centered_student_vce_unadjusted,330,569047
2552,All,z_year_leng_max,.0509313020368344,-.213989551753218,.0400385616527758,.589130274274694,stata_areg_centered_student_vce_unadjusted,607,569047
2579,All,z_year_leng_max,.352698820864124,.087777967074072,.0713642892282225,.658928215925547,stata_areg_centered_student_vce_unadjusted,421,569047
2580,All,z_year_leng_max,.165046515055786,-.099874338734266,.0816462059440882,.67302053223127,stata_areg_centered_student_vce_unadjusted,308,569047
2583,All,z_year_leng_max,.190249446273821,-.074671407516231,.0805761113929041,.598938205371617,stata_areg_centered_student_vce_unadjusted,157,569047
2611,All,z_year_leng_max,-.033230350034354,-.298151203824406,.648188585502849,.,stata_areg_centered_student_vce_unadjusted,1,569047
2612,All,z_year_leng_max,.280837189125968,.0159163353359158,.106065516735601,.564137291255473,stata_areg_centered_student_vce_unadjusted,78,569047
2625,All,z_year_leng_max,.17307332017181,-.0918475336182424,.06848157878898,.622177338331032,stata_areg_centered_student_vce_unadjusted,173,569047
2635,All,z_year_leng_max,.293426072911013,.0285052191209608,.0671436820699722,.656855828472697,stata_areg_centered_student_vce_unadjusted,335,569047
2656,All,z_year_leng_max,.196813156837965,-.0681076969520872,.125023504993449,.67086116812105,stata_areg_centered_student_vce_unadjusted,138,569047
2657,All,z_year_leng_max,.0103502066905983,-.254570647099454,.0901670435233202,.676814342932627,stata_areg_centered_student_vce_unadjusted,129,569047
2660,All,z_year_leng_max,.189537393490075,-.0753834602999773,.469550610791797,.299896172985052,stata_areg_centered_student_vce_unadjusted,2,569047
2681,All,z_year_leng_max,.123645990898651,-.141274862891401,.0788605457269781,.670439976809315,stata_areg_centered_student_vce_unadjusted,164,569047
2701,All,z_year_leng_max,.0237293449937667,-.241191508796286,.0860208729032011,.662443842674408,stata_areg_centered_student_vce_unadjusted,81,569047
2732,All,z_year_leng_max,.2228964120503,-.042024441739752,.0857167963643531,.611496815543545,stata_areg_centered_student_vce_unadjusted,62,569047
2733,All,z_year_leng_max,.133681093482339,-.131239760307714,.050852365749854,.642642066585659,stata_areg_centered_student_vce_unadjusted,213,569047
2737,All,z_year_leng_max,-.205288437104213,-.470209290894265,.253388209531027,.731783941806675,stata_areg_centered_student_vce_unadjusted,12,569047
2751,All,z_year_leng_max,1.64253579215603,1.37761493836598,.648708887259635,.,stata_areg_centered_student_vce_unadjusted,1,569047
2782,All,z_year_leng_max,.284764543151475,.0198436893614232,.0759637505590326,.603281686594098,stata_areg_centered_student_vce_unadjusted,451,569047
2785,All,z_year_leng_max,.365943749089817,.101022895299764,.109086705180783,.692432063227768,stata_areg_centered_student_vce_unadjusted,119,569047
2786,All,z_year_leng_max,.698669604124051,.433748750333999,.0598756354361976,.605041795077328,stata_areg_centered_student_vce_unadjusted,367,569047
2787,All,z_year_leng_max,.293682866859015,.0287620130689631,.0796308647871952,.673474312131664,stata_areg_centered_student_vce_unadjusted,211,569047
2789,All,z_year_leng_max,.671883106533304,.406962252743251,.179136987297597,.664292923707055,stata_areg_centered_student_vce_unadjusted,148,569047
2790,All,z_year_leng_max,.475934562798204,.211013709008152,.214532950635164,.667221711708585,stata_areg_centered_student_vce_unadjusted,64,569047
2793,All,z_year_leng_max,.12175341190295,-.143167441887102,.0435071599432623,.622015470797659,stata_areg_centered_student_vce_unadjusted,333,569047
2794,All,z_year_leng_max,.0874943523542279,-.177426501435824,.0702290180125474,.608551491556452,stata_areg_centered_student_vce_unadjusted,119,569047
2833,All,z_year_leng_max,-.0915561674600876,-.35647702125014,.375261691943697,.242838832623632,stata_areg_centered_student_vce_unadjusted,3,569047
2835,All,z_year_leng_max,.0889504961631764,-.175970357626876,.062545860576744,.597063708905325,stata_areg_centered_student_vce_unadjusted,156,569047
2836,All,z_year_leng_max,.289704573338346,.0247837195482942,.088388069865388,.500322108862022,stata_areg_centered_student_vce_unadjusted,69,569047
2863,All,z_year_leng_max,.247565436033884,-.0173554177561688,.0867495743299935,.612319049155846,stata_areg_centered_student_vce_unadjusted,141,569047
2865,All,z_year_leng_max,.182399963012049,-.0825208907780031,.0640919953929281,.658925134536757,stata_areg_centered_student_vce_unadjusted,129,569047
2882,All,z_year_leng_max,.32029056889842,.0553697151083675,.0823905234133112,.678356092708566,stata_areg_centered_student_vce_unadjusted,299,569047
2896,All,z_year_leng_max,.365800573101702,.100879719311649,.0973189037162486,.617699823022784,stata_areg_centered_student_vce_unadjusted,179,569047
2908,All,z_year_leng_max,.110502945459219,-.154417908330833,.156768517323833,.626624521093984,stata_areg_centered_student_vce_unadjusted,27,569047
2909,All,z_year_leng_max,.209947856406373,-.054972997383679,.176485114583693,.688062116374407,stata_areg_centered_student_vce_unadjusted,44,569047
2910,All,z_year_leng_max,.119798098370096,-.145122755419956,.213650204932189,.628531274609131,stata_areg_centered_student_vce_unadjusted,57,569047
2930,All,z_year_leng_max,.232921974220185,-.0319988795698672,.0686832548157152,.742067619920918,stata_areg_centered_student_vce_unadjusted,122,569047
2934,All,z_year_leng_max,.111129679328073,-.15379117446198,.0382879133631235,.57117161448947,stata_areg_centered_student_vce_unadjusted,439,569047
2935,All,z_year_leng_max,.182804717932893,-.0821161358571594,.0305435242304138,.62117990414332,stata_areg_centered_student_vce_unadjusted,949,569047
2937,All,z_year_leng_max,.0779346420920604,-.186986211697992,.0533054415741911,.609105710149189,stata_areg_centered_student_vce_unadjusted,177,569047
2938,All,z_year_leng_max,.164446178233614,-.100474675556439,.0349727780995611,.626037620478992,stata_areg_centered_student_vce_unadjusted,556,569047
2939,All,z_year_leng_max,.321930956498592,.0570101027085398,.0601989918139516,.609873766132686,stata_areg_centered_student_vce_unadjusted,129,569047
2940,All,z_year_leng_max,.245573206895949,-.0193476468941035,.12556416403597,.578555838292929,stata_areg_centered_student_vce_unadjusted,31,569047
2943,All,z_year_leng_max,.133775665190225,-.131145188599827,.151522196027916,.567696292392484,stata_areg_centered_student_vce_unadjusted,19,569047
2961,All,z_year_leng_max,1.19628247104803,.931361617257974,.65717381180321,.,stata_areg_centered_student_vce_unadjusted,1,569047
2973,All,z_year_leng_max,.312025920545428,.0471050667553755,.0288577393050506,.662742355368873,stata_areg_centered_student_vce_unadjusted,1508,569047
2974,All,z_year_leng_max,.274041388906017,.00912053511596422,.180680987653595,.597515857137219,stata_areg_centered_student_vce_unadjusted,13,569047
2979,All,z_year_leng_max,.0336120637284179,-.231308790061634,.126081196558225,.622765896976187,stata_areg_centered_student_vce_unadjusted,31,569047
2991,All,z_year_leng_max,.429850642607191,.164929788817139,.0802694533098683,.656337870543554,stata_areg_centered_student_vce_unadjusted,268,569047
2992,All,z_year_leng_max,.21905248776111,-.0458683660289427,.0568800738463479,.655389977636458,stata_areg_centered_student_vce_unadjusted,371,569047
2995,All,z_year_leng_max,.21552693512113,-.0493939186689221,.0707685022840842,.654608516117424,stata_areg_centered_student_vce_unadjusted,405,569047
2997,All,z_year_leng_max,.110391982375503,-.154528871414549,.0819547189997414,.534750735131206,stata_areg_centered_student_vce_unadjusted,74,569047
3003,All,z_year_leng_max,.300122210002688,.0352013562126358,.142899065408348,.517741477103381,stata_areg_centered_student_vce_unadjusted,22,569047
3005,All,z_year_leng_max,.287541370047889,.0226205162578362,.050642366345115,.611707875308035,stata_areg_centered_student_vce_unadjusted,306,569047
3006,All,z_year_leng_max,.133249080680937,-.131671773109115,.0354387902885195,.645911351327977,stata_areg_centered_student_vce_unadjusted,755,569047
3010,All,z_year_leng_max,.109093818224213,-.155827035565839,.123848387724145,.646971828867278,stata_areg_centered_student_vce_unadjusted,37,569047
3012,All,z_year_leng_max,.357904720319345,.0929838665292931,.071680759983025,.592061431258762,stata_areg_centered_student_vce_unadjusted,242,569047
3013,All,z_year_leng_max,.196708043966488,-.0682128098235646,.0492002436181364,.612372977802747,stata_areg_centered_student_vce_unadjusted,313,569047
3014,All,z_year_leng_max,.599467915150964,.334547061360912,.091099023138974,.592636605470096,stata_areg_centered_student_vce_unadjusted,305,569047
3015,All,z_year_leng_max,.728507353292829,.463586499502776,.0810770030913773,.604455035815637,stata_areg_centered_student_vce_unadjusted,234,569047
3016,All,z_year_leng_max,.184984727438621,-.0799361263514312,.0958397743257137,.640894350117275,stata_areg_centered_student_vce_unadjusted,66,569047
3033,All,z_year_leng_max,.0983380026902505,-.166582851099802,.0936571591440034,.596504292980814,stata_areg_centered_student_vce_unadjusted,113,569047
3055,All,z_year_leng_max,.0894612049895102,-.175459648800542,.0558226126853148,.625743620013318,stata_areg_centered_student_vce_unadjusted,185,569047
3059,All,z_year_leng_max,.04594831604833,-.218972537741722,.0888533853899473,.586454097418529,stata_areg_centered_student_vce_unadjusted,64,569047
3108,All,z_year_leng_max,.269253554018611,.00433270022855858,.102213981153974,.677309261053928,stata_areg_centered_student_vce_unadjusted,153,569047
3110,All,z_year_leng_max,.288862351249247,.0239414974591944,.160539728816942,.521409415390011,stata_areg_centered_student_vce_unadjusted,20,569047
3126,All,z_year_leng_max,.104359809749726,-.160561044040326,.0669506984773367,.586332404690246,stata_areg_centered_student_vce_unadjusted,110,569047
3127,All,z_year_leng_max,.0211769822216334,-.243743871568419,.0516423991514343,.654568233107176,stata_areg_centered_student_vce_unadjusted,169,569047
3128,All,z_year_leng_max,.187497956972603,-.0774228968174497,.10236193326033,.664127807784927,stata_areg_centered_student_vce_unadjusted,90,569047
3138,All,z_year_leng_max,.113222554155852,-.1516982996342,.141460782201133,.591483104888619,stata_areg_centered_student_vce_unadjusted,26,569047
3163,All,z_year_leng_max,.0456365609391532,-.219284292850899,.066426734120625,.556868268503332,stata_areg_centered_student_vce_unadjusted,255,569047
3165,All,z_year_leng_max,.332346761215008,.0674259074249554,.0655804978128415,.700037946374876,stata_areg_centered_student_vce_unadjusted,309,569047
3172,All,z_year_leng_max,.091182216906748,-.173738636883304,.120786525696343,.498257284104277,stata_areg_centered_student_vce_unadjusted,52,569047
3173,All,z_year_leng_max,.179475961116762,-.0854448926732907,.104460066016028,.593659454297802,stata_areg_centered_student_vce_unadjusted,82,569047
3202,All,z_year_leng_max,.491096034973262,.22617518118321,.0700755887972949,.622175190718707,stata_areg_centered_student_vce_unadjusted,367,569047
3204,All,z_year_leng_max,.890946864894294,.626026011104242,.191694346267781,.675395731074843,stata_areg_centered_student_vce_unadjusted,100,569047
3205,All,z_year_leng_max,.182534318040082,-.0823865357499708,.109422245074354,.591762469818723,stata_areg_centered_student_vce_unadjusted,142,569047
3209,All,z_year_leng_max,-.0118243951047477,-.2767452488948,.458039617021635,.737254279199078,stata_areg_centered_student_vce_unadjusted,2,569047
3247,All,z_year_leng_max,.281789649902732,.0168687961126801,.0356372561409208,.662301273744217,stata_areg_centered_student_vce_unadjusted,964,569047
3248,All,z_year_leng_max,.193541261550646,-.0713795922394065,.0374553773979705,.607452735679558,stata_areg_centered_student_vce_unadjusted,621,569047
3252,All,z_year_leng_max,.0792716518701198,-.185649201919932,.0410451242995178,.604542463647766,stata_areg_centered_student_vce_unadjusted,462,569047
3290,All,z_year_leng_max,.202461101850996,-.0624597519390565,.0428454636074562,.640696390027086,stata_areg_centered_student_vce_unadjusted,453,569047
3296,All,z_year_leng_max,.230212209004009,-.0347086447860435,.0477494510551009,.622536674000353,stata_areg_centered_student_vce_unadjusted,444,569047
3298,All,z_year_leng_max,.250953614331694,-.0139672394583586,.0898890985619814,.660015253860133,stata_areg_centered_student_vce_unadjusted,312,569047
3300,All,z_year_leng_max,.393710342180232,.12878948839018,.108228771165385,.621553257848365,stata_areg_centered_student_vce_unadjusted,333,569047
3302,All,z_year_leng_max,.292976833180949,.0280559793908969,.0715814064772376,.601168346849052,stata_areg_centered_student_vce_unadjusted,192,569047
3303,All,z_year_leng_max,.260205826891326,-.00471502689872627,.0747750888602467,.598065297614766,stata_areg_centered_student_vce_unadjusted,210,569047
3304,All,z_year_leng_max,.370067859616184,.105147005826132,.092301100193378,.649677186873972,stata_areg_centered_student_vce_unadjusted,149,569047
3305,All,z_year_leng_max,-.00630184787590626,-.271222701665959,.0605040192053779,.532012298007061,stata_areg_centered_student_vce_unadjusted,139,569047
3308,All,z_year_leng_max,.229717602519137,-.0352032512709157,.105629565875787,.689992434820872,stata_areg_centered_student_vce_unadjusted,122,569047
3311,All,z_year_leng_max,.186051145049969,-.0788697087400833,.0826756915522329,.655716469526342,stata_areg_centered_student_vce_unadjusted,154,569047
3313,All,z_year_leng_max,.15288368725972,-.112037166530333,.110455882380831,.505834329159553,stata_areg_centered_student_vce_unadjusted,63,569047
3317,All,z_year_leng_max,.226942597457914,-.0379782563321388,.154976586814363,.591481531581305,stata_areg_centered_student_vce_unadjusted,24,569047
3327,All,z_year_leng_max,.107319239524635,-.157601614265417,.0840057538215317,.567025555950128,stata_areg_centered_student_vce_unadjusted,66,569047
3328,All,z_year_leng_max,.191704044851806,-.0732168089382466,.0547815370174034,.658109484693502,stata_areg_centered_student_vce_unadjusted,279,569047
3348,All,z_year_leng_max,.0204825904599287,-.244438263330124,.0728664578607876,.610911410975138,stata_areg_centered_student_vce_unadjusted,111,569047
3359,All,z_year_leng_max,.0910043873562885,-.173916466433764,.15897637105135,.758302369741027,stata_areg_centered_student_vce_unadjusted,28,569047
3387,All,z_year_leng_max,.167728125537296,-.0971927282527567,.0593375369612493,.62960138708287,stata_areg_centered_student_vce_unadjusted,233,569047
3396,All,z_year_leng_max,.463768807882181,.198847954092129,.382719036421608,1.05777127531882,stata_areg_centered_student_vce_unadjusted,3,569047
3400,All,z_year_leng_max,.235431003654528,-.0294898501355241,.116315584251468,.558014149449808,stata_areg_centered_student_vce_unadjusted,51,569047
3430,All,z_year_leng_max,.093264674476054,-.171656179313998,.119296356849165,.622118044091467,stata_areg_centered_student_vce_unadjusted,129,569047
3431,All,z_year_leng_max,.164831733921814,-.100089119868238,.0771824123785423,.625889566388463,stata_areg_centered_student_vce_unadjusted,302,569047
3432,All,z_year_leng_max,.105458900877763,-.159461952912289,.0825984224215088,.656718831657221,stata_areg_centered_student_vce_unadjusted,325,569047
3433,All,z_year_leng_max,.386345165936977,.121424312146924,.0868069067413564,.600794422287752,stata_areg_centered_student_vce_unadjusted,175,569047
3434,All,z_year_leng_max,.0910589912272341,-.173861862562818,.0542432224813689,.619448778916648,stata_areg_centered_student_vce_unadjusted,333,569047
3442,All,z_year_leng_max,-.1165491489558,-.381470002745852,.141009165611869,.478850819560815,stata_areg_centered_student_vce_unadjusted,32,569047
3443,All,z_year_leng_max,.196063370238864,-.0688574835511883,.150644223597897,.655615023789374,stata_areg_centered_student_vce_unadjusted,46,569047
3460,All,z_year_leng_max,.169940877496571,-.0949799762934811,.0792860899266428,.643150273255043,stata_areg_centered_student_vce_unadjusted,170,569047
3461,All,z_year_leng_max,.0139261205823009,-.250994733207751,.102909012392358,.540217248300848,stata_areg_centered_student_vce_unadjusted,48,569047
3478,All,z_year_leng_max,-.0398718196014884,-.304792673391541,.138155288436285,.711321008868103,stata_areg_centered_student_vce_unadjusted,24,569047
3479,All,z_year_leng_max,.175545214269311,-.0893756395207417,.0423246807110928,.629303702597686,stata_areg_centered_student_vce_unadjusted,631,569047
3530,All,z_year_leng_max,.506075430993043,.241154577202991,.0724217761906052,.703072983802246,stata_areg_centered_student_vce_unadjusted,220,569047
3531,All,z_year_leng_max,.519365592305967,.254444738515914,.0986696847944968,.684174358235569,stata_areg_centered_student_vce_unadjusted,285,569047
3533,All,z_year_leng_max,.251147243287744,-.0137736105023088,.0761039460271934,.654543521556559,stata_areg_centered_student_vce_unadjusted,277,569047
3538,All,z_year_leng_max,.186478250624802,-.0784426031652508,.0704927569966204,.618347321619231,stata_areg_centered_student_vce_unadjusted,232,569047
3539,All,z_year_leng_max,.169775294226038,-.0951455595640147,.0555022722186625,.622076757565384,stata_areg_centered_student_vce_unadjusted,538,569047
3540,All,z_year_leng_max,-.0413998425648928,-.306320696354945,.0693466732354052,.597090227389106,stata_areg_centered_student_vce_unadjusted,179,569047
3608,All,z_year_leng_max,.361189528086818,.0962686742967661,.0911355271521454,.641019590036872,stata_areg_centered_student_vce_unadjusted,265,569047
3609,All,z_year_leng_max,.0516629609828975,-.213257892807155,.0782509886272399,.64427449917876,stata_areg_centered_student_vce_unadjusted,204,569047
3618,All,z_year_leng_max,.0295515548848901,-.235369298905162,.0946667797640577,.606675283985605,stata_areg_centered_student_vce_unadjusted,116,569047
3638,All,z_year_leng_max,.300201734548743,.0352808807586902,.0373054370030267,.646913951524994,stata_areg_centered_student_vce_unadjusted,489,569047
3639,All,z_year_leng_max,.147186227635974,-.117734626154079,.0626922428936634,.655954412085023,stata_areg_centered_student_vce_unadjusted,133,569047
3640,All,z_year_leng_max,.150540386319315,-.114380467470737,.0383383228312536,.629497341725558,stata_areg_centered_student_vce_unadjusted,413,569047
3641,All,z_year_leng_max,-.0247570216426292,-.289677875432682,.0573432811769551,.60263934839217,stata_areg_centered_student_vce_unadjusted,148,569047
3642,All,z_year_leng_max,.149634005464188,-.115286848325865,.0529895876992259,.623027705775537,stata_areg_centered_student_vce_unadjusted,182,569047
3643,All,z_year_leng_max,.185828554328961,-.0790922994610913,.166780952577757,.694139607522085,stata_areg_centered_student_vce_unadjusted,16,569047
3645,All,z_year_leng_max,-.193490360841961,-.458411214632013,.458714204740812,.193835338501435,stata_areg_centered_student_vce_unadjusted,2,569047
3656,All,z_year_leng_max,.126473845186827,-.138447008603225,.118695226946624,.659738687049281,stata_areg_centered_student_vce_unadjusted,55,569047
3657,All,z_year_leng_max,.0749644476465423,-.18995640614351,.12699564145434,.418540717216803,stata_areg_centered_student_vce_unadjusted,37,569047
3662,All,z_year_leng_max,.114454125147187,-.150466728642865,.0972444574591568,.695510177705937,stata_areg_centered_student_vce_unadjusted,79,569047
3711,All,z_year_leng_max,.463971237895786,.199050384105734,.0544274846244482,.612217941366692,stata_areg_centered_student_vce_unadjusted,247,569047
3713,All,z_year_leng_max,.324177950166768,.0592570963767153,.0606132163313725,.658475920650184,stata_areg_centered_student_vce_unadjusted,588,569047
3718,All,z_year_leng_max,.445100788981775,.180179935191723,.0721762160145636,.648494147214924,stata_areg_centered_student_vce_unadjusted,419,569047
3719,All,z_year_leng_max,.138384335555576,-.126536518234477,.0883910978793378,.712413795438399,stata_areg_centered_student_vce_unadjusted,114,569047
3720,All,z_year_leng_max,.545667543998608,.280746690208556,.23333123080036,.571652437170133,stata_areg_centered_student_vce_unadjusted,119,569047
3723,All,z_year_leng_max,.149206772222339,-.115714081567713,.0811765022807908,.617045081500721,stata_areg_centered_student_vce_unadjusted,139,569047
3724,All,z_year_leng_max,.221881476555956,-.043039377234096,.073752177678381,.684867946765078,stata_areg_centered_student_vce_unadjusted,312,569047
3728,All,z_year_leng_max,.35057158375245,.0856507299623976,.0849753388976404,.602573740426429,stata_areg_centered_student_vce_unadjusted,158,569047
3730,All,z_year_leng_max,.255748766496404,-.00917208729364782,.0886372797700538,.69970916906318,stata_areg_centered_student_vce_unadjusted,118,569047
3733,All,z_year_leng_max,.134302539751027,-.130618314039025,.112298000804991,.589350359271895,stata_areg_centered_student_vce_unadjusted,50,569047
3734,All,z_year_leng_max,.343818430817111,.0788975770270588,.176749880046032,.50663885481993,stata_areg_centered_student_vce_unadjusted,14,569047
3735,All,z_year_leng_max,.429429258310596,.164508404520543,.0455585267535809,.665398952587825,stata_areg_centered_student_vce_unadjusted,326,569047
3739,All,z_year_leng_max,-.0656814719058217,-.330602325695874,.0779779820755225,.647820361462768,stata_areg_centered_student_vce_unadjusted,75,569047
3741,All,z_year_leng_max,1.25383049572084,.988909641930784,.460505962432752,.836580480220073,stata_areg_centered_student_vce_unadjusted,2,569047
3742,All,z_year_leng_max,.0999450166394554,-.164975837150597,.0628747174405869,.650332609069021,stata_areg_centered_student_vce_unadjusted,205,569047
3743,All,z_year_leng_max,.21686481418813,-.0480560396019221,.0807368300863513,.63216253244673,stata_areg_centered_student_vce_unadjusted,190,569047
3795,All,z_year_leng_max,.361695544657687,.0967746908676349,.0905409361743569,.665716030724266,stata_areg_centered_student_vce_unadjusted,234,569047
3796,All,z_year_leng_max,.451041231889643,.186120378099591,.060308595186682,.612130968372653,stata_areg_centered_student_vce_unadjusted,407,569047
3797,All,z_year_leng_max,.34465950043543,.0797386466453773,.0610551228434089,.669827802197575,stata_areg_centered_student_vce_unadjusted,392,569047
3800,All,z_year_leng_max,-.016634621830673,-.281555475620725,.149720946652717,.627753942175795,stata_areg_centered_student_vce_unadjusted,23,569047
3802,All,z_year_leng_max,.0447657944705967,-.220155059319456,.0992775656140073,.593816499639873,stata_areg_centered_student_vce_unadjusted,127,569047
3823,All,z_year_leng_max,.120491022388207,-.144429831401846,.104906838157747,.552686066744815,stata_areg_centered_student_vce_unadjusted,124,569047
3865,All,z_year_leng_max,.258767602342313,-.00615325144773959,.0389249940262364,.637725595872301,stata_areg_centered_student_vce_unadjusted,535,569047
3871,All,z_year_leng_max,.191038635187815,-.0738822186022378,.0801186163774391,.589355674013121,stata_areg_centered_student_vce_unadjusted,147,569047
3885,All,z_year_leng_max,.184174364780036,-.0807464890100162,.0854385012342609,.674878772910638,stata_areg_centered_student_vce_unadjusted,186,569047
3886,All,z_year_leng_max,.166689769615827,-.0982310841742252,.112365968261573,.615521713706148,stata_areg_centered_student_vce_unadjusted,67,569047
3887,All,z_year_leng_max,-.0934473519811189,-.358368205771171,.12982929870786,.576845987245967,stata_areg_centered_student_vce_unadjusted,99,569047
3888,All,z_year_leng_max,.230990500626599,-.0339303531634538,.15144850126265,.700197097893031,stata_areg_centered_student_vce_unadjusted,32,569047
3907,All,z_year_leng_max,.117021007234691,-.147899846555361,.082267095088308,.621919332209179,stata_areg_centered_student_vce_unadjusted,161,569047
3909,All,z_year_leng_max,.106757359273431,-.158163494516621,.0652657320556403,.619287480098961,stata_areg_centered_student_vce_unadjusted,437,569047
3940,All,z_year_leng_max,.185991227701021,-.0789296260890313,.0637812502327672,.61241752639809,stata_areg_centered_student_vce_unadjusted,264,569047
3941,All,z_year_leng_max,.0348804523666888,-.230040401423364,.0921242777185821,.56144197713066,stata_areg_centered_student_vce_unadjusted,83,569047
3960,All,z_year_leng_max,.29096683840203,.0260459846119777,.12425032470485,.652094291676678,stata_areg_centered_student_vce_unadjusted,141,569047
3961,All,z_year_leng_max,-.0670117236365048,-.331932577426557,.109219408154416,.589989152815728,stata_areg_centered_student_vce_unadjusted,128,569047
3976,All,z_year_leng_max,-.00981073094713148,-.274731584737184,.0793665088944432,.615331479281905,stata_areg_centered_student_vce_unadjusted,151,569047
3977,All,z_year_leng_max,.0670664459072377,-.197854407882815,.0832770796271632,.687461065517115,stata_areg_centered_student_vce_unadjusted,112,569047
3998,All,z_year_leng_max,-.0448336194900252,-.309754473280078,.0704450932149851,.60490571385567,stata_areg_centered_student_vce_unadjusted,162,569047
4025,All,z_year_leng_max,.320194502198578,.0552736484085253,.11440455106697,.60348020849459,stata_areg_centered_student_vce_unadjusted,129,569047
4032,All,z_year_leng_max,.245343915657968,-.0195769381320844,.136670401423893,.614626685811913,stata_areg_centered_student_vce_unadjusted,71,569047
4043,All,z_year_leng_max,.21477345115765,-.050147402632402,.162093102714349,.596274408492138,stata_areg_centered_student_vce_unadjusted,47,569047
4049,All,z_year_leng_max,.100549705533352,-.1643711482567,.0629835134526429,.668539055579264,stata_areg_centered_student_vce_unadjusted,500,569047
4052,All,z_year_leng_max,.32217058522724,.0572497314371874,.118685256125379,.700035725940923,stata_areg_centered_student_vce_unadjusted,51,569047
4084,All,z_year_leng_max,-.0460143493198439,-.310935203109896,.1116486961478,.617648357096339,stata_areg_centered_student_vce_unadjusted,63,569047
4102,All,z_year_leng_max,.322133485186328,.0572126313962752,.0820452048518036,.642202891288278,stata_areg_centered_student_vce_unadjusted,379,569047
4124,All,z_year_leng_max,.115752257418088,-.149168596371964,.125725200141456,.612621970487838,stata_areg_centered_student_vce_unadjusted,75,569047
4140,All,z_year_leng_max,.455576611061585,.190655757271532,.033440446542582,.675775217366569,stata_areg_centered_student_vce_unadjusted,890,569047
4141,All,z_year_leng_max,.410237519267308,.145316665477256,.108157535389571,.702592494869906,stata_areg_centered_student_vce_unadjusted,76,569047
4160,All,z_year_leng_max,.159831629969333,-.105089223820719,.0719286448747977,.586341418331923,stata_areg_centered_student_vce_unadjusted,177,569047
4162,All,z_year_leng_max,.0769075485429847,-.188013305247068,.0342770271857086,.606868857178582,stata_areg_centered_student_vce_unadjusted,739,569047
4163,All,z_year_leng_max,.315910406552121,.0509895527620684,.0508499955995493,.664701798015768,stata_areg_centered_student_vce_unadjusted,860,569047
4164,All,z_year_leng_max,.214845490197012,-.0500753635930405,.0359919457757643,.644824462017764,stata_areg_centered_student_vce_unadjusted,731,569047
4165,All,z_year_leng_max,-.0181080777770398,-.283028931567092,.056160948089766,.650436509512127,stata_areg_centered_student_vce_unadjusted,169,569047
4166,All,z_year_leng_max,.201708869650135,-.063211984139917,.0434763186507834,.600105168890257,stata_areg_centered_student_vce_unadjusted,339,569047
4190,All,z_year_leng_max,-.0367358998593254,-.301656753649378,.101914977896145,.5849210513591,stata_areg_centered_student_vce_unadjusted,78,569047
4195,All,z_year_leng_max,.117206481337547,-.147714372452506,.129809282200718,.650551449849437,stata_areg_centered_student_vce_unadjusted,36,569047
4262,All,z_year_leng_max,.128280255093501,-.136640598696552,.0718396169270492,.58417447566881,stata_areg_centered_student_vce_unadjusted,153,569047
4263,All,z_year_leng_max,.325843257762829,.0609224039727764,.0398989052712611,.635453149323225,stata_areg_centered_student_vce_unadjusted,442,569047
4269,All,z_year_leng_max,.333254760882315,.0683339070922632,.0668438088561788,.582941493162828,stata_areg_centered_student_vce_unadjusted,191,569047
4270,All,z_year_leng_max,.221470889179295,-.0434499646107577,.128704542994193,.529457606945444,stata_areg_centered_student_vce_unadjusted,32,569047
4277,All,z_year_leng_max,.12423938290741,-.140681470882643,.0375303552051563,.638343006341279,stata_areg_centered_student_vce_unadjusted,716,569047
4285,All,z_year_leng_max,.521461738439891,.256540884649839,.0803912830274031,.627128785170762,stata_areg_centered_student_vce_unadjusted,345,569047
4286,All,z_year_leng_max,.652742916701435,.387822062911382,.11148702240546,.626824938010256,stata_areg_centered_student_vce_unadjusted,169,569047
4287,All,z_year_leng_max,.104826452021834,-.160094401768218,.0541772955840211,.626603548356569,stata_areg_centered_student_vce_unadjusted,177,569047
4288,All,z_year_leng_max,-.0241279123141874,-.28904876610424,.0654977504288954,.702380870101894,stata_areg_centered_student_vce_unadjusted,226,569047
4289,All,z_year_leng_max,.21915585429854,-.0457649994915127,.0626912366286428,.686041302449534,stata_areg_centered_student_vce_unadjusted,318,569047
4292,All,z_year_leng_max,.189637583929759,-.0752832698602936,.119351110115117,.663405284960995,stata_areg_centered_student_vce_unadjusted,37,569047
4307,All,z_year_leng_max,.292590588439672,.0276697346496195,.0701093503171989,.655386838890796,stata_areg_centered_student_vce_unadjusted,324,569047
4309,All,z_year_leng_max,.115997944759764,-.148922909030288,.0739363239244744,.570075766570414,stata_areg_centered_student_vce_unadjusted,154,569047
4310,All,z_year_leng_max,.192455682458962,-.0724651713310904,.120618135169224,.499169050897065,stata_areg_centered_student_vce_unadjusted,53,569047
4324,All,z_year_leng_max,.34947033633934,.0845494825492874,.111290813818929,.661109180162595,stata_areg_centered_student_vce_unadjusted,114,569047
4331,All,z_year_leng_max,-.0287990359059062,-.293719889695959,.129546292495624,.666050844825289,stata_areg_centered_student_vce_unadjusted,117,569047
4333,All,z_year_leng_max,-.0517048470258574,-.31662570081591,.129007029765424,.526365819893877,stata_areg_centered_student_vce_unadjusted,50,569047
4353,All,z_year_leng_max,.154778703363309,-.110142150426743,.0651320792678823,.641892455759998,stata_areg_centered_student_vce_unadjusted,191,569047
4382,All,z_year_leng_max,.240720391839879,-.0242004619501734,.0895029083375948,.643191166417351,stata_areg_centered_student_vce_unadjusted,128,569047
4392,All,z_year_leng_max,.158008536175911,-.106912317614141,.116596307314321,.683301971836415,stata_areg_centered_student_vce_unadjusted,53,569047
4404,All,z_year_leng_max,.237447489675712,-.0274733641143398,.0691271541186082,.674708983058369,stata_areg_centered_student_vce_unadjusted,460,569047
4408,All,z_year_leng_max,.0359944222884835,-.228926431501569,.0770736943947376,.637583434930093,stata_areg_centered_student_vce_unadjusted,198,569047
4446,All,z_year_leng_max,.258016967925318,-.00690388586473384,.0906762116043154,.639560213345748,stata_areg_centered_student_vce_unadjusted,154,569047
4451,All,z_year_leng_max,.159784837247205,-.105136016542847,.0651745767039678,.671648005368493,stata_areg_centered_student_vce_unadjusted,536,569047
4483,All,z_year_leng_max,.225590928166072,-.0393299256239802,.06138109668125,.614088720217716,stata_areg_centered_student_vce_unadjusted,630,569047
4499,All,z_year_leng_max,.512725528922491,.247804675132438,.313681089448833,.624725005896675,stata_areg_centered_student_vce_unadjusted,6,569047
4500,All,z_year_leng_max,.21955204608515,-.045368807704902,.151949424445148,.665214907137597,stata_areg_centered_student_vce_unadjusted,64,569047
4505,All,z_year_leng_max,.0510848949390756,-.213835958850977,.0798713543209836,.63890774337098,stata_areg_centered_student_vce_unadjusted,144,569047
4507,All,z_year_leng_max,.0322432895273568,-.232677564262696,.0984858259427547,.538103119524493,stata_areg_centered_student_vce_unadjusted,85,569047
4509,All,z_year_leng_max,-.0541774770338241,-.319098330823876,.152744365736167,.523545879106105,stata_areg_centered_student_vce_unadjusted,48,569047
4530,All,z_year_leng_max,.192325382799598,-.0725954709904543,.0742347098603533,.654316146266887,stata_areg_centered_student_vce_unadjusted,282,569047
4531,All,z_year_leng_max,.222936626182899,-.0419842276071533,.0507923725298998,.590811974377184,stata_areg_centered_student_vce_unadjusted,313,569047
4533,All,z_year_leng_max,.142818345032975,-.122102508757077,.0495125891892419,.570960607494589,stata_areg_centered_student_vce_unadjusted,203,569047
4534,All,z_year_leng_max,.125812026853035,-.139108826937017,.0320994323757307,.602295093726375,stata_areg_centered_student_vce_unadjusted,600,569047
4535,All,z_year_leng_max,.0473635090720269,-.217557344718025,.0546319016691367,.605617055395445,stata_areg_centered_student_vce_unadjusted,161,569047
4536,All,z_year_leng_max,.235627471704883,-.0292933820851689,.0617737984414415,.595552712524922,stata_areg_centered_student_vce_unadjusted,122,569047
4553,All,z_year_leng_max,.25015120954289,-.0147696442471623,.0434283854476346,.620244270016495,stata_areg_centered_student_vce_unadjusted,272,569047
4554,All,z_year_leng_max,.276765205794299,.0118443520042469,.246534529064919,.636797071361713,stata_areg_centered_student_vce_unadjusted,7,569047
4555,All,z_year_leng_max,.386681799729887,.121760945939834,.0611269344533557,.709578562432702,stata_areg_centered_student_vce_unadjusted,133,569047
4557,All,z_year_leng_max,.361793338200624,.0968724844105721,.0712624665063548,.648706895425958,stata_areg_centered_student_vce_unadjusted,90,569047
4558,All,z_year_leng_max,.56478471082145,.299863857031397,.460926721662755,.38921431718748,stata_areg_centered_student_vce_unadjusted,2,569047
4559,All,z_year_leng_max,-.127244050306394,-.392164904096447,.182273296268126,.662995519266467,stata_areg_centered_student_vce_unadjusted,13,569047
4560,All,z_year_leng_max,.197006230310359,-.0679146234796935,.0870172461547319,.784524111579763,stata_areg_centered_student_vce_unadjusted,83,569047
4561,All,z_year_leng_max,-.125712697115246,-.390633550905299,.229586435465283,.617992265627978,stata_areg_centered_student_vce_unadjusted,8,569047
4562,All,z_year_leng_max,.165445246540699,-.099475607249353,.0607980603648868,.621229780567352,stata_areg_centered_student_vce_unadjusted,147,569047
4563,All,z_year_leng_max,.282835581788097,.0179147279980445,.143097955192056,.641228179753787,stata_areg_centered_student_vce_unadjusted,31,569047
4564,All,z_year_leng_max,.258938461679657,-.00598239211039492,.0506558819858942,.700241236340811,stata_areg_centered_student_vce_unadjusted,408,569047
4565,All,z_year_leng_max,.231189362266865,-.0337314915231874,.114649290512912,.698138193427135,stata_areg_centered_student_vce_unadjusted,67,569047
4571,All,z_year_leng_max,.428563723539767,.163642869749715,.155440883930563,.696925099578044,stata_areg_centered_student_vce_unadjusted,34,569047
4572,All,z_year_leng_max,.0393422286607807,-.225578625129272,.0806316960379608,.746656541955467,stata_areg_centered_student_vce_unadjusted,75,569047
4574,All,z_year_leng_max,.269975604631575,.00505475084152307,.050678394354654,.696255061752178,stata_areg_centered_student_vce_unadjusted,235,569047
4575,All,z_year_leng_max,.228860949347462,-.0360599044425905,.0866580290726163,.574594572202539,stata_areg_centered_student_vce_unadjusted,86,569047
4577,All,z_year_leng_max,.153832089441164,-.111088764348888,.113742622212521,.709807989894824,stata_areg_centered_student_vce_unadjusted,37,569047
4585,All,z_year_leng_max,.135040848589923,-.12988000520013,.12702074554315,.777401255210488,stata_areg_centered_student_vce_unadjusted,54,569047
4588,All,z_year_leng_max,.327729371603077,.0628085178130246,.0698686514841803,.715365244166593,stata_areg_centered_student_vce_unadjusted,207,569047
4589,All,z_year_leng_max,.073589066480073,-.191331787309979,.133290761138776,.45011585888151,stata_areg_centered_student_vce_unadjusted,37,569047
4591,All,z_year_leng_max,-.0927255793806266,-.357646433170679,.123361173728314,.609231263750959,stata_areg_centered_student_vce_unadjusted,60,569047
4616,All,z_year_leng_max,-.0354619132788372,-.30038276706889,.129512899890223,.553152423577561,stata_areg_centered_student_vce_unadjusted,33,569047
4617,All,z_year_leng_max,.0813931658856983,-.183527687904354,.096659236617944,.712937720121509,stata_areg_centered_student_vce_unadjusted,74,569047
4630,All,z_year_leng_max,.412811889209551,.147891035419498,.0374571357901254,.633024254423909,stata_areg_centered_student_vce_unadjusted,528,569047
4631,All,z_year_leng_max,.199279198853086,-.0656416549369664,.0559280665730907,.672281750160401,stata_areg_centered_student_vce_unadjusted,410,569047
4636,All,z_year_leng_max,.305017804972608,.0400969511825555,.0948323546896887,.604172079958336,stata_areg_centered_student_vce_unadjusted,124,569047
4644,All,z_year_leng_max,.210530960021124,-.0543898937689287,.0572313725237532,.645783924825629,stata_areg_centered_student_vce_unadjusted,310,569047
4646,All,z_year_leng_max,.43735585627868,.172435002488628,.0933201438184376,.615949323479132,stata_areg_centered_student_vce_unadjusted,274,569047
4655,All,z_year_leng_max,.341994638902877,.0770737851128249,.0530025444636509,.601631964440927,stata_areg_centered_student_vce_unadjusted,285,569047
4656,All,z_year_leng_max,.355940553768592,.0910196999785394,.0793711236143223,.647520062259805,stata_areg_centered_student_vce_unadjusted,231,569047
4659,All,z_year_leng_max,.493099897129752,.2281790433397,.104054239522861,.624547176907545,stata_areg_centered_student_vce_unadjusted,252,569047
4662,All,z_year_leng_max,.352188446581108,.0872675927910554,.0671080766847436,.631073300530754,stata_areg_centered_student_vce_unadjusted,439,569047
4663,All,z_year_leng_max,.307951889500633,.0430310357105811,.0646857799423625,.620340419625142,stata_areg_centered_student_vce_unadjusted,415,569047
4664,All,z_year_leng_max,.21641574152154,-.0485051122685119,.0902088327345725,.654938250180595,stata_areg_centered_student_vce_unadjusted,282,569047
4666,All,z_year_leng_max,.325822095252451,.0609012414623988,.0700551343682622,.635476936781178,stata_areg_centered_student_vce_unadjusted,276,569047
4667,All,z_year_leng_max,.0902068557885313,-.174713998001521,.0744379669820596,.594648890406021,stata_areg_centered_student_vce_unadjusted,173,569047
4669,All,z_year_leng_max,.372389525078246,.107468671288193,.0861832169068024,.64835403901441,stata_areg_centered_student_vce_unadjusted,333,569047
4672,All,z_year_leng_max,.241762293763272,-.0231585600267807,.0661711715959801,.623625436108258,stata_areg_centered_student_vce_unadjusted,346,569047
4677,All,z_year_leng_max,.441820198982079,.176899345192027,.126254875416384,.657056981787772,stata_areg_centered_student_vce_unadjusted,162,569047
4679,All,z_year_leng_max,.618607740926857,.353686887136805,.0788993653241929,.60710556999731,stata_areg_centered_student_vce_unadjusted,209,569047
4680,All,z_year_leng_max,.402789690321236,.137868836531183,.0664371235228806,.674765006688803,stata_areg_centered_student_vce_unadjusted,146,569047
4686,All,z_year_leng_max,.607094180942231,.342173327152179,.0852129620490495,.609993613855074,stata_areg_centered_student_vce_unadjusted,248,569047
4687,All,z_year_leng_max,.598139964140729,.333219110350676,.149315911728824,.607768847954453,stata_areg_centered_student_vce_unadjusted,268,569047
4688,All,z_year_leng_max,.701332136821734,.436411283031681,.153619854880144,.607508032527902,stata_areg_centered_student_vce_unadjusted,242,569047
4689,All,z_year_leng_max,.546089603232369,.281168749442317,.0626669020086797,.638304024797872,stata_areg_centered_student_vce_unadjusted,228,569047
4691,All,z_year_leng_max,.566470269734487,.301549415944434,.0956843228345457,.691593393491036,stata_areg_centered_student_vce_unadjusted,112,569047
4694,All,z_year_leng_max,.756005629405874,.491084775615822,.102499865024346,.650499140217116,stata_areg_centered_student_vce_unadjusted,331,569047
4698,All,z_year_leng_max,.264152900441186,-.000767953348866146,.0587931678411473,.685320048631762,stata_areg_centered_student_vce_unadjusted,174,569047
4700,All,z_year_leng_max,.1581147235088,-.106806130281253,.0451627593395387,.622310674611764,stata_areg_centered_student_vce_unadjusted,303,569047
4702,All,z_year_leng_max,.262248801682538,-.00267205210751387,.0364319003998747,.663973044851006,stata_areg_centered_student_vce_unadjusted,640,569047
4703,All,z_year_leng_max,.209864597796507,-.0550562559935452,.096103432896669,.634838740475826,stata_areg_centered_student_vce_unadjusted,49,569047
4706,All,z_year_leng_max,.0345294988899601,-.230391354900092,.071192047959016,.603644075837372,stata_areg_centered_student_vce_unadjusted,94,569047
4707,All,z_year_leng_max,.161371422952919,-.103549430837134,.0525470079194397,.626172616102077,stata_areg_centered_student_vce_unadjusted,203,569047
4708,All,z_year_leng_max,-.0256368112646219,-.290557665054674,.0845271333096641,.617533196870021,stata_areg_centered_student_vce_unadjusted,67,569047
4709,All,z_year_leng_max,.0794684576848872,-.185452396105165,.0539639919700249,.606986753834748,stata_areg_centered_student_vce_unadjusted,194,569047
4712,All,z_year_leng_max,.100759777610969,-.164161076179083,.0932568184019471,.542406610712086,stata_areg_centered_student_vce_unadjusted,75,569047
4715,All,z_year_leng_max,.112527502740129,-.152393351049924,.0869474221900056,.640365537920046,stata_areg_centered_student_vce_unadjusted,60,569047
4717,All,z_year_leng_max,-.00357666040570991,-.268497514195762,.119726904860045,.640434370332328,stata_areg_centered_student_vce_unadjusted,44,569047
4733,All,z_year_leng_max,.343762969547911,.078842115757859,.106532442374033,.701246001845109,stata_areg_centered_student_vce_unadjusted,52,569047
4740,All,z_year_leng_max,.0158974616547215,-.249023392135331,.457368407402354,.452995567655888,stata_areg_centered_student_vce_unadjusted,2,569047
4760,All,z_year_leng_max,.2495437190745,-.015377134715552,.102542477917786,.6989087439756,stata_areg_centered_student_vce_unadjusted,60,569047
4762,All,z_year_leng_max,.23067087769274,-.0342499760973121,.0525193979050831,.676269654670111,stata_areg_centered_student_vce_unadjusted,666,569047
4778,All,z_year_leng_max,.237871076391169,-.027049777398883,.0585798690943993,.642427919770265,stata_areg_centered_student_vce_unadjusted,195,569047
4779,All,z_year_leng_max,.178008873601523,-.0869119801885294,.0561620240080045,.624518505172825,stata_areg_centered_student_vce_unadjusted,262,569047
4782,All,z_year_leng_max,.202782068143369,-.0621387856466837,.0603585531525717,.695446986702672,stata_areg_centered_student_vce_unadjusted,291,569047
4785,All,z_year_leng_max,.352778512878667,.0878576590886144,.0942786462335048,.61054858267441,stata_areg_centered_student_vce_unadjusted,205,569047
4790,All,z_year_leng_max,.045164252165238,-.219756601624814,.0761666723119692,.731878706128314,stata_areg_centered_student_vce_unadjusted,159,569047
4796,All,z_year_leng_max,.401933157368896,.137012303578844,.0700655719835212,.692535519481778,stata_areg_centered_student_vce_unadjusted,160,569047
4798,All,z_year_leng_max,.726771556590918,.461850702800865,.0750206703764581,.619226395524505,stata_areg_centered_student_vce_unadjusted,393,569047
4805,All,z_year_leng_max,.0822030789887882,-.182717774801264,.0470275667017318,.628228096483691,stata_areg_centered_student_vce_unadjusted,327,569047
4822,All,z_year_leng_max,.496460255787286,.231539401997234,.0933925423463988,.612833183521082,stata_areg_centered_student_vce_unadjusted,157,569047
4824,All,z_year_leng_max,.116057492455583,-.148863361334469,.0681278497845137,.71056192167309,stata_areg_centered_student_vce_unadjusted,111,569047
4825,All,z_year_leng_max,-.0232246776378428,-.288145531427895,.0635454793077454,.570906479120915,stata_areg_centered_student_vce_unadjusted,148,569047
4829,All,z_year_leng_max,.0889787182978124,-.17594213549224,.0507444083436582,.646453843132054,stata_areg_centered_student_vce_unadjusted,381,569047
4830,All,z_year_leng_max,.224264911325647,-.0406559424644055,.0662191350754961,.679047542111901,stata_areg_centered_student_vce_unadjusted,224,569047
4865,All,z_year_leng_max,.316804458484621,.0518836046945687,.0739722438584469,.660904262865926,stata_areg_centered_student_vce_unadjusted,225,569047
4868,All,z_year_leng_max,.499431241413974,.234510387623922,.0818291427934689,.654655589928048,stata_areg_centered_student_vce_unadjusted,144,569047
4870,All,z_year_leng_max,.221481506317586,-.0434393474724668,.109645573980437,.631054882415286,stata_areg_centered_student_vce_unadjusted,128,569047
4871,All,z_year_leng_max,.162377360415236,-.102543493374816,.142768362593423,.715136129580593,stata_areg_centered_student_vce_unadjusted,34,569047
4897,All,z_year_leng_max,-.0296293045022018,-.294550158292254,.0625199378809523,.61903976467178,stata_areg_centered_student_vce_unadjusted,197,569047
4922,All,z_year_leng_max,.227164522213498,-.0377563315765543,.10305255991959,.734306280968972,stata_areg_centered_student_vce_unadjusted,100,569047
4925,All,z_year_leng_max,.0938095594375131,-.171111294352539,.0798699127071308,.595507686972038,stata_areg_centered_student_vce_unadjusted,292,569047
4948,All,z_year_leng_max,-.0136567488480077,-.27857760263806,.0946938635943078,.61212070676396,stata_areg_centered_student_vce_unadjusted,63,569047
4949,All,z_year_leng_max,.123731071271039,-.141189782519013,.114451977484356,.682873212169786,stata_areg_centered_student_vce_unadjusted,38,569047
4951,All,z_year_leng_max,.0294839372158173,-.235436916574235,.0568866631468098,.647837274786244,stata_areg_centered_student_vce_unadjusted,481,569047
4952,All,z_year_leng_max,.277943675360293,.0130228215702409,.107607092186653,.582926310838908,stata_areg_centered_student_vce_unadjusted,58,569047
4958,All,z_year_leng_max,.0788739246423481,-.186046929147704,.0903422999480828,.675373413195625,stata_areg_centered_student_vce_unadjusted,93,569047
4965,All,z_year_leng_max,.454566288306817,.189645434516765,.249063755053613,.877755737687006,stata_areg_centered_student_vce_unadjusted,7,569047
4969,All,z_year_leng_max,-.0188892183819306,-.283810072171983,.203396855300192,.807815603712625,stata_areg_centered_student_vce_unadjusted,13,569047
4973,All,z_year_leng_max,.226415243223668,-.038505610566384,.104330162351592,.670029133500949,stata_areg_centered_student_vce_unadjusted,227,569047
4975,All,z_year_leng_max,.148735083510647,-.116185770279405,.072975966082974,.716181859200374,stata_areg_centered_student_vce_unadjusted,96,569047
4977,All,z_year_leng_max,.0150641305232111,-.249856723266841,.0433057800083764,.602662602030577,stata_areg_centered_student_vce_unadjusted,441,569047
4982,All,z_year_leng_max,.148314726306658,-.116606127483394,.0382205511132463,.63981855851109,stata_areg_centered_student_vce_unadjusted,832,569047
4983,All,z_year_leng_max,.254303478677434,-.0106173751126188,.0647050411288979,.780507130809567,stata_areg_centered_student_vce_unadjusted,146,569047
4984,All,z_year_leng_max,.10085412565938,-.164066728130673,.0743218496688403,.637504966105824,stata_areg_centered_student_vce_unadjusted,120,569047
5002,All,z_year_leng_max,.0425887247245346,-.222332129065518,.190130676561307,.750084176095322,stata_areg_centered_student_vce_unadjusted,43,569047
5021,All,z_year_leng_max,.12643369090715,-.138487162882902,.104778264420775,.588008114615984,stata_areg_centered_student_vce_unadjusted,113,569047
5024,All,z_year_leng_max,.202245093445974,-.062675760344078,.0980209156011111,.626768159540866,stata_areg_centered_student_vce_unadjusted,433,569047
5026,All,z_year_leng_max,.189514269746939,-.0754065840431134,.108196767175332,.634950095407756,stata_areg_centered_student_vce_unadjusted,153,569047
5048,All,z_year_leng_max,.167152033772679,-.0977688200173731,.0766811340187681,.645188924413498,stata_areg_centered_student_vce_unadjusted,444,569047
5057,All,z_year_leng_max,-.000305433301853294,-.265226287091906,.168356745791337,.610077738925833,stata_areg_centered_student_vce_unadjusted,45,569047
5082,All,z_year_leng_max,.299479930417586,.0345590766275335,.0832906902823324,.630729565284404,stata_areg_centered_student_vce_unadjusted,479,569047
5083,All,z_year_leng_max,.9235892339037,.658668380113647,.154940486945188,.588489871288003,stata_areg_centered_student_vce_unadjusted,61,569047
5084,All,z_year_leng_max,.0988169394807349,-.166103914309317,.0756445988076778,.615880424064478,stata_areg_centered_student_vce_unadjusted,781,569047
5104,All,z_year_leng_max,.124402098489017,-.140518755301035,.0972973371700399,.57797677277776,stata_areg_centered_student_vce_unadjusted,139,569047
5105,All,z_year_leng_max,.129294702646857,-.135626151143196,.0760470043894359,.583989776110791,stata_areg_centered_student_vce_unadjusted,206,569047
5109,All,z_year_leng_max,.222828803295407,-.0420920504946453,.0850485293006765,.645519450698284,stata_areg_centered_student_vce_unadjusted,148,569047
5113,All,z_year_leng_max,.14846413259112,-.116456721198932,.159503866218096,.619995170031602,stata_areg_centered_student_vce_unadjusted,21,569047
5122,All,z_year_leng_max,.213948568471017,-.0509722853190353,.0839666395417804,.616824702383124,stata_areg_centered_student_vce_unadjusted,184,569047
5126,All,z_year_leng_max,.293136607086557,.0282157532965043,.0556657384763939,.681705513618364,stata_areg_centered_student_vce_unadjusted,562,569047
5131,All,z_year_leng_max,.36565452601926,.100733672229207,.163572250405525,.719536888316147,stata_areg_centered_student_vce_unadjusted,16,569047
5140,All,z_year_leng_max,-1.51386631224367,-1.77878716603372,.660516698801732,.,stata_areg_centered_student_vce_unadjusted,1,569047
5150,All,z_year_leng_max,.293476214023332,.0285553602332801,.0688329079950001,.69095537942806,stata_areg_centered_student_vce_unadjusted,447,569047
5153,All,z_year_leng_max,.369385801447496,.104464947657444,.089616066070139,.645004638237351,stata_areg_centered_student_vce_unadjusted,119,569047
5155,All,z_year_leng_max,-.0283370258368551,-.293257879626907,.100243270245196,.665401899256607,stata_areg_centered_student_vce_unadjusted,164,569047
5215,All,z_year_leng_max,.111712641185263,-.153208212604789,.0550006223301661,.595598437237681,stata_areg_centered_student_vce_unadjusted,226,569047
5216,All,z_year_leng_max,.152427192925963,-.112493660864089,.0573642145873207,.618177846907665,stata_areg_centered_student_vce_unadjusted,189,569047
5218,All,z_year_leng_max,.236881598695643,-.0280392550944089,.0461641565867536,.656269559092318,stata_areg_centered_student_vce_unadjusted,601,569047
5219,All,z_year_leng_max,.0522734804184378,-.212647373371614,.0459121432845102,.57634709723383,stata_areg_centered_student_vce_unadjusted,427,569047
5264,All,z_year_leng_max,.187537432713026,-.0773834210770259,.0694101027207001,.648980379649423,stata_areg_centered_student_vce_unadjusted,273,569047
5265,All,z_year_leng_max,.056681276605462,-.20823957718459,.0908914998531088,.623665742118671,stata_areg_centered_student_vce_unadjusted,100,569047
5266,All,z_year_leng_max,.816155294925352,.551234441135299,.13323739934041,.608225345791406,stata_areg_centered_student_vce_unadjusted,106,569047
5267,All,z_year_leng_max,.395070566036284,.130149712246231,.143402783032055,.556182078130458,stata_areg_centered_student_vce_unadjusted,22,569047
5270,All,z_year_leng_max,.116201984308663,-.14871886948139,.0777997573072679,.589706913572572,stata_areg_centered_student_vce_unadjusted,125,569047
5274,All,z_year_leng_max,-.0274736852340485,-.292394539024101,.164340708437241,.459297782164144,stata_areg_centered_student_vce_unadjusted,18,569047
5282,All,z_year_leng_max,.130898359985096,-.134022493804956,.0658784020565204,.585773382962399,stata_areg_centered_student_vce_unadjusted,212,569047
5315,All,z_year_leng_max,.212091563532078,-.0528292902579741,.0624492774466419,.640542082495239,stata_areg_centered_student_vce_unadjusted,375,569047
5323,All,z_year_leng_max,.181051964254414,-.0838688895356381,.0760400342805563,.572434963396232,stata_areg_centered_student_vce_unadjusted,287,569047
5343,All,z_year_leng_max,-.0838685018838892,-.348789355673941,.0785888552360925,.588901300303258,stata_areg_centered_student_vce_unadjusted,110,569047
5344,All,z_year_leng_max,.168698739964396,-.0962221138256567,.0624383683848852,.59768330607173,stata_areg_centered_student_vce_unadjusted,424,569047
5374,All,z_year_leng_max,.403072320423405,.138151466633353,.169892171043701,.72318869961164,stata_areg_centered_student_vce_unadjusted,25,569047
5393,All,z_year_leng_max,.0868242335174741,-.178096620272578,.0512876988091382,.555317737915929,stata_areg_centered_student_vce_unadjusted,346,569047
5394,All,z_year_leng_max,.281780825722245,.0168599719321925,.0567355118983883,.588271907515238,stata_areg_centered_student_vce_unadjusted,329,569047
5434,All,z_year_leng_max,.308365206777492,.0434443529874401,.0935916887688239,.618493420672571,stata_areg_centered_student_vce_unadjusted,275,569047
5435,All,z_year_leng_max,.215033691934804,-.0498871618552482,.079302892896294,.636379912305159,stata_areg_centered_student_vce_unadjusted,266,569047
5439,All,z_year_leng_max,.0528619992563495,-.212058854533703,.0783486755441649,.65201620762134,stata_areg_centered_student_vce_unadjusted,155,569047
5440,All,z_year_leng_max,.226228161866931,-.0386926919231213,.0684038044215974,.633266132131298,stata_areg_centered_student_vce_unadjusted,210,569047
5444,All,z_year_leng_max,-.444826370228537,-.70974722401859,.651461681555358,.,stata_areg_centered_student_vce_unadjusted,1,569047
5465,All,z_year_leng_max,.524214289693648,.259293435903595,.081297130516329,.593908075961229,stata_areg_centered_student_vce_unadjusted,216,569047
5467,All,z_year_leng_max,-.059358442635962,-.324279296426014,.128580146840696,.601844888494644,stata_areg_centered_student_vce_unadjusted,28,569047
5507,All,z_year_leng_max,.20982926056592,-.0550915932241324,.0761590512962705,.672856655827195,stata_areg_centered_student_vce_unadjusted,172,569047
5509,All,z_year_leng_max,.234215245582042,-.0307056082080099,.0924231564010268,.678552181327332,stata_areg_centered_student_vce_unadjusted,173,569047
5565,All,z_year_leng_max,.246472891570482,-.0184479622195705,.0646209716397072,.663912721638468,stata_areg_centered_student_vce_unadjusted,111,569047
5566,All,z_year_leng_max,.171077186121467,-.0938436676685851,.0443534683905912,.626727104350527,stata_areg_centered_student_vce_unadjusted,262,569047
5567,All,z_year_leng_max,.162661175452769,-.102259678337284,.098311701551251,.525439224689043,stata_areg_centered_student_vce_unadjusted,48,569047
5568,All,z_year_leng_max,.0592295253085519,-.2056913284815,.0407138405257151,.596908986378814,stata_areg_centered_student_vce_unadjusted,320,569047
5569,All,z_year_leng_max,.358595789738354,.0936749359483021,.0474573772058119,.619226449077399,stata_areg_centered_student_vce_unadjusted,224,569047
5570,All,z_year_leng_max,.342188928963793,.0772680751737412,.0251114777554724,.655282649051008,stata_areg_centered_student_vce_unadjusted,1476,569047
5574,All,z_year_leng_max,.289357244024262,.0244363902342099,.081055749471072,.675828936903996,stata_areg_centered_student_vce_unadjusted,77,569047
5578,All,z_year_leng_max,-.0357668068508637,-.300687660640916,.645274485582368,.,stata_areg_centered_student_vce_unadjusted,1,569047
5590,All,z_year_leng_max,.411528444777017,.146607590986964,.107760816519554,.561227570489464,stata_areg_centered_student_vce_unadjusted,57,569047
5597,All,z_year_leng_max,.324506425571214,.0595855717811617,.103288971170445,.608852986244041,stata_areg_centered_student_vce_unadjusted,45,569047
5613,All,z_year_leng_max,.112870328632555,-.152050525157498,.0710566672100835,.66286537796253,stata_areg_centered_student_vce_unadjusted,131,569047
5620,All,z_year_leng_max,.0818028852952024,-.18311796849485,.254372321890472,.660194787426588,stata_areg_centered_student_vce_unadjusted,7,569047
5652,All,z_year_leng_max,.368611372876495,.103690519086443,.0499350492323752,.602536058062999,stata_areg_centered_student_vce_unadjusted,224,569047
5653,All,z_year_leng_max,.0529113149006251,-.212009538889427,.0632379111206402,.578407591673495,stata_areg_centered_student_vce_unadjusted,125,569047
5654,All,z_year_leng_max,.190401528949915,-.0745193248401374,.0363061546025442,.646832463745248,stata_areg_centered_student_vce_unadjusted,854,569047
5655,All,z_year_leng_max,.317540462971513,.0526196091814607,.0327501462602707,.580614127199698,stata_areg_centered_student_vce_unadjusted,589,569047
5656,All,z_year_leng_max,.134882804974697,-.130038048815355,.039472732638776,.560679002745068,stata_areg_centered_student_vce_unadjusted,366,569047
5658,All,z_year_leng_max,.341214812798224,.0762939590081715,.0570805898177906,.603172489319686,stata_areg_centered_student_vce_unadjusted,145,569047
5659,All,z_year_leng_max,.514852255823786,.249931402033734,.0748812989948002,.665545020730961,stata_areg_centered_student_vce_unadjusted,278,569047
5661,All,z_year_leng_max,.322417770923655,.0574969171336027,.0607897901455289,.662669499621147,stata_areg_centered_student_vce_unadjusted,263,569047
5662,All,z_year_leng_max,.225390841815698,-.039530011974354,.0562856026984984,.688682085817228,stata_areg_centered_student_vce_unadjusted,150,569047
5663,All,z_year_leng_max,.18951476659875,-.075406087191302,.0359504824597512,.59116039474921,stata_areg_centered_student_vce_unadjusted,528,569047
5666,All,z_year_leng_max,.447920793611759,.182999939821706,.0247097443642032,.641601268178231,stata_areg_centered_student_vce_unadjusted,1787,569047
5669,All,z_year_leng_max,.406201639763397,.141280785973345,.0764645327175452,.642673923238506,stata_areg_centered_student_vce_unadjusted,106,569047
5670,All,z_year_leng_max,.220015651505246,-.0449052022848067,.098362334634306,.636996948693202,stata_areg_centered_student_vce_unadjusted,239,569047
5697,All,z_year_leng_max,.631099122345095,.366178268555042,.231208355774562,.635457962037123,stata_areg_centered_student_vce_unadjusted,8,569047
5703,All,z_year_leng_max,.205843376428143,-.0590774773619095,.121768965969011,.584072157870762,stata_areg_centered_student_vce_unadjusted,42,569047
5713,All,z_year_leng_max,.223181904229929,-.0417389495601238,.0619262491957616,.603854476630354,stata_areg_centered_student_vce_unadjusted,144,569047
5720,All,z_year_leng_max,.106682168960198,-.158238684829855,.152745857601289,.609944414222169,stata_areg_centered_student_vce_unadjusted,31,569047
5729,All,z_year_leng_max,.0101904495121171,-.254730404277935,.11136504001028,.525052923063592,stata_areg_centered_student_vce_unadjusted,39,569047
5808,All,z_year_leng_max,.789572231150747,.524651377360695,.10113241874604,.695293947581124,stata_areg_centered_student_vce_unadjusted,128,569047
5810,All,z_year_leng_max,.522010663511846,.257089809721793,.0742099519868704,.663491620328194,stata_areg_centered_student_vce_unadjusted,246,569047
5812,All,z_year_leng_max,.745672178644722,.48075132485467,.136523024009013,.559528856004358,stata_areg_centered_student_vce_unadjusted,218,569047
5813,All,z_year_leng_max,.581351119847137,.316430266057084,.0679535678226933,.705234467893125,stata_areg_centered_student_vce_unadjusted,272,569047
5814,All,z_year_leng_max,.334149798236955,.069228944446903,.0527454081166813,.706396853887167,stata_areg_centered_student_vce_unadjusted,334,569047
5816,All,z_year_leng_max,.297984410194464,.0330635564044113,.0830859967931053,.659431723086492,stata_areg_centered_student_vce_unadjusted,251,569047
5823,All,z_year_leng_max,.202680022473693,-.0622408313163596,.0406403771070842,.645848440006832,stata_areg_centered_student_vce_unadjusted,694,569047
5879,All,z_year_leng_max,.26935871272246,.00443785893240806,.0931852679820219,.656329010447445,stata_areg_centered_student_vce_unadjusted,162,569047
5897,All,z_year_leng_max,.365490290290316,.100569436500264,.0827898724161396,.684355773145761,stata_areg_centered_student_vce_unadjusted,143,569047
5921,All,z_year_leng_max,.154556597960797,-.110364255829255,.0679343739205982,.639100618223368,stata_areg_centered_student_vce_unadjusted,183,569047
5923,All,z_year_leng_max,.312595329865464,.0476744760754116,.233374853175782,.351590283730738,stata_areg_centered_student_vce_unadjusted,8,569047
5957,All,z_year_leng_max,.217466389425124,-.0474544643649286,.0663741690110483,.635405601108887,stata_areg_centered_student_vce_unadjusted,290,569047
5959,All,z_year_leng_max,.0169075792486741,-.248013274541378,.109772735686175,.555627480774592,stata_areg_centered_student_vce_unadjusted,54,569047
5992,All,z_year_leng_max,.0691036506263583,-.195817203163694,.0913125757304355,.721502786698013,stata_areg_centered_student_vce_unadjusted,77,569047
6007,All,z_year_leng_max,.123694873679408,-.141225980110644,.11178834672008,.65966635873946,stata_areg_centered_student_vce_unadjusted,86,569047
6027,All,z_year_leng_max,.309504384267112,.0445835304770596,.127914595987242,.461657660446953,stata_areg_centered_student_vce_unadjusted,34,569047
6051,All,z_year_leng_max,.114228948764951,-.150691905025101,.0608047747441456,.575233917070704,stata_areg_centered_student_vce_unadjusted,183,569047
6052,All,z_year_leng_max,.28287705156889,.0179561977788374,.07435536259099,.67451168234696,stata_areg_centered_student_vce_unadjusted,156,569047
6070,All,z_year_leng_max,.294523790049021,.0296029362589685,.0657511386488699,.716478574148469,stata_areg_centered_student_vce_unadjusted,134,569047
6084,All,z_year_leng_max,.48754227216367,.222621418373617,.0517581988697544,.607428541576074,stata_areg_centered_student_vce_unadjusted,400,569047
6085,All,z_year_leng_max,.161378845007602,-.103542008782451,.052443567024847,.645284826497363,stata_areg_centered_student_vce_unadjusted,210,569047
6087,All,z_year_leng_max,.361225455878052,.0963046020879994,.0865031791289685,.58775620062006,stata_areg_centered_student_vce_unadjusted,74,569047
6112,All,z_year_leng_max,.379275392322254,.114354538532201,.0400230927337921,.623266857038531,stata_areg_centered_student_vce_unadjusted,693,569047
6113,All,z_year_leng_max,.051377901347059,-.213542952442993,.0686339675173571,.633587799981246,stata_areg_centered_student_vce_unadjusted,107,569047
6115,All,z_year_leng_max,.147866124548741,-.117054729241312,.105952666259121,.751366733399887,stata_areg_centered_student_vce_unadjusted,45,569047
6118,All,z_year_leng_max,.243157712162144,-.0217631416279086,.0690343657226295,.635511570978996,stata_areg_centered_student_vce_unadjusted,202,569047
6119,All,z_year_leng_max,.39520613339794,.130285279607888,.13994929929176,.553061138385985,stata_areg_centered_student_vce_unadjusted,24,569047
6120,All,z_year_leng_max,.309998988982699,.0450781351926467,.0697359784122932,.651734897443715,stata_areg_centered_student_vce_unadjusted,236,569047
6122,All,z_year_leng_max,.372227382506512,.107306528716459,.0835844568374783,.581493865961415,stata_areg_centered_student_vce_unadjusted,122,569047
6135,All,z_year_leng_max,.132980195057989,-.131940658732063,.110661806857162,.608718477247206,stata_areg_centered_student_vce_unadjusted,49,569047
6161,All,z_year_leng_max,.798198337938062,.53327748414801,.219994824295419,.666788243497066,stata_areg_centered_student_vce_unadjusted,55,569047
6163,All,z_year_leng_max,.142518527146927,-.122402326643125,.0666006228051852,.570926923190599,stata_areg_centered_student_vce_unadjusted,151,569047
6188,All,z_year_leng_max,.14615959629072,-.118761257499332,.098780481189775,.690553588071629,stata_areg_centered_student_vce_unadjusted,96,569047
6210,All,z_year_leng_max,.374737091173612,.10981623738356,.139312137476673,.475613798042649,stata_areg_centered_student_vce_unadjusted,24,569047
6223,All,z_year_leng_max,.283241649149249,.018320795359197,.0503840019151778,.645054877241851,stata_areg_centered_student_vce_unadjusted,296,569047
6230,All,z_year_leng_max,-.129442915348857,-.394363769138909,.123633524422276,.560714836074175,stata_areg_centered_student_vce_unadjusted,40,569047
6252,All,z_year_leng_max,.107905838936148,-.157015014853904,.0457785083746341,.59383893004122,stata_areg_centered_student_vce_unadjusted,299,569047
6253,All,z_year_leng_max,.264706621659147,-.000214232130904934,.0462426936877012,.59333608826686,stata_areg_centered_student_vce_unadjusted,427,569047
6267,All,z_year_leng_max,.224994282261824,-.0399265715282285,.234084595479803,.402815384402407,stata_areg_centered_student_vce_unadjusted,10,569047
6269,All,z_year_leng_max,.127929043786633,-.13699181000342,.075923791027494,.59219638309143,stata_areg_centered_student_vce_unadjusted,115,569047
6270,All,z_year_leng_max,.153255516651464,-.111665337138588,.137095691815437,.655998909653962,stata_areg_centered_student_vce_unadjusted,30,569047
6301,All,z_year_leng_max,.043858657015135,-.221062196774917,.0814995690056431,.597580636294421,stata_areg_centered_student_vce_unadjusted,91,569047
6302,All,z_year_leng_max,.250244016679148,-.0146768371109045,.0531242159432379,.636713700753572,stata_areg_centered_student_vce_unadjusted,415,569047
6336,All,z_year_leng_max,.0709059852916367,-.194014868498416,.0712577349789318,.63382338720744,stata_areg_centered_student_vce_unadjusted,215,569047
6348,All,z_year_leng_max,.179151085265156,-.0857697685248964,.067668466674114,.61477125447741,stata_areg_centered_student_vce_unadjusted,156,569047
6397,All,z_year_leng_max,.290988706907236,.0260678531171837,.160024480038649,.688708108612941,stata_areg_centered_student_vce_unadjusted,19,569047
6398,All,z_year_leng_max,.465643967138265,.200723113348212,.102695870245707,.685019416001292,stata_areg_centered_student_vce_unadjusted,87,569047
6452,All,z_year_leng_max,.310155011637628,.0452341578475761,.113959212683345,.567280406058741,stata_areg_centered_student_vce_unadjusted,49,569047
6465,All,z_year_leng_max,.443480406293849,.178559552503797,.378988598691736,.625981416933242,stata_areg_centered_student_vce_unadjusted,3,569047
6497,All,z_year_leng_max,.310051574301771,.0451307205117191,.0639165468302021,.60804683559972,stata_areg_centered_student_vce_unadjusted,234,569047
6500,All,z_year_leng_max,.286856648808517,.0219357950184643,.0623763511504936,.599322356810504,stata_areg_centered_student_vce_unadjusted,317,569047
6584,All,z_year_leng_max,.290688664818106,.0257678110280539,.0655698842081183,.703908929979297,stata_areg_centered_student_vce_unadjusted,140,569047
6585,All,z_year_leng_max,.246189179683727,-.018731674106325,.0504957976984968,.609042418206808,stata_areg_centered_student_vce_unadjusted,401,569047
6586,All,z_year_leng_max,.383269680340746,.118348826550694,.105665396521959,.678129823107349,stata_areg_centered_student_vce_unadjusted,51,569047
6641,All,z_year_leng_max,-.134116552806818,-.399037406596871,.148633349296536,.540497067860918,stata_areg_centered_student_vce_unadjusted,25,569047
6643,All,z_year_leng_max,.0954829587115699,-.169437895078482,.0669424084089072,.504879868916693,stata_areg_centered_student_vce_unadjusted,148,569047
6644,All,z_year_leng_max,.38733229348114,.122411439691087,.0723664684109188,.565216658878262,stata_areg_centered_student_vce_unadjusted,284,569047
6649,All,z_year_leng_max,.141338925212964,-.123581928577088,.141216467109521,.613955957163669,stata_areg_centered_student_vce_unadjusted,32,569047
6650,All,z_year_leng_max,.403194333311037,.138273479520985,.1059301728031,.7295093055671,stata_areg_centered_student_vce_unadjusted,55,569047
6708,All,z_year_leng_max,.17195723809163,-.0929636156984225,.0766871230504946,.585154941748003,stata_areg_centered_student_vce_unadjusted,222,569047
6751,All,z_year_leng_max,.0784734173917576,-.186447436398295,.0442677793264577,.606131774771849,stata_areg_centered_student_vce_unadjusted,366,569047
6752,All,z_year_leng_max,.10271247800598,-.162208375784072,.0469142266032014,.571153778541376,stata_areg_centered_student_vce_unadjusted,301,569047
6753,All,z_year_leng_max,.330514238151847,.0655933843617942,.0506370317376101,.586285761389419,stata_areg_centered_student_vce_unadjusted,199,569047
6754,All,z_year_leng_max,.20437510086292,-.0605457529271324,.0460681042400245,.645215683912088,stata_areg_centered_student_vce_unadjusted,406,569047
6755,All,z_year_leng_max,.0560244478921711,-.208896405897881,.0768299040222988,.649709809795126,stata_areg_centered_student_vce_unadjusted,81,569047
6757,All,z_year_leng_max,-.0790435317294749,-.343964385519527,.266327370138074,.852168866960301,stata_areg_centered_student_vce_unadjusted,6,569047
6766,All,z_year_leng_max,.0957839323751649,-.169136921414887,.0784573829509599,.686829405359074,stata_areg_centered_student_vce_unadjusted,122,569047
6770,All,z_year_leng_max,.163040701366512,-.10188015242354,.099686724456955,.613043664487691,stata_areg_centered_student_vce_unadjusted,125,569047
6772,All,z_year_leng_max,-.115009390204053,-.379930243994105,.291978513556304,.704358288231699,stata_areg_centered_student_vce_unadjusted,5,569047
6787,All,z_year_leng_max,.842115259694389,.577194405904337,.3775780483231,.466210772984506,stata_areg_centered_student_vce_unadjusted,3,569047
6826,All,z_year_leng_max,.480520410879302,.215599557089249,.114553103234481,.654267611910439,stata_areg_centered_student_vce_unadjusted,159,569047
6828,All,z_year_leng_max,.407647941208627,.142727087418574,.0827728161521222,.602687011870032,stata_areg_centered_student_vce_unadjusted,86,569047
6829,All,z_year_leng_max,.526114394345495,.261193540555443,.0831268670520579,.684667954899029,stata_areg_centered_student_vce_unadjusted,300,569047
6830,All,z_year_leng_max,.315836682614563,.0509158288245107,.0653354718862496,.655928255248665,stata_areg_centered_student_vce_unadjusted,275,569047
6832,All,z_year_leng_max,.490132121116399,.225211267326347,.0932706516314176,.697281303317945,stata_areg_centered_student_vce_unadjusted,148,569047
6835,All,z_year_leng_max,.233627527432544,-.0312933263575088,.0750565179864786,.639541555593072,stata_areg_centered_student_vce_unadjusted,230,569047
6836,All,z_year_leng_max,.608849121909981,.343928268119928,.0977633834548255,.690689540869266,stata_areg_centered_student_vce_unadjusted,142,569047
6843,All,z_year_leng_max,.782821653003393,.517900799213341,.112506979292444,.598071320996387,stata_areg_centered_student_vce_unadjusted,225,569047
6844,All,z_year_leng_max,.663943124157983,.399022270367931,.144361856201555,.648291696351658,stata_areg_centered_student_vce_unadjusted,193,569047
6846,All,z_year_leng_max,.330672987665038,.0657521338749861,.0964583196403227,.437832297264032,stata_areg_centered_student_vce_unadjusted,58,569047
6853,All,z_year_leng_max,.0460749932237597,-.218845860566293,.213572203119347,.62096069841587,stata_areg_centered_student_vce_unadjusted,11,569047
6895,All,z_year_leng_max,.201689385684501,-.0632314681055512,.0728954209735294,.584678180773526,stata_areg_centered_student_vce_unadjusted,206,569047
6896,All,z_year_leng_max,.366361061964908,.101440208174856,.0676777744205322,.608441300993817,stata_areg_centered_student_vce_unadjusted,301,569047
6897,All,z_year_leng_max,.111373505582439,-.153547348207613,.0545097716480959,.654928876991649,stata_areg_centered_student_vce_unadjusted,332,569047
6899,All,z_year_leng_max,.065301327357056,-.199619526432996,.133347623061612,.520677555508388,stata_areg_centered_student_vce_unadjusted,36,569047
6922,All,z_year_leng_max,.000990773792997257,-.263930079997055,.127045782991835,.455519271846347,stata_areg_centered_student_vce_unadjusted,29,569047
6925,All,z_year_leng_max,-.0827477349008966,-.347668588690949,.161772588897797,.55892811797188,stata_areg_centered_student_vce_unadjusted,19,569047
6929,All,z_year_leng_max,.213891253473557,-.0510296003164958,.0516695550069005,.669601109755695,stata_areg_centered_student_vce_unadjusted,449,569047
6983,All,z_year_leng_max,.192775081017779,-.0721457727722735,.110405356649935,.553300412924714,stata_areg_centered_student_vce_unadjusted,67,569047
7004,All,z_year_leng_max,.0919177679430775,-.173003085846975,.107086585182764,.684603941604069,stata_areg_centered_student_vce_unadjusted,97,569047
7006,All,z_year_leng_max,.15112999823909,-.113790855550962,.0625046013373561,.565625666916314,stata_areg_centered_student_vce_unadjusted,284,569047
7015,All,z_year_leng_max,.286667246197089,.0217463924070368,.130068009055686,.59939164569045,stata_areg_centered_student_vce_unadjusted,120,569047
7031,All,z_year_leng_max,.221458764037322,-.0434620897527306,.0979160956871627,.493583622924337,stata_areg_centered_student_vce_unadjusted,83,569047
7044,All,z_year_leng_max,.158759310077026,-.106161543713026,.0824375621850669,.614757965889629,stata_areg_centered_student_vce_unadjusted,119,569047
7049,All,z_year_leng_max,.061885568368984,-.203035285421068,.0757043816630562,.653616151704588,stata_areg_centered_student_vce_unadjusted,112,569047
7085,All,z_year_leng_max,.134203681337539,-.130717172452513,.148046114978999,.592746691816603,stata_areg_centered_student_vce_unadjusted,30,569047
7102,All,z_year_leng_max,.174781596876252,-.0901392569138002,.0633149308704874,.568292223267836,stata_areg_centered_student_vce_unadjusted,147,569047
7128,All,z_year_leng_max,.132324460809198,-.132596392980854,.074772831698379,.660431307961319,stata_areg_centered_student_vce_unadjusted,160,569047
7129,All,z_year_leng_max,.332461400309767,.0675405465197146,.0498209014499401,.645966839847396,stata_areg_centered_student_vce_unadjusted,533,569047
7135,All,z_year_leng_max,.0866048549111504,-.178315998878902,.0984611473082787,.544340055703086,stata_areg_centered_student_vce_unadjusted,63,569047
7180,All,z_year_leng_max,.624671034375059,.359750180585007,.12643750746664,.668185947008616,stata_areg_centered_student_vce_unadjusted,81,569047
7181,All,z_year_leng_max,.159983706115058,-.104937147674994,.0970658724534018,.594885672641549,stata_areg_centered_student_vce_unadjusted,153,569047
7183,All,z_year_leng_max,.388241227600865,.123320373810813,.0905921194563698,.703190807103426,stata_areg_centered_student_vce_unadjusted,94,569047
7200,All,z_year_leng_max,.185434800468813,-.0794860533212393,.0550365744671878,.619268114110227,stata_areg_centered_student_vce_unadjusted,532,569047
7231,All,z_year_leng_max,.320201549207293,.0552806954172403,.646902638273329,.,stata_areg_centered_student_vce_unadjusted,1,569047
7236,All,z_year_leng_max,.340671588039904,.0757507342498522,.0619704424650334,.625127406012739,stata_areg_centered_student_vce_unadjusted,272,569047
7240,All,z_year_leng_max,.246749523304602,-.0181713304854499,.136226556509738,.550852758441456,stata_areg_centered_student_vce_unadjusted,29,569047
7276,All,z_year_leng_max,.243758468458085,-.0211623853319677,.0884854134123067,.634506479669635,stata_areg_centered_student_vce_unadjusted,276,569047
7299,All,z_year_leng_max,.188659299545329,-.0762615542447231,.0745736451337422,.653331422191837,stata_areg_centered_student_vce_unadjusted,164,569047
7325,All,z_year_leng_max,.343177679215131,.0782568254250785,.0366308463703685,.650528336337191,stata_areg_centered_student_vce_unadjusted,850,569047
7326,All,z_year_leng_max,.104882548394972,-.160038305395081,.0657065142902384,.638820079674979,stata_areg_centered_student_vce_unadjusted,117,569047
7328,All,z_year_leng_max,.255503828958418,-.00941702483163481,.0622681772249709,.667850122964801,stata_areg_centered_student_vce_unadjusted,144,569047
7329,All,z_year_leng_max,.288013098370796,.0230922445807433,.0379982731111894,.639563088604532,stata_areg_centered_student_vce_unadjusted,628,569047
7331,All,z_year_leng_max,.167186177362616,-.0977346764274364,.0415850380705327,.633110524296108,stata_areg_centered_student_vce_unadjusted,413,569047
7388,All,z_year_leng_max,.354100196168435,.0891793423783828,.0791170526787196,.617055305410401,stata_areg_centered_student_vce_unadjusted,256,569047
7401,All,z_year_leng_max,.269754791794402,.00483393800434972,.093177321338335,.613412193120535,stata_areg_centered_student_vce_unadjusted,286,569047
7406,All,z_year_leng_max,.465671424776512,.20075057098646,.0537664422648937,.607765903681531,stata_areg_centered_student_vce_unadjusted,405,569047
7414,All,z_year_leng_max,.861434654348676,.596513800558624,.136802573823111,.617993699241682,stata_areg_centered_student_vce_unadjusted,132,569047
7415,All,z_year_leng_max,.539686054121679,.274765200331627,.130309637645764,.630175769572064,stata_areg_centered_student_vce_unadjusted,164,569047
7416,All,z_year_leng_max,.69716161676725,.432240762977197,.0772607718796004,.578886410885461,stata_areg_centered_student_vce_unadjusted,186,569047
7435,All,z_year_leng_max,.823465260430038,.558544406639986,.111345233770133,.672513706123728,stata_areg_centered_student_vce_unadjusted,188,569047
7441,All,z_year_leng_max,.170378124236242,-.0945427295538108,.137174587125233,.502501532618144,stata_areg_centered_student_vce_unadjusted,28,569047
7470,All,z_year_leng_max,.301431897020505,.0365110432304528,.0777756974655307,.608586867705814,stata_areg_centered_student_vce_unadjusted,95,569047
7505,All,z_year_leng_max,.204957672693044,-.0599631810970081,.0765916630366529,.626807419678524,stata_areg_centered_student_vce_unadjusted,156,569047
7509,All,z_year_leng_max,-.0277381045328965,-.292658958322949,.30192903307999,.420585256306147,stata_areg_centered_student_vce_unadjusted,5,569047
7536,All,z_year_leng_max,.211481626143227,-.0534392276468258,.0774403310603192,.604220691810441,stata_areg_centered_student_vce_unadjusted,296,569047
7542,All,z_year_leng_max,.172940570776245,-.0919802830138078,.117081342330402,.618363610563015,stata_areg_centered_student_vce_unadjusted,42,569047
7544,All,z_year_leng_max,.212294118720748,-.0526267350693048,.143700185308055,.57979251823438,stata_areg_centered_student_vce_unadjusted,49,569047
7572,All,z_year_leng_max,.12609127926372,-.138829574526332,.099226960171419,.58361692866884,stata_areg_centered_student_vce_unadjusted,123,569047
7578,All,z_year_leng_max,.17423540447561,-.0906854493144421,.0632836912544413,.5062231167677,stata_areg_centered_student_vce_unadjusted,123,569047
7614,All,z_year_leng_max,.102116296718044,-.162804557072009,.169692130012369,.521656609351136,stata_areg_centered_student_vce_unadjusted,25,569047
7624,All,z_year_leng_max,.0227355459956318,-.24218530779442,.647761405393704,.,stata_areg_centered_student_vce_unadjusted,1,569047
7625,All,z_year_leng_max,.0653706441543517,-.199550209635701,.0907650153667823,.677512804608975,stata_areg_centered_student_vce_unadjusted,55,569047
7626,All,z_year_leng_max,.0805779053109764,-.184342948479076,.0497581444695202,.666775038647807,stata_areg_centered_student_vce_unadjusted,214,569047
7627,All,z_year_leng_max,.368295391170078,.103374537380025,.0404167062684519,.645229304342929,stata_areg_centered_student_vce_unadjusted,471,569047
7628,All,z_year_leng_max,.263167143271176,-.00175371051887663,.0481415700317281,.624157231458705,stata_areg_centered_student_vce_unadjusted,232,569047
7629,All,z_year_leng_max,.173663336779725,-.0912575170103272,.05525498608207,.622269672145965,stata_areg_centered_student_vce_unadjusted,171,569047
7639,All,z_year_leng_max,.220233983538399,-.0446868702516533,.0673741564714819,.654375126322208,stata_areg_centered_student_vce_unadjusted,197,569047
7650,All,z_year_leng_max,.252261260702559,-.0126595930874938,.0869089885927257,.682579241756072,stata_areg_centered_student_vce_unadjusted,78,569047
7651,All,z_year_leng_max,.0986724193581788,-.166248434431874,.124578078021768,.538317429629865,stata_areg_centered_student_vce_unadjusted,39,569047
7699,All,z_year_leng_max,.175273672394539,-.0896471813955129,.0456989532031829,.677593052946862,stata_areg_centered_student_vce_unadjusted,636,569047
7700,All,z_year_leng_max,.706214100162124,.441293246372072,.0827903712976231,.650966138257569,stata_areg_centered_student_vce_unadjusted,378,569047
7701,All,z_year_leng_max,.238169086898371,-.0267517668916808,.104764046790273,.600412323575261,stata_areg_centered_student_vce_unadjusted,324,569047
7705,All,z_year_leng_max,.142105228497198,-.122815625292854,.0405775368350701,.584981380435889,stata_areg_centered_student_vce_unadjusted,366,569047
7706,All,z_year_leng_max,.407397256444407,.142476402654355,.0513433594449137,.667296081159241,stata_areg_centered_student_vce_unadjusted,345,569047
7707,All,z_year_leng_max,.357226145936921,.0923052921468685,.082795028186048,.59764219239895,stata_areg_centered_student_vce_unadjusted,263,569047
7709,All,z_year_leng_max,.360861664484945,.0959408106948931,.0614257012028365,.61355751718561,stata_areg_centered_student_vce_unadjusted,248,569047
7717,All,z_year_leng_max,.872624760904544,.607703907114492,.143767550546486,.574516618101406,stata_areg_centered_student_vce_unadjusted,159,569047
7718,All,z_year_leng_max,.719826701247556,.454905847457504,.112824913917155,.716035161537929,stata_areg_centered_student_vce_unadjusted,84,569047
7720,All,z_year_leng_max,.237737643398243,-.0271832103918098,.0560879337852118,.654462852308085,stata_areg_centered_student_vce_unadjusted,202,569047
7722,All,z_year_leng_max,.302466584976029,.0375457311859764,.109523630597408,.671548331326568,stata_areg_centered_student_vce_unadjusted,63,569047
7724,All,z_year_leng_max,.173255554860893,-.0916652989291594,.111840446098661,.59282149441042,stata_areg_centered_student_vce_unadjusted,49,569047
7742,All,z_year_leng_max,.472530115356609,.207609261566557,.0796266731726555,.686426080354746,stata_areg_centered_student_vce_unadjusted,234,569047
7743,All,z_year_leng_max,.320042635840674,.055121782050622,.0570554640372038,.663158000089207,stata_areg_centered_student_vce_unadjusted,396,569047
7744,All,z_year_leng_max,.526766645232103,.261845791442051,.0851344359753737,.61799594611354,stata_areg_centered_student_vce_unadjusted,294,569047
7753,All,z_year_leng_max,.187758059268072,-.0771627945219807,.152743401354085,.577510261772032,stata_areg_centered_student_vce_unadjusted,48,569047
7760,All,z_year_leng_max,.0731688494765268,-.191752004313526,.161740161649564,.569280768239715,stata_areg_centered_student_vce_unadjusted,25,569047
7772,All,z_year_leng_max,.180799883150596,-.0841209706394568,.0818985040682099,.613814386538562,stata_areg_centered_student_vce_unadjusted,110,569047
7773,All,z_year_leng_max,.185227995645117,-.0796928581449358,.0973000274220965,.623701179923687,stata_areg_centered_student_vce_unadjusted,115,569047
7775,All,z_year_leng_max,.0673623096958381,-.197558544094214,.1412377627564,.675132782176173,stata_areg_centered_student_vce_unadjusted,37,569047
7776,All,z_year_leng_max,-.106967848854146,-.371888702644198,.294488948500025,.451419209614636,stata_areg_centered_student_vce_unadjusted,6,569047
7826,All,z_year_leng_max,.298472055401536,.0335512016114835,.0673727530354005,.609485210091408,stata_areg_centered_student_vce_unadjusted,319,569047
7830,All,z_year_leng_max,.104233757556373,-.16068709623368,.102993441094204,.570211563232473,stata_areg_centered_student_vce_unadjusted,59,569047
7872,All,z_year_leng_max,.125604497602933,-.139316356187119,.163382089229767,.665740744962243,stata_areg_centered_student_vce_unadjusted,37,569047
7907,All,z_year_leng_max,.255332606868064,-.00958824692198823,.0778128155523391,.707858182867261,stata_areg_centered_student_vce_unadjusted,227,569047
7941,All,z_year_leng_max,.123506859752619,-.141413994037433,.0850378553433971,.586072191253871,stata_areg_centered_student_vce_unadjusted,189,569047
7942,All,z_year_leng_max,.278970115891472,.0140492621014198,.0898326512885588,.62489299985169,stata_areg_centered_student_vce_unadjusted,172,569047
7956,All,z_year_leng_max,.220600289452158,-.0443205643378941,.0697626677967813,.692154727278903,stata_areg_centered_student_vce_unadjusted,154,569047
7973,All,z_year_leng_max,.156488579804593,-.108432273985459,.0605586859710251,.644333131472366,stata_areg_centered_student_vce_unadjusted,165,569047
7989,All,z_year_leng_max,.172639846933037,-.0922810068570156,.116021728180192,.679915603140991,stata_areg_centered_student_vce_unadjusted,138,569047
8000,All,z_year_leng_max,.79740777004629,.532486916256238,.15054631772704,.682075667159115,stata_areg_centered_student_vce_unadjusted,56,569047
8001,All,z_year_leng_max,.124750066937726,-.140170786852326,.0484908431455587,.637671492759352,stata_areg_centered_student_vce_unadjusted,499,569047
8002,All,z_year_leng_max,.311585353230976,.0466644994409239,.0493909767959573,.690224637398672,stata_areg_centered_student_vce_unadjusted,641,569047
8005,All,z_year_leng_max,.0218323858706011,-.243088467919451,.158633712284249,.570347281963681,stata_areg_centered_student_vce_unadjusted,19,569047
8044,All,z_year_leng_max,.0267645578982632,-.238156295891789,.101408790202661,.501454686081573,stata_areg_centered_student_vce_unadjusted,62,569047
8105,All,z_year_leng_max,.367165199619145,.102244345829093,.061789617359591,.68747358419136,stata_areg_centered_student_vce_unadjusted,295,569047
8108,All,z_year_leng_max,.181158387093944,-.0837624666961083,.0642679664930636,.577333679659666,stata_areg_centered_student_vce_unadjusted,321,569047
8109,All,z_year_leng_max,.271055766603187,.00613491281313505,.0571833963848434,.633568186633582,stata_areg_centered_student_vce_unadjusted,391,569047
8111,All,z_year_leng_max,.242302220259089,-.022618633530963,.105644465077107,.600351800083379,stata_areg_centered_student_vce_unadjusted,57,569047
8162,All,z_year_leng_max,.156393304962394,-.108527548827658,.0915619071535779,.613907797424005,stata_areg_centered_student_vce_unadjusted,105,569047
8174,All,z_year_leng_max,.298680266091909,.0337594123018563,.0853040522434611,.580943572199177,stata_areg_centered_student_vce_unadjusted,186,569047
8194,All,z_year_leng_max,.19467059052416,-.0702502632658925,.0922976478402977,.609907266349447,stata_areg_centered_student_vce_unadjusted,154,569047
8206,All,z_year_leng_max,.102863740102511,-.162057113687541,.0856589069789808,.625591728364328,stata_areg_centered_student_vce_unadjusted,138,569047
8255,All,z_year_leng_max,.313146107528304,.0482252537382521,.0825519501351149,.653568566169112,stata_areg_centered_student_vce_unadjusted,183,569047
8309,All,z_year_leng_max,.0547019017405675,-.210218952049485,.243909361968188,.525216082442634,stata_areg_centered_student_vce_unadjusted,42,569047
8310,All,z_year_leng_max,-.107848778295542,-.372769632085594,.129674717932983,.578069607489166,stata_areg_centered_student_vce_unadjusted,75,569047
8331,All,z_year_leng_max,.161796443881805,-.103124409908248,.131503649112081,.644249848824535,stata_areg_centered_student_vce_unadjusted,70,569047
8339,All,z_year_leng_max,.242027833362133,-.0228930204279197,.182779483702066,.59191770540507,stata_areg_centered_student_vce_unadjusted,57,569047
8345,All,z_year_leng_max,.106159819240891,-.158761034549162,.0732166150262244,.59749994808837,stata_areg_centered_student_vce_unadjusted,128,569047
8352,All,z_year_leng_max,.255046224531638,-.00987462925841409,.155018473664235,.769208869010207,stata_areg_centered_student_vce_unadjusted,31,569047
8365,All,z_year_leng_max,.452446757801415,.187525904011362,.0656613237106012,.66613193152368,stata_areg_centered_student_vce_unadjusted,585,569047
8367,All,z_year_leng_max,.257487076687499,-.00743377710255311,.0746274467405748,.736100165055847,stata_areg_centered_student_vce_unadjusted,188,569047
8369,All,z_year_leng_max,.0104722574341469,-.254448596355905,.0991962867930769,.621120480637344,stata_areg_centered_student_vce_unadjusted,54,569047
8375,All,z_year_leng_max,.138993082177772,-.125927771612281,.0936890476242188,.631184551781258,stata_areg_centered_student_vce_unadjusted,121,569047
8380,All,z_year_leng_max,.501551458443541,.236630604653488,.141270112358289,.648803392736403,stata_areg_centered_student_vce_unadjusted,37,569047
8391,All,z_year_leng_max,.0569862060759141,-.207934647714138,.136113782283701,.790735924389132,stata_areg_centered_student_vce_unadjusted,57,569047
8392,All,z_year_leng_max,-.0465477883018566,-.311468642091909,.159338675592904,.615048261579323,stata_areg_centered_student_vce_unadjusted,41,569047
8394,All,z_year_leng_max,.208687763808855,-.0562330899811976,.131923670611451,.625021975147326,stata_areg_centered_student_vce_unadjusted,119,569047
8403,All,z_year_leng_max,-.273151415574954,-.538072269365007,.190899673694334,.43216504556753,stata_areg_centered_student_vce_unadjusted,20,569047
8409,All,z_year_leng_max,.251750525095766,-.0131703286942859,.219184695531949,.554070027279336,stata_areg_centered_student_vce_unadjusted,19,569047
8411,All,z_year_leng_max,-.00656052846463894,-.271481382254691,.0980666049967884,.633580206853205,stata_areg_centered_student_vce_unadjusted,89,569047
8421,All,z_year_leng_max,.258368013419283,-.0065528403707692,.0901997789632241,.65455313742557,stata_areg_centered_student_vce_unadjusted,208,569047
8422,All,z_year_leng_max,.222654184797664,-.0422666689923878,.107172905718879,.632416214781896,stata_areg_centered_student_vce_unadjusted,84,569047
8424,All,z_year_leng_max,.0438044239269447,-.221116429863108,.0540979595235133,.610548103301382,stata_areg_centered_student_vce_unadjusted,231,569047
8425,All,z_year_leng_max,.0503026639968031,-.214618189793249,.076586591787514,.559756243769503,stata_areg_centered_student_vce_unadjusted,87,569047
8427,All,z_year_leng_max,.0525783677783331,-.212342486011719,.0888059851821613,.516586421580176,stata_areg_centered_student_vce_unadjusted,61,569047
8429,All,z_year_leng_max,.213807206787182,-.0511136470028705,.0478924310190448,.639889861174499,stata_areg_centered_student_vce_unadjusted,274,569047
8430,All,z_year_leng_max,.195151056543492,-.0697697972465603,.0782880089198832,.621981464540461,stata_areg_centered_student_vce_unadjusted,77,569047
8432,All,z_year_leng_max,.145641462288277,-.119279391501776,.457335036620901,.030106795371288,stata_areg_centered_student_vce_unadjusted,2,569047
8442,All,z_year_leng_max,.175732397174503,-.0891884566155496,.0661944542804433,.657845947028734,stata_areg_centered_student_vce_unadjusted,153,569047
8454,All,z_year_leng_max,.0638617054499604,-.201059148340092,.06291993165347,.646976838731896,stata_areg_centered_student_vce_unadjusted,228,569047
8455,All,z_year_leng_max,.492106021372291,.227185167582239,.0681071566887685,.611890715609378,stata_areg_centered_student_vce_unadjusted,264,569047
8457,All,z_year_leng_max,.0781238735011835,-.186796980288869,.0670913862545101,.571867334163516,stata_areg_centered_student_vce_unadjusted,172,569047
8458,All,z_year_leng_max,.190932979419472,-.0739878743705803,.0774045748406547,.618294145396428,stata_areg_centered_student_vce_unadjusted,181,569047
8463,All,z_year_leng_max,.501935846607714,.237014992817662,.1074298598527,.700166812340595,stata_areg_centered_student_vce_unadjusted,108,569047
8464,All,z_year_leng_max,.623301419119167,.358380565329115,.092908757283707,.650255883652622,stata_areg_centered_student_vce_unadjusted,164,569047
8474,All,z_year_leng_max,.20690101178074,-.0580198420093125,.101056821544819,.607434167208918,stata_areg_centered_student_vce_unadjusted,187,569047
8483,All,z_year_leng_max,.3237235286387,.0588026748486473,.0974895261369659,.711723490845016,stata_areg_centered_student_vce_unadjusted,73,569047
8485,All,z_year_leng_max,.387961637999244,.123040784209191,.0271136667791951,.639764906168538,stata_areg_centered_student_vce_unadjusted,2275,569047
8487,All,z_year_leng_max,.297887333189816,.0329664793997634,.0271346341489673,.632107992455766,stata_areg_centered_student_vce_unadjusted,1549,569047
8488,All,z_year_leng_max,.274827954443936,.00990710065388339,.0502054340346945,.650039437410476,stata_areg_centered_student_vce_unadjusted,177,569047
8489,All,z_year_leng_max,.385229900386815,.120309046596762,.045064594921335,.610926343736316,stata_areg_centered_student_vce_unadjusted,228,569047
8490,All,z_year_leng_max,.251610707297897,-.0133101464921548,.067604519182525,.584758311108424,stata_areg_centered_student_vce_unadjusted,96,569047
8491,All,z_year_leng_max,.377549345578848,.112628491788796,.0294613475549029,.645488321740278,stata_areg_centered_student_vce_unadjusted,715,569047
8492,All,z_year_leng_max,.285908476563079,.0209876227730271,.0362663456935833,.687750525526611,stata_areg_centered_student_vce_unadjusted,346,569047
8494,All,z_year_leng_max,.290604607460819,.0256837536707671,.0613062768176214,.629396189340357,stata_areg_centered_student_vce_unadjusted,117,569047
8495,All,z_year_leng_max,.324235437499627,.0593145837095748,.0652264950466557,.71969238929139,stata_areg_centered_student_vce_unadjusted,100,569047
8496,All,z_year_leng_max,.115457906511524,-.149462947278529,.0690012189493649,.611748408390174,stata_areg_centered_student_vce_unadjusted,90,569047
8497,All,z_year_leng_max,.0620994605137364,-.202821393276316,.0908765425952465,.696984093726461,stata_areg_centered_student_vce_unadjusted,70,569047
8498,All,z_year_leng_max,.146482893474423,-.118437960315629,.060760126992001,.64205391710759,stata_areg_centered_student_vce_unadjusted,117,569047
8499,All,z_year_leng_max,.354756528458726,.0898356746686734,.0322408391543233,.658086845363078,stata_areg_centered_student_vce_unadjusted,545,569047
8500,All,z_year_leng_max,.120691293908355,-.144229559881697,.0442516475654679,.664402912971157,stata_areg_centered_student_vce_unadjusted,225,569047
8501,All,z_year_leng_max,.148826829447681,-.116094024342371,.0956243633268194,.779257050842307,stata_areg_centered_student_vce_unadjusted,47,569047
8502,All,z_year_leng_max,.0805970742585105,-.184323779531542,.037693114694027,.638727983776775,stata_areg_centered_student_vce_unadjusted,353,569047
8503,All,z_year_leng_max,.106833909516632,-.158086944273421,.0267469681072904,.632070629675333,stata_areg_centered_student_vce_unadjusted,723,569047
8504,All,z_year_leng_max,.0881146092650848,-.176806244524968,.0348433069782426,.589150887037747,stata_areg_centered_student_vce_unadjusted,368,569047
8505,All,z_year_leng_max,.0814978026234601,-.183423051166592,.0309441863536753,.599381974451166,stata_areg_centered_student_vce_unadjusted,476,569047
8506,All,z_year_leng_max,.293024416647379,.0281035628573268,.032294390346612,.692667474887467,stata_areg_centered_student_vce_unadjusted,442,569047
8507,All,z_year_leng_max,.0775398480221174,-.187381005767935,.0279317978456214,.624762708840292,stata_areg_centered_student_vce_unadjusted,585,569047
8508,All,z_year_leng_max,.184711516313081,-.0802093374769712,.0886180971737608,.57151805458752,stata_areg_centered_student_vce_unadjusted,56,569047
8510,All,z_year_leng_max,.288370861593512,.0234500078034601,.059023925086983,.600871490782188,stata_areg_centered_student_vce_unadjusted,126,569047
8511,All,z_year_leng_max,.223533135588866,-.041387718201186,.0766167288605897,.677314643475762,stata_areg_centered_student_vce_unadjusted,142,569047
8514,All,z_year_leng_max,.253581720083644,-.0113391337064084,.0463643380281977,.630485336626099,stata_areg_centered_student_vce_unadjusted,291,569047
8518,All,z_year_leng_max,.126561486861726,-.138359366928326,.109579448501856,.618449578921318,stata_areg_centered_student_vce_unadjusted,52,569047
8535,All,z_year_leng_max,.15048039519535,-.114440458594702,.103429029146221,.780716132777426,stata_areg_centered_student_vce_unadjusted,52,569047
8542,All,z_year_leng_max,.178769125108017,-.0861517286820351,.0949810924724033,.638297852175055,stata_areg_centered_student_vce_unadjusted,111,569047
8553,All,z_year_leng_max,.286541349796372,.0216204960063195,.145676042573625,.539982872397396,stata_areg_centered_student_vce_unadjusted,20,569047
8554,All,z_year_leng_max,.241609715781329,-.0233111380087236,.27079524861061,.51485336487397,stata_areg_centered_student_vce_unadjusted,6,569047
8587,All,z_year_leng_max,.0306017022116938,-.234319151578359,.173906050133243,.673263081317414,stata_areg_centered_student_vce_unadjusted,14,569047
8589,All,z_year_leng_max,.144268222399561,-.120652631390491,.060914989292732,.646644360347187,stata_areg_centered_student_vce_unadjusted,421,569047
8592,All,z_year_leng_max,.264669873645274,-.000250980144778756,.0610552605650183,.616334640930546,stata_areg_centered_student_vce_unadjusted,263,569047
8598,All,z_year_leng_max,.11382357476034,-.151097279029712,.0531242603065427,.616524242307652,stata_areg_centered_student_vce_unadjusted,156,569047
8601,All,z_year_leng_max,.316351782101276,.0514309283112232,.0870967072416494,.599624834610726,stata_areg_centered_student_vce_unadjusted,56,569047
8603,All,z_year_leng_max,.177169720345105,-.0877511334449469,.0268588131106647,.69421177525936,stata_areg_centered_student_vce_unadjusted,1071,569047
8604,All,z_year_leng_max,.340465879577647,.0755450257875949,.095443782164988,.698037804478707,stata_areg_centered_student_vce_unadjusted,226,569047
8609,All,z_year_leng_max,.580672345389962,.31575149159991,.0703158052321647,.638974728793491,stata_areg_centered_student_vce_unadjusted,359,569047
8611,All,z_year_leng_max,.283681015897996,.0187601621079435,.0617576431327894,.643566304635895,stata_areg_centered_student_vce_unadjusted,284,569047
8613,All,z_year_leng_max,.197352556359955,-.0675682974300974,.095836098754308,.649107501907831,stata_areg_centered_student_vce_unadjusted,112,569047
8614,All,z_year_leng_max,.243552383136378,-.0213684706536746,.0585648068664665,.657689505503414,stata_areg_centered_student_vce_unadjusted,262,569047
8615,All,z_year_leng_max,.0794783290070196,-.185442524783033,.0935728879760016,.736153534763527,stata_areg_centered_student_vce_unadjusted,57,569047
8616,All,z_year_leng_max,.0620016803174423,-.20291917347261,.0517778450310141,.603113448581187,stata_areg_centered_student_vce_unadjusted,180,569047
8617,All,z_year_leng_max,.064291178703211,-.200629675086841,.0329609295213524,.595036080437015,stata_areg_centered_student_vce_unadjusted,404,569047
8618,All,z_year_leng_max,.287925157241891,.0230043034518386,.0675506252616662,.608982941274993,stata_areg_centered_student_vce_unadjusted,99,569047
8620,All,z_year_leng_max,.272476038237174,.00755518444712194,.0957025376233392,.609045144216797,stata_areg_centered_student_vce_unadjusted,73,569047
8625,All,z_year_leng_max,.0482370474192023,-.21668380637085,.0517687650393735,.578392177106091,stata_areg_centered_student_vce_unadjusted,182,569047
8627,All,z_year_leng_max,.338729623724378,.0738087699343256,.0409054375731976,.679401086662618,stata_areg_centered_student_vce_unadjusted,378,569047
8629,All,z_year_leng_max,.117465030462118,-.147455823327935,.0574453502857116,.610103762923836,stata_areg_centered_student_vce_unadjusted,200,569047
8631,All,z_year_leng_max,.2679285046986,.00300765090854749,.1013123185226,.670916711991685,stata_areg_centered_student_vce_unadjusted,59,569047
8632,All,z_year_leng_max,.278118674097524,.0131978203074722,.0546909280376098,.656722521185632,stata_areg_centered_student_vce_unadjusted,300,569047
8634,All,z_year_leng_max,.29183631258486,.0269154587948082,.0781022102729325,.638516148428222,stata_areg_centered_student_vce_unadjusted,233,569047
8636,All,z_year_leng_max,.377772051900217,.112851198110164,.0758524836445812,.667677914832869,stata_areg_centered_student_vce_unadjusted,484,569047
8639,All,z_year_leng_max,.332731502838615,.0678106490485626,.0576081720981275,.66411258845889,stata_areg_centered_student_vce_unadjusted,170,569047
8643,All,z_year_leng_max,.0614458828538622,-.20347497093619,.0477163275524626,.557549470682702,stata_areg_centered_student_vce_unadjusted,204,569047
8644,All,z_year_leng_max,-.0163852203390048,-.281306074129057,.0633596579133144,.625025861494253,stata_areg_centered_student_vce_unadjusted,108,569047
8645,All,z_year_leng_max,.183567876054489,-.0813529777355631,.0548704239901053,.717451359562826,stata_areg_centered_student_vce_unadjusted,422,569047
8649,All,z_year_leng_max,.449255406650118,.184334552860065,.0971388600813674,.670534475784511,stata_areg_centered_student_vce_unadjusted,120,569047
8650,All,z_year_leng_max,.152203424625742,-.11271742916431,.054227579420683,.660961699951971,stata_areg_centered_student_vce_unadjusted,213,569047
8652,All,z_year_leng_max,.409067252638339,.144146398848287,.0732560320497433,.617073071746723,stata_areg_centered_student_vce_unadjusted,138,569047
8654,All,z_year_leng_max,.105766635851091,-.159154217938961,.108797190056373,.65287235733864,stata_areg_centered_student_vce_unadjusted,37,569047
8657,All,z_year_leng_max,.0960353556324536,-.168885498157599,.110804516492003,.546944185004735,stata_areg_centered_student_vce_unadjusted,52,569047
8658,All,z_year_leng_max,.499766421406361,.234845567616308,.0609940531503005,.65094173017636,stata_areg_centered_student_vce_unadjusted,156,569047
8663,All,z_year_leng_max,.40292054928285,.137999695492798,.0434594704061388,.695399354316457,stata_areg_centered_student_vce_unadjusted,298,569047
8666,All,z_year_leng_max,.188469368122001,-.0764514856680512,.109910660568818,.574344517915679,stata_areg_centered_student_vce_unadjusted,91,569047
8671,All,z_year_leng_max,.261656931762216,-.00326392202783671,.112358174410976,.632201854320998,stata_areg_centered_student_vce_unadjusted,78,569047
8675,All,z_year_leng_max,.364725227558322,.0998043737682692,.0628020046174259,.645734430428693,stata_areg_centered_student_vce_unadjusted,169,569047
8676,All,z_year_leng_max,.465290063781046,.200369209990994,.0829782191368976,.582107575106756,stata_areg_centered_student_vce_unadjusted,199,569047
8680,All,z_year_leng_max,.296737446953619,.0318165931635664,.0618024300038739,.653158063051194,stata_areg_centered_student_vce_unadjusted,177,569047
8681,All,z_year_leng_max,.24758350398119,-.0173373498088626,.0809631891573137,.678734538410623,stata_areg_centered_student_vce_unadjusted,272,569047
8682,All,z_year_leng_max,.412429449003166,.147508595213113,.079986086925694,.665820199803504,stata_areg_centered_student_vce_unadjusted,305,569047
8697,All,z_year_leng_max,.0916226637238396,-.173298190066213,.0761530771852,.694133705114529,stata_areg_centered_student_vce_unadjusted,244,569047
8715,All,z_year_leng_max,.12133288689919,-.143587966890862,.127123946793862,.606351905616494,stata_areg_centered_student_vce_unadjusted,41,569047
8724,All,z_year_leng_max,.2863138117709,.0213929579808479,.080667398910928,.608070328405727,stata_areg_centered_student_vce_unadjusted,78,569047
8740,All,z_year_leng_max,.572038731232587,.307117877442535,.0974060342123135,.653907356994706,stata_areg_centered_student_vce_unadjusted,140,569047
8748,All,z_year_leng_max,.552662291959376,.287741438169324,.0692715525724518,.636627415257951,stata_areg_centered_student_vce_unadjusted,544,569047
8750,All,z_year_leng_max,.491122396089609,.226201542299557,.0685215763024657,.604991784157892,stata_areg_centered_student_vce_unadjusted,326,569047
8754,All,z_year_leng_max,.336732406070938,.0718115522808854,.0756217832840783,.64337533738882,stata_areg_centered_student_vce_unadjusted,235,569047
8755,All,z_year_leng_max,.669994653918338,.405073800128285,.105632075013888,.624929752315902,stata_areg_centered_student_vce_unadjusted,66,569047
8756,All,z_year_leng_max,.252776063192702,-.0121447905973499,.0354337768620542,.637262941540033,stata_areg_centered_student_vce_unadjusted,476,569047
8757,All,z_year_leng_max,.464672974144106,.199752120354054,.0641435764678233,.657059015848069,stata_areg_centered_student_vce_unadjusted,476,569047
8759,All,z_year_leng_max,.190844361885264,-.0740764919047882,.135504164744318,.705258983283007,stata_areg_centered_student_vce_unadjusted,38,569047
8761,All,z_year_leng_max,.501965189205859,.237044335415807,.0774761930381734,.665606529846527,stata_areg_centered_student_vce_unadjusted,302,569047
8762,All,z_year_leng_max,.246640834476729,-.0182800193133235,.0998377594276864,.604699279132761,stata_areg_centered_student_vce_unadjusted,80,569047
8769,All,z_year_leng_max,.219773345606054,-.0451475081839983,.0890372924677198,.682667406998167,stata_areg_centered_student_vce_unadjusted,162,569047
8791,All,z_year_leng_max,.26616527666661,.00124442287655763,.066067991566046,.674220787689469,stata_areg_centered_student_vce_unadjusted,260,569047
8811,All,z_year_leng_max,.100285721516411,-.164635132273641,.0328867644134812,.581516983358907,stata_areg_centered_student_vce_unadjusted,407,569047
8812,All,z_year_leng_max,-.0325407637366339,-.297461617526686,.0498948624311666,.648072931803366,stata_areg_centered_student_vce_unadjusted,176,569047
8813,All,z_year_leng_max,.119111482138914,-.145809371651138,.0394581005931956,.60446937406264,stata_areg_centered_student_vce_unadjusted,295,569047
8814,All,z_year_leng_max,.114732855312115,-.150187998477937,.0825573845362661,.630756045069785,stata_areg_centered_student_vce_unadjusted,63,569047
8815,All,z_year_leng_max,.6476594536734,.382738599883348,.0934895051809094,.74625773479766,stata_areg_centered_student_vce_unadjusted,210,569047
8818,All,z_year_leng_max,.234572737553603,-.0303481162364497,.0828894788278619,.620435063453748,stata_areg_centered_student_vce_unadjusted,185,569047
8819,All,z_year_leng_max,.336408879550846,.0714880257607935,.0671075380734938,.65272490666627,stata_areg_centered_student_vce_unadjusted,171,569047
8821,All,z_year_leng_max,.489181236068634,.224260382278582,.0770633200950683,.642976066320781,stata_areg_centered_student_vce_unadjusted,354,569047
8822,All,z_year_leng_max,.762052245375238,.497131391585186,.0801413521230725,.663631715305478,stata_areg_centered_student_vce_unadjusted,121,569047
8825,All,z_year_leng_max,.442707430871074,.177786577081021,.0680265148934282,.733804282905893,stata_areg_centered_student_vce_unadjusted,211,569047
8827,All,z_year_leng_max,.449996375717988,.185075521927936,.0805102179284678,.636997108541813,stata_areg_centered_student_vce_unadjusted,232,569047
8828,All,z_year_leng_max,.479167149095014,.214246295304962,.0741817136092163,.696307827450467,stata_areg_centered_student_vce_unadjusted,216,569047
8833,All,z_year_leng_max,.546331629787362,.28141077599731,.121940483258705,.654544045801468,stata_areg_centered_student_vce_unadjusted,124,569047
8835,All,z_year_leng_max,.74538186323089,.480461009440838,.0765905513848053,.689626115626357,stata_areg_centered_student_vce_unadjusted,136,569047
8839,All,z_year_leng_max,-.453686376008398,-.718607229798451,.293964360683632,.406004626994872,stata_areg_centered_student_vce_unadjusted,5,569047
8841,All,z_year_leng_max,.142364789548994,-.122556064241059,.0991555693800566,.689888954126929,stata_areg_centered_student_vce_unadjusted,201,569047
8846,All,z_year_leng_max,.530176636779958,.265255782989906,.063614976497697,.654758130170763,stata_areg_centered_student_vce_unadjusted,205,569047
8849,All,z_year_leng_max,.260137402295143,-.00478345149490927,.079139324359492,.766350695405714,stata_areg_centered_student_vce_unadjusted,233,569047
8854,All,z_year_leng_max,.369718396051289,.104797542261237,.0898092307172955,.742707724490136,stata_areg_centered_student_vce_unadjusted,109,569047
8860,All,z_year_leng_max,-.00696629716738137,-.271887150957434,.128302719785646,.755186869092246,stata_areg_centered_student_vce_unadjusted,31,569047
8861,All,z_year_leng_max,.31236465677603,.0474438029859779,.0893046134381971,.62871746551774,stata_areg_centered_student_vce_unadjusted,80,569047
8862,All,z_year_leng_max,.800969213960818,.536048360170766,.131977431773159,.588925808263323,stata_areg_centered_student_vce_unadjusted,384,569047
8863,All,z_year_leng_max,.579331590565274,.314410736775221,.143001960086394,.674936309104009,stata_areg_centered_student_vce_unadjusted,232,569047
8867,All,z_year_leng_max,.848788587176412,.58386773338636,.0901881267876507,.632792060360743,stata_areg_centered_student_vce_unadjusted,227,569047
8868,All,z_year_leng_max,.811244098489856,.546323244699804,.11775802950839,.614890609665365,stata_areg_centered_student_vce_unadjusted,192,569047
8869,All,z_year_leng_max,.625835895540078,.360915041750026,.113114168491857,.570816446415885,stata_areg_centered_student_vce_unadjusted,299,569047
8870,All,z_year_leng_max,.609792475299027,.344871621508974,.0625709668879898,.684515296969932,stata_areg_centered_student_vce_unadjusted,328,569047
8871,All,z_year_leng_max,.918378047989713,.653457194199661,.139758586015266,.597438270001342,stata_areg_centered_student_vce_unadjusted,228,569047
8872,All,z_year_leng_max,.601971122825397,.337050269035345,.140920763146791,.554367775427092,stata_areg_centered_student_vce_unadjusted,185,569047
8873,All,z_year_leng_max,.853829031000896,.588908177210843,.148794523647837,.587756982952782,stata_areg_centered_student_vce_unadjusted,426,569047
8876,All,z_year_leng_max,.530945938410278,.266025084620226,.229125791858782,.571560025290278,stata_areg_centered_student_vce_unadjusted,8,569047
8877,All,z_year_leng_max,.675241651834105,.410320798044052,.0902585637895856,.59636508994815,stata_areg_centered_student_vce_unadjusted,494,569047
8878,All,z_year_leng_max,.755435027238835,.490514173448783,.089881975676609,.608416027085076,stata_areg_centered_student_vce_unadjusted,252,569047
8880,All,z_year_leng_max,.964450815787411,.699529961997359,.176295515964006,.724132937411712,stata_areg_centered_student_vce_unadjusted,55,569047
8885,All,z_year_leng_max,.915448546045526,.650527692255473,.125756144478806,.605558492170115,stata_areg_centered_student_vce_unadjusted,191,569047
8888,All,z_year_leng_max,.795451334349703,.530530480559651,.113790319743132,.614721051997108,stata_areg_centered_student_vce_unadjusted,516,569047
8892,All,z_year_leng_max,.588047381578166,.323126527788113,.0567384429478564,.669653490177434,stata_areg_centered_student_vce_unadjusted,335,569047
8893,All,z_year_leng_max,.735553470078934,.470632616288881,.0981369708618009,.525276645502306,stata_areg_centered_student_vce_unadjusted,227,569047
8894,All,z_year_leng_max,.745691756325041,.480770902534989,.0975350890895492,.604687793694971,stata_areg_centered_student_vce_unadjusted,146,569047
8895,All,z_year_leng_max,.146366987053126,-.118553866736926,.185587904158217,.739626029989262,stata_areg_centered_student_vce_unadjusted,23,569047
8900,All,z_year_leng_max,.358773940958938,.093853087168886,.066194102067259,.705011363522852,stata_areg_centered_student_vce_unadjusted,250,569047
8902,All,z_year_leng_max,.838370340158404,.573449486368351,.151106480606118,.635556338695909,stata_areg_centered_student_vce_unadjusted,239,569047
8903,All,z_year_leng_max,1.32249048430388,1.05756963051383,.151037224524224,.579231384682479,stata_areg_centered_student_vce_unadjusted,90,569047
8904,All,z_year_leng_max,1.05474155211033,.789820698320277,.135085413263792,.553605204515864,stata_areg_centered_student_vce_unadjusted,190,569047
8905,All,z_year_leng_max,.311544446420617,.0466235926305651,.0918515691879361,.701736168454136,stata_areg_centered_student_vce_unadjusted,86,569047
8906,All,z_year_leng_max,.788832066760042,.52391121296999,.108559422958174,.578220128837587,stata_areg_centered_student_vce_unadjusted,669,569047
8909,All,z_year_leng_max,.699659225205213,.43473837141516,.103229548559543,.634820577911503,stata_areg_centered_student_vce_unadjusted,264,569047
8911,All,z_year_leng_max,.350461469664972,.0855406158749201,.146113749098938,.740324522419763,stata_areg_centered_student_vce_unadjusted,53,569047
8914,All,z_year_leng_max,.57893545740635,.314014603616297,.108766610435998,.862757084498067,stata_areg_centered_student_vce_unadjusted,66,569047
8917,All,z_year_leng_max,.722668654805452,.457747801015399,.123940093148039,.65429731157078,stata_areg_centered_student_vce_unadjusted,304,569047
8919,All,z_year_leng_max,.598270032326295,.333349178536243,.0749563046637182,.660187951542426,stata_areg_centered_student_vce_unadjusted,245,569047
8921,All,z_year_leng_max,.469666917385582,.204746063595529,.0924721866119513,.809654854076901,stata_areg_centered_student_vce_unadjusted,72,569047
8923,All,z_year_leng_max,.677331490163336,.412410636373284,.124507999016108,.595649733964006,stata_areg_centered_student_vce_unadjusted,353,569047
8925,All,z_year_leng_max,.27435920265185,.00943834886179801,.0275489317570239,.698390291782155,stata_areg_centered_student_vce_unadjusted,657,569047
8926,All,z_year_leng_max,.440664845231908,.175743991441856,.0321810933276612,.636241040311141,stata_areg_centered_student_vce_unadjusted,764,569047
8927,All,z_year_leng_max,.394975691328517,.130054837538465,.0334556707370342,.627108395272859,stata_areg_centered_student_vce_unadjusted,1027,569047
8928,All,z_year_leng_max,.461964906278688,.197044052488635,.0234752941030595,.678530203229235,stata_areg_centered_student_vce_unadjusted,1192,569047
8930,All,z_year_leng_max,.281007215893063,.0160863621030104,.0262136895113606,.660078298578712,stata_areg_centered_student_vce_unadjusted,713,569047
8938,All,z_year_leng_max,.149757774095903,-.11516307969415,.0450379603204663,.616296907175541,stata_areg_centered_student_vce_unadjusted,212,569047
8944,All,z_year_leng_max,.325013090988333,.0600922371982807,.0584639544006167,.620358444408617,stata_areg_centered_student_vce_unadjusted,203,569047
8945,All,z_year_leng_max,.0687047630493507,-.196216090740702,.036813556374613,.598924281575811,stata_areg_centered_student_vce_unadjusted,333,569047
8950,All,z_year_leng_max,.448790078594362,.183869224804309,.069527852309245,.604816420026019,stata_areg_centered_student_vce_unadjusted,190,569047
8953,All,z_year_leng_max,.968541121566912,.703620267776859,.098044815892039,.504260864358689,stata_areg_centered_student_vce_unadjusted,199,569047
8954,All,z_year_leng_max,.348564768680644,.0836439148905919,.0661900920465902,.586436270762384,stata_areg_centered_student_vce_unadjusted,270,569047
8956,All,z_year_leng_max,.489046135357803,.22412528156775,.128395560766312,.654699928746787,stata_areg_centered_student_vce_unadjusted,35,569047
8959,All,z_year_leng_max,.35772176201786,.0928009082278081,.131365137864968,.661127183597349,stata_areg_centered_student_vce_unadjusted,46,569047
8966,All,z_year_leng_max,.823414117229945,.558493263439893,.0788599613194166,.563599276976499,stata_areg_centered_student_vce_unadjusted,422,569047
8969,All,z_year_leng_max,.32972839398388,.0648075401938277,.0928498063381693,.561487776052496,stata_areg_centered_student_vce_unadjusted,145,569047
8972,All,z_year_leng_max,.788242440310517,.523321586520464,.0946586293972872,.543701529271624,stata_areg_centered_student_vce_unadjusted,387,569047
8974,All,z_year_leng_max,.291523758513576,.0266029047235238,.120201528534462,.570259273544578,stata_areg_centered_student_vce_unadjusted,69,569047
8978,All,z_year_leng_max,.649735406025759,.384814552235706,.0888416622345315,.626780332027419,stata_areg_centered_student_vce_unadjusted,346,569047
8979,All,z_year_leng_max,.72950379652898,.464582942738927,.115013941154473,.598375506044477,stata_areg_centered_student_vce_unadjusted,445,569047
8981,All,z_year_leng_max,.62845345985664,.363532606066587,.0903216916903353,.575927742072712,stata_areg_centered_student_vce_unadjusted,152,569047
8984,All,z_year_leng_max,.51787565163483,.252954797844778,.089035513152853,.578278256553812,stata_areg_centered_student_vce_unadjusted,265,569047
8988,All,z_year_leng_max,.587589033232952,.3226681794429,.101952913687326,.61659600191567,stata_areg_centered_student_vce_unadjusted,77,569047
8991,All,z_year_leng_max,.803033597321195,.538112743531142,.100240325163649,.617730300789586,stata_areg_centered_student_vce_unadjusted,415,569047
8992,All,z_year_leng_max,.576346068184716,.311425214394664,.106394515841086,.644965646621082,stata_areg_centered_student_vce_unadjusted,200,569047
8995,All,z_year_leng_max,.537836539264556,.272915685474504,.129865530394464,.585369610413423,stata_areg_centered_student_vce_unadjusted,411,569047
8996,All,z_year_leng_max,.701827250111259,.436906396321207,.0885396362639162,.62086245018582,stata_areg_centered_student_vce_unadjusted,476,569047
8997,All,z_year_leng_max,.23300837359055,-.0319124801995021,.0760469914327203,.709333688603719,stata_areg_centered_student_vce_unadjusted,75,569047
8998,All,z_year_leng_max,.547441802797314,.282520949007262,.104078894848128,.610806992187086,stata_areg_centered_student_vce_unadjusted,114,569047
9003,All,z_year_leng_max,.598236145913402,.33331529212335,.0858625529945222,.629878098235709,stata_areg_centered_student_vce_unadjusted,375,569047
9004,All,z_year_leng_max,.656494864307805,.391574010517753,.64814862834539,.,stata_areg_centered_student_vce_unadjusted,1,569047
9006,All,z_year_leng_max,.0416722195377369,-.223248634252315,.0588147248614179,.612692160001774,stata_areg_centered_student_vce_unadjusted,166,569047
9007,All,z_year_leng_max,.163864364429834,-.101056489360218,.0659169777963231,.691628413500831,stata_areg_centered_student_vce_unadjusted,124,569047
9008,All,z_year_leng_max,.230887480247281,-.0340333735427709,.0566016855490321,.645830374079429,stata_areg_centered_student_vce_unadjusted,165,569047
9020,All,z_year_leng_max,.327990575387293,.0630697215972404,.0779981058848617,.573705488609702,stata_areg_centered_student_vce_unadjusted,220,569047
9033,All,z_year_leng_max,.203986459738152,-.0609343940519008,.0736652155322975,.640342467419514,stata_areg_centered_student_vce_unadjusted,232,569047
9035,All,z_year_leng_max,.324265320641969,.0593444668519165,.105690223349558,.666684105104814,stata_areg_centered_student_vce_unadjusted,87,569047
9038,All,z_year_leng_max,.055653212436394,-.209267641353658,.128463046196941,.799849974530693,stata_areg_centered_student_vce_unadjusted,27,569047
9039,All,z_year_leng_max,.277647829201865,.012726975411813,.0899134656904251,.716190097054128,stata_areg_centered_student_vce_unadjusted,70,569047
9042,All,z_year_leng_max,.430514999995394,.165594146205342,.0899040323858667,.603751250636332,stata_areg_centered_student_vce_unadjusted,235,569047
9046,All,z_year_leng_max,.716659059223369,.451738205433317,.140803889274216,.593126060072782,stata_areg_centered_student_vce_unadjusted,467,569047
9051,All,z_year_leng_max,.831529289830174,.566608436040121,.101677522008196,.623789490839454,stata_areg_centered_student_vce_unadjusted,489,569047
9053,All,z_year_leng_max,.587627445623516,.322706591833463,.0679456557780016,.652566334706376,stata_areg_centered_student_vce_unadjusted,269,569047
9054,All,z_year_leng_max,.776211716758035,.511290862967983,.10719178604818,.581291896973799,stata_areg_centered_student_vce_unadjusted,78,569047
9058,All,z_year_leng_max,.104851597621074,-.160069256168978,.0344016011210518,.615038310350317,stata_areg_centered_student_vce_unadjusted,394,569047
9060,All,z_year_leng_max,.217857121567559,-.0470637322224934,.0533638488429019,.612788700415585,stata_areg_centered_student_vce_unadjusted,153,569047
9061,All,z_year_leng_max,.0792461795915422,-.18567467419851,.0624086228992046,.594546806976887,stata_areg_centered_student_vce_unadjusted,112,569047
9063,All,z_year_leng_max,.116132590910386,-.148788262879667,.0351210640062974,.630637437281511,stata_areg_centered_student_vce_unadjusted,369,569047
9064,All,z_year_leng_max,.0305943581263062,-.234326495663746,.0443075945534077,.617546885755249,stata_areg_centered_student_vce_unadjusted,231,569047
9065,All,z_year_leng_max,.165382939684207,-.0995379141058457,.0427609994677948,.598534359033262,stata_areg_centered_student_vce_unadjusted,248,569047
9069,All,z_year_leng_max,.170464863030081,-.0944559907599717,.109514872468359,.669326606823219,stata_areg_centered_student_vce_unadjusted,45,569047
9071,All,z_year_leng_max,.751151865422494,.486231011632442,.0487383093834575,.556424493336535,stata_areg_centered_student_vce_unadjusted,408,569047
9072,All,z_year_leng_max,.242998741913799,-.0219221118762536,.0649508573447008,.659548004186089,stata_areg_centered_student_vce_unadjusted,132,569047
9073,All,z_year_leng_max,.495344364054588,.230423510264536,.0417605838119525,.635861688431433,stata_areg_centered_student_vce_unadjusted,341,569047
9074,All,z_year_leng_max,.331133368985256,.0662125151952034,.0309544353218792,.681819721624606,stata_areg_centered_student_vce_unadjusted,693,569047
9075,All,z_year_leng_max,.263584810322069,-.00133604346798344,.0956287492395559,.51917983569372,stata_areg_centered_student_vce_unadjusted,47,569047
9077,All,z_year_leng_max,.0190875849746118,-.24583326881544,.0677807068173609,.668896603762004,stata_areg_centered_student_vce_unadjusted,95,569047
9078,All,z_year_leng_max,.536420686679911,.271499832889859,.0725170435557102,.57958696484443,stata_areg_centered_student_vce_unadjusted,216,569047
9082,All,z_year_leng_max,.0986758596852747,-.166244994104778,.0437163896849546,.639817400645897,stata_areg_centered_student_vce_unadjusted,228,569047
9087,All,z_year_leng_max,.137936321381361,-.126984532408692,.0620346072638766,.710816241171442,stata_areg_centered_student_vce_unadjusted,162,569047
9088,All,z_year_leng_max,.0154027220370012,-.249518131753051,.0667377597622012,.626087223861914,stata_areg_centered_student_vce_unadjusted,186,569047
9098,All,z_year_leng_max,2.57998136996087,2.31506051617082,.647763208931167,.,stata_areg_centered_student_vce_unadjusted,1,569047
9100,All,z_year_leng_max,.593415600746613,.328494746956561,.0692261153009586,.679601236918431,stata_areg_centered_student_vce_unadjusted,450,569047
9105,All,z_year_leng_max,.0800552079882279,-.184865645801824,.0871785492264499,.592237688562786,stata_areg_centered_student_vce_unadjusted,93,569047
9106,All,z_year_leng_max,-.0798443109645926,-.344765164754645,.0479622118948006,.617962411725181,stata_areg_centered_student_vce_unadjusted,257,569047
9107,All,z_year_leng_max,.782123948563635,.517203094773582,.245310555887127,.653543961309448,stata_areg_centered_student_vce_unadjusted,7,569047
9111,All,z_year_leng_max,.188060920562208,-.0768599332278446,.102877301188306,.754252428886666,stata_areg_centered_student_vce_unadjusted,49,569047
9117,All,z_year_leng_max,.173629209883631,-.0912916439064212,.109542797448767,.660618243726218,stata_areg_centered_student_vce_unadjusted,72,569047
9121,All,z_year_leng_max,-.271468956782976,-.536389810573028,.45825103865408,.0124363479438505,stata_areg_centered_student_vce_unadjusted,2,569047
9127,All,z_year_leng_max,.0271107654541092,-.237810088335943,.325690053755248,.289018219472622,stata_areg_centered_student_vce_unadjusted,4,569047
9135,All,z_year_leng_max,.416679275704164,.151758421914112,.151066601638947,.598863172795921,stata_areg_centered_student_vce_unadjusted,23,569047
9140,All,z_year_leng_max,.259061187191607,-.00585966659844572,.0807397500664202,.635348209927137,stata_areg_centered_student_vce_unadjusted,119,569047
9147,All,z_year_leng_max,.269599178800819,.00467832501076693,.0960554603281824,.731554937493493,stata_areg_centered_student_vce_unadjusted,87,569047
9150,All,z_year_leng_max,.174635806324274,-.0902850474657784,.0682317794406245,.577773750319362,stata_areg_centered_student_vce_unadjusted,141,569047
9151,All,z_year_leng_max,.43751829730588,.172597443515827,.121652252580054,.664373454420196,stata_areg_centered_student_vce_unadjusted,30,569047
9158,All,z_year_leng_max,.232430392755231,-.0324904610348217,.0570454711813389,.664030845350907,stata_areg_centered_student_vce_unadjusted,271,569047
9159,All,z_year_leng_max,.0504938919157049,-.214426961874347,.0567407341855656,.625471750742137,stata_areg_centered_student_vce_unadjusted,138,569047
9164,All,z_year_leng_max,.178276799712728,-.0866440540773247,.0399942895983806,.616696240224316,stata_areg_centered_student_vce_unadjusted,336,569047
9168,All,z_year_leng_max,.245157235100827,-.0197636186892252,.0698469880574823,.68306562020051,stata_areg_centered_student_vce_unadjusted,183,569047
9172,All,z_year_leng_max,.158859185850625,-.106061667939427,.225833738217775,.625017233022367,stata_areg_centered_student_vce_unadjusted,10,569047
9177,All,z_year_leng_max,.120578802963995,-.144342050826057,.0687833230549026,.637490870157918,stata_areg_centered_student_vce_unadjusted,91,569047
9179,All,z_year_leng_max,.266462796987169,.0015419431971162,.0916244786314549,.666670288663442,stata_areg_centered_student_vce_unadjusted,176,569047
9182,All,z_year_leng_max,.159159682592131,-.105761171197921,.0825567661639639,.643943916707268,stata_areg_centered_student_vce_unadjusted,78,569047
9184,All,z_year_leng_max,.356751833857339,.0918309800672863,.0770944099490279,.695657802605677,stata_areg_centered_student_vce_unadjusted,116,569047
9185,All,z_year_leng_max,.392583280304787,.127662426514735,.0602240110453726,.645629998759423,stata_areg_centered_student_vce_unadjusted,376,569047
9194,All,z_year_leng_max,.138974908147281,-.125945945642772,.0458957346658904,.682669256767902,stata_areg_centered_student_vce_unadjusted,221,569047
9200,All,z_year_leng_max,.297634586589016,.0327137327989636,.0881755258737698,.68333709632397,stata_areg_centered_student_vce_unadjusted,99,569047
9208,All,z_year_leng_max,.0855505899722811,-.179370263817771,.0903935548851751,.671070460497467,stata_areg_centered_student_vce_unadjusted,95,569047
9209,All,z_year_leng_max,.36034686498455,.0954260111944977,.0648743627374224,.614285402014543,stata_areg_centered_student_vce_unadjusted,144,569047
9213,All,z_year_leng_max,.148382211039583,-.116538642750469,.103379555292886,.571348448471475,stata_areg_centered_student_vce_unadjusted,53,569047
9216,All,z_year_leng_max,.667923487006188,.403002633216136,.120053712310558,.601897256163679,stata_areg_centered_student_vce_unadjusted,120,569047
9217,All,z_year_leng_max,.693357639776899,.428436785986846,.0809090239114418,.572603309292147,stata_areg_centered_student_vce_unadjusted,119,569047
9221,All,z_year_leng_max,.283518819867248,.018597966077196,.062372482155257,.776387775498161,stata_areg_centered_student_vce_unadjusted,211,569047
9228,All,z_year_leng_max,.0620812570535207,-.202839596736532,.141387843727806,.67176562448225,stata_areg_centered_student_vce_unadjusted,31,569047
9230,All,z_year_leng_max,.204932259139071,-.059988594650981,.104909684765629,.619658764924546,stata_areg_centered_student_vce_unadjusted,66,569047
9237,All,z_year_leng_max,1.36289742647221,1.09797657268216,.168394984357652,.584282485142307,stata_areg_centered_student_vce_unadjusted,264,569047
9239,All,z_year_leng_max,.51895968548586,.254038831695808,.0970267897995682,.673781114680845,stata_areg_centered_student_vce_unadjusted,94,569047
9244,All,z_year_leng_max,.312257596618463,.0473367428284104,.0804246350828171,.682232110883718,stata_areg_centered_student_vce_unadjusted,159,569047
9246,All,z_year_leng_max,.467964709960572,.20304385617052,.0710129972577674,.607986385379613,stata_areg_centered_student_vce_unadjusted,247,569047
9249,All,z_year_leng_max,.858357761726919,.593436907936867,.110245111859834,.547023838256028,stata_areg_centered_student_vce_unadjusted,188,569047
9250,All,z_year_leng_max,.594325932236963,.329405078446911,.0701727699036687,.624507562654832,stata_areg_centered_student_vce_unadjusted,403,569047
9259,All,z_year_leng_max,.482995924968881,.218075071178829,.0492127789657252,.718195996743714,stata_areg_centered_student_vce_unadjusted,320,569047
9263,All,z_year_leng_max,.154741293874269,-.110179559915783,.113354581047969,.649649231943491,stata_areg_centered_student_vce_unadjusted,38,569047
9267,All,z_year_leng_max,.322782259623576,.0578614058335234,.0478753749515178,.728549128307247,stata_areg_centered_student_vce_unadjusted,370,569047
9270,All,z_year_leng_max,.295454480377343,.0305336265872906,.127624987496275,.544885444598021,stata_areg_centered_student_vce_unadjusted,34,569047
9271,All,z_year_leng_max,.713726505328489,.448805651538436,.104632169419892,.571471889742338,stata_areg_centered_student_vce_unadjusted,186,569047
9276,All,z_year_leng_max,.638388656517811,.373467802727759,.0925841112459797,.591845771635974,stata_areg_centered_student_vce_unadjusted,169,569047
9277,All,z_year_leng_max,.361845863892662,.0969250101026096,.0675985678071771,.700909251565311,stata_areg_centered_student_vce_unadjusted,194,569047
9278,All,z_year_leng_max,.500072874853507,.235152021063455,.0732459178945869,.641445725560787,stata_areg_centered_student_vce_unadjusted,167,569047
9281,All,z_year_leng_max,.125040855812608,-.139879997977444,.0503678733831759,.570390075251361,stata_areg_centered_student_vce_unadjusted,174,569047
9283,All,z_year_leng_max,.271260365040991,.00633951125093873,.0750566593560106,.707474005415951,stata_areg_centered_student_vce_unadjusted,83,569047
9285,All,z_year_leng_max,-.151555418135416,-.416476271925468,.135008601278121,.551458221193977,stata_areg_centered_student_vce_unadjusted,46,569047
9288,All,z_year_leng_max,.00960324743544614,-.255317606354606,.0889830351966297,.582570220896839,stata_areg_centered_student_vce_unadjusted,79,569047
9292,All,z_year_leng_max,-.00421710685806212,-.269137960648114,.0690878650766682,.64923297648898,stata_areg_centered_student_vce_unadjusted,108,569047
9293,All,z_year_leng_max,.162551159588268,-.102369694201784,.142078524578114,.709761393218269,stata_areg_centered_student_vce_unadjusted,35,569047
9294,All,z_year_leng_max,.496266214365613,.23134536057556,.168877506897114,.712096967946236,stata_areg_centered_student_vce_unadjusted,29,569047
9298,All,z_year_leng_max,.309872302715375,.0449514489253226,.0754558408148797,.623655518889915,stata_areg_centered_student_vce_unadjusted,87,569047
9312,All,z_year_leng_max,.321471186086262,.0565503322962099,.0356151566811233,.666106599101891,stata_areg_centered_student_vce_unadjusted,391,569047
9317,All,z_year_leng_max,.198231089285751,-.066689764504301,.0774175490026575,.665112602565137,stata_areg_centered_student_vce_unadjusted,310,569047
9318,All,z_year_leng_max,.573793498792039,.308872645001986,.0796914134903279,.578646957643962,stata_areg_centered_student_vce_unadjusted,87,569047
9324,All,z_year_leng_max,.364914339454227,.0999934856641745,.117096086292685,.748437484842387,stata_areg_centered_student_vce_unadjusted,62,569047
9328,All,z_year_leng_max,.151142165551792,-.11377868823826,.0457032652198161,.640492655418321,stata_areg_centered_student_vce_unadjusted,246,569047
9331,All,z_year_leng_max,.365259388852836,.100338535062784,.244881087787156,1.06918818898404,stata_areg_centered_student_vce_unadjusted,7,569047
9332,All,z_year_leng_max,.0563285649824336,-.208592288807619,.0747092203767478,.617132325545064,stata_areg_centered_student_vce_unadjusted,114,569047
9339,All,z_year_leng_max,.265407820800226,.000486967010173367,.18451971874768,.696190155776095,stata_areg_centered_student_vce_unadjusted,16,569047
9340,All,z_year_leng_max,.337927328482454,.0730064746924021,.0386782122084607,.675558117132778,stata_areg_centered_student_vce_unadjusted,566,569047
9347,All,z_year_leng_max,.201689323548209,-.063231530241843,.0338284166970898,.645977559617984,stata_areg_centered_student_vce_unadjusted,546,569047
9356,All,z_year_leng_max,.319722637651149,.0548017838610969,.0521133211655588,.644885189969682,stata_areg_centered_student_vce_unadjusted,443,569047
9362,All,z_year_leng_max,.242855728312732,-.0220651254773198,.0602375582341549,.591346001420023,stata_areg_centered_student_vce_unadjusted,223,569047
9369,All,z_year_leng_max,.273245335985137,.00832448219508453,.0711911524089965,.694164129607846,stata_areg_centered_student_vce_unadjusted,229,569047
9373,All,z_year_leng_max,.220645793531503,-.0442750602585489,.0833806673236662,.62734940055858,stata_areg_centered_student_vce_unadjusted,203,569047
9375,All,z_year_leng_max,.0214946954470833,-.243426158342969,.0545167695119127,.648735045306013,stata_areg_centered_student_vce_unadjusted,161,569047
9377,All,z_year_leng_max,.0457370415136371,-.219183812276415,.0484829819083666,.702370424737847,stata_areg_centered_student_vce_unadjusted,222,569047
9385,All,z_year_leng_max,.405555613675746,.140634759885694,.0609586522602992,.681669826384362,stata_areg_centered_student_vce_unadjusted,223,569047
9396,All,z_year_leng_max,.374015959665339,.109095105875286,.104565077664569,.614463341657896,stata_areg_centered_student_vce_unadjusted,68,569047
9405,All,z_year_leng_max,.161003366006618,-.103917487783434,.0632926402597937,.716397050950423,stata_areg_centered_student_vce_unadjusted,114,569047
9406,All,z_year_leng_max,.334358122302872,.0694372685128197,.0467045487935972,.662738499575788,stata_areg_centered_student_vce_unadjusted,328,569047
9407,All,z_year_leng_max,.147144198196681,-.117776655593371,.0381359387398906,.625287643766232,stata_areg_centered_student_vce_unadjusted,312,569047
9408,All,z_year_leng_max,.0880647502600421,-.17685610353001,.076626204882441,.560776014263846,stata_areg_centered_student_vce_unadjusted,74,569047
9409,All,z_year_leng_max,.110700904984458,-.154219948805595,.0358799329469523,.610029264074999,stata_areg_centered_student_vce_unadjusted,343,569047
9410,All,z_year_leng_max,-.0597493420098553,-.324670195799908,.109588194210131,.57531603154195,stata_areg_centered_student_vce_unadjusted,39,569047
9411,All,z_year_leng_max,.112727570548269,-.152193283241783,.0985500213212021,.724039721793147,stata_areg_centered_student_vce_unadjusted,55,569047
9419,All,z_year_leng_max,-.0540366890938775,-.31895754288393,.204259116562768,.514436666882837,stata_areg_centered_student_vce_unadjusted,14,569047
9422,All,z_year_leng_max,-.538606330256582,-.803527184046634,.380515040321972,.340426826441745,stata_areg_centered_student_vce_unadjusted,3,569047
9460,All,z_year_leng_max,-.0699024950576434,-.334823348847696,.15349581474481,.864978765276056,stata_areg_centered_student_vce_unadjusted,18,569047
9472,All,z_year_leng_max,.0839963636362618,-.180924490153791,.0291764006145837,.637228894688211,stata_areg_centered_student_vce_unadjusted,538,569047
9474,All,z_year_leng_max,.0754602210271123,-.18946063276294,.0451759247234945,.603502301114188,stata_areg_centered_student_vce_unadjusted,217,569047
9484,All,z_year_leng_max,.122747937252225,-.142172916537828,.061975148895799,.593436040697133,stata_areg_centered_student_vce_unadjusted,246,569047
9486,All,z_year_leng_max,.160966983941165,-.103953869848888,.078421334080022,.688065607704984,stata_areg_centered_student_vce_unadjusted,145,569047
9487,All,z_year_leng_max,.0101399474957133,-.254780906294339,.0812146039648563,.742535759416703,stata_areg_centered_student_vce_unadjusted,65,569047
9489,All,z_year_leng_max,.0999773370071495,-.164943516782903,.0517226500853634,.700121130464826,stata_areg_centered_student_vce_unadjusted,174,569047
9500,All,z_year_leng_max,.241892056007995,-.0230287977820575,.123273705240827,.518073303680029,stata_areg_centered_student_vce_unadjusted,85,569047
9502,All,z_year_leng_max,.1710585243699,-.0938623294201521,.0912520604311956,.709996569570547,stata_areg_centered_student_vce_unadjusted,117,569047
9504,All,z_year_leng_max,.243044093785364,-.0218767600046881,.0377595807664342,.654158763545029,stata_areg_centered_student_vce_unadjusted,499,569047
9505,All,z_year_leng_max,.45503671455875,.190115860768698,.0660632412114289,.643933895190584,stata_areg_centered_student_vce_unadjusted,272,569047
9509,All,z_year_leng_max,.192262941980718,-.0726579118093343,.131424961818168,.641530201386347,stata_areg_centered_student_vce_unadjusted,68,569047
9519,All,z_year_leng_max,.255510042341183,-.00941081144886924,.0822854948511959,.610745625227605,stata_areg_centered_student_vce_unadjusted,254,569047
9534,All,z_year_leng_max,.163715393135723,-.101205460654329,.0474672910392127,.639326125030444,stata_areg_centered_student_vce_unadjusted,335,569047
9553,All,z_year_leng_max,.127512603951187,-.137408249838866,.0923760089282786,.582027644952013,stata_areg_centered_student_vce_unadjusted,107,569047
9564,All,z_year_leng_max,.283803136595301,.0188822828052486,.0962539545832075,.674462070421265,stata_areg_centered_student_vce_unadjusted,325,569047
9570,All,z_year_leng_max,.233280742299176,-.0316401114908758,.126239509907036,.625854630772457,stata_areg_centered_student_vce_unadjusted,324,569047
9579,All,z_year_leng_max,.0221833447302518,-.2427375090598,.0410270064914275,.654474588193418,stata_areg_centered_student_vce_unadjusted,266,569047
9581,All,z_year_leng_max,.00588450577069524,-.259036348019357,.0418888398743812,.613733191766932,stata_areg_centered_student_vce_unadjusted,248,569047
9582,All,z_year_leng_max,.0545197582635882,-.210401095526464,.0730368434009648,.458265111839264,stata_areg_centered_student_vce_unadjusted,87,569047
9583,All,z_year_leng_max,-.08650875888171,-.351429612671762,.0526409802142224,.598290021575444,stata_areg_centered_student_vce_unadjusted,182,569047
9584,All,z_year_leng_max,.0943175128369911,-.170603340953061,.0528155230061602,.595519586427475,stata_areg_centered_student_vce_unadjusted,161,569047
9586,All,z_year_leng_max,.293560474901402,.0286396211113497,.645904070435194,.,stata_areg_centered_student_vce_unadjusted,1,569047
9587,All,z_year_leng_max,.22633458983019,-.0385862639598627,.0878415470926341,.605986442522321,stata_areg_centered_student_vce_unadjusted,79,569047
9599,All,z_year_leng_max,.11879995836126,-.146120895428792,.0925102711887385,.641971184427082,stata_areg_centered_student_vce_unadjusted,68,569047
9601,All,z_year_leng_max,.0621794792972105,-.202741374492842,.0882032222317196,.557126531320229,stata_areg_centered_student_vce_unadjusted,56,569047
9608,All,z_year_leng_max,-.0753065563164505,-.340227410106503,.096410659000233,.693322437582983,stata_areg_centered_student_vce_unadjusted,47,569047
9617,All,z_year_leng_max,-1.4117737930905,-1.67669464688056,.645144992752068,.,stata_areg_centered_student_vce_unadjusted,1,569047
9631,All,z_year_leng_max,.13103308679855,-.133887766991503,.37295716978978,.060888741550675,stata_areg_centered_student_vce_unadjusted,3,569047
9634,All,z_year_leng_max,.0373833259272393,-.227537527862813,.0620870312682051,.631191193011018,stata_areg_centered_student_vce_unadjusted,250,569047
9637,All,z_year_leng_max,.131125846740196,-.133795007049856,.049521498020177,.632835593174949,stata_areg_centered_student_vce_unadjusted,431,569047
9638,All,z_year_leng_max,.10951350956471,-.155407344225342,.104472654518412,.731350044708849,stata_areg_centered_student_vce_unadjusted,74,569047
9646,All,z_year_leng_max,.254046149227378,-.0108747045626745,.0394570518114896,.690368722798178,stata_areg_centered_student_vce_unadjusted,354,569047
9647,All,z_year_leng_max,.244786789365087,-.0201340644249656,.0594566152927551,.689592683422956,stata_areg_centered_student_vce_unadjusted,317,569047
9655,All,z_year_leng_max,.239429962746259,-.0254908910437935,.0588793113879203,.670272687728882,stata_areg_centered_student_vce_unadjusted,268,569047
9656,All,z_year_leng_max,.217224808441288,-.0476960453487647,.0602745773734809,.671682567592638,stata_areg_centered_student_vce_unadjusted,331,569047
9659,All,z_year_leng_max,.219722672494682,-.0451981812953702,.0521239785176231,.649523296516923,stata_areg_centered_student_vce_unadjusted,248,569047
9660,All,z_year_leng_max,.0804372328377197,-.184483620952333,.0477713020990223,.698341484342297,stata_areg_centered_student_vce_unadjusted,314,569047
9665,All,z_year_leng_max,.126857045039553,-.138063808750499,.0576303945491852,.591776775593744,stata_areg_centered_student_vce_unadjusted,178,569047
9666,All,z_year_leng_max,.0780560666014449,-.186864787188607,.272646261510146,.753835992426502,stata_areg_centered_student_vce_unadjusted,6,569047
9668,All,z_year_leng_max,.309108171281326,.0441873174912736,.204643570276253,.691971295326605,stata_areg_centered_student_vce_unadjusted,14,569047
9673,All,z_year_leng_max,.331684837966323,.0667639841762712,.0690073076162429,.690798553820124,stata_areg_centered_student_vce_unadjusted,138,569047
9684,All,z_year_leng_max,.340665505607859,.0757446518178062,.072563684479382,.622283715557296,stata_areg_centered_student_vce_unadjusted,219,569047
9686,All,z_year_leng_max,.0333926801746248,-.231528173615427,.0639007322305185,.645311775163237,stata_areg_centered_student_vce_unadjusted,110,569047
9687,All,z_year_leng_max,.213420390736865,-.0515004630531871,.0654719478629798,.659233997110456,stata_areg_centered_student_vce_unadjusted,103,569047
9688,All,z_year_leng_max,.183187725598103,-.0817331281919489,.0591150655123735,.638914018758522,stata_areg_centered_student_vce_unadjusted,130,569047
9690,All,z_year_leng_max,.0734925670919381,-.191428286698114,.146613727023373,.583567074672031,stata_areg_centered_student_vce_unadjusted,20,569047
9693,All,z_year_leng_max,.157554923762685,-.107365930027367,.033482001507708,.627275529954979,stata_areg_centered_student_vce_unadjusted,409,569047
9694,All,z_year_leng_max,.137136877091583,-.127783976698469,.0697286248332525,.643899988734119,stata_areg_centered_student_vce_unadjusted,94,569047
9695,All,z_year_leng_max,.0966505225135883,-.168270331276464,.149086752096107,.605701322906271,stata_areg_centered_student_vce_unadjusted,22,569047
9697,All,z_year_leng_max,-.151672613504136,-.416593467294188,.102805497685134,.52412419401795,stata_areg_centered_student_vce_unadjusted,44,569047
9701,All,z_year_leng_max,.199585638993935,-.0653352147961169,.125904245508644,.757263775063525,stata_areg_centered_student_vce_unadjusted,33,569047
9722,All,z_year_leng_max,.141377564754209,-.123543289035844,.130255337904637,.653522208974231,stata_areg_centered_student_vce_unadjusted,25,569047
9726,All,z_year_leng_max,.258760710686187,-.00616014310386492,.119054327134971,.56722944817891,stata_areg_centered_student_vce_unadjusted,31,569047
9747,All,z_year_leng_max,.412760566684558,.147839712894505,.323706834419253,.696901629188803,stata_areg_centered_student_vce_unadjusted,4,569047
9754,All,z_year_leng_max,.0551635815041155,-.209757272285937,.0470724156135687,.596714703672734,stata_areg_centered_student_vce_unadjusted,199,569047
9757,All,z_year_leng_max,.371221021836572,.10630016804652,.0634739942644782,.616917515238396,stata_areg_centered_student_vce_unadjusted,216,569047
9758,All,z_year_leng_max,.336548566830425,.071627713040373,.0729952451840211,.601379905284542,stata_areg_centered_student_vce_unadjusted,262,569047
9759,All,z_year_leng_max,.215572821986355,-.049348031803697,.0455402396739706,.646305226240942,stata_areg_centered_student_vce_unadjusted,282,569047
9766,All,z_year_leng_max,.352158424843248,.0872375710531955,.114932176445934,.654800022934703,stata_areg_centered_student_vce_unadjusted,147,569047
9767,All,z_year_leng_max,.436474593656298,.171553739866246,.109974217341006,.658423143452939,stata_areg_centered_student_vce_unadjusted,296,569047
9768,All,z_year_leng_max,.30826371753973,.0433428637496782,.0576649397699906,.599450134203646,stata_areg_centered_student_vce_unadjusted,394,569047
9771,All,z_year_leng_max,.303565374265285,.0386445204752323,.0487724142098794,.638354443391986,stata_areg_centered_student_vce_unadjusted,230,569047
9779,All,z_year_leng_max,.208203592032434,-.0567172617576178,.0542916392520322,.56428096274997,stata_areg_centered_student_vce_unadjusted,151,569047
9780,All,z_year_leng_max,.109556114520033,-.15536473927002,.0825733344700775,.524461432844849,stata_areg_centered_student_vce_unadjusted,77,569047
9781,All,z_year_leng_max,.0732172048061386,-.191703648983914,.0336081021514489,.584016243579834,stata_areg_centered_student_vce_unadjusted,406,569047
9784,All,z_year_leng_max,.157452703054063,-.107468150735989,.130687311443677,.605683740064142,stata_areg_centered_student_vce_unadjusted,26,569047
9796,All,z_year_leng_max,.0994920957857646,-.165428758004288,.0912696576721402,.610493677574246,stata_areg_centered_student_vce_unadjusted,110,569047
9797,All,z_year_leng_max,.0773870634212567,-.187533790368796,.0899295043771169,.641904474610006,stata_areg_centered_student_vce_unadjusted,122,569047
9799,All,z_year_leng_max,.200391009916519,-.0645298438735336,.0493314132642281,.620984755569502,stata_areg_centered_student_vce_unadjusted,398,569047
9800,All,z_year_leng_max,.397498606589244,.132577752799192,.0641394001093361,.619722275734744,stata_areg_centered_student_vce_unadjusted,269,569047
9801,All,z_year_leng_max,.228947152843319,-.0359737009467332,.0604430408273119,.578232237683476,stata_areg_centered_student_vce_unadjusted,176,569047
9810,All,z_year_leng_max,.321552680962469,.0566318271724163,.0700995092552142,.681318586836125,stata_areg_centered_student_vce_unadjusted,146,569047
9824,All,z_year_leng_max,.092366097601443,-.172554756188609,.0572245483043479,.665485329631957,stata_areg_centered_student_vce_unadjusted,213,569047
9827,All,z_year_leng_max,.137180261670974,-.127740592119078,.0356193808498397,.619942407754018,stata_areg_centered_student_vce_unadjusted,463,569047
9828,All,z_year_leng_max,.275007950985249,.0100870971951967,.107860149067734,.641459790563027,stata_areg_centered_student_vce_unadjusted,45,569047
9829,All,z_year_leng_max,.0786698878492428,-.18625096594081,.0382887465666475,.557520381399256,stata_areg_centered_student_vce_unadjusted,312,569047
9834,All,z_year_leng_max,.109015658587365,-.155905195202687,.0463122511022483,.634291057298126,stata_areg_centered_student_vce_unadjusted,264,569047
9844,All,z_year_leng_max,.189479863460706,-.0754409903293461,.0846672483902782,.660169476465786,stata_areg_centered_student_vce_unadjusted,141,569047
9845,All,z_year_leng_max,.17814333017187,-.0867775236181824,.067890136736536,.682598022782696,stata_areg_centered_student_vce_unadjusted,211,569047
9852,All,z_year_leng_max,.29455002350867,.0296291697186176,.0555499601170404,.666332638259113,stata_areg_centered_student_vce_unadjusted,364,569047
9853,All,z_year_leng_max,-.00887970416323275,-.273800557953285,.0937320909470051,.681698779854081,stata_areg_centered_student_vce_unadjusted,68,569047
9855,All,z_year_leng_max,.341678449542932,.0767575957528794,.117232753602317,.638102057278965,stata_areg_centered_student_vce_unadjusted,62,569047
9860,All,z_year_leng_max,.137571380631206,-.127349473158847,.0346722275139462,.666921853592279,stata_areg_centered_student_vce_unadjusted,374,569047
9861,All,z_year_leng_max,-.130829733192492,-.395750586982544,.101002282380428,.662512864132782,stata_areg_centered_student_vce_unadjusted,60,569047
9862,All,z_year_leng_max,.0533616161169924,-.21155923767306,.0489495533205033,.595107901189417,stata_areg_centered_student_vce_unadjusted,199,569047
9863,All,z_year_leng_max,.137243907478287,-.127676946311765,.0595526683688137,.602746953553918,stata_areg_centered_student_vce_unadjusted,146,569047
9864,All,z_year_leng_max,.107117097801834,-.157803755988218,.0663701120468779,.738955068242985,stata_areg_centered_student_vce_unadjusted,124,569047
9865,All,z_year_leng_max,.227650156677644,-.0372706971124088,.0889367453345135,.609143400835751,stata_areg_centered_student_vce_unadjusted,84,569047
9866,All,z_year_leng_max,.189875886877692,-.07504496691236,.0487636198117363,.625337454323179,stata_areg_centered_student_vce_unadjusted,194,569047
9867,All,z_year_leng_max,-.0116550790497175,-.27657593283977,.0450214833385981,.665746722623046,stata_areg_centered_student_vce_unadjusted,242,569047
9877,All,z_year_leng_max,.316957845799085,.0520369920090323,.374243827510354,.4391112453648,stata_areg_centered_student_vce_unadjusted,3,569047
9887,All,z_year_leng_max,.204707438667512,-.0602134151225404,.115592493510526,.792972880361043,stata_areg_centered_student_vce_unadjusted,38,569047
9889,All,z_year_leng_max,-.00797467791146131,-.272895531701514,.0655454766064721,.628497736285014,stata_areg_centered_student_vce_unadjusted,130,569047
9896,All,z_year_leng_max,.223136984073103,-.041783869716949,.0513286947427168,.636816686344738,stata_areg_centered_student_vce_unadjusted,170,569047
9897,All,z_year_leng_max,.0945791509596002,-.170341702830452,.0283409687054876,.59744239196613,stata_areg_centered_student_vce_unadjusted,611,569047
9900,All,z_year_leng_max,.211342941186275,-.0535779126037776,.0387591562139064,.6594978112715,stata_areg_centered_student_vce_unadjusted,328,569047
9903,All,z_year_leng_max,.302605008809695,.0376841550196425,.0512905987484718,.630178635885615,stata_areg_centered_student_vce_unadjusted,292,569047
9905,All,z_year_leng_max,.533012775114524,.268091921324472,.0938771499021763,.653979500352452,stata_areg_centered_student_vce_unadjusted,308,569047
9906,All,z_year_leng_max,.163121575644889,-.101799278145163,.050737653857142,.670485269766083,stata_areg_centered_student_vce_unadjusted,215,569047
9907,All,z_year_leng_max,.372894916566047,.107974062775995,.0560123923950912,.683011431117552,stata_areg_centered_student_vce_unadjusted,256,569047
9909,All,z_year_leng_max,-.00941244122369631,-.274333295013749,.0344796175276607,.655649611648198,stata_areg_centered_student_vce_unadjusted,547,569047
9910,All,z_year_leng_max,.212453659916246,-.0524671938738059,.090819398704476,.690825518895023,stata_areg_centered_student_vce_unadjusted,82,569047
9911,All,z_year_leng_max,.101689706253504,-.163231147536548,.0584619614171946,.634559292962925,stata_areg_centered_student_vce_unadjusted,271,569047
9912,All,z_year_leng_max,.250117440688471,-.0148034131015808,.0757456878212339,.686430525625821,stata_areg_centered_student_vce_unadjusted,139,569047
9913,All,z_year_leng_max,-.625222275397675,-.890143129187727,.644566401283624,.,stata_areg_centered_student_vce_unadjusted,1,569047
9917,All,z_year_leng_max,.0234737460850482,-.241447107705004,.0396348809394088,.613134228254755,stata_areg_centered_student_vce_unadjusted,446,569047
9919,All,z_year_leng_max,.274187894256114,.00926704046606214,.0859449948047116,.696593141367505,stata_areg_centered_student_vce_unadjusted,138,569047
9924,All,z_year_leng_max,.374753074704459,.109832220914407,.0935436815368274,.672214651558639,stata_areg_centered_student_vce_unadjusted,371,569047
9926,All,z_year_leng_max,.207707792355764,-.0572130614342884,.0876343384258127,.633516197956024,stata_areg_centered_student_vce_unadjusted,108,569047
9930,All,z_year_leng_max,.0743876876037976,-.190533166186255,.0905631072358712,.634861066143937,stata_areg_centered_student_vce_unadjusted,99,569047
9937,All,z_year_leng_max,.343835242780548,.0789143889904959,.0554448441891138,.644245884850775,stata_areg_centered_student_vce_unadjusted,235,569047
9940,All,z_year_leng_max,.170206946652328,-.0947139071377244,.0681128301047641,.651175348521119,stata_areg_centered_student_vce_unadjusted,285,569047
9942,All,z_year_leng_max,.207545107786127,-.0573757460039249,.163531729723715,.627476279610216,stata_areg_centered_student_vce_unadjusted,19,569047
9945,All,z_year_leng_max,-.0379033308353213,-.302824184625374,.102184710335938,.720975914093376,stata_areg_centered_student_vce_unadjusted,48,569047
9947,All,z_year_leng_max,.0657623363319235,-.199158517458129,.0606901835815164,.648885574811796,stata_areg_centered_student_vce_unadjusted,477,569047
9950,All,z_year_leng_max,.460739928512883,.195819074722831,.0837118928189033,.634581247425231,stata_areg_centered_student_vce_unadjusted,129,569047
9955,All,z_year_leng_max,.0471181344773844,-.217802719312668,.081899585065839,.668258167911333,stata_areg_centered_student_vce_unadjusted,77,569047
9957,All,z_year_leng_max,-.0485254964441457,-.313446350234198,.0349924435571701,.613190396993721,stata_areg_centered_student_vce_unadjusted,368,569047
9959,All,z_year_leng_max,.167976835552215,-.0969440182378378,.0428552017072468,.636195412823724,stata_areg_centered_student_vce_unadjusted,518,569047
9960,All,z_year_leng_max,.322597876840192,.0576770230501398,.101819449233651,.575222381645966,stata_areg_centered_student_vce_unadjusted,101,569047
9967,All,z_year_leng_max,.433304357490753,.1683835037007,.0856063918728303,.637757314984053,stata_areg_centered_student_vce_unadjusted,199,569047
9970,All,z_year_leng_max,.395492454043571,.130571600253519,.107234237406829,.703033664448541,stata_areg_centered_student_vce_unadjusted,49,569047
9972,All,z_year_leng_max,.247051658680906,-.0178691951091464,.0659669349222646,.674175445323929,stata_areg_centered_student_vce_unadjusted,155,569047
9973,All,z_year_leng_max,.600027248362414,.335106394572362,.107807805972039,.597972345376935,stata_areg_centered_student_vce_unadjusted,121,569047
9979,All,z_year_leng_max,.304328492074858,.0394076382848056,.127841361432691,.626586085801174,stata_areg_centered_student_vce_unadjusted,81,569047
9981,All,z_year_leng_max,.0526174317984906,-.212303421991562,.0422572189026914,.623898607232682,stata_areg_centered_student_vce_unadjusted,252,569047
9982,All,z_year_leng_max,.0324667103751917,-.232454143414861,.0361633040375271,.617359640247211,stata_areg_centered_student_vce_unadjusted,371,569047
9985,All,z_year_leng_max,.130548391196352,-.134372462593701,.0635391834991817,.612216175487533,stata_areg_centered_student_vce_unadjusted,107,569047
9986,All,z_year_leng_max,.127910170340305,-.137010683449747,.0736748288278944,.629123802372663,stata_areg_centered_student_vce_unadjusted,80,569047
10023,All,z_year_leng_max,.327892357404335,.0629715036142831,.0654433318394172,.606153557108172,stata_areg_centered_student_vce_unadjusted,156,569047
10030,All,z_year_leng_max,.306061053489259,.0411401996992066,.051436247475995,.673211307319618,stata_areg_centered_student_vce_unadjusted,489,569047
10042,All,z_year_leng_max,.49537341851597,.230452564725918,.0776864732379881,.652249781933367,stata_areg_centered_student_vce_unadjusted,320,569047
10044,All,z_year_leng_max,.0793120679102702,-.185608785879782,.0425539422766898,.613066997797223,stata_areg_centered_student_vce_unadjusted,250,569047
10052,All,z_year_leng_max,.012191489339643,-.252729364450409,.0918853626585401,.604608664274719,stata_areg_centered_student_vce_unadjusted,51,569047
10058,All,z_year_leng_max,.0922112095367348,-.172709644253318,.0762175142872777,.669476157368134,stata_areg_centered_student_vce_unadjusted,115,569047
10069,All,z_year_leng_max,.229586226945021,-.035334626845031,.0601013223456482,.641439842852856,stata_areg_centered_student_vce_unadjusted,224,569047
10073,All,z_year_leng_max,.0349521677158655,-.229968686074187,.0358256648799263,.660361474984488,stata_areg_centered_student_vce_unadjusted,357,569047
10075,All,z_year_leng_max,.0899362859271054,-.174984567862947,.0762116787756736,.691089030253224,stata_areg_centered_student_vce_unadjusted,79,569047
10076,All,z_year_leng_max,.0664260421288286,-.198494811661224,.0527230020034432,.477518110634816,stata_areg_centered_student_vce_unadjusted,186,569047
10077,All,z_year_leng_max,-.0340039046656466,-.298924758455699,.0785816020655415,.547020161873558,stata_areg_centered_student_vce_unadjusted,71,569047
10087,All,z_year_leng_max,-.261314450599302,-.526235304389354,.64641032955989,.,stata_areg_centered_student_vce_unadjusted,1,569047
10091,All,z_year_leng_max,.104593093919928,-.160327759870124,.090360016499996,.643073994270059,stata_areg_centered_student_vce_unadjusted,63,569047
10106,All,z_year_leng_max,.392484421455601,.127563567665548,.0758375687373012,.654637914951379,stata_areg_centered_student_vce_unadjusted,97,569047
10120,All,z_year_leng_max,.443476667736042,.17855581394599,.289780636514447,.78848802053028,stata_areg_centered_student_vce_unadjusted,5,569047
10126,All,z_year_leng_max,.17110121674226,-.0938196370477926,.135466057268633,.633200985280778,stata_areg_centered_student_vce_unadjusted,34,569047
10128,All,z_year_leng_max,.0710488938057587,-.193871959984294,.231005384754698,.750108528336581,stata_areg_centered_student_vce_unadjusted,8,569047
10130,All,z_year_leng_max,.367546330513178,.102625476723126,.112283913785987,.598833689302729,stata_areg_centered_student_vce_unadjusted,92,569047
10140,All,z_year_leng_max,.22650899542245,-.0384118583676025,.115968270099432,.609456858250396,stata_areg_centered_student_vce_unadjusted,79,569047
10158,All,z_year_leng_max,.117917029235907,-.147003824554145,.0619462051182477,.689383948576764,stata_areg_centered_student_vce_unadjusted,223,569047
10162,All,z_year_leng_max,.127275213271594,-.137645640518459,.0656387905896911,.641214549260123,stata_areg_centered_student_vce_unadjusted,137,569047
10164,All,z_year_leng_max,.256517739769338,-.00840311402071409,.0757907397343789,.57258643323721,stata_areg_centered_student_vce_unadjusted,126,569047
10187,All,z_year_leng_max,.374601766804451,.109680913014399,.0566156787823408,.677738109401158,stata_areg_centered_student_vce_unadjusted,271,569047
10193,All,z_year_leng_max,.2092835194688,-.0556373343212523,.0770398980356724,.634892824835293,stata_areg_centered_student_vce_unadjusted,119,569047
10196,All,z_year_leng_max,.0765092714519153,-.188411582338137,.0354736727761563,.61009598579175,stata_areg_centered_student_vce_unadjusted,421,569047
10199,All,z_year_leng_max,.0437969145142628,-.221123939275789,.110557816735755,.637697878421103,stata_areg_centered_student_vce_unadjusted,70,569047
10201,All,z_year_leng_max,-.593976448141164,-.858897301931216,.374643510864236,.685336527011081,stata_areg_centered_student_vce_unadjusted,3,569047
10220,All,z_year_leng_max,.408384342201564,.143463488411511,.0664856780000113,.756624311907867,stata_areg_centered_student_vce_unadjusted,189,569047
10223,All,z_year_leng_max,.132778099785281,-.132142754004771,.0360431544467883,.659671507512742,stata_areg_centered_student_vce_unadjusted,423,569047
10224,All,z_year_leng_max,.37815944734777,.113238593557718,.0580753697126415,.65545885561116,stata_areg_centered_student_vce_unadjusted,259,569047
10232,All,z_year_leng_max,.0820714013677729,-.182849452422279,.0576642390636962,.656826869000031,stata_areg_centered_student_vce_unadjusted,226,569047
10240,All,z_year_leng_max,.121081575035223,-.14383927875483,.0764624876773527,.660503030384839,stata_areg_centered_student_vce_unadjusted,107,569047
10246,All,z_year_leng_max,.097148080137067,-.167772773652985,.0617882990051533,.647294259134353,stata_areg_centered_student_vce_unadjusted,416,569047
10248,All,z_year_leng_max,.132022815171573,-.132898038618479,.0463717446954852,.638886405682351,stata_areg_centered_student_vce_unadjusted,215,569047
10250,All,z_year_leng_max,-.0225246049687052,-.287445458758757,.0808139387842216,.614254847731477,stata_areg_centered_student_vce_unadjusted,90,569047
10251,All,z_year_leng_max,.177314041607383,-.0876068121826691,.0914208969152871,.762581506370386,stata_areg_centered_student_vce_unadjusted,74,569047
10252,All,z_year_leng_max,.317093012996473,.0521721592064211,.103527955047379,.680288342456206,stata_areg_centered_student_vce_unadjusted,70,569047
10253,All,z_year_leng_max,.153733165753005,-.111187688037048,.0445716068634558,.638327781657327,stata_areg_centered_student_vce_unadjusted,290,569047
10254,All,z_year_leng_max,.106575283536776,-.158345570253276,.10400939215236,.51236341202839,stata_areg_centered_student_vce_unadjusted,41,569047
10255,All,z_year_leng_max,.0458106387463539,-.219110215043698,.0467806108319607,.630789195474455,stata_areg_centered_student_vce_unadjusted,214,569047
10259,All,z_year_leng_max,.119340311353665,-.145580542436387,.0943310474155009,.645217691225033,stata_areg_centered_student_vce_unadjusted,69,569047
10269,All,z_year_leng_max,.26790555046075,.00298469667069812,.09833312177225,.648789120451784,stata_areg_centered_student_vce_unadjusted,60,569047
10313,All,z_year_leng_max,.325995796025341,.0610749422352889,.0580777513219585,.618089408624263,stata_areg_centered_student_vce_unadjusted,191,569047
10315,All,z_year_leng_max,.0359594742074765,-.228961379582576,.102963046962326,.695871157994194,stata_areg_centered_student_vce_unadjusted,132,569047
10320,All,z_year_leng_max,.16090650844506,-.104014345344992,.0550108823526497,.641547539499298,stata_areg_centered_student_vce_unadjusted,204,569047
10329,All,z_year_leng_max,.296666774422541,.0317459206324889,.0867292696346822,.656296884708101,stata_areg_centered_student_vce_unadjusted,70,569047
10337,All,z_year_leng_max,.179451296538524,-.0854695572515287,.0835933311773724,.651682137567893,stata_areg_centered_student_vce_unadjusted,129,569047
10344,All,z_year_leng_max,.25346303246938,-.0114578213206722,.065520897637581,.681387157048572,stata_areg_centered_student_vce_unadjusted,227,569047
10350,All,z_year_leng_max,.166319118267169,-.0986017355228837,.065527743259377,.631336705706973,stata_areg_centered_student_vce_unadjusted,210,569047
10352,All,z_year_leng_max,.467796160325484,.202875306535431,.0982820959354467,.730870495976153,stata_areg_centered_student_vce_unadjusted,78,569047
10377,All,z_year_leng_max,.231470707901659,-.033450145888393,.113995005160905,.774680619889789,stata_areg_centered_student_vce_unadjusted,41,569047
10385,All,z_year_leng_max,.173258193019929,-.0916626607701229,.0790147868968077,.560663331548473,stata_areg_centered_student_vce_unadjusted,116,569047
10396,All,z_year_leng_max,.143773421804663,-.121147431985389,.0471981736771588,.627639482932818,stata_areg_centered_student_vce_unadjusted,211,569047
10397,All,z_year_leng_max,-.0133079394801044,-.278228793270157,.0708623742987347,.663053319446937,stata_areg_centered_student_vce_unadjusted,86,569047
10398,All,z_year_leng_max,-.332977663079179,-.597898516869231,.645019803395452,.,stata_areg_centered_student_vce_unadjusted,1,569047
10399,All,z_year_leng_max,-.0240570551577585,-.288977908947811,.0443082313653989,.591396636580632,stata_areg_centered_student_vce_unadjusted,326,569047
10401,All,z_year_leng_max,.365122861631553,.100202007841501,.0913366555510376,.655029967225873,stata_areg_centered_student_vce_unadjusted,67,569047
10404,All,z_year_leng_max,1.05676526972795,.791844415937897,.64976529832033,.,stata_areg_centered_student_vce_unadjusted,1,569047
10405,All,z_year_leng_max,.139451980577208,-.125468873212844,.0593999552206867,.636023043708652,stata_areg_centered_student_vce_unadjusted,167,569047
10408,All,z_year_leng_max,.0441429441678782,-.220777909622174,.0672360467331872,.652333867675966,stata_areg_centered_student_vce_unadjusted,115,569047
10415,All,z_year_leng_max,.11897480640473,-.145946047385322,.0460307325384192,.602719254924417,stata_areg_centered_student_vce_unadjusted,468,569047
10419,All,z_year_leng_max,.123224239282429,-.141696614507623,.0402603897189923,.571490497505222,stata_areg_centered_student_vce_unadjusted,434,569047
10422,All,z_year_leng_max,.285828255459261,.0209074016692082,.324377439923215,.22037370757525,stata_areg_centered_student_vce_unadjusted,4,569047
10432,All,z_year_leng_max,-.0182862068809074,-.28320706067096,.0774551950665331,.618411944663389,stata_areg_centered_student_vce_unadjusted,172,569047
10433,All,z_year_leng_max,.0976260439921575,-.167294809797895,.0947744013519047,.709884794224654,stata_areg_centered_student_vce_unadjusted,85,569047
10450,All,z_year_leng_max,.182188433030586,-.0827324207594664,.0484400805556571,.648093891346993,stata_areg_centered_student_vce_unadjusted,309,569047
10452,All,z_year_leng_max,.206842174438292,-.05807867935176,.0665165113691483,.730692424257778,stata_areg_centered_student_vce_unadjusted,100,569047
10453,All,z_year_leng_max,.000785106523080118,-.264135747266972,.0463345302274344,.629791536617106,stata_areg_centered_student_vce_unadjusted,211,569047
10455,All,z_year_leng_max,.019088712289061,-.245832141500991,.100039745083945,.610897805442357,stata_areg_centered_student_vce_unadjusted,81,569047
10456,All,z_year_leng_max,.0824569636617801,-.182463890128272,.0438481972306925,.642945437638724,stata_areg_centered_student_vce_unadjusted,255,569047
10457,All,z_year_leng_max,.142767275280524,-.122153578509528,.0741715759408596,.755283689837763,stata_areg_centered_student_vce_unadjusted,136,569047
10460,All,z_year_leng_max,-1.29819367736007,-1.56311453115012,.646477315323884,.,stata_areg_centered_student_vce_unadjusted,1,569047
10470,All,z_year_leng_max,.0959523551370595,-.168968498652993,.0441573064626216,.630127192946223,stata_areg_centered_student_vce_unadjusted,307,569047
10479,All,z_year_leng_max,.328138141766728,.0632172879766758,.0840416488967503,.67704230020757,stata_areg_centered_student_vce_unadjusted,139,569047
10482,All,z_year_leng_max,-.0539711785325159,-.318892032322568,.0994449170971484,.695644803096999,stata_areg_centered_student_vce_unadjusted,49,569047
10484,All,z_year_leng_max,.20591074032231,-.0590101134677421,.0535648773760968,.634404725724742,stata_areg_centered_student_vce_unadjusted,224,569047
10487,All,z_year_leng_max,.221336983506849,-.0435838702832037,.0489969590060265,.659986234819255,stata_areg_centered_student_vce_unadjusted,886,569047
10489,All,z_year_leng_max,.21157276701303,-.0533480867770218,.0630320892688809,.627129107437704,stata_areg_centered_student_vce_unadjusted,242,569047
10491,All,z_year_leng_max,.383161619786896,.118240765996844,.0740773569209652,.648703616717957,stata_areg_centered_student_vce_unadjusted,157,569047
10492,All,z_year_leng_max,.225954642555327,-.0389662112347254,.105962858967929,.627089985854822,stata_areg_centered_student_vce_unadjusted,80,569047
10493,All,z_year_leng_max,.166888732085572,-.09803212170448,.0462403427793166,.706448936135347,stata_areg_centered_student_vce_unadjusted,276,569047
10496,All,z_year_leng_max,.00872440893713504,-.256196444852917,.0357575832465352,.681174290736203,stata_areg_centered_student_vce_unadjusted,419,569047
10500,All,z_year_leng_max,.186958857078892,-.0779619967111604,.0582989743565393,.599092882057601,stata_areg_centered_student_vce_unadjusted,177,569047
10501,All,z_year_leng_max,.0335726463976665,-.231348207392386,.0621401353384931,.582845737031186,stata_areg_centered_student_vce_unadjusted,133,569047
10503,All,z_year_leng_max,.409877267558478,.144956413768425,.0582417776480176,.627744799359494,stata_areg_centered_student_vce_unadjusted,248,569047
10505,All,z_year_leng_max,.146140967388926,-.118779886401127,.0627705681644969,.672690085700842,stata_areg_centered_student_vce_unadjusted,240,569047
10506,All,z_year_leng_max,-.0265860390140219,-.291506892804074,.0799616714783551,.617633401891475,stata_areg_centered_student_vce_unadjusted,165,569047
10507,All,z_year_leng_max,.0120135147353815,-.252907339054671,.0343144120799418,.604390434297873,stata_areg_centered_student_vce_unadjusted,441,569047
10512,All,z_year_leng_max,.245412156856081,-.0195086969339711,.103578469220969,.501961262243424,stata_areg_centered_student_vce_unadjusted,84,569047
10513,All,z_year_leng_max,.144255234302988,-.120665619487064,.160272896755899,.867602411929869,stata_areg_centered_student_vce_unadjusted,19,569047
10515,All,z_year_leng_max,.062349989260004,-.202570864530048,.102337503087164,.543068236734922,stata_areg_centered_student_vce_unadjusted,66,569047
10516,All,z_year_leng_max,.101789686468022,-.16313116732203,.0677893791162423,.644911920799688,stata_areg_centered_student_vce_unadjusted,134,569047
10520,All,z_year_leng_max,.04151794479329,-.223402908996762,.0826607580499296,.650549946440143,stata_areg_centered_student_vce_unadjusted,120,569047
10526,All,z_year_leng_max,.0537803548181242,-.211140498971928,.077294456590755,.655010173434757,stata_areg_centered_student_vce_unadjusted,169,569047
10540,All,z_year_leng_max,.0211514590436712,-.243769394746381,.110517045775927,.637849199853111,stata_areg_centered_student_vce_unadjusted,136,569047
10541,All,z_year_leng_max,.0873184772755907,-.177602376514462,.0313299354572784,.643972784124991,stata_areg_centered_student_vce_unadjusted,535,569047
10542,All,z_year_leng_max,.223456519086101,-.041464334703951,.0892220132990201,.709147949349073,stata_areg_centered_student_vce_unadjusted,77,569047
10543,All,z_year_leng_max,.0183887965945251,-.246532057195527,.0505686028895177,.682674737350459,stata_areg_centered_student_vce_unadjusted,181,569047
10544,All,z_year_leng_max,.102814881095652,-.1621059726944,.0360053436092998,.632030751825005,stata_areg_centered_student_vce_unadjusted,380,569047
10545,All,z_year_leng_max,-.0312385719611994,-.296159425751252,.0573640101088135,.616451290906875,stata_areg_centered_student_vce_unadjusted,135,569047
10551,All,z_year_leng_max,.00641217621201129,-.258508677578041,.0842777083858196,.549295251379762,stata_areg_centered_student_vce_unadjusted,61,569047
10572,All,z_year_leng_max,.52262584200096,.257704988210907,.380515178617871,.517077391103056,stata_areg_centered_student_vce_unadjusted,3,569047
10573,All,z_year_leng_max,.205317629346378,-.0596032244436746,.0933321756138125,.667515226758481,stata_areg_centered_student_vce_unadjusted,53,569047
10584,All,z_year_leng_max,-.210537261050159,-.475458114840212,.168889096004467,.723030266141694,stata_areg_centered_student_vce_unadjusted,15,569047
10586,All,z_year_leng_max,-.000222093421927272,-.26514294721198,.649774803821583,.,stata_areg_centered_student_vce_unadjusted,1,569047
10588,All,z_year_leng_max,.0839733656707148,-.180947488119337,.0999830153531565,.674788491389728,stata_areg_centered_student_vce_unadjusted,64,569047
10592,All,z_year_leng_max,-.0276435033735021,-.292564357163554,.0895363892312864,.683610821355102,stata_areg_centered_student_vce_unadjusted,69,569047
10594,All,z_year_leng_max,.352051543226691,.0871306894366387,.0995768737334086,.560137819802986,stata_areg_centered_student_vce_unadjusted,96,569047
10600,All,z_year_leng_max,.146687512606582,-.11823334118347,.0802777791234846,.653375898353675,stata_areg_centered_student_vce_unadjusted,304,569047
10604,All,z_year_leng_max,.226864369743186,-.0380564840468664,.0954770523134964,.572700759286787,stata_areg_centered_student_vce_unadjusted,79,569047
10606,All,z_year_leng_max,.183217865753625,-.0817029880364269,.103577076788122,.675207384557426,stata_areg_centered_student_vce_unadjusted,100,569047
10607,All,z_year_leng_max,.280579120903253,.0156582671132007,.0928231955183035,.739694719467142,stata_areg_centered_student_vce_unadjusted,66,569047
10608,All,z_year_leng_max,.187643303318594,-.0772775504714582,.034640523923393,.66777822803198,stata_areg_centered_student_vce_unadjusted,529,569047
10610,All,z_year_leng_max,.253633414585101,-.0112874392049516,.0747262313607938,.610809182679805,stata_areg_centered_student_vce_unadjusted,240,569047
10611,All,z_year_leng_max,.324555246126563,.0596343923365105,.0663541970292186,.614864036441488,stata_areg_centered_student_vce_unadjusted,283,569047
10615,All,z_year_leng_max,.644944641834821,.380023788044768,.113241926790775,.526972445594357,stata_areg_centered_student_vce_unadjusted,60,569047
10618,All,z_year_leng_max,.254573346124005,-.0103475076660478,.0426527855831686,.645720922787569,stata_areg_centered_student_vce_unadjusted,646,569047
10626,All,z_year_leng_max,.168460578069299,-.0964602757207533,.0958975425249264,.645572873005787,stata_areg_centered_student_vce_unadjusted,88,569047
10628,All,z_year_leng_max,.0915956636332329,-.173325190156819,.0998435546632751,.712348727489635,stata_areg_centered_student_vce_unadjusted,66,569047
10632,All,z_year_leng_max,.122039779189253,-.142881074600799,.0665247988737391,.642383475200199,stata_areg_centered_student_vce_unadjusted,108,569047
10635,All,z_year_leng_max,.142323395257815,-.122597458532237,.0611689404820193,.695632488985705,stata_areg_centered_student_vce_unadjusted,278,569047
10638,All,z_year_leng_max,.0973103179951015,-.167610535794951,.0375416444949194,.659360385283744,stata_areg_centered_student_vce_unadjusted,518,569047
10640,All,z_year_leng_max,.517486147132257,.252565293342205,.215800265729302,.855153806438986,stata_areg_centered_student_vce_unadjusted,9,569047
10641,All,z_year_leng_max,.133290384985875,-.131630468804177,.0743682817923312,.665234764708665,stata_areg_centered_student_vce_unadjusted,108,569047
10642,All,z_year_leng_max,-.104264339465504,-.369185193255556,.0596630657802229,.554036419669594,stata_areg_centered_student_vce_unadjusted,142,569047
10645,All,z_year_leng_max,.058850135211381,-.206070718578671,.0883149158214089,.559807269286847,stata_areg_centered_student_vce_unadjusted,71,569047
10658,All,z_year_leng_max,.0727627054092894,-.192158148380763,.0374107707808562,.630568873624347,stata_areg_centered_student_vce_unadjusted,938,569047
10662,All,z_year_leng_max,.477011181400024,.212090327609972,.0925024094474312,.612500544879674,stata_areg_centered_student_vce_unadjusted,104,569047
10663,All,z_year_leng_max,.0530201434144398,-.211900710375613,.0441926354915628,.63757726568597,stata_areg_centered_student_vce_unadjusted,377,569047
10666,All,z_year_leng_max,.0688248995580988,-.196095954231954,.0601668851257395,.580076925655192,stata_areg_centered_student_vce_unadjusted,214,569047
10667,All,z_year_leng_max,.0775629564308063,-.187357897359246,.0838432887030406,.595510128423657,stata_areg_centered_student_vce_unadjusted,117,569047
10669,All,z_year_leng_max,.140145935656981,-.124774918133071,.0889773380209714,.621342513077103,stata_areg_centered_student_vce_unadjusted,85,569047
10685,All,z_year_leng_max,.295306999926925,.0303861461368731,.0884667987723663,.669803397496391,stata_areg_centered_student_vce_unadjusted,265,569047
10686,All,z_year_leng_max,.0867220893295215,-.178198764460531,.063878188048604,.680137678894603,stata_areg_centered_student_vce_unadjusted,130,569047
10688,All,z_year_leng_max,.827809184475902,.56288833068585,.459552702786658,1.59044756225746,stata_areg_centered_student_vce_unadjusted,2,569047
10694,All,z_year_leng_max,-1.21354224439496,-1.47846309818501,.681121300911141,.,stata_areg_centered_student_vce_unadjusted,1,569047
10696,All,z_year_leng_max,.223841597746921,-.0410792560431313,.0434277242968803,.669895079670723,stata_areg_centered_student_vce_unadjusted,374,569047
10697,All,z_year_leng_max,-.0518804037183684,-.316801257508421,.0354944945869576,.629506997137065,stata_areg_centered_student_vce_unadjusted,535,569047
10699,All,z_year_leng_max,.382585329203939,.117664475413887,.0686565175588866,.634966597102057,stata_areg_centered_student_vce_unadjusted,154,569047
10710,All,z_year_leng_max,.39851848533859,.133597631548538,.0812023515248047,.662573696077261,stata_areg_centered_student_vce_unadjusted,226,569047
10711,All,z_year_leng_max,.0790993267140565,-.185821527075996,.0339291501856126,.636293279486249,stata_areg_centered_student_vce_unadjusted,521,569047
10713,All,z_year_leng_max,.271526293315095,.00660543952504239,.0640887800153896,.623591728036387,stata_areg_centered_student_vce_unadjusted,213,569047
10715,All,z_year_leng_max,.17441992892579,-.0905009248642626,.0497414154409532,.633171355367856,stata_areg_centered_student_vce_unadjusted,207,569047
10717,All,z_year_leng_max,-.0144201219952554,-.279340975785308,.0557279790448113,.581866393334502,stata_areg_centered_student_vce_unadjusted,153,569047
10719,All,z_year_leng_max,.398358556829802,.13343770303975,.107078610021311,.62339918099514,stata_areg_centered_student_vce_unadjusted,85,569047
10721,All,z_year_leng_max,.0784528491079812,-.186468004682071,.0532123241298882,.5895118274162,stata_areg_centered_student_vce_unadjusted,277,569047
10723,All,z_year_leng_max,.375173871454027,.110253017663975,.123844308097625,.720698837757921,stata_areg_centered_student_vce_unadjusted,106,569047
10724,All,z_year_leng_max,.600760713758879,.335839859968827,.0979549376959575,.595128014139361,stata_areg_centered_student_vce_unadjusted,205,569047
10725,All,z_year_leng_max,.0000566277984735985,-.264864225991579,.0550409627497234,.600059939333957,stata_areg_centered_student_vce_unadjusted,196,569047
10726,All,z_year_leng_max,.31724062584299,.0523197720529378,.0607475409850386,.657630189525412,stata_areg_centered_student_vce_unadjusted,204,569047
10727,All,z_year_leng_max,.0543941312931098,-.210526722496943,.0993737859612663,.458684320082292,stata_areg_centered_student_vce_unadjusted,60,569047
10734,All,z_year_leng_max,.0409108289565915,-.224010024833461,.0575130461149454,.636814893136632,stata_areg_centered_student_vce_unadjusted,304,569047
10735,All,z_year_leng_max,-.299768068079758,-.564688921869811,.102678690984361,.560081288693897,stata_areg_centered_student_vce_unadjusted,47,569047
10737,All,z_year_leng_max,.102052354023717,-.162868499766336,.120132607792246,.522308586151354,stata_areg_centered_student_vce_unadjusted,34,569047
10746,All,z_year_leng_max,.140661058439541,-.124259795350511,.0681328441023558,.694492423789167,stata_areg_centered_student_vce_unadjusted,100,569047
10749,All,z_year_leng_max,-.0182790036636858,-.283199857453738,.0560032358665683,.573327826762582,stata_areg_centered_student_vce_unadjusted,171,569047
10751,All,z_year_leng_max,.0723245280193196,-.192596325770733,.0791323678140971,.62341087902484,stata_areg_centered_student_vce_unadjusted,71,569047
10757,All,z_year_leng_max,.284174994798219,.0192541410081671,.0627448458817242,.662804231419753,stata_areg_centered_student_vce_unadjusted,163,569047
10772,All,z_year_leng_max,.150267202574028,-.114653651216024,.0642359104277851,.669898904016673,stata_areg_centered_student_vce_unadjusted,273,569047
10773,All,z_year_leng_max,.0430430240384332,-.221877829751619,.0398793808301545,.643155148991169,stata_areg_centered_student_vce_unadjusted,425,569047
10777,All,z_year_leng_max,.625932572565843,.361011718775791,.133976701561168,.635501078556256,stata_areg_centered_student_vce_unadjusted,61,569047
10780,All,z_year_leng_max,.16552168670087,-.0993991670891821,.036425512926332,.673569685751662,stata_areg_centered_student_vce_unadjusted,646,569047
10781,All,z_year_leng_max,.00277630287773925,-.262144550912313,.0540537570878355,.621398071106062,stata_areg_centered_student_vce_unadjusted,183,569047
10783,All,z_year_leng_max,.379863872377371,.114943018587319,.0796769780591819,.647153616636441,stata_areg_centered_student_vce_unadjusted,87,569047
10791,All,z_year_leng_max,.364672673508165,.0997518197181123,.375443164804731,1.11482277704325,stata_areg_centered_student_vce_unadjusted,3,569047
10792,All,z_year_leng_max,-.0591371645794985,-.324058018369551,.0764431213139691,.669417974946013,stata_areg_centered_student_vce_unadjusted,131,569047
10828,All,z_year_leng_max,.254227566885324,-.0106932869047283,.0671107205459259,.663997422420838,stata_areg_centered_student_vce_unadjusted,299,569047
10829,All,z_year_leng_max,.119323998410512,-.14559685537954,.0759192762757691,.523590287978165,stata_areg_centered_student_vce_unadjusted,104,569047
10830,All,z_year_leng_max,.0588367546418124,-.20608409914824,.0453121109319414,.615641387273684,stata_areg_centered_student_vce_unadjusted,286,569047
10831,All,z_year_leng_max,.247329618283319,-.0175912355067338,.057814694403634,.633207706167866,stata_areg_centered_student_vce_unadjusted,402,569047
10832,All,z_year_leng_max,.052452716263883,-.212468137526169,.0340790772727126,.629544967627028,stata_areg_centered_student_vce_unadjusted,1028,569047
10833,All,z_year_leng_max,.194113970967718,-.0708068828223339,.0684386441678776,.634283345140439,stata_areg_centered_student_vce_unadjusted,190,569047
10834,All,z_year_leng_max,.448750520138103,.183829666348051,.0850230058302564,.640810056542942,stata_areg_centered_student_vce_unadjusted,141,569047
10845,All,z_year_leng_max,.0744414523768866,-.190479401413166,.049155396965005,.632475446714178,stata_areg_centered_student_vce_unadjusted,463,569047
10851,All,z_year_leng_max,.0353836202557383,-.229537233534314,.0888412304973542,.546360800957016,stata_areg_centered_student_vce_unadjusted,104,569047
10854,All,z_year_leng_max,.111036461440337,-.153884392349716,.0740692999695964,.656826182281723,stata_areg_centered_student_vce_unadjusted,151,569047
10873,All,z_year_leng_max,.0698235554087918,-.195097298381261,.0975019726293029,.676091010747839,stata_areg_centered_student_vce_unadjusted,143,569047
10892,All,z_year_leng_max,.288091123320017,.0231702695299646,.0476702594270708,.64760564473059,stata_areg_centered_student_vce_unadjusted,680,569047
10900,All,z_year_leng_max,.481521623526875,.216600769736823,.0883196515739707,.609966833072318,stata_areg_centered_student_vce_unadjusted,164,569047
10901,All,z_year_leng_max,.297429492838932,.0325086390488795,.0995874484236901,.676127614968389,stata_areg_centered_student_vce_unadjusted,82,569047
10906,All,z_year_leng_max,.318534153548345,.0536132997582923,.11524925966214,.635153685495613,stata_areg_centered_student_vce_unadjusted,127,569047
10911,All,z_year_leng_max,.0569796326576795,-.207941221132373,.0480950274997099,.586221553921486,stata_areg_centered_student_vce_unadjusted,280,569047
10915,All,z_year_leng_max,.307219218028311,.0422983642382588,.0601647668175148,.604215166598925,stata_areg_centered_student_vce_unadjusted,379,569047
10917,All,z_year_leng_max,.0487972752697526,-.2161235785203,.0652898482859655,.664329043593698,stata_areg_centered_student_vce_unadjusted,470,569047
10962,All,z_year_leng_max,.200475343349281,-.0644455104407709,.0672383110266576,.608086374447225,stata_areg_centered_student_vce_unadjusted,356,569047
10967,All,z_year_leng_max,.103814177684473,-.161106676105579,.0512246351772343,.606288197782385,stata_areg_centered_student_vce_unadjusted,232,569047
10968,All,z_year_leng_max,.126003072377706,-.138917781412346,.056306850825836,.569155987056689,stata_areg_centered_student_vce_unadjusted,160,569047
10970,All,z_year_leng_max,.0701559463075261,-.194764907482526,.0471086357573401,.583800244765394,stata_areg_centered_student_vce_unadjusted,289,569047
11034,All,z_year_leng_max,-.0740044052713796,-.338925259061432,.0816541531723444,.63923978272822,stata_areg_centered_student_vce_unadjusted,98,569047
11035,All,z_year_leng_max,.502322393952849,.237401540162797,.149708666186994,.662692769498616,stata_areg_centered_student_vce_unadjusted,75,569047
11038,All,z_year_leng_max,.14111327895414,-.123807574835912,.0867390567792399,.662664825546988,stata_areg_centered_student_vce_unadjusted,122,569047
11103,All,z_year_leng_max,.370383206026902,.10546235223685,.0787322307899016,.61221020912084,stata_areg_centered_student_vce_unadjusted,101,569047
11105,All,z_year_leng_max,.558089907556962,.29316905376691,.0656813161827739,.671545891211835,stata_areg_centered_student_vce_unadjusted,244,569047
11106,All,z_year_leng_max,.378983342864545,.114062489074493,.0688047157237924,.666264078666542,stata_areg_centered_student_vce_unadjusted,408,569047
11107,All,z_year_leng_max,.205941462540297,-.0589793912497553,.0735369530404264,.573819541919084,stata_areg_centered_student_vce_unadjusted,103,569047
11110,All,z_year_leng_max,.0296365625150808,-.235284291274971,.230856124124614,.577291537360487,stata_areg_centered_student_vce_unadjusted,12,569047
11111,All,z_year_leng_max,.177152618490219,-.0877682352998334,.0856580991121954,.612051049245567,stata_areg_centered_student_vce_unadjusted,109,569047
11130,All,z_year_leng_max,.169040641074979,-.0958802127150733,.145974088459004,.5922622492632,stata_areg_centered_student_vce_unadjusted,122,569047
11133,All,z_year_leng_max,.261217179880284,-.00370367390976878,.107258557779661,.692548531856063,stata_areg_centered_student_vce_unadjusted,71,569047
11136,All,z_year_leng_max,.343141695452722,.0782208416626701,.65507887619219,.,stata_areg_centered_student_vce_unadjusted,1,569047
11139,All,z_year_leng_max,.213324983285231,-.0515958705048216,.0641324920246818,.612021415839785,stata_areg_centered_student_vce_unadjusted,128,569047
11144,All,z_year_leng_max,.262379174959276,-.00254167883077633,.0801019320384949,.655144358738161,stata_areg_centered_student_vce_unadjusted,113,569047
11145,All,z_year_leng_max,.282884157833331,.0179633040432783,.120841241220462,.6872212359544,stata_areg_centered_student_vce_unadjusted,139,569047
11155,All,z_year_leng_max,.164450958967101,-.100469894822951,.0632604139380795,.623172747689768,stata_areg_centered_student_vce_unadjusted,130,569047
11157,All,z_year_leng_max,.0551747551594993,-.209746098630553,.0812801884415692,.619364071014854,stata_areg_centered_student_vce_unadjusted,100,569047
11176,All,z_year_leng_max,.489195373204596,.224274519414544,.0532860702652795,.580905512392463,stata_areg_centered_student_vce_unadjusted,403,569047
11177,All,z_year_leng_max,.182910094713535,-.0820107590765174,.0724253944908115,.614206943273329,stata_areg_centered_student_vce_unadjusted,221,569047
11199,All,z_year_leng_max,-.0323259245211902,-.297246778311243,.0831890032309595,.5964384453345,stata_areg_centered_student_vce_unadjusted,149,569047
11209,All,z_year_leng_max,.522505836268437,.257584982478385,.0999947395406671,.604452480102881,stata_areg_centered_student_vce_unadjusted,94,569047
11217,All,z_year_leng_max,.260630106871237,-.00429074691881531,.125114444012646,.714477117237571,stata_areg_centered_student_vce_unadjusted,34,569047
11237,All,z_year_leng_max,.745979819988234,.481058966198182,.167746413538571,.684268421353242,stata_areg_centered_student_vce_unadjusted,47,569047
11240,All,z_year_leng_max,.409914268328759,.144993414538707,.0927903860526061,.624282746082673,stata_areg_centered_student_vce_unadjusted,123,569047
11241,All,z_year_leng_max,-.149947758440922,-.414868612230975,.458371117568742,.736226677441729,stata_areg_centered_student_vce_unadjusted,2,569047
11246,All,z_year_leng_max,-.0756761761636099,-.340597029953662,.292431035314469,.557286218867761,stata_areg_centered_student_vce_unadjusted,5,569047
11248,All,z_year_leng_max,.2876323833968,.0227115296067479,.15950761193989,.585308810805963,stata_areg_centered_student_vce_unadjusted,28,569047
11256,All,z_year_leng_max,.337650202828931,.0727293490388788,.0575359183568778,.63387670507694,stata_areg_centered_student_vce_unadjusted,269,569047
11265,All,z_year_leng_max,.139032213001018,-.125888640789035,.0504303999754726,.638985669783405,stata_areg_centered_student_vce_unadjusted,213,569047
11284,All,z_year_leng_max,.214466614428591,-.0504542393614617,.146107994110034,.511692662627288,stata_areg_centered_student_vce_unadjusted,20,569047
11286,All,z_year_leng_max,-.00062923335698953,-.265550087147042,.290794855128166,.980364796597064,stata_areg_centered_student_vce_unadjusted,5,569047
11287,All,z_year_leng_max,.0945413442840987,-.170379509505954,.0713580332851576,.558812710126404,stata_areg_centered_student_vce_unadjusted,127,569047
11291,All,z_year_leng_max,.46645634728917,.201535493499118,.0677944485107531,.672824252642981,stata_areg_centered_student_vce_unadjusted,160,569047
11336,All,z_year_leng_max,.368149846218846,.103228992428794,.0985615022665961,.599837974309063,stata_areg_centered_student_vce_unadjusted,135,569047
11337,All,z_year_leng_max,-.524515699020987,-.789436552811039,.327614478673288,1.14472435104154,stata_areg_centered_student_vce_unadjusted,4,569047
11344,All,z_year_leng_max,-.0796924924969827,-.344613346287035,.129968526031692,.516380947071487,stata_areg_centered_student_vce_unadjusted,26,569047
11348,All,z_year_leng_max,.362441903788038,.0975210499979857,.0687362478641569,.654083214717404,stata_areg_centered_student_vce_unadjusted,183,569047
11397,All,z_year_leng_max,.270103087462326,.00518223367227366,.108034551165713,.671694979788174,stata_areg_centered_student_vce_unadjusted,135,569047
11400,All,z_year_leng_max,.136136059737042,-.128784794053011,.0911586684621639,.645169598652996,stata_areg_centered_student_vce_unadjusted,105,569047
11415,All,z_year_leng_max,.992014125954026,.727093272163973,.647213300830702,.,stata_areg_centered_student_vce_unadjusted,1,569047
11417,All,z_year_leng_max,.61812351815866,.353202664368608,.460273778971917,.604319323001998,stata_areg_centered_student_vce_unadjusted,2,569047
11430,All,z_year_leng_max,.162703911117708,-.102216942672344,.103407056879575,.666893950050288,stata_areg_centered_student_vce_unadjusted,301,569047
11465,All,z_year_leng_max,.113610950551669,-.151309903238383,.64679295335236,.,stata_areg_centered_student_vce_unadjusted,1,569047
11498,All,z_year_leng_max,.205387913557642,-.0595329402324102,.0766664642585091,.618262012654203,stata_areg_centered_student_vce_unadjusted,106,569047
11527,All,z_year_leng_max,.238407092987251,-.0265137608028011,.0749094505427963,.550735987599922,stata_areg_centered_student_vce_unadjusted,89,569047
11591,All,z_year_leng_max,-.00879112063339442,-.273711974423447,.0909260377007881,.668345425084556,stata_areg_centered_student_vce_unadjusted,93,569047
11608,All,z_year_leng_max,.187419478497236,-.0775013752928167,.0686321770123141,.650579968576291,stata_areg_centered_student_vce_unadjusted,241,569047
11678,All,z_year_leng_max,.17049985145538,-.0944210023346724,.0741137046606249,.611058880715983,stata_areg_centered_student_vce_unadjusted,123,569047
11680,All,z_year_leng_max,.423514542651629,.158593688861576,.0957502661906238,.663552169976463,stata_areg_centered_student_vce_unadjusted,143,569047
11681,All,z_year_leng_max,.416776977529669,.151856123739617,.0670201804838975,.645376880634147,stata_areg_centered_student_vce_unadjusted,219,569047
11706,All,z_year_leng_max,.350466381377448,.0855455275873959,.084662582955218,.642982612091071,stata_areg_centered_student_vce_unadjusted,94,569047
11709,All,z_year_leng_max,.286515614431656,.0215947606416034,.107938966365734,.666059718247948,stata_areg_centered_student_vce_unadjusted,64,569047
11712,All,z_year_leng_max,.147077728979493,-.117843124810559,.0940666238707409,.64351402726323,stata_areg_centered_student_vce_unadjusted,161,569047
11716,All,z_year_leng_max,.245186421261978,-.0197344325280745,.167863865660779,.594423529194897,stata_areg_centered_student_vce_unadjusted,20,569047
11766,All,z_year_leng_max,.294122629487359,.0292017756973064,.0907480517140956,.617662259303956,stata_areg_centered_student_vce_unadjusted,57,569047
11776,All,z_year_leng_max,.846633586728473,.581712732938421,.11535994403105,.633341784857058,stata_areg_centered_student_vce_unadjusted,271,569047
11793,All,z_year_leng_max,.540026339048128,.275105485258076,.653211959728644,.,stata_areg_centered_student_vce_unadjusted,1,569047
11797,All,z_year_leng_max,.512749677971886,.247828824181833,.647757362880622,.,stata_areg_centered_student_vce_unadjusted,1,569047
11805,All,z_year_leng_max,.0093540482935623,-.25556680549649,.102566708072589,.653286834577568,stata_areg_centered_student_vce_unadjusted,67,569047
11812,All,z_year_leng_max,.164907451068249,-.100013402721803,.0547372410205018,.62045365637627,stata_areg_centered_student_vce_unadjusted,212,569047
11814,All,z_year_leng_max,-.6271825325221,-.892103386312152,.266000700920659,.477428669476387,stata_areg_centered_student_vce_unadjusted,6,569047
11818,All,z_year_leng_max,.0674959405892947,-.197424913200758,.088471282471553,.557376915569178,stata_areg_centered_student_vce_unadjusted,74,569047
11831,All,z_year_leng_max,.0926857954224044,-.172235058367648,.041209050356678,.609146728234586,stata_areg_centered_student_vce_unadjusted,274,569047
11843,All,z_year_leng_max,.237089445179088,-.0278314086109644,.0610143618499831,.694819412990591,stata_areg_centered_student_vce_unadjusted,153,569047
11851,All,z_year_leng_max,.161368246136507,-.103552607653545,.0440632793757146,.622627147207013,stata_areg_centered_student_vce_unadjusted,321,569047
11867,All,z_year_leng_max,.278230832424999,.0133099786349469,.0865722692816556,.689516294545679,stata_areg_centered_student_vce_unadjusted,76,569047
11871,All,z_year_leng_max,.441227790947471,.176306937157419,.0679160933163925,.635177057781173,stata_areg_centered_student_vce_unadjusted,232,569047
11883,All,z_year_leng_max,.112518805143846,-.152402048646206,.0532932966747858,.609074693820743,stata_areg_centered_student_vce_unadjusted,273,569047
11918,All,z_year_leng_max,.259675787732113,-.00524506605793923,.0474620645600214,.677006488124945,stata_areg_centered_student_vce_unadjusted,210,569047
11921,All,z_year_leng_max,1.16205596300879,.897135109218737,.465785116851658,.0445253648401439,stata_areg_centered_student_vce_unadjusted,2,569047
11931,All,z_year_leng_max,.162820865478643,-.102099988311409,.101149420657002,.561610046051799,stata_areg_centered_student_vce_unadjusted,60,569047
11936,All,z_year_leng_max,.0421787001177199,-.222742153672332,.0801982579906924,.651320980660187,stata_areg_centered_student_vce_unadjusted,114,569047
11950,All,z_year_leng_max,.335771363811986,.0708505100219334,.0573158815888576,.682343871185689,stata_areg_centered_student_vce_unadjusted,261,569047
11952,All,z_year_leng_max,-.270260374070017,-.535181227860069,.649587656746936,.,stata_areg_centered_student_vce_unadjusted,1,569047
11962,All,z_year_leng_max,.50057035379306,.235649500003008,.063548252112065,.669772272571836,stata_areg_centered_student_vce_unadjusted,357,569047
11965,All,z_year_leng_max,.486219609625376,.221298755835324,.0955057805160682,.644766741035501,stata_areg_centered_student_vce_unadjusted,200,569047
11968,All,z_year_leng_max,.694456276410027,.429535422619974,.0916060591345544,.570276588157022,stata_areg_centered_student_vce_unadjusted,457,569047
11971,All,z_year_leng_max,.383194263868145,.118273410078092,.0827827292068798,.713211696728512,stata_areg_centered_student_vce_unadjusted,164,569047
11977,All,z_year_leng_max,.127712420519047,-.137208433271005,.0763626465603373,.536544400392379,stata_areg_centered_student_vce_unadjusted,140,569047
11993,All,z_year_leng_max,.387047456227883,.122126602437831,.0823804234168037,.727584826612593,stata_areg_centered_student_vce_unadjusted,83,569047
11994,All,z_year_leng_max,.110283139999685,-.154637713790368,.081187854558761,.574339507857695,stata_areg_centered_student_vce_unadjusted,74,569047
12001,All,z_year_leng_max,-.0104850011493163,-.275405854939369,.0993337569243402,.680865138475816,stata_areg_centered_student_vce_unadjusted,84,569047
12004,All,z_year_leng_max,.131194374336656,-.133726479453396,.143026508064587,.518306939377046,stata_areg_centered_student_vce_unadjusted,24,569047
12005,All,z_year_leng_max,.12923812660208,-.135682727187973,.0447062343271485,.598795339129206,stata_areg_centered_student_vce_unadjusted,394,569047
12006,All,z_year_leng_max,-.0504673050277975,-.31538815881785,.173926861249241,.448386872720259,stata_areg_centered_student_vce_unadjusted,15,569047
12015,All,z_year_leng_max,.504744417952845,.239823564162792,.0802511187718774,.624868913068818,stata_areg_centered_student_vce_unadjusted,156,569047
12024,All,z_year_leng_max,.462391195809083,.19747034201903,.106342431246352,.603394740874857,stata_areg_centered_student_vce_unadjusted,143,569047
12025,All,z_year_leng_max,.557186766743245,.292265912953192,.160787120804596,.517874485620836,stata_areg_centered_student_vce_unadjusted,65,569047
12027,All,z_year_leng_max,.136443993800746,-.128476859989306,.0785329507189352,.553877687120829,stata_areg_centered_student_vce_unadjusted,148,569047
12031,All,z_year_leng_max,.435837209094371,.170916355304319,.0985629062882809,.61371172840226,stata_areg_centered_student_vce_unadjusted,149,569047
12032,All,z_year_leng_max,.202491796863528,-.0624290569265242,.153944281693166,.593944036871703,stata_areg_centered_student_vce_unadjusted,126,569047
12033,All,z_year_leng_max,.0758769755966443,-.189043878193408,.0480629232125025,.592620739300362,stata_areg_centered_student_vce_unadjusted,269,569047
12036,All,z_year_leng_max,.837095039197266,.572174185407213,.156584599814129,.511416738112001,stata_areg_centered_student_vce_unadjusted,66,569047
12037,All,z_year_leng_max,.142361502140158,-.122559351649894,.093505902068219,.718846679868324,stata_areg_centered_student_vce_unadjusted,147,569047
12042,All,z_year_leng_max,-.4576662591962,-.722587112986252,.662329897369128,.,stata_areg_centered_student_vce_unadjusted,1,569047
12046,All,z_year_leng_max,.445763164227743,.180842310437691,.108398573412858,.636239425352947,stata_areg_centered_student_vce_unadjusted,115,569047
12050,All,z_year_leng_max,.138946170343097,-.125974683446956,.0660613038143297,.636904399406201,stata_areg_centered_student_vce_unadjusted,114,569047
12059,All,z_year_leng_max,-.106914185713852,-.371835039503905,.138196178432162,.407263983458481,stata_areg_centered_student_vce_unadjusted,33,569047
12062,All,z_year_leng_max,.220816976281515,-.0441038775085372,.0344832761731591,.58119485688456,stata_areg_centered_student_vce_unadjusted,574,569047
12063,All,z_year_leng_max,.450700737189512,.18577988339946,.145367836275974,.649460986981963,stata_areg_centered_student_vce_unadjusted,160,569047
12077,All,z_year_leng_max,.162671342504011,-.102249511286041,.0622676189984356,.636100318102162,stata_areg_centered_student_vce_unadjusted,235,569047
12085,All,z_year_leng_max,.494696904713919,.229776050923866,.109543733758528,.631551361126027,stata_areg_centered_student_vce_unadjusted,99,569047
12086,All,z_year_leng_max,.474572992590278,.209652138800226,.101448306842497,.745837175825021,stata_areg_centered_student_vce_unadjusted,75,569047
12087,All,z_year_leng_max,.632328199873918,.367407346083866,.0802576517417107,.636024152172001,stata_areg_centered_student_vce_unadjusted,297,569047
12090,All,z_year_leng_max,.219285296614446,-.0456355571756068,.13710285743504,.776117815102546,stata_areg_centered_student_vce_unadjusted,32,569047
12094,All,z_year_leng_max,.495743789584824,.230822935794772,.0759908956851882,.802842102487481,stata_areg_centered_student_vce_unadjusted,206,569047
12111,All,z_year_leng_max,.172728567341032,-.0921922864490208,.0711025382463418,.671036833297848,stata_areg_centered_student_vce_unadjusted,137,569047
12115,All,z_year_leng_max,.118681766250343,-.146239087539709,.073876846987602,.704250935860399,stata_areg_centered_student_vce_unadjusted,90,569047
12117,All,z_year_leng_max,.108939977755888,-.155980876034165,.0543217667803461,.549317760681263,stata_areg_centered_student_vce_unadjusted,187,569047
12133,All,z_year_leng_max,.752146124840239,.487225271050186,.103549087307135,.522039900046282,stata_areg_centered_student_vce_unadjusted,78,569047
12146,All,z_year_leng_max,.0270589896906083,-.237861864099444,.266479894864948,.399307190187765,stata_areg_centered_student_vce_unadjusted,6,569047
12151,All,z_year_leng_max,.214044800836331,-.0508760529537211,.037317297862163,.619661015888124,stata_areg_centered_student_vce_unadjusted,620,569047
12177,All,z_year_leng_max,.290040615177366,.0251197613873137,.0703942660425737,.653970262805111,stata_areg_centered_student_vce_unadjusted,300,569047
12182,All,z_year_leng_max,-.749212097453429,-1.01413295124348,.69719750615369,.,stata_areg_centered_student_vce_unadjusted,1,569047
12183,All,z_year_leng_max,.390344131906381,.125423278116329,.0928953703094529,.703986304194728,stata_areg_centered_student_vce_unadjusted,113,569047
12185,All,z_year_leng_max,.127893665332849,-.137027188457204,.130437619539671,.580014336196266,stata_areg_centered_student_vce_unadjusted,38,569047
12192,All,z_year_leng_max,.203022391516797,-.0618984622732548,.0744163189326729,.665631239878681,stata_areg_centered_student_vce_unadjusted,103,569047
12217,All,z_year_leng_max,.0347824803872689,-.230138373402783,.0359449365723966,.63226047274771,stata_areg_centered_student_vce_unadjusted,371,569047
12225,All,z_year_leng_max,.0127872408414258,-.252133612948627,.089486202884253,.721777557962309,stata_areg_centered_student_vce_unadjusted,192,569047
12241,All,z_year_leng_max,.332656135441013,.0677352816509607,.0947980880168719,.570737618934956,stata_areg_centered_student_vce_unadjusted,94,569047
12242,All,z_year_leng_max,.207104247080154,-.0578166067098985,.0733910703606726,.625255316809681,stata_areg_centered_student_vce_unadjusted,92,569047
12244,All,z_year_leng_max,.371711442900283,.10679058911023,.0570642327210425,.672726672303544,stata_areg_centered_student_vce_unadjusted,379,569047
12258,All,z_year_leng_max,-.677720632765974,-.942641486556026,.644757148795648,.,stata_areg_centered_student_vce_unadjusted,1,569047
12260,All,z_year_leng_max,.423321976665422,.158401122875369,.148026560911115,.613629577304269,stata_areg_centered_student_vce_unadjusted,48,569047
12265,All,z_year_leng_max,.710981446806331,.446060593016278,.106419170492422,.605565062472641,stata_areg_centered_student_vce_unadjusted,142,569047
12266,All,z_year_leng_max,.575012885335567,.310092031545515,.155261547422622,.494041655381391,stata_areg_centered_student_vce_unadjusted,24,569047
12294,All,z_year_leng_max,.0578969987299257,-.207023855060127,.138072240377468,.755817398880345,stata_areg_centered_student_vce_unadjusted,23,569047
12295,All,z_year_leng_max,.453440375648755,.188519521858703,.0882968875850846,.547449441253036,stata_areg_centered_student_vce_unadjusted,148,569047
12301,All,z_year_leng_max,.409889291501723,.144968437711671,.101094156574617,.515058778569384,stata_areg_centered_student_vce_unadjusted,80,569047
12305,All,z_year_leng_max,.280642221039327,.0157213672492746,.0582121310078829,.616291237616638,stata_areg_centered_student_vce_unadjusted,201,569047
12309,All,z_year_leng_max,.189917313767473,-.0750035400225797,.0725944265137961,.734376536720564,stata_areg_centered_student_vce_unadjusted,125,569047
12312,All,z_year_leng_max,-.0100838451386452,-.275004698928697,.113487949653957,.581598120204795,stata_areg_centered_student_vce_unadjusted,53,569047
12332,All,z_year_leng_max,.0794007951355285,-.185520058654524,.0718498114274251,.624878796495653,stata_areg_centered_student_vce_unadjusted,130,569047
12336,All,z_year_leng_max,.00908481024780715,-.255836043542245,.0620399022963638,.587634148683886,stata_areg_centered_student_vce_unadjusted,335,569047
12368,All,z_year_leng_max,.209349406430373,-.0555714473596798,.0674193742312669,.602934367404637,stata_areg_centered_student_vce_unadjusted,160,569047
12502,All,z_year_leng_max,.344296449681871,.079375595891819,.0858795405282222,.663402449972398,stata_areg_centered_student_vce_unadjusted,90,569047
12504,All,z_year_leng_max,.0534287320757766,-.211492121714276,.0899222414195301,.686776834026358,stata_areg_centered_student_vce_unadjusted,68,569047
12509,All,z_year_leng_max,.281288469110267,.0163676153202145,.0751581347515027,.696864689970146,stata_areg_centered_student_vce_unadjusted,207,569047
12515,All,z_year_leng_max,.323252986812048,.058332133021996,.0902738374016183,.709261581180043,stata_areg_centered_student_vce_unadjusted,75,569047
12518,All,z_year_leng_max,.177000149280129,-.0879207045099232,.0645823401006693,.592332905287453,stata_areg_centered_student_vce_unadjusted,222,569047
12534,All,z_year_leng_max,.00383470165044132,-.261086152139611,.0534341182275946,.66294988187189,stata_areg_centered_student_vce_unadjusted,323,569047
12547,All,z_year_leng_max,.121934865766498,-.142985988023554,.0464442011904247,.601365182654799,stata_areg_centered_student_vce_unadjusted,463,569047
12551,All,z_year_leng_max,.120170415562759,-.144750438227293,.0788984226246289,.632103688916876,stata_areg_centered_student_vce_unadjusted,158,569047
12566,All,z_year_leng_max,.0798529155376792,-.185067938252373,.0626639903298687,.607045591025203,stata_areg_centered_student_vce_unadjusted,255,569047
12573,All,z_year_leng_max,.100715155835983,-.164205697954069,.0580616729700244,.703819694241049,stata_areg_centered_student_vce_unadjusted,186,569047
12587,All,z_year_leng_max,.218322745394709,-.0465981083953437,.0720957971083036,.650646414514316,stata_areg_centered_student_vce_unadjusted,277,569047
12590,All,z_year_leng_max,.0495063170858915,-.215414536704161,.0882119513213329,.647414430851291,stata_areg_centered_student_vce_unadjusted,124,569047
12591,All,z_year_leng_max,.165726645981106,-.0991942078089461,.060751814332959,.63231803331518,stata_areg_centered_student_vce_unadjusted,313,569047
12594,All,z_year_leng_max,.204666109532088,-.0602547442579643,.100027815401622,.591254721949109,stata_areg_centered_student_vce_unadjusted,101,569047
12602,All,z_year_leng_max,.0683298464777409,-.196591007312311,.105478911093264,.552461134649901,stata_areg_centered_student_vce_unadjusted,58,569047
12603,All,z_year_leng_max,.166950926333727,-.0979699274563251,.0744388424460135,.662624188171379,stata_areg_centered_student_vce_unadjusted,234,569047
12604,All,z_year_leng_max,.260034941626326,-.00488591216372597,.0834172471710279,.691091863949284,stata_areg_centered_student_vce_unadjusted,144,569047
12605,All,z_year_leng_max,.176385905370776,-.0885349484192768,.0573191679325434,.644136684721142,stata_areg_centered_student_vce_unadjusted,286,569047
12610,All,z_year_leng_max,.0194057430404993,-.245515110749553,.063712672237055,.585310746018884,stata_areg_centered_student_vce_unadjusted,128,569047
12630,All,z_year_leng_max,.0744902132230128,-.19043064056704,.0862939886354126,.56306543498391,stata_areg_centered_student_vce_unadjusted,94,569047
12631,All,z_year_leng_max,.209050094698148,-.0558707590919043,.0566278980710112,.637099968689459,stata_areg_centered_student_vce_unadjusted,396,569047
12632,All,z_year_leng_max,-.0291040974090644,-.294024951199117,.107273211493383,.45159662222573,stata_areg_centered_student_vce_unadjusted,46,569047
12636,All,z_year_leng_max,.201115269244498,-.063805584545554,.137132296669956,.578492451951221,stata_areg_centered_student_vce_unadjusted,34,569047
12646,All,z_year_leng_max,.371891950542871,.106971096752819,.117178428081441,.568443884769302,stata_areg_centered_student_vce_unadjusted,33,569047
12649,All,z_year_leng_max,.127998931661663,-.13692192212839,.0558428069587815,.656739746246013,stata_areg_centered_student_vce_unadjusted,259,569047
12650,All,z_year_leng_max,.0934434036571896,-.171477450132863,.0447392260812979,.624414646488977,stata_areg_centered_student_vce_unadjusted,641,569047
12652,All,z_year_leng_max,.092452917655701,-.172467936134351,.0615557185099004,.61541431553259,stata_areg_centered_student_vce_unadjusted,257,569047
12655,All,z_year_leng_max,.0644969546618231,-.200423899128229,.0914432560571345,.557868457720385,stata_areg_centered_student_vce_unadjusted,80,569047
12657,All,z_year_leng_max,.34504343721104,.0801225834209873,.097123948118306,.835298216724618,stata_areg_centered_student_vce_unadjusted,81,569047
12658,All,z_year_leng_max,.0840672263590213,-.180853627431031,.176492986748506,.702045976996021,stata_areg_centered_student_vce_unadjusted,14,569047
12667,All,z_year_leng_max,.11867755849867,-.146243295291382,.0707116623825765,.649488955097673,stata_areg_centered_student_vce_unadjusted,468,569047
12669,All,z_year_leng_max,.49046399331626,.225543139526207,.0664253020796227,.628118258099872,stata_areg_centered_student_vce_unadjusted,293,569047
12672,All,z_year_leng_max,.294730615351044,.0298097615609915,.0724707610273684,.69128306548957,stata_areg_centered_student_vce_unadjusted,239,569047
12682,All,z_year_leng_max,.435803481866335,.170882628076283,.335110869081347,.729549273165794,stata_areg_centered_student_vce_unadjusted,4,569047
12686,All,z_year_leng_max,.0689262883614718,-.19599456542858,.0651273524294951,.651040196406926,stata_areg_centered_student_vce_unadjusted,137,569047
12712,All,z_year_leng_max,.23361171662972,-.0313091371603327,.0913966623302417,.676967575163574,stata_areg_centered_student_vce_unadjusted,119,569047
12713,All,z_year_leng_max,.342302354842367,.0773815010523144,.0769302286691099,.649444675316382,stata_areg_centered_student_vce_unadjusted,171,569047
12716,All,z_year_leng_max,.116397522075929,-.148523331714124,.0537917846405849,.659363246368145,stata_areg_centered_student_vce_unadjusted,283,569047
12719,All,z_year_leng_max,.133587054017723,-.131333799772329,.126202969972932,.702105933217874,stata_areg_centered_student_vce_unadjusted,38,569047
12720,All,z_year_leng_max,.162484903194502,-.102435950595551,.084506555858444,.595064676180848,stata_areg_centered_student_vce_unadjusted,104,569047
12741,All,z_year_leng_max,.0279825712577002,-.236938282532352,.126193370090133,.671493197622441,stata_areg_centered_student_vce_unadjusted,49,569047
12747,All,z_year_leng_max,.0659528405187038,-.198968013271348,.0939061038252164,.7152432611902,stata_areg_centered_student_vce_unadjusted,66,569047
12749,All,z_year_leng_max,.00305881976774416,-.261862034022308,.0909577037761035,.573525773555521,stata_areg_centered_student_vce_unadjusted,99,569047
12750,All,z_year_leng_max,-.134049259906928,-.39897011369698,.265735642392468,.716975849091759,stata_areg_centered_student_vce_unadjusted,6,569047
12758,All,z_year_leng_max,.629494058195363,.36457320440531,.379680079669559,.255226789035862,stata_areg_centered_student_vce_unadjusted,3,569047
12759,All,z_year_leng_max,.0185719966400403,-.246348857150012,.232363035830924,.66070178766616,stata_areg_centered_student_vce_unadjusted,23,569047
12762,All,z_year_leng_max,.174281089116744,-.0906397646733086,.0969636544966275,.63522757812532,stata_areg_centered_student_vce_unadjusted,69,569047
12766,All,z_year_leng_max,-.771209351638766,-1.03613020542882,.150068151407546,.660639793517594,stata_areg_centered_student_vce_unadjusted,19,569047
12767,All,z_year_leng_max,.103818723951048,-.161102129839005,.109684568321402,.538747218560554,stata_areg_centered_student_vce_unadjusted,68,569047
12775,All,z_year_leng_max,.0245575791112545,-.240363274678798,.0625508210992345,.63968872148972,stata_areg_centered_student_vce_unadjusted,162,569047
12779,All,z_year_leng_max,.225640761869123,-.0392800919209292,.0932053323541064,.656546043360068,stata_areg_centered_student_vce_unadjusted,67,569047
12781,All,z_year_leng_max,.321688977448989,.0567681236589363,.0961849151762131,.624540982453735,stata_areg_centered_student_vce_unadjusted,101,569047
12800,All,z_year_leng_max,.260728741580369,-.0041921122096833,.0914633037073796,.698787778484834,stata_areg_centered_student_vce_unadjusted,98,569047
12802,All,z_year_leng_max,.0813578445553922,-.18356300923466,.0881758446441825,.664661671382896,stata_areg_centered_student_vce_unadjusted,121,569047
12823,All,z_year_leng_max,-.0182405694647488,-.283161423254801,.100222686590869,.578030940531123,stata_areg_centered_student_vce_unadjusted,86,569047
12829,All,z_year_leng_max,.495051169692818,.230130315902766,.0864455321378716,.636593661134337,stata_areg_centered_student_vce_unadjusted,136,569047
12830,All,z_year_leng_max,.0688200946330254,-.196100759157027,.0394970118866498,.635741703912014,stata_areg_centered_student_vce_unadjusted,380,569047
12832,All,z_year_leng_max,.46397045370664,.199049599916588,.0857495753562751,.619654601357811,stata_areg_centered_student_vce_unadjusted,138,569047
12833,All,z_year_leng_max,.228566010115824,-.0363548436742278,.373848476839114,.454945235116353,stata_areg_centered_student_vce_unadjusted,3,569047
12834,All,z_year_leng_max,-.0132612653590323,-.278182119149085,.181534731790218,.92054730342741,stata_areg_centered_student_vce_unadjusted,13,569047
12836,All,z_year_leng_max,-.0853208683201073,-.35024172211016,.105699122293572,.655929534276169,stata_areg_centered_student_vce_unadjusted,69,569047
12837,All,z_year_leng_max,.176409428098415,-.0885114256916369,.0922319951525747,.550265443078092,stata_areg_centered_student_vce_unadjusted,96,569047
12838,All,z_year_leng_max,.138189145261267,-.126731708528786,.0704899289371339,.584258936947891,stata_areg_centered_student_vce_unadjusted,195,569047
12842,All,z_year_leng_max,-.0288580448749558,-.293778898665008,.101236850069623,.575045963247411,stata_areg_centered_student_vce_unadjusted,181,569047
12846,All,z_year_leng_max,.673918858731063,.408998004941011,.0832295579711114,.67791933117915,stata_areg_centered_student_vce_unadjusted,127,569047
12851,All,z_year_leng_max,.172988914648999,-.0919319391410537,.0793199142368207,.619481079627357,stata_areg_centered_student_vce_unadjusted,236,569047
12853,All,z_year_leng_max,.396309951296869,.131389097506816,.082445049845127,.559157398633551,stata_areg_centered_student_vce_unadjusted,239,569047
12855,All,z_year_leng_max,.182292385481748,-.0826284683083047,.0626355024601403,.658267778072155,stata_areg_centered_student_vce_unadjusted,120,569047
12864,All,z_year_leng_max,.456501514754109,.191580660964056,.07729518355435,.661460733271501,stata_areg_centered_student_vce_unadjusted,152,569047
12867,All,z_year_leng_max,.0314511593670435,-.233469694423009,.124478310324379,.828027424213699,stata_areg_centered_student_vce_unadjusted,37,569047
12868,All,z_year_leng_max,.210886451642339,-.0540344021477134,.0744081810521444,.662671624937397,stata_areg_centered_student_vce_unadjusted,149,569047
12870,All,z_year_leng_max,.0548405564758614,-.210080297314191,.216602600905628,.550410605925266,stata_areg_centered_student_vce_unadjusted,9,569047
12876,All,z_year_leng_max,.17248843284136,-.0924324209486923,.110851172575419,.606823732107337,stata_areg_centered_student_vce_unadjusted,47,569047
12884,All,z_year_leng_max,.762752368961201,.497831515171148,.0867608387446566,.606493929385839,stata_areg_centered_student_vce_unadjusted,144,569047
12885,All,z_year_leng_max,.444935221375354,.180014367585302,.0654335366468366,.69727788212278,stata_areg_centered_student_vce_unadjusted,411,569047
12891,All,z_year_leng_max,.204113772193068,-.060807081596984,.0567196713941602,.613964257898845,stata_areg_centered_student_vce_unadjusted,279,569047
12935,All,z_year_leng_max,.184224029483464,-.0806968243065884,.0612884974134162,.631717848377289,stata_areg_centered_student_vce_unadjusted,224,569047
12943,All,z_year_leng_max,.020968535155613,-.243952318634439,.0671747564026275,.68966720425787,stata_areg_centered_student_vce_unadjusted,421,569047
12958,All,z_year_leng_max,.473230042800453,.2083091890104,.0854174220338977,.602022635669025,stata_areg_centered_student_vce_unadjusted,122,569047
12961,All,z_year_leng_max,.12562678764037,-.139294066149682,.169530277614804,.628182274457035,stata_areg_centered_student_vce_unadjusted,15,569047
12963,All,z_year_leng_max,.246732758148778,-.0181880956412746,.0610498228825698,.639010323191335,stata_areg_centered_student_vce_unadjusted,359,569047
12966,All,z_year_leng_max,.497812394791077,.232891541001024,.0904883810615501,.595483355768197,stata_areg_centered_student_vce_unadjusted,134,569047
12970,All,z_year_leng_max,.385639423706898,.120718569916846,.0808722764938236,.689534030599604,stata_areg_centered_student_vce_unadjusted,154,569047
12972,All,z_year_leng_max,.620102813837975,.355181960047923,.457456227221807,.662131481967589,stata_areg_centered_student_vce_unadjusted,2,569047
12974,All,z_year_leng_max,.363063455166331,.0981426013762784,.168865741062178,.68214349029534,stata_areg_centered_student_vce_unadjusted,16,569047
12977,All,z_year_leng_max,.388901673705541,.123980819915489,.0567961274574696,.696166796632329,stata_areg_centered_student_vce_unadjusted,308,569047
12980,All,z_year_leng_max,.222440299679122,-.0424805541109307,.0656058913388237,.631134710357607,stata_areg_centered_student_vce_unadjusted,231,569047
13103,All,z_year_leng_max,.293606142207089,.0286852884170367,.098754612054382,.621700769060426,stata_areg_centered_student_vce_unadjusted,100,569047
13112,All,z_year_leng_max,.523762999051206,.258842145261153,.0608347420655563,.641816304407303,stata_areg_centered_student_vce_unadjusted,338,569047
13117,All,z_year_leng_max,.623481527075731,.358560673285679,.0940068912388039,.706183600464549,stata_areg_centered_student_vce_unadjusted,189,569047
13122,All,z_year_leng_max,-.203639873802546,-.468560727592598,.458585363251228,.491010873006138,stata_areg_centered_student_vce_unadjusted,2,569047
13125,All,z_year_leng_max,.595621217411319,.330700363621267,.117963528256587,.534610341459977,stata_areg_centered_student_vce_unadjusted,94,569047
13145,All,z_year_leng_max,.0322489658398566,-.232671887950196,.0470329422984896,.604154328703313,stata_areg_centered_student_vce_unadjusted,393,569047
13146,All,z_year_leng_max,.119389124866696,-.145531728923356,.0510194199335354,.618821887843397,stata_areg_centered_student_vce_unadjusted,338,569047
13149,All,z_year_leng_max,.474010289565814,.209089435775762,.100920043015003,.541862558454584,stata_areg_centered_student_vce_unadjusted,86,569047
13156,All,z_year_leng_max,.234305619755484,-.0306152340345686,.0505161262870244,.615202034607321,stata_areg_centered_student_vce_unadjusted,259,569047
13168,All,z_year_leng_max,.051907009141726,-.213013844648326,.0830312911457285,.572310050835131,stata_areg_centered_student_vce_unadjusted,73,569047
13176,All,z_year_leng_max,.321441792928778,.0565209391387259,.290186894096424,.672678209689141,stata_areg_centered_student_vce_unadjusted,5,569047
13178,All,z_year_leng_max,.322382131495424,.0574612777053713,.137548097601213,.628739443202162,stata_areg_centered_student_vce_unadjusted,41,569047
13185,All,z_year_leng_max,.165319823708773,-.0996010300812794,.0636442068792076,.567060386166401,stata_areg_centered_student_vce_unadjusted,247,569047
13188,All,z_year_leng_max,.22601883782224,-.038902015967812,.0729044386571129,.639694439446863,stata_areg_centered_student_vce_unadjusted,172,569047
13190,All,z_year_leng_max,.765638279409933,.500717425619881,.0972387041039683,.602386069078045,stata_areg_centered_student_vce_unadjusted,75,569047
13193,All,z_year_leng_max,-.0990385291960402,-.363959382986092,.379864914763851,.302701411233464,stata_areg_centered_student_vce_unadjusted,3,569047
13202,All,z_year_leng_max,.303693225265057,.0387723714750046,.102236961594588,.553572756832324,stata_areg_centered_student_vce_unadjusted,299,569047
13205,All,z_year_leng_max,.425741319425173,.16082046563512,.127569312417535,.596641957985533,stata_areg_centered_student_vce_unadjusted,33,569047
13208,All,z_year_leng_max,-1.07987184074588,-1.34479269453593,.649896984634397,.,stata_areg_centered_student_vce_unadjusted,1,569047
13220,All,z_year_leng_max,.0653291759444174,-.199591677845635,.0489011057381553,.688220006818552,stata_areg_centered_student_vce_unadjusted,210,569047
13300,All,z_year_leng_max,.5272882290965,.262367375306448,.0974679838229397,.59375521037306,stata_areg_centered_student_vce_unadjusted,145,569047
13305,All,z_year_leng_max,.238485837046118,-.0264350167439348,.0925980867529287,.655901462215915,stata_areg_centered_student_vce_unadjusted,71,569047
13313,All,z_year_leng_max,.346146537241356,.0812256834513038,.0604583697473726,.61100297454981,stata_areg_centered_student_vce_unadjusted,381,569047
13314,All,z_year_leng_max,.225013455670731,-.0399073981193209,.0793046576558662,.652982001255026,stata_areg_centered_student_vce_unadjusted,207,569047
13319,All,z_year_leng_max,.630347687711898,.365426833921845,.104172647745742,.563881747810205,stata_areg_centered_student_vce_unadjusted,145,569047
13324,All,z_year_leng_max,.289817536250909,.0248966824608562,.0827361060660795,.632860805926753,stata_areg_centered_student_vce_unadjusted,205,569047
13330,All,z_year_leng_max,.38864071953879,.123719865748738,.138871856631761,.752119338026304,stata_areg_centered_student_vce_unadjusted,28,569047
13332,All,z_year_leng_max,.4172922362295,.152371382439447,.10857716273936,.718489147587108,stata_areg_centered_student_vce_unadjusted,76,569047
13333,All,z_year_leng_max,.161949353621992,-.102971500168061,.0957058957687,.571518240516073,stata_areg_centered_student_vce_unadjusted,50,569047
13341,All,z_year_leng_max,.0827310526027298,-.182189801187323,.168774174802172,.72344161701249,stata_areg_centered_student_vce_unadjusted,18,569047
13344,All,z_year_leng_max,.01979868027924,-.245122173510812,.083295482605412,.544476401848159,stata_areg_centered_student_vce_unadjusted,161,569047
13352,All,z_year_leng_max,.202217856667337,-.0627029971227155,.0884215372524401,.617256235550492,stata_areg_centered_student_vce_unadjusted,212,569047
13356,All,z_year_leng_max,.430822866842879,.165902013052827,.077435583383317,.592288337302388,stata_areg_centered_student_vce_unadjusted,244,569047
13360,All,z_year_leng_max,.295858489280197,.0309376354901448,.0635828087043348,.530834136305682,stata_areg_centered_student_vce_unadjusted,175,569047
13361,All,z_year_leng_max,.208716221382789,-.0562046324072634,.0777137753313828,.655313874511847,stata_areg_centered_student_vce_unadjusted,246,569047
13370,All,z_year_leng_max,.305762202505563,.0408413487155107,.0779586417092148,.636950533415786,stata_areg_centered_student_vce_unadjusted,108,569047
13372,All,z_year_leng_max,.357212839610394,.0922919858203413,.107332216968219,.659066132006393,stata_areg_centered_student_vce_unadjusted,133,569047
13373,All,z_year_leng_max,.19952766973427,-.0653931840557823,.0965108550898526,.60853747599693,stata_areg_centered_student_vce_unadjusted,218,569047
13383,All,z_year_leng_max,.0407889126906278,-.224131941099425,.10486446416347,.66717469611408,stata_areg_centered_student_vce_unadjusted,88,569047
13384,All,z_year_leng_max,.136730659159338,-.128190194630714,.0725536704131784,.643591560178395,stata_areg_centered_student_vce_unadjusted,266,569047
13387,All,z_year_leng_max,.10264332104163,-.162277532748422,.0913001996523309,.702679913965439,stata_areg_centered_student_vce_unadjusted,150,569047
13388,All,z_year_leng_max,.359824137982749,.0949032841926969,.0728492229973828,.601399922280603,stata_areg_centered_student_vce_unadjusted,182,569047
13394,All,z_year_leng_max,.00528751016755898,-.259633343622493,.141162719430527,.623972050291556,stata_areg_centered_student_vce_unadjusted,61,569047
13415,All,z_year_leng_max,.306847632546944,.0419267787568918,.168183029268032,.759274764445536,stata_areg_centered_student_vce_unadjusted,15,569047
13416,All,z_year_leng_max,.187009973497618,-.0779108802924346,.129455042451944,.619429879536618,stata_areg_centered_student_vce_unadjusted,65,569047
13417,All,z_year_leng_max,.200847067367874,-.0640737864221784,.118003706590584,.628881533629338,stata_areg_centered_student_vce_unadjusted,95,569047
13420,All,z_year_leng_max,.0278785765192631,-.237042277270789,.0587544216337467,.624737077652721,stata_areg_centered_student_vce_unadjusted,295,569047
13426,All,z_year_leng_max,.210887423592068,-.054033430197984,.102139890795516,.619015567076487,stata_areg_centered_student_vce_unadjusted,54,569047
13427,All,z_year_leng_max,.0706298755755259,-.194290978214526,.0732102337240158,.611189175788622,stata_areg_centered_student_vce_unadjusted,189,569047
13434,All,z_year_leng_max,.426635153080593,.161714299290541,.0742392423124393,.621955119363347,stata_areg_centered_student_vce_unadjusted,215,569047
13437,All,z_year_leng_max,-.220794486679863,-.485715340469916,.647520492382249,.,stata_areg_centered_student_vce_unadjusted,1,569047
13439,All,z_year_leng_max,.204646886331249,-.0602739674588036,.12022990735469,.66332733077538,stata_areg_centered_student_vce_unadjusted,145,569047
13442,All,z_year_leng_max,.188297651817516,-.076623201972536,.0709960317630611,.675247219951911,stata_areg_centered_student_vce_unadjusted,281,569047
13445,All,z_year_leng_max,.0929496971907859,-.171971156599266,.0954092256950537,.679481450366838,stata_areg_centered_student_vce_unadjusted,50,569047
13446,All,z_year_leng_max,.337858835203441,.0729379814133883,.0777426335305965,.65364502262382,stata_areg_centered_student_vce_unadjusted,231,569047
13450,All,z_year_leng_max,.55948127282553,.294560419035478,.0695007475634051,.589190219567187,stata_areg_centered_student_vce_unadjusted,224,569047
13461,All,z_year_leng_max,.195821527205155,-.0690993265848971,.0843755891683936,.679959909549961,stata_areg_centered_student_vce_unadjusted,83,569047
13462,All,z_year_leng_max,.150179639667882,-.11474121412217,.11302312567194,.630017364732606,stata_areg_centered_student_vce_unadjusted,61,569047
13475,All,z_year_leng_max,.0419671883343424,-.22295366545571,.0993671486551585,.694327633525248,stata_areg_centered_student_vce_unadjusted,74,569047
13486,All,z_year_leng_max,.202330649911815,-.0625902038782372,.0648410565266972,.66315335793867,stata_areg_centered_student_vce_unadjusted,373,569047
13489,All,z_year_leng_max,.427456705493584,.162535851703532,.0925059554860364,.711417898193157,stata_areg_centered_student_vce_unadjusted,218,569047
13491,All,z_year_leng_max,.133392136729191,-.131528717060861,.0666821023985009,.618990498218091,stata_areg_centered_student_vce_unadjusted,185,569047
13503,All,z_year_leng_max,.418025191752265,.153104337962213,.0638858001795057,.62606268903666,stata_areg_centered_student_vce_unadjusted,149,569047
13504,All,z_year_leng_max,.0495864144464325,-.21533443934362,.0804046998551457,.614554289809857,stata_areg_centered_student_vce_unadjusted,129,569047
13513,All,z_year_leng_max,.407897772283703,.142976918493651,.109721974298476,.683836389994066,stata_areg_centered_student_vce_unadjusted,101,569047
13525,All,z_year_leng_max,.164105605194363,-.100815248595689,.465999763127926,1.32869247950836,stata_areg_centered_student_vce_unadjusted,2,569047
13527,All,z_year_leng_max,.468920474873279,.203999621083227,.110384108921893,.654548456940484,stata_areg_centered_student_vce_unadjusted,56,569047
13528,All,z_year_leng_max,-.0380372152775112,-.302958069067564,.325821999876298,.449453536788445,stata_areg_centered_student_vce_unadjusted,4,569047
13535,All,z_year_leng_max,.384479876302851,.119559022512799,.102998197994801,.578301910862254,stata_areg_centered_student_vce_unadjusted,119,569047
13542,All,z_year_leng_max,.43747426299986,.172553409209808,.124581233660735,.659430901258877,stata_areg_centered_student_vce_unadjusted,116,569047
13545,All,z_year_leng_max,.0672618396436623,-.19765901414639,.151045444231099,.743270187718846,stata_areg_centered_student_vce_unadjusted,43,569047
13551,All,z_year_leng_max,.0680530812176258,-.196867772572427,.0703381245128406,.617040109585454,stata_areg_centered_student_vce_unadjusted,151,569047
13553,All,z_year_leng_max,.291807571045886,.0268867172558332,.0862651746033463,.609422388606185,stata_areg_centered_student_vce_unadjusted,63,569047
13558,All,z_year_leng_max,.265355389545319,.000434535755266752,.0528341331122753,.6203814856267,stata_areg_centered_student_vce_unadjusted,293,569047
13561,All,z_year_leng_max,.111418085835595,-.153502767954457,.0599180982194172,.617793770246046,stata_areg_centered_student_vce_unadjusted,271,569047
13565,All,z_year_leng_max,.391717996514986,.126797142724934,.0873887077675043,.620574737979981,stata_areg_centered_student_vce_unadjusted,138,569047
13573,All,z_year_leng_max,.247331296806609,-.0175895569834435,.088651211211167,.566723553574094,stata_areg_centered_student_vce_unadjusted,151,569047
13574,All,z_year_leng_max,.324506539065381,.0595856852753285,.077622028653711,.666296731595146,stata_areg_centered_student_vce_unadjusted,97,569047
13576,All,z_year_leng_max,.120409047259188,-.144511806530864,.0594401390653194,.564153038069401,stata_areg_centered_student_vce_unadjusted,163,569047
13582,All,z_year_leng_max,.00240256927264934,-.262518284517403,.0553532014413052,.573674431350547,stata_areg_centered_student_vce_unadjusted,180,569047
13584,All,z_year_leng_max,.0321417976067542,-.232779056183298,.325463636493778,.351175185363828,stata_areg_centered_student_vce_unadjusted,4,569047
13586,All,z_year_leng_max,.176509545364356,-.088411308425696,.0752942663840706,.635603554863707,stata_areg_centered_student_vce_unadjusted,172,569047
13590,All,z_year_leng_max,.0215486073830761,-.243372246406976,.115826968370098,.593797809305765,stata_areg_centered_student_vce_unadjusted,50,569047
13591,All,z_year_leng_max,.0650473315223788,-.199873522267674,.151811178134043,.464051941851353,stata_areg_centered_student_vce_unadjusted,19,569047
13604,All,z_year_leng_max,.320842905811979,.0559220520219269,.0938665171948268,.573355982316075,stata_areg_centered_student_vce_unadjusted,108,569047
13606,All,z_year_leng_max,.0631943598405563,-.201726493949496,.0716767368408861,.595871653469453,stata_areg_centered_student_vce_unadjusted,204,569047
13610,All,z_year_leng_max,-.0499904829307532,-.314911336720805,.126526454799479,.686478786497277,stata_areg_centered_student_vce_unadjusted,43,569047
13612,All,z_year_leng_max,-.37221804821749,-.637138902007543,.458390874559812,1.10943786222354,stata_areg_centered_student_vce_unadjusted,2,569047
13621,All,z_year_leng_max,-.0169571798596505,-.281878033649703,.0945445330598848,.573319765734144,stata_areg_centered_student_vce_unadjusted,78,569047
13626,All,z_year_leng_max,-.200766266542941,-.465687120332993,.119134487552402,.710396164318206,stata_areg_centered_student_vce_unadjusted,35,569047
13627,All,z_year_leng_max,-.0152918762765821,-.280212730066634,.116036023001869,.614411349719128,stata_areg_centered_student_vce_unadjusted,90,569047
13633,All,z_year_leng_max,.0981184313104932,-.166802422479559,.0953275975952297,.607056896444122,stata_areg_centered_student_vce_unadjusted,112,569047
14201,All,z_year_leng_max,.795676073723875,.530755219933822,.645874442182574,.,stata_areg_centered_student_vce_unadjusted,1,569047
14202,All,z_year_leng_max,.144747552372123,-.12017330141793,.097606828165451,.625418063406535,stata_areg_centered_student_vce_unadjusted,96,569047
14206,All,z_year_leng_max,.0640284420707265,-.200892411719326,.115661876242276,.611684673496601,stata_areg_centered_student_vce_unadjusted,34,569047
14208,All,z_year_leng_max,.149197146246779,-.115723707543274,.248333645666234,.567756805562099,stata_areg_centered_student_vce_unadjusted,7,569047
14210,All,z_year_leng_max,.163061793659241,-.101859060130811,.0559572245351086,.691171544384263,stata_areg_centered_student_vce_unadjusted,295,569047
14211,All,z_year_leng_max,.0556146574063317,-.209306196383721,.0868192384387645,.650760874697928,stata_areg_centered_student_vce_unadjusted,119,569047
14217,All,z_year_leng_max,.310912784136994,.045991930346942,.108934183848346,.717557821663713,stata_areg_centered_student_vce_unadjusted,100,569047
14225,All,z_year_leng_max,.969946370936526,.705025517146474,.373896462101655,.745478279547086,stata_areg_centered_student_vce_unadjusted,3,569047
14232,All,z_year_leng_max,.243211912269016,-.0217089415210363,.0771724374091826,.667789352778573,stata_areg_centered_student_vce_unadjusted,103,569047
14233,All,z_year_leng_max,.222452474609768,-.0424683791802841,.103535104357083,.57352134007004,stata_areg_centered_student_vce_unadjusted,67,569047
14237,All,z_year_leng_max,.211930140841096,-.0529907129489567,.118709450877961,.733971788078405,stata_areg_centered_student_vce_unadjusted,60,569047
14249,All,z_year_leng_max,.888155485746594,.623234631956542,.152483904005697,.583862390482395,stata_areg_centered_student_vce_unadjusted,79,569047
14260,All,z_year_leng_max,.144949195403331,-.119971658386721,.113695236812017,.868345948724631,stata_areg_centered_student_vce_unadjusted,58,569047
14265,All,z_year_leng_max,.294399628292592,.0294787745025402,.0825688425590347,.629667037629312,stata_areg_centered_student_vce_unadjusted,84,569047
14266,All,z_year_leng_max,.0575637904788344,-.207357063311218,.117321538847765,.762428875416014,stata_areg_centered_student_vce_unadjusted,46,569047
14270,All,z_year_leng_max,.20033647192611,-.0645843818639421,.108028364115977,.622843327447028,stata_areg_centered_student_vce_unadjusted,113,569047
14280,All,z_year_leng_max,.556493912254943,.291573058464891,.112363789620081,.60157159111653,stata_areg_centered_student_vce_unadjusted,160,569047
14284,All,z_year_leng_max,.378873225202511,.113952371412459,.0423496854456926,.651051389569579,stata_areg_centered_student_vce_unadjusted,287,569047
14288,All,z_year_leng_max,.257994114455262,-.00692673933479054,.105505089039439,.613805360129167,stata_areg_centered_student_vce_unadjusted,131,569047
14292,All,z_year_leng_max,-1.51442249140116,-1.77934334519121,.644773830700673,.,stata_areg_centered_student_vce_unadjusted,1,569047
14299,All,z_year_leng_max,.276248565557041,.0113277117669888,.0811346347860087,.714616984455091,stata_areg_centered_student_vce_unadjusted,125,569047
14307,All,z_year_leng_max,.484366751086188,.219445897296136,.377184724122432,.499704497735596,stata_areg_centered_student_vce_unadjusted,3,569047
14313,All,z_year_leng_max,.267538082241587,.00261722845153511,.102698540629784,.642784700181101,stata_areg_centered_student_vce_unadjusted,147,569047
14314,All,z_year_leng_max,.296364225167952,.0314433713778994,.104556477170876,.73466739750409,stata_areg_centered_student_vce_unadjusted,95,569047
14315,All,z_year_leng_max,.225918986118541,-.0390018676715111,.120539852222778,.502470147817367,stata_areg_centered_student_vce_unadjusted,51,569047
14316,All,z_year_leng_max,.195564800690562,-.0693560530994904,.0983003912889614,.667000882195391,stata_areg_centered_student_vce_unadjusted,88,569047
14324,All,z_year_leng_max,.107388667900706,-.157532185889346,.196757251593948,.761996432129773,stata_areg_centered_student_vce_unadjusted,13,569047
14332,All,z_year_leng_max,.563720056006236,.298799202216184,.159099336537911,.612289885643303,stata_areg_centered_student_vce_unadjusted,61,569047
14334,All,z_year_leng_max,.487846184386779,.222925330596727,.0615808466094989,.552528160434082,stata_areg_centered_student_vce_unadjusted,291,569047
14336,All,z_year_leng_max,.121875066981436,-.143045786808616,.0905438872480958,.612716669082608,stata_areg_centered_student_vce_unadjusted,55,569047
14348,All,z_year_leng_max,.198931867638533,-.0659889861515195,.0824044475627524,.71434939067477,stata_areg_centered_student_vce_unadjusted,245,569047
14359,All,z_year_leng_max,.291711174146971,.0267903203569185,.0479802889224097,.629762533845877,stata_areg_centered_student_vce_unadjusted,521,569047
14363,All,z_year_leng_max,.482508829463764,.217587975673712,.0450304735604832,.645677203690346,stata_areg_centered_student_vce_unadjusted,434,569047
14365,All,z_year_leng_max,.0572594594618549,-.207661394328197,.106843105205496,.713389069482427,stata_areg_centered_student_vce_unadjusted,48,569047
14373,All,z_year_leng_max,.307366855281166,.042446001491114,.0967178019385439,.653124581556577,stata_areg_centered_student_vce_unadjusted,66,569047
14375,All,z_year_leng_max,.222364086848911,-.0425567669411409,.0625482366204957,.620443900310126,stata_areg_centered_student_vce_unadjusted,169,569047
14379,All,z_year_leng_max,.324967464159444,.0600466103693919,.102561611543221,.627106423744481,stata_areg_centered_student_vce_unadjusted,123,569047
14380,All,z_year_leng_max,.298843380595428,.0339225268053758,.206325346446712,.427002277312338,stata_areg_centered_student_vce_unadjusted,11,569047
14381,All,z_year_leng_max,.0986660088647208,-.166254844925331,.12051653845393,.602089200172394,stata_areg_centered_student_vce_unadjusted,82,569047
14387,All,z_year_leng_max,.263630390151941,-.00129046363811125,.0952439563538357,.643812264103569,stata_areg_centered_student_vce_unadjusted,59,569047
14389,All,z_year_leng_max,.341550678594799,.0766298248047463,.168370986690386,.643895252871772,stata_areg_centered_student_vce_unadjusted,15,569047
14397,All,z_year_leng_max,.326545189780824,.0616243359907721,.108979351099466,.660623263935553,stata_areg_centered_student_vce_unadjusted,46,569047
14413,All,z_year_leng_max,.347627586051749,.0827067322616965,.104973076282299,.636208162431205,stata_areg_centered_student_vce_unadjusted,143,569047
14416,All,z_year_leng_max,.347223072756899,.0823022189668466,.0784074386528134,.654588674442278,stata_areg_centered_student_vce_unadjusted,302,569047
14417,All,z_year_leng_max,-.311100553894605,-.576021407684657,.649904813986696,.,stata_areg_centered_student_vce_unadjusted,1,569047
14418,All,z_year_leng_max,-.369318251144188,-.63423910493424,.177621977945003,.738903994287528,stata_areg_centered_student_vce_unadjusted,15,569047
14420,All,z_year_leng_max,.168384295263337,-.0965365585267149,.14236294368314,.699412687051532,stata_areg_centered_student_vce_unadjusted,77,569047
14421,All,z_year_leng_max,.144640868446178,-.120279985343874,.230784290652981,.749712601302539,stata_areg_centered_student_vce_unadjusted,8,569047
14428,All,z_year_leng_max,.363129735362171,.0982088815721192,.131680610921817,.871415317360989,stata_areg_centered_student_vce_unadjusted,27,569047
14453,All,z_year_leng_max,.0619657814931177,-.202955072296935,.102688621785023,.714186531816833,stata_areg_centered_student_vce_unadjusted,57,569047
14454,All,z_year_leng_max,-.28388780824594,-.548808662035992,.207712295949281,.550863006139929,stata_areg_centered_student_vce_unadjusted,10,569047
14462,All,z_year_leng_max,.121625312637135,-.143295541152917,.206710646181581,.872025080588001,stata_areg_centered_student_vce_unadjusted,10,569047
14466,All,z_year_leng_max,.659868518578304,.394947664788252,.0999290746588408,.654094996904668,stata_areg_centered_student_vce_unadjusted,121,569047
14467,All,z_year_leng_max,1.48808539330695,1.2231645395169,.650405869496838,.,stata_areg_centered_student_vce_unadjusted,1,569047
14470,All,z_year_leng_max,.0822140855926652,-.182706768197387,.0630975619884065,.631069695128224,stata_areg_centered_student_vce_unadjusted,119,569047
14476,All,z_year_leng_max,.564669491835402,.29974863804535,.100933149425509,.748991939278729,stata_areg_centered_student_vce_unadjusted,83,569047
14487,All,z_year_leng_max,.195863379171128,-.0690574746189248,.0653891115935492,.589824164758711,stata_areg_centered_student_vce_unadjusted,196,569047
14490,All,z_year_leng_max,.196423272223697,-.0684975815663555,.0681606801028203,.66476821555937,stata_areg_centered_student_vce_unadjusted,145,569047
14492,All,z_year_leng_max,.678338909578133,.41341805578808,.461243850357448,.844992605841597,stata_areg_centered_student_vce_unadjusted,2,569047
14494,All,z_year_leng_max,.377350958517262,.11243010472721,.10840892152609,.611433513950811,stata_areg_centered_student_vce_unadjusted,83,569047
14498,All,z_year_leng_max,.529398055963082,.264477202173029,.166536001927981,.656471258963899,stata_areg_centered_student_vce_unadjusted,105,569047
14502,All,z_year_leng_max,.512060026087587,.247139172297534,.128065990132656,.661291477998847,stata_areg_centered_student_vce_unadjusted,79,569047
14504,All,z_year_leng_max,.105148137447934,-.159772716342119,.119172378884782,.604515358759577,stata_areg_centered_student_vce_unadjusted,68,569047
14506,All,z_year_leng_max,.455679618944527,.190758765154474,.0669195617187321,.649535070726964,stata_areg_centered_student_vce_unadjusted,289,569047
14508,All,z_year_leng_max,.747628559716316,.482707705926264,.0895635003151982,.601461255847454,stata_areg_centered_student_vce_unadjusted,81,569047
14510,All,z_year_leng_max,.177093959898177,-.0878268938918755,.0769618324517059,.716628189211668,stata_areg_centered_student_vce_unadjusted,185,569047
14511,All,z_year_leng_max,.156171082889711,-.108749770900341,.105907616103313,.601316887908591,stata_areg_centered_student_vce_unadjusted,84,569047
14514,All,z_year_leng_max,.449568252599391,.184647398809339,.08597391779061,.626669274176403,stata_areg_centered_student_vce_unadjusted,239,569047
14523,All,z_year_leng_max,.322453293355755,.0575324395657024,.0736800104951711,.604480216295436,stata_areg_centered_student_vce_unadjusted,256,569047
14525,All,z_year_leng_max,.0841618502238964,-.180759003566156,.458373347712541,.56972735142866,stata_areg_centered_student_vce_unadjusted,2,569047
14526,All,z_year_leng_max,.301087537303718,.0361666835136655,.0718357090891263,.739994870258364,stata_areg_centered_student_vce_unadjusted,233,569047
14527,All,z_year_leng_max,.0594981393439399,-.205422714446112,.0873331988538601,.726905523177677,stata_areg_centered_student_vce_unadjusted,94,569047
14534,All,z_year_leng_max,.209551183451609,-.0553696703384437,.0847799298011313,.802537822561315,stata_areg_centered_student_vce_unadjusted,103,569047
14537,All,z_year_leng_max,.12533303809213,-.139587815697923,.0736521862522471,.59633028106861,stata_areg_centered_student_vce_unadjusted,197,569047
14538,All,z_year_leng_max,.292449849420181,.0275289956301292,.113164395465052,.643400455551218,stata_areg_centered_student_vce_unadjusted,205,569047
14541,All,z_year_leng_max,.116302070649213,-.148618783140839,.103414522563956,.568756056118206,stata_areg_centered_student_vce_unadjusted,116,569047
14545,All,z_year_leng_max,.133147485714634,-.131773368075418,.168883847179084,.598802498438201,stata_areg_centered_student_vce_unadjusted,15,569047
14547,All,z_year_leng_max,.192225203737794,-.0726956500522587,.326560750199938,.782706042630313,stata_areg_centered_student_vce_unadjusted,4,569047
14552,All,z_year_leng_max,.118338352110584,-.146582501679469,.0852324641129029,.617585664241442,stata_areg_centered_student_vce_unadjusted,128,569047
14556,All,z_year_leng_max,.0765328765573737,-.188387977232679,.111960135701688,.772539135138104,stata_areg_centered_student_vce_unadjusted,34,569047
14565,All,z_year_leng_max,.234732680562943,-.0301881732271092,.0876817860804484,.652700117438049,stata_areg_centered_student_vce_unadjusted,99,569047
14568,All,z_year_leng_max,.328515447253371,.0635945934633186,.131682387630596,.661242845614173,stata_areg_centered_student_vce_unadjusted,101,569047
14580,All,z_year_leng_max,.425226109814146,.160305256024093,.110704055626507,.675383159639717,stata_areg_centered_student_vce_unadjusted,72,569047
14592,All,z_year_leng_max,.10625702970168,-.158663824088372,.196919521051432,.622378596685034,stata_areg_centered_student_vce_unadjusted,11,569047
14594,All,z_year_leng_max,.290275583712478,.0253547299224253,.0955274112340761,.663835926456774,stata_areg_centered_student_vce_unadjusted,102,569047
14599,All,z_year_leng_max,.445037222140678,.180116368350626,.0982795889936946,.647102773874677,stata_areg_centered_student_vce_unadjusted,84,569047
14605,All,z_year_leng_max,.390607605326329,.125686751536276,.0925103433012233,.622914204908027,stata_areg_centered_student_vce_unadjusted,196,569047
14606,All,z_year_leng_max,.223390135833751,-.0415307179563017,.0965060761494324,.638101866828804,stata_areg_centered_student_vce_unadjusted,57,569047
14608,All,z_year_leng_max,.15418880017617,-.110732053613882,.068930697570932,.61292593584052,stata_areg_centered_student_vce_unadjusted,207,569047
14614,All,z_year_leng_max,.228231584874733,-.0366892689153196,.088329595287385,.673336214633654,stata_areg_centered_student_vce_unadjusted,216,569047
14616,All,z_year_leng_max,.0301549127679522,-.2347659410221,.140781659358808,.586601365662777,stata_areg_centered_student_vce_unadjusted,49,569047
14622,All,z_year_leng_max,.462041706662967,.197120852872915,.100589382312946,.742433361071571,stata_areg_centered_student_vce_unadjusted,80,569047
14625,All,z_year_leng_max,.413611618192759,.148690764402707,.381853118955633,.778105333059746,stata_areg_centered_student_vce_unadjusted,3,569047
14626,All,z_year_leng_max,.0581082949550704,-.206812558834982,.106869576634425,.663629581500936,stata_areg_centered_student_vce_unadjusted,55,569047
14628,All,z_year_leng_max,.0190973474275565,-.245823506362496,.197057033524024,.730803266928106,stata_areg_centered_student_vce_unadjusted,12,569047
14629,All,z_year_leng_max,.126618759104621,-.138302094685431,.054063529222417,.702936361842007,stata_areg_centered_student_vce_unadjusted,327,569047
14641,All,z_year_leng_max,.44218913394632,.177268280156268,.094846890253701,.659532540774307,stata_areg_centered_student_vce_unadjusted,105,569047
14642,All,z_year_leng_max,.163818219253589,-.101102634536463,.0927142056553414,.73953367724008,stata_areg_centered_student_vce_unadjusted,76,569047
14643,All,z_year_leng_max,.245066104531724,-.0198547492583286,.120720586398195,.56194656561424,stata_areg_centered_student_vce_unadjusted,54,569047
14654,All,z_year_leng_max,.193513032240024,-.0714078215500284,.13657109298165,.966628118284181,stata_areg_centered_student_vce_unadjusted,23,569047
14657,All,z_year_leng_max,.371357325400995,.106436471610943,.189326792574153,.674201045994835,stata_areg_centered_student_vce_unadjusted,13,569047
14659,All,z_year_leng_max,.380023895783273,.115103041993221,.113835370321449,.675278772339412,stata_areg_centered_student_vce_unadjusted,38,569047
14670,All,z_year_leng_max,.301825794593114,.0369049408030614,.0601516112280558,.590742819330359,stata_areg_centered_student_vce_unadjusted,223,569047
14671,All,z_year_leng_max,.158966413708737,-.105954440081315,.076744068457864,.631805606693718,stata_areg_centered_student_vce_unadjusted,163,569047
14673,All,z_year_leng_max,.336062850887743,.0711419970976909,.0757842053053773,.708975025892805,stata_areg_centered_student_vce_unadjusted,100,569047
14674,All,z_year_leng_max,.159130100569949,-.105790753220104,.0634563250929114,.655336482496046,stata_areg_centered_student_vce_unadjusted,217,569047
14675,All,z_year_leng_max,.310464533504583,.0455436797145307,.151639478924804,.728629820847921,stata_areg_centered_student_vce_unadjusted,34,569047
14677,All,z_year_leng_max,.188752791288052,-.0761680625020003,.112401028686916,.625401863560893,stata_areg_centered_student_vce_unadjusted,50,569047
14687,All,z_year_leng_max,.263151234473169,-.00176961931688363,.0892945312751103,.664331825330896,stata_areg_centered_student_vce_unadjusted,108,569047
14697,All,z_year_leng_max,.182927122130935,-.0819937316591174,.0631217805115781,.598638018306219,stata_areg_centered_student_vce_unadjusted,238,569047
14699,All,z_year_leng_max,.279490661980232,.0145698081901795,.0971188049397837,.689550887365282,stata_areg_centered_student_vce_unadjusted,160,569047
14703,All,z_year_leng_max,.197671389146609,-.0672494646434438,.0798207030586837,.704142617302367,stata_areg_centered_student_vce_unadjusted,252,569047
14707,All,z_year_leng_max,.34044987414512,.0755290203550675,.0862483581202223,.760203145481818,stata_areg_centered_student_vce_unadjusted,89,569047
14711,All,z_year_leng_max,.171585601497554,-.0933352522924988,.250797035741493,.720403780296778,stata_areg_centered_student_vce_unadjusted,7,569047
14716,All,z_year_leng_max,.326659011041602,.0617381572515496,.0702980721330867,.66209566275282,stata_areg_centered_student_vce_unadjusted,152,569047
14717,All,z_year_leng_max,.305597081686802,.0406762278967499,.0843329015748497,.648951137173261,stata_areg_centered_student_vce_unadjusted,114,569047
14720,All,z_year_leng_max,.0397834009188447,-.225137452871208,.0608679892084676,.531564429782884,stata_areg_centered_student_vce_unadjusted,134,569047
14750,All,z_year_leng_max,.506569462343272,.24164860855322,.129645267823989,.676006304803179,stata_areg_centered_student_vce_unadjusted,95,569047
14751,All,z_year_leng_max,-.00556916958454842,-.270490023374601,.12353794463404,.587571357444377,stata_areg_centered_student_vce_unadjusted,84,569047
14759,All,z_year_leng_max,.197122575779581,-.0677982780104712,.231090083841908,.768621288522305,stata_areg_centered_student_vce_unadjusted,8,569047
14761,All,z_year_leng_max,.41423991729744,.149319063507387,.650747534787906,.,stata_areg_centered_student_vce_unadjusted,1,569047
14764,All,z_year_leng_max,.405118378714741,.140197524924689,.0710873712488046,.652962238231529,stata_areg_centered_student_vce_unadjusted,194,569047
14770,All,z_year_leng_max,.38711249093379,.122191637143737,.0745153169714848,.688044439204045,stata_areg_centered_student_vce_unadjusted,224,569047
14771,All,z_year_leng_max,.0649111374363838,-.200009716353669,.0989412732656095,.641145722863879,stata_areg_centered_student_vce_unadjusted,54,569047
14773,All,z_year_leng_max,.15847988172716,-.106440972062892,.110482251863532,.651269068782008,stata_areg_centered_student_vce_unadjusted,118,569047
14775,All,z_year_leng_max,.111603894496717,-.153316959293336,.0876183453723422,.644002302974994,stata_areg_centered_student_vce_unadjusted,86,569047
14778,All,z_year_leng_max,.362629743707659,.0977088899176067,.104530652934248,.574134430583537,stata_areg_centered_student_vce_unadjusted,64,569047
14779,All,z_year_leng_max,.275789443384462,.0108685895944096,.087961898016725,.740295342359942,stata_areg_centered_student_vce_unadjusted,88,569047
14782,All,z_year_leng_max,.365985454079009,.101064600288957,.0988373531625206,.640775917903089,stata_areg_centered_student_vce_unadjusted,103,569047
14783,All,z_year_leng_max,.179633027279883,-.0852878265101693,.060325392540949,.658722318159414,stata_areg_centered_student_vce_unadjusted,255,569047
14788,All,z_year_leng_max,.314129101253003,.0492082474629509,.0857119297831356,.7336451116643,stata_areg_centered_student_vce_unadjusted,92,569047
14790,All,z_year_leng_max,.330507334289615,.0655864804995626,.060040131239792,.697357413760276,stata_areg_centered_student_vce_unadjusted,163,569047
14796,All,z_year_leng_max,-.0133912716020384,-.278312125392091,.330360278249549,.97738711608764,stata_areg_centered_student_vce_unadjusted,4,569047
14818,All,z_year_leng_max,.344024965111004,.0791041113209512,.0723888413740719,.667726282962434,stata_areg_centered_student_vce_unadjusted,150,569047
14819,All,z_year_leng_max,.389345956089151,.124425102299098,.115279705933814,.724018858554458,stata_areg_centered_student_vce_unadjusted,75,569047
14820,All,z_year_leng_max,.213404497065356,-.051516356724696,.124658886402691,.537889264817759,stata_areg_centered_student_vce_unadjusted,43,569047
14822,All,z_year_leng_max,.180677708777611,-.0842431450124412,.08878725931305,.633993527581845,stata_areg_centered_student_vce_unadjusted,151,569047
14823,All,z_year_leng_max,-.0613948167173594,-.326315670507412,.132088973343819,.640633329767906,stata_areg_centered_student_vce_unadjusted,62,569047
14825,All,z_year_leng_max,-.00509192162480877,-.270012775414861,.099005034596055,.677110651748128,stata_areg_centered_student_vce_unadjusted,82,569047
14846,All,z_year_leng_max,.0835710999630165,-.181349753827036,.457514129667881,.523211121620941,stata_areg_centered_student_vce_unadjusted,2,569047
14852,All,z_year_leng_max,-.177611842621819,-.442532696411871,.244783699477252,.849447570392132,stata_areg_centered_student_vce_unadjusted,7,569047
14856,All,z_year_leng_max,.284082508021832,.01916165423178,.0659608957945906,.611140599450126,stata_areg_centered_student_vce_unadjusted,162,569047
14860,All,z_year_leng_max,.267146490315967,.00222563652591501,.122196384134154,.759504520853724,stata_areg_centered_student_vce_unadjusted,49,569047
14865,All,z_year_leng_max,.0641641018723701,-.200756751917682,.129054618934482,.534539096964422,stata_areg_centered_student_vce_unadjusted,34,569047
14866,All,z_year_leng_max,.329618913515449,.0646980597253968,.0817244133219515,.643679973214431,stata_areg_centered_student_vce_unadjusted,263,569047
14868,All,z_year_leng_max,.0943849962617224,-.17053585752833,.0971313288283109,.617004051031001,stata_areg_centered_student_vce_unadjusted,55,569047
14870,All,z_year_leng_max,-.0560884293362219,-.321009283126274,.115668381854835,.523242714305304,stata_areg_centered_student_vce_unadjusted,43,569047
14874,All,z_year_leng_max,.464909572801833,.19998871901178,.461835153355097,.54512239632448,stata_areg_centered_student_vce_unadjusted,2,569047
14877,All,z_year_leng_max,.0412937541437038,-.223627099646349,.069153015429269,.675982371959255,stata_areg_centered_student_vce_unadjusted,139,569047
14879,All,z_year_leng_max,.0612247919955889,-.203696061794463,.045506938871188,.632036476265172,stata_areg_centered_student_vce_unadjusted,460,569047
14881,All,z_year_leng_max,.164511869004117,-.100408984785936,.104874717502872,.637153567587455,stata_areg_centered_student_vce_unadjusted,158,569047
14885,All,z_year_leng_max,.272968096994297,.00804724320424482,.115957787906554,.713371012527799,stata_areg_centered_student_vce_unadjusted,59,569047
14901,All,z_year_leng_max,.515943105469428,.251022251679376,.0750804699133707,.688356884051484,stata_areg_centered_student_vce_unadjusted,202,569047
14902,All,z_year_leng_max,.263749528856776,-.00117132493327632,.0903496162150351,.660515110595541,stata_areg_centered_student_vce_unadjusted,94,569047
14912,All,z_year_leng_max,.388786981189789,.123866127399737,.0684367851882702,.67312845722675,stata_areg_centered_student_vce_unadjusted,297,569047
14913,All,z_year_leng_max,.154320394838697,-.110600458951355,.0931365961414901,.706157092524436,stata_areg_centered_student_vce_unadjusted,85,569047
14922,All,z_year_leng_max,.269928799273937,.00500794548388445,.0789454583424812,.620087373444079,stata_areg_centered_student_vce_unadjusted,80,569047
14923,All,z_year_leng_max,.164874554235249,-.100046299554804,.0797956447784869,.620444005035702,stata_areg_centered_student_vce_unadjusted,115,569047
14952,All,z_year_leng_max,.453372019808302,.18845116601825,.0939969571974093,.548667975827022,stata_areg_centered_student_vce_unadjusted,100,569047
14953,All,z_year_leng_max,.0986159087303593,-.166304945059693,.105924591979661,.530648766372321,stata_areg_centered_student_vce_unadjusted,80,569047
15502,All,z_year_leng_max,.0744584246830863,-.190462429106966,.0649612112119875,.604766694264045,stata_areg_centered_student_vce_unadjusted,208,569047
15510,All,z_year_leng_max,.583700350805403,.318779497015351,.0881698677247055,.619079155142561,stata_areg_centered_student_vce_unadjusted,193,569047
15521,All,z_year_leng_max,.800155015151453,.5352341613614,.0843567894194991,.568280467777993,stata_areg_centered_student_vce_unadjusted,199,569047
15522,All,z_year_leng_max,.26460151658972,-.000319337200332115,.107875666224902,.684749241533499,stata_areg_centered_student_vce_unadjusted,83,569047
15524,All,z_year_leng_max,.795167694406986,.530246840616933,.141006944298648,.677368599345326,stata_areg_centered_student_vce_unadjusted,70,569047
15534,All,z_year_leng_max,.250818708070874,-.0141021457191783,.0578565541602658,.780794888886546,stata_areg_centered_student_vce_unadjusted,174,569047
15544,All,z_year_leng_max,.423095153023736,.158174299233684,.103648985130963,.617300652674713,stata_areg_centered_student_vce_unadjusted,93,569047
15554,All,z_year_leng_max,.374449263303159,.109528409513106,.0886827261744353,.679985318637779,stata_areg_centered_student_vce_unadjusted,219,569047
15564,All,z_year_leng_max,.650967345060984,.386046491270932,.148043112498259,.615995452807489,stata_areg_centered_student_vce_unadjusted,168,569047
15574,All,z_year_leng_max,.411103518272083,.146182664482031,.33280004874055,.475735089147234,stata_areg_centered_student_vce_unadjusted,4,569047
15576,All,z_year_leng_max,.833166492794394,.568245639004342,.164330112401841,.603214726928356,stata_areg_centered_student_vce_unadjusted,75,569047
15583,All,z_year_leng_max,.0689741972671228,-.19594665652293,.0589903480736501,.559559769480891,stata_areg_centered_student_vce_unadjusted,159,569047
15589,All,z_year_leng_max,.342494841311406,.0775739875213538,.107042001723634,.639667471140227,stata_areg_centered_student_vce_unadjusted,62,569047
15596,All,z_year_leng_max,.577844077386681,.312923223596628,.130903112247965,.572099813376847,stata_areg_centered_student_vce_unadjusted,36,569047
15600,All,z_year_leng_max,.122907318108553,-.1420135356815,.0895544275762458,.630507978275046,stata_areg_centered_student_vce_unadjusted,158,569047
15601,All,z_year_leng_max,.364820460377005,.099899606586953,.0687268484551452,.662333064080621,stata_areg_centered_student_vce_unadjusted,196,569047
15610,All,z_year_leng_max,.299166823440618,.0342459696505659,.084115645670807,.695439685746228,stata_areg_centered_student_vce_unadjusted,167,569047
15621,All,z_year_leng_max,-.0272764429102346,-.292197296700287,.148142921292703,.654181112265241,stata_areg_centered_student_vce_unadjusted,125,569047
15624,All,z_year_leng_max,.290070224935168,.0251493711451153,.063685027818048,.646051538717112,stata_areg_centered_student_vce_unadjusted,329,569047
15627,All,z_year_leng_max,.24971121500522,-.0152096387848328,.0947747176355674,.546259694417338,stata_areg_centered_student_vce_unadjusted,80,569047
15631,All,z_year_leng_max,.360434957557631,.095514103767579,.109063402987997,.576516266431863,stata_areg_centered_student_vce_unadjusted,86,569047
15633,All,z_year_leng_max,.246441552540362,-.01847930124969,.103015294829362,.791496075210646,stata_areg_centered_student_vce_unadjusted,109,569047
15643,All,z_year_leng_max,.22428700663834,-.0406338471517121,.151726298082603,.724550068678944,stata_areg_centered_student_vce_unadjusted,25,569047
15646,All,z_year_leng_max,.099407483003492,-.16551337078656,.0431564846463391,.638980823679665,stata_areg_centered_student_vce_unadjusted,405,569047
15657,All,z_year_leng_max,.377179146190933,.11225829240088,.0673317375029229,.669124298478657,stata_areg_centered_student_vce_unadjusted,249,569047
15662,All,z_year_leng_max,.208721578057558,-.0561992757324948,.0496830096104849,.659272231885647,stata_areg_centered_student_vce_unadjusted,320,569047
15664,All,z_year_leng_max,.310541265684098,.0456204118940455,.0700775211891016,.640646229582999,stata_areg_centered_student_vce_unadjusted,362,569047
15665,All,z_year_leng_max,-.137939299493546,-.402860153283598,.375175912013421,.135874898986509,stata_areg_centered_student_vce_unadjusted,3,569047
15676,All,z_year_leng_max,.36312030387368,.0981994500836273,.0526914729997236,.611239869317861,stata_areg_centered_student_vce_unadjusted,221,569047
15682,All,z_year_leng_max,.268179701957315,.00325884816726318,.117963751072685,.681357775106678,stata_areg_centered_student_vce_unadjusted,65,569047
15683,All,z_year_leng_max,.310209844485265,.0452889906952125,.0675048768685172,.6290112905092,stata_areg_centered_student_vce_unadjusted,187,569047
15684,All,z_year_leng_max,.430619814084333,.165698960294281,.127074053747997,.690489487847397,stata_areg_centered_student_vce_unadjusted,113,569047
15690,All,z_year_leng_max,.673772930115152,.4088520763251,.0835026115071046,.580799217310439,stata_areg_centered_student_vce_unadjusted,238,569047
15700,All,z_year_leng_max,.300053469913121,.0351326161230688,.0823271225794244,.60429435607339,stata_areg_centered_student_vce_unadjusted,238,569047
15707,All,z_year_leng_max,.191583487147892,-.0733373666421599,.0926926613256382,.617880077547555,stata_areg_centered_student_vce_unadjusted,59,569047
15719,All,z_year_leng_max,.30761700196168,.0426961481716275,.12545850119118,.530499344080442,stata_areg_centered_student_vce_unadjusted,31,569047
15720,All,z_year_leng_max,.0274367378557964,-.237484115934256,.0639021236905998,.617193584669311,stata_areg_centered_student_vce_unadjusted,156,569047
15722,All,z_year_leng_max,.306042609628594,.0411217558385418,.0662989123996904,.683787424910089,stata_areg_centered_student_vce_unadjusted,149,569047
15723,All,z_year_leng_max,-.306130939974099,-.571051793764152,.292820723839411,1.52147346800617,stata_areg_centered_student_vce_unadjusted,5,569047
15726,All,z_year_leng_max,.132023288902775,-.132897564887278,.114804188591124,.716584102259416,stata_areg_centered_student_vce_unadjusted,36,569047
15731,All,z_year_leng_max,.257716385347131,-.00720446844292133,.117866164334353,.675435902701843,stata_areg_centered_student_vce_unadjusted,76,569047
15739,All,z_year_leng_max,.188084617061869,-.0768362367281832,.0743494874044184,.651873538536802,stata_areg_centered_student_vce_unadjusted,170,569047
15744,All,z_year_leng_max,.272314827536446,.00739397374639406,.10222370048892,.64385730163425,stata_areg_centered_student_vce_unadjusted,115,569047
15745,All,z_year_leng_max,.106078350184593,-.15884250360546,.0834817815779531,.66035708566012,stata_areg_centered_student_vce_unadjusted,128,569047
15746,All,z_year_leng_max,.102098200598768,-.162822653191284,.161569654543792,.725915926634172,stata_areg_centered_student_vce_unadjusted,17,569047
15750,All,z_year_leng_max,.3095354116658,.0446145578757478,.103509022903573,.60803330377737,stata_areg_centered_student_vce_unadjusted,53,569047
15756,All,z_year_leng_max,-.164159059209256,-.429079912999308,.37362351083165,.346449756760756,stata_areg_centered_student_vce_unadjusted,3,569047
15758,All,z_year_leng_max,.146719231888997,-.118201621901055,.108594826109912,.676896621077061,stata_areg_centered_student_vce_unadjusted,66,569047
15759,All,z_year_leng_max,.108944781850056,-.155976071939996,.0704776734253649,.59015230113788,stata_areg_centered_student_vce_unadjusted,129,569047
15763,All,z_year_leng_max,-.579995591898446,-.844916445688498,.33056640904151,.811870469281636,stata_areg_centered_student_vce_unadjusted,4,569047
15767,All,z_year_leng_max,.356013479356971,.0910926255669186,.0901454976979055,.620360057662243,stata_areg_centered_student_vce_unadjusted,105,569047
15769,All,z_year_leng_max,.196436108428893,-.0684847453611598,.12722971584632,.66898484638546,stata_areg_centered_student_vce_unadjusted,27,569047
15774,All,z_year_leng_max,.165873179647247,-.0990476741428056,.14899324236074,.644288506881058,stata_areg_centered_student_vce_unadjusted,21,569047
15775,All,z_year_leng_max,.193061718557079,-.0718591352329735,.0690824934571355,.724697827131335,stata_areg_centered_student_vce_unadjusted,97,569047
15781,All,z_year_leng_max,-.0996477774553303,-.364568631245383,.0720267323312272,.634059347328274,stata_areg_centered_student_vce_unadjusted,128,569047
15787,All,z_year_leng_max,.24193276202107,-.0229880917689826,.0833000385416823,.682099464836697,stata_areg_centered_student_vce_unadjusted,144,569047
15792,All,z_year_leng_max,.279648448100525,.0147275943104729,.0946842516306239,.646227328320299,stata_areg_centered_student_vce_unadjusted,115,569047
15793,All,z_year_leng_max,.23844266856582,-.0264781852242321,.0907647808729884,.567452449094167,stata_areg_centered_student_vce_unadjusted,104,569047
15808,All,z_year_leng_max,.220149144471655,-.0447717093183971,.109744597298978,.667921199304199,stata_areg_centered_student_vce_unadjusted,81,569047
15809,All,z_year_leng_max,.173998929872234,-.0909219239178185,.0820424239009152,.690120739530258,stata_areg_centered_student_vce_unadjusted,155,569047
15817,All,z_year_leng_max,.431755092944336,.166834239154283,.0587493723489,.668016045867994,stata_areg_centered_student_vce_unadjusted,305,569047
15820,All,z_year_leng_max,.318815130767287,.0538942769772343,.0673159000070088,.692159251832291,stata_areg_centered_student_vce_unadjusted,189,569047
15830,All,z_year_leng_max,.200097396166714,-.0648234576233387,.64694881374193,.,stata_areg_centered_student_vce_unadjusted,1,569047
15832,All,z_year_leng_max,.311293629007319,.0463727752172668,.172965533893529,.620372478999044,stata_areg_centered_student_vce_unadjusted,33,569047
15840,All,z_year_leng_max,.0559262547433037,-.208994599046749,.072073050396912,.622609998389305,stata_areg_centered_student_vce_unadjusted,88,569047
15843,All,z_year_leng_max,.000762610854102878,-.264158242935949,.0519057390653089,.622939829092119,stata_areg_centered_student_vce_unadjusted,271,569047
15848,All,z_year_leng_max,.224837509883298,-.0400833439067541,.647704217833832,.,stata_areg_centered_student_vce_unadjusted,1,569047
15854,All,z_year_leng_max,.38109401392345,.116173160133398,.26524126789002,.959489123538363,stata_areg_centered_student_vce_unadjusted,6,569047
16410,All,z_year_leng_max,.410070239032137,.145149385242084,.0804697788075706,.606988185104829,stata_areg_centered_student_vce_unadjusted,131,569047
16415,All,z_year_leng_max,.338995647595138,.0740747938050852,.0602347665451121,.662624051333245,stata_areg_centered_student_vce_unadjusted,406,569047
16417,All,z_year_leng_max,.113631252647838,-.151289601142215,.0382979283387647,.615041759486167,stata_areg_centered_student_vce_unadjusted,514,569047
16424,All,z_year_leng_max,.239297186373943,-.0256236674161097,.0646323908690492,.59502766024078,stata_areg_centered_student_vce_unadjusted,210,569047
16427,All,z_year_leng_max,.266982329293975,.00206147550392244,.0906205691788829,.675233344275802,stata_areg_centered_student_vce_unadjusted,139,569047
16431,All,z_year_leng_max,.849944572072776,.585023718282724,.187608410860691,.542042075984323,stata_areg_centered_student_vce_unadjusted,92,569047
16432,All,z_year_leng_max,.0522789729160665,-.212641880873986,.140667577359257,.69454173164526,stata_areg_centered_student_vce_unadjusted,23,569047
16434,All,z_year_leng_max,-.000875760696543616,-.265796614486596,.0665823253992043,.647623816556739,stata_areg_centered_student_vce_unadjusted,117,569047
16441,All,z_year_leng_max,.233762910237054,-.0311579435529987,.0474543196731776,.644003984001158,stata_areg_centered_student_vce_unadjusted,455,569047
16443,All,z_year_leng_max,.11103430603315,-.153886547756902,.0516412699522831,.64068174652264,stata_areg_centered_student_vce_unadjusted,201,569047
16446,All,z_year_leng_max,.10768107813084,-.157239775659213,.0568881356795747,.60305552657504,stata_areg_centered_student_vce_unadjusted,257,569047
16448,All,z_year_leng_max,.31002515839999,.0451043046099379,.0488763965553134,.594284077161253,stata_areg_centered_student_vce_unadjusted,414,569047
16452,All,z_year_leng_max,.210153856849218,-.0547669969408346,.0600364885017016,.626667154514628,stata_areg_centered_student_vce_unadjusted,165,569047
16453,All,z_year_leng_max,.997064395768896,.732143541978844,.109516949576973,.624018597610609,stata_areg_centered_student_vce_unadjusted,107,569047
16457,All,z_year_leng_max,.0544189598697292,-.210501893920323,.251350084230783,.216581445189785,stata_areg_centered_student_vce_unadjusted,7,569047
16459,All,z_year_leng_max,.0702536907129043,-.194667163077148,.112813648486846,.590704717597125,stata_areg_centered_student_vce_unadjusted,50,569047
16461,All,z_year_leng_max,.185178956890445,-.0797418968996073,.416865375770952,.887035040444181,stata_areg_centered_student_vce_unadjusted,3,569047
16462,All,z_year_leng_max,.230263520911775,-.0346573328782769,.163828751513456,.483977866054148,stata_areg_centered_student_vce_unadjusted,16,569047
16467,All,z_year_leng_max,.209687498444459,-.0552333553455936,.0490089141924018,.6415203900645,stata_areg_centered_student_vce_unadjusted,234,569047
16469,All,z_year_leng_max,.240060273230878,-.0248605805591745,.0720419606551961,.666459326867911,stata_areg_centered_student_vce_unadjusted,203,569047
16470,All,z_year_leng_max,.334293168392757,.0693723146027051,.0752649058106907,.654213338251648,stata_areg_centered_student_vce_unadjusted,216,569047
16476,All,z_year_leng_max,.510792022672354,.245871168882301,.126132097600434,.667866851100058,stata_areg_centered_student_vce_unadjusted,76,569047
16477,All,z_year_leng_max,.687549707167828,.422628853377775,.106674943087496,.566638967970602,stata_areg_centered_student_vce_unadjusted,109,569047
16485,All,z_year_leng_max,.551033506507848,.286112652717796,.115413514932881,.604916211002505,stata_areg_centered_student_vce_unadjusted,61,569047
16488,All,z_year_leng_max,.293515553018841,.028594699228789,.0999085360280565,.615209804823626,stata_areg_centered_student_vce_unadjusted,131,569047
16489,All,z_year_leng_max,.28759003160818,.0226691778181281,.136570218539867,.636961365835588,stata_areg_centered_student_vce_unadjusted,86,569047
16494,All,z_year_leng_max,.240480345277654,-.024440508512398,.105466394581421,.643063962726816,stata_areg_centered_student_vce_unadjusted,96,569047
16497,All,z_year_leng_max,.477691872686464,.212771018896412,.103346701800018,.634486479931422,stata_areg_centered_student_vce_unadjusted,80,569047
16502,All,z_year_leng_max,.160092228984666,-.104828624805387,.0615252713011157,.616996836842897,stata_areg_centered_student_vce_unadjusted,197,569047
16507,All,z_year_leng_max,.488629729480753,.223708875690701,.0888994049894614,.643065307831173,stata_areg_centered_student_vce_unadjusted,116,569047
16508,All,z_year_leng_max,.263917455170934,-.00100339861911858,.0736047734361928,.666945286387856,stata_areg_centered_student_vce_unadjusted,242,569047
16509,All,z_year_leng_max,.429600353492705,.164679499702652,.0984287835575433,.751374746827342,stata_areg_centered_student_vce_unadjusted,117,569047
16512,All,z_year_leng_max,.345732303570898,.0808114497808459,.0972697486921767,.684181454434116,stata_areg_centered_student_vce_unadjusted,124,569047
16520,All,z_year_leng_max,.115266158312082,-.149654695477971,.126260424912756,.69210750993567,stata_areg_centered_student_vce_unadjusted,46,569047
16535,All,z_year_leng_max,.328585304997205,.0636644512071523,.0809239085877162,.671704556216956,stata_areg_centered_student_vce_unadjusted,197,569047
16541,All,z_year_leng_max,.111755550666228,-.153165303123825,.0676783427829626,.691826573449594,stata_areg_centered_student_vce_unadjusted,138,569047
16549,All,z_year_leng_max,.187773584847831,-.0771472689422209,.0800595097015176,.646223498186301,stata_areg_centered_student_vce_unadjusted,103,569047
16550,All,z_year_leng_max,.658253159632798,.393332305842746,.0813453863347419,.708311482578911,stata_areg_centered_student_vce_unadjusted,97,569047
16551,All,z_year_leng_max,.0701212998308099,-.194799553959242,.129517818139076,.480837884264284,stata_areg_centered_student_vce_unadjusted,29,569047
16564,All,z_year_leng_max,.239050204088418,-.0258706497016339,.0874028635163009,.640486780764642,stata_areg_centered_student_vce_unadjusted,91,569047
16570,All,z_year_leng_max,.216512554401499,-.0484082993885529,.0927786317562728,.636239539637086,stata_areg_centered_student_vce_unadjusted,94,569047
16582,All,z_year_leng_max,.0187240960673646,-.246196757722688,.0495649428916233,.588917003976937,stata_areg_centered_student_vce_unadjusted,246,569047
16583,All,z_year_leng_max,.299496550714258,.0345756969242058,.0617632428908358,.646438539283771,stata_areg_centered_student_vce_unadjusted,213,569047
16587,All,z_year_leng_max,.0902932577976111,-.174627595992441,.0591566741784736,.613976472377764,stata_areg_centered_student_vce_unadjusted,235,569047
16588,All,z_year_leng_max,.304919437950344,.0399985841602913,.0637774269522879,.686416209731319,stata_areg_centered_student_vce_unadjusted,193,569047
16600,All,z_year_leng_max,.254129895467974,-.0107909583220788,.0710219898728018,.658037798598383,stata_areg_centered_student_vce_unadjusted,277,569047
16604,All,z_year_leng_max,.798455002122639,.533534148332587,.0819211024555008,.735213613455658,stata_areg_centered_student_vce_unadjusted,69,569047
16608,All,z_year_leng_max,.0212160859834011,-.243704767806651,.0735624306856828,.579482093304916,stata_areg_centered_student_vce_unadjusted,136,569047
16627,All,z_year_leng_max,.467764997191774,.202844143401722,.0411095829251393,.684914528272417,stata_areg_centered_student_vce_unadjusted,574,569047
16634,All,z_year_leng_max,.316693139909459,.0517722861194063,.044596097928893,.657808661922491,stata_areg_centered_student_vce_unadjusted,511,569047
16642,All,z_year_leng_max,.372115404787369,.107194550997317,.150326916965811,.622592408502477,stata_areg_centered_student_vce_unadjusted,19,569047
16644,All,z_year_leng_max,.120074668492032,-.144846185298021,.0573206388155103,.637216562015196,stata_areg_centered_student_vce_unadjusted,346,569047
16652,All,z_year_leng_max,.606126526321644,.341205672531592,.155542106968416,.390173482603486,stata_areg_centered_student_vce_unadjusted,24,569047
16676,All,z_year_leng_max,.172642865392094,-.0922779883979581,.114506340978092,.600372679211888,stata_areg_centered_student_vce_unadjusted,52,569047
16678,All,z_year_leng_max,.181903655190386,-.0830171985996661,.054242958039552,.614338577917359,stata_areg_centered_student_vce_unadjusted,178,569047
16685,All,z_year_leng_max,.12859304167093,-.136327812119123,.100018739293144,.575154000123583,stata_areg_centered_student_vce_unadjusted,73,569047
16697,All,z_year_leng_max,.137966615271791,-.126954238518261,.0524581314173938,.654829189875751,stata_areg_centered_student_vce_unadjusted,199,569047
16716,All,z_year_leng_max,.543257697033728,.278336843243676,.0406887627704185,.634943949472546,stata_areg_centered_student_vce_unadjusted,608,569047
16728,All,z_year_leng_max,.305460542553438,.0405396887633857,.0657095810068828,.686158179664722,stata_areg_centered_student_vce_unadjusted,247,569047
16729,All,z_year_leng_max,.247508892037281,-.0174119617527712,.0722490972227665,.65901189593229,stata_areg_centered_student_vce_unadjusted,97,569047
16730,All,z_year_leng_max,.342346031585075,.077425177795023,.0820577931527171,.625517250310446,stata_areg_centered_student_vce_unadjusted,142,569047
16744,All,z_year_leng_max,.326028656328723,.0611078025386712,.165187464729264,.580785027758531,stata_areg_centered_student_vce_unadjusted,16,569047
16748,All,z_year_leng_max,.204751845665222,-.06016900812483,.0966486000986311,.642788053875729,stata_areg_centered_student_vce_unadjusted,192,569047
16749,All,z_year_leng_max,.118280552862431,-.146640300927621,.0706146863061081,.60554674934153,stata_areg_centered_student_vce_unadjusted,141,569047
16751,All,z_year_leng_max,.267003604651832,.00208275086178006,.0652631450620299,.620242937770905,stata_areg_centered_student_vce_unadjusted,325,569047
16752,All,z_year_leng_max,-.362388709683082,-.627309563473134,.648889458774148,.,stata_areg_centered_student_vce_unadjusted,1,569047
16754,All,z_year_leng_max,.148119820597469,-.116801033192583,.0747448642397648,.549183873429567,stata_areg_centered_student_vce_unadjusted,114,569047
16756,All,z_year_leng_max,.194059713223397,-.0708611405666555,.0772198346410706,.678128307267728,stata_areg_centered_student_vce_unadjusted,104,569047
16757,All,z_year_leng_max,.166365331065008,-.0985555227250439,.140565507302544,.602516142555775,stata_areg_centered_student_vce_unadjusted,51,569047
16776,All,z_year_leng_max,.807378576289154,.542457722499102,.264884320645179,.749652628714458,stata_areg_centered_student_vce_unadjusted,10,569047
16793,All,z_year_leng_max,.17818459589859,-.0867362578914622,.0486915785634594,.584936950182997,stata_areg_centered_student_vce_unadjusted,242,569047
16798,All,z_year_leng_max,.120684155144555,-.144236698645497,.102226943776599,.595641846960041,stata_areg_centered_student_vce_unadjusted,66,569047
16799,All,z_year_leng_max,.13666786816798,-.128252985622072,.240732975300976,.410475735658984,stata_areg_centered_student_vce_unadjusted,8,569047
16807,All,z_year_leng_max,.215707825966383,-.0492130278236696,.0619184055436869,.605101340048069,stata_areg_centered_student_vce_unadjusted,141,569047
16815,All,z_year_leng_max,.316674692390406,.0517538386003536,.117395388070321,.716736117498873,stata_areg_centered_student_vce_unadjusted,35,569047
16820,All,z_year_leng_max,.140097706478703,-.12482314731135,.133081629722794,.816072816032476,stata_areg_centered_student_vce_unadjusted,24,569047
16825,All,z_year_leng_max,.14828001072439,-.116640843065662,.0888210731440881,.626798967229858,stata_areg_centered_student_vce_unadjusted,58,569047
16830,All,z_year_leng_max,.157628430934004,-.107292422856048,.0899998116387886,.680198084790891,stata_areg_centered_student_vce_unadjusted,55,569047
16843,All,z_year_leng_max,.0839291351437572,-.180991718646295,.0487324461561188,.573707852783433,stata_areg_centered_student_vce_unadjusted,311,569047
16844,All,z_year_leng_max,.0476726655810572,-.217248188208995,.0599698685317271,.573400037341619,stata_areg_centered_student_vce_unadjusted,146,569047
16849,All,z_year_leng_max,.277806739325096,.0128858855350436,.646425620835588,.,stata_areg_centered_student_vce_unadjusted,1,569047
16851,All,z_year_leng_max,.273145678931296,.00822482514124417,.142304367024467,.690150477084203,stata_areg_centered_student_vce_unadjusted,55,569047
16856,All,z_year_leng_max,.39678392689173,.131863073101678,.105638477697553,.625895114802188,stata_areg_centered_student_vce_unadjusted,67,569047
16886,All,z_year_leng_max,.11841905686054,-.146501796929512,.0556235569027453,.679947963521617,stata_areg_centered_student_vce_unadjusted,157,569047
16887,All,z_year_leng_max,.263525552406005,-.00139530138404703,.267394534548146,.529941968064186,stata_areg_centered_student_vce_unadjusted,6,569047
16892,All,z_year_leng_max,-.0939587455454677,-.35887959933552,.207587365540408,.828115703341785,stata_areg_centered_student_vce_unadjusted,10,569047
16896,All,z_year_leng_max,.541735578007936,.276814724217884,.649177719866947,.,stata_areg_centered_student_vce_unadjusted,1,569047
16915,All,z_year_leng_max,-.278626276384486,-.543547130174538,.376298940804798,.451905703971618,stata_areg_centered_student_vce_unadjusted,3,569047
16919,All,z_year_leng_max,.049481200402008,-.215439653388044,.238539726694157,.597726639698389,stata_areg_centered_student_vce_unadjusted,11,569047
16923,All,z_year_leng_max,.533428601522803,.268507747732751,.0800612524158546,.645037370449825,stata_areg_centered_student_vce_unadjusted,118,569047
16932,All,z_year_leng_max,.179555112412253,-.085365741377799,.0908358988091048,.651228859718131,stata_areg_centered_student_vce_unadjusted,53,569047
16942,All,z_year_leng_max,.390253566076028,.125332712285976,.0978143383836921,.708626178156679,stata_areg_centered_student_vce_unadjusted,59,569047
16945,All,z_year_leng_max,.204298146828004,-.0606227069620481,.180073270663911,.621941720007643,stata_areg_centered_student_vce_unadjusted,21,569047
16955,All,z_year_leng_max,.570407555477963,.30548670168791,.140319445603132,.751827868014746,stata_areg_centered_student_vce_unadjusted,74,569047
16958,All,z_year_leng_max,.209615319856883,-.055305533933169,.0938662725524817,.717982808018433,stata_areg_centered_student_vce_unadjusted,73,569047
16978,All,z_year_leng_max,.358712894113395,.0937920403233429,.203567988402467,.652891629107403,stata_areg_centered_student_vce_unadjusted,20,569047
16985,All,z_year_leng_max,.217284496933303,-.047636356856749,.0941388920290604,.622335033013873,stata_areg_centered_student_vce_unadjusted,117,569047
16993,All,z_year_leng_max,-.346693875721627,-.611614729511679,.265975611650481,.576664767327909,stata_areg_centered_student_vce_unadjusted,6,569047
16997,All,z_year_leng_max,.258267028071581,-.00665382571847173,.0919140245146576,.646823879598476,stata_areg_centered_student_vce_unadjusted,70,569047
17600,All,z_year_leng_max,.262924001083574,-.00199685270647781,.0582681778775444,.674285035849326,stata_areg_centered_student_vce_unadjusted,605,569047
17602,All,z_year_leng_max,.339221678664315,.0743008248742629,.290228939814078,.958259357286762,stata_areg_centered_student_vce_unadjusted,5,569047
17605,All,z_year_leng_max,.277763022594806,.0128421688047539,.0675241744450723,.673934363182764,stata_areg_centered_student_vce_unadjusted,267,569047
17606,All,z_year_leng_max,.484911038092723,.219990184302671,.0649966858193731,.720203419012583,stata_areg_centered_student_vce_unadjusted,337,569047
17607,All,z_year_leng_max,.499475758000444,.234554904210392,.0784179195580696,.576634924326842,stata_areg_centered_student_vce_unadjusted,157,569047
17634,All,z_year_leng_max,.5933342092485,.328413355458447,.114350984873296,.592349012083763,stata_areg_centered_student_vce_unadjusted,83,569047
17635,All,z_year_leng_max,.0814996425248584,-.183421211265194,.069740288011456,.631409926708229,stata_areg_centered_student_vce_unadjusted,403,569047
17643,All,z_year_leng_max,-.021964868608609,-.286885722398661,.168314288014839,.721955932583746,stata_areg_centered_student_vce_unadjusted,16,569047
17652,All,z_year_leng_max,.275487623524258,.0105667697342055,.126407975592769,.643501933007627,stata_areg_centered_student_vce_unadjusted,144,569047
17654,All,z_year_leng_max,.455185809498083,.190264955708031,.246670853768782,.571275903778745,stata_areg_centered_student_vce_unadjusted,7,569047
17657,All,z_year_leng_max,.18226752406085,-.0826533297292028,.0795633033626887,.612865853258836,stata_areg_centered_student_vce_unadjusted,301,569047
17658,All,z_year_leng_max,.157564876058324,-.107355977731728,.106240121385128,.774848300593487,stata_areg_centered_student_vce_unadjusted,39,569047
17660,All,z_year_leng_max,.633309372017935,.368388518227883,.132907943528525,.633105914560708,stata_areg_centered_student_vce_unadjusted,95,569047
17662,All,z_year_leng_max,.366421915363172,.101501061573119,.0633842274423761,.632558161266792,stata_areg_centered_student_vce_unadjusted,251,569047
17687,All,z_year_leng_max,.304381674618115,.0394608208280631,.0960106929414462,.65917112545122,stata_areg_centered_student_vce_unadjusted,277,569047
17701,All,z_year_leng_max,.168976506996596,-.0959443467934561,.17011790027953,.559463649658762,stata_areg_centered_student_vce_unadjusted,15,569047
17703,All,z_year_leng_max,.295939173213086,.0310183194230337,.0704179230259856,.650877521801662,stata_areg_centered_student_vce_unadjusted,267,569047
17708,All,z_year_leng_max,.221286424645382,-.0436344291446702,.146969299514126,.672945466763761,stata_areg_centered_student_vce_unadjusted,97,569047
17719,All,z_year_leng_max,.300319908446849,.0353990546567971,.173863136892466,.683080043414765,stata_areg_centered_student_vce_unadjusted,127,569047
17725,All,z_year_leng_max,-.0619705141866486,-.326891367976701,.108292562683045,.625171392313858,stata_areg_centered_student_vce_unadjusted,154,569047
17726,All,z_year_leng_max,-.602993059781631,-.867913913571683,.457581107970819,.780689229974458,stata_areg_centered_student_vce_unadjusted,2,569047
17728,All,z_year_leng_max,.777236412002479,.512315558212427,.156390310496755,.759552313299689,stata_areg_centered_student_vce_unadjusted,111,569047
17734,All,z_year_leng_max,.176654274575186,-.0882665792148661,.0960713755283908,.628764741546988,stata_areg_centered_student_vce_unadjusted,79,569047
17735,All,z_year_leng_max,.226931622797597,-.0379892309924553,.064240787279027,.673894559565869,stata_areg_centered_student_vce_unadjusted,162,569047
17736,All,z_year_leng_max,.27458481711284,.00966396332278802,.067347029299507,.690017776548372,stata_areg_centered_student_vce_unadjusted,170,569047
17737,All,z_year_leng_max,-.171668311280816,-.436589165070868,.200627967358582,.51090624250133,stata_areg_centered_student_vce_unadjusted,16,569047
17746,All,z_year_leng_max,.351039217321821,.086118363531769,.181702359549717,.586616616664657,stata_areg_centered_student_vce_unadjusted,14,569047
17750,All,z_year_leng_max,.311180890998643,.0462600372085902,.0422857555205191,.703586112977882,stata_areg_centered_student_vce_unadjusted,706,569047
17754,All,z_year_leng_max,.041212773873046,-.223708079917006,.377938063743763,.640941232116443,stata_areg_centered_student_vce_unadjusted,3,569047
17765,All,z_year_leng_max,.34926313252712,.0843422787370681,.0821946078772518,.630523955001646,stata_areg_centered_student_vce_unadjusted,269,569047
17772,All,z_year_leng_max,.105596385585873,-.159324468204179,.0640320045256174,.553437104723974,stata_areg_centered_student_vce_unadjusted,211,569047
17778,All,z_year_leng_max,.0291201330202963,-.235800720769756,.0739923737502978,.646201536821411,stata_areg_centered_student_vce_unadjusted,269,569047
17779,All,z_year_leng_max,.387949894023294,.123029040233242,.0803586619649271,.684301381671613,stata_areg_centered_student_vce_unadjusted,132,569047
17782,All,z_year_leng_max,-.0607130085838346,-.325633862373887,.0882270346879421,.642443747251099,stata_areg_centered_student_vce_unadjusted,77,569047
17788,All,z_year_leng_max,.200648901116593,-.0642719526734595,.0465385725093709,.655828210753138,stata_areg_centered_student_vce_unadjusted,429,569047
17790,All,z_year_leng_max,.144969813345624,-.119951040444429,.0778539348047101,.602017314589544,stata_areg_centered_student_vce_unadjusted,196,569047
17793,All,z_year_leng_max,.534212842082386,.269291988292333,.0618658784960226,.661021218019553,stata_areg_centered_student_vce_unadjusted,244,569047
17794,All,z_year_leng_max,.404538516325014,.139617662534962,.0487498022977467,.664979679143163,stata_areg_centered_student_vce_unadjusted,693,569047
17796,All,z_year_leng_max,.148486346084137,-.116434507705916,.244785528693882,.456268833077621,stata_areg_centered_student_vce_unadjusted,7,569047
17800,All,z_year_leng_max,.273370774654299,.00844992086424656,.0719760666772363,.636150473865411,stata_areg_centered_student_vce_unadjusted,261,569047
17810,All,z_year_leng_max,-.0562608395692994,-.321181693359352,.249261865653629,.765596029698926,stata_areg_centered_student_vce_unadjusted,7,569047
17812,All,z_year_leng_max,.439272544325637,.174351690535585,.0695199524970075,.613558209614726,stata_areg_centered_student_vce_unadjusted,309,569047
17817,All,z_year_leng_max,.0705505785635002,-.194370275226552,.117264329947166,.599360831900563,stata_areg_centered_student_vce_unadjusted,93,569047
17818,All,z_year_leng_max,.0854735800637407,-.179447273726312,.0503362713664456,.64429952491626,stata_areg_centered_student_vce_unadjusted,226,569047
17829,All,z_year_leng_max,.509936447815874,.245015594025822,.290825849620664,1.14809950754792,stata_areg_centered_student_vce_unadjusted,5,569047
17833,All,z_year_leng_max,.280147490909381,.0152266371193288,.0386421314220415,.621493498461919,stata_areg_centered_student_vce_unadjusted,549,569047
17838,All,z_year_leng_max,-.0276487117273166,-.292569565517369,.0706654805667202,.728038134180647,stata_areg_centered_student_vce_unadjusted,112,569047
17843,All,z_year_leng_max,.129240017010264,-.135680836779789,.0463081938238611,.663178029868417,stata_areg_centered_student_vce_unadjusted,507,569047
17847,All,z_year_leng_max,-.28409947982214,-.549020333612192,.401336297857531,.30824644384636,stata_areg_centered_student_vce_unadjusted,3,569047
17848,All,z_year_leng_max,.258901683771778,-.00601917001827412,.110378708634835,.609412432008737,stata_areg_centered_student_vce_unadjusted,73,569047
17850,All,z_year_leng_max,.124332681464847,-.140588172325205,.0625821226368542,.64523735377506,stata_areg_centered_student_vce_unadjusted,447,569047
17854,All,z_year_leng_max,.284781103389153,.0198602495991009,.0997065324704782,.561401139565264,stata_areg_centered_student_vce_unadjusted,86,569047
17855,All,z_year_leng_max,.352742964950561,.0878221111605088,.0544381430910345,.640917951464688,stata_areg_centered_student_vce_unadjusted,236,569047
17857,All,z_year_leng_max,.30653071435741,.0416098605673579,.0509041413289046,.647075721674722,stata_areg_centered_student_vce_unadjusted,293,569047
17858,All,z_year_leng_max,.405612587400747,.140691733610695,.0904408643530765,.596504433198224,stata_areg_centered_student_vce_unadjusted,223,569047
17859,All,z_year_leng_max,.435484608371828,.170563754581776,.0678775029259113,.623166568159645,stata_areg_centered_student_vce_unadjusted,383,569047
17860,All,z_year_leng_max,.212732494537649,-.0521883592524034,.0982030458091162,.534146364700966,stata_areg_centered_student_vce_unadjusted,62,569047
17876,All,z_year_leng_max,.268010505862901,.00308965207284906,.0808370237131779,.629607846632035,stata_areg_centered_student_vce_unadjusted,225,569047
17877,All,z_year_leng_max,.31663746224492,.0517166084548675,.0846211344614042,.672672643937175,stata_areg_centered_student_vce_unadjusted,312,569047
17879,All,z_year_leng_max,.0480610127140105,-.216859841076042,.0922630437362544,.58226341658964,stata_areg_centered_student_vce_unadjusted,51,569047
17881,All,z_year_leng_max,-.0258761921795992,-.290797045969652,.228238456981866,.884501093581498,stata_areg_centered_student_vce_unadjusted,9,569047
17885,All,z_year_leng_max,.141089440354929,-.123831413435124,.0463222245627022,.630640883847535,stata_areg_centered_student_vce_unadjusted,615,569047
17892,All,z_year_leng_max,-.211510683570612,-.476431537360664,.257383712000204,.843241294898537,stata_areg_centered_student_vce_unadjusted,8,569047
17893,All,z_year_leng_max,.463507814483643,.198586960693591,.105202816713816,.716368638817691,stata_areg_centered_student_vce_unadjusted,81,569047
17895,All,z_year_leng_max,.166875125032447,-.0980457287576055,.0744984464445059,.652711230626232,stata_areg_centered_student_vce_unadjusted,238,569047
17900,All,z_year_leng_max,.355629266254274,.0907084124642217,.0940633765593536,.64322036929519,stata_areg_centered_student_vce_unadjusted,133,569047
17902,All,z_year_leng_max,.444539920655079,.179619066865026,.097954910193785,.617504748663535,stata_areg_centered_student_vce_unadjusted,148,569047
17903,All,z_year_leng_max,.204204634335653,-.0607162194543998,.114600423965632,.639083825596463,stata_areg_centered_student_vce_unadjusted,128,569047
17907,All,z_year_leng_max,.267715778292688,.00279492450263524,.0525511122418677,.601351640407192,stata_areg_centered_student_vce_unadjusted,231,569047
17908,All,z_year_leng_max,.126619710113578,-.138301143676474,.0673304597369393,.693594743891363,stata_areg_centered_student_vce_unadjusted,294,569047
17912,All,z_year_leng_max,.221284474939234,-.0436363788508182,.0806343080047942,.588328540680999,stata_areg_centered_student_vce_unadjusted,272,569047
17915,All,z_year_leng_max,-.0414617215070594,-.306382575297112,.0772749697930775,.671087073529121,stata_areg_centered_student_vce_unadjusted,117,569047
17918,All,z_year_leng_max,.329276476068914,.0643556222788613,.0650727298119904,.62487361584729,stata_areg_centered_student_vce_unadjusted,288,569047
17920,All,z_year_leng_max,.20839803261623,-.0565228211738224,.0630937400595954,.650820360666417,stata_areg_centered_student_vce_unadjusted,266,569047
17922,All,z_year_leng_max,.372813690256358,.107892836466305,.457916295979961,.45624134535907,stata_areg_centered_student_vce_unadjusted,2,569047
18004,All,z_year_leng_max,.158383081973863,-.106537771816189,.0636468152971732,.581237114884602,stata_areg_centered_student_vce_unadjusted,268,569047
18007,All,z_year_leng_max,.481425943699449,.216505089909397,.0659464342788936,.672034639294704,stata_areg_centered_student_vce_unadjusted,228,569047
18009,All,z_year_leng_max,-.119123660429455,-.384044514219507,.174651443828673,.813547583783807,stata_areg_centered_student_vce_unadjusted,16,569047
18017,All,z_year_leng_max,.162364017590017,-.102556836200035,.0993304459734791,.64752102058102,stata_areg_centered_student_vce_unadjusted,80,569047
18021,All,z_year_leng_max,-.166933454757651,-.431854308547704,.278669865747586,.562652449058979,stata_areg_centered_student_vce_unadjusted,7,569047
18028,All,z_year_leng_max,.088419382225346,-.176501471564706,.0640290490136697,.675352309647613,stata_areg_centered_student_vce_unadjusted,186,569047
18034,All,z_year_leng_max,.175550302595816,-.0893705511942359,.0705853720313251,.726006606768478,stata_areg_centered_student_vce_unadjusted,233,569047
18035,All,z_year_leng_max,.223252595037073,-.0416682587529788,.117350708543578,.663868870176364,stata_areg_centered_student_vce_unadjusted,84,569047
18037,All,z_year_leng_max,.024096628717925,-.240824225072127,.134224208865657,.612597866343695,stata_areg_centered_student_vce_unadjusted,45,569047
18049,All,z_year_leng_max,.392233769236303,.127312915446251,.061862317759763,.619077762005026,stata_areg_centered_student_vce_unadjusted,248,569047
18050,All,z_year_leng_max,.389826784199322,.124905930409269,.0876296301275873,.643571387938208,stata_areg_centered_student_vce_unadjusted,113,569047
18054,All,z_year_leng_max,-.29190944373874,-.556830297528792,.167913632989304,.741254834918606,stata_areg_centered_student_vce_unadjusted,16,569047
18055,All,z_year_leng_max,.452641669154612,.18772081536456,.130629865113964,.637877528707084,stata_areg_centered_student_vce_unadjusted,50,569047
18066,All,z_year_leng_max,.171765403495961,-.0931554502940915,.0477643222088046,.653746917179,stata_areg_centered_student_vce_unadjusted,367,569047
18075,All,z_year_leng_max,.113445883787315,-.151474970002738,.137582002325546,.53004516147315,stata_areg_centered_student_vce_unadjusted,42,569047
18080,All,z_year_leng_max,-.0304428765736209,-.295363730363673,.090788113613021,.604960984508592,stata_areg_centered_student_vce_unadjusted,129,569047
18082,All,z_year_leng_max,-.218847673199107,-.483768526989159,.64828333343314,.,stata_areg_centered_student_vce_unadjusted,1,569047
18087,All,z_year_leng_max,.43291388347846,.167993029688407,.102487976319082,.690396006742759,stata_areg_centered_student_vce_unadjusted,141,569047
18090,All,z_year_leng_max,-.097585523342828,-.36250637713288,.140188308121477,.534238162052081,stata_areg_centered_student_vce_unadjusted,32,569047
18097,All,z_year_leng_max,.406117932355809,.141197078565757,.0709813275741905,.590672430230596,stata_areg_centered_student_vce_unadjusted,428,569047
18099,All,z_year_leng_max,.267193946519633,.00227309272958109,.131076662256768,.686938928952559,stata_areg_centered_student_vce_unadjusted,32,569047
18112,All,z_year_leng_max,.310890330374937,.0459694765848847,.151895655300408,.654151924314765,stata_areg_centered_student_vce_unadjusted,57,569047
18114,All,z_year_leng_max,.383869811038638,.118948957248586,.113830512027621,.689898171248895,stata_areg_centered_student_vce_unadjusted,90,569047
18124,All,z_year_leng_max,.208015390777154,-.0569054630128984,.0975188812156709,.704602738490119,stata_areg_centered_student_vce_unadjusted,120,569047
18126,All,z_year_leng_max,.233177985491253,-.0317428682987992,.249018872429183,.62900185965338,stata_areg_centered_student_vce_unadjusted,7,569047
18128,All,z_year_leng_max,.526016785331783,.26109593154173,.0787805153763874,.706994583453179,stata_areg_centered_student_vce_unadjusted,125,569047
18163,All,z_year_leng_max,-.267366369569654,-.532287223359706,.326304145504726,1.07001963160043,stata_areg_centered_student_vce_unadjusted,4,569047
18172,All,z_year_leng_max,.249504675941816,-.0154161778482364,.0668031568928592,.689889445928906,stata_areg_centered_student_vce_unadjusted,250,569047
18181,All,z_year_leng_max,.290329017641305,.0254081638512523,.0757970429913061,.662291659016901,stata_areg_centered_student_vce_unadjusted,264,569047
18199,All,z_year_leng_max,.132117503080139,-.132803350709913,.0689359789753916,.739430501069329,stata_areg_centered_student_vce_unadjusted,190,569047
18216,All,z_year_leng_max,.14031798724075,-.124602866549303,.101390749481623,.628332527905855,stata_areg_centered_student_vce_unadjusted,70,569047
18218,All,z_year_leng_max,.137495042742249,-.127425811047803,.100675084583118,.60099216922859,stata_areg_centered_student_vce_unadjusted,57,569047
18220,All,z_year_leng_max,.304282852688217,.0393619988981647,.129190574248716,.651547751341125,stata_areg_centered_student_vce_unadjusted,150,569047
18237,All,z_year_leng_max,.311953907922095,.0470330541320423,.0731545015768879,.626923454307279,stata_areg_centered_student_vce_unadjusted,276,569047
18241,All,z_year_leng_max,.270091333239769,.00517047944971638,.230781655767812,.910993531340067,stata_areg_centered_student_vce_unadjusted,8,569047
18248,All,z_year_leng_max,-.227287742965282,-.492208596755334,.376663209388963,.355411646794124,stata_areg_centered_student_vce_unadjusted,3,569047
18249,All,z_year_leng_max,.388147769318327,.123226915528274,.113184398115514,.659821145622949,stata_areg_centered_student_vce_unadjusted,56,569047
18251,All,z_year_leng_max,.313147217132536,.0482263633424839,.0822804759306885,.649610494916706,stata_areg_centered_student_vce_unadjusted,97,569047
19906,All,z_year_leng_max,.142179891350821,-.122740962439231,.0502992666683315,.582953337078749,stata_areg_centered_student_vce_unadjusted,293,569047
19908,All,z_year_leng_max,.697580472742189,.432659618952136,.110473954803779,.609766748785455,stata_areg_centered_student_vce_unadjusted,215,569047
19913,All,z_year_leng_max,.0789245674867962,-.185996286303256,.0723397497141168,.620137036106629,stata_areg_centered_student_vce_unadjusted,145,569047
19921,All,z_year_leng_max,.313581809769473,.0486609559794211,.0777685362084285,.78666200650708,stata_areg_centered_student_vce_unadjusted,104,569047
19923,All,z_year_leng_max,-.339323808814036,-.604244662604088,.470624190395356,.061547733907143,stata_areg_centered_student_vce_unadjusted,2,569047
19925,All,z_year_leng_max,.188983592028899,-.0759372617611531,.0792244052036361,.555070075636685,stata_areg_centered_student_vce_unadjusted,95,569047
19952,All,z_year_leng_max,.402551347501234,.137630493711182,.0837803379317065,.633505563505893,stata_areg_centered_student_vce_unadjusted,258,569047
19953,All,z_year_leng_max,.388200528063857,.123279674273804,.199311092185007,.532261858852618,stata_areg_centered_student_vce_unadjusted,12,569047
19954,All,z_year_leng_max,.385891436053903,.120970582263851,.117474912925423,.572443812954473,stata_areg_centered_student_vce_unadjusted,55,569047
19959,All,z_year_leng_max,.269702684904327,.00478183111427516,.0923437395792592,.654016507059596,stata_areg_centered_student_vce_unadjusted,53,569047
19962,All,z_year_leng_max,.745375771589948,.480454917799896,.114251107505977,.699385129921196,stata_areg_centered_student_vce_unadjusted,49,569047
19968,All,z_year_leng_max,.232613442482348,-.0323074113077044,.0794470214473678,.58054422457246,stata_areg_centered_student_vce_unadjusted,145,569047
19972,All,z_year_leng_max,.253973036971292,-.0109478168187602,.106944010687485,.607161293687582,stata_areg_centered_student_vce_unadjusted,56,569047
19974,All,z_year_leng_max,.0308323020611022,-.23408855172895,.0827934895045204,.490988568753461,stata_areg_centered_student_vce_unadjusted,68,569047
19981,All,z_year_leng_max,.454109272789996,.189188418999943,.144150563368347,.696267424569465,stata_areg_centered_student_vce_unadjusted,115,569047
19983,All,z_year_leng_max,.367742617646521,.102821763856469,.0715547413509131,.602326586292351,stata_areg_centered_student_vce_unadjusted,229,569047
19993,All,z_year_leng_max,.123401653115216,-.141519200674837,.457662779412288,.474615120364483,stata_areg_centered_student_vce_unadjusted,2,569047
20001,All,z_year_leng_max,-.126562018515353,-.391482872305405,.324128308333867,.381945250773203,stata_areg_centered_student_vce_unadjusted,4,569047
20008,All,z_year_leng_max,.329302109562171,.0643812557721187,.100628184106874,.697235391641926,stata_areg_centered_student_vce_unadjusted,75,569047
20012,All,z_year_leng_max,.314792445880036,.0498715920899837,.481524000233679,.919464411107586,stata_areg_centered_student_vce_unadjusted,2,569047
20016,All,z_year_leng_max,.237750097748588,-.0271707560414642,.0938049590082253,.565537323362705,stata_areg_centered_student_vce_unadjusted,63,569047
20025,All,z_year_leng_max,.464280438889128,.199359585099075,.0757070648277808,.602822867280593,stata_areg_centered_student_vce_unadjusted,239,569047
20037,All,z_year_leng_max,.36299549526293,.0980746414728781,.0707173164742108,.666570297698028,stata_areg_centered_student_vce_unadjusted,89,569047
20041,All,z_year_leng_max,.156350791600627,-.108570062189426,.103375401766314,.622790827116627,stata_areg_centered_student_vce_unadjusted,55,569047
20043,All,z_year_leng_max,1.13858935216788,.873668498377827,.331931758193078,.76425486613595,stata_areg_centered_student_vce_unadjusted,4,569047
20044,All,z_year_leng_max,.130074796495195,-.134846057294857,.149773317259631,.688464744711837,stata_areg_centered_student_vce_unadjusted,19,569047
20048,All,z_year_leng_max,.352155554254992,.0872347004649398,.0705822303417164,.653161097673627,stata_areg_centered_student_vce_unadjusted,228,569047
20052,All,z_year_leng_max,.148013113093769,-.116907740696284,.101723983055232,.540379822446952,stata_areg_centered_student_vce_unadjusted,59,569047
20053,All,z_year_leng_max,.153690313133634,-.111230540656418,.161611170918712,.57579630833476,stata_areg_centered_student_vce_unadjusted,19,569047
20063,All,z_year_leng_max,.162172367261347,-.102748486528705,.168658129328395,.728258902642571,stata_areg_centered_student_vce_unadjusted,15,569047
20068,All,z_year_leng_max,.28447742126279,.0195565674727374,.100790311101725,.643972926227921,stata_areg_centered_student_vce_unadjusted,95,569047
20073,All,z_year_leng_max,.0673839483320302,-.197536905458022,.65050540885464,.,stata_areg_centered_student_vce_unadjusted,1,569047
20074,All,z_year_leng_max,.34131654309397,.0763956893039182,.0946380425736827,.736594680564436,stata_areg_centered_student_vce_unadjusted,115,569047
20078,All,z_year_leng_max,-.560905183449518,-.825826037239571,.648424523871742,.,stata_areg_centered_student_vce_unadjusted,1,569047
20085,All,z_year_leng_max,.362998359768453,.0980775059784004,.0911162698941993,.757734967680681,stata_areg_centered_student_vce_unadjusted,58,569047
20089,All,z_year_leng_max,.147500820071861,-.117420033718192,.464017938743712,.563097403478059,stata_areg_centered_student_vce_unadjusted,2,569047
20090,All,z_year_leng_max,.393691192441621,.128770338651569,.0904930319406661,.641273336932429,stata_areg_centered_student_vce_unadjusted,123,569047
20091,All,z_year_leng_max,.611165672725746,.346244818935694,.061071846245696,.609067597671112,stata_areg_centered_student_vce_unadjusted,224,569047
20095,All,z_year_leng_max,.231898664580524,-.0330221892095287,.138707161501993,.651808278346349,stata_areg_centered_student_vce_unadjusted,31,569047
20096,All,z_year_leng_max,-.308138141385073,-.573058995175126,.646594842606929,.,stata_areg_centered_student_vce_unadjusted,1,569047
20102,All,z_year_leng_max,2.0639734970172,1.79905264322715,.647398284267419,.,stata_areg_centered_student_vce_unadjusted,1,569047
20103,All,z_year_leng_max,-.0407487067603596,-.305669560550412,.0849433773967477,.647904608981185,stata_areg_centered_student_vce_unadjusted,101,569047
20114,All,z_year_leng_max,-.886538363338413,-1.15145921712846,.46217144634292,1.50955480448859,stata_areg_centered_student_vce_unadjusted,2,569047
20127,All,z_year_leng_max,.13491266661948,-.130008187170573,.197482616121804,.401705245520692,stata_areg_centered_student_vce_unadjusted,11,569047
20129,All,z_year_leng_max,.247386464781867,-.0175343890081854,.0687343596143435,.731609304725261,stata_areg_centered_student_vce_unadjusted,129,569047
20136,All,z_year_leng_max,.0791328745922844,-.185787979197768,.21860600943539,.644858155571229,stata_areg_centered_student_vce_unadjusted,9,569047
20137,All,z_year_leng_max,.317254072339509,.0523332185494569,.0777096235407092,.58136450331715,stata_areg_centered_student_vce_unadjusted,262,569047
20139,All,z_year_leng_max,.150498164327678,-.114422689462374,.0804477026625064,.654148644984596,stata_areg_centered_student_vce_unadjusted,78,569047
20151,All,z_year_leng_max,-.591960620166462,-.856881473956515,.462639344239394,.346364597618654,stata_areg_centered_student_vce_unadjusted,2,569047
20153,All,z_year_leng_max,.543108069298016,.278187215507963,.10520754302265,.650094864372115,stata_areg_centered_student_vce_unadjusted,86,569047
20158,All,z_year_leng_max,.35070987741672,.0857890236266678,.0948716560352244,.607365568983345,stata_areg_centered_student_vce_unadjusted,55,569047
20159,All,z_year_leng_max,.358660564945798,.0937397111557452,.0351023217698499,.602850925752145,stata_areg_centered_student_vce_unadjusted,630,569047
20162,All,z_year_leng_max,-.0189902038858375,-.28391105767589,.656840799993512,.,stata_areg_centered_student_vce_unadjusted,1,569047
20164,All,z_year_leng_max,.207406395340229,-.057514458449823,.134468697761909,.874392842293279,stata_areg_centered_student_vce_unadjusted,39,569047
20167,All,z_year_leng_max,.306900440312847,.0419795865227947,.0561442389277558,.643081013035442,stata_areg_centered_student_vce_unadjusted,240,569047
20173,All,z_year_leng_max,.396261617558045,.131340763767993,.0528043566158332,.66229372868506,stata_areg_centered_student_vce_unadjusted,250,569047
20175,All,z_year_leng_max,.0771352715723972,-.187785582217655,.133444545198888,.468037858153588,stata_areg_centered_student_vce_unadjusted,37,569047
20176,All,z_year_leng_max,.0424715020377918,-.222449351752261,.107750421772868,.655823911266057,stata_areg_centered_student_vce_unadjusted,38,569047
20181,All,z_year_leng_max,.399018612520007,.134097758729954,.0756451949801993,.697949233885855,stata_areg_centered_student_vce_unadjusted,156,569047
20184,All,z_year_leng_max,.214768997341863,-.0501518564481895,.11145325160399,.545057704552594,stata_areg_centered_student_vce_unadjusted,36,569047
20193,All,z_year_leng_max,.249509262504324,-.0154115912857281,.201429570109188,.583993225327138,stata_areg_centered_student_vce_unadjusted,11,569047
20194,All,z_year_leng_max,.37491290160441,.109992047814358,.103483509794828,.615344084350967,stata_areg_centered_student_vce_unadjusted,85,569047
20205,All,z_year_leng_max,.441081195035884,.176160341245832,.0996099294611346,.68032697412158,stata_areg_centered_student_vce_unadjusted,83,569047
20209,All,z_year_leng_max,.494279856179557,.229359002389504,.0963180638848727,.594370484180786,stata_areg_centered_student_vce_unadjusted,76,569047
20213,All,z_year_leng_max,.311277019866451,.0463561660763982,.100288975057652,.63698381757911,stata_areg_centered_student_vce_unadjusted,67,569047
20214,All,z_year_leng_max,.393186830093276,.128265976303224,.229036984554571,.569650190436532,stata_areg_centered_student_vce_unadjusted,8,569047
20215,All,z_year_leng_max,.187436791786456,-.0774840620035966,.656382087451186,.,stata_areg_centered_student_vce_unadjusted,1,569047
20219,All,z_year_leng_max,-.114700534444984,-.379621388235036,.12600383858874,.702958041673107,stata_areg_centered_student_vce_unadjusted,57,569047
20226,All,z_year_leng_max,.711743710893128,.446822857103076,.293571247668415,.368751412583446,stata_areg_centered_student_vce_unadjusted,5,569047
20230,All,z_year_leng_max,.0438682048325525,-.2210526489575,.120151613329162,.543539881464951,stata_areg_centered_student_vce_unadjusted,30,569047
20231,All,z_year_leng_max,-.0595000286676107,-.324420882457663,.266003822589235,.430911759862918,stata_areg_centered_student_vce_unadjusted,6,569047
20232,All,z_year_leng_max,-.129026833555618,-.393947687345671,.384568974395007,.928937626183855,stata_areg_centered_student_vce_unadjusted,3,569047
20235,All,z_year_leng_max,.373884417795264,.108963564005211,.0676149594818489,.715702847537778,stata_areg_centered_student_vce_unadjusted,220,569047
20248,All,z_year_leng_max,.275889231079442,.01096837728939,.109080761054384,.567810724775069,stata_areg_centered_student_vce_unadjusted,82,569047
20258,All,z_year_leng_max,.404833124562489,.139912270772437,.0688159300859605,.609601181190411,stata_areg_centered_student_vce_unadjusted,299,569047
20261,All,z_year_leng_max,.597198371273747,.332277517483694,.458051578010416,.330298593811923,stata_areg_centered_student_vce_unadjusted,2,569047
20266,All,z_year_leng_max,.647410298181814,.382489444391762,.0997619863673633,.606251304006034,stata_areg_centered_student_vce_unadjusted,256,569047
20270,All,z_year_leng_max,-.156331308572645,-.421252162362697,.245249072955516,.824800553757335,stata_areg_centered_student_vce_unadjusted,7,569047
20274,All,z_year_leng_max,.150899332170648,-.114021521619404,.0899099627971386,.621042612703281,stata_areg_centered_student_vce_unadjusted,120,569047
20277,All,z_year_leng_max,-.376174072994457,-.641094926784509,.64755291731211,.,stata_areg_centered_student_vce_unadjusted,1,569047
20278,All,z_year_leng_max,.438275274705022,.173354420914969,.326244061103796,.555783685719626,stata_areg_centered_student_vce_unadjusted,4,569047
20290,All,z_year_leng_max,.291507341808318,.026586488018266,.0693700107615589,.605529948499295,stata_areg_centered_student_vce_unadjusted,181,569047
20298,All,z_year_leng_max,.283751975758699,.0188311219686464,.146351776956116,.804414787995464,stata_areg_centered_student_vce_unadjusted,45,569047
20299,All,z_year_leng_max,.303671487129093,.0387506333390406,.0985919371374481,.68063881490156,stata_areg_centered_student_vce_unadjusted,50,569047
20308,All,z_year_leng_max,.472004257798008,.207083404007956,.126316085631039,.615739287738838,stata_areg_centered_student_vce_unadjusted,51,569047
20310,All,z_year_leng_max,-.0702589291349278,-.33517978292498,.458153632718218,.315033065766207,stata_areg_centered_student_vce_unadjusted,2,569047
20311,All,z_year_leng_max,.955897518150065,.690976664360012,.261763061506028,.503284140026674,stata_areg_centered_student_vce_unadjusted,50,569047
20316,All,z_year_leng_max,.187490599354432,-.0774302544356206,.133977016038546,.64750247505682,stata_areg_centered_student_vce_unadjusted,24,569047
20324,All,z_year_leng_max,.079468570783222,-.18545228300683,.0825133108171457,.660738280879044,stata_areg_centered_student_vce_unadjusted,104,569047
20326,All,z_year_leng_max,.305131215584717,.0402103617946649,.230284517755189,.712222034608673,stata_areg_centered_student_vce_unadjusted,8,569047
20347,All,z_year_leng_max,-.390360764099331,-.655281617889384,.219043226602142,.836521885096434,stata_areg_centered_student_vce_unadjusted,9,569047
20348,All,z_year_leng_max,.296052219440995,.0311313656509422,.0732233333209277,.649524706479962,stata_areg_centered_student_vce_unadjusted,164,569047
20352,All,z_year_leng_max,.330542483433355,.065621629643303,.0645277128066475,.629822263510053,stata_areg_centered_student_vce_unadjusted,354,569047
20356,All,z_year_leng_max,.136466751429664,-.128454102360389,.125886170937004,.706420878588033,stata_areg_centered_student_vce_unadjusted,27,569047
20359,All,z_year_leng_max,.603974408581098,.339053554791046,.459309445130103,.43327988490729,stata_areg_centered_student_vce_unadjusted,2,569047
20361,All,z_year_leng_max,-.0469118263293994,-.311832680119452,.268763743206619,1.15259211793616,stata_areg_centered_student_vce_unadjusted,6,569047
20364,All,z_year_leng_max,.383860075810587,.118939222020535,.0499050295951266,.629032943434381,stata_areg_centered_student_vce_unadjusted,300,569047
20376,All,z_year_leng_max,.195613646176899,-.0693072076131534,.11106908078252,.768182614846752,stata_areg_centered_student_vce_unadjusted,50,569047
20388,All,z_year_leng_max,-.242640551049384,-.507561404839436,.647172911727774,.,stata_areg_centered_student_vce_unadjusted,1,569047
20393,All,z_year_leng_max,.63463831804124,.369717464251188,.376855854108187,1.21668611765609,stata_areg_centered_student_vce_unadjusted,3,569047
20395,All,z_year_leng_max,-.206333262280432,-.471254116070484,.188518623620237,.576550561214939,stata_areg_centered_student_vce_unadjusted,12,569047
20399,All,z_year_leng_max,-.475799991553682,-.740720845343734,.457283825091402,.355859559199621,stata_areg_centered_student_vce_unadjusted,2,569047
20400,All,z_year_leng_max,-.111668820798815,-.376589674588867,.136389242204647,.725643619414986,stata_areg_centered_student_vce_unadjusted,56,569047
20402,All,z_year_leng_max,.987179754863903,.72225890107385,.459936595864765,.116332322696831,stata_areg_centered_student_vce_unadjusted,2,569047
20404,All,z_year_leng_max,-.163238635204822,-.428159488994875,.266297633955728,.619349457657218,stata_areg_centered_student_vce_unadjusted,6,569047
20406,All,z_year_leng_max,.371072379141406,.106151525351354,.267769635418177,.726781316153053,stata_areg_centered_student_vce_unadjusted,6,569047
20409,All,z_year_leng_max,-.238598511416618,-.50351936520667,.324834205687199,.629370856527729,stata_areg_centered_student_vce_unadjusted,5,569047
20410,All,z_year_leng_max,.178016704956503,-.0869041488335488,.250037686447662,.522877542785687,stata_areg_centered_student_vce_unadjusted,8,569047
20411,All,z_year_leng_max,-.593192438953576,-.858113292743628,.658300243979633,.,stata_areg_centered_student_vce_unadjusted,1,569047
20424,All,z_year_leng_max,.20081868728504,-.0641021665050123,.0859962990253929,.6529422445443,stata_areg_centered_student_vce_unadjusted,78,569047
20436,All,z_year_leng_max,.450873325574964,.185952471784911,.089812516018059,.613499704399828,stata_areg_centered_student_vce_unadjusted,86,569047
20440,All,z_year_leng_max,.318454405939342,.05353355214929,.116432084188324,.765203015034958,stata_areg_centered_student_vce_unadjusted,40,569047
20441,All,z_year_leng_max,.456322081992745,.191401228202692,.0736021501201714,.595653690669577,stata_areg_centered_student_vce_unadjusted,123,569047
20443,All,z_year_leng_max,.363627952105869,.0987070983158166,.197658105602197,.655513818129779,stata_areg_centered_student_vce_unadjusted,11,569047
20445,All,z_year_leng_max,.386612941943047,.121692088152994,.104559865439274,.618185708149713,stata_areg_centered_student_vce_unadjusted,60,569047
20452,All,z_year_leng_max,.0978247827355933,-.167096071054459,.249632905419632,1.12749632427868,stata_areg_centered_student_vce_unadjusted,7,569047
20460,All,z_year_leng_max,1.20225662203356,.937335768243503,.661181071146249,.,stata_areg_centered_student_vce_unadjusted,1,569047
20461,All,z_year_leng_max,-.0328404275598464,-.297761281349899,.0639201607022417,.588669597604802,stata_areg_centered_student_vce_unadjusted,168,569047
20464,All,z_year_leng_max,-.904811034743084,-1.16973188853314,.647622325277346,.,stata_areg_centered_student_vce_unadjusted,1,569047
20466,All,z_year_leng_max,.154315034714276,-.110605819075777,.145719498206586,.63874329009217,stata_areg_centered_student_vce_unadjusted,20,569047
20469,All,z_year_leng_max,-.106191534830222,-.371112388620274,.29481209479745,.701045037777939,stata_areg_centered_student_vce_unadjusted,5,569047
20470,All,z_year_leng_max,.765983243136626,.501062389346573,.324216527325012,.262221746570066,stata_areg_centered_student_vce_unadjusted,4,569047
20474,All,z_year_leng_max,.373479016147199,.108558162357146,.178447845956298,.725545409907055,stata_areg_centered_student_vce_unadjusted,17,569047
20475,All,z_year_leng_max,.166742060519749,-.0981787932703035,.102384218917887,.711273923505369,stata_areg_centered_student_vce_unadjusted,45,569047
20478,All,z_year_leng_max,.0334065749343132,-.231514278855739,.0609076837409666,.630851438592209,stata_areg_centered_student_vce_unadjusted,240,569047
20484,All,z_year_leng_max,-.140789736203331,-.405710589993384,.458623283762724,.187856953449024,stata_areg_centered_student_vce_unadjusted,2,569047
20494,All,z_year_leng_max,-.0758521050215333,-.340772958811586,.374788393003608,.898645304599634,stata_areg_centered_student_vce_unadjusted,3,569047
20498,All,z_year_leng_max,.154946936327853,-.109973917462199,.323707714099735,.202048316643446,stata_areg_centered_student_vce_unadjusted,4,569047
20502,All,z_year_leng_max,.861295369983925,.596374516193873,.139030611715058,.633740019473138,stata_areg_centered_student_vce_unadjusted,29,569047
20505,All,z_year_leng_max,.578422910796293,.31350205700624,.32651120189769,.966020234187375,stata_areg_centered_student_vce_unadjusted,4,569047
20510,All,z_year_leng_max,.0337307226114235,-.231190131178629,.326427925202606,1.27974300801147,stata_areg_centered_student_vce_unadjusted,4,569047
20513,All,z_year_leng_max,.425886016975534,.160965163185482,.0874401566071044,.696568005151176,stata_areg_centered_student_vce_unadjusted,126,569047
20519,All,z_year_leng_max,.1499425654834,-.114978288306652,.0985444528263033,.72123258023141,stata_areg_centered_student_vce_unadjusted,54,569047
20520,All,z_year_leng_max,.169540183293822,-.0953806704962307,.104846181468306,.621518053597995,stata_areg_centered_student_vce_unadjusted,45,569047
20601,All,z_year_leng_max,.157182882197596,-.107737971592456,.0989447202568768,.651402855256421,stata_areg_centered_student_vce_unadjusted,54,569047
20631,All,z_year_leng_max,-.274066711016889,-.538987564806941,.456410048611261,1.72399740511911,stata_areg_centered_student_vce_unadjusted,2,569047
20665,All,z_year_leng_max,.244816142705202,-.0201047110848507,.193717775476147,.646202841232175,stata_areg_centered_student_vce_unadjusted,13,569047
22007,All,z_year_leng_max,.379069515466488,.114148661676435,.0873701951177137,.656716989972769,stata_areg_centered_student_vce_unadjusted,175,569047
22012,All,z_year_leng_max,.13245620560676,-.132464648183293,.097808582137097,.6146870894786,stata_areg_centered_student_vce_unadjusted,67,569047
22014,All,z_year_leng_max,.321529881293501,.0566090275034483,.102333155089817,.603519370525944,stata_areg_centered_student_vce_unadjusted,87,569047
22021,All,z_year_leng_max,.110434366044628,-.154486487745425,.086461217653459,.615707692937927,stata_areg_centered_student_vce_unadjusted,93,569047
22022,All,z_year_leng_max,.175524759334492,-.0893960944555599,.0703197984275684,.627304363464115,stata_areg_centered_student_vce_unadjusted,149,569047
22024,All,z_year_leng_max,-.0604591581424237,-.325380011932476,.112616369848236,.544859631055578,stata_areg_centered_student_vce_unadjusted,36,569047
22027,All,z_year_leng_max,.0364958954179411,-.228424958372111,.11594204192357,.646482915095068,stata_areg_centered_student_vce_unadjusted,102,569047
22029,All,z_year_leng_max,.474687869694941,.209767015904889,.148633220701929,.614889494277125,stata_areg_centered_student_vce_unadjusted,21,569047
22050,All,z_year_leng_max,.165506694347277,-.0994141594427753,.101413690551558,.528622131427666,stata_areg_centered_student_vce_unadjusted,69,569047
22065,All,z_year_leng_max,.34895663967334,.0840357858832879,.0674490870011445,.649530856603609,stata_areg_centered_student_vce_unadjusted,265,569047
22083,All,z_year_leng_max,.238227230402669,-.0266936233873838,.1638708324009,.581207160432722,stata_areg_centered_student_vce_unadjusted,56,569047
22084,All,z_year_leng_max,.223522676071392,-.0413981777186605,.151496056459962,.502618747314386,stata_areg_centered_student_vce_unadjusted,25,569047
22086,All,z_year_leng_max,.107798353024179,-.157122500765873,.145391595116412,.613798851319628,stata_areg_centered_student_vce_unadjusted,26,569047
22113,All,z_year_leng_max,.0747758737390623,-.19014498005099,.0754351807201105,.697749515541011,stata_areg_centered_student_vce_unadjusted,103,569047
22114,All,z_year_leng_max,.088411904751313,-.176508949038739,.0636701867817763,.611435504647254,stata_areg_centered_student_vce_unadjusted,124,569047
22140,All,z_year_leng_max,.25527579107192,-.00964506271813215,.054051295943428,.640539770520755,stata_areg_centered_student_vce_unadjusted,178,569047
22144,All,z_year_leng_max,.721282245799123,.456361392009071,.116588313492679,.54920110041073,stata_areg_centered_student_vce_unadjusted,177,569047
22155,All,z_year_leng_max,.349151464584338,.0842306107942862,.0908755484675349,.685756398689595,stata_areg_centered_student_vce_unadjusted,109,569047
22160,All,z_year_leng_max,.36309489159261,.0981740378025577,.109038968772061,.646619990622638,stata_areg_centered_student_vce_unadjusted,87,569047
22177,All,z_year_leng_max,.587696823607047,.322775969816994,.10304964524788,.643031690412569,stata_areg_centered_student_vce_unadjusted,107,569047
22187,All,z_year_leng_max,.423946596955486,.159025743165433,.189018096193544,.912543735217475,stata_areg_centered_student_vce_unadjusted,12,569047
22188,All,z_year_leng_max,.596265298400014,.331344444609962,.38552460039814,1.40232019873275,stata_areg_centered_student_vce_unadjusted,3,569047
22191,All,z_year_leng_max,.267221081897204,.00230022810715119,.0779514716550919,.644889310232261,stata_areg_centered_student_vce_unadjusted,224,569047
22192,All,z_year_leng_max,.501477316338494,.236556462548442,.0716734127853463,.658070409730695,stata_areg_centered_student_vce_unadjusted,258,569047
22196,All,z_year_leng_max,.298771325072507,.0338504712824543,.120537952956523,.546346085326142,stata_areg_centered_student_vce_unadjusted,58,569047
22200,All,z_year_leng_max,.13697013872902,-.127950715061032,.0732067496112138,.582037400657419,stata_areg_centered_student_vce_unadjusted,146,569047
22210,All,z_year_leng_max,.307766239380209,.0428453855901568,.114802110614615,.660898892909189,stata_areg_centered_student_vce_unadjusted,81,569047
22211,All,z_year_leng_max,.781688171414069,.516767317624016,.123617850149868,.585705688367679,stata_areg_centered_student_vce_unadjusted,109,569047
22218,All,z_year_leng_max,.399290816040887,.134369962250835,.145933800721609,.641686204937457,stata_areg_centered_student_vce_unadjusted,37,569047
22224,All,z_year_leng_max,.239369354987088,-.0255514988029639,.100431281378879,.778986645424852,stata_areg_centered_student_vce_unadjusted,93,569047
22231,All,z_year_leng_max,.523982008947186,.259061155157134,.073845709283397,.678312671052641,stata_areg_centered_student_vce_unadjusted,165,569047
22234,All,z_year_leng_max,.357997427668277,.0930765738782249,.102061671574311,.651555289606692,stata_areg_centered_student_vce_unadjusted,83,569047
22236,All,z_year_leng_max,.400742958293702,.135822104503649,.0592343830492874,.665055308659603,stata_areg_centered_student_vce_unadjusted,191,569047
22262,All,z_year_leng_max,.389379071158881,.124458217368829,.0853585234205582,.686765965452972,stata_areg_centered_student_vce_unadjusted,132,569047
22270,All,z_year_leng_max,-.0976636539104612,-.362584507700513,.164791714471824,.617893780766792,stata_areg_centered_student_vce_unadjusted,16,569047
22271,All,z_year_leng_max,.072688185856544,-.192232667933508,.0579462890661121,.653366255125907,stata_areg_centered_student_vce_unadjusted,178,569047
22276,All,z_year_leng_max,-.699342569304108,-.96426342309416,.644851323045152,.,stata_areg_centered_student_vce_unadjusted,1,569047
22296,All,z_year_leng_max,.0184885480822401,-.246432305707812,.139795169887756,.703823377472182,stata_areg_centered_student_vce_unadjusted,22,569047
22306,All,z_year_leng_max,.164163150052329,-.100757703737724,.103633612926038,.729446229425405,stata_areg_centered_student_vce_unadjusted,61,569047
22307,All,z_year_leng_max,1.08914204806683,.824221194276779,.65807273191251,.,stata_areg_centered_student_vce_unadjusted,1,569047
22309,All,z_year_leng_max,.158011161921787,-.106909691868266,.0893189408163132,.72199097668185,stata_areg_centered_student_vce_unadjusted,120,569047
22313,All,z_year_leng_max,.276297345383475,.0113764915934224,.10822468988554,.533902597073649,stata_areg_centered_student_vce_unadjusted,50,569047
22317,All,z_year_leng_max,.14439402070917,-.120526833080883,.18141622487445,.766802970894339,stata_areg_centered_student_vce_unadjusted,14,569047
22322,All,z_year_leng_max,.0486773559921025,-.21624349779795,.118092780746967,.60146696596052,stata_areg_centered_student_vce_unadjusted,74,569047
22330,All,z_year_leng_max,.504883589240841,.239962735450788,.101962039334829,.643292506333801,stata_areg_centered_student_vce_unadjusted,102,569047
22351,All,z_year_leng_max,.443877945994433,.178957092204381,.0842756891184771,.644368467843325,stata_areg_centered_student_vce_unadjusted,287,569047
22356,All,z_year_leng_max,.239178838953091,-.0257420148369616,.0579096251405086,.645502816408385,stata_areg_centered_student_vce_unadjusted,175,569047
22358,All,z_year_leng_max,.0211192202916809,-.243801633498371,.107561882832567,.598658940040701,stata_areg_centered_student_vce_unadjusted,99,569047
22361,All,z_year_leng_max,.768790317068065,.503869463278012,.457713334498748,.545751008167448,stata_areg_centered_student_vce_unadjusted,2,569047
22372,All,z_year_leng_max,.603582261271896,.338661407481843,.0993576846632357,.668775703138218,stata_areg_centered_student_vce_unadjusted,96,569047
22374,All,z_year_leng_max,-.0541369003671336,-.319057754157186,.164800927296875,.683419459329994,stata_areg_centered_student_vce_unadjusted,23,569047
22388,All,z_year_leng_max,-.0712282802860783,-.336149134076131,.181139914342857,.627024023033016,stata_areg_centered_student_vce_unadjusted,13,569047
22397,All,z_year_leng_max,.00456287262494365,-.260357981165109,.110488316037429,.509995261057203,stata_areg_centered_student_vce_unadjusted,39,569047
22398,All,z_year_leng_max,.241115913924449,-.0238049398656034,.135220030740811,.669851755926389,stata_areg_centered_student_vce_unadjusted,54,569047
22401,All,z_year_leng_max,-.342420337748181,-.607341191538233,.648435245948041,.,stata_areg_centered_student_vce_unadjusted,1,569047
22403,All,z_year_leng_max,.322037224136115,.057116370346063,.114850969163173,.628768297612096,stata_areg_centered_student_vce_unadjusted,74,569047
22405,All,z_year_leng_max,-.202208613699173,-.467129467489226,.189764577987867,.449580975701314,stata_areg_centered_student_vce_unadjusted,12,569047
22410,All,z_year_leng_max,.368767194472605,.103846340682553,.0837874599741988,.672865430925391,stata_areg_centered_student_vce_unadjusted,262,569047
22415,All,z_year_leng_max,.192215288360955,-.0727055654290975,.10016853625579,.625357243999556,stata_areg_centered_student_vce_unadjusted,47,569047
22434,All,z_year_leng_max,.383175205439859,.118254351649807,.0583430720025934,.622487685199825,stata_areg_centered_student_vce_unadjusted,604,569047
22436,All,z_year_leng_max,.104967196754143,-.159953657035909,.0762539930679858,.623998552362176,stata_areg_centered_student_vce_unadjusted,149,569047
22446,All,z_year_leng_max,-.103710883222373,-.368631737012425,.649998078571979,.,stata_areg_centered_student_vce_unadjusted,1,569047
22459,All,z_year_leng_max,.403434828232995,.138513974442942,.0852641803033296,.617025655523346,stata_areg_centered_student_vce_unadjusted,90,569047
22461,All,z_year_leng_max,.35632594341027,.0914050896202175,.0656182806087472,.559153041465145,stata_areg_centered_student_vce_unadjusted,118,569047
22462,All,z_year_leng_max,.256075285500076,-.00884556828997668,.0820324550340233,.566260824682653,stata_areg_centered_student_vce_unadjusted,105,569047
22464,All,z_year_leng_max,.133339107084759,-.131581746705293,.0756877933827462,.596872924556217,stata_areg_centered_student_vce_unadjusted,108,569047
22466,All,z_year_leng_max,.486744832862208,.221823979072156,.649065353047131,.,stata_areg_centered_student_vce_unadjusted,1,569047
22467,All,z_year_leng_max,.0945611642321567,-.170359689557896,.127332229297855,.754604400965106,stata_areg_centered_student_vce_unadjusted,46,569047
22473,All,z_year_leng_max,.180328725765512,-.0845921280245399,.458497770704866,.0970264347126648,stata_areg_centered_student_vce_unadjusted,2,569047
22475,All,z_year_leng_max,.466242243363099,.201321389573047,.649656428523562,.,stata_areg_centered_student_vce_unadjusted,1,569047
22478,All,z_year_leng_max,.277804538806468,.0128836850164159,.0572486462393209,.574437296116334,stata_areg_centered_student_vce_unadjusted,166,569047
22482,All,z_year_leng_max,-.301301658788364,-.566222512578416,.459067882779231,.573521431521588,stata_areg_centered_student_vce_unadjusted,2,569047
22483,All,z_year_leng_max,.303302571477912,.03838171768786,.0541382034609043,.618220109931489,stata_areg_centered_student_vce_unadjusted,439,569047
22485,All,z_year_leng_max,-.044353750473871,-.309274604263923,.653705783752751,.,stata_areg_centered_student_vce_unadjusted,1,569047
22494,All,z_year_leng_max,.134399855006043,-.130520998784009,.0514415552139366,.63921209049771,stata_areg_centered_student_vce_unadjusted,204,569047
22495,All,z_year_leng_max,-.0116557160113208,-.276576569801373,.110517928518636,.621036825558707,stata_areg_centered_student_vce_unadjusted,56,569047
22496,All,z_year_leng_max,.421935348415238,.157014494625186,.199092728530762,.65153039259486,stata_areg_centered_student_vce_unadjusted,21,569047
22499,All,z_year_leng_max,.136175698316978,-.128745155473074,.055576868743194,.626435420117858,stata_areg_centered_student_vce_unadjusted,279,569047
22504,All,z_year_leng_max,.338207793448301,.0732869396582489,.0851857848876329,.657210639464379,stata_areg_centered_student_vce_unadjusted,104,569047
22505,All,z_year_leng_max,.553193947216678,.288273093426626,.126535609496416,.610114940469134,stata_areg_centered_student_vce_unadjusted,52,569047
22506,All,z_year_leng_max,.713574877962323,.448654024172271,.0748642748532327,.685423351919446,stata_areg_centered_student_vce_unadjusted,176,569047
22516,All,z_year_leng_max,.198033201706905,-.066887652083147,.0566559959467742,.672928387636835,stata_areg_centered_student_vce_unadjusted,240,569047
22535,All,z_year_leng_max,.110044992858292,-.154875860931761,.150362791906141,.595021551693347,stata_areg_centered_student_vce_unadjusted,22,569047
22536,All,z_year_leng_max,.524129789075262,.25920893528521,.130987121468548,.668827506515461,stata_areg_centered_student_vce_unadjusted,77,569047
22540,All,z_year_leng_max,.203136550622171,-.0617843031678814,.0486137464365924,.608388659209556,stata_areg_centered_student_vce_unadjusted,279,569047
22542,All,z_year_leng_max,.205597517390843,-.0593233363992095,.0928229071875342,.639150986905414,stata_areg_centered_student_vce_unadjusted,126,569047
22543,All,z_year_leng_max,.169373680547776,-.0955471732422762,.0571886314828445,.644089221467375,stata_areg_centered_student_vce_unadjusted,154,569047
22544,All,z_year_leng_max,.23056234997715,-.0343585038129026,.0845271414918375,.585650678677853,stata_areg_centered_student_vce_unadjusted,70,569047
22545,All,z_year_leng_max,.305054749159003,.0401338953689507,.459055017867043,.71932881016822,stata_areg_centered_student_vce_unadjusted,2,569047
22551,All,z_year_leng_max,.0992703451826028,-.16565050860745,.467299927427981,.171288329403092,stata_areg_centered_student_vce_unadjusted,2,569047
22553,All,z_year_leng_max,.129216596749295,-.135704257040757,.082485961897878,.571007199029023,stata_areg_centered_student_vce_unadjusted,71,569047
22560,All,z_year_leng_max,.421191444195587,.156270590405534,.0739326924575523,.641973115389961,stata_areg_centered_student_vce_unadjusted,179,569047
22564,All,z_year_leng_max,.0870745331994819,-.17784632059057,.0611712532692883,.626962075249125,stata_areg_centered_student_vce_unadjusted,184,569047
22597,All,z_year_leng_max,-.0051573074185989,-.270078161208651,.0898680790796796,.62053172209487,stata_areg_centered_student_vce_unadjusted,122,569047
22602,All,z_year_leng_max,.188977914354297,-.0759429394357556,.109753354487329,.670772472078379,stata_areg_centered_student_vce_unadjusted,98,569047
22609,All,z_year_leng_max,.333656164283354,.0687353104933017,.0676481861745979,.64995722564878,stata_areg_centered_student_vce_unadjusted,159,569047
22626,All,z_year_leng_max,.156638924778975,-.108281929011077,.0672511012319316,.616432157949669,stata_areg_centered_student_vce_unadjusted,114,569047
22627,All,z_year_leng_max,.5635161365946,.298595282804547,.125691325169338,.821332036361997,stata_areg_centered_student_vce_unadjusted,41,569047
22629,All,z_year_leng_max,.464832113657652,.199911259867599,.0888189636486666,.638116815111194,stata_areg_centered_student_vce_unadjusted,133,569047
22634,All,z_year_leng_max,.262765447741761,-.00215540604829151,.0649255731119573,.743068438097452,stata_areg_centered_student_vce_unadjusted,170,569047
22641,All,z_year_leng_max,.156265587433989,-.108655266356063,.134186447662195,.679418967531388,stata_areg_centered_student_vce_unadjusted,65,569047
22655,All,z_year_leng_max,.0425226504055101,-.222398203384542,.0817059035196409,.635274516834126,stata_areg_centered_student_vce_unadjusted,152,569047
22664,All,z_year_leng_max,.238258205445061,-.0266626483449912,.0657752483835937,.635232054779117,stata_areg_centered_student_vce_unadjusted,119,569047
22672,All,z_year_leng_max,.32052764217862,.0556067883885676,.0863463577916024,.662514067145713,stata_areg_centered_student_vce_unadjusted,79,569047
22674,All,z_year_leng_max,.231266466640918,-.033654387149134,.0968290853210043,.575984122503146,stata_areg_centered_student_vce_unadjusted,115,569047
22691,All,z_year_leng_max,.179392227639909,-.0855286261501433,.0684641942352539,.607644889064264,stata_areg_centered_student_vce_unadjusted,240,569047
22692,All,z_year_leng_max,.495043006334309,.230122152544257,.0891791018244173,.744206975246026,stata_areg_centered_student_vce_unadjusted,154,569047
22702,All,z_year_leng_max,.289651329561599,.0247304757715464,.0777001552090771,.644339765328978,stata_areg_centered_student_vce_unadjusted,117,569047
22707,All,z_year_leng_max,.255628868286619,-.00929198550343358,.238120662151954,.640472022774546,stata_areg_centered_student_vce_unadjusted,8,569047
22743,All,z_year_leng_max,.295556113222006,.0306352594319537,.113802094704831,.643100506868284,stata_areg_centered_student_vce_unadjusted,42,569047
22752,All,z_year_leng_max,.166085121671556,-.0988357321184959,.0584266582380852,.568971521056922,stata_areg_centered_student_vce_unadjusted,163,569047
22755,All,z_year_leng_max,.105430759346876,-.159490094443177,.0755519855598694,.641565341367267,stata_areg_centered_student_vce_unadjusted,98,569047
22758,All,z_year_leng_max,.0200568731882862,-.244863980601766,.105028132067586,.60191511565276,stata_areg_centered_student_vce_unadjusted,64,569047
22759,All,z_year_leng_max,.158416340992108,-.106504512797944,.107534885269719,.60415731064217,stata_areg_centered_student_vce_unadjusted,83,569047
24201,All,z_year_leng_max,.228017325448136,-.0369035283419161,.114467321559859,.562115659020593,stata_areg_centered_student_vce_unadjusted,133,569047
24203,All,z_year_leng_max,.466055945253296,.201135091463244,.102174026302894,.654135944796418,stata_areg_centered_student_vce_unadjusted,107,569047
24204,All,z_year_leng_max,.217925687930802,-.04699516585925,.123621911177607,.577652637286853,stata_areg_centered_student_vce_unadjusted,110,569047
24206,All,z_year_leng_max,.285725839604869,.0208049858148167,.0827968249287227,.650178878692735,stata_areg_centered_student_vce_unadjusted,234,569047
24207,All,z_year_leng_max,.654499168754307,.389578314964255,.0758501647899733,.679206023559988,stata_areg_centered_student_vce_unadjusted,265,569047
24209,All,z_year_leng_max,.17683922324041,-.0880816305496421,.119246838773471,.591717103373334,stata_areg_centered_student_vce_unadjusted,59,569047
24212,All,z_year_leng_max,.386229491962782,.121308638172729,.0783791778697147,.643072767592814,stata_areg_centered_student_vce_unadjusted,203,569047
24213,All,z_year_leng_max,.585199093880312,.320278240090259,.105029494531381,.606679254640299,stata_areg_centered_student_vce_unadjusted,99,569047
24215,All,z_year_leng_max,-.452201104293225,-.717121958083277,.648994086790566,.,stata_areg_centered_student_vce_unadjusted,1,569047
24224,All,z_year_leng_max,.271714861546037,.0067940077559846,.069644690819813,.667216413287011,stata_areg_centered_student_vce_unadjusted,181,569047
24230,All,z_year_leng_max,.364849983245899,.0999291294558469,.0814164270006836,.762819056364456,stata_areg_centered_student_vce_unadjusted,203,569047
24231,All,z_year_leng_max,.341794541861649,.0768736880715966,.0965544088799792,.64678419118498,stata_areg_centered_student_vce_unadjusted,79,569047
24233,All,z_year_leng_max,.194930230260589,-.0699906235294633,.131451621344436,.616104628513873,stata_areg_centered_student_vce_unadjusted,53,569047
24234,All,z_year_leng_max,.166510880335448,-.0984099734546044,.377071894495695,.864955703881742,stata_areg_centered_student_vce_unadjusted,3,569047
24237,All,z_year_leng_max,.513484077833356,.248563224043304,.253543340880246,.172987389585698,stata_areg_centered_student_vce_unadjusted,7,569047
24238,All,z_year_leng_max,-.058648182993594,-.323569036783646,.268473524117725,.286648609397361,stata_areg_centered_student_vce_unadjusted,6,569047
24240,All,z_year_leng_max,.397001884797829,.132081031007777,.0706876014634662,.668241049730029,stata_areg_centered_student_vce_unadjusted,203,569047
24241,All,z_year_leng_max,.338607021100972,.0736861673109192,.208709897206247,.567525323039768,stata_areg_centered_student_vce_unadjusted,10,569047
24300,All,z_year_leng_max,.175426993213563,-.0894938605764895,.0842979137308446,.589528796530335,stata_areg_centered_student_vce_unadjusted,229,569047
24303,All,z_year_leng_max,.225196883049127,-.0397239707409257,.0769077010445842,.607199199530255,stata_areg_centered_student_vce_unadjusted,107,569047
24305,All,z_year_leng_max,.210244436246347,-.0546764175437055,.102326371470314,.700703000375712,stata_areg_centered_student_vce_unadjusted,119,569047
24307,All,z_year_leng_max,.344905154822107,.0799843010320548,.0547671989726006,.584613514362327,stata_areg_centered_student_vce_unadjusted,345,569047
24314,All,z_year_leng_max,.888204795517792,.62328394172774,.117225925257247,.62123695645704,stata_areg_centered_student_vce_unadjusted,66,569047
24316,All,z_year_leng_max,.103951034857152,-.1609698189329,.0910911370775913,.55117577761302,stata_areg_centered_student_vce_unadjusted,60,569047
24317,All,z_year_leng_max,.184799759205543,-.0801210945845094,.116808444600601,.60603841295032,stata_areg_centered_student_vce_unadjusted,97,569047
24319,All,z_year_leng_max,.394529799235898,.129608945445846,.0737128074137329,.786568819867665,stata_areg_centered_student_vce_unadjusted,107,569047
24324,All,z_year_leng_max,.157859138556703,-.10706171523335,.13219878038861,.649617838732863,stata_areg_centered_student_vce_unadjusted,25,569047
24327,All,z_year_leng_max,.378690053063354,.113769199273302,.0535796879155843,.636847068324109,stata_areg_centered_student_vce_unadjusted,293,569047
24329,All,z_year_leng_max,.33902921430581,.0741083605157575,.0544339726556965,.675016262439821,stata_areg_centered_student_vce_unadjusted,333,569047
24330,All,z_year_leng_max,.30319135196344,.0382704981733882,.647764741290495,.,stata_areg_centered_student_vce_unadjusted,1,569047
24332,All,z_year_leng_max,-.0818772622055833,-.346798115995636,.657940829940223,.,stata_areg_centered_student_vce_unadjusted,1,569047
24338,All,z_year_leng_max,.220653915475196,-.044266938314856,.102072653795588,.622368114543621,stata_areg_centered_student_vce_unadjusted,92,569047
24403,All,z_year_leng_max,-.00124787424325012,-.266168728033302,.140173133490794,.568326517522429,stata_areg_centered_student_vce_unadjusted,38,569047
24405,All,z_year_leng_max,.0645213528668341,-.200399500923218,.121699078202896,.674864140314962,stata_areg_centered_student_vce_unadjusted,39,569047
24407,All,z_year_leng_max,.0532790624333766,-.211641791356676,.0840613016158475,.636504163890143,stata_areg_centered_student_vce_unadjusted,128,569047
24409,All,z_year_leng_max,.473790841430226,.208869987640173,.121209674874738,.686006258033056,stata_areg_centered_student_vce_unadjusted,146,569047
24410,All,z_year_leng_max,.0484088568371993,-.216511996952853,.0797456391663958,.700130535809,stata_areg_centered_student_vce_unadjusted,316,569047
24423,All,z_year_leng_max,.31849567893154,.0535748251414873,.0781817269862554,.68182408798343,stata_areg_centered_student_vce_unadjusted,258,569047
24426,All,z_year_leng_max,.10446240962985,-.160458444160202,.0652545905789527,.736647565304368,stata_areg_centered_student_vce_unadjusted,131,569047
24427,All,z_year_leng_max,.482338151273308,.217417297483255,.0956582944939018,.631151273830105,stata_areg_centered_student_vce_unadjusted,336,569047
24438,All,z_year_leng_max,.187440673597512,-.0774801801925402,.0871309750099357,.665445486878213,stata_areg_centered_student_vce_unadjusted,116,569047
24443,All,z_year_leng_max,.134410049472204,-.130510804317849,.0816402365639601,.630849653536353,stata_areg_centered_student_vce_unadjusted,122,569047
24444,All,z_year_leng_max,.0722430368345104,-.192677816955542,.08522319733794,.622683889888764,stata_areg_centered_student_vce_unadjusted,63,569047
24445,All,z_year_leng_max,-.0193564851909534,-.284277338981006,.645135268747959,.,stata_areg_centered_student_vce_unadjusted,1,569047
24446,All,z_year_leng_max,-.138224044518953,-.403144898309006,.053240295372886,.641672573849084,stata_areg_centered_student_vce_unadjusted,170,569047
24448,All,z_year_leng_max,.155500620930543,-.109420232859509,.0841659295224395,.645424558283687,stata_areg_centered_student_vce_unadjusted,83,569047
24459,All,z_year_leng_max,.226886336907764,-.0380345168822879,.221482132135039,.670954191716711,stata_areg_centered_student_vce_unadjusted,11,569047
24473,All,z_year_leng_max,.0734360651153834,-.191484788674669,.0444546882643895,.705785246123772,stata_areg_centered_student_vce_unadjusted,217,569047
24482,All,z_year_leng_max,.13819084986794,-.126730003922113,.0250567178088965,.671949411059899,stata_areg_centered_student_vce_unadjusted,835,569047
24486,All,z_year_leng_max,.443296526266238,.178375672476186,.103250553387633,.61407269889087,stata_areg_centered_student_vce_unadjusted,159,569047
24491,All,z_year_leng_max,.172680022653348,-.0922408311367041,.10737270126388,.717185343376286,stata_areg_centered_student_vce_unadjusted,54,569047
24494,All,z_year_leng_max,.278221863465194,.0133010096751416,.248535268054526,.584658051810633,stata_areg_centered_student_vce_unadjusted,7,569047
24496,All,z_year_leng_max,.117474373851576,-.147446479938476,.0550778420071959,.636479668620757,stata_areg_centered_student_vce_unadjusted,169,569047
24498,All,z_year_leng_max,.725624534841704,.460703681051652,.119766758755071,.601081887051265,stata_areg_centered_student_vce_unadjusted,152,569047
24506,All,z_year_leng_max,-.158684722637022,-.423605576427074,.646420101416152,.,stata_areg_centered_student_vce_unadjusted,1,569047
24623,All,z_year_leng_max,.322374009967218,.057453156177166,.0552756158131045,.677198014364714,stata_areg_centered_student_vce_unadjusted,269,569047
24624,All,z_year_leng_max,.759415307406657,.494494453616604,.12289894125172,.600877538661361,stata_areg_centered_student_vce_unadjusted,458,569047
24625,All,z_year_leng_max,.433263101376844,.168342247586792,.0816458851911393,.654201790121225,stata_areg_centered_student_vce_unadjusted,79,569047
24626,All,z_year_leng_max,.18298096084859,-.0819398929414628,.026339124087285,.633797220608193,stata_areg_centered_student_vce_unadjusted,863,569047
24627,All,z_year_leng_max,.324727716047052,.0598068622569993,.122569045529778,.748952394254477,stata_areg_centered_student_vce_unadjusted,54,569047
24638,All,z_year_leng_max,.242116841035685,-.0228040127543673,.0472787277615134,.62441302280377,stata_areg_centered_student_vce_unadjusted,193,569047
24648,All,z_year_leng_max,.40933678507048,.144415931280428,.0904368760509848,.647711945016731,stata_areg_centered_student_vce_unadjusted,281,569047
24652,All,z_year_leng_max,.0636345796683107,-.201286274121742,.0531578254920484,.600699626745687,stata_areg_centered_student_vce_unadjusted,161,569047
24666,All,z_year_leng_max,.468938279828695,.204017426038642,.236612360790997,.809449000667221,stata_areg_centered_student_vce_unadjusted,8,569047
24670,All,z_year_leng_max,.53969266562025,.274771811830198,.144733384152951,.586084361435731,stata_areg_centered_student_vce_unadjusted,101,569047
24671,All,z_year_leng_max,.612250446086303,.347329592296251,.104021658342593,.680940797744856,stata_areg_centered_student_vce_unadjusted,61,569047
24675,All,z_year_leng_max,.184176925608321,-.0807439281817313,.119396624567168,.583485363842786,stata_areg_centered_student_vce_unadjusted,98,569047
24678,All,z_year_leng_max,.317531959821013,.052611106030961,.139724575818037,.786599755717813,stata_areg_centered_student_vce_unadjusted,24,569047
24685,All,z_year_leng_max,.132621658001618,-.132299195788434,.034404498504715,.661073557996746,stata_areg_centered_student_vce_unadjusted,683,569047
24686,All,z_year_leng_max,.0642433958792346,-.200677457910818,.0401411059687333,.624755170082622,stata_areg_centered_student_vce_unadjusted,296,569047
24689,All,z_year_leng_max,.0994768377405883,-.165444016049464,.131370699641403,.570914799397369,stata_areg_centered_student_vce_unadjusted,38,569047
24690,All,z_year_leng_max,.366494417326401,.101573563536349,.117429502853894,.79225397559873,stata_areg_centered_student_vce_unadjusted,72,569047
24699,All,z_year_leng_max,.497892992135087,.232972138345034,.136300115698374,.642268636221221,stata_areg_centered_student_vce_unadjusted,92,569047
24700,All,z_year_leng_max,-.134456937875284,-.399377791665336,.458189753690015,.530723008467866,stata_areg_centered_student_vce_unadjusted,2,569047
24713,All,z_year_leng_max,.340148842298112,.0752279885080596,.0659877126964091,.667853736023518,stata_areg_centered_student_vce_unadjusted,283,569047
24714,All,z_year_leng_max,.317784262103567,.0528634083135149,.0898244507674954,.755291492001385,stata_areg_centered_student_vce_unadjusted,78,569047
24715,All,z_year_leng_max,.274233680208158,.00931282641810566,.136462225027137,.711124663148434,stata_areg_centered_student_vce_unadjusted,107,569047
24717,All,z_year_leng_max,.254694794510904,-.0102260592791487,.0660631300980322,.633026970581796,stata_areg_centered_student_vce_unadjusted,182,569047
24718,All,z_year_leng_max,.427167904519915,.162247050729862,.145913395148341,.917838206668666,stata_areg_centered_student_vce_unadjusted,38,569047
24719,All,z_year_leng_max,.59672405254182,.331803198751768,.0992335110309722,.582942813877317,stata_areg_centered_student_vce_unadjusted,91,569047
24721,All,z_year_leng_max,.396029404892418,.131108551102365,.138756313399724,.654169617697535,stata_areg_centered_student_vce_unadjusted,92,569047
24725,All,z_year_leng_max,.535991067328696,.271070213538643,.145726052469357,.533110774432799,stata_areg_centered_student_vce_unadjusted,22,569047
24730,All,z_year_leng_max,.131332509997342,-.13358834379271,.101796630804327,.687857648459771,stata_areg_centered_student_vce_unadjusted,112,569047
24733,All,z_year_leng_max,.296793080502681,.0318722267126283,.0423492230081097,.688925799238241,stata_areg_centered_student_vce_unadjusted,476,569047
24751,All,z_year_leng_max,.330671279731459,.0657504259414066,.37864453212126,.779040355391399,stata_areg_centered_student_vce_unadjusted,3,569047
24754,All,z_year_leng_max,.350487509124834,.0855666553347816,.645516046100573,.,stata_areg_centered_student_vce_unadjusted,1,569047
24756,All,z_year_leng_max,.384672760308791,.119751906518738,.0859928624276334,.705733688849708,stata_areg_centered_student_vce_unadjusted,253,569047
24759,All,z_year_leng_max,.364074412123024,.0991535583329715,.0952562991117787,.615850225619624,stata_areg_centered_student_vce_unadjusted,101,569047
24761,All,z_year_leng_max,.145578533304992,-.11934232048506,.0606443617352656,.697462222003052,stata_areg_centered_student_vce_unadjusted,126,569047
24762,All,z_year_leng_max,.660259132935167,.395338279145114,.100199582381969,.611167086803911,stata_areg_centered_student_vce_unadjusted,84,569047
24766,All,z_year_leng_max,.142038138841003,-.12288271494905,.0792761468850028,.601814084000915,stata_areg_centered_student_vce_unadjusted,81,569047
24769,All,z_year_leng_max,.091118427490386,-.173802426299666,.067874888212105,.622044154325786,stata_areg_centered_student_vce_unadjusted,173,569047
24783,All,z_year_leng_max,.246121063557148,-.0187997902329046,.104381313182215,.597506377862912,stata_areg_centered_student_vce_unadjusted,61,569047
24790,All,z_year_leng_max,.189599363290942,-.0753214904991099,.0846044834262467,.769125460350086,stata_areg_centered_student_vce_unadjusted,82,569047
24795,All,z_year_leng_max,-.204832441757019,-.469753295547071,.214298014003601,.728201044991896,stata_areg_centered_student_vce_unadjusted,10,569047
24798,All,z_year_leng_max,.346160016093608,.0812391623035557,.0976178429612491,.718826346886832,stata_areg_centered_student_vce_unadjusted,100,569047
24800,All,z_year_leng_max,.146362333534616,-.118558520255436,.0771302233625491,.621746652413596,stata_areg_centered_student_vce_unadjusted,117,569047
24801,All,z_year_leng_max,.326144281040573,.0612234272505211,.136324808571019,.705033205250808,stata_areg_centered_student_vce_unadjusted,25,569047
24812,All,z_year_leng_max,.296569821129807,.031648967339755,.0636738873059424,.650989589973676,stata_areg_centered_student_vce_unadjusted,177,569047
24826,All,z_year_leng_max,.646926751246067,.382005897456014,.070220558146984,.568918377669223,stata_areg_centered_student_vce_unadjusted,149,569047
24828,All,z_year_leng_max,-.0107217569483539,-.275642610738406,.0469014978120641,.600776470065058,stata_areg_centered_student_vce_unadjusted,221,569047
24836,All,z_year_leng_max,.694197116880444,.429276263090392,.149511342129078,.62917707030367,stata_areg_centered_student_vce_unadjusted,211,569047
24840,All,z_year_leng_max,-.048440945220127,-.313361799010179,.179921221643255,.506062185509875,stata_areg_centered_student_vce_unadjusted,13,569047
24842,All,z_year_leng_max,.522125114149903,.257204260359851,.105501313400953,.70656823493617,stata_areg_centered_student_vce_unadjusted,65,569047
24843,All,z_year_leng_max,.159191952168778,-.105728901621274,.0810547540745819,.622850173165919,stata_areg_centered_student_vce_unadjusted,167,569047
24856,All,z_year_leng_max,.16535698025073,-.0995638735393224,.112200361156601,.489954579337432,stata_areg_centered_student_vce_unadjusted,48,569047
24864,All,z_year_leng_max,.228240123506103,-.0366807302839493,.0649948322225359,.680446780087325,stata_areg_centered_student_vce_unadjusted,156,569047
24873,All,z_year_leng_max,.0930539834330665,-.171866870356986,.139450810870844,.740807425276928,stata_areg_centered_student_vce_unadjusted,94,569047
24874,All,z_year_leng_max,.396036253695209,.131115399905157,.132178656202961,.666966205236734,stata_areg_centered_student_vce_unadjusted,38,569047
24876,All,z_year_leng_max,-.202013880744566,-.466934734534618,.648652181543641,.,stata_areg_centered_student_vce_unadjusted,1,569047
24878,All,z_year_leng_max,.0847189601368964,-.180201893653156,.0305807883368821,.687702312726406,stata_areg_centered_student_vce_unadjusted,614,569047
24884,All,z_year_leng_max,.578397204892832,.31347635110278,.0537435979639087,.654305280256077,stata_areg_centered_student_vce_unadjusted,290,569047
24885,All,z_year_leng_max,.0548257582269623,-.21009509556309,.0417204821498295,.595841533808283,stata_areg_centered_student_vce_unadjusted,400,569047
24889,All,z_year_leng_max,.184200875839585,-.0807199779504675,.0796471588418739,.509502737263479,stata_areg_centered_student_vce_unadjusted,107,569047
24892,All,z_year_leng_max,.00232871247292698,-.262592141317125,.115203049206541,.681818719714194,stata_areg_centered_student_vce_unadjusted,35,569047
24894,All,z_year_leng_max,-.0120438786160656,-.276964732406118,.0903570575045365,.721678148096078,stata_areg_centered_student_vce_unadjusted,135,569047
24896,All,z_year_leng_max,.107046287679765,-.157874566110287,.11365372976053,.668140917497578,stata_areg_centered_student_vce_unadjusted,33,569047
24897,All,z_year_leng_max,.388997248471057,.124076394681005,.115293894167142,.654966848386118,stata_areg_centered_student_vce_unadjusted,61,569047
24898,All,z_year_leng_max,.153873497157442,-.11104735663261,.0622583079130541,.659953719244968,stata_areg_centered_student_vce_unadjusted,146,569047
24903,All,z_year_leng_max,.147064025699535,-.117856828090518,.0715835518526328,.656802504442213,stata_areg_centered_student_vce_unadjusted,221,569047
24907,All,z_year_leng_max,.492741863967644,.227821010177592,.0998423972811011,.630099757251231,stata_areg_centered_student_vce_unadjusted,78,569047
24908,All,z_year_leng_max,.595427523904718,.330506670114666,.054403165780708,.664518957090005,stata_areg_centered_student_vce_unadjusted,295,569047
24911,All,z_year_leng_max,1.38253900167306,1.11761814788301,.65026491807802,.,stata_areg_centered_student_vce_unadjusted,1,569047
24912,All,z_year_leng_max,.445029986544975,.180109132754923,.106765470854645,.64802711591555,stata_areg_centered_student_vce_unadjusted,105,569047
24913,All,z_year_leng_max,.263354166917874,-.00156668687217826,.115165650657065,.651567783713204,stata_areg_centered_student_vce_unadjusted,64,569047
24926,All,z_year_leng_max,-.385426021360829,-.650346875150881,.328108232941433,.546784324216784,stata_areg_centered_student_vce_unadjusted,4,569047
24927,All,z_year_leng_max,.71191418884057,.446993335050518,.116377320547595,.601301517753729,stata_areg_centered_student_vce_unadjusted,435,569047
24930,All,z_year_leng_max,.0969135838678639,-.168007269922188,.216382392351174,.437143102030439,stata_areg_centered_student_vce_unadjusted,9,569047
24935,All,z_year_leng_max,.00896499181053891,-.255955861979513,.130637030559925,.509565858497582,stata_areg_centered_student_vce_unadjusted,29,569047
24944,All,z_year_leng_max,.624361586261074,.359440732471022,.090912452482932,.731623205847971,stata_areg_centered_student_vce_unadjusted,153,569047
24945,All,z_year_leng_max,-1.02657637826168,-1.29149723205173,.647205552691969,.,stata_areg_centered_student_vce_unadjusted,1,569047
24946,All,z_year_leng_max,.133250647411864,-.131670206378188,.035974063374686,.612749065730359,stata_areg_centered_student_vce_unadjusted,515,569047
24956,All,z_year_leng_max,.368559309505905,.103638455715853,.0966976338673019,.676119344266432,stata_areg_centered_student_vce_unadjusted,155,569047
24963,All,z_year_leng_max,.271522121958251,.00660126816819856,.105634717622562,.763426194964252,stata_areg_centered_student_vce_unadjusted,89,569047
24966,All,z_year_leng_max,.257270497244925,-.00765035654512752,.0904483793403223,.741948769073815,stata_areg_centered_student_vce_unadjusted,80,569047
24971,All,z_year_leng_max,.29993831867909,.0350174648890374,.113251301958076,.695666064294012,stata_areg_centered_student_vce_unadjusted,57,569047
24976,All,z_year_leng_max,.433333729787427,.168412875997375,.0847657714974428,.617114061450326,stata_areg_centered_student_vce_unadjusted,193,569047
24977,All,z_year_leng_max,.327320202894515,.0623993491044624,.0607377327720732,.630289902284739,stata_areg_centered_student_vce_unadjusted,291,569047
24978,All,z_year_leng_max,.132676507462007,-.132244346328045,.0356234223092852,.599689011749938,stata_areg_centered_student_vce_unadjusted,514,569047
24979,All,z_year_leng_max,.624848915685102,.35992806189505,.127822319556103,.606588626000514,stata_areg_centered_student_vce_unadjusted,247,569047
24985,All,z_year_leng_max,.450992435032515,.186071581242463,.146540278399933,.811996533038157,stata_areg_centered_student_vce_unadjusted,44,569047
24986,All,z_year_leng_max,.274184996471363,.00926414268131098,.0703555011301455,.672149565905197,stata_areg_centered_student_vce_unadjusted,151,569047
24988,All,z_year_leng_max,.322009363312991,.0570885095229385,.0899862722110306,.680746788759173,stata_areg_centered_student_vce_unadjusted,141,569047
24995,All,z_year_leng_max,.168782701894734,-.0961381518953179,.109207870667364,.603447022309611,stata_areg_centered_student_vce_unadjusted,57,569047
24997,All,z_year_leng_max,-.596409526269634,-.861330380059687,.339540089909943,.363544924080483,stata_areg_centered_student_vce_unadjusted,4,569047
25001,All,z_year_leng_max,.488035544949848,.223114691159796,.0737030599721855,.617677201945983,stata_areg_centered_student_vce_unadjusted,270,569047
25009,All,z_year_leng_max,-.15026982649463,-.415190680284683,.327725567658886,1.02376316560024,stata_areg_centered_student_vce_unadjusted,4,569047
25012,All,z_year_leng_max,.269866138863581,.00494528507352837,.050705398191901,.652847884932362,stata_areg_centered_student_vce_unadjusted,383,569047
25014,All,z_year_leng_max,-.334042285823095,-.598963139613148,.323811272578013,.454665100038568,stata_areg_centered_student_vce_unadjusted,4,569047
25026,All,z_year_leng_max,.0873465190609284,-.177574334729124,.0667324765906362,.560561172499225,stata_areg_centered_student_vce_unadjusted,126,569047
25027,All,z_year_leng_max,.195412668114529,-.0695081856755232,.0620986500097107,.613944693098796,stata_areg_centered_student_vce_unadjusted,173,569047
25028,All,z_year_leng_max,-.0481344662079385,-.313055319997991,.0743729051032379,.751694568047601,stata_areg_centered_student_vce_unadjusted,135,569047
25032,All,z_year_leng_max,-.01954120494113,-.284462058731182,.0753597881151882,.578370987735575,stata_areg_centered_student_vce_unadjusted,95,569047
25038,All,z_year_leng_max,.0792061512039573,-.185714702586095,.0893530700922458,.637612506714512,stata_areg_centered_student_vce_unadjusted,103,569047
25043,All,z_year_leng_max,.355341842958187,.0904209891681346,.649068635576894,.,stata_areg_centered_student_vce_unadjusted,1,569047
25045,All,z_year_leng_max,.730983522928944,.466062669138891,.199023409216142,.445838340624077,stata_areg_centered_student_vce_unadjusted,13,569047
25048,All,z_year_leng_max,.351349796373387,.0864289425833349,.0639591358085325,.588933301498903,stata_areg_centered_student_vce_unadjusted,234,569047
25050,All,z_year_leng_max,.233037363948317,-.0318834898417353,.0687258254868635,.647557682200093,stata_areg_centered_student_vce_unadjusted,122,569047
25054,All,z_year_leng_max,.263105815766827,-.00181503802322536,.0831633916423143,.75812454031565,stata_areg_centered_student_vce_unadjusted,68,569047
25055,All,z_year_leng_max,.756894108124072,.491973254334019,.0951972355703874,.605027142608871,stata_areg_centered_student_vce_unadjusted,318,569047
25057,All,z_year_leng_max,-.0526582649563925,-.317579118746445,.14872363715144,1.10331017720789,stata_areg_centered_student_vce_unadjusted,19,569047
25059,All,z_year_leng_max,.227446358459626,-.037474495330426,.0646374819962717,.637627537769478,stata_areg_centered_student_vce_unadjusted,218,569047
25061,All,z_year_leng_max,-.0479359300060354,-.312856783796088,.0784107551935359,.633073735239147,stata_areg_centered_student_vce_unadjusted,85,569047
25065,All,z_year_leng_max,.360207346187882,.09528649239783,.0444156767394068,.621144472822186,stata_areg_centered_student_vce_unadjusted,764,569047
25070,All,z_year_leng_max,.39496319800972,.130042344219668,.0922440022497915,.652190843692006,stata_areg_centered_student_vce_unadjusted,127,569047
25071,All,z_year_leng_max,.0620219871957434,-.202898866594309,.0667087564753696,.674292704654142,stata_areg_centered_student_vce_unadjusted,161,569047
25082,All,z_year_leng_max,.0829491916766766,-.181971662113376,.0884597835723689,.6787842915835,stata_areg_centered_student_vce_unadjusted,144,569047
25084,All,z_year_leng_max,.146404625360201,-.118516228429852,.0707032760114074,.637643580038687,stata_areg_centered_student_vce_unadjusted,114,569047
25085,All,z_year_leng_max,-.298817516433066,-.563738370223118,.198164301447654,.479576126716414,stata_areg_centered_student_vce_unadjusted,11,569047
25089,All,z_year_leng_max,-.021110647472185,-.286031501262237,.647946190097903,.,stata_areg_centered_student_vce_unadjusted,1,569047
25091,All,z_year_leng_max,.236937577039973,-.0279832767500789,.0432828569736419,.669019235933664,stata_areg_centered_student_vce_unadjusted,483,569047
25094,All,z_year_leng_max,.0331212369770476,-.231799616813005,.0982609589839106,.588758747581725,stata_areg_centered_student_vce_unadjusted,71,569047
25095,All,z_year_leng_max,.045371504042999,-.219549349747053,.117791800380188,.565371669460637,stata_areg_centered_student_vce_unadjusted,33,569047
25099,All,z_year_leng_max,.211068523550125,-.0538523302399273,.289316666733722,1.00970837032526,stata_areg_centered_student_vce_unadjusted,5,569047
25101,All,z_year_leng_max,.309270478654853,.0443496248648009,.066396203103036,.615966732043287,stata_areg_centered_student_vce_unadjusted,339,569047
25107,All,z_year_leng_max,.84346068737655,.578539833586497,.320336751167256,.607916978495268,stata_areg_centered_student_vce_unadjusted,33,569047
25114,All,z_year_leng_max,.13046078144058,-.134460072349472,.0620397256289934,.689148251278763,stata_areg_centered_student_vce_unadjusted,200,569047
25121,All,z_year_leng_max,.207667699399558,-.057253154390494,.0770007701590865,.679088819260559,stata_areg_centered_student_vce_unadjusted,252,569047
25127,All,z_year_leng_max,.372138610723734,.107217756933682,.108712936590805,.618131707931539,stata_areg_centered_student_vce_unadjusted,98,569047
25130,All,z_year_leng_max,.185522449365977,-.0793984044240752,.115480570201267,.593987423893162,stata_areg_centered_student_vce_unadjusted,78,569047
25132,All,z_year_leng_max,.143655227933021,-.121265625857032,.052703158007804,.630652386678032,stata_areg_centered_student_vce_unadjusted,247,569047
25136,All,z_year_leng_max,-.0281041632213979,-.29302501701145,.0910454098227831,.62194982993961,stata_areg_centered_student_vce_unadjusted,54,569047
25138,All,z_year_leng_max,.32618745212944,.0612665983393876,.0832199070313205,.652986433392485,stata_areg_centered_student_vce_unadjusted,120,569047
25142,All,z_year_leng_max,.378209895397222,.11328904160717,.164850488523297,.633574506796192,stata_areg_centered_student_vce_unadjusted,22,569047
25143,All,z_year_leng_max,.683712248938974,.418791395148921,.087271938954697,.63777968815879,stata_areg_centered_student_vce_unadjusted,361,569047
25153,All,z_year_leng_max,.15466453250623,-.110256321283822,.0383602009534225,.661030815602809,stata_areg_centered_student_vce_unadjusted,417,569047
25160,All,z_year_leng_max,.468141795215719,.203220941425667,.106987560455752,.753227944013341,stata_areg_centered_student_vce_unadjusted,53,569047
25166,All,z_year_leng_max,.174592345199132,-.0903285085909207,.0601448192467326,.636986877536585,stata_areg_centered_student_vce_unadjusted,144,569047
25171,All,z_year_leng_max,.19673612298607,-.0681847308039828,.0774264456575034,.648819417889386,stata_areg_centered_student_vce_unadjusted,96,569047
25172,All,z_year_leng_max,.518538304932212,.25361745114216,.058249216810877,.618756682332919,stata_areg_centered_student_vce_unadjusted,435,569047
25175,All,z_year_leng_max,.26802090422645,.00310005043639816,.0892301738098674,.615700992469414,stata_areg_centered_student_vce_unadjusted,76,569047
25180,All,z_year_leng_max,.437810440577954,.172889586787901,.113889857148923,.870523306457165,stata_areg_centered_student_vce_unadjusted,45,569047
25182,All,z_year_leng_max,.109491864139526,-.155428989650527,.108199936945343,.616686996542978,stata_areg_centered_student_vce_unadjusted,37,569047
25185,All,z_year_leng_max,.228141988943069,-.0367788648469831,.0663719797338532,.635268478191826,stata_areg_centered_student_vce_unadjusted,221,569047
25190,All,z_year_leng_max,.223605142930991,-.0413157108590616,.133493680564211,.648936649894083,stata_areg_centered_student_vce_unadjusted,24,569047
25196,All,z_year_leng_max,.161866199132054,-.103054654657998,.0578356424432352,.705764667916908,stata_areg_centered_student_vce_unadjusted,174,569047
25197,All,z_year_leng_max,.10689787353344,-.158022980256612,.11014083224447,.650413143966283,stata_areg_centered_student_vce_unadjusted,48,569047
25198,All,z_year_leng_max,.488200024058002,.223279170267949,.0433362217985915,.685688467693674,stata_areg_centered_student_vce_unadjusted,433,569047
25202,All,z_year_leng_max,.615469441269869,.350548587479816,.063088902854204,.593267870234006,stata_areg_centered_student_vce_unadjusted,420,569047
25210,All,z_year_leng_max,-.845875806624273,-1.11079666041432,.64537383907198,.,stata_areg_centered_student_vce_unadjusted,1,569047
25211,All,z_year_leng_max,.201181722685634,-.0637391311044183,.376272345057387,.724441355320088,stata_areg_centered_student_vce_unadjusted,3,569047
25215,All,z_year_leng_max,.155707703177428,-.109213150612624,.050553010605891,.653523636765246,stata_areg_centered_student_vce_unadjusted,312,569047
25218,All,z_year_leng_max,.254418164683068,-.0105026891069839,.0698667778525198,.669240372716929,stata_areg_centered_student_vce_unadjusted,297,569047
25220,All,z_year_leng_max,.105641009274648,-.159279844515404,.0615031939672105,.528856688749679,stata_areg_centered_student_vce_unadjusted,134,569047
25221,All,z_year_leng_max,.129399737999634,-.135521115790418,.174251303953409,.615913862074189,stata_areg_centered_student_vce_unadjusted,17,569047
25223,All,z_year_leng_max,.488937075504202,.22401622171415,.072334776165048,.617635660763925,stata_areg_centered_student_vce_unadjusted,280,569047
25224,All,z_year_leng_max,.514833701908242,.24991284811819,.107773416607529,.8495004046525,stata_areg_centered_student_vce_unadjusted,40,569047
25235,All,z_year_leng_max,-.217060195013686,-.481981048803739,.374568362327277,.718410688301663,stata_areg_centered_student_vce_unadjusted,3,569047
25237,All,z_year_leng_max,.031819816361166,-.233101037428886,.187760037586962,.538093547262066,stata_areg_centered_student_vce_unadjusted,12,569047
25238,All,z_year_leng_max,.201151355125269,-.0637694986647828,.063178072027707,.633607597158105,stata_areg_centered_student_vce_unadjusted,214,569047
25241,All,z_year_leng_max,.376687774808318,.111766921018266,.0982017112539856,.595707000336753,stata_areg_centered_student_vce_unadjusted,94,569047
25247,All,z_year_leng_max,.364332259795676,.099411406005624,.375312071550721,.376494970778228,stata_areg_centered_student_vce_unadjusted,3,569047
25249,All,z_year_leng_max,.400867897105557,.135947043315504,.0690345660349984,.636701161044681,stata_areg_centered_student_vce_unadjusted,155,569047
25250,All,z_year_leng_max,.326872646959761,.0619517931697086,.0767322604290258,.553089130644308,stata_areg_centered_student_vce_unadjusted,207,569047
25256,All,z_year_leng_max,.198425766200067,-.066495087589985,.0719395220732383,.633584998068862,stata_areg_centered_student_vce_unadjusted,248,569047
25258,All,z_year_leng_max,.115300791216077,-.149620062573975,.0806240785038773,.690384526022462,stata_areg_centered_student_vce_unadjusted,66,569047
25265,All,z_year_leng_max,.123803153257122,-.14111770053293,.0583159463396815,.600076862187474,stata_areg_centered_student_vce_unadjusted,170,569047
25269,All,z_year_leng_max,.389941415133541,.125020561343488,.0791225154691506,.704393106155941,stata_areg_centered_student_vce_unadjusted,97,569047
25270,All,z_year_leng_max,.394757856683504,.129837002893452,.292103363718778,.706470285720711,stata_areg_centered_student_vce_unadjusted,5,569047
25271,All,z_year_leng_max,.0347818468270505,-.230139006963002,.206037967988945,.88811116801693,stata_areg_centered_student_vce_unadjusted,10,569047
25278,All,z_year_leng_max,.593612973145786,.328692119355734,.127049427469971,.630776775277556,stata_areg_centered_student_vce_unadjusted,103,569047
25282,All,z_year_leng_max,.106025044263126,-.158895809526926,.070031178152908,.607060076954515,stata_areg_centered_student_vce_unadjusted,395,569047
25300,All,z_year_leng_max,.0474752763158535,-.217445577474199,.159676520763281,.716187040875229,stata_areg_centered_student_vce_unadjusted,18,569047
25303,All,z_year_leng_max,.187862585435141,-.0770582683549109,.11990300357932,.662687268880172,stata_areg_centered_student_vce_unadjusted,35,569047
25304,All,z_year_leng_max,.0964114071603718,-.168509446629681,.0503393314437822,.593911884507122,stata_areg_centered_student_vce_unadjusted,199,569047
25310,All,z_year_leng_max,.441551631382511,.176630777592459,.0734584887359236,.721272072774721,stata_areg_centered_student_vce_unadjusted,172,569047
25316,All,z_year_leng_max,.453388299839653,.188467446049601,.113324238526007,.703694401249021,stata_areg_centered_student_vce_unadjusted,46,569047
25322,All,z_year_leng_max,.764798529510685,.499877675720633,.647286340397013,.,stata_areg_centered_student_vce_unadjusted,1,569047
25328,All,z_year_leng_max,.159551958278412,-.105368895511641,.0708755760583856,.64004118168835,stata_areg_centered_student_vce_unadjusted,159,569047
25329,All,z_year_leng_max,.858222765184807,.593301911394754,.0977458693397903,.617738169406986,stata_areg_centered_student_vce_unadjusted,279,569047
25330,All,z_year_leng_max,.185966958690085,-.0789538950999671,.100104679753711,.61638536217251,stata_areg_centered_student_vce_unadjusted,44,569047
25332,All,z_year_leng_max,.422675208551189,.157754354761137,.187980094234869,.581854816297699,stata_areg_centered_student_vce_unadjusted,102,569047
25339,All,z_year_leng_max,.619958695578445,.355037841788392,.460147661413153,.0414781730628062,stata_areg_centered_student_vce_unadjusted,2,569047
25342,All,z_year_leng_max,.337846869884032,.0729260160939792,.0755434154916458,.763851660743204,stata_areg_centered_student_vce_unadjusted,199,569047
25347,All,z_year_leng_max,.287600521859556,.0226796680695035,.0679872978034703,.659026540732008,stata_areg_centered_student_vce_unadjusted,183,569047
25348,All,z_year_leng_max,.92680460733111,.661883753541057,.138574909225898,.638183789138385,stata_areg_centered_student_vce_unadjusted,247,569047
25349,All,z_year_leng_max,.158584538353108,-.106336315436945,.063166874509469,.591078775600722,stata_areg_centered_student_vce_unadjusted,186,569047
25352,All,z_year_leng_max,.0400747735386471,-.224846080251405,.0394458289715123,.636704559247186,stata_areg_centered_student_vce_unadjusted,443,569047
25359,All,z_year_leng_max,-.0233575048293803,-.288278358619433,.143195505003891,.698626172654012,stata_areg_centered_student_vce_unadjusted,53,569047
25366,All,z_year_leng_max,.533432940000871,.268512086210819,.088959699071664,.642034321728178,stata_areg_centered_student_vce_unadjusted,121,569047
25367,All,z_year_leng_max,.220855442360019,-.0440654114300328,.0668766376467967,.65407021971042,stata_areg_centered_student_vce_unadjusted,289,569047
25368,All,z_year_leng_max,.177574610399258,-.0873462433907945,.0583310833151033,.680785094845565,stata_areg_centered_student_vce_unadjusted,338,569047
25369,All,z_year_leng_max,.38336971517676,.118448861386708,.0311275619738952,.646370250943986,stata_areg_centered_student_vce_unadjusted,1007,569047
25371,All,z_year_leng_max,.104626748129711,-.160294105660341,.0450984713972702,.622451741142783,stata_areg_centered_student_vce_unadjusted,525,569047
25373,All,z_year_leng_max,.130410563765323,-.13451029002473,.125241886513956,.780166988204593,stata_areg_centered_student_vce_unadjusted,38,569047
25382,All,z_year_leng_max,.451797332408214,.186876478618162,.084692606436519,.68129218378078,stata_areg_centered_student_vce_unadjusted,95,569047
25386,All,z_year_leng_max,.289717043866348,.0247961900762952,.051946711263226,.668160264997263,stata_areg_centered_student_vce_unadjusted,264,569047
25387,All,z_year_leng_max,.228095965585117,-.0368248882049354,.0559787018315003,.670593916027701,stata_areg_centered_student_vce_unadjusted,331,569047
25389,All,z_year_leng_max,.26697783897677,.00205698518671726,.0450290919448191,.659465858310866,stata_areg_centered_student_vce_unadjusted,495,569047
25393,All,z_year_leng_max,.240939201286556,-.0239816525034964,.0642186673201298,.66382883294422,stata_areg_centered_student_vce_unadjusted,141,569047
25395,All,z_year_leng_max,.363639595740935,.0987187419508822,.110596161829488,.643564409978202,stata_areg_centered_student_vce_unadjusted,158,569047
25396,All,z_year_leng_max,.0260444000014132,-.238876453788639,.0470868997563784,.629445619236338,stata_areg_centered_student_vce_unadjusted,305,569047
25402,All,z_year_leng_max,.539820000458336,.274899146668284,.090863239522163,.67984200125945,stata_areg_centered_student_vce_unadjusted,296,569047
25418,All,z_year_leng_max,.162266000059979,-.102654853730073,.0526678457689811,.583482483506405,stata_areg_centered_student_vce_unadjusted,187,569047
25434,All,z_year_leng_max,.21844082729736,-.0464800264926921,.0521857018262189,.632918550751447,stata_areg_centered_student_vce_unadjusted,205,569047
25439,All,z_year_leng_max,.298497883718854,.0335770299288021,.0323240595020474,.656424918503641,stata_areg_centered_student_vce_unadjusted,751,569047
25442,All,z_year_leng_max,.374020427569309,.109099573779257,.0519290440075571,.620042793123251,stata_areg_centered_student_vce_unadjusted,251,569047
25447,All,z_year_leng_max,.0513640883133835,-.213556765476669,.115520061279841,.676203356781778,stata_areg_centered_student_vce_unadjusted,46,569047
25448,All,z_year_leng_max,.100114666277382,-.164806187512671,.0406647917649437,.647414127165426,stata_areg_centered_student_vce_unadjusted,436,569047
25450,All,z_year_leng_max,.271221599351104,.00630074556105192,.106968240895912,.672493199561307,stata_areg_centered_student_vce_unadjusted,53,569047
25452,All,z_year_leng_max,.685854824909933,.420933971119881,.119362927574636,.566290792632667,stata_areg_centered_student_vce_unadjusted,150,569047
25454,All,z_year_leng_max,.0593397753362908,-.205581078453762,.120459231929405,.674030465573051,stata_areg_centered_student_vce_unadjusted,68,569047
25458,All,z_year_leng_max,.192880742046852,-.0720401117432006,.0438073933484262,.645002957258389,stata_areg_centered_student_vce_unadjusted,243,569047
25462,All,z_year_leng_max,.104200751927597,-.160720101862456,.0756396982398987,.662726292371463,stata_areg_centered_student_vce_unadjusted,118,569047
25463,All,z_year_leng_max,.48655227223439,.221631418444338,.173977219246864,.723375508072763,stata_areg_centered_student_vce_unadjusted,14,569047
25464,All,z_year_leng_max,.48649447659405,.221573622803997,.0452061287296854,.699907282264896,stata_areg_centered_student_vce_unadjusted,535,569047
25471,All,z_year_leng_max,.105632979754958,-.159287874035095,.0837774172980993,.747822131740666,stata_areg_centered_student_vce_unadjusted,98,569047
25475,All,z_year_leng_max,.235820438302382,-.0291004154876703,.0891320654988748,.640868813986758,stata_areg_centered_student_vce_unadjusted,103,569047
25477,All,z_year_leng_max,.432182898055357,.167262044265305,.078348091840939,.528057373521802,stata_areg_centered_student_vce_unadjusted,205,569047
25478,All,z_year_leng_max,.461579684377728,.196658830587675,.0602445589715951,.647647260630804,stata_areg_centered_student_vce_unadjusted,424,569047
25480,All,z_year_leng_max,.239046542836936,-.0258743109531164,.119281525649034,.75162364945937,stata_areg_centered_student_vce_unadjusted,65,569047
25481,All,z_year_leng_max,.159303483355825,-.105617370434227,.0547913041237305,.627682177589013,stata_areg_centered_student_vce_unadjusted,257,569047
25482,All,z_year_leng_max,.274594103352337,.00967324956228438,.0923710515998413,.659401037397883,stata_areg_centered_student_vce_unadjusted,96,569047
25484,All,z_year_leng_max,.311967169132734,.0470463153426813,.460279240614654,.0142247323387224,stata_areg_centered_student_vce_unadjusted,2,569047
25487,All,z_year_leng_max,.616459012977675,.351538159187623,.0617403375055017,.574754213100603,stata_areg_centered_student_vce_unadjusted,415,569047
25496,All,z_year_leng_max,.109107653457353,-.1558132003327,.0256206160629352,.639640244882936,stata_areg_centered_student_vce_unadjusted,772,569047
25501,All,z_year_leng_max,.282656787942921,.0177359341528687,.0567445682825114,.729509420052588,stata_areg_centered_student_vce_unadjusted,251,569047
25502,All,z_year_leng_max,-.160715125105891,-.425635978895943,.6540047155793,.,stata_areg_centered_student_vce_unadjusted,1,569047
25504,All,z_year_leng_max,-.0405562283846726,-.305477082174725,.32448225067158,.994986741409368,stata_areg_centered_student_vce_unadjusted,4,569047
25508,All,z_year_leng_max,.511437260072885,.246516406282833,.103850320764905,.765153267045168,stata_areg_centered_student_vce_unadjusted,113,569047
25509,All,z_year_leng_max,.360631413988279,.095710560198227,.067895566008177,.680339878545168,stata_areg_centered_student_vce_unadjusted,241,569047
25514,All,z_year_leng_max,-.107900612169407,-.372821465959459,.179883541781986,.813753918903802,stata_areg_centered_student_vce_unadjusted,13,569047
25520,All,z_year_leng_max,.401448393987736,.136527540197684,.0549244500600251,.633036065140267,stata_areg_centered_student_vce_unadjusted,282,569047
25523,All,z_year_leng_max,.110195640316219,-.154725213473834,.0616343291907544,.705837722712601,stata_areg_centered_student_vce_unadjusted,216,569047
25524,All,z_year_leng_max,.27032000365573,.0053991498656773,.459736588951268,.944837369785954,stata_areg_centered_student_vce_unadjusted,2,569047
25525,All,z_year_leng_max,.301924694133033,.0370038403429807,.0858635533768237,.685990058397174,stata_areg_centered_student_vce_unadjusted,84,569047
25526,All,z_year_leng_max,.0688264892685203,-.196094364521532,.0630154649385129,.646395085926453,stata_areg_centered_student_vce_unadjusted,263,569047
25540,All,z_year_leng_max,.244440835726143,-.0204800180639094,.0644947447311229,.64630676145487,stata_areg_centered_student_vce_unadjusted,230,569047
25541,All,z_year_leng_max,.426316478941757,.161395625151704,.103268943019312,.664048549310517,stata_areg_centered_student_vce_unadjusted,132,569047
25542,All,z_year_leng_max,.323437488664789,.058516634874737,.068491798617899,.684954875941943,stata_areg_centered_student_vce_unadjusted,201,569047
25543,All,z_year_leng_max,.194522457422245,-.0703983963678078,.202666302940624,.879728710028223,stata_areg_centered_student_vce_unadjusted,13,569047
25550,All,z_year_leng_max,.120100922640572,-.144819931149481,.0517719447241807,.69966292741456,stata_areg_centered_student_vce_unadjusted,282,569047
25556,All,z_year_leng_max,.0982101439722649,-.166710709817787,.0930583620145898,.65139037145545,stata_areg_centered_student_vce_unadjusted,70,569047
25557,All,z_year_leng_max,.184148460435378,-.080772393354674,.0851662488114985,.608085210397383,stata_areg_centered_student_vce_unadjusted,180,569047
25558,All,z_year_leng_max,.343514323003077,.078593469213025,.0949461334756062,.640274604279031,stata_areg_centered_student_vce_unadjusted,225,569047
25562,All,z_year_leng_max,.261036737715189,-.00388411607486322,.0703328878186564,.658048950534547,stata_areg_centered_student_vce_unadjusted,251,569047
25571,All,z_year_leng_max,.156316332375468,-.108604521414585,.0670965719174322,.673968967437877,stata_areg_centered_student_vce_unadjusted,181,569047
25577,All,z_year_leng_max,.165486624184106,-.0994342296059466,.0887662816019666,.686852060401962,stata_areg_centered_student_vce_unadjusted,159,569047
25580,All,z_year_leng_max,.345551058540874,.0806302047508213,.0606942193386516,.658339664637965,stata_areg_centered_student_vce_unadjusted,251,569047
25589,All,z_year_leng_max,.182103212213501,-.0828176415765513,.0897391723856067,.629964272221188,stata_areg_centered_student_vce_unadjusted,85,569047
25591,All,z_year_leng_max,.0338085397989179,-.231112313991134,.0378116893880902,.656373340674606,stata_areg_centered_student_vce_unadjusted,481,569047
25592,All,z_year_leng_max,.332029447242544,.0671085934524921,.0789530598770438,.640391675320211,stata_areg_centered_student_vce_unadjusted,73,569047
25599,All,z_year_leng_max,.215515241357074,-.0494056124329786,.0627790571218342,.639083235293983,stata_areg_centered_student_vce_unadjusted,146,569047
25602,All,z_year_leng_max,.452354989262051,.187434135471999,.0991835255835406,.595228355592452,stata_areg_centered_student_vce_unadjusted,105,569047
25611,All,z_year_leng_max,.501478531886376,.236557678096324,.129990834005139,.772850223607661,stata_areg_centered_student_vce_unadjusted,52,569047
25613,All,z_year_leng_max,.172668670339714,-.0922521834503379,.0751818020953325,.69699761416722,stata_areg_centered_student_vce_unadjusted,233,569047
25615,All,z_year_leng_max,.100486657745916,-.164434196044137,.119992294822988,.545854120095451,stata_areg_centered_student_vce_unadjusted,53,569047
25625,All,z_year_leng_max,.260538584604378,-.00438226918567453,.1333876511214,.675549210243389,stata_areg_centered_student_vce_unadjusted,91,569047
25633,All,z_year_leng_max,.690072266973022,.42515141318297,.37521629881672,.217256389536666,stata_areg_centered_student_vce_unadjusted,3,569047
25640,All,z_year_leng_max,.409193871150921,.144273017360868,.0666499779209654,.61232567589145,stata_areg_centered_student_vce_unadjusted,226,569047
25644,All,z_year_leng_max,.299509930340294,.0345890765502414,.0614828467687805,.682886359856879,stata_areg_centered_student_vce_unadjusted,183,569047
25645,All,z_year_leng_max,.292192127486685,.0272712736966328,.0247664855280066,.657564377805611,stata_areg_centered_student_vce_unadjusted,943,569047
25650,All,z_year_leng_max,.559041858531923,.29412100474187,.0577632980362467,.614193518651567,stata_areg_centered_student_vce_unadjusted,490,569047
25654,All,z_year_leng_max,.817511941222152,.5525910874321,.108730836323309,.631043616035709,stata_areg_centered_student_vce_unadjusted,531,569047
25655,All,z_year_leng_max,.211715280940253,-.0532055728497993,.0712390928921429,.730298275699848,stata_areg_centered_student_vce_unadjusted,180,569047
25666,All,z_year_leng_max,.375614776288444,.110693922498392,.102390433488479,.765345794654208,stata_areg_centered_student_vce_unadjusted,51,569047
25669,All,z_year_leng_max,.594483893806025,.329563040015973,.10049457047078,.626675205691111,stata_areg_centered_student_vce_unadjusted,181,569047
25671,All,z_year_leng_max,.223924206283183,-.0409966475068689,.191320579385779,.4552368261187,stata_areg_centered_student_vce_unadjusted,13,569047
25675,All,z_year_leng_max,.462209235538464,.197288381748412,.0682585050338527,.605795517527969,stata_areg_centered_student_vce_unadjusted,254,569047
25676,All,z_year_leng_max,.130489678460189,-.134431175329863,.0570161701265554,.710989449633473,stata_areg_centered_student_vce_unadjusted,272,569047
25681,All,z_year_leng_max,.226650191178793,-.0382706626112592,.114116807383792,.615655443482928,stata_areg_centered_student_vce_unadjusted,50,569047
25692,All,z_year_leng_max,.36489604542681,.0999751916367579,.1555501346436,.629596547654236,stata_areg_centered_student_vce_unadjusted,86,569047
25693,All,z_year_leng_max,.142556583767137,-.122364270022915,.0944709542983763,.619945182502154,stata_areg_centered_student_vce_unadjusted,158,569047
25695,All,z_year_leng_max,.32102126214758,.0561004083575277,.0870132466918439,.653393145221863,stata_areg_centered_student_vce_unadjusted,230,569047
25697,All,z_year_leng_max,.0417288001399206,-.223192053650132,.10744755498439,.640264628384687,stata_areg_centered_student_vce_unadjusted,80,569047
25698,All,z_year_leng_max,-.291465964328329,-.556386818118382,.645177557982142,.,stata_areg_centered_student_vce_unadjusted,1,569047
25700,All,z_year_leng_max,.190684791060281,-.0742360627297711,.0582571341169988,.733124766641674,stata_areg_centered_student_vce_unadjusted,233,569047
25703,All,z_year_leng_max,.57482942396272,.309908570172668,.0884454883014804,.682166794887289,stata_areg_centered_student_vce_unadjusted,160,569047
25704,All,z_year_leng_max,.40179067066884,.136869816878787,.0656741312572564,.600068463598637,stata_areg_centered_student_vce_unadjusted,250,569047
25709,All,z_year_leng_max,.215097231503292,-.0498236222867605,.0599930526802448,.70326937699736,stata_areg_centered_student_vce_unadjusted,236,569047
25711,All,z_year_leng_max,.244694351049793,-.0202265027402593,.088835595689329,.663323884084584,stata_areg_centered_student_vce_unadjusted,122,569047
25712,All,z_year_leng_max,.242725902064021,-.0221949517260318,.112897406546948,.660996878694993,stata_areg_centered_student_vce_unadjusted,44,569047
25713,All,z_year_leng_max,.334633707323521,.0697128535334682,.0785404203148895,.575483476655163,stata_areg_centered_student_vce_unadjusted,137,569047
25714,All,z_year_leng_max,.299218140458196,.0342972866681437,.0602302290557478,.632168560706523,stata_areg_centered_student_vce_unadjusted,181,569047
25716,All,z_year_leng_max,.312064774631056,.0471439208410037,.0595177153845174,.649734748833275,stata_areg_centered_student_vce_unadjusted,200,569047
25717,All,z_year_leng_max,.363481833522217,.0985609797321642,.0459524463606405,.659256468028323,stata_areg_centered_student_vce_unadjusted,390,569047
25718,All,z_year_leng_max,.128400443902051,-.136520409888001,.112655685711063,.703942038664651,stata_areg_centered_student_vce_unadjusted,44,569047
25722,All,z_year_leng_max,.598901370897363,.333980517107311,.091516880262168,.622712736286999,stata_areg_centered_student_vce_unadjusted,221,569047
25723,All,z_year_leng_max,1.04063433157823,.775713477788177,.652329642183266,.,stata_areg_centered_student_vce_unadjusted,1,569047
25724,All,z_year_leng_max,.396570449685256,.131649595895203,.0742058622688581,.632127955365398,stata_areg_centered_student_vce_unadjusted,241,569047
25725,All,z_year_leng_max,.601212670860329,.336291817070277,.0585382057512951,.656728693800884,stata_areg_centered_student_vce_unadjusted,252,569047
25727,All,z_year_leng_max,.275685577025047,.0107647232349946,.0548628060329472,.714263543899478,stata_areg_centered_student_vce_unadjusted,390,569047
25735,All,z_year_leng_max,.319059106069658,.0541382522796054,.33112763982326,.309509008645319,stata_areg_centered_student_vce_unadjusted,4,569047
25736,All,z_year_leng_max,.0915090147275911,-.173411839062461,.216145303065309,.589853005683304,stata_areg_centered_student_vce_unadjusted,9,569047
25737,All,z_year_leng_max,.24535045340211,-.0195704003879419,.0755927161062952,.705462515598533,stata_areg_centered_student_vce_unadjusted,122,569047
25739,All,z_year_leng_max,.114145631755534,-.150775222034518,.053372736270097,.690399080867659,stata_areg_centered_student_vce_unadjusted,306,569047
25749,All,z_year_leng_max,.575988342794721,.311067489004669,.0424857218476905,.610810202982347,stata_areg_centered_student_vce_unadjusted,702,569047
25751,All,z_year_leng_max,.307489317358094,.0425684635680413,.0519039734392716,.612742227702588,stata_areg_centered_student_vce_unadjusted,275,569047
25753,All,z_year_leng_max,-.00701618975157767,-.27193704354163,.373217838767602,.370644349078355,stata_areg_centered_student_vce_unadjusted,4,569047
25766,All,z_year_leng_max,.133072060953606,-.131848792836446,.0506217772822309,.663555532675507,stata_areg_centered_student_vce_unadjusted,334,569047
25767,All,z_year_leng_max,.281314505158111,.0163936513680588,.0938164828316772,.614063837552957,stata_areg_centered_student_vce_unadjusted,57,569047
25770,All,z_year_leng_max,.576234925255714,.311314071465661,.0378438582616072,.669431508545256,stata_areg_centered_student_vce_unadjusted,840,569047
25775,All,z_year_leng_max,.171863924127001,-.0930569296630518,.28918254615279,.2859853048349,stata_areg_centered_student_vce_unadjusted,5,569047
25779,All,z_year_leng_max,.028950169195926,-.235970684594126,.0619663435820628,.68626240977821,stata_areg_centered_student_vce_unadjusted,247,569047
25781,All,z_year_leng_max,.348546552709211,.0836256989191586,.0687222136137742,.708138002821881,stata_areg_centered_student_vce_unadjusted,399,569047
25783,All,z_year_leng_max,.126499212536923,-.138421641253129,.134621278066346,.621294009520393,stata_areg_centered_student_vce_unadjusted,70,569047
25785,All,z_year_leng_max,.28707189026333,.0221510364732774,.0694004557980544,.617050670438802,stata_areg_centered_student_vce_unadjusted,110,569047
25790,All,z_year_leng_max,.0852498376781183,-.179671016111934,.101547034447426,.636521573410975,stata_areg_centered_student_vce_unadjusted,57,569047
25795,All,z_year_leng_max,.15402117027254,-.110899683517512,.050853089661066,.596506388066662,stata_areg_centered_student_vce_unadjusted,223,569047
25798,All,z_year_leng_max,.15869728861529,-.106223565174762,.0794247230548294,.695553593915186,stata_areg_centered_student_vce_unadjusted,78,569047
25804,All,z_year_leng_max,.24263430620941,-.0222865475806421,.0551073256295869,.668213665014364,stata_areg_centered_student_vce_unadjusted,365,569047
25814,All,z_year_leng_max,-.0136755987443249,-.278596452534377,.0961085923169042,.66164671051296,stata_areg_centered_student_vce_unadjusted,85,569047
25818,All,z_year_leng_max,.082972231908662,-.18194862188139,.0990916505726141,.705838847116468,stata_areg_centered_student_vce_unadjusted,43,569047
25824,All,z_year_leng_max,.247546761366335,-.0173740924237177,.0473852895538409,.627934086172478,stata_areg_centered_student_vce_unadjusted,215,569047
25825,All,z_year_leng_max,.578587147935678,.313666294145626,.112217631512263,.610774843350945,stata_areg_centered_student_vce_unadjusted,126,569047
25826,All,z_year_leng_max,.167613321330729,-.0973075324593238,.117565404621515,.718117806253299,stata_areg_centered_student_vce_unadjusted,44,569047
25829,All,z_year_leng_max,.140978658657294,-.123942195132758,.0708762195668521,.618629940049939,stata_areg_centered_student_vce_unadjusted,270,569047
25832,All,z_year_leng_max,.244985925897978,-.0199349278920748,.0954130608467679,.701157463152783,stata_areg_centered_student_vce_unadjusted,79,569047
25839,All,z_year_leng_max,.124672383007444,-.140248470782608,.262099822081549,.411426178846012,stata_areg_centered_student_vce_unadjusted,7,569047
25842,All,z_year_leng_max,.390458494838017,.125537641047964,.0713876305960759,.688859852339162,stata_areg_centered_student_vce_unadjusted,149,569047
25843,All,z_year_leng_max,.393372383727261,.128451529937209,.134154434718321,.641035119641851,stata_areg_centered_student_vce_unadjusted,245,569047
25850,All,z_year_leng_max,.274919987222399,.0099991334323466,.0770676425739342,.646746241181429,stata_areg_centered_student_vce_unadjusted,137,569047
25852,All,z_year_leng_max,.364413139106918,.0994922853168658,.0762906398239656,.650702846406592,stata_areg_centered_student_vce_unadjusted,229,569047
25853,All,z_year_leng_max,.199196875140854,-.0657239786491985,.0426387185177939,.611094890083104,stata_areg_centered_student_vce_unadjusted,281,569047
25855,All,z_year_leng_max,.405221595356132,.14030074156608,.0502591400038766,.638524359922628,stata_areg_centered_student_vce_unadjusted,656,569047
25865,All,z_year_leng_max,.0676805811623845,-.197240272627668,.0787731128202067,.67202168755653,stata_areg_centered_student_vce_unadjusted,100,569047
25876,All,z_year_leng_max,-.109157450118667,-.374078303908719,.267351971208379,.584556052935996,stata_areg_centered_student_vce_unadjusted,6,569047
25882,All,z_year_leng_max,.042957753054487,-.221963100735565,.0651001731747151,.649524730222033,stata_areg_centered_student_vce_unadjusted,197,569047
25885,All,z_year_leng_max,.450480384974225,.185559531184173,.0632747610198872,.653408172264451,stata_areg_centered_student_vce_unadjusted,253,569047
25894,All,z_year_leng_max,.12952956140536,-.135391292384693,.076842288407268,.699239623611398,stata_areg_centered_student_vce_unadjusted,131,569047
25895,All,z_year_leng_max,.297430838220393,.0325099844303411,.0582081035418494,.644472702191304,stata_areg_centered_student_vce_unadjusted,244,569047
25899,All,z_year_leng_max,.0281688124080572,-.236752041381995,.0756883545828989,.614142482322756,stata_areg_centered_student_vce_unadjusted,132,569047
25916,All,z_year_leng_max,.469113019896711,.204192166106659,.0765555029336755,.642888919720261,stata_areg_centered_student_vce_unadjusted,205,569047
25919,All,z_year_leng_max,.445789011848561,.180868158058508,.0934463285217492,.647164756741196,stata_areg_centered_student_vce_unadjusted,120,569047
25921,All,z_year_leng_max,.121962158729956,-.142958695060096,.099629888283916,.589210981419712,stata_areg_centered_student_vce_unadjusted,82,569047
25922,All,z_year_leng_max,.188471777417152,-.0764490763729001,.0645136028156209,.604314679464423,stata_areg_centered_student_vce_unadjusted,232,569047
25926,All,z_year_leng_max,.242213395901376,-.0227074578886768,.0523465331528497,.62352901189179,stata_areg_centered_student_vce_unadjusted,273,569047
25929,All,z_year_leng_max,.253018618316385,-.0119022354736672,.0995323588045451,.586954095988245,stata_areg_centered_student_vce_unadjusted,169,569047
25932,All,z_year_leng_max,.11725432962954,-.147666524160512,.290475624710843,.521840243550462,stata_areg_centered_student_vce_unadjusted,5,569047
25936,All,z_year_leng_max,.231291286221851,-.0336295675682017,.0916475643991116,.576960736617342,stata_areg_centered_student_vce_unadjusted,100,569047
25938,All,z_year_leng_max,.207278942957599,-.0576419108324538,.267671037979225,.299368065536612,stata_areg_centered_student_vce_unadjusted,6,569047
25944,All,z_year_leng_max,.308001862990375,.0430810092003223,.0596008611089144,.662902986852117,stata_areg_centered_student_vce_unadjusted,185,569047
25950,All,z_year_leng_max,-.0878433097716975,-.35276416356175,.0890043587310382,.653777373907127,stata_areg_centered_student_vce_unadjusted,56,569047
25951,All,z_year_leng_max,-.161601926207615,-.426522779997667,.291174004115571,1.67427343074734,stata_areg_centered_student_vce_unadjusted,5,569047
25954,All,z_year_leng_max,-.115446113129275,-.380366966919327,.112572891893013,.741985567503229,stata_areg_centered_student_vce_unadjusted,38,569047
25960,All,z_year_leng_max,.162698041698162,-.10222281209189,.069620458734544,.637696803108398,stata_areg_centered_student_vce_unadjusted,127,569047
25961,All,z_year_leng_max,.958541345189684,.693620491399632,.0530014346492891,.616681563068953,stata_areg_centered_student_vce_unadjusted,419,569047
25969,All,z_year_leng_max,.250036361925846,-.0148844918642062,.043663206672369,.678033836607213,stata_areg_centered_student_vce_unadjusted,556,569047
25977,All,z_year_leng_max,-.0482055365038586,-.313126390293911,.375113848592134,.109646983795607,stata_areg_centered_student_vce_unadjusted,3,569047
25982,All,z_year_leng_max,.578787877409866,.313867023619813,.323599745998316,.823258102423004,stata_areg_centered_student_vce_unadjusted,4,569047
25984,All,z_year_leng_max,.179979674330477,-.0849411794595755,.0859824577096327,.741632126208615,stata_areg_centered_student_vce_unadjusted,96,569047
25988,All,z_year_leng_max,.168146059356084,-.0967747944339688,.0659389524123177,.653025564719241,stata_areg_centered_student_vce_unadjusted,235,569047
25995,All,z_year_leng_max,-.0453214628617164,-.310242316651769,.0438484733239838,.68130366288875,stata_areg_centered_student_vce_unadjusted,236,569047
25999,All,z_year_leng_max,.443470353865828,.178549500075776,.0441015757742351,.633751514760789,stata_areg_centered_student_vce_unadjusted,775,569047
26001,All,z_year_leng_max,.301726759628767,.0368059058387148,.0662435501184777,.636006924489491,stata_areg_centered_student_vce_unadjusted,420,569047
26006,All,z_year_leng_max,.274717969142399,.00979711535234706,.0884413224179327,.581696236345239,stata_areg_centered_student_vce_unadjusted,118,569047
26012,All,z_year_leng_max,.159854907116052,-.105065946674,.054883393682161,.657126521377282,stata_areg_centered_student_vce_unadjusted,260,569047
26017,All,z_year_leng_max,.0912200916163914,-.173700762173661,.0753252739749868,.551927674229504,stata_areg_centered_student_vce_unadjusted,127,569047
26019,All,z_year_leng_max,.0133720226041206,-.251548831185932,.323976041746111,.308813810481885,stata_areg_centered_student_vce_unadjusted,4,569047
26027,All,z_year_leng_max,.401026850354067,.136105996564015,.469996111835547,.606090827719976,stata_areg_centered_student_vce_unadjusted,2,569047
26028,All,z_year_leng_max,.127565695907119,-.137355157882933,.0874524691245342,.690899452958998,stata_areg_centered_student_vce_unadjusted,86,569047
26030,All,z_year_leng_max,.00443524455722749,-.260485609232825,.12239395844252,.523281429878829,stata_areg_centered_student_vce_unadjusted,29,569047
26032,All,z_year_leng_max,-.998072527022135,-1.26299338081219,.661740780598172,.,stata_areg_centered_student_vce_unadjusted,1,569047
26033,All,z_year_leng_max,.250324314243415,-.0145965395466378,.0566024609074419,.66131287042449,stata_areg_centered_student_vce_unadjusted,424,569047
26035,All,z_year_leng_max,.393622190605414,.128701336815362,.0684388728889221,.691422490386817,stata_areg_centered_student_vce_unadjusted,286,569047
26037,All,z_year_leng_max,-.0425262634858603,-.307447117275913,.0728392823571064,.695116068910133,stata_areg_centered_student_vce_unadjusted,216,569047
26045,All,z_year_leng_max,.186783626831872,-.0781372269581803,.0634504884086105,.685062926292562,stata_areg_centered_student_vce_unadjusted,142,569047
26046,All,z_year_leng_max,.490928507264831,.226007653474778,.0672576263897728,.683179432996751,stata_areg_centered_student_vce_unadjusted,295,569047
26048,All,z_year_leng_max,.620709623167867,.355788769377815,.409044620115799,.500918987120573,stata_areg_centered_student_vce_unadjusted,3,569047
26053,All,z_year_leng_max,.139804072937511,-.125116780852541,.0545164243915568,.656508521918154,stata_areg_centered_student_vce_unadjusted,313,569047
26054,All,z_year_leng_max,.0236456822910154,-.241275171499037,.265313883398294,.543342033402766,stata_areg_centered_student_vce_unadjusted,6,569047
26061,All,z_year_leng_max,.066424260491202,-.19849659329885,.326295019919616,.594198338661596,stata_areg_centered_student_vce_unadjusted,4,569047
26062,All,z_year_leng_max,.628469973970466,.363549120180414,.375502583473174,.789497373460559,stata_areg_centered_student_vce_unadjusted,3,569047
26075,All,z_year_leng_max,.0335810149686729,-.231339838821379,.127045595081567,.544667261791038,stata_areg_centered_student_vce_unadjusted,58,569047
26077,All,z_year_leng_max,.081539438762135,-.183381415027917,.472034844528896,.236347335569809,stata_areg_centered_student_vce_unadjusted,2,569047
26080,All,z_year_leng_max,.433806073328822,.16888521953877,.0893009002963563,.63788932056643,stata_areg_centered_student_vce_unadjusted,125,569047
26083,All,z_year_leng_max,.327415662536722,.06249480874667,.0943257692050022,.655974433475713,stata_areg_centered_student_vce_unadjusted,130,569047
26084,All,z_year_leng_max,.0157027531014565,-.249218100688596,.120343412302805,.64273075855635,stata_areg_centered_student_vce_unadjusted,33,569047
26085,All,z_year_leng_max,-.138353574623978,-.40327442841403,.216361948016884,.587616030333071,stata_areg_centered_student_vce_unadjusted,9,569047
26087,All,z_year_leng_max,.051771280072364,-.213149573717688,.45781723947272,.243919073878751,stata_areg_centered_student_vce_unadjusted,2,569047
26092,All,z_year_leng_max,.252787538192491,-.0121333155975617,.0602555653793317,.575943409322437,stata_areg_centered_student_vce_unadjusted,186,569047
26094,All,z_year_leng_max,-.0650586964498154,-.329979550239868,.100225172794032,.636037986337887,stata_areg_centered_student_vce_unadjusted,135,569047
26110,All,z_year_leng_max,.139469800174197,-.125451053615856,.0561415688335456,.597832424183912,stata_areg_centered_student_vce_unadjusted,276,569047
26115,All,z_year_leng_max,.256035376704996,-.00888547708505666,.0403490936188407,.640147775407891,stata_areg_centered_student_vce_unadjusted,376,569047
26117,All,z_year_leng_max,.22257165547789,-.0423491983121622,.0778971393745267,.593936150638722,stata_areg_centered_student_vce_unadjusted,175,569047
26134,All,z_year_leng_max,-.194729248014887,-.45965010180494,.109010300214463,.770158710395497,stata_areg_centered_student_vce_unadjusted,38,569047
26135,All,z_year_leng_max,.130500582553221,-.134420271236831,.0533569139887264,.647962837048253,stata_areg_centered_student_vce_unadjusted,409,569047
26137,All,z_year_leng_max,.314863958316352,.0499431045262994,.098146324449369,.64106354488182,stata_areg_centered_student_vce_unadjusted,71,569047
26143,All,z_year_leng_max,.419209599557837,.154288745767785,.291011334738648,.472506569385392,stata_areg_centered_student_vce_unadjusted,5,569047
26150,All,z_year_leng_max,.282345746163185,.0174248923731323,.090476042719119,.627298605463859,stata_areg_centered_student_vce_unadjusted,87,569047
26155,All,z_year_leng_max,.798391459174899,.533470605384846,.102673183293828,.583419346266976,stata_areg_centered_student_vce_unadjusted,207,569047
26157,All,z_year_leng_max,.0725920319878016,-.192328821802251,.0669632646430443,.650546541210818,stata_areg_centered_student_vce_unadjusted,141,569047
26164,All,z_year_leng_max,.199790925381025,-.0651299284090271,.0955971975164948,.796656143210004,stata_areg_centered_student_vce_unadjusted,59,569047
26168,All,z_year_leng_max,.0251759923863921,-.23974486140366,.0664276321791465,.704021763577501,stata_areg_centered_student_vce_unadjusted,101,569047
26201,All,z_year_leng_max,.285771859418914,.0208510056288612,.37464694775647,.102741692324555,stata_areg_centered_student_vce_unadjusted,3,569047
26209,All,z_year_leng_max,.000124231450335983,-.264796622339716,.108582469671338,.663809791636283,stata_areg_centered_student_vce_unadjusted,47,569047
26214,All,z_year_leng_max,.20636763015461,-.0585532236354426,.373961423887405,.769656618962048,stata_areg_centered_student_vce_unadjusted,3,569047
26219,All,z_year_leng_max,.10817296093707,-.156747892852983,.110284887890445,.740672165351842,stata_areg_centered_student_vce_unadjusted,48,569047
26225,All,z_year_leng_max,.366699016679818,.101778162889766,.244769663584093,.733127749243093,stata_areg_centered_student_vce_unadjusted,7,569047
26228,All,z_year_leng_max,-.190540454045574,-.455461307835626,.64790100160394,.,stata_areg_centered_student_vce_unadjusted,1,569047
26238,All,z_year_leng_max,.809251105334916,.544330251544864,.0812957438451972,.608278028405488,stata_areg_centered_student_vce_unadjusted,202,569047
26254,All,z_year_leng_max,.186712517054881,-.0782083367351711,.0857281628056822,.686784817780355,stata_areg_centered_student_vce_unadjusted,93,569047
26260,All,z_year_leng_max,.121065446877708,-.143855406912345,.0593713482901681,.63196063896598,stata_areg_centered_student_vce_unadjusted,373,569047
26268,All,z_year_leng_max,.334592689637021,.0696718358469683,.0702632295680362,.68675461892123,stata_areg_centered_student_vce_unadjusted,169,569047
26269,All,z_year_leng_max,.0932904686617771,-.171630385128275,.0852348009644548,.640816045251701,stata_areg_centered_student_vce_unadjusted,239,569047
26272,All,z_year_leng_max,.390714330900976,.125793477110924,.0743588181193148,.690883996005894,stata_areg_centered_student_vce_unadjusted,200,569047
26274,All,z_year_leng_max,.332699291526392,.0677784377363397,.225535353342328,.777469462819995,stata_areg_centered_student_vce_unadjusted,13,569047
26292,All,z_year_leng_max,.0309724255112959,-.233948428278756,.0406798498447071,.620254807100313,stata_areg_centered_student_vce_unadjusted,281,569047
26297,All,z_year_leng_max,.661767993318678,.396847139528625,.222702814143852,.607319958744337,stata_areg_centered_student_vce_unadjusted,10,569047
26303,All,z_year_leng_max,.402995130787266,.138074276997214,.0723377755401826,.695818490207583,stata_areg_centered_student_vce_unadjusted,87,569047
26305,All,z_year_leng_max,.388931367434121,.124010513644069,.22758664188514,.685493321738359,stata_areg_centered_student_vce_unadjusted,9,569047
26311,All,z_year_leng_max,.709426758833251,.444505905043199,.124650257545765,.554591644477991,stata_areg_centered_student_vce_unadjusted,110,569047
26324,All,z_year_leng_max,.152086882063449,-.112833971726604,.0864324593205704,.727107144154814,stata_areg_centered_student_vce_unadjusted,73,569047
26328,All,z_year_leng_max,.719935058683055,.455014204893002,.144985041833891,.605505958384893,stata_areg_centered_student_vce_unadjusted,39,569047
26333,All,z_year_leng_max,-.0810309715143511,-.345951825304403,.173474309257727,.698624112851358,stata_areg_centered_student_vce_unadjusted,14,569047
26335,All,z_year_leng_max,.622161237012256,.357240383222204,.0958467682748887,.660664674739015,stata_areg_centered_student_vce_unadjusted,352,569047
26362,All,z_year_leng_max,.155330728898152,-.1095901248919,.0676786715996911,.660340319527528,stata_areg_centered_student_vce_unadjusted,120,569047
26365,All,z_year_leng_max,.190377820100996,-.0745430336890561,.0617348551664533,.68844758529186,stata_areg_centered_student_vce_unadjusted,324,569047
26367,All,z_year_leng_max,.243177079705998,-.0217437740840541,.063627973607779,.612998570030061,stata_areg_centered_student_vce_unadjusted,346,569047
26368,All,z_year_leng_max,.367947942997879,.103027089207827,.0996940190325452,.692642047264264,stata_areg_centered_student_vce_unadjusted,121,569047
26371,All,z_year_leng_max,.00913937377052976,-.255781480019523,.123356847487861,.571604710312561,stata_areg_centered_student_vce_unadjusted,28,569047
26372,All,z_year_leng_max,.211043329726661,-.0538775240633916,.0737897041025963,.647035718714357,stata_areg_centered_student_vce_unadjusted,172,569047
26378,All,z_year_leng_max,.362682505802834,.0977616520127819,.0910812697460661,.700853319788598,stata_areg_centered_student_vce_unadjusted,135,569047
26379,All,z_year_leng_max,.149817106705558,-.115103747084494,.0641982891898355,.747996475254917,stata_areg_centered_student_vce_unadjusted,218,569047
26381,All,z_year_leng_max,.21452320861538,-.0503976451746719,.0559005061948907,.660261102007633,stata_areg_centered_student_vce_unadjusted,214,569047
26383,All,z_year_leng_max,.102690576928489,-.162230276861563,.0762073704666221,.708389420066607,stata_areg_centered_student_vce_unadjusted,123,569047
26384,All,z_year_leng_max,.0468341401590348,-.218086713631018,.0907670716100625,.569536275987758,stata_areg_centered_student_vce_unadjusted,54,569047
26399,All,z_year_leng_max,.569903963266807,.304983109476754,.0639052597877771,.685782157146096,stata_areg_centered_student_vce_unadjusted,243,569047
26405,All,z_year_leng_max,.252243428306992,-.0126774254830601,.0366375433560828,.661367122582046,stata_areg_centered_student_vce_unadjusted,417,569047
26411,All,z_year_leng_max,.150854663914587,-.114066189875466,.0610364370189536,.564521869142426,stata_areg_centered_student_vce_unadjusted,170,569047
26416,All,z_year_leng_max,.0548516974273267,-.210069156362726,.0684782190358095,.683532312001045,stata_areg_centered_student_vce_unadjusted,93,569047
26426,All,z_year_leng_max,-.433450004504758,-.69837085829481,.315413061681436,.559931747820467,stata_areg_centered_student_vce_unadjusted,5,569047
26434,All,z_year_leng_max,.31000788884846,.0450870350584079,.17810901424248,.501533733787398,stata_areg_centered_student_vce_unadjusted,15,569047
26436,All,z_year_leng_max,.246953955978285,-.0179668978117672,.0374870918745317,.66851294139361,stata_areg_centered_student_vce_unadjusted,570,569047
26454,All,z_year_leng_max,.163326862964271,-.101593990825781,.0528757499570254,.603437822155622,stata_areg_centered_student_vce_unadjusted,270,569047
26465,All,z_year_leng_max,.145496854518529,-.119423999271523,.0820277382514192,.670459708046797,stata_areg_centered_student_vce_unadjusted,99,569047
26466,All,z_year_leng_max,.216421583144649,-.0484992706454038,.0487781384153943,.67939656249477,stata_areg_centered_student_vce_unadjusted,442,569047
26476,All,z_year_leng_max,.347249728581712,.0823288747916598,.0459346968459772,.643316753018965,stata_areg_centered_student_vce_unadjusted,487,569047
26482,All,z_year_leng_max,.109267774935089,-.155653078854964,.0835180856610835,.718166291531397,stata_areg_centered_student_vce_unadjusted,97,569047
26501,All,z_year_leng_max,.125242779063313,-.139678074726739,.0569831309527361,.710097807683769,stata_areg_centered_student_vce_unadjusted,153,569047
26503,All,z_year_leng_max,.148532976328447,-.116387877461605,.0939661921303706,.661836223538959,stata_areg_centered_student_vce_unadjusted,87,569047
26507,All,z_year_leng_max,.41556355864157,.150642704851518,.106186585184659,.519954105394751,stata_areg_centered_student_vce_unadjusted,93,569047
26519,All,z_year_leng_max,-.602220592593614,-.867141446383667,.645087591901178,.,stata_areg_centered_student_vce_unadjusted,1,569047
26524,All,z_year_leng_max,.304775255751979,.0398544019619262,.0588910875031923,.628764340897204,stata_areg_centered_student_vce_unadjusted,161,569047
26538,All,z_year_leng_max,.24468699557996,-.0202338582100928,.0363120345303889,.64427587596354,stata_areg_centered_student_vce_unadjusted,589,569047
30001,All,z_year_leng_max,.100811794965711,-.164109058824341,.0936544430724205,.675996290782098,stata_areg_centered_student_vce_unadjusted,129,569047
30003,All,z_year_leng_max,.170169842374222,-.0947510114158301,.0575992647688426,.579897662881575,stata_areg_centered_student_vce_unadjusted,200,569047
30013,All,z_year_leng_max,.388141825863533,.123220972073481,.0996848668221519,.659668297652741,stata_areg_centered_student_vce_unadjusted,63,569047
31002,All,z_year_leng_max,.23124154949123,-.0336793042988219,.0918179530900786,.820954772233549,stata_areg_centered_student_vce_unadjusted,66,569047
31005,All,z_year_leng_max,.366806870539079,.101886016749026,.153096020308445,.502145343636024,stata_areg_centered_student_vce_unadjusted,26,569047
31010,All,z_year_leng_max,.371247764801269,.106326911011217,.0561327209912754,.652005217141859,stata_areg_centered_student_vce_unadjusted,367,569047
31012,All,z_year_leng_max,.257197323409992,-.00772353038006007,.120652883313132,.60387441410463,stata_areg_centered_student_vce_unadjusted,45,569047
31030,All,z_year_leng_max,.110288005726716,-.154632848063336,.0312870403332663,.674435898844306,stata_areg_centered_student_vce_unadjusted,473,569047
31034,All,z_year_leng_max,.264916160802601,-4.69298745175983e-06,.264840114197915,.463631286730481,stata_areg_centered_student_vce_unadjusted,6,569047
31037,All,z_year_leng_max,.192452912277156,-.0724679415128965,.0393053247069114,.664021343773801,stata_areg_centered_student_vce_unadjusted,524,569047
31039,All,z_year_leng_max,-1.5263103394006,-1.79123119319065,.644767431710092,.,stata_areg_centered_student_vce_unadjusted,1,569047
31040,All,z_year_leng_max,.406992966978188,.142072113188135,.0833219582829701,.746398795977585,stata_areg_centered_student_vce_unadjusted,89,569047
31042,All,z_year_leng_max,.205838696659483,-.0590821571305696,.110198719931494,.667674918010611,stata_areg_centered_student_vce_unadjusted,53,569047
31047,All,z_year_leng_max,.0403514815402349,-.224569372249817,.110509328052585,.596922458428381,stata_areg_centered_student_vce_unadjusted,35,569047
31048,All,z_year_leng_max,.380554574304468,.115633720514416,.267197505793755,.419721089056504,stata_areg_centered_student_vce_unadjusted,6,569047
31052,All,z_year_leng_max,.280547040723253,.0156261869332008,.0827717756241933,.734717586942103,stata_areg_centered_student_vce_unadjusted,126,569047
31064,All,z_year_leng_max,-.0546354867907586,-.319556340580811,.0923219038900383,.568956036265816,stata_areg_centered_student_vce_unadjusted,53,569047
31065,All,z_year_leng_max,.0998831246676679,-.165037729122384,.0539619530517043,.606611518072796,stata_areg_centered_student_vce_unadjusted,410,569047
31066,All,z_year_leng_max,.171031147304705,-.0938897064853476,.0968930609055306,.638806825751411,stata_areg_centered_student_vce_unadjusted,73,569047
31068,All,z_year_leng_max,.286942145955429,.0220212921653769,.0760651699963508,.659569031129756,stata_areg_centered_student_vce_unadjusted,90,569047
31071,All,z_year_leng_max,.234713675334916,-.0302071784551359,.0540030469477325,.644864053569175,stata_areg_centered_student_vce_unadjusted,569,569047
31074,All,z_year_leng_max,.448044984190259,.183124130400206,.0469970872190952,.645325365856492,stata_areg_centered_student_vce_unadjusted,544,569047
31078,All,z_year_leng_max,.508995294213482,.24407444042343,.0876366448867003,.620791027155478,stata_areg_centered_student_vce_unadjusted,305,569047
31080,All,z_year_leng_max,-.0139859202389694,-.278906774029022,.0801782179731897,.672480908345953,stata_areg_centered_student_vce_unadjusted,91,569047
31083,All,z_year_leng_max,.362481731680567,.0975608778905149,.0460057578305759,.636276268962138,stata_areg_centered_student_vce_unadjusted,387,569047
31084,All,z_year_leng_max,.0875846267445968,-.177336227045456,.114654533695251,.645958088851754,stata_areg_centered_student_vce_unadjusted,38,569047
31085,All,z_year_leng_max,.288689286306167,.0237684325161143,.0513498007582619,.645512822688577,stata_areg_centered_student_vce_unadjusted,313,569047
31087,All,z_year_leng_max,.1898834021112,-.075037451678852,.0790794697878489,.735856958676605,stata_areg_centered_student_vce_unadjusted,93,569047
31098,All,z_year_leng_max,-.506839954199518,-.77176080798957,.653039744651279,.,stata_areg_centered_student_vce_unadjusted,1,569047
31103,All,z_year_leng_max,.509402755211176,.244481901421123,.0845272427301375,.597793529487194,stata_areg_centered_student_vce_unadjusted,296,569047
31106,All,z_year_leng_max,.206501955277367,-.0584188985126851,.10097737391075,.748805956998337,stata_areg_centered_student_vce_unadjusted,89,569047
31107,All,z_year_leng_max,.458851697798098,.193930844008045,.288883490950733,.448948055707786,stata_areg_centered_student_vce_unadjusted,6,569047
31110,All,z_year_leng_max,.461856371030685,.196935517240633,.0703243504992093,.660676328822488,stata_areg_centered_student_vce_unadjusted,291,569047
31116,All,z_year_leng_max,.165048573857374,-.0998722799326787,.040723816691415,.638077597585823,stata_areg_centered_student_vce_unadjusted,414,569047
31124,All,z_year_leng_max,.124657335880231,-.140263517909822,.187703100745352,.324455131363796,stata_areg_centered_student_vce_unadjusted,12,569047
31128,All,z_year_leng_max,.0489413928702712,-.215979460919781,.088170286879431,.554133598111619,stata_areg_centered_student_vce_unadjusted,122,569047
31130,All,z_year_leng_max,.331717243248763,.0667963894587111,.15958206837473,.558403072686094,stata_areg_centered_student_vce_unadjusted,26,569047
31132,All,z_year_leng_max,-.509016722921851,-.773937576711903,.373165612855966,.195963420717285,stata_areg_centered_student_vce_unadjusted,3,569047
31153,All,z_year_leng_max,.0783866513829099,-.186534202407142,.0459223969769739,.616016074851259,stata_areg_centered_student_vce_unadjusted,273,569047
31161,All,z_year_leng_max,.100831224700716,-.164089629089336,.0775713887656004,.63722616426129,stata_areg_centered_student_vce_unadjusted,182,569047
31162,All,z_year_leng_max,-.060809990395662,-.325730844185714,.324818480854431,.542246114838112,stata_areg_centered_student_vce_unadjusted,4,569047
31163,All,z_year_leng_max,.532285459721974,.267364605931922,.374942012978655,.570775316070531,stata_areg_centered_student_vce_unadjusted,3,569047
31167,All,z_year_leng_max,.320277639471823,.0553567856817712,.129961274192005,.716842398700432,stata_areg_centered_student_vce_unadjusted,25,569047
31175,All,z_year_leng_max,-.0561489086575339,-.321069762447586,.113626379795375,.654009642250501,stata_areg_centered_student_vce_unadjusted,52,569047
31187,All,z_year_leng_max,-1.19108250278707,-1.45600335657712,.650418401958,.,stata_areg_centered_student_vce_unadjusted,1,569047
31189,All,z_year_leng_max,-.370621508277879,-.635542362067931,.457859554505433,.0799147761943702,stata_areg_centered_student_vce_unadjusted,2,569047
31192,All,z_year_leng_max,.332775449574894,.067854595784842,.26525146490772,.843116263340207,stata_areg_centered_student_vce_unadjusted,6,569047
31194,All,z_year_leng_max,.234445343497986,-.0304755102920668,.117214548965606,.704411105441701,stata_areg_centered_student_vce_unadjusted,36,569047
31201,All,z_year_leng_max,.23937014407233,-.0255507097177225,.0796366922103634,.566062081833971,stata_areg_centered_student_vce_unadjusted,86,569047
31203,All,z_year_leng_max,.368480256634552,.1035594028445,.106346138607176,.657342758004272,stata_areg_centered_student_vce_unadjusted,74,569047
31220,All,z_year_leng_max,-.0101538554486284,-.275074709238681,.379348400897201,.505320632827621,stata_areg_centered_student_vce_unadjusted,3,569047
31222,All,z_year_leng_max,.797214448924956,.532293595134903,.461565116001705,.181983016585455,stata_areg_centered_student_vce_unadjusted,2,569047
31253,All,z_year_leng_max,.0793137072686928,-.18560714652136,.0824017069244553,.648297315256628,stata_areg_centered_student_vce_unadjusted,117,569047
31258,All,z_year_leng_max,.121129808723614,-.143791045066438,.120281756429466,.637697880420756,stata_areg_centered_student_vce_unadjusted,30,569047
31260,All,z_year_leng_max,.149207315512264,-.115713538277788,.0891322299634359,.621569894154764,stata_areg_centered_student_vce_unadjusted,105,569047
31262,All,z_year_leng_max,.184382119423079,-.0805387343669729,.0849836863979896,.616928722890165,stata_areg_centered_student_vce_unadjusted,123,569047
31264,All,z_year_leng_max,.281960966745052,.017040112955,.0955072259598093,.741062217420184,stata_areg_centered_student_vce_unadjusted,95,569047
31265,All,z_year_leng_max,-.530957071618626,-.795877925408679,.645653134029994,.,stata_areg_centered_student_vce_unadjusted,1,569047
31267,All,z_year_leng_max,.589700501572583,.32477964778253,.199798377963475,.61960391400153,stata_areg_centered_student_vce_unadjusted,12,569047
31271,All,z_year_leng_max,.152221251808964,-.112699601981088,.149591287397191,.859839851707789,stata_areg_centered_student_vce_unadjusted,36,569047
31274,All,z_year_leng_max,.184285829627476,-.0806350241625763,.0890248081985512,.569705460428277,stata_areg_centered_student_vce_unadjusted,86,569047
31276,All,z_year_leng_max,.386630945808603,.121710092018551,.080492733108093,.645434520484249,stata_areg_centered_student_vce_unadjusted,174,569047
31278,All,z_year_leng_max,.142468332587277,-.122452521202775,.0609438707855903,.671424732792353,stata_areg_centered_student_vce_unadjusted,121,569047
31279,All,z_year_leng_max,-.184863444373645,-.449784298163697,.375728066017516,.44175538961395,stata_areg_centered_student_vce_unadjusted,3,569047
31287,All,z_year_leng_max,.600785133335425,.335864279545373,.648858776690946,.,stata_areg_centered_student_vce_unadjusted,1,569047
31288,All,z_year_leng_max,.172745103745968,-.0921757500440838,.0660500459381371,.646152655977134,stata_areg_centered_student_vce_unadjusted,113,569047
31290,All,z_year_leng_max,.256099814182608,-.00882103960744407,.0757105810282613,.693612341636457,stata_areg_centered_student_vce_unadjusted,151,569047
31293,All,z_year_leng_max,.269856162698151,.00493530890809857,.0594844486187699,.595946555629595,stata_areg_centered_student_vce_unadjusted,343,569047
31294,All,z_year_leng_max,.420675766438008,.155754912647956,.0695511152937546,.64550237922617,stata_areg_centered_student_vce_unadjusted,435,569047
31295,All,z_year_leng_max,.398338524656855,.133417670866803,.0375431950047018,.706233650807779,stata_areg_centered_student_vce_unadjusted,605,569047
31299,All,z_year_leng_max,.368204234814193,.10328338102414,.0790722349426435,.667302883341272,stata_areg_centered_student_vce_unadjusted,287,569047
31327,All,z_year_leng_max,.307309485255239,.0423886314651866,.0440728470119082,.648320466465358,stata_areg_centered_student_vce_unadjusted,659,569047
31338,All,z_year_leng_max,-.109332731734541,-.374253585524593,.216461547428031,.986991294386113,stata_areg_centered_student_vce_unadjusted,9,569047
31340,All,z_year_leng_max,.334997838838762,.0700769850487095,.0571401378705906,.648287952755639,stata_areg_centered_student_vce_unadjusted,538,569047
31342,All,z_year_leng_max,.295619183329472,.0306983295394193,.0871973036224074,.634347811325538,stata_areg_centered_student_vce_unadjusted,155,569047
31343,All,z_year_leng_max,.144307554863766,-.120613298926286,.0453967292279599,.636306540164587,stata_areg_centered_student_vce_unadjusted,291,569047
31344,All,z_year_leng_max,-.0626301797860479,-.3275510335761,.323523479414262,.377033738622874,stata_areg_centered_student_vce_unadjusted,4,569047
31345,All,z_year_leng_max,.0446805655005609,-.220240288289491,.0680685751687287,.657433347250941,stata_areg_centered_student_vce_unadjusted,111,569047
31346,All,z_year_leng_max,.215003180313317,-.0499176734767351,.266129044798127,.830204785103504,stata_areg_centered_student_vce_unadjusted,6,569047
31368,All,z_year_leng_max,.447461642046864,.182540788256812,.459245458982617,.187291714225407,stata_areg_centered_student_vce_unadjusted,2,569047
31373,All,z_year_leng_max,.60638620134192,.341465347551868,.118765869061685,.56701968378389,stata_areg_centered_student_vce_unadjusted,97,569047
31375,All,z_year_leng_max,.107406869352802,-.15751398443725,.208604877897492,.804283797465221,stata_areg_centered_student_vce_unadjusted,10,569047
31376,All,z_year_leng_max,.147457474363431,-.117463379426621,.205532675289968,.608208452594181,stata_areg_centered_student_vce_unadjusted,10,569047
31378,All,z_year_leng_max,.365387429496306,.100466575706253,.0673386106308003,.636456082119758,stata_areg_centered_student_vce_unadjusted,286,569047
31379,All,z_year_leng_max,.438977622684089,.174056768894037,.0855836111922999,.69537751145803,stata_areg_centered_student_vce_unadjusted,138,569047
31387,All,z_year_leng_max,.318399641128227,.0534787873381751,.0577309902132157,.688410750192951,stata_areg_centered_student_vce_unadjusted,197,569047
31388,All,z_year_leng_max,.0792850269321328,-.18563582685792,.0521255775972123,.664870980411781,stata_areg_centered_student_vce_unadjusted,165,569047
31392,All,z_year_leng_max,.377009262695425,.112088408905372,.101225080277334,.731801608355273,stata_areg_centered_student_vce_unadjusted,60,569047
31395,All,z_year_leng_max,.484449191104652,.219528337314599,.646188008551112,.,stata_areg_centered_student_vce_unadjusted,1,569047
31405,All,z_year_leng_max,-.0742351028093498,-.339155956599402,.292636619853808,.658911862876814,stata_areg_centered_student_vce_unadjusted,5,569047
31407,All,z_year_leng_max,-.19766627513899,-.462587128929042,.323364088067048,1.00901301300021,stata_areg_centered_student_vce_unadjusted,4,569047
31419,All,z_year_leng_max,.630731565719979,.365810711929926,.237960626752804,.60787072816935,stata_areg_centered_student_vce_unadjusted,10,569047
31421,All,z_year_leng_max,.150242362590889,-.114678491199163,.0908684494414885,.745828042699019,stata_areg_centered_student_vce_unadjusted,68,569047
31428,All,z_year_leng_max,.322021857495592,.0571010037055395,.143614625200523,.859412771756512,stata_areg_centered_student_vce_unadjusted,22,569047
31432,All,z_year_leng_max,.205674314774289,-.0592465390157628,.0642340070964784,.633682971326212,stata_areg_centered_student_vce_unadjusted,117,569047
31438,All,z_year_leng_max,-.346365125260942,-.611285979050995,.45919537529807,.147714266410276,stata_areg_centered_student_vce_unadjusted,2,569047
31444,All,z_year_leng_max,-.369521147985919,-.634442001775971,.327100556120049,.534992444252626,stata_areg_centered_student_vce_unadjusted,4,569047
31445,All,z_year_leng_max,.270465155153674,.00554430136362205,.0920564727282533,.586562758344591,stata_areg_centered_student_vce_unadjusted,61,569047
31466,All,z_year_leng_max,-.865007402528039,-1.12992825631809,.645681805487606,.,stata_areg_centered_student_vce_unadjusted,1,569047
31486,All,z_year_leng_max,-.664912856450572,-.929833710240624,.379540909011494,.232228730522827,stata_areg_centered_student_vce_unadjusted,3,569047
31494,All,z_year_leng_max,-.568725587028069,-.833646440818121,.373615749937679,.689832569800908,stata_areg_centered_student_vce_unadjusted,3,569047
31495,All,z_year_leng_max,.308599304855034,.0436784510649816,.0884337204799044,.701925995351442,stata_areg_centered_student_vce_unadjusted,97,569047
31499,All,z_year_leng_max,.552008886608512,.287088032818459,.122443248683368,.643767974563895,stata_areg_centered_student_vce_unadjusted,42,569047
31504,All,z_year_leng_max,1.18373633375472,.918815479964673,.330027672134287,.700098250246955,stata_areg_centered_student_vce_unadjusted,7,569047
31509,All,z_year_leng_max,.0312855995948619,-.23363525419519,.0959053987538658,.779886714475409,stata_areg_centered_student_vce_unadjusted,46,569047
40008,All,z_year_leng_max,-.504755148608967,-.769676002399019,.290859268974251,.315315603272858,stata_areg_centered_student_vce_unadjusted,5,569047
40023,All,z_year_leng_max,.532981429410765,.268060575620712,.0705354133659353,.608784760300176,stata_areg_centered_student_vce_unadjusted,268,569047
40024,All,z_year_leng_max,.328892029637587,.0639711758475346,.0580244310949134,.669043619727635,stata_areg_centered_student_vce_unadjusted,191,569047
40025,All,z_year_leng_max,-.0366480936853095,-.301568947475362,.0735593756670422,.646097677505085,stata_areg_centered_student_vce_unadjusted,136,569047
40027,All,z_year_leng_max,.288239326901036,.0233184731109841,.118613039691286,.610603040059493,stata_areg_centered_student_vce_unadjusted,125,569047
40029,All,z_year_leng_max,.279703623903365,.0147827701133131,.0949416133571704,.580420959478094,stata_areg_centered_student_vce_unadjusted,68,569047
40042,All,z_year_leng_max,.408896667088214,.143975813298161,.0656725688572684,.700518938131263,stata_areg_centered_student_vce_unadjusted,152,569047
40064,All,z_year_leng_max,.103026941836013,-.161893911954039,.0866967784559347,.63193230137281,stata_areg_centered_student_vce_unadjusted,115,569047
40076,All,z_year_leng_max,.220372281143568,-.0445485726464841,.136895084795065,.711777843201946,stata_areg_centered_student_vce_unadjusted,23,569047
40080,All,z_year_leng_max,.159397598414051,-.105523255376001,.0654235701661712,.605851138742112,stata_areg_centered_student_vce_unadjusted,230,569047
40099,All,z_year_leng_max,.0817046151491063,-.183216238640946,.0879783137478327,.634224032043281,stata_areg_centered_student_vce_unadjusted,73,569047
40102,All,z_year_leng_max,.0164905169598929,-.248430336830159,.176144251368987,.400382276878812,stata_areg_centered_student_vce_unadjusted,18,569047
40110,All,z_year_leng_max,.310642693470691,.0457218396806384,.141850571473804,.644139835832996,stata_areg_centered_student_vce_unadjusted,78,569047
40114,All,z_year_leng_max,.483369569226685,.218448715436633,.062363607650389,.611644316483423,stata_areg_centered_student_vce_unadjusted,494,569047
40115,All,z_year_leng_max,.00894671816266986,-.255974135627382,.165015789990442,.67734846422067,stata_areg_centered_student_vce_unadjusted,16,569047
40125,All,z_year_leng_max,.658615291617291,.393694437827239,.0701601256156911,.618610442832463,stata_areg_centered_student_vce_unadjusted,174,569047
40126,All,z_year_leng_max,.0649135478417564,-.200007305948296,.0674536129899319,.626974107643689,stata_areg_centered_student_vce_unadjusted,132,569047
40155,All,z_year_leng_max,.187944407817143,-.0769764459729089,.0795826358419039,.674370530376268,stata_areg_centered_student_vce_unadjusted,123,569047
40160,All,z_year_leng_max,-.0505906417548905,-.315511495544943,.221403633229573,.386484557784044,stata_areg_centered_student_vce_unadjusted,9,569047
40186,All,z_year_leng_max,.331776939852003,.0668560860619507,.218918331237724,.675264198363677,stata_areg_centered_student_vce_unadjusted,9,569047
40194,All,z_year_leng_max,.234551830751894,-.0303690230381585,.0575158239274683,.608447688096426,stata_areg_centered_student_vce_unadjusted,235,569047
40202,All,z_year_leng_max,.184717324312173,-.0802035294778792,.137567752965289,.623314418352618,stata_areg_centered_student_vce_unadjusted,62,569047
40206,All,z_year_leng_max,.396115715474181,.131194861684129,.198791090956929,.561817235773583,stata_areg_centered_student_vce_unadjusted,11,569047
40208,All,z_year_leng_max,.125889811476576,-.139031042313477,.156437543032075,.543724374100017,stata_areg_centered_student_vce_unadjusted,18,569047
40230,All,z_year_leng_max,-.147308972789394,-.412229826579447,.122374261261689,.643997504212489,stata_areg_centered_student_vce_unadjusted,31,569047
40231,All,z_year_leng_max,.4271375154332,.162216661643148,.0890723063476933,.669003151976397,stata_areg_centered_student_vce_unadjusted,115,569047
40251,All,z_year_leng_max,.13670997345832,-.128210880331733,.0671260635976651,.62972267940477,stata_areg_centered_student_vce_unadjusted,456,569047
40252,All,z_year_leng_max,.198848728419102,-.0660721253709499,.0408361900224008,.637167513264326,stata_areg_centered_student_vce_unadjusted,323,569047
40256,All,z_year_leng_max,.208255298813413,-.0566655549766396,.0535982800687032,.621942404284638,stata_areg_centered_student_vce_unadjusted,246,569047
40278,All,z_year_leng_max,.190140510563332,-.0747803432267204,.105637487668174,.848640015077896,stata_areg_centered_student_vce_unadjusted,76,569047
40284,All,z_year_leng_max,.301451660463621,.0365308066735687,.0825510642721016,.689681154022885,stata_areg_centered_student_vce_unadjusted,99,569047
40285,All,z_year_leng_max,.294989747173582,.0300688933835301,.0873504562886047,.648215635077088,stata_areg_centered_student_vce_unadjusted,112,569047
40289,All,z_year_leng_max,.301198732714557,.0362778789245047,.0970804986552111,.643877191678312,stata_areg_centered_student_vce_unadjusted,272,569047
40295,All,z_year_leng_max,.144572647209404,-.120348206580648,.0660933134596545,.651487093645264,stata_areg_centered_student_vce_unadjusted,168,569047
40298,All,z_year_leng_max,.34797093135317,.0830500775631174,.054321235247661,.685298350271724,stata_areg_centered_student_vce_unadjusted,215,569047
40299,All,z_year_leng_max,.2176659607254,-.0472548930646521,.108448409785472,.677215567758493,stata_areg_centered_student_vce_unadjusted,76,569047
40301,All,z_year_leng_max,.0938368655849475,-.171083988205105,.0841724049285014,.588023187531471,stata_areg_centered_student_vce_unadjusted,161,569047
40305,All,z_year_leng_max,.0402377990945266,-.224683054695526,.0928063498853837,.623488674089475,stata_areg_centered_student_vce_unadjusted,147,569047
40308,All,z_year_leng_max,-.171845464054358,-.43676631784441,.291425670936315,.865273546016055,stata_areg_centered_student_vce_unadjusted,5,569047
40310,All,z_year_leng_max,.342059390538877,.0771385367488249,.0868471500324263,.685769208601469,stata_areg_centered_student_vce_unadjusted,157,569047
40316,All,z_year_leng_max,.196529270536605,-.0683915832534478,.0807785045167102,.600129366553707,stata_areg_centered_student_vce_unadjusted,87,569047
40319,All,z_year_leng_max,.221177289059367,-.0437435647306851,.0839650997181504,.618078689054458,stata_areg_centered_student_vce_unadjusted,251,569047
40320,All,z_year_leng_max,.397157126903959,.132236273113907,.0475731029066847,.624732028732943,stata_areg_centered_student_vce_unadjusted,396,569047
40321,All,z_year_leng_max,.0987084841876417,-.166212369602411,.380392743905461,.0581771324473993,stata_areg_centered_student_vce_unadjusted,3,569047
40335,All,z_year_leng_max,.0207071941621576,-.244213659627895,.655983399358547,.,stata_areg_centered_student_vce_unadjusted,1,569047
40338,All,z_year_leng_max,.497798976049687,.232878122259635,.460510293584126,.424221947665191,stata_areg_centered_student_vce_unadjusted,2,569047
40340,All,z_year_leng_max,.00433864374434267,-.26058221004571,.112121075045192,.578832006935694,stata_areg_centered_student_vce_unadjusted,83,569047
40343,All,z_year_leng_max,.298826377562024,.033905523771972,.0602369639985636,.639369989287993,stata_areg_centered_student_vce_unadjusted,196,569047
40351,All,z_year_leng_max,.370423663283527,.105502809493475,.0768196100602593,.656299468898449,stata_areg_centered_student_vce_unadjusted,139,569047
40352,All,z_year_leng_max,.158350983481888,-.106569870308164,.0954033975971003,.656505717244191,stata_areg_centered_student_vce_unadjusted,65,569047
40354,All,z_year_leng_max,.217287268892358,-.0476335848976939,.168805865342794,.770888026823316,stata_areg_centered_student_vce_unadjusted,18,569047
40370,All,z_year_leng_max,.139288075796359,-.125632777993694,.0997685224106467,.655028962179025,stata_areg_centered_student_vce_unadjusted,97,569047
40371,All,z_year_leng_max,.113558526219061,-.151362327570991,.0829873209459416,.602380723443744,stata_areg_centered_student_vce_unadjusted,169,569047
40381,All,z_year_leng_max,.501872604764139,.236951750974087,.662458076456632,.,stata_areg_centered_student_vce_unadjusted,1,569047
40390,All,z_year_leng_max,.423832457528217,.158911603738164,.656417632042062,.,stata_areg_centered_student_vce_unadjusted,1,569047
40393,All,z_year_leng_max,.476349344366003,.211428490575951,.140895696209935,.670472557184929,stata_areg_centered_student_vce_unadjusted,53,569047
40399,All,z_year_leng_max,.179200119335796,-.0857207344542567,.128467435397602,.648746964074306,stata_areg_centered_student_vce_unadjusted,45,569047
40400,All,z_year_leng_max,.0406687430130181,-.224252110777034,.15916157485739,.586858050556568,stata_areg_centered_student_vce_unadjusted,17,569047
40406,All,z_year_leng_max,.146537596528456,-.118383257261597,.131192122143201,.746700223543315,stata_areg_centered_student_vce_unadjusted,25,569047
40407,All,z_year_leng_max,-.378086367520686,-.643007221310739,.376828051336657,.161759857353602,stata_areg_centered_student_vce_unadjusted,4,569047
40414,All,z_year_leng_max,.296071326062436,.0311504722723832,.150018157090746,.588402762131348,stata_areg_centered_student_vce_unadjusted,19,569047
40422,All,z_year_leng_max,.0718126465494342,-.193108207240618,.0654171533832887,.554753920104511,stata_areg_centered_student_vce_unadjusted,151,569047
40429,All,z_year_leng_max,-.152009919245919,-.416930773035971,.654446005029507,.,stata_areg_centered_student_vce_unadjusted,1,569047
40435,All,z_year_leng_max,.151889850792037,-.113031002998015,.229523291666861,.647076881140119,stata_areg_centered_student_vce_unadjusted,8,569047
40436,All,z_year_leng_max,.419464148368351,.154543294578298,.11197555218594,.600550770768281,stata_areg_centered_student_vce_unadjusted,42,569047
40447,All,z_year_leng_max,-.176231534355884,-.441152388145936,.297162399128348,1.45782660471409,stata_areg_centered_student_vce_unadjusted,5,569047
40457,All,z_year_leng_max,.172934901160534,-.091985952629518,.12390153685751,.645674935060702,stata_areg_centered_student_vce_unadjusted,30,569047
41009,All,z_year_leng_max,.25965934430073,-.0052615094893223,.0626602770851953,.694271923044923,stata_areg_centered_student_vce_unadjusted,155,569047
41099,All,z_year_leng_max,.00116480119500258,-.26375605259505,.18140840832888,.766159819874067,stata_areg_centered_student_vce_unadjusted,13,569047
41109,All,z_year_leng_max,.123569449252764,-.141351404537289,.0721778425523482,.773901654148965,stata_areg_centered_student_vce_unadjusted,81,569047
41135,All,z_year_leng_max,.284234851835118,.0193139980450658,.0884254575134899,.479141296802801,stata_areg_centered_student_vce_unadjusted,59,569047
41264,All,z_year_leng_max,.0567371348663501,-.208183718923702,.194045570072164,.710061793604552,stata_areg_centered_student_vce_unadjusted,12,569047
41349,All,z_year_leng_max,-.286399294123363,-.551320147913415,.29030189464407,.355725018592927,stata_areg_centered_student_vce_unadjusted,5,569047
41421,All,z_year_leng_max,.266065492953436,.00114463916338342,.085871337495084,.590689553006552,stata_areg_centered_student_vce_unadjusted,62,569047
41439,All,z_year_leng_max,.311261464853293,.0463406110632407,.0995876356344924,.708901746251028,stata_areg_centered_student_vce_unadjusted,49,569047
41556,All,z_year_leng_max,.398339784558353,.133418930768301,.247863992933008,.926207200491382,stata_areg_centered_student_vce_unadjusted,7,569047
41617,All,z_year_leng_max,.381731588243558,.116810734453506,.0406879616806993,.754526584239731,stata_areg_centered_student_vce_unadjusted,273,569047
41658,All,z_year_leng_max,.262995688825287,-.00192516496476514,.0549630279759476,.69817535637309,stata_areg_centered_student_vce_unadjusted,211,569047
41702,All,z_year_leng_max,.534138663819883,.26921781002983,.0694309296382693,.649681960492609,stata_areg_centered_student_vce_unadjusted,173,569047
41712,All,z_year_leng_max,-.828031937252684,-1.09295279104274,.688966677715698,.,stata_areg_centered_student_vce_unadjusted,1,569047
41780,All,z_year_leng_max,.564431396658665,.299510542868613,.0885869107122315,.54619393223357,stata_areg_centered_student_vce_unadjusted,61,569047
41791,All,z_year_leng_max,.393219027545557,.128298173755504,.191916766879102,.501985981337881,stata_areg_centered_student_vce_unadjusted,13,569047
41800,All,z_year_leng_max,-.389851092528835,-.654771946318887,.645888547954715,.,stata_areg_centered_student_vce_unadjusted,1,569047
41814,All,z_year_leng_max,.385995924902072,.12107507111202,.103270881061458,.631939063764854,stata_areg_centered_student_vce_unadjusted,41,569047
41846,All,z_year_leng_max,-.568477299089553,-.833398152879605,.27086059617145,.613988645006311,stata_areg_centered_student_vce_unadjusted,6,569047
41899,All,z_year_leng_max,.287378893378436,.0224580395883839,.0970234408027682,.605294777901556,stata_areg_centered_student_vce_unadjusted,79,569047
41916,All,z_year_leng_max,.448841286842046,.183920433051993,.652367235964622,.,stata_areg_centered_student_vce_unadjusted,1,569047
41955,All,z_year_leng_max,.629992126229404,.365071272439352,.458277427996238,.28318795665228,stata_areg_centered_student_vce_unadjusted,2,569047
42035,All,z_year_leng_max,.596830784829096,.331909931039044,.654572452125406,.,stata_areg_centered_student_vce_unadjusted,1,569047
42081,All,z_year_leng_max,1.00471982291002,.73979896911997,.646284612953274,.,stata_areg_centered_student_vce_unadjusted,1,569047
42105,All,z_year_leng_max,.330453832404875,.065532978614823,.647145311700647,.,stata_areg_centered_student_vce_unadjusted,1,569047
42158,All,z_year_leng_max,.4583790954812,.193458241691148,.376824073964633,1.05475249505325,stata_areg_centered_student_vce_unadjusted,3,569047
42166,All,z_year_leng_max,-.821012017430219,-1.08593287122027,.3743349185499,.361362941862994,stata_areg_centered_student_vce_unadjusted,3,569047
42168,All,z_year_leng_max,.909964268176176,.645043414386124,.649033205622805,.,stata_areg_centered_student_vce_unadjusted,1,569047
42178,All,z_year_leng_max,.173612155461803,-.0913086983282497,.248159492640961,.445595995626401,stata_areg_centered_student_vce_unadjusted,7,569047
