spec,label,family,beta,se,p_value,n_obs
math_adj,Math,Achievement,0.841014281542343,0.0714929652423546,6.0118905853427e-32,90906
leng_adj,Language,Achievement,0.8352905436276,0.0821522944506779,2.76679840418527e-24,92472
stem_adj,STEM enrollment,Higher education,0.689219131554392,0.0671687598799186,1.05599446241466e-24,92959
instcert_adj,Institutional quality,Higher education,1.15310079163759,0.122874323321621,6.32805962407284e-21,92959
