enrollment_measure,n_enrolled_students,n_unique_cod_sies,n_unique_inst_area,n_program_info_found,n_fe_level_supported,n_fe_estimable,share_fe_estimable,n_area_level_supported,n_area_estimable,share_area_estimable,n_institution_level_supported,n_institution_estimable,share_institution_estimable,n_hier_two_way_fe,n_hier_area_generica_fe,n_hier_institution_fe,n_hier_global_mean,n_hier_complete,share_hier_complete,mean_fe_income_clp,median_fe_income_clp,mean_area_income_clp,median_area_income_clp,mean_institution_income_clp,median_institution_income_clp,mean_hier_income_clp,median_hier_income_clp
first_enrollment,626412,9325,2867,626412,439904,439892,0.702240697815495,585910,585910,0.935342873380459,473346,473346,0.755646443554721,439892,146018,33442,7060,626412,1,1565469.04794123,1426070.41114077,1483631.58309009,1381581.98130967,1510050.51322083,1595374.62639613,1495316.7880518,1383139.14922945
last_enrollment,626412,9320,2879,626412,436431,436414,0.696688441473024,588976,588976,0.940237415630607,466618,466618,0.744905908571356,436414,152562,30187,7249,626412,1,1553844.30764788,1395422.14622551,1472462.8111846,1350470.33989289,1502400.40293692,1567846.62593857,1483750.77487459,1368177.36603361
