program_code,program_name,institution_name,field_group,avg_math_score_z,projected_income_clp,n_entrants,n_entry_years,first_entry_year,last_entry_year,projected_income_millions
I17S1C57J1V1,ENFERMERIA,UNIVERSIDAD SEK,Medicine +,-0.939523335239744,1937432.22472841,19,4,2022,2025,1.93743222472841
I9S1C64J1V1,TECNOLOGIA MEDICA,UNIVERSIDAD DEL ALBA,Medicine +,-0.784881128776372,1607318.96419096,18,4,2022,2025,1.60731896419096
I46S19C56J1V1,ENFERMERIA,UNIVERSIDAD DE ACONCAGUA,Medicine +,-0.763192582006858,1777786.87830108,65,4,2022,2025,1.77778687830108
I9S8C41J1V1,ENFERMERIA,UNIVERSIDAD DEL ALBA,Medicine +,-0.741383878462225,1736636.49168973,87,4,2022,2025,1.73663649168973
I46S17C56J1V1,ENFERMERIA,UNIVERSIDAD DE ACONCAGUA,Medicine +,-0.728461764114625,1777786.87830108,21,4,2022,2025,1.77778687830108
I11S2C266J1V1,ENFERMERIA,UNIVERSIDAD ACADEMIA DE HUMANISMO CRISTIANO,Medicine +,-0.721664119974753,1817356.17869419,44,3,2023,2025,1.81735617869419
I46S9C56J1V1,ENFERMERIA,UNIVERSIDAD DE ACONCAGUA,Medicine +,-0.720931439671751,1777786.87830108,52,4,2022,2025,1.77778687830108
I9S1C41J1V1,ENFERMERIA,UNIVERSIDAD DEL ALBA,Medicine +,-0.715047336762888,1736636.49168973,58,5,2021,2025,1.73663649168973
I46S23C56J1V1,ENFERMERIA,UNIVERSIDAD DE ACONCAGUA,Medicine +,-0.658122322671467,1777786.87830108,57,4,2022,2025,1.77778687830108
I17S1C250J1V1,OBSTETRICIA Y NEONATOLOGIA,UNIVERSIDAD SEK,Medicine +,-0.644963349453135,1751811.73304774,79,5,2021,2025,1.75181173304774
I9S2C41J1V1,ENFERMERIA,UNIVERSIDAD DEL ALBA,Medicine +,-0.643583651714371,1736636.49168973,152,4,2022,2025,1.73663649168973
I22S1C109J1V1,ENFERMERIA,UNIVERSIDAD DE VIÑA DEL MAR,Medicine +,-0.642262548214685,1635335.88798528,200,4,2022,2025,1.63533588798528
I9S9C41J1V1,ENFERMERIA,UNIVERSIDAD DEL ALBA,Medicine +,-0.575414881430204,1736636.49168973,101,5,2021,2025,1.73663649168973
I22S1C281J1V1,TECNOLOGIA MEDICA,UNIVERSIDAD DE VIÑA DEL MAR,Medicine +,-0.570124629863668,1513561.6452602,85,4,2022,2025,1.5135616452602
I22S1C332J1V1,OBSTETRICIA,UNIVERSIDAD DE VIÑA DEL MAR,Medicine +,-0.556939841563213,1478658.4838849,298,4,2022,2025,1.4786584838849
I84S2C456J1V1,OBSTETRICIA Y PUERICULTURA,UNIVERSIDAD DE LOS LAGOS,Medicine +,-0.531576500384414,1482118.00524881,77,3,2023,2025,1.48211800524881
I81S3C7J1V1,ENFERMERIA,UNIVERSIDAD ARTURO PRAT,Medicine +,-0.515982526407249,1798313.53372942,150,4,2022,2025,1.79831353372942
I19S4C21J1V1,ENFERMERIA,UNIVERSIDAD DE LAS AMERICAS,Medicine +,-0.515587444786933,1720481.78486221,581,4,2022,2025,1.72048178486221
I11S2C290J1V1,TECNOLOGIA MEDICA,UNIVERSIDAD ACADEMIA DE HUMANISMO CRISTIANO,Medicine +,-0.514774362506425,1682027.91124273,28,3,2023,2025,1.68202791124273
I19S6C21J1V1,ENFERMERIA,UNIVERSIDAD DE LAS AMERICAS,Medicine +,-0.512247316161895,1720481.78486221,313,4,2022,2025,1.72048178486221
I19S3C21J1V1,ENFERMERIA,UNIVERSIDAD DE LAS AMERICAS,Medicine +,-0.503861173462793,1720481.78486221,240,4,2022,2025,1.72048178486221
I84S2C319J1V1,ENFERMERIA,UNIVERSIDAD DE LOS LAGOS,Medicine +,-0.487061220475109,1639161.97731105,235,4,2022,2025,1.63916197731105
I11S1C290J1V1,TECNOLOGIA MEDICA,UNIVERSIDAD ACADEMIA DE HUMANISMO CRISTIANO,Medicine +,-0.480978851772697,1682027.91124273,61,3,2022,2024,1.68202791124273
I19S1C21J1V1,ENFERMERIA,UNIVERSIDAD DE LAS AMERICAS,Medicine +,-0.475729449021745,1720481.78486221,457,4,2022,2025,1.72048178486221
I19S2C21J1V1,ENFERMERIA,UNIVERSIDAD DE LAS AMERICAS,Medicine +,-0.466391838698066,1720481.78486221,425,4,2022,2025,1.72048178486221
I42S1C276J1V1,ENFERMERIA,UNIVERSIDAD CATOLICA CARDENAL RAUL SILVA HENRIQUEZ,Medicine +,-0.454709544402329,1720515.94406689,472,4,2022,2025,1.72051594406689
I11S1C266J1V1,ENFERMERIA,UNIVERSIDAD ACADEMIA DE HUMANISMO CRISTIANO,Medicine +,-0.437842372881157,1817356.17869419,87,3,2022,2024,1.81735617869419
I39S7C16J1V1,ENFERMERIA,UNIVERSIDAD SAN SEBASTIAN,Medicine +,-0.430829882496313,1774952.36659633,289,4,2022,2025,1.77495236659633
I19S5C21J1V1,ENFERMERIA,UNIVERSIDAD DE LAS AMERICAS,Medicine +,-0.427510726476276,1720481.78486221,225,5,2021,2025,1.72048178486221
I9S2C64J1V1,TECNOLOGIA MEDICA,UNIVERSIDAD DEL ALBA,Medicine +,-0.41105574439803,1607318.96419096,137,4,2022,2025,1.60731896419096
I81S1C7J1V1,ENFERMERIA,UNIVERSIDAD ARTURO PRAT,Medicine +,-0.361150817956419,1798313.53372942,131,4,2022,2025,1.79831353372942
I11S2C329J1V1,OBSTETRICIA,UNIVERSIDAD ACADEMIA DE HUMANISMO CRISTIANO,Medicine +,-0.351645525912214,1643239.86993123,33,4,2022,2025,1.64323986993123
I83S1C278J1V1,"ENFERMERIA, LICENCIATURA EN ENFERMERIA",UNIVERSIDAD DE PLAYA ANCHA DE CIENCIAS DE LA EDUCACION,Medicine +,-0.351130522501572,1661315.66340937,169,4,2022,2025,1.66131566340937
I38S1C36J1V1,ENFERMERIA,UNIVERSIDAD ADVENTISTA DE CHILE,Medicine +,-0.341233535919201,1568801.37156204,151,5,2021,2025,1.56880137156204
I22S1C384J1V1,QUIMICA Y FARMACIA,UNIVERSIDAD DE VIÑA DEL MAR,Medicine +,-0.319658977960275,1994154.92633665,38,4,2022,2025,1.99415492633665
I9S9C64J1V1,TECNOLOGIA MEDICA,UNIVERSIDAD DEL ALBA,Medicine +,-0.314682179042201,1607318.96419096,47,4,2022,2025,1.60731896419096
I13S2C13J1V1,ENFERMERIA,UNIVERSIDAD SANTO TOMAS,Medicine +,-0.307653033545406,1698331.87486775,105,4,2022,2025,1.69833187486775
I22S1C124J1V1,ODONTOLOGIA,UNIVERSIDAD DE VIÑA DEL MAR,Medicine +,-0.304306663599655,1531238.16920061,98,2,2022,2023,1.53123816920061
I84S1C456J1V1,OBSTETRICIA Y PUERICULTURA,UNIVERSIDAD DE LOS LAGOS,Medicine +,-0.299857230436509,1482118.00524881,327,4,2022,2025,1.48211800524881
I896S1C4J1V1,ENFERMERIA,UNIVERSIDAD DE AYSEN,Medicine +,-0.297982151239012,1811070.15632805,89,4,2022,2025,1.81107015632805
I13S17C34J1V1,TECNOLOGIA MEDICA,UNIVERSIDAD SANTO TOMAS,Medicine +,-0.29265581465433,1571866.67620286,73,4,2022,2025,1.57186667620286
I13S17C13J1V1,ENFERMERIA,UNIVERSIDAD SANTO TOMAS,Medicine +,-0.279292207342931,1698331.87486775,107,4,2022,2025,1.69833187486775
I19S6C572J1V1,OBSTETRICIA Y PUERICULTURA,UNIVERSIDAD DE LAS AMERICAS,Medicine +,-0.278172044359689,1555646.76727674,99,4,2022,2025,1.55564676727674
I84S1C319J1V1,ENFERMERIA,UNIVERSIDAD DE LOS LAGOS,Medicine +,-0.269984605481064,1639161.97731105,312,4,2022,2025,1.63916197731105
I4S9C503J1V1,ENFERMERIA,UNIVERSIDAD CENTRAL DE CHILE,Medicine +,-0.267925032841894,1841393.95923453,411,5,2021,2025,1.84139395923453
I20S4C31J1V1,ENFERMERIA,UNIVERSIDAD ANDRES BELLO,Medicine +,-0.263769673209773,1794362.46147966,398,4,2022,2025,1.79436246147966
I80S2C6J1V2,ENFERMERIA,UNIVERSIDAD DE TARAPACA,Medicine +,-0.255303295035769,1739178.58829482,132,4,2022,2025,1.73917858829482
I19S1C572J1V1,OBSTETRICIA Y PUERICULTURA,UNIVERSIDAD DE LAS AMERICAS,Medicine +,-0.244403873014939,1555646.76727674,271,4,2022,2025,1.55564676727674
I896S1C5J1V1,OBSTETRICIA,UNIVERSIDAD DE AYSEN,Medicine +,-0.230157409743902,1673524.60233801,74,4,2022,2025,1.67352460233801
I80S1C68J1V2,TECNOLOGIA MEDICA EN OFTALMOLOGIA Y OPTOMETRIA,UNIVERSIDAD DE TARAPACA,Medicine +,-0.226191917779294,1609671.76519549,115,4,2022,2025,1.60967176519549
I39S7C145J1V1,OBSTETRICIA,UNIVERSIDAD SAN SEBASTIAN,Medicine +,-0.219693394784805,1604898.66004999,202,4,2022,2025,1.60489866004999
I38S1C149J1V1,OBSTETRICIA Y PUERICULTURA,UNIVERSIDAD ADVENTISTA DE CHILE,Medicine +,-0.204944501596416,1418498.47155763,144,4,2022,2025,1.41849847155763
I79S1C172J1V1,OBSTETRICIA Y PUERICULTURA,UNIVERSIDAD DE ATACAMA,Medicine +,-0.189851829379759,1794740.75218826,221,4,2022,2025,1.79474075218826
I13S11C13J1V1,ENFERMERIA,UNIVERSIDAD SANTO TOMAS,Medicine +,-0.178737133530788,1698331.87486775,115,4,2022,2025,1.69833187486775
I13S7C13J1V1,ENFERMERIA,UNIVERSIDAD SANTO TOMAS,Medicine +,-0.17570271052109,1698331.87486775,176,4,2022,2025,1.69833187486775
I39S8C16J1V1,ENFERMERIA,UNIVERSIDAD SAN SEBASTIAN,Medicine +,-0.172291549474286,1774952.36659633,243,4,2022,2025,1.77495236659633
I22S1C124J1V2,ODONTOLOGIA,UNIVERSIDAD DE VIÑA DEL MAR,Medicine +,-0.165551701517567,1531238.16920061,100,4,2022,2025,1.53123816920061
I73S2C437J1V1,"TECNOLOGIA MEDICA EN LABORATORIO CLINICO, HEMATOLOGIA Y MEDICINA TRANSFUSIONAL",UNIVERSIDAD DE ANTOFAGASTA,Medicine +,-0.159830947541404,1846923.95625818,33,3,2023,2025,1.84692395625818
I20S2C31J1V1,ENFERMERIA,UNIVERSIDAD ANDRES BELLO,Medicine +,-0.157918594489004,1794362.46147966,56,3,2022,2025,1.79436246147966
I39S7C9J1V1,TECNOLOGIA MEDICA,UNIVERSIDAD SAN SEBASTIAN,Medicine +,-0.153417773775392,1642781.6719376,180,4,2022,2025,1.6427816719376
I79S1C56J1V1,ENFERMERIA Y LICENCIATURA EN ENFERMERIA,UNIVERSIDAD DE ATACAMA,Medicine +,-0.153246845838258,1984909.96647988,221,4,2022,2025,1.98490996647988
I13S3C13J1V1,ENFERMERIA,UNIVERSIDAD SANTO TOMAS,Medicine +,-0.1525036022293,1698331.87486775,117,4,2022,2025,1.69833187486775
I45S1C33J1V1,ENFERMERIA,UNIVERSIDAD DEL DESARROLLO,Medicine +,-0.150486815235494,2006654.43654909,272,4,2022,2025,2.00665443654909
I39S2C16J1V1,ENFERMERIA,UNIVERSIDAD SAN SEBASTIAN,Medicine +,-0.144807565309442,1774952.36659633,681,4,2022,2025,1.77495236659633
I50S2C214J1V1,ENFERMERIA,UNIVERSIDAD BERNARDO O'HIGGINS,Medicine +,-0.13779065984279,1621326.56112018,263,5,2021,2025,1.62132656112018
I90S2C22J1V1,ENFERMERIA,UNIVERSIDAD AUSTRAL DE CHILE,Medicine +,-0.132622709147994,1786531.34088841,184,4,2022,2025,1.78653134088841
I92S2C6J1V1,ENFERMERIA,UNIVERSIDAD CATOLICA DEL MAULE,Medicine +,-0.118986187419534,1723234.99094717,274,4,2022,2025,1.72323499094717
I13S3C34J1V1,TECNOLOGIA MEDICA,UNIVERSIDAD SANTO TOMAS,Medicine +,-0.114388491217741,1571866.67620286,98,4,2022,2025,1.57186667620286
I39S7C18J1V1,ODONTOLOGIA,UNIVERSIDAD SAN SEBASTIAN,Medicine +,-0.110120713627623,1661967.32561997,217,4,2022,2025,1.66196732561997
I4S9C753J1V1,TECNOLOGIA MEDICA,UNIVERSIDAD CENTRAL DE CHILE,Medicine +,-0.107979072166796,1704275.73380344,249,4,2022,2025,1.70427573380344
I38S1C202J1V1,QUIMICA Y FARMACIA,UNIVERSIDAD ADVENTISTA DE CHILE,Medicine +,-0.107277502020173,1913021.66516894,99,4,2022,2025,1.91302166516894
I84S1C504J1V1,TECNOLOGIA MEDICA,UNIVERSIDAD DE LOS LAGOS,Medicine +,-0.105119126213654,1517102.82728731,160,4,2022,2025,1.51710282728731
I39S6C16J1V1,ENFERMERIA,UNIVERSIDAD SAN SEBASTIAN,Medicine +,-0.103186865348874,1774952.36659633,539,4,2022,2025,1.77495236659633
I39S8C145J1V1,OBSTETRICIA,UNIVERSIDAD SAN SEBASTIAN,Medicine +,-0.0969077819964749,1604898.66004999,301,4,2022,2025,1.60489866004999
I13S6C13J1V1,ENFERMERIA,UNIVERSIDAD SANTO TOMAS,Medicine +,-0.0950308953168755,1698331.87486775,190,4,2022,2025,1.69833187486775
I13S10C34J1V1,TECNOLOGIA MEDICA,UNIVERSIDAD SANTO TOMAS,Medicine +,-0.0908723232530407,1571866.67620286,129,4,2022,2025,1.57186667620286
I20S4C23J1V1,TECNOLOGIA MEDICA,UNIVERSIDAD ANDRES BELLO,Medicine +,-0.0822549495543041,1660746.40649893,338,4,2022,2025,1.66074640649893
I39S6C18J1V1,ODONTOLOGIA,UNIVERSIDAD SAN SEBASTIAN,Medicine +,-0.0809310551161167,1661967.32561997,617,4,2022,2025,1.66196732561997
I39S8C9J1V1,TECNOLOGIA MEDICA,UNIVERSIDAD SAN SEBASTIAN,Medicine +,-0.0800633452867495,1642781.6719376,152,4,2022,2025,1.6427816719376
I39S6C9J1V1,TECNOLOGIA MEDICA,UNIVERSIDAD SAN SEBASTIAN,Medicine +,-0.0756141110118817,1642781.6719376,408,4,2022,2025,1.6427816719376
I50S2C246J1V1,TECNOLOGIA MEDICA,UNIVERSIDAD BERNARDO O'HIGGINS,Medicine +,-0.0753419008675301,1500595.51397505,249,4,2022,2025,1.50059551397505
I90S2C112J1V1,TECNOLOGIA MEDICA,UNIVERSIDAD AUSTRAL DE CHILE,Medicine +,-0.0674138611952104,1653498.42530228,185,4,2022,2025,1.65349842530228
I13S6C34J1V1,TECNOLOGIA MEDICA,UNIVERSIDAD SANTO TOMAS,Medicine +,-0.0642010081223873,1571866.67620286,90,4,2022,2025,1.57186667620286
I20S1C31J1V1,ENFERMERIA,UNIVERSIDAD ANDRES BELLO,Medicine +,-0.0509806273301382,1794362.46147966,739,4,2022,2025,1.79436246147966
I13S9C13J1V1,ENFERMERIA,UNIVERSIDAD SANTO TOMAS,Medicine +,-0.046208585791488,1698331.87486775,185,4,2022,2025,1.69833187486775
I20S1C23J1V1,TECNOLOGIA MEDICA,UNIVERSIDAD ANDRES BELLO,Medicine +,-0.040480361726344,1660746.40649893,650,4,2022,2025,1.66074640649893
I20S3C23J1V1,TECNOLOGIA MEDICA,UNIVERSIDAD ANDRES BELLO,Medicine +,-0.0399357672548137,1660746.40649893,361,4,2022,2025,1.66074640649893
I4S7C503J1V1,ENFERMERIA,UNIVERSIDAD CENTRAL DE CHILE,Medicine +,-0.027620231711157,1841393.95923453,128,4,2022,2025,1.84139395923453
I20S3C31J1V1,ENFERMERIA,UNIVERSIDAD ANDRES BELLO,Medicine +,-0.0240388754747809,1794362.46147966,378,4,2022,2025,1.79436246147966
I13S11C34J1V1,TECNOLOGIA MEDICA,UNIVERSIDAD SANTO TOMAS,Medicine +,0.00354043961420378,1571866.67620286,109,4,2022,2025,1.57186667620286
I31S3C41J1V1,ENFERMERIA,UNIVERSIDAD AUTONOMA DE CHILE,Medicine +,0.00361545363118167,1667334.92482025,229,4,2022,2025,1.66733492482025
I73S2C408J1V1,QUIMICA Y FARMACIA,UNIVERSIDAD DE ANTOFAGASTA,Medicine +,0.00518656721465645,2433368.02136544,93,4,2022,2025,2.43336802136544
I13S1C13J1V1,ENFERMERIA,UNIVERSIDAD SANTO TOMAS,Medicine +,0.00794158370399937,1698331.87486775,283,4,2022,2025,1.69833187486775
I39S2C9J1V1,TECNOLOGIA MEDICA,UNIVERSIDAD SAN SEBASTIAN,Medicine +,0.029539040033068,1642781.6719376,543,4,2022,2025,1.6427816719376
I80S1C6J1V2,ENFERMERIA,UNIVERSIDAD DE TARAPACA,Medicine +,0.0347908862793327,1739178.58829482,255,5,2021,2025,1.73917858829482
I31S2C41J1V1,ENFERMERIA,UNIVERSIDAD AUTONOMA DE CHILE,Medicine +,0.0360975496875694,1667334.92482025,231,4,2022,2025,1.66733492482025
I80S1C14J1V1,OBSTETRICIA Y PUERICULTURA,UNIVERSIDAD DE TARAPACA,Medicine +,0.0377014476106553,1572552.27716022,242,4,2022,2025,1.57255227716022
I39S6C145J1V1,OBSTETRICIA,UNIVERSIDAD SAN SEBASTIAN,Medicine +,0.0431083924502851,1604898.66004999,355,4,2022,2025,1.60489866004999
I31S1C41J1V1,ENFERMERIA,UNIVERSIDAD AUTONOMA DE CHILE,Medicine +,0.0438650593864459,1667334.92482025,305,4,2022,2025,1.66733492482025
I94S1C186J1V1,TECNOLOGIA MEDICA,UNIVERSIDAD CATOLICA DE TEMUCO,Medicine +,0.0458626463939791,1596328.7210283,125,4,2022,2025,1.5963287210283
I13S10C13J1V1,ENFERMERIA,UNIVERSIDAD SANTO TOMAS,Medicine +,0.0460457411937075,1698331.87486775,91,4,2022,2025,1.69833187486775
I13S4C13J1V1,ENFERMERIA,UNIVERSIDAD SANTO TOMAS,Medicine +,0.0479580610250683,1698331.87486775,113,4,2022,2025,1.69833187486775
I39S8C18J1V1,ODONTOLOGIA,UNIVERSIDAD SAN SEBASTIAN,Medicine +,0.0507508085629717,1661967.32561997,233,4,2022,2025,1.66196732561997
I895S1C2J1V1,ENFERMERIA,UNIVERSIDAD DE O'HIGGINS,Medicine +,0.0517321296034426,1811070.15632805,510,4,2022,2025,1.81107015632805
I13S5C13J1V1,ENFERMERIA,UNIVERSIDAD SANTO TOMAS,Medicine +,0.0562744054848526,1698331.87486775,179,5,2021,2025,1.69833187486775
I92S2C476J1V1,OBSTETRICIA Y PUERICULTURA,UNIVERSIDAD CATOLICA DEL MAULE,Medicine +,0.0649659297749549,1558136.19563535,89,4,2022,2025,1.55813619563535
I77S1C6J1V1,ENFERMERIA,UNIVERSIDAD DE MAGALLANES,Medicine +,0.074205316495856,1841508.32948496,208,4,2022,2025,1.84150832948496
I84S1C503J1V1,QUIMICA Y FARMACIA,UNIVERSIDAD DE LOS LAGOS,Medicine +,0.0752722484284873,1998820.52129708,130,4,2022,2025,1.99882052129708
I50S2C271J1V1,OBSTETRICIA Y PUERICULTURA,UNIVERSIDAD BERNARDO O'HIGGINS,Medicine +,0.0862406959778226,1465991.35526943,226,4,2022,2025,1.46599135526943
I81S1C450J1V1,ODONTOLOGIA,UNIVERSIDAD ARTURO PRAT,Medicine +,0.0963588695257345,1683841.43176176,132,4,2022,2025,1.68384143176176
I50S1C284J1V1,QUIMICA Y FARMACIA,UNIVERSIDAD BERNARDO O'HIGGINS,Medicine +,0.0970850872422237,1977071.72747337,169,4,2022,2025,1.97707172747337
I34S1C347J1V2,BACHILLERATO DE OBSTETRICIA Y PUERICULTURA,UNIVERSIDAD DE LOS ANDES,Medicine +,0.0974972536795236,1945922.89107328,59,4,2022,2025,1.94592289107328
I13S16C13J1V1,ENFERMERIA,UNIVERSIDAD SANTO TOMAS,Medicine +,0.0976213329475907,1698331.87486775,114,4,2022,2025,1.69833187486775
I39S7C28J1V1,QUIMICA Y FARMACIA,UNIVERSIDAD SAN SEBASTIAN,Medicine +,0.105865067318896,2164405.50951378,126,4,2022,2025,2.16440550951378
I72S2C110J1V1,TECNOLOGIA MEDICA,UNIVERSIDAD DE VALPARAISO,Medicine +,0.116521493060683,1718603.89682057,154,4,2022,2025,1.71860389682057
I10S4C23J1V1,ENFERMERIA,UNIVERSIDAD MAYOR,Medicine +,0.122328381319087,1841951.30545132,227,4,2022,2025,1.84195130545132
I39S2C145J1V1,OBSTETRICIA,UNIVERSIDAD SAN SEBASTIAN,Medicine +,0.125276641543849,1604898.66004999,423,4,2022,2025,1.60489866004999
I72S2C16J1V1,ENFERMERIA,UNIVERSIDAD DE VALPARAISO,Medicine +,0.128004877277382,1856874.90067105,160,4,2022,2025,1.85687490067105
I13S1C34J1V1,TECNOLOGIA MEDICA,UNIVERSIDAD SANTO TOMAS,Medicine +,0.128318037672623,1571866.67620286,260,4,2022,2025,1.57186667620286
I20S4C37J1V1,ODONTOLOGIA,UNIVERSIDAD ANDRES BELLO,Medicine +,0.132980966421815,1680141.86601349,232,4,2022,2025,1.68014186601349
I85S4C531J1V1,QUIMICA Y FARMACIA,UNIVERSIDAD TECNOLOGICA METROPOLITANA,Medicine +,0.1352245171784,2334642.8326973,81,3,2023,2025,2.3346428326973
I39S2C18J1V1,ODONTOLOGIA,UNIVERSIDAD SAN SEBASTIAN,Medicine +,0.136459377361136,1661967.32561997,591,5,2021,2025,1.66196732561997
I20S1C37J1V1,ODONTOLOGIA,UNIVERSIDAD ANDRES BELLO,Medicine +,0.161060635492958,1680141.86601349,492,4,2022,2025,1.68014186601349
I73S2C9J1V1,ENFERMERIA,UNIVERSIDAD DE ANTOFAGASTA,Medicine +,0.192966261001982,1995519.00479715,151,4,2022,2025,1.99551900479715
I20S4C351J1V2,OBSTETRICIA,UNIVERSIDAD ANDRES BELLO,Medicine +,0.197848366956187,1622449.12273054,167,4,2022,2025,1.62244912273054
I93S1C6J1V1,ENFERMERIA,UNIVERSIDAD CATOLICA DE LA SANTISIMA CONCEPCION,Medicine +,0.215066529815452,1613783.03005013,303,4,2022,2025,1.61378303005013
I4S7C959J1V1,OBSTETRICIA Y PUERICULTURA,UNIVERSIDAD CENTRAL DE CHILE,Medicine +,0.226405368387257,1664974.65138553,150,4,2022,2025,1.66497465138553
I87S3C38J1V1,ENFERMERIA,UNIVERSIDAD DE CONCEPCION,Medicine +,0.23192463358489,1813431.57583168,204,4,2022,2025,1.81343157583168
I2S1C130J1V3,ENFERMERIA,UNIVERSIDAD FINIS TERRAE,Medicine +,0.237025683316732,1980345.06849616,204,4,2022,2025,1.98034506849616
I31S2C233J1V1,QUIMICA Y FARMACIA,UNIVERSIDAD AUTONOMA DE CHILE,Medicine +,0.242373989545847,2033175.06734334,228,4,2022,2025,2.03317506734334
I91S1C61J1V1,QUIMICA Y FARMACIA,UNIVERSIDAD CATOLICA DEL NORTE,Medicine +,0.245014389337007,2436591.80871495,188,4,2022,2025,2.43659180871495
I92S1C6J1V1,ENFERMERIA,UNIVERSIDAD CATOLICA DEL MAULE,Medicine +,0.260070738448117,1723234.99094717,285,4,2022,2025,1.72323499094717
I31S2C44J1V1,OBSTETRICIA Y PUERICULTURA,UNIVERSIDAD AUTONOMA DE CHILE,Medicine +,0.260558853067201,1507591.77376119,246,4,2022,2025,1.50759177376119
I31S4C41J1V1,ENFERMERIA,UNIVERSIDAD AUTONOMA DE CHILE,Medicine +,0.285962685005565,1667334.92482025,238,4,2022,2025,1.66733492482025
I81S1C19J1V1,QUIMICA Y FARMACIA,UNIVERSIDAD ARTURO PRAT,Medicine +,0.286256683462659,2192892.4930538,118,4,2022,2025,2.1928924930538
I72S2C50J1V1,OBSTETRICIA Y PUERICULTURA,UNIVERSIDAD DE VALPARAISO,Medicine +,0.300597884629845,1678972.40289445,123,4,2022,2025,1.67897240289445
I9S2C40J1V1,MEDICINA,UNIVERSIDAD DEL ALBA,Medicine +,0.302302395272441,3578073.46997517,166,5,2021,2025,3.57807346997517
I20S3C351J1V1,OBSTETRICIA,UNIVERSIDAD ANDRES BELLO,Medicine +,0.311879705848422,1622449.12273054,215,4,2022,2025,1.62244912273054
I31S3C76J1V1,ODONTOLOGIA,UNIVERSIDAD AUTONOMA DE CHILE,Medicine +,0.314471654490653,1561200.29926781,45,3,2023,2025,1.56120029926781
I20S4C22J1V1,QUIMICA Y FARMACIA,UNIVERSIDAD ANDRES BELLO,Medicine +,0.315280712833597,2188074.49190244,251,4,2022,2025,2.18807449190244
I87S2C38J1V1,ENFERMERIA,UNIVERSIDAD DE CONCEPCION,Medicine +,0.32316108385851,1813431.57583168,201,4,2022,2025,1.81343157583168
I90S1C22J1V1,ENFERMERIA,UNIVERSIDAD AUSTRAL DE CHILE,Medicine +,0.32664958097669,1786531.34088841,205,4,2022,2025,1.78653134088841
I45S4C847J1V1,OBSTETRICIA,UNIVERSIDAD DEL DESARROLLO,Medicine +,0.327271021223322,1814401.93945972,346,4,2022,2025,1.81440193945972
I90S1C93J1V1,OBSTETRICIA Y PUERICULTURA,UNIVERSIDAD AUSTRAL DE CHILE,Medicine +,0.330128770084585,1615368.28203863,183,4,2022,2025,1.61536828203863
I31S1C76J1V1,ODONTOLOGIA,UNIVERSIDAD AUTONOMA DE CHILE,Medicine +,0.331193691784636,1561200.29926781,132,4,2022,2025,1.56120029926781
I20S3C37J1V1,ODONTOLOGIA,UNIVERSIDAD ANDRES BELLO,Medicine +,0.33529927557488,1680141.86601349,447,4,2022,2025,1.68014186601349
I34S1C277J1V2,BACHILLERATO EN ENFERMERIA,UNIVERSIDAD DE LOS ANDES,Medicine +,0.34875557812977,2152111.23711506,107,4,2022,2025,2.15211123711506
I92S1C283J1V1,TECNOLOGIA MEDICA,UNIVERSIDAD CATOLICA DEL MAULE,Medicine +,0.353554659379684,1594915.39764424,274,4,2022,2025,1.59491539764424
I895S1C47J1V1,TECNOLOGIA MEDICA,UNIVERSIDAD DE O'HIGGINS,Medicine +,0.357863908785488,1713710.10255162,196,4,2022,2025,1.71371010255162
I31S1C233J1V1,QUIMICA Y FARMACIA,UNIVERSIDAD AUTONOMA DE CHILE,Medicine +,0.376222500034084,2033175.06734334,239,4,2022,2025,2.03317506734334
I20S1C351J1V1,OBSTETRICIA,UNIVERSIDAD ANDRES BELLO,Medicine +,0.380225004788498,1622449.12273054,270,4,2022,2025,1.62244912273054
I10S4C12J1V1,TECNOLOGIA MEDICA,UNIVERSIDAD MAYOR,Medicine +,0.382350354354369,1704791.57759006,146,4,2022,2025,1.70479157759006
I78S1C237J1V1,ENFERMERIA,UNIVERSIDAD DE TALCA,Medicine +,0.38925183687458,1787822.24570956,253,4,2022,2025,1.78782224570956
I20S3C22J1V1,QUIMICA Y FARMACIA,UNIVERSIDAD ANDRES BELLO,Medicine +,0.389430662500652,2188074.49190244,259,4,2022,2025,2.18807449190244
I10S6C12J1V1,TECNOLOGIA MEDICA,UNIVERSIDAD MAYOR,Medicine +,0.395112329161068,1704791.57759006,234,4,2022,2025,1.70479157759006
I9S1C40J1V1,MEDICINA,UNIVERSIDAD DEL ALBA,Medicine +,0.395258440813031,3578073.46997517,121,5,2021,2025,3.57807346997517
I80S1C37J1V2,TECNOLOGIA MEDICA EN LABORATORIO CLINICO Y MEDICINA TRANSFUSIONAL,UNIVERSIDAD DE TARAPACA,Medicine +,0.396413858834925,1609671.76519549,138,4,2022,2025,1.60967176519549
I75S2C8J1V2,ENFERMERIA,UNIVERSIDAD DEL BIO-BIO,Medicine +,0.396930255570096,1674303.03215949,181,4,2022,2025,1.67430303215949
I80S1C67J1V2,TECNOLOGIA MEDICA EN IMAGENOLOGIA Y FISICA MEDICA,UNIVERSIDAD DE TARAPACA,Medicine +,0.400661537397204,1609671.76519549,155,4,2022,2025,1.60967176519549
I94S1C501J1V1,QUIMICA Y FARMACIA,UNIVERSIDAD CATOLICA DE TEMUCO,Medicine +,0.402763618202258,2103202.59703992,151,4,2022,2025,2.10320259703992
I10S6C23J1V1,ENFERMERIA,UNIVERSIDAD MAYOR,Medicine +,0.407171629312686,1841951.30545132,208,4,2022,2025,1.84195130545132
I93S1C451J1V1,ODONTOLOGIA,UNIVERSIDAD CATOLICA DE LA SANTISIMA CONCEPCION,Medicine +,0.412272002248721,1511057.26387827,86,4,2022,2025,1.51105726387827
I73S2C35J1V1,TECNOLOGIA MEDICA,UNIVERSIDAD DE ANTOFAGASTA,Medicine +,0.416322397105469,1846923.95625818,121,3,2022,2024,1.84692395625818
I10S4C19J1V1,ODONTOLOGIA,UNIVERSIDAD MAYOR,Medicine +,0.417007892344948,1724701.4301085,165,5,2021,2025,1.7247014301085
I73S2C29J1V1,OBSTETRICIA Y PUERICULTURA,UNIVERSIDAD DE ANTOFAGASTA,Medicine +,0.426454919378538,1804333.36531987,115,4,2022,2025,1.80433336531987
I10S4C22J1V1,OBSTETRICIA Y PUERICULTURA,UNIVERSIDAD MAYOR,Medicine +,0.433506894214058,1665478.59966794,147,4,2022,2025,1.66547859966794
I93S1C271J1V1,TECNOLOGIA MEDICA,UNIVERSIDAD CATOLICA DE LA SANTISIMA CONCEPCION,Medicine +,0.439945045966748,1493613.70712953,350,4,2022,2025,1.49361370712953
I45S1C38J1V1,ODONTOLOGIA,UNIVERSIDAD DEL DESARROLLO,Medicine +,0.441303734003524,1878920.3418175,227,2,2022,2023,1.8789203418175
I31S4C44J1V1,OBSTETRICIA Y PUERICULTURA,UNIVERSIDAD AUTONOMA DE CHILE,Medicine +,0.444641963257033,1507591.77376119,159,4,2022,2025,1.50759177376119
I45S1C38J1V2,ODONTOLOGIA,UNIVERSIDAD DEL DESARROLLO,Medicine +,0.447387656623287,1878920.3418175,147,4,2022,2025,1.8789203418175
I39S8C28J1V1,QUIMICA Y FARMACIA,UNIVERSIDAD SAN SEBASTIAN,Medicine +,0.45050135496847,2164405.50951378,188,4,2022,2025,2.16440550951378
I90S1C132J1V1,ODONTOLOGIA,UNIVERSIDAD AUSTRAL DE CHILE,Medicine +,0.451342371916564,1672809.23738041,237,4,2022,2025,1.67280923738041
I39S2C28J1V1,QUIMICA Y FARMACIA,UNIVERSIDAD SAN SEBASTIAN,Medicine +,0.460610106332306,2164405.50951378,538,4,2022,2025,2.16440550951378
I45S4C101J1V1,TECNOLOGIA MEDICA,UNIVERSIDAD DEL DESARROLLO,Medicine +,0.463441739665977,1857230.19519477,62,3,2022,2025,1.85723019519477
I45S4C33J1V1,ENFERMERIA,UNIVERSIDAD DEL DESARROLLO,Medicine +,0.47786441399533,2006654.43654909,108,3,2023,2025,2.00665443654909
I39S6C28J1V1,QUIMICA Y FARMACIA,UNIVERSIDAD SAN SEBASTIAN,Medicine +,0.489312800692361,2164405.50951378,400,4,2022,2025,2.16440550951378
I2S1C13J1V1,ODONTOLOGIA,UNIVERSIDAD FINIS TERRAE,Medicine +,0.507498114114036,1854285.70322969,187,4,2022,2025,1.85428570322969
I20S1C22J1V1,QUIMICA Y FARMACIA,UNIVERSIDAD ANDRES BELLO,Medicine +,0.508046656020645,2188074.49190244,479,4,2022,2025,2.18807449190244
I89S1C269J1V1,TECNOLOGIA MEDICA,PONTIFICIA UNIVERSIDAD CATOLICA DE VALPARAISO,Medicine +,0.513993389022953,1649119.22908232,293,4,2022,2025,1.64911922908232
I31S4C76J1V1,ODONTOLOGIA,UNIVERSIDAD AUTONOMA DE CHILE,Medicine +,0.514702308880603,1561200.29926781,113,3,2022,2024,1.56120029926781
I45S2C33J1V1,ENFERMERIA,UNIVERSIDAD DEL DESARROLLO,Medicine +,0.522018419425509,2006654.43654909,351,3,2022,2024,2.00665443654909
I78S1C338J1V1,OBSTETRICIA Y PUERICULTURA,UNIVERSIDAD DE TALCA,Medicine +,0.523006550334905,1616535.5085269,218,4,2022,2025,1.6165355085269
I73S2C436J1V1,TECNOLOGIA MEDICA EN IMAGENOLOGIA Y FISICA MEDICA,UNIVERSIDAD DE ANTOFAGASTA,Medicine +,0.526431979320906,1846923.95625818,20,3,2023,2025,1.84692395625818
I31S4C233J1V1,QUIMICA Y FARMACIA,UNIVERSIDAD AUTONOMA DE CHILE,Medicine +,0.537172298449049,2033175.06734334,247,4,2022,2025,2.03317506734334
I3S1C46J1V1,ENFERMERIA,UNIVERSIDAD DIEGO PORTALES,Medicine +,0.559434321981818,1948729.73626382,291,4,2022,2025,1.94872973626382
I10S6C22J1V1,OBSTETRICIA Y PUERICULTURA,UNIVERSIDAD MAYOR,Medicine +,0.561767220303972,1665478.59966794,160,4,2022,2025,1.66547859966794
I74S1C12J1V1,ENFERMERIA,UNIVERSIDAD DE LA SERENA,Medicine +,0.567257616882388,1714640.92922516,106,4,2022,2025,1.71464092922516
I90S1C111J1V1,QUIMICA Y FARMACIA,UNIVERSIDAD AUSTRAL DE CHILE,Medicine +,0.575961633663851,2178525.09729763,305,4,2022,2025,2.17852509729763
I13S5C34J1V1,TECNOLOGIA MEDICA,UNIVERSIDAD SANTO TOMAS,Medicine +,0.59224175211853,1571866.67620286,104,4,2022,2025,1.57186667620286
I90S1C112J1V1,TECNOLOGIA MEDICA,UNIVERSIDAD AUSTRAL DE CHILE,Medicine +,0.59824174364564,1653498.42530228,230,4,2022,2025,1.65349842530228
I78S1C12J1V1,TECNOLOGIA MEDICA,UNIVERSIDAD DE TALCA,Medicine +,0.620955552982526,1654693.20372017,267,4,2022,2025,1.65469320372017
I45S2C101J1V1,TECNOLOGIA MEDICA,UNIVERSIDAD DEL DESARROLLO,Medicine +,0.630879402201613,1857230.19519477,179,3,2022,2024,1.85723019519477
I71S1C11J1V1,ENFERMERIA,UNIVERSIDAD DE SANTIAGO DE CHILE,Medicine +,0.639242050474848,1964218.539031,162,4,2022,2025,1.964218539031
I72S1C110J1V1,TECNOLOGIA MEDICA,UNIVERSIDAD DE VALPARAISO,Medicine +,0.653093767123577,1718603.89682057,214,4,2022,2025,1.71860389682057
I2S1C130J1V2,ENFERMERIA,UNIVERSIDAD FINIS TERRAE,Medicine +,0.669882912994832,1980345.06849616,27,1,2022,2022,1.98034506849616
I3S1C56J1V1,ODONTOLOGIA,UNIVERSIDAD DIEGO PORTALES,Medicine +,0.673577412166873,1824682.85295177,176,4,2022,2025,1.82468285295177
I3S1C63J1V1,TECNOLOGIA MEDICA,UNIVERSIDAD DIEGO PORTALES,Medicine +,0.696018942363098,1803618.8207309,370,4,2022,2025,1.8036188207309
I72S1C16J1V1,ENFERMERIA,UNIVERSIDAD DE VALPARAISO,Medicine +,0.696788895960539,1856874.90067105,246,4,2022,2025,1.85687490067105
I10S2C19J1V1,ODONTOLOGIA,UNIVERSIDAD MAYOR,Medicine +,0.716894318092243,1724701.4301085,219,4,2022,2025,1.7247014301085
I73S2C30J1V1,ODONTOLOGIA,UNIVERSIDAD DE ANTOFAGASTA,Medicine +,0.719497069126679,1868493.73878482,170,4,2022,2025,1.86849373878482
I3S1C310J1V1,OBSTETRICIA Y NEONATOLOGIA,UNIVERSIDAD DIEGO PORTALES,Medicine +,0.726870156038939,1762026.85851605,164,4,2022,2025,1.76202685851605
I71S1C68J1V1,OBSTETRICIA Y PUERICULTURA,UNIVERSIDAD DE SANTIAGO DE CHILE,Medicine +,0.762708664339419,1776031.71818139,169,4,2022,2025,1.77603171818139
I72S1C50J1V1,OBSTETRICIA Y PUERICULTURA,UNIVERSIDAD DE VALPARAISO,Medicine +,0.776561327286435,1678972.40289445,237,4,2022,2025,1.67897240289445
I76S1C4J1V1,ENFERMERIA,UNIVERSIDAD DE LA FRONTERA,Medicine +,0.78178631329711,1707886.7805307,210,4,2022,2025,1.7078867805307
I72S1C51J1V1,ODONTOLOGIA,UNIVERSIDAD DE VALPARAISO,Medicine +,0.787799936335431,1738675.0601071,255,4,2022,2025,1.7386750601071
I91S2C104J1V1,ENFERMERIA,UNIVERSIDAD CATOLICA DEL NORTE,Medicine +,0.790179424071996,1998162.71872241,138,4,2022,2025,1.99816271872241
I76S1C23J1V1,ODONTOLOGIA,UNIVERSIDAD DE LA FRONTERA,Medicine +,0.790670328393014,1599170.81636583,264,4,2022,2025,1.59917081636583
I92S1C279J1V1,QUIMICA Y FARMACIA,UNIVERSIDAD CATOLICA DEL MAULE,Medicine +,0.806266956141883,2101340.50850349,284,4,2022,2025,2.10134050850349
I76S1C22J1V1,OBSTETRICIA Y PUERICULTURA,UNIVERSIDAD DE LA FRONTERA,Medicine +,0.849995771529285,1544258.45852245,163,4,2022,2025,1.54425845852245
I76S1C34J1V1,TECNOLOGIA MEDICA,UNIVERSIDAD DE LA FRONTERA,Medicine +,0.867646628717969,1580710.08191649,200,4,2022,2025,1.58071008191649
I87S1C105J1V1,OBSTETRICIA Y PUERICULTURA,UNIVERSIDAD DE CONCEPCION,Medicine +,0.888069375720641,1639691.2733639,301,4,2022,2025,1.6396912733639
I34S1C216J1V2,BACHILLERATO EN ODONTOLOGIA,UNIVERSIDAD DE LOS ANDES,Medicine +,0.895072815303075,2015118.05302336,129,4,2022,2025,2.01511805302336
I45S4C38J1V2,ODONTOLOGIA,UNIVERSIDAD DEL DESARROLLO,Medicine +,0.896326099952061,1878920.3418175,191,4,2022,2025,1.8789203418175
I87S1C38J1V1,ENFERMERIA,UNIVERSIDAD DE CONCEPCION,Medicine +,0.904359294393918,1813431.57583168,313,4,2022,2025,1.81343157583168
I72S1C76J1V1,QUIMICA Y FARMACIA,UNIVERSIDAD DE VALPARAISO,Medicine +,0.936649083196878,2264303.16729977,284,4,2022,2025,2.26430316729977
I71S1C413J1V1,QUIMICA Y FARMACIA,UNIVERSIDAD DE SANTIAGO DE CHILE,Medicine +,0.950127323379222,2395199.72917374,249,4,2022,2025,2.39519972917374
I45S4C1216J1V1,QUIMICA Y FARMACIA,UNIVERSIDAD DEL DESARROLLO,Medicine +,0.991120746569405,2446946.74623057,53,3,2023,2025,2.44694674623057
I74S1C164J1V1,ODONTOLOGIA,UNIVERSIDAD DE LA SERENA,Medicine +,1.00108415862793,1605495.02802008,185,4,2022,2025,1.60549502802008
I78S1C11J1V1,ODONTOLOGIA,UNIVERSIDAD DE TALCA,Medicine +,1.00401370924214,1674017.96932929,226,4,2022,2025,1.67401796932929
I75S2C283J1V1,QUIMICA Y FARMACIA,UNIVERSIDAD DEL BIO-BIO,Medicine +,1.00432708194416,2041672.08968589,174,4,2022,2025,2.04167208968589
I45S2C38J1V1,ODONTOLOGIA,UNIVERSIDAD DEL DESARROLLO,Medicine +,1.07387429243486,1878920.3418175,165,2,2022,2023,1.8789203418175
I70S1C41J1V1,ENFERMERIA,UNIVERSIDAD DE CHILE,Medicine +,1.13205316863287,2155438.42346028,324,4,2022,2025,2.15543842346028
I70S1C160J1V1,OBSTETRICIA Y PUERICULTURA,UNIVERSIDAD DE CHILE,Medicine +,1.20255934592579,1948931.30809205,274,4,2022,2025,1.94893130809205
I87S1C106J1V1,ODONTOLOGIA,UNIVERSIDAD DE CONCEPCION,Medicine +,1.22109467458827,1697997.1310775,227,4,2022,2025,1.6979971310775
I70S1C161J1V1,ODONTOLOGIA,UNIVERSIDAD DE CHILE,Medicine +,1.27477247312571,2018233.44648184,355,4,2022,2025,2.01823344648184
I34S1C6J1V1,ENFERMERIA,UNIVERSIDAD DE LOS ANDES,Medicine +,1.27531369574653,2152111.23711506,300,4,2022,2025,2.15211123711506
I34S1C332J1V1,OBSTETRICIA Y PUERICULTURA,UNIVERSIDAD DE LOS ANDES,Medicine +,1.29056580317512,1945922.89107328,115,4,2022,2025,1.94592289107328
I76S1C311J1V1,QUIMICA Y FARMACIA,UNIVERSIDAD DE LA FRONTERA,Medicine +,1.32268946947754,2082624.65346886,145,5,2021,2025,2.08262465346886
I87S1C189J1V1,TECNOLOGIA MEDICA,UNIVERSIDAD DE CONCEPCION,Medicine +,1.32279597879202,1678395.55142649,248,4,2022,2025,1.67839555142649
I70S1C177J1V1,QUIMICA Y FARMACIA,UNIVERSIDAD DE CHILE,Medicine +,1.34676121059251,2628376.33671335,98,1,2022,2022,2.62837633671335
I70S1C180J1V1,TECNOLOGIA MEDICA,UNIVERSIDAD DE CHILE,Medicine +,1.39827299601285,1994935.07752027,312,4,2022,2025,1.99493507752027
I86S5C208J1V1,ENFERMERIA,PONTIFICIA UNIVERSIDAD CATOLICA DE CHILE,Medicine +,1.42833247165058,2146089.24891972,411,4,2022,2025,2.14608924891972
I79S1C222J1V1,MEDICINA,UNIVERSIDAD DE ATACAMA,Medicine +,1.4314970264223,4089602.93379566,146,4,2022,2025,4.08960293379566
I31S1C51J1V1,MEDICINA,UNIVERSIDAD AUTONOMA DE CHILE,Medicine +,1.47739613100324,3435288.20718126,40,4,2022,2025,3.43528820718126
I31S2C51J1V1,MEDICINA,UNIVERSIDAD AUTONOMA DE CHILE,Medicine +,1.49329918376204,3435288.20718126,122,4,2022,2025,3.43528820718126
I87S1C145J1V1,QUIMICA Y FARMACIA,UNIVERSIDAD DE CONCEPCION,Medicine +,1.51822972548379,2211327.67713817,296,4,2022,2025,2.21132767713817
I70S1C177J1V2,QUIMICA Y FARMACIA,UNIVERSIDAD DE CHILE,Medicine +,1.56330217352382,2628376.33671335,398,4,2022,2025,2.62837633671335
I31S4C51J1V1,MEDICINA,UNIVERSIDAD AUTONOMA DE CHILE,Medicine +,1.63878519752263,3435288.20718126,145,4,2022,2025,3.43528820718126
I39S7C8J1V1,MEDICINA,UNIVERSIDAD SAN SEBASTIAN,Medicine +,1.64497321657605,3657017.46092446,145,4,2022,2025,3.65701746092446
I39S8C8J1V1,MEDICINA,UNIVERSIDAD SAN SEBASTIAN,Medicine +,1.66978565060797,3657017.46092446,219,4,2022,2025,3.65701746092446
I77S1C164J1V1,MEDICINA,UNIVERSIDAD DE MAGALLANES,Medicine +,1.67587415342993,3794145.82729247,138,4,2022,2025,3.79414582729247
I86S1C342J1V1,ODONTOLOGIA,PONTIFICIA UNIVERSIDAD CATOLICA DE CHILE,Medicine +,1.68132806679553,2009479.39600683,48,1,2022,2022,2.00947939600683
I80S1C303J1V1,MEDICINA,UNIVERSIDAD DE TARAPACA,Medicine +,1.6834539935504,3583311.07062694,96,4,2022,2025,3.58331107062694
I4S1C1028J1V1,MEDICINA,UNIVERSIDAD CENTRAL DE CHILE,Medicine +,1.69022662290838,3793910.1849109,70,4,2022,2025,3.7939101849109
I34S1C12J1V1,ODONTOLOGIA,UNIVERSIDAD DE LOS ANDES,Medicine +,1.69987949456714,2015118.05302336,89,2,2022,2023,2.01511805302336
I895S1C3J1V1,MEDICINA,UNIVERSIDAD DE O'HIGGINS,Medicine +,1.70022919441524,3868818.10903554,253,4,2022,2025,3.86881810903554
I50S1C360J1V1,MEDICINA,UNIVERSIDAD BERNARDO O'HIGGINS,Medicine +,1.70327426542145,3340495.02142249,154,4,2022,2025,3.34049502142249
I86S5C342J1V1,ODONTOLOGIA,PONTIFICIA UNIVERSIDAD CATOLICA DE CHILE,Medicine +,1.7263630934603,2009479.39600683,183,4,2022,2025,2.00947939600683
I78S1C48J1V1,MEDICINA,UNIVERSIDAD DE TALCA,Medicine +,1.79809473885382,3683533.87540566,279,4,2022,2025,3.68353387540566
I72S2C46J1V1,MEDICINA,UNIVERSIDAD DE VALPARAISO,Medicine +,1.80764558075654,3825806.29334194,145,4,2022,2025,3.82580629334194
I73S2C28J1V1,MEDICINA,UNIVERSIDAD DE ANTOFAGASTA,Medicine +,1.8110701793493,4111461.23213652,163,4,2022,2025,4.11146123213652
I94S1C538J1V1,MEDICINA,UNIVERSIDAD CATOLICA DE TEMUCO,Medicine +,1.81460296962157,3553607.94796928,95,4,2022,2025,3.55360794796928
I34S1C12J1V2,ODONTOLOGIA,UNIVERSIDAD DE LOS ANDES,Medicine +,1.82972749548909,2015118.05302336,104,3,2023,2025,2.01511805302336
I90S1C92J1V2,MEDICINA,UNIVERSIDAD AUSTRAL DE CHILE,Medicine +,1.85585799554704,3680874.16376485,69,4,2022,2025,3.68087416376485
I75S2C289J1V1,MEDICINA,UNIVERSIDAD DEL BIO-BIO,Medicine +,1.86724344228711,3449644.92496635,88,4,2022,2025,3.44964492496635
I20S3C24J1V2,MEDICINA,UNIVERSIDAD ANDRES BELLO,Medicine +,1.89756907691262,3697008.98815776,94,4,2022,2025,3.69700898815776
I20S4C24J1V2,MEDICINA,UNIVERSIDAD ANDRES BELLO,Medicine +,1.9210050233937,3697008.98815776,87,4,2022,2025,3.69700898815776
I10S4C18J1V1,MEDICINA,UNIVERSIDAD MAYOR,Medicine +,1.95373111526292,3795058.51141528,152,4,2022,2025,3.79505851141528
I86S5C202J1V1,QUIMICA Y FARMACIA,PONTIFICIA UNIVERSIDAD CATOLICA DE CHILE,Medicine +,1.95504388105048,2616975.80266758,311,4,2022,2025,2.61697580266758
I39S2C8J1V1,MEDICINA,UNIVERSIDAD SAN SEBASTIAN,Medicine +,1.95567360545909,3657017.46092446,343,4,2022,2025,3.65701746092446
I91S2C101J1V1,MEDICINA,UNIVERSIDAD CATOLICA DEL NORTE,Medicine +,1.95743990033756,4116908.1997106,165,4,2022,2025,4.1169081997106
I20S4C24J1V1,MEDICINA,UNIVERSIDAD ANDRES BELLO,Medicine +,1.97878463101778,3697008.98815776,151,3,2022,2024,3.69700898815776
I93S1C15J1V1,LICENCIATURA EN MEDICINA,UNIVERSIDAD CATOLICA DE LA SANTISIMA CONCEPCION,Medicine +,1.98396576613869,3324952.73118453,282,4,2022,2025,3.32495273118453
I3S1C55J1V1,MEDICINA,UNIVERSIDAD DIEGO PORTALES,Medicine +,1.98633519011454,4015059.11158925,168,4,2022,2025,4.01505911158925
I92S1C41J1V1,MEDICINA,UNIVERSIDAD CATOLICA DEL MAULE,Medicine +,2.01153338797025,3550461.73056149,247,4,2022,2025,3.55046173056149
I20S1C24J1V2,MEDICINA,UNIVERSIDAD ANDRES BELLO,Medicine +,2.03253925860158,3697008.98815776,103,3,2023,2025,3.69700898815776
I39S6C8J1V1,MEDICINA,UNIVERSIDAD SAN SEBASTIAN,Medicine +,2.03736844123026,3657017.46092446,281,4,2022,2025,3.65701746092446
I71S1C67J1V1,MEDICINA,UNIVERSIDAD DE SANTIAGO DE CHILE,Medicine +,2.04976491344673,4046971.41708792,210,4,2022,2025,4.04697141708792
I20S1C24J1V1,MEDICINA,UNIVERSIDAD ANDRES BELLO,Medicine +,2.09368147828717,3697008.98815776,221,3,2022,2024,3.69700898815776
I20S3C24J1V1,MEDICINA,UNIVERSIDAD ANDRES BELLO,Medicine +,2.0965516224533,3697008.98815776,192,4,2021,2024,3.69700898815776
I72S1C46J1V1,MEDICINA,UNIVERSIDAD DE VALPARAISO,Medicine +,2.12438191001478,3825806.29334194,257,4,2022,2025,3.82580629334194
I10S6C18J1V1,MEDICINA,UNIVERSIDAD MAYOR,Medicine +,2.12977203522654,3795058.51141528,155,5,2021,2025,3.79505851141528
I2S1C12J1V1,MEDICINA,UNIVERSIDAD FINIS TERRAE,Medicine +,2.13254211332745,4080197.66075964,217,4,2022,2025,4.08019766075964
I90S1C92J1V1,MEDICINA,UNIVERSIDAD AUSTRAL DE CHILE,Medicine +,2.2064281759114,3680874.16376485,154,4,2022,2025,3.68087416376485
I76S1C20J1V1,MEDICINA,UNIVERSIDAD DE LA FRONTERA,Medicine +,2.28493081819924,3518839.09406528,223,4,2022,2025,3.51883909406528
I34S1C215J1V2,BACHILLERATO EN MEDICINA,UNIVERSIDAD DE LOS ANDES,Medicine +,2.34938552232551,4434095.53974326,350,4,2022,2025,4.43409553974326
I70S1C158J1V1,MEDICINA,UNIVERSIDAD DE CHILE,Medicine +,2.39830225555435,4440950.69754311,711,4,2022,2025,4.44095069754311
I87S1C102J1V1,MEDICINA,UNIVERSIDAD DE CONCEPCION,Medicine +,2.40800577513948,3736297.97723831,378,4,2022,2025,3.73629797723831
I45S4C32J1V2,MEDICINA,UNIVERSIDAD DEL DESARROLLO,Medicine +,2.51666527154083,4134404.08351562,204,3,2023,2025,4.13440408351562
I34S1C41J1V2,MEDICINA,UNIVERSIDAD DE LOS ANDES,Medicine +,2.52591002808607,4434095.53974326,125,3,2023,2025,4.43409553974326
I45S2C32J1V1,MEDICINA,UNIVERSIDAD DEL DESARROLLO,Medicine +,2.63638143154874,4134404.08351562,157,2,2022,2023,4.13440408351562
I86S1C117J1V2,MEDICINA,PONTIFICIA UNIVERSIDAD CATOLICA DE CHILE,Medicine +,2.73093475505613,4421688.15552592,336,4,2022,2025,4.42168815552592
I34S1C41J1V1,MEDICINA,UNIVERSIDAD DE LOS ANDES,Medicine +,2.78354199729203,4434095.53974326,120,2,2022,2023,4.43409553974326
I430S9C78J1V1,ELECTRICIDAD INDUSTRIAL MENCION INSTALACIONES ELECTRICAS,CFT INACAP,Engineering & Construction,-1.26446621917346,1297234.25782503,11,1,2022,2022,1.29723425782503
I367S3C139J1V1,TECNICO EN PROCESOS Y CONTROLES DE CALIDAD ALIMENTARIA,CFT SAN AGUSTIN,Engineering & Construction,-1.10297414139791,797557.224345944,10,5,2021,2025,0.797557224345944
I430S21C149J2V1,TECNICO EN CONSTRUCCION,CFT INACAP,Engineering & Construction,-1.05992433341787,1088017.67293263,10,3,2022,2025,1.08801767293263
I456S2C16J2V1,MECANICA DE EQUIPO PESADO,CFT CEDUC - UCN,Engineering & Construction,-1.04752513296828,1312314.7933936,12,4,2022,2025,1.3123147933936
I100S5C310J2V1,INGENIERIA EN MANTENIMIENTO DE PLANTAS MINERAS,IP INACAP,Engineering & Construction,-0.96745227560257,1443832.59911894,11,4,2022,2025,1.44383259911894
I430S21C326J2V1,TECNICO EN MECANICA Y ELECTROMOVILIDAD AUTOMOTRIZ,CFT INACAP,Engineering & Construction,-0.964839305971868,1129036.97836444,19,4,2022,2025,1.12903697836444
I100S41C309J1V1,INGENIERIA EN ENERGIA,IP INACAP,Engineering & Construction,-0.936610393506057,1443832.59911894,10,3,2022,2025,1.44383259911894
I456S5C10J1V1,MAQUINARIA PESADA,CFT CEDUC - UCN,Engineering & Construction,-0.91409026074878,1411597.78240811,89,4,2022,2025,1.41159778240811
I139S2C74J1V1,TECNICO EN ELECTRICIDAD,IP DR. VIRGINIO GOMEZ G.,Engineering & Construction,-0.913569432675785,1258623.63111319,10,3,2022,2025,1.25862363111319
I123S2C43J1V1,TECNICO EN MECANICA AUTOMOTRIZ Y AUTOTRONICA,IP DE CHILE,Engineering & Construction,-0.90782872428787,1086037.23242729,22,4,2022,2025,1.08603723242729
I430S1C333J1V1,TECNICO EN ENERGIAS RENOVABLES,CFT INACAP,Engineering & Construction,-0.900482866998044,1146410.2633274,13,3,2023,2025,1.1464102633274
I111S24C380J2V1,TECNICO EN MAQUINARIA Y VEHICULOS PESADOS,IP DUOC UC,Engineering & Construction,-0.900323901468609,1337193.29590952,27,4,2022,2025,1.33719329590952
I116S10C147J2V1,INGENIERIA EN MANTENIMIENTO INDUSTRIAL,IP SANTO TOMAS,Engineering & Construction,-0.89205710532991,1730964.00072679,20,4,2022,2025,1.73096400072679
I456S5C10J2V1,MAQUINARIA PESADA,CFT CEDUC - UCN,Engineering & Construction,-0.887086197004367,1411597.78240811,38,4,2022,2025,1.41159778240811
I79S1C143J2V1,TECNICO UNIVERSITARIO EN MINAS,UNIVERSIDAD DE ATACAMA,Engineering & Construction,-0.88440686136507,1631001.85317445,11,3,2022,2025,1.63100185317445
I143S21C26J1V1,TECNICO EN CONSTRUCCION,IP AIEP,Engineering & Construction,-0.880234019604955,1027235.68886911,30,4,2022,2025,1.02723568886911
I100S4C309J1V1,INGENIERIA EN ENERGIA,IP INACAP,Engineering & Construction,-0.877375587019322,1443832.59911894,13,3,2022,2024,1.44383259911894
I111S3C58J2V1,TECNICO EN MECANICA AUTOMOTRIZ Y AUTOTRONICA,IP DUOC UC,Engineering & Construction,-0.864942158478348,1086037.23242729,21,3,2022,2024,1.08603723242729
I111S23C58J2V1,TECNICO EN MECANICA AUTOMOTRIZ Y AUTOTRONICA,IP DUOC UC,Engineering & Construction,-0.864150410880422,1086037.23242729,25,4,2022,2025,1.08603723242729
I123S1C50J2V1,INGENIERIA EN MECANICA AUTOMOTRIZ Y AUTOTRONICA,IP DE CHILE,Engineering & Construction,-0.855386835068821,1252025.70600038,14,4,2022,2025,1.25202570600038
I629S8C161J2V1,TECNICO DE NIVEL SUPERIOR EN MANTENIMIENTO INDUSTRIAL CON ESPECIALIDAD EN EQUIPOS MOVILES Y CONTROL DE PROCESOS,CFT PUCV,Engineering & Construction,-0.852628762242347,1312689.46678755,19,3,2023,2025,1.31268946678755
I94S1C278J1V2,TECNICO UNIVERSITARIO EN CONSTRUCCION Y OBRAS CIVILES,UNIVERSIDAD CATOLICA DE TEMUCO,Engineering & Construction,-0.841735968548781,1073811.83558291,10,1,2022,2022,1.07381183558291
I914S1C13J1V1,TECNICO DE NIVEL SUPERIOR EN MECANICA AUTOMOTRIZ,CFT DE LA REGION DEL MAULE,Engineering & Construction,-0.840079184418504,1086037.23242729,20,4,2022,2025,1.08603723242729
I123S2C50J2V1,INGENIERIA EN MECANICA AUTOMOTRIZ Y AUTOTRONICA,IP DE CHILE,Engineering & Construction,-0.839848548767875,1252025.70600038,16,4,2022,2025,1.25202570600038
I430S5C307J1V1,TECNICO EN MINERIA,CFT INACAP,Engineering & Construction,-0.831269088034679,1435987.25922656,50,4,2022,2025,1.43598725922656
I456S3C16J1V1,MECANICA DE EQUIPO PESADO,CFT CEDUC - UCN,Engineering & Construction,-0.830755615981844,1312314.7933936,19,4,2022,2025,1.3123147933936
I100S24C168J1V1,"INGENIERIA EN TELECOMUNICACIONES, CONECTIVIDAD Y REDES",IP INACAP,Engineering & Construction,-0.827628932787373,1559647.7386782,10,2,2022,2023,1.5596477386782
I111S28C374J2V1,TECNICO EN MANTENIMIENTO INDUSTRIAL,IP DUOC UC,Engineering & Construction,-0.826193263692966,1337193.29590952,14,3,2022,2025,1.33719329590952
I456S3C10J1V1,MAQUINARIA PESADA,CFT CEDUC - UCN,Engineering & Construction,-0.825650164939716,1411597.78240811,35,4,2022,2025,1.41159778240811
I100S20C176J2V1,CONSTRUCCION CIVIL,IP INACAP,Engineering & Construction,-0.824753271558793,1542853.16715766,13,4,2022,2025,1.54285316715766
I909S1C10J1V1,TECNICO DE NIVEL SUPERIOR EN MANTENIMIENTO ELECTROMECANICO DE EQUIPOS MOVILES,CFT DE LA REGION DE ATACAMA,Engineering & Construction,-0.822280639777129,1257780.43441788,10,3,2023,2025,1.25778043441788
I100S32C334J1V1,INGENIERIA EN TELECOMUNICACIONES Y SERVICIOS DIGITALES,IP INACAP,Engineering & Construction,-0.822161248269903,1559647.7386782,21,2,2024,2025,1.5596477386782
I111S2C380J1V1,TECNICO EN MAQUINARIA Y VEHICULOS PESADOS,IP DUOC UC,Engineering & Construction,-0.822126897113945,1337193.29590952,126,5,2021,2025,1.33719329590952
I100S39C176J1V1,CONSTRUCCION CIVIL,IP INACAP,Engineering & Construction,-0.820391775279087,1542853.16715766,18,2,2022,2023,1.54285316715766
I629S3C161J2V1,TECNICO DE NIVEL SUPERIOR EN MANTENIMIENTO INDUSTRIAL CON ESPECIALIDAD EN EQUIPOS MOVILES Y CONTROL DE PROCESOS,CFT PUCV,Engineering & Construction,-0.819260552130365,1312689.46678755,11,4,2022,2025,1.31268946678755
I143S9C376J1V1,TECNICO EN MECANICA AUTOMOTRIZ Y AUTOTRONICA,IP AIEP,Engineering & Construction,-0.817073187725515,1086037.23242729,22,4,2022,2025,1.08603723242729
I367S3C8J1V1,TOPOGRAFIA,CFT SAN AGUSTIN,Engineering & Construction,-0.816233642599078,1092663.83041555,12,4,2022,2025,1.09266383041555
I116S39C22J1V1,TECNICO EN SONIDO,IP SANTO TOMAS,Engineering & Construction,-0.815273851211797,754668.260650727,10,1,2022,2022,0.754668260650727
I84S1C423J1V2,TECNICO UNIVERSITARIO EN GESTION Y DESARROLLO DE PRODUCTOS ALIMENTARIOS,UNIVERSIDAD DE LOS LAGOS,Engineering & Construction,-0.814494516121062,897801.115635897,15,4,2022,2025,0.897801115635897
I79S1C162J2V1,TECNICO UNIVERSITARIO EN METALURGIA,UNIVERSIDAD DE ATACAMA,Engineering & Construction,-0.813022527203988,2025119.40821762,18,4,2022,2025,2.02511940821762
I456S5C16J1V1,MECANICA DE EQUIPO PESADO,CFT CEDUC - UCN,Engineering & Construction,-0.812255680158347,1312314.7933936,47,4,2022,2025,1.3123147933936
I143S6C707J1V1,INGENIERIA INDUSTRIAL,IP AIEP,Engineering & Construction,-0.810052305232072,1730964.00072679,12,4,2022,2025,1.73096400072679
I79S1C162J1V1,TECNICO UNIVERSITARIO EN METALURGIA,UNIVERSIDAD DE ATACAMA,Engineering & Construction,-0.80848971616138,2025119.40821762,59,4,2022,2025,2.02511940821762
I430S30C34J1V1,TECNICO EN MANTENIMIENTO INDUSTRIAL,CFT INACAP,Engineering & Construction,-0.805575404380668,1366060.46716617,30,4,2022,2025,1.36606046716617
I902S1C42J1V1,TECNICO DE NIVEL SUPERIOR EN MANTENIMIENTO ELECTROMECANICO CON MENCION EN ELECTROMOVILIDAD,CFT DE LA REGION DE ARICA Y PARINACOTA,Engineering & Construction,-0.803957293507765,1257780.43441788,11,4,2022,2025,1.25778043441788
I111S2C472J1V1,TECNICO EN MANTENIMIENTO ELECTROMECANICO,IP DUOC UC,Engineering & Construction,-0.800249888901786,1257780.43441788,21,3,2022,2024,1.25778043441788
I430S12C306J1V1,TECNICO EN METALURGIA EXTRACTIVA,CFT INACAP,Engineering & Construction,-0.79625370737881,1782981.2167,23,4,2022,2025,1.7829812167
I143S2C690J1V1,INGENIERIA EN MINAS,IP AIEP,Engineering & Construction,-0.794464406576405,1950807.11577664,12,4,2022,2025,1.95080711577664
I100S24C309J1V1,INGENIERIA EN ENERGIA,IP INACAP,Engineering & Construction,-0.793791121950693,1443832.59911894,14,4,2022,2025,1.44383259911894
I111S20C58J2V1,TECNICO EN MECANICA AUTOMOTRIZ Y AUTOTRONICA,IP DUOC UC,Engineering & Construction,-0.792852461231345,1086037.23242729,40,4,2022,2025,1.08603723242729
I430S38C135J2V1,MECANICA AUTOMOTRIZ EN MAQUINARIA PESADA,CFT INACAP,Engineering & Construction,-0.792166485408324,1129036.97836444,13,4,2022,2025,1.12903697836444
I430S27C175J1V1,"TELECOMUNICACIONES, CONECTIVIDAD Y REDES",CFT INACAP,Engineering & Construction,-0.791978624383557,1078269.03747094,10,2,2022,2023,1.07826903747094
I116S30C200J1V1,TECNICO EN ENERGIA SOLAR,IP SANTO TOMAS,Engineering & Construction,-0.790859672090089,1443832.59911894,29,4,2022,2025,1.44383259911894
I910S5C3J2V1,TECNICO DE NIVEL SUPERIOR EN MANTENIMIENTO INDUSTRIAL,CFT DE LA REGION DE COQUIMBO,Engineering & Construction,-0.790244702267175,1337193.29590952,19,4,2022,2025,1.33719329590952
I456S5C28J1V1,OPERACION DE PLANTAS MINERAS,CFT CEDUC - UCN,Engineering & Construction,-0.787890289147443,1483855.56819128,40,4,2022,2025,1.48385556819128
I111S23C21J2V1,TECNICO EN CONSTRUCCION,IP DUOC UC,Engineering & Construction,-0.786369238926843,1027235.68886911,14,4,2022,2025,1.02723568886911
I430S9C149J1V1,TECNICO EN CONSTRUCCION,CFT INACAP,Engineering & Construction,-0.783082155293586,1088017.67293263,14,3,2023,2025,1.08801767293263
I430S1C135J1V1,MECANICA AUTOMOTRIZ EN MAQUINARIA PESADA,CFT INACAP,Engineering & Construction,-0.781149209358586,1129036.97836444,74,4,2022,2025,1.12903697836444
I100S29C21J2V1,INGENIERIA EN MANTENIMIENTO INDUSTRIAL,IP INACAP,Engineering & Construction,-0.780789119065408,1730964.00072679,18,4,2022,2025,1.73096400072679
I111S24C380J1V1,TECNICO EN MAQUINARIA Y VEHICULOS PESADOS,IP DUOC UC,Engineering & Construction,-0.77511631429798,1337193.29590952,57,4,2022,2025,1.33719329590952
I430S9C321J1V1,ELECTRONICA,CFT INACAP,Engineering & Construction,-0.774827398917278,1128039.42732528,17,4,2022,2025,1.12803942732528
I79S3C162J2V1,TECNICO UNIVERSITARIO EN METALURGIA,UNIVERSIDAD DE ATACAMA,Engineering & Construction,-0.77466262210676,2025119.40821762,39,4,2022,2025,2.02511940821762
I430S12C78J1V1,ELECTRICIDAD INDUSTRIAL MENCION INSTALACIONES ELECTRICAS,CFT INACAP,Engineering & Construction,-0.773299458194511,1297234.25782503,10,1,2022,2022,1.29723425782503
I456S2C10J2V1,MAQUINARIA PESADA,CFT CEDUC - UCN,Engineering & Construction,-0.770982708373346,1411597.78240811,20,3,2023,2025,1.41159778240811
I116S2C213J2V1,OPERACION Y GESTION DE EQUIPOS MOVILES MINEROS,IP SANTO TOMAS,Engineering & Construction,-0.770768083691455,1450547.43911624,23,4,2022,2025,1.45054743911624
I430S2C325J1V1,TECNICO EN AUTOMATIZACION Y ROBOTICA,CFT INACAP,Engineering & Construction,-0.770240898656777,1375647.42934966,25,4,2022,2025,1.37564742934966
I430S10C34J2V1,TECNICO EN MANTENIMIENTO INDUSTRIAL,CFT INACAP,Engineering & Construction,-0.769434879701429,1366060.46716617,23,5,2021,2025,1.36606046716617
I81S1C299J2V1,TECNICO DE NIVEL SUPERIOR MECANICO MANTENEDOR DE MAQUINARIA PESADA,UNIVERSIDAD ARTURO PRAT,Engineering & Construction,-0.767961552706981,1306849.11659086,17,4,2022,2025,1.30684911659086
I83S2C75J2V2,TECNICO EN MINERIA,UNIVERSIDAD DE PLAYA ANCHA DE CIENCIAS DE LA EDUCACION,Engineering & Construction,-0.767918784757352,1365104.19690912,67,4,2022,2025,1.36510419690912
I143S9C636J1V1,TECNICO EN MECANICA AUTOMOTRIZ EN MAQUINARIA PESADA,IP AIEP,Engineering & Construction,-0.76760669302965,1086037.23242729,16,4,2022,2025,1.08603723242729
I430S28C135J1V1,MECANICA AUTOMOTRIZ EN MAQUINARIA PESADA,CFT INACAP,Engineering & Construction,-0.764923255273098,1129036.97836444,52,4,2022,2025,1.12903697836444
I430S9C326J1V1,TECNICO EN MECANICA Y ELECTROMOVILIDAD AUTOMOTRIZ,CFT INACAP,Engineering & Construction,-0.764795595484385,1129036.97836444,118,4,2022,2025,1.12903697836444
I143S23C690J1V1,INGENIERIA EN MINAS,IP AIEP,Engineering & Construction,-0.763120745647262,1950807.11577664,32,5,2021,2025,1.95080711577664
I456S1C10J1V1,MAQUINARIA PESADA,CFT CEDUC - UCN,Engineering & Construction,-0.762023020294278,1411597.78240811,166,5,2021,2025,1.41159778240811
I430S38C135J1V1,MECANICA AUTOMOTRIZ EN MAQUINARIA PESADA,CFT INACAP,Engineering & Construction,-0.757702760427331,1129036.97836444,40,4,2022,2025,1.12903697836444
I139S3C11J1V2,INGENIERIA EN CONSTRUCCION,IP DR. VIRGINIO GOMEZ G.,Engineering & Construction,-0.757578850668986,1517858.59494789,42,5,2021,2025,1.51785859494789
I367S3C9J1V1,TECNICO EN OBRAS CIVILES,CFT SAN AGUSTIN,Engineering & Construction,-0.757378715778355,906572.600556651,28,4,2022,2025,0.906572600556651
I123S3C28J1V1,INGENIERIA EN ELECTRICIDAD Y ELECTRONICA,IP DE CHILE,Engineering & Construction,-0.755904288031178,1835105.47479039,12,2,2024,2025,1.83510547479039
I123S3C43J1V1,TECNICO EN MECANICA AUTOMOTRIZ Y AUTOTRONICA,IP DE CHILE,Engineering & Construction,-0.755752529433065,1086037.23242729,29,4,2022,2025,1.08603723242729
I430S9C333J1V1,TECNICO EN ENERGIAS RENOVABLES,CFT INACAP,Engineering & Construction,-0.755379058704485,1146410.2633274,13,4,2022,2025,1.1464102633274
I100S4C126J1V1,INGENIERIA EN MINAS,IP INACAP,Engineering & Construction,-0.755163032391262,1950807.11577664,71,4,2022,2025,1.95080711577664
I123S2C34J2V1,TECNICO EN SONIDO,IP DE CHILE,Engineering & Construction,-0.754428793589293,754668.260650727,10,2,2022,2023,0.754668260650727
I430S12C307J2V1,TECNICO EN MINERIA,CFT INACAP,Engineering & Construction,-0.753845127478953,1435987.25922656,11,4,2022,2025,1.43598725922656
I260S25C78J1V1,TECNICO EN CONSTRUCCIONES CIVILES,CFT SANTO TOMAS,Engineering & Construction,-0.75291148323178,1018875.71488599,29,4,2022,2025,1.01887571488599
I430S10C135J1V1,MECANICA AUTOMOTRIZ EN MAQUINARIA PESADA,CFT INACAP,Engineering & Construction,-0.751816673010015,1129036.97836444,51,4,2022,2025,1.12903697836444
I116S10C214J2V1,TECNICO EN AUTOMATIZACION E INSTRUMENTACION INDUSTRIAL,IP SANTO TOMAS,Engineering & Construction,-0.751371796681885,1385840.68023891,12,3,2023,2025,1.38584068023891
I73S2C63J2V1,TECNICO NIVEL SUPERIOR EN METALURGIA,UNIVERSIDAD DE ANTOFAGASTA,Engineering & Construction,-0.748179081632074,2035943.35981324,16,4,2022,2025,2.03594335981324
I139S3C129J1V1,TECNICO EN MECANICA AUTOMOTRIZ Y MAQUINARIA PESADA,IP DR. VIRGINIO GOMEZ G.,Engineering & Construction,-0.747768379754314,1086037.23242729,27,5,2021,2025,1.08603723242729
I430S1C306J1V1,TECNICO EN METALURGIA EXTRACTIVA,CFT INACAP,Engineering & Construction,-0.746717703720729,1782981.2167,23,4,2022,2025,1.7829812167
I456S6C16J1V1,MECANICA DE EQUIPO PESADO,CFT CEDUC - UCN,Engineering & Construction,-0.746701459945038,1312314.7933936,23,4,2022,2025,1.3123147933936
I152S10C475J4V1,INGENIERIA EN OPERACION DE PLANTA MINERA,IP LATINOAMERICANO DE COMERCIO EXTERIOR - IPLACEX,Engineering & Construction,-0.745594997071074,1950807.11577664,10,4,2022,2025,1.95080711577664
I116S10C149J1V1,INGENIERIA EN QUIMICA INDUSTRIAL,IP SANTO TOMAS,Engineering & Construction,-0.745110206442831,1520820.50234407,29,4,2022,2025,1.52082050234407
I83S2C373J2V1,TECNICO EN ELECTRICIDAD,UNIVERSIDAD DE PLAYA ANCHA DE CIENCIAS DE LA EDUCACION,Engineering & Construction,-0.744501156017043,1233200.30756056,48,5,2021,2025,1.23320030756056
I257S1C66J1V1,TECNICO MECANICO EN MAQUINARIA PESADA,CFT JUAN BOHON,Engineering & Construction,-0.744396534886916,1454690.99120939,12,4,2022,2025,1.45469099120939
I79S1C143J1V1,TECNICO UNIVERSITARIO EN MINAS,UNIVERSIDAD DE ATACAMA,Engineering & Construction,-0.743360378697415,1631001.85317445,53,4,2022,2025,1.63100185317445
I430S29C186J2V2,TECNICO EN ELECTRICIDAD INDUSTRIAL,CFT INACAP,Engineering & Construction,-0.741393711547436,1297234.25782503,18,4,2022,2025,1.29723425782503
I111S21C58J2V1,TECNICO EN MECANICA AUTOMOTRIZ Y AUTOTRONICA,IP DUOC UC,Engineering & Construction,-0.738885710511888,1086037.23242729,18,4,2022,2025,1.08603723242729
I430S1C135J2V1,MECANICA AUTOMOTRIZ EN MAQUINARIA PESADA,CFT INACAP,Engineering & Construction,-0.73507926056541,1129036.97836444,34,4,2022,2025,1.12903697836444
I100S20C304J2V1,INGENIERIA EN MECANICA Y ELECTROMOVILIDAD AUTOMOTRIZ,IP INACAP,Engineering & Construction,-0.734408026231879,1252025.70600038,94,4,2022,2025,1.25202570600038
I100S16C126J2V1,INGENIERIA EN MINAS,IP INACAP,Engineering & Construction,-0.733716637391758,1950807.11577664,21,4,2022,2025,1.95080711577664
I450S1C64J2V1,ELECTRICIDAD INDUSTRIAL Y SISTEMAS ELECTRICOS,CFT LOTA-ARAUCO,Engineering & Construction,-0.732903866312787,1196942.0391694,13,4,2022,2025,1.1969420391694
I111S12C58J2V1,TECNICO EN MECANICA AUTOMOTRIZ Y AUTOTRONICA,IP DUOC UC,Engineering & Construction,-0.732035434183588,1086037.23242729,38,4,2022,2025,1.08603723242729
I94S1C540J1V1,TECNICO UNIVERSITARIO EN ELECTRICIDAD Y EFICIENCIA ENERGETICA,UNIVERSIDAD CATOLICA DE TEMUCO,Engineering & Construction,-0.730838480931046,1280296.75825163,28,4,2022,2025,1.28029675825163
I116S30C216J2V1,TECNICO EN MINERIA Y METALURGIA,IP SANTO TOMAS,Engineering & Construction,-0.728747311784569,1450547.43911624,12,4,2022,2025,1.45054743911624
I143S13C376J1V1,TECNICO EN MECANICA AUTOMOTRIZ Y AUTOTRONICA,IP AIEP,Engineering & Construction,-0.728689134340023,1086037.23242729,12,4,2022,2025,1.08603723242729
I111S2C104J2V2,INGENIERIA EN CONSTRUCCION,IP DUOC UC,Engineering & Construction,-0.728542895626778,1517858.59494789,16,3,2022,2024,1.51785859494789
I116S39C22J2V1,TECNICO EN SONIDO,IP SANTO TOMAS,Engineering & Construction,-0.728031935203493,754668.260650727,24,4,2022,2025,0.754668260650727
I100S15C126J2V1,INGENIERIA EN MINAS,IP INACAP,Engineering & Construction,-0.727858292493152,1950807.11577664,24,4,2022,2025,1.95080711577664
I111S2C536J1V1,TECNICO EN OPERACION Y SUPERVISION DE PROCESOS MINEROS,IP DUOC UC,Engineering & Construction,-0.72731764648936,1450547.43911624,25,3,2023,2025,1.45054743911624
I430S22C341J1V1,TECNICO EN MECATRONICA,CFT INACAP,Engineering & Construction,-0.727042244322045,1146410.2633274,17,4,2022,2025,1.1464102633274
I111S25C533J1V1,INGENIERIA EN MANTENIMIENTO INDUSTRIAL,IP DUOC UC,Engineering & Construction,-0.72619335738939,1730964.00072679,12,3,2022,2025,1.73096400072679
I456S5C38J1V1,ELECTRICIDAD Y EFICIENCIA ENERGETICA,CFT CEDUC - UCN,Engineering & Construction,-0.723539215478728,1340477.26701903,39,4,2022,2025,1.34047726701903
I430S27C135J1V1,MECANICA AUTOMOTRIZ EN MAQUINARIA PESADA,CFT INACAP,Engineering & Construction,-0.722366274815909,1129036.97836444,253,5,2021,2025,1.12903697836444
I430S10C307J2V1,TECNICO EN MINERIA,CFT INACAP,Engineering & Construction,-0.721453146003662,1435987.25922656,11,4,2022,2025,1.43598725922656
I430S1C307J2V1,TECNICO EN MINERIA,CFT INACAP,Engineering & Construction,-0.721048375451518,1435987.25922656,15,4,2022,2025,1.43598725922656
I111S26C58J2V1,TECNICO EN MECANICA AUTOMOTRIZ Y AUTOTRONICA,IP DUOC UC,Engineering & Construction,-0.721039258601119,1086037.23242729,23,4,2022,2025,1.08603723242729
I123S3C166J2V1,INGENIERIA EN MINAS,IP DE CHILE,Engineering & Construction,-0.720296539301816,1950807.11577664,18,4,2022,2025,1.95080711577664
I111S4C505J1V1,ADMINISTRACION DE REDES Y TELECOMUNICACIONES,IP DUOC UC,Engineering & Construction,-0.71963641462926,1051733.10566233,27,4,2022,2025,1.05173310566233
I430S1C307J1V1,TECNICO EN MINERIA,CFT INACAP,Engineering & Construction,-0.717907084142279,1435987.25922656,46,4,2022,2025,1.43598725922656
I111S3C47J1V1,DISEÑO INDUSTRIAL,IP DUOC UC,Engineering & Construction,-0.717579617456523,1056535.56491102,38,4,2022,2025,1.05653556491102
I100S31C176J2V1,CONSTRUCCION CIVIL,IP INACAP,Engineering & Construction,-0.717329951219893,1542853.16715766,11,4,2022,2025,1.54285316715766
I143S23C619J1V2,TECNICO EN MINERIA,IP AIEP,Engineering & Construction,-0.717112886660331,1450547.43911624,23,4,2022,2025,1.45054743911624
I152S10C478J4V1,TECNICO EN OPERACION DE PLANTA MINERA,IP LATINOAMERICANO DE COMERCIO EXTERIOR - IPLACEX,Engineering & Construction,-0.716220272186373,1450547.43911624,12,4,2022,2025,1.45054743911624
I260S11C84J1V1,TOPOGRAFIA,CFT SANTO TOMAS,Engineering & Construction,-0.715108455141765,1228019.29008348,33,4,2022,2025,1.22801929008348
I430S33C135J1V1,MECANICA AUTOMOTRIZ EN MAQUINARIA PESADA,CFT INACAP,Engineering & Construction,-0.713967464648167,1129036.97836444,31,3,2023,2025,1.12903697836444
I456S1C7J1V1,ELECTRICIDAD Y ELECTRONICA INDUSTRIAL,CFT CEDUC - UCN,Engineering & Construction,-0.713435900374561,1340477.26701903,44,4,2022,2025,1.34047726701903
I79S3C146J1V1,TECNICO UNIVERSITARIO EN AUTOMATIZACION INDUSTRIAL,UNIVERSIDAD DE ATACAMA,Engineering & Construction,-0.713079447852132,1562467.55823756,21,2,2024,2025,1.56246755823756
I100S13C167J1V1,INGENIERIA EN METALURGIA,IP INACAP,Engineering & Construction,-0.712113739144474,1758015.33075938,31,4,2022,2025,1.75801533075938
I430S12C34J1V1,TECNICO EN MANTENIMIENTO INDUSTRIAL,CFT INACAP,Engineering & Construction,-0.711833696401156,1366060.46716617,22,4,2022,2025,1.36606046716617
I79S1C161J2V2,TECNICO UNIVERSITARIO EN MANTENCION MECANICA DE EQUIPOS INDUSTRIALES,UNIVERSIDAD DE ATACAMA,Engineering & Construction,-0.711220778812701,1442450.26662682,11,4,2022,2025,1.44245026662682
I111S2C533J1V1,INGENIERIA EN MANTENIMIENTO INDUSTRIAL,IP DUOC UC,Engineering & Construction,-0.710630598348468,1730964.00072679,34,2,2024,2025,1.73096400072679
I123S3C44J2V1,TECNICO EN ELECTRICIDAD Y ELECTRONICA,IP DE CHILE,Engineering & Construction,-0.709458843557167,1258623.63111319,28,4,2022,2025,1.25862363111319
I79S1C161J1V2,TECNICO UNIVERSITARIO EN MANTENCION MECANICA DE EQUIPOS INDUSTRIALES,UNIVERSIDAD DE ATACAMA,Engineering & Construction,-0.707474073712463,1442450.26662682,62,4,2022,2025,1.44245026662682
I430S4C334J1V1,TECNICO EN MANTENIMIENTO DE PLANTAS MINERAS,CFT INACAP,Engineering & Construction,-0.707257697487277,1435987.25922656,13,3,2023,2025,1.43598725922656
I100S16C126J1V1,INGENIERIA EN MINAS,IP INACAP,Engineering & Construction,-0.70715777396533,1950807.11577664,67,5,2021,2025,1.95080711577664
I100S42C294J2V1,INGENIERIA ELECTRICA,IP INACAP,Engineering & Construction,-0.705816761844834,1835105.47479039,20,4,2022,2025,1.83510547479039
I257S1C53J1V1,TECNICO EN OPERACION Y MANTENCION DE MAQUINARIA PESADA,CFT JUAN BOHON,Engineering & Construction,-0.700584200129821,1564745.43121633,89,4,2022,2025,1.56474543121633
I88S3C73J1V3,TECNICO UNIVERSITARIO EN MECANICA INDUSTRIAL,UNIVERSIDAD TECNICA FEDERICO SANTA MARIA,Engineering & Construction,-0.69820777960456,1443981.96531045,53,4,2022,2025,1.44398196531045
I430S30C149J1V1,TECNICO EN CONSTRUCCION,CFT INACAP,Engineering & Construction,-0.697320779353583,1088017.67293263,12,3,2023,2025,1.08801767293263
I111S12C489J1V1,TECNICO EN ENERGIAS RENOVABLES,IP DUOC UC,Engineering & Construction,-0.694613902072496,1443832.59911894,13,2,2022,2023,1.44383259911894
I367S2C9J2V1,TECNICO EN OBRAS CIVILES,CFT SAN AGUSTIN,Engineering & Construction,-0.694252943381177,906572.600556651,44,4,2022,2025,0.906572600556651
I430S38C149J1V1,TECNICO EN CONSTRUCCION,CFT INACAP,Engineering & Construction,-0.692580380726863,1088017.67293263,11,4,2022,2025,1.08801767293263
I111S15C380J2V1,TECNICO EN MAQUINARIA Y VEHICULOS PESADOS,IP DUOC UC,Engineering & Construction,-0.691443862882767,1337193.29590952,21,5,2021,2025,1.33719329590952
I123S1C166J1V1,INGENIERIA EN MINAS,IP DE CHILE,Engineering & Construction,-0.691151434162611,1950807.11577664,108,4,2022,2025,1.95080711577664
I111S12C21J2V1,TECNICO EN CONSTRUCCION,IP DUOC UC,Engineering & Construction,-0.690893067442215,1027235.68886911,22,4,2022,2025,1.02723568886911
I430S16C326J2V1,TECNICO EN MECANICA Y ELECTROMOVILIDAD AUTOMOTRIZ,CFT INACAP,Engineering & Construction,-0.690264342901147,1129036.97836444,19,5,2021,2025,1.12903697836444
I111S12C21J1V1,TECNICO EN CONSTRUCCION,IP DUOC UC,Engineering & Construction,-0.688366315371835,1027235.68886911,28,3,2022,2024,1.02723568886911
I143S2C693J1V1,TECNICO EN MANTENIMIENTO ELECTROMECANICO EN MAQUINARIA PESADA,IP AIEP,Engineering & Construction,-0.688212687196391,1257780.43441788,10,4,2022,2025,1.25778043441788
I456S2C10J1V1,MAQUINARIA PESADA,CFT CEDUC - UCN,Engineering & Construction,-0.68740963623893,1411597.78240811,66,4,2022,2025,1.41159778240811
I430S38C34J1V1,TECNICO EN MANTENIMIENTO INDUSTRIAL,CFT INACAP,Engineering & Construction,-0.687381283454678,1366060.46716617,24,4,2022,2025,1.36606046716617
I430S37C34J2V1,TECNICO EN MANTENIMIENTO INDUSTRIAL,CFT INACAP,Engineering & Construction,-0.686939522504301,1366060.46716617,20,5,2021,2025,1.36606046716617
I83S2C284J2V2,TECNICO EN CONSTRUCCION,UNIVERSIDAD DE PLAYA ANCHA DE CIENCIAS DE LA EDUCACION,Engineering & Construction,-0.686585244793405,1034311.05122173,26,4,2022,2025,1.03431105122173
I910S1C4J1V1,TECNICO DE NIVEL SUPERIOR EN ENERGIAS RENOVABLES Y EFICIENCIA ENERGETICA,CFT DE LA REGION DE COQUIMBO,Engineering & Construction,-0.686490877753977,1443832.59911894,28,5,2021,2025,1.44383259911894
I456S2C28J1V1,OPERACION DE PLANTAS MINERAS,CFT CEDUC - UCN,Engineering & Construction,-0.685054244721741,1483855.56819128,24,4,2022,2025,1.48385556819128
I123S1C166J2V1,INGENIERIA EN MINAS,IP DE CHILE,Engineering & Construction,-0.684698356789653,1950807.11577664,28,4,2022,2025,1.95080711577664
I143S17C636J1V2,TECNICO EN MECANICA AUTOMOTRIZ EN MAQUINARIA PESADA,IP AIEP,Engineering & Construction,-0.683880886370499,1086037.23242729,35,4,2022,2025,1.08603723242729
I430S9C34J2V1,TECNICO EN MANTENIMIENTO INDUSTRIAL,CFT INACAP,Engineering & Construction,-0.682672206205816,1366060.46716617,15,4,2022,2025,1.36606046716617
I430S39C326J2V1,TECNICO EN MECANICA Y ELECTROMOVILIDAD AUTOMOTRIZ,CFT INACAP,Engineering & Construction,-0.681866272732741,1129036.97836444,31,5,2021,2025,1.12903697836444
I430S16C334J1V1,TECNICO EN MANTENIMIENTO DE PLANTAS MINERAS,CFT INACAP,Engineering & Construction,-0.681084067943265,1435987.25922656,54,4,2022,2025,1.43598725922656
I456S3C38J1V1,ELECTRICIDAD Y EFICIENCIA ENERGETICA,CFT CEDUC - UCN,Engineering & Construction,-0.680266399662951,1340477.26701903,19,3,2022,2024,1.34047726701903
I430S27C363J1V1,PRODUCCION DE MODA Y TECNOLOGIA,CFT INACAP,Engineering & Construction,-0.679121256337115,1053396.92466887,16,3,2023,2025,1.05339692466887
I629S4C135J1V1,TECNICO DE NIVEL SUPERIOR EN MECANICA AUTOMOTRIZ,CFT PUCV,Engineering & Construction,-0.678496296612357,1084926.31529491,45,4,2022,2025,1.08492631529491
I430S10C307J1V1,TECNICO EN MINERIA,CFT INACAP,Engineering & Construction,-0.678462797005581,1435987.25922656,56,4,2022,2025,1.43598725922656
I430S27C316J1V1,ELECTROMECANICA,CFT INACAP,Engineering & Construction,-0.6780498740399,1325989.51360484,13,1,2022,2022,1.32598951360484
I430S3C307J1V1,TECNICO EN MINERIA,CFT INACAP,Engineering & Construction,-0.677034902522256,1435987.25922656,48,4,2022,2025,1.43598725922656
I143S21C636J1V2,TECNICO EN MECANICA AUTOMOTRIZ EN MAQUINARIA PESADA,IP AIEP,Engineering & Construction,-0.676290117504612,1086037.23242729,75,4,2022,2025,1.08603723242729
I143S10C23J1V1,CONSTRUCCION CIVIL,IP AIEP,Engineering & Construction,-0.676074957676595,1542853.16715766,14,3,2022,2024,1.54285316715766
I143S26C693J1V1,TECNICO EN MANTENIMIENTO ELECTROMECANICO EN MAQUINARIA PESADA,IP AIEP,Engineering & Construction,-0.675569074597505,1257780.43441788,18,4,2022,2025,1.25778043441788
I456S1C50J2V1,ELECTROMECANICA,CFT CEDUC - UCN,Engineering & Construction,-0.674294425073658,1370191.07271576,27,4,2022,2025,1.37019107271576
I367S3C129J1V1,TECNICO EN REDES ELECTRICAS,CFT SAN AGUSTIN,Engineering & Construction,-0.672788935675906,1080898.83455453,35,4,2022,2025,1.08089883455453
I629S4C0J1V1,TECNICO DE NIVEL SUPERIOR EN CONSTRUCCION,CFT PUCV,Engineering & Construction,-0.672419738542109,1045509.60463716,10,3,2022,2024,1.04550960463716
I100S32C176J1V1,CONSTRUCCION CIVIL,IP INACAP,Engineering & Construction,-0.670132825815434,1542853.16715766,100,4,2022,2025,1.54285316715766
I143S17C619J1V2,TECNICO EN MINERIA,IP AIEP,Engineering & Construction,-0.669836347524873,1450547.43911624,56,4,2022,2025,1.45054743911624
I430S28C149J1V1,TECNICO EN CONSTRUCCION,CFT INACAP,Engineering & Construction,-0.665970290099863,1088017.67293263,114,4,2022,2025,1.08801767293263
I143S20C378J1V1,INGENIERIA EN MECANICA AUTOMOTRIZ Y AUTOTRONICA,IP AIEP,Engineering & Construction,-0.664337854778127,1252025.70600038,21,4,2022,2025,1.25202570600038
I629S4C161J1V1,TECNICO DE NIVEL SUPERIOR EN MANTENIMIENTO INDUSTRIAL CON ESPECIALIDAD EN EQUIPOS MOVILES Y CONTROL DE PROCESOS,CFT PUCV,Engineering & Construction,-0.663974696426523,1312689.46678755,29,4,2022,2025,1.31268946678755
I100S15C310J1V1,INGENIERIA EN MANTENIMIENTO DE PLANTAS MINERAS,IP INACAP,Engineering & Construction,-0.663673674440894,1443832.59911894,25,4,2022,2025,1.44383259911894
I123S5C43J1V1,TECNICO EN MECANICA AUTOMOTRIZ Y AUTOTRONICA,IP DE CHILE,Engineering & Construction,-0.663270483849608,1086037.23242729,29,5,2021,2025,1.08603723242729
I430S26C149J1V1,TECNICO EN CONSTRUCCION,CFT INACAP,Engineering & Construction,-0.663006803768738,1088017.67293263,16,3,2023,2025,1.08801767293263
I100S42C304J1V1,INGENIERIA EN MECANICA Y ELECTROMOVILIDAD AUTOMOTRIZ,IP INACAP,Engineering & Construction,-0.662534549403672,1252025.70600038,68,4,2022,2025,1.25202570600038
I143S9C24J2V1,TECNICO EN DIBUJO DE ARQUITECTURA Y OBRAS CIVILES,IP AIEP,Engineering & Construction,-0.661998319938797,955913.130157589,11,4,2022,2025,0.955913130157589
I910S1C3J1V1,TECNICO DE NIVEL SUPERIOR EN MANTENIMIENTO INDUSTRIAL,CFT DE LA REGION DE COQUIMBO,Engineering & Construction,-0.661957624963494,1337193.29590952,49,4,2022,2025,1.33719329590952
I100S13C176J2V1,CONSTRUCCION CIVIL,IP INACAP,Engineering & Construction,-0.661873171014076,1542853.16715766,11,4,2022,2025,1.54285316715766
I22S1C301J1V1,INGENIERIA CIVIL EN MINAS,UNIVERSIDAD DE VIÑA DEL MAR,Engineering & Construction,-0.661830440638664,2745360.64292309,20,3,2022,2024,2.74536064292309
I117S1C73J4V1,TECNICO DE NIVEL SUPERIOR EN PROCESOS MINEROS,IP IACC,Engineering & Construction,-0.661805826719706,1450547.43911624,38,5,2021,2025,1.45054743911624
I100S15C309J1V1,INGENIERIA EN ENERGIA,IP INACAP,Engineering & Construction,-0.661384060736185,1443832.59911894,15,4,2022,2025,1.44383259911894
I79S3C143J1V1,TECNICO UNIVERSITARIO EN MINAS,UNIVERSIDAD DE ATACAMA,Engineering & Construction,-0.660870498087965,1631001.85317445,77,4,2022,2025,1.63100185317445
I143S20C376J1V1,TECNICO EN MECANICA AUTOMOTRIZ Y AUTOTRONICA,IP AIEP,Engineering & Construction,-0.660767935850488,1086037.23242729,21,4,2022,2025,1.08603723242729
I139S3C151J1V1,TECNICO EN MANTENIMIENTO INDUSTRIAL,IP DR. VIRGINIO GOMEZ G.,Engineering & Construction,-0.658746497296263,1337193.29590952,14,3,2022,2024,1.33719329590952
I430S27C186J1V2,TECNICO EN ELECTRICIDAD INDUSTRIAL,CFT INACAP,Engineering & Construction,-0.657648740175987,1297234.25782503,41,3,2023,2025,1.29723425782503
I456S1C10J2V1,MAQUINARIA PESADA,CFT CEDUC - UCN,Engineering & Construction,-0.657019340272815,1411597.78240811,28,4,2022,2025,1.41159778240811
I143S9C664J2V1,INGENIERIA EN ELECTRICIDAD Y ENERGIAS RENOVABLES,IP AIEP,Engineering & Construction,-0.65692327870986,1835105.47479039,17,4,2022,2025,1.83510547479039
I430S3C135J1V1,MECANICA AUTOMOTRIZ EN MAQUINARIA PESADA,CFT INACAP,Engineering & Construction,-0.656827374461656,1129036.97836444,44,4,2022,2025,1.12903697836444
I430S10C326J2V1,TECNICO EN MECANICA Y ELECTROMOVILIDAD AUTOMOTRIZ,CFT INACAP,Engineering & Construction,-0.656641399118253,1129036.97836444,51,4,2022,2025,1.12903697836444
I100S16C160J2V1,INGENIERIA EN MAQUINARIA PESADA Y VEHICULOS AUTOMOTRICES,IP INACAP,Engineering & Construction,-0.656133718973831,1252025.70600038,94,4,2022,2025,1.25202570600038
I430S25C186J2V2,TECNICO EN ELECTRICIDAD INDUSTRIAL,CFT INACAP,Engineering & Construction,-0.65580603969405,1297234.25782503,23,4,2022,2025,1.29723425782503
I111S15C505J1V1,TECNICO EN REDES Y TELECOMUNICACIONES,IP DUOC UC,Engineering & Construction,-0.655540577591512,1051733.10566233,46,4,2022,2025,1.05173310566233
I430S3C149J2V1,TECNICO EN CONSTRUCCION,CFT INACAP,Engineering & Construction,-0.654838561399446,1088017.67293263,11,3,2023,2025,1.08801767293263
I111S28C374J1V1,TECNICO EN MANTENIMIENTO INDUSTRIAL,IP DUOC UC,Engineering & Construction,-0.654173007648711,1337193.29590952,13,1,2025,2025,1.33719329590952
I430S33C326J2V1,TECNICO EN MECANICA Y ELECTROMOVILIDAD AUTOMOTRIZ,CFT INACAP,Engineering & Construction,-0.653520644399067,1129036.97836444,21,4,2022,2025,1.12903697836444
I100S15C160J2V1,INGENIERIA EN MAQUINARIA PESADA Y VEHICULOS AUTOMOTRICES,IP INACAP,Engineering & Construction,-0.653145668477242,1252025.70600038,32,4,2022,2025,1.25202570600038
I430S5C135J1V1,MECANICA AUTOMOTRIZ EN MAQUINARIA PESADA,CFT INACAP,Engineering & Construction,-0.653011822654903,1129036.97836444,69,4,2022,2025,1.12903697836444
I430S28C343J1V1,TECNICO EN TOPOGRAFIA Y GEOMATICA,CFT INACAP,Engineering & Construction,-0.652907085283504,1311353.94709306,18,4,2022,2025,1.31135394709306
I143S21C619J2V2,TECNICO EN MINERIA,IP AIEP,Engineering & Construction,-0.652877160476569,1450547.43911624,23,4,2022,2025,1.45054743911624
I46S11C369J2V1,TECNICO DE NIVEL SUPERIOR EN MECANICA INDUSTRIAL,UNIVERSIDAD DE ACONCAGUA,Engineering & Construction,-0.652814448437506,1291932.22862336,22,4,2022,2025,1.29193222862336
I430S27C135J2V1,MECANICA AUTOMOTRIZ EN MAQUINARIA PESADA,CFT INACAP,Engineering & Construction,-0.652801898596271,1129036.97836444,36,4,2022,2025,1.12903697836444
I430S29C326J2V1,TECNICO EN MECANICA Y ELECTROMOVILIDAD AUTOMOTRIZ,CFT INACAP,Engineering & Construction,-0.652648896492957,1129036.97836444,28,3,2022,2024,1.12903697836444
I111S15C58J2V1,TECNICO EN MECANICA AUTOMOTRIZ Y AUTOTRONICA,IP DUOC UC,Engineering & Construction,-0.652355953006482,1086037.23242729,43,4,2022,2025,1.08603723242729
I260S11C78J1V1,TECNICO EN CONSTRUCCIONES CIVILES,CFT SANTO TOMAS,Engineering & Construction,-0.652289211670713,1018875.71488599,46,4,2022,2025,1.01887571488599
I111S22C505J1V1,ADMINISTRACION DE REDES Y TELECOMUNICACIONES,IP DUOC UC,Engineering & Construction,-0.652030420269285,1051733.10566233,25,4,2022,2025,1.05173310566233
I902S1C15J2V2,TECNICO DE NIVEL SUPERIOR EN PROYECTOS ELECTRICOS DE DISTRIBUCION,CFT DE LA REGION DE ARICA Y PARINACOTA,Engineering & Construction,-0.651704736134563,1258623.63111319,16,3,2023,2025,1.25862363111319
I100S40C176J2V1,CONSTRUCCION CIVIL,IP INACAP,Engineering & Construction,-0.651239399661867,1542853.16715766,27,4,2022,2025,1.54285316715766
I111S28C472J1V1,TECNICO EN MANTENIMIENTO ELECTROMECANICO,IP DUOC UC,Engineering & Construction,-0.650542767103111,1257780.43441788,20,3,2022,2024,1.25778043441788
I430S2C326J1V1,TECNICO EN MECANICA Y ELECTROMOVILIDAD AUTOMOTRIZ,CFT INACAP,Engineering & Construction,-0.650465058835157,1129036.97836444,122,4,2022,2025,1.12903697836444
I367S1C205J1V1,TECNICO EN MECANICA AUTOMOTRIZ Y AUTOTRONICA,CFT SAN AGUSTIN,Engineering & Construction,-0.650329855880883,940751.253462273,33,4,2022,2025,0.940751253462273
I111S16C380J2V1,TECNICO EN MAQUINARIA Y VEHICULOS PESADOS,IP DUOC UC,Engineering & Construction,-0.650226982447325,1337193.29590952,20,4,2022,2025,1.33719329590952
I139S1C151J2V1,TECNICO EN MANTENIMIENTO INDUSTRIAL,IP DR. VIRGINIO GOMEZ G.,Engineering & Construction,-0.649790900235329,1337193.29590952,12,4,2022,2025,1.33719329590952
I116S10C136J2V1,TECNICO EN MANTENIMIENTO INDUSTRIAL,IP SANTO TOMAS,Engineering & Construction,-0.649173392736303,1337193.29590952,16,5,2021,2025,1.33719329590952
I143S9C690J2V1,INGENIERIA EN MINAS,IP AIEP,Engineering & Construction,-0.649109978313033,1950807.11577664,18,4,2022,2025,1.95080711577664
I629S6C119J1V1,TECNICO DE NIVEL SUPERIOR EN OPERACIONES MINERAS,CFT PUCV,Engineering & Construction,-0.647916798367086,1379884.26935315,40,3,2022,2024,1.37988426935315
I430S39C326J1V1,TECNICO EN MECANICA Y ELECTROMOVILIDAD AUTOMOTRIZ,CFT INACAP,Engineering & Construction,-0.647835114137215,1129036.97836444,48,4,2022,2025,1.12903697836444
I100S41C160J1V1,INGENIERIA EN MAQUINARIA PESADA Y VEHICULOS AUTOMOTRICES,IP INACAP,Engineering & Construction,-0.647739063161755,1252025.70600038,92,4,2022,2025,1.25202570600038
I111S3C533J1V1,INGENIERIA EN MANTENIMIENTO INDUSTRIAL,IP DUOC UC,Engineering & Construction,-0.647384831658086,1730964.00072679,13,3,2023,2025,1.73096400072679
I111S24C419J2V1,TECNICO EN ELECTRICIDAD Y AUTOMATIZACION INDUSTRIAL,IP DUOC UC,Engineering & Construction,-0.647255072386257,1258623.63111319,13,4,2022,2025,1.25862363111319
I143S9C23J1V1,CONSTRUCCION CIVIL,IP AIEP,Engineering & Construction,-0.647247994275752,1542853.16715766,13,3,2023,2025,1.54285316715766
I430S29C326J1V1,TECNICO EN MECANICA Y ELECTROMOVILIDAD AUTOMOTRIZ,CFT INACAP,Engineering & Construction,-0.647068290982622,1129036.97836444,178,4,2022,2025,1.12903697836444
I111S23C21J1V1,TECNICO EN CONSTRUCCION,IP DUOC UC,Engineering & Construction,-0.645481316982857,1027235.68886911,27,4,2021,2024,1.02723568886911
I430S37C326J1V1,TECNICO EN MECANICA Y ELECTROMOVILIDAD AUTOMOTRIZ,CFT INACAP,Engineering & Construction,-0.645463963580608,1129036.97836444,72,4,2022,2025,1.12903697836444
I111S16C380J1V1,TECNICO EN MAQUINARIA Y VEHICULOS PESADOS,IP DUOC UC,Engineering & Construction,-0.643271187615802,1337193.29590952,51,4,2022,2025,1.33719329590952
I629S8C119J1V1,TECNICO DE NIVEL SUPERIOR EN OPERACIONES MINERAS,CFT PUCV,Engineering & Construction,-0.642508515417991,1379884.26935315,34,3,2023,2025,1.37988426935315
I100S4C294J2V1,INGENIERIA ELECTRICA,IP INACAP,Engineering & Construction,-0.641667877643111,1835105.47479039,42,4,2022,2025,1.83510547479039
I430S37C175J1V1,"TELECOMUNICACIONES, CONECTIVIDAD Y REDES",CFT INACAP,Engineering & Construction,-0.640685786663609,1078269.03747094,23,3,2022,2024,1.07826903747094
I456S4C10J1V1,MAQUINARIA PESADA,CFT CEDUC - UCN,Engineering & Construction,-0.640124166634713,1411597.78240811,18,5,2021,2025,1.41159778240811
I100S4C304J2V1,INGENIERIA EN MECANICA Y ELECTROMOVILIDAD AUTOMOTRIZ,IP INACAP,Engineering & Construction,-0.639973118414684,1252025.70600038,24,4,2022,2025,1.25202570600038
I430S10C186J2V2,TECNICO EN ELECTRICIDAD INDUSTRIAL,CFT INACAP,Engineering & Construction,-0.639835348276587,1297234.25782503,17,4,2022,2025,1.29723425782503
I100S42C301J1V1,INGENIERIA EN AUTOMATIZACION Y ROBOTICA,IP INACAP,Engineering & Construction,-0.639334558077737,2006780.70125708,13,4,2022,2025,2.00678070125708
I79S3C161J2V2,TECNICO UNIVERSITARIO EN MANTENCION MECANICA DE EQUIPOS INDUSTRIALES,UNIVERSIDAD DE ATACAMA,Engineering & Construction,-0.639290150068761,1442450.26662682,38,4,2022,2025,1.44245026662682
I456S6C10J1V1,MAQUINARIA PESADA,CFT CEDUC - UCN,Engineering & Construction,-0.638986096655471,1411597.78240811,18,4,2022,2025,1.41159778240811
I100S13C126J2V1,INGENIERIA EN MINAS,IP INACAP,Engineering & Construction,-0.638299037925746,1950807.11577664,21,4,2022,2025,1.95080711577664
I430S2C343J1V1,TECNICO EN TOPOGRAFIA Y GEOMATICA,CFT INACAP,Engineering & Construction,-0.636969983019428,1311353.94709306,20,4,2022,2025,1.31135394709306
I111S4C47J1V1,DISEÑO INDUSTRIAL,IP DUOC UC,Engineering & Construction,-0.635919984772338,1056535.56491102,51,4,2022,2025,1.05653556491102
I111S12C505J1V1,ADMINISTRACION DE REDES Y TELECOMUNICACIONES,IP DUOC UC,Engineering & Construction,-0.635666538870116,1051733.10566233,34,4,2022,2025,1.05173310566233
I100S4C160J2V1,INGENIERIA EN MAQUINARIA PESADA Y VEHICULOS AUTOMOTRICES,IP INACAP,Engineering & Construction,-0.63493031122886,1252025.70600038,39,4,2022,2025,1.25202570600038
I139S3C182J1V1,TECNICO EN MECANICA AUTOMOTRIZ Y SISTEMAS ELECTRICOS,IP DR. VIRGINIO GOMEZ G.,Engineering & Construction,-0.634663648654952,1086037.23242729,34,4,2022,2025,1.08603723242729
I111S25C380J2V1,TECNICO EN MAQUINARIA Y VEHICULOS PESADOS,IP DUOC UC,Engineering & Construction,-0.634485023500368,1337193.29590952,16,3,2022,2024,1.33719329590952
I79S3C161J1V2,TECNICO UNIVERSITARIO EN MANTENCION MECANICA DE EQUIPOS INDUSTRIALES,UNIVERSIDAD DE ATACAMA,Engineering & Construction,-0.634398820239321,1442450.26662682,76,4,2022,2025,1.44245026662682
I456S1C16J1V1,MECANICA DE EQUIPO PESADO,CFT CEDUC - UCN,Engineering & Construction,-0.634058579058148,1312314.7933936,63,5,2021,2025,1.3123147933936
I111S20C58J1V1,TECNICO EN MECANICA AUTOMOTRIZ Y AUTOTRONICA,IP DUOC UC,Engineering & Construction,-0.633349089696587,1086037.23242729,115,4,2022,2025,1.08603723242729
I111S15C380J1V1,TECNICO EN MAQUINARIA Y VEHICULOS PESADOS,IP DUOC UC,Engineering & Construction,-0.63333971192181,1337193.29590952,58,4,2022,2025,1.33719329590952
I430S16C334J2V1,TECNICO EN MANTENIMIENTO DE PLANTAS MINERAS,CFT INACAP,Engineering & Construction,-0.63312234828057,1435987.25922656,13,4,2022,2025,1.43598725922656
I100S29C176J2V1,CONSTRUCCION CIVIL,IP INACAP,Engineering & Construction,-0.632621045650896,1542853.16715766,11,3,2022,2024,1.54285316715766
I116S2C147J2V1,INGENIERIA EN MANTENIMIENTO INDUSTRIAL,IP SANTO TOMAS,Engineering & Construction,-0.632053307149453,1730964.00072679,19,4,2022,2025,1.73096400072679
I430S25C149J1V1,TECNICO EN CONSTRUCCION,CFT INACAP,Engineering & Construction,-0.631776960776207,1088017.67293263,13,4,2022,2025,1.08801767293263
I260S50C78J2V1,TECNICO EN CONSTRUCCIONES CIVILES,CFT SANTO TOMAS,Engineering & Construction,-0.630644030176739,1018875.71488599,15,4,2022,2025,1.01887571488599
I430S5C326J1V1,TECNICO EN MECANICA Y ELECTROMOVILIDAD AUTOMOTRIZ,CFT INACAP,Engineering & Construction,-0.629784265001437,1129036.97836444,50,4,2022,2025,1.12903697836444
I111S3C104J1V2,INGENIERIA EN CONSTRUCCION,IP DUOC UC,Engineering & Construction,-0.629393663655185,1517858.59494789,85,5,2021,2025,1.51785859494789
I430S9C34J1V1,TECNICO EN MANTENIMIENTO INDUSTRIAL,CFT INACAP,Engineering & Construction,-0.628929917202169,1366060.46716617,80,4,2022,2025,1.36606046716617
I100S37C304J2V1,INGENIERIA EN MECANICA Y ELECTROMOVILIDAD AUTOMOTRIZ,IP INACAP,Engineering & Construction,-0.628459854163898,1252025.70600038,32,4,2022,2025,1.25202570600038
I100S40C21J1V1,INGENIERIA EN MANTENIMIENTO INDUSTRIAL,IP INACAP,Engineering & Construction,-0.625757237256246,1730964.00072679,53,4,2022,2025,1.73096400072679
I143S23C378J1V1,INGENIERIA EN MECANICA AUTOMOTRIZ Y AUTOTRONICA,IP AIEP,Engineering & Construction,-0.625316032345585,1252025.70600038,26,3,2023,2025,1.25202570600038
I430S3C334J2V1,TECNICO EN MANTENIMIENTO DE PLANTAS MINERAS,CFT INACAP,Engineering & Construction,-0.625071718763414,1435987.25922656,16,4,2022,2025,1.43598725922656
I111S7C423J1V1,TECNICO EN INSTALACIONES Y PROYECTOS ELECTRICOS,IP DUOC UC,Engineering & Construction,-0.624857559482801,1258623.63111319,28,4,2022,2025,1.25862363111319
I100S14C304J2V1,INGENIERIA EN MECANICA Y ELECTROMOVILIDAD AUTOMOTRIZ,IP INACAP,Engineering & Construction,-0.623973436683046,1252025.70600038,24,4,2022,2025,1.25202570600038
I152S10C431J4V1,TECNICO EN ELECTRICO,IP LATINOAMERICANO DE COMERCIO EXTERIOR - IPLACEX,Engineering & Construction,-0.623864444161197,1258623.63111319,16,4,2022,2025,1.25862363111319
I430S22C186J2V2,TECNICO EN ELECTRICIDAD INDUSTRIAL,CFT INACAP,Engineering & Construction,-0.623823156409815,1297234.25782503,24,4,2022,2025,1.29723425782503
I143S15C690J1V1,INGENIERIA EN MINAS,IP AIEP,Engineering & Construction,-0.623430237640468,1950807.11577664,24,4,2022,2025,1.95080711577664
I100S4C21J1V1,INGENIERIA EN MANTENIMIENTO INDUSTRIAL,IP INACAP,Engineering & Construction,-0.623145337579072,1730964.00072679,61,4,2022,2025,1.73096400072679
I143S21C690J1V1,INGENIERIA EN MINAS,IP AIEP,Engineering & Construction,-0.622729492799286,1950807.11577664,58,4,2022,2025,1.95080711577664
I111S2C104J1V2,INGENIERIA EN CONSTRUCCION,IP DUOC UC,Engineering & Construction,-0.622156085505292,1517858.59494789,130,4,2022,2025,1.51785859494789
I100S5C167J1V1,INGENIERIA EN METALURGIA,IP INACAP,Engineering & Construction,-0.621538400505644,1758015.33075938,37,4,2022,2025,1.75801533075938
I139S2C74J2V1,TECNICO EN ELECTRICIDAD,IP DR. VIRGINIO GOMEZ G.,Engineering & Construction,-0.620458267477532,1258623.63111319,18,4,2022,2025,1.25862363111319
I111S2C58J1V1,TECNICO EN MECANICA AUTOMOTRIZ Y AUTOTRONICA,IP DUOC UC,Engineering & Construction,-0.620342819351315,1086037.23242729,261,5,2021,2025,1.08603723242729
I430S26C135J1V1,MECANICA AUTOMOTRIZ EN MAQUINARIA PESADA,CFT INACAP,Engineering & Construction,-0.620250152487299,1129036.97836444,105,4,2022,2025,1.12903697836444
I911S2C18J1V1,TECNICO DE NIVEL SUPERIOR EN ELECTRICIDAD Y ENERGIAS,CFT DE LA REGION DE VALPARAISO,Engineering & Construction,-0.619582816866914,1258623.63111319,10,2,2024,2025,1.25862363111319
I430S20C343J1V1,TECNICO EN TOPOGRAFIA Y GEOMATICA,CFT INACAP,Engineering & Construction,-0.619391120673315,1311353.94709306,20,4,2022,2025,1.31135394709306
I117S1C67J4V1,INGENIERIA INDUSTRIAL,IP IACC,Engineering & Construction,-0.619179876041686,1730964.00072679,27,4,2022,2025,1.73096400072679
I111S16C58J2V1,TECNICO EN MECANICA AUTOMOTRIZ Y AUTOTRONICA,IP DUOC UC,Engineering & Construction,-0.618975316927679,1086037.23242729,52,5,2021,2025,1.08603723242729
I430S30C175J1V1,"TELECOMUNICACIONES, CONECTIVIDAD Y REDES",CFT INACAP,Engineering & Construction,-0.618885964266653,1078269.03747094,11,3,2022,2024,1.07826903747094
I111S15C104J2V2,INGENIERIA EN CONSTRUCCION,IP DUOC UC,Engineering & Construction,-0.618321459719486,1517858.59494789,28,5,2021,2025,1.51785859494789
I111S23C58J1V1,TECNICO EN MECANICA AUTOMOTRIZ Y AUTOTRONICA,IP DUOC UC,Engineering & Construction,-0.617297889496374,1086037.23242729,74,4,2022,2025,1.08603723242729
I117S1C69J4V1,TECNICO DE NIVEL SUPERIOR EN CONTROL INDUSTRIAL,IP IACC,Engineering & Construction,-0.616127996029589,1385840.68023891,27,5,2021,2025,1.38584068023891
I430S20C326J1V1,TECNICO EN MECANICA Y ELECTROMOVILIDAD AUTOMOTRIZ,CFT INACAP,Engineering & Construction,-0.616114283568343,1129036.97836444,148,4,2022,2025,1.12903697836444
I111S20C104J1V2,INGENIERIA EN CONSTRUCCION,IP DUOC UC,Engineering & Construction,-0.616048571430308,1517858.59494789,104,4,2022,2025,1.51785859494789
I123S1C127J1V1,TECNICO EN MINERIA,IP DE CHILE,Engineering & Construction,-0.615568640766555,1450547.43911624,39,4,2022,2025,1.45054743911624
I430S33C149J1V1,TECNICO EN CONSTRUCCION,CFT INACAP,Engineering & Construction,-0.614855570186575,1088017.67293263,38,4,2022,2025,1.08801767293263
I430S20C34J1V1,TECNICO EN MANTENIMIENTO INDUSTRIAL,CFT INACAP,Engineering & Construction,-0.614805057354163,1366060.46716617,21,3,2022,2024,1.36606046716617
I139S1C151J1V1,TECNICO EN MANTENIMIENTO INDUSTRIAL,IP DR. VIRGINIO GOMEZ G.,Engineering & Construction,-0.614758190041409,1337193.29590952,16,2,2022,2023,1.33719329590952
I111S2C471J1V1,DIBUJO Y MODELAMIENTO ARQUITECTONICO Y ESTRUCTURAL,IP DUOC UC,Engineering & Construction,-0.613482805667798,955913.130157589,41,4,2022,2025,0.955913130157589
I100S29C176J1V1,CONSTRUCCION CIVIL,IP INACAP,Engineering & Construction,-0.613383345761117,1542853.16715766,70,4,2022,2025,1.54285316715766
I111S15C363J2V1,INGENIERIA EN MAQUINARIA Y VEHICULOS PESADOS,IP DUOC UC,Engineering & Construction,-0.613301768850937,1252025.70600038,55,4,2022,2025,1.25202570600038
I116S39C216J2V1,TECNICO EN MINERIA Y METALURGIA,IP SANTO TOMAS,Engineering & Construction,-0.613131067101705,1450547.43911624,28,4,2022,2025,1.45054743911624
I430S37C186J1V2,TECNICO EN ELECTRICIDAD INDUSTRIAL,CFT INACAP,Engineering & Construction,-0.612869238034704,1297234.25782503,24,4,2022,2025,1.29723425782503
I430S25C175J1V1,"TELECOMUNICACIONES, CONECTIVIDAD Y REDES",CFT INACAP,Engineering & Construction,-0.612660727262242,1078269.03747094,21,3,2022,2024,1.07826903747094
I430S22C352J1V1,TECNICO EN CLIMATIZACION Y REFRIGERACION,CFT INACAP,Engineering & Construction,-0.612331144524662,1053396.92466887,11,3,2022,2025,1.05339692466887
I430S27C149J1V1,TECNICO EN CONSTRUCCION,CFT INACAP,Engineering & Construction,-0.611303764368208,1088017.67293263,51,4,2022,2025,1.08801767293263
I430S28C326J2V1,TECNICO EN MECANICA Y ELECTROMOVILIDAD AUTOMOTRIZ,CFT INACAP,Engineering & Construction,-0.611209047950784,1129036.97836444,43,4,2022,2025,1.12903697836444
I430S28C186J1V2,TECNICO EN ELECTRICIDAD INDUSTRIAL,CFT INACAP,Engineering & Construction,-0.610787375900404,1297234.25782503,154,4,2022,2025,1.29723425782503
I260S5C84J2V1,TOPOGRAFIA,CFT SANTO TOMAS,Engineering & Construction,-0.610736600731455,1228019.29008348,29,4,2022,2025,1.22801929008348
I430S30C325J1V1,TECNICO EN AUTOMATIZACION Y ROBOTICA,CFT INACAP,Engineering & Construction,-0.609371222010836,1375647.42934966,19,4,2022,2025,1.37564742934966
I84S6C422J1V2,TECNICO UNIVERSITARIO EN ELECTRICIDAD Y AUTOMATIZACION,UNIVERSIDAD DE LOS LAGOS,Engineering & Construction,-0.609222935683202,1216755.55048533,23,2,2022,2023,1.21675555048533
I139S3C121J1V1,INGENIERIA DE EJECUCION EN MINAS,IP DR. VIRGINIO GOMEZ G.,Engineering & Construction,-0.609202004512717,1950807.11577664,40,4,2022,2025,1.95080711577664
I430S29C34J2V1,TECNICO EN MANTENIMIENTO INDUSTRIAL,CFT INACAP,Engineering & Construction,-0.609161292079149,1366060.46716617,42,4,2022,2025,1.36606046716617
I143S9C664J1V1,INGENIERIA EN ELECTRICIDAD Y ENERGIAS RENOVABLES,IP AIEP,Engineering & Construction,-0.607545785784757,1835105.47479039,54,4,2022,2025,1.83510547479039
I430S27C326J1V1,TECNICO EN MECANICA Y ELECTROMOVILIDAD AUTOMOTRIZ,CFT INACAP,Engineering & Construction,-0.607402717302333,1129036.97836444,191,4,2022,2025,1.12903697836444
I123S3C166J1V1,INGENIERIA EN MINAS,IP DE CHILE,Engineering & Construction,-0.607395807064089,1950807.11577664,39,4,2022,2025,1.95080711577664
I100S5C126J2V1,INGENIERIA EN MINAS,IP INACAP,Engineering & Construction,-0.607374578655324,1950807.11577664,24,4,2022,2025,1.95080711577664
I430S28C326J1V1,TECNICO EN MECANICA Y ELECTROMOVILIDAD AUTOMOTRIZ,CFT INACAP,Engineering & Construction,-0.607113508220277,1129036.97836444,274,4,2022,2025,1.12903697836444
I430S24C149J2V1,TECNICO EN CONSTRUCCION,CFT INACAP,Engineering & Construction,-0.605403082984676,1088017.67293263,24,4,2022,2025,1.08801767293263
I100S9C168J1V1,"INGENIERIA EN TELECOMUNICACIONES, CONECTIVIDAD Y REDES",IP INACAP,Engineering & Construction,-0.605048532901768,1559647.7386782,25,3,2022,2024,1.5596477386782
I430S24C326J2V1,TECNICO EN MECANICA Y ELECTROMOVILIDAD AUTOMOTRIZ,CFT INACAP,Engineering & Construction,-0.604723425050266,1129036.97836444,27,4,2022,2025,1.12903697836444
I111S25C58J2V1,TECNICO EN MECANICA AUTOMOTRIZ Y AUTOTRONICA,IP DUOC UC,Engineering & Construction,-0.604602710821863,1086037.23242729,13,3,2022,2024,1.08603723242729
I100S24C176J1V1,CONSTRUCCION CIVIL,IP INACAP,Engineering & Construction,-0.603508748030565,1542853.16715766,32,4,2022,2025,1.54285316715766
I430S15C186J1V2,TECNICO EN ELECTRICIDAD INDUSTRIAL,CFT INACAP,Engineering & Construction,-0.603189022102338,1297234.25782503,21,3,2023,2025,1.29723425782503
I430S10C135J2V1,MECANICA AUTOMOTRIZ EN MAQUINARIA PESADA,CFT INACAP,Engineering & Construction,-0.602953097334404,1129036.97836444,37,4,2022,2025,1.12903697836444
I430S29C34J1V1,TECNICO EN MANTENIMIENTO INDUSTRIAL,CFT INACAP,Engineering & Construction,-0.602385072714163,1366060.46716617,131,4,2022,2025,1.36606046716617
I111S2C419J2V1,TECNICO EN ELECTRICIDAD Y AUTOMATIZACION INDUSTRIAL,IP DUOC UC,Engineering & Construction,-0.601796706308026,1258623.63111319,11,4,2022,2025,1.25862363111319
I116S17C60J2V1,CONSTRUCCION CIVIL,IP SANTO TOMAS,Engineering & Construction,-0.601695961837212,1542853.16715766,25,4,2022,2025,1.54285316715766
I100S4C167J1V1,INGENIERIA EN METALURGIA,IP INACAP,Engineering & Construction,-0.601649667744486,1758015.33075938,41,4,2022,2025,1.75801533075938
I430S2C326J2V1,TECNICO EN MECANICA Y ELECTROMOVILIDAD AUTOMOTRIZ,CFT INACAP,Engineering & Construction,-0.599679334943563,1129036.97836444,25,4,2022,2025,1.12903697836444
I111S28C419J1V1,TECNICO EN ELECTRICIDAD Y AUTOMATIZACION INDUSTRIAL,IP DUOC UC,Engineering & Construction,-0.598883049086828,1258623.63111319,57,4,2022,2025,1.25862363111319
I111S15C58J1V1,TECNICO EN MECANICA AUTOMOTRIZ Y AUTOTRONICA,IP DUOC UC,Engineering & Construction,-0.598367124190468,1086037.23242729,200,5,2021,2025,1.08603723242729
I111S23C104J2V1,INGENIERIA EN CONSTRUCCION,IP DUOC UC,Engineering & Construction,-0.598323040187229,1517858.59494789,22,5,2021,2025,1.51785859494789
I100S41C176J1V1,CONSTRUCCION CIVIL,IP INACAP,Engineering & Construction,-0.597977956878848,1542853.16715766,20,4,2022,2025,1.54285316715766
I257S1C80J2V1,ELECTRICIDAD Y ELECTRONICA INDUSTRIAL,CFT JUAN BOHON,Engineering & Construction,-0.597894466371857,1485908.87953871,10,4,2021,2025,1.48590887953871
I123S3C127J2V1,TECNICO EN MINERIA,IP DE CHILE,Engineering & Construction,-0.596245017930009,1450547.43911624,11,4,2022,2025,1.45054743911624
I100S24C304J2V1,INGENIERIA EN MECANICA Y ELECTROMOVILIDAD AUTOMOTRIZ,IP INACAP,Engineering & Construction,-0.594238706989672,1252025.70600038,12,3,2023,2025,1.25202570600038
I116S4C216J1V1,TECNICO EN MINERIA Y METALURGIA,IP SANTO TOMAS,Engineering & Construction,-0.594234082766274,1450547.43911624,47,4,2022,2025,1.45054743911624
I430S3C34J1V1,TECNICO EN MANTENIMIENTO INDUSTRIAL,CFT INACAP,Engineering & Construction,-0.593336810617381,1366060.46716617,11,3,2022,2025,1.36606046716617
I100S30C176J1V1,CONSTRUCCION CIVIL,IP INACAP,Engineering & Construction,-0.592173395709012,1542853.16715766,82,5,2021,2025,1.54285316715766
I260S41C78J2V1,TECNICO EN CONSTRUCCIONES CIVILES,CFT SANTO TOMAS,Engineering & Construction,-0.591008553232349,1018875.71488599,15,4,2022,2025,1.01887571488599
I100S14C304J1V1,INGENIERIA EN MECANICA Y ELECTROMOVILIDAD AUTOMOTRIZ,IP INACAP,Engineering & Construction,-0.590526623579916,1252025.70600038,73,4,2022,2025,1.25202570600038
I143S20C23J1V1,CONSTRUCCION CIVIL,IP AIEP,Engineering & Construction,-0.590199588785696,1542853.16715766,20,4,2022,2025,1.54285316715766
I430S2C186J1V2,TECNICO EN ELECTRICIDAD INDUSTRIAL,CFT INACAP,Engineering & Construction,-0.589362272995071,1297234.25782503,21,4,2022,2025,1.29723425782503
I79S3C146J2V1,TECNICO UNIVERSITARIO EN AUTOMATIZACION INDUSTRIAL,UNIVERSIDAD DE ATACAMA,Engineering & Construction,-0.589360945865122,1562467.55823756,46,3,2022,2024,1.56246755823756
I430S26C34J1V1,TECNICO EN MANTENIMIENTO INDUSTRIAL,CFT INACAP,Engineering & Construction,-0.589110193460759,1366060.46716617,42,4,2022,2025,1.36606046716617
I111S20C471J1V1,DIBUJO Y MODELAMIENTO ARQUITECTONICO Y ESTRUCTURAL,IP DUOC UC,Engineering & Construction,-0.588875498983209,955913.130157589,29,4,2022,2025,0.955913130157589
I111S20C419J1V1,TECNICO EN ELECTRICIDAD Y AUTOMATIZACION INDUSTRIAL,IP DUOC UC,Engineering & Construction,-0.588769204084764,1258623.63111319,71,4,2022,2025,1.25862363111319
I100S20C160J2V1,INGENIERIA EN MAQUINARIA PESADA Y VEHICULOS AUTOMOTRICES,IP INACAP,Engineering & Construction,-0.588364210598566,1252025.70600038,76,4,2022,2025,1.25202570600038
I430S3C307J2V1,TECNICO EN MINERIA,CFT INACAP,Engineering & Construction,-0.587975439177724,1435987.25922656,14,4,2022,2025,1.43598725922656
I430S3C34J2V1,TECNICO EN MANTENIMIENTO INDUSTRIAL,CFT INACAP,Engineering & Construction,-0.587800857088251,1366060.46716617,11,4,2022,2025,1.36606046716617
I430S22C34J1V1,TECNICO EN MANTENIMIENTO INDUSTRIAL,CFT INACAP,Engineering & Construction,-0.587526882556292,1366060.46716617,42,4,2022,2025,1.36606046716617
I143S21C636J2V3,TECNICO EN MECANICA AUTOMOTRIZ EN MAQUINARIA PESADA,IP AIEP,Engineering & Construction,-0.584834197266555,1086037.23242729,28,4,2022,2025,1.08603723242729
I430S22C326J1V1,TECNICO EN MECANICA Y ELECTROMOVILIDAD AUTOMOTRIZ,CFT INACAP,Engineering & Construction,-0.584195493658476,1129036.97836444,135,4,2022,2025,1.12903697836444
I143S26C378J2V1,INGENIERIA EN MECANICA AUTOMOTRIZ Y AUTOTRONICA,IP AIEP,Engineering & Construction,-0.583616384574473,1252025.70600038,11,4,2022,2025,1.25202570600038
I123S3C127J1V1,TECNICO EN MINERIA,IP DE CHILE,Engineering & Construction,-0.583537002790016,1450547.43911624,33,5,2021,2025,1.45054743911624
I450S1C2J1V1,MECANICA INDUSTRIAL,CFT LOTA-ARAUCO,Engineering & Construction,-0.58254318201328,1171795.13855524,15,4,2022,2025,1.17179513855524
I430S29C149J1V1,TECNICO EN CONSTRUCCION,CFT INACAP,Engineering & Construction,-0.582430764478788,1088017.67293263,56,4,2022,2025,1.08801767293263
I111S10C47J1V1,DISEÑO INDUSTRIAL,IP DUOC UC,Engineering & Construction,-0.582358558682716,1056535.56491102,59,4,2022,2025,1.05653556491102
I111S20C363J1V1,INGENIERIA EN MAQUINARIA Y VEHICULOS PESADOS,IP DUOC UC,Engineering & Construction,-0.581166126908949,1252025.70600038,97,4,2022,2025,1.25202570600038
I430S21C333J2V1,TECNICO EN ENERGIAS RENOVABLES,CFT INACAP,Engineering & Construction,-0.581055301577761,1146410.2633274,21,4,2022,2025,1.1464102633274
I100S32C168J1V1,"INGENIERIA EN TELECOMUNICACIONES, CONECTIVIDAD Y REDES",IP INACAP,Engineering & Construction,-0.580444347742839,1559647.7386782,32,3,2022,2024,1.5596477386782
I260S5C78J2V1,TECNICO EN CONSTRUCCIONES CIVILES,CFT SANTO TOMAS,Engineering & Construction,-0.580012782706232,1018875.71488599,33,4,2022,2025,1.01887571488599
I111S12C58J1V1,TECNICO EN MECANICA AUTOMOTRIZ Y AUTOTRONICA,IP DUOC UC,Engineering & Construction,-0.579612449753204,1086037.23242729,138,4,2022,2025,1.08603723242729
I430S25C326J1V1,TECNICO EN MECANICA Y ELECTROMOVILIDAD AUTOMOTRIZ,CFT INACAP,Engineering & Construction,-0.579595786950856,1129036.97836444,83,4,2022,2025,1.12903697836444
I93S4C65J1V2,TECNICO UNIVERSITARIO EN CONSTRUCCION,UNIVERSIDAD CATOLICA DE LA SANTISIMA CONCEPCION,Engineering & Construction,-0.579290491554991,1004717.92267911,13,3,2022,2024,1.00471792267911
I257S1C107J2V1,"INSTRUMENTACION, AUTOMATIZACION Y CONTROL INDUSTRIAL",CFT JUAN BOHON,Engineering & Construction,-0.579221511489431,1575726.75717987,11,4,2022,2025,1.57572675717987
I430S23C326J1V1,TECNICO EN MECANICA Y ELECTROMOVILIDAD AUTOMOTRIZ,CFT INACAP,Engineering & Construction,-0.578846286813261,1129036.97836444,88,4,2022,2025,1.12903697836444
I143S9C619J1V2,TECNICO EN MINERIA,IP AIEP,Engineering & Construction,-0.578514385732968,1450547.43911624,34,4,2022,2025,1.45054743911624
I100S29C294J2V1,INGENIERIA ELECTRICA,IP INACAP,Engineering & Construction,-0.57780938822381,1835105.47479039,17,4,2022,2025,1.83510547479039
I111S23C413J1V1,INGENIERIA EN ELECTRICIDAD Y AUTOMATIZACION INDUSTRIAL,IP DUOC UC,Engineering & Construction,-0.577679827335392,1835105.47479039,75,4,2022,2025,1.83510547479039
I430S33C149J2V1,TECNICO EN CONSTRUCCION,CFT INACAP,Engineering & Construction,-0.577658846936258,1088017.67293263,14,4,2022,2025,1.08801767293263
I111S10C505J1V1,ADMINISTRACION DE REDES Y TELECOMUNICACIONES,IP DUOC UC,Engineering & Construction,-0.577276580477254,1051733.10566233,23,3,2022,2024,1.05173310566233
I143S5C690J2V1,INGENIERIA EN MINAS,IP AIEP,Engineering & Construction,-0.57717033211286,1950807.11577664,21,4,2022,2025,1.95080711577664
I116S34C60J1V1,CONSTRUCCION CIVIL,IP SANTO TOMAS,Engineering & Construction,-0.576595075606137,1542853.16715766,37,4,2022,2025,1.54285316715766
I100S15C126J1V1,INGENIERIA EN MINAS,IP INACAP,Engineering & Construction,-0.576570501657234,1950807.11577664,102,4,2022,2025,1.95080711577664
I116S10C212J2V1,INGENIERIA EN AUTOMATIZACION E INSTRUMENTACION INDUSTRIAL,IP SANTO TOMAS,Engineering & Construction,-0.57619558553801,2006780.70125708,26,4,2022,2025,2.00678070125708
I430S28C78J1V1,ELECTRICIDAD INDUSTRIAL MENCION INSTALACIONES ELECTRICAS,CFT INACAP,Engineering & Construction,-0.575819652617392,1297234.25782503,31,1,2022,2022,1.29723425782503
I117S1C115J4V1,INGENIERIA EN MINAS,IP IACC,Engineering & Construction,-0.575805588264295,1950807.11577664,27,4,2022,2025,1.95080711577664
I100S38C21J2V1,INGENIERIA EN MANTENIMIENTO INDUSTRIAL,IP INACAP,Engineering & Construction,-0.575085638863533,1730964.00072679,23,5,2021,2025,1.73096400072679
I430S21C186J2V2,TECNICO EN ELECTRICIDAD INDUSTRIAL,CFT INACAP,Engineering & Construction,-0.574522680906915,1297234.25782503,17,4,2022,2025,1.29723425782503
I111S23C22J2V1,INGENIERIA EN MECANICA AUTOMOTRIZ Y AUTOTRONICA,IP DUOC UC,Engineering & Construction,-0.573518685499316,1252025.70600038,56,4,2022,2025,1.25202570600038
I430S30C326J1V1,TECNICO EN MECANICA Y ELECTROMOVILIDAD AUTOMOTRIZ,CFT INACAP,Engineering & Construction,-0.573140042345122,1129036.97836444,174,4,2022,2025,1.12903697836444
I111S25C21J1V1,TECNICO EN CONSTRUCCION,IP DUOC UC,Engineering & Construction,-0.571950742860453,1027235.68886911,30,5,2021,2025,1.02723568886911
I111S20C413J2V1,INGENIERIA EN ELECTRICIDAD Y AUTOMATIZACION INDUSTRIAL,IP DUOC UC,Engineering & Construction,-0.571843975286242,1835105.47479039,35,4,2022,2025,1.83510547479039
I9S2C66J1V1,INGENIERIA CIVIL EN MINAS,UNIVERSIDAD DEL ALBA,Engineering & Construction,-0.571167730814404,2915421.5414564,52,4,2022,2025,2.9154215414564
I111S3C363J1V1,INGENIERIA EN MAQUINARIA Y VEHICULOS PESADOS,IP DUOC UC,Engineering & Construction,-0.571111353353497,1252025.70600038,40,4,2022,2025,1.25202570600038
I111S23C104J1V2,INGENIERIA EN CONSTRUCCION,IP DUOC UC,Engineering & Construction,-0.571063566894979,1517858.59494789,19,1,2022,2022,1.51785859494789
I218S1C62J1V2,TECNICO EN ALIMENTACION Y DIETETICA,CFT DE ENAC,Engineering & Construction,-0.570838607602518,915068.980774843,19,4,2022,2025,0.915068980774843
I111S15C419J1V1,TECNICO EN ELECTRICIDAD Y AUTOMATIZACION INDUSTRIAL,IP DUOC UC,Engineering & Construction,-0.570140294474156,1258623.63111319,89,4,2022,2025,1.25862363111319
I430S3C325J1V1,TECNICO EN AUTOMATIZACION Y ROBOTICA,CFT INACAP,Engineering & Construction,-0.569702375161576,1375647.42934966,15,4,2022,2025,1.37564742934966
I456S2C16J1V1,MECANICA DE EQUIPO PESADO,CFT CEDUC - UCN,Engineering & Construction,-0.568525996014755,1312314.7933936,28,3,2023,2025,1.3123147933936
I430S15C175J1V1,"TELECOMUNICACIONES, CONECTIVIDAD Y REDES",CFT INACAP,Engineering & Construction,-0.568509940595372,1078269.03747094,18,3,2022,2024,1.07826903747094
I81S1C298J2V2,TECNICO DE NIVEL SUPERIOR ELECTRICIDAD Y ELECTRONICA INDUSTRIAL,UNIVERSIDAD ARTURO PRAT,Engineering & Construction,-0.568453185666545,1334894.29596678,14,4,2022,2025,1.33489429596678
I111S2C21J2V1,TECNICO EN CONSTRUCCION,IP DUOC UC,Engineering & Construction,-0.567413126243231,1027235.68886911,12,4,2022,2025,1.02723568886911
I100S20C126J2V1,INGENIERIA EN MINAS,IP INACAP,Engineering & Construction,-0.567314646263585,1950807.11577664,23,4,2022,2025,1.95080711577664
I100S37C168J1V1,"INGENIERIA EN TELECOMUNICACIONES, CONECTIVIDAD Y REDES",IP INACAP,Engineering & Construction,-0.566893641804141,1559647.7386782,31,3,2022,2024,1.5596477386782
I143S21C664J1V1,INGENIERIA EN ELECTRICIDAD Y ENERGIAS RENOVABLES,IP AIEP,Engineering & Construction,-0.566464171525626,1835105.47479039,19,4,2022,2025,1.83510547479039
I111S2C58J2V1,TECNICO EN MECANICA AUTOMOTRIZ Y AUTOTRONICA,IP DUOC UC,Engineering & Construction,-0.56602165876124,1086037.23242729,120,5,2021,2025,1.08603723242729
I430S16C326J1V1,TECNICO EN MECANICA Y ELECTROMOVILIDAD AUTOMOTRIZ,CFT INACAP,Engineering & Construction,-0.565389506275034,1129036.97836444,179,4,2022,2025,1.12903697836444
I143S0C26J1V1,TECNICO EN CONSTRUCCION,IP AIEP,Engineering & Construction,-0.565376313174912,1027235.68886911,12,3,2022,2024,1.02723568886911
I100S20C294J2V1,INGENIERIA ELECTRICA,IP INACAP,Engineering & Construction,-0.565292000339977,1835105.47479039,48,4,2022,2025,1.83510547479039
I430S1C34J1V1,TECNICO EN MANTENIMIENTO INDUSTRIAL,CFT INACAP,Engineering & Construction,-0.564841846776,1366060.46716617,38,4,2022,2025,1.36606046716617
I100S20C294J1V1,INGENIERIA ELECTRICA,IP INACAP,Engineering & Construction,-0.564348221383339,1835105.47479039,23,1,2025,2025,1.83510547479039
I430S3C326J2V1,TECNICO EN MECANICA Y ELECTROMOVILIDAD AUTOMOTRIZ,CFT INACAP,Engineering & Construction,-0.564068142919051,1129036.97836444,26,4,2022,2025,1.12903697836444
I111S26C58J1V1,TECNICO EN MECANICA AUTOMOTRIZ Y AUTOTRONICA,IP DUOC UC,Engineering & Construction,-0.563249449760299,1086037.23242729,38,4,2022,2025,1.08603723242729
I430S16C341J1V1,TECNICO EN MECATRONICA,CFT INACAP,Engineering & Construction,-0.562526770671007,1146410.2633274,15,4,2022,2025,1.1464102633274
I100S5C160J1V1,INGENIERIA EN MAQUINARIA PESADA Y VEHICULOS AUTOMOTRICES,IP INACAP,Engineering & Construction,-0.560638051490828,1252025.70600038,73,4,2022,2025,1.25202570600038
I116S39C145J2V1,INGENIERIA EN ELECTRICIDAD Y ELECTRONICA INDUSTRIAL,IP SANTO TOMAS,Engineering & Construction,-0.560410180686332,1835105.47479039,26,4,2022,2025,1.83510547479039
I111S2C363J1V1,INGENIERIA EN MAQUINARIA Y VEHICULOS PESADOS,IP DUOC UC,Engineering & Construction,-0.559797789486166,1252025.70600038,70,4,2022,2025,1.25202570600038
I143S8C26J1V1,TECNICO EN CONSTRUCCION,IP AIEP,Engineering & Construction,-0.557772152401806,1027235.68886911,11,4,2022,2025,1.02723568886911
I100S15C160J1V1,INGENIERIA EN MAQUINARIA PESADA Y VEHICULOS AUTOMOTRICES,IP INACAP,Engineering & Construction,-0.557389238129403,1252025.70600038,76,4,2022,2025,1.25202570600038
I430S29C333J1V1,TECNICO EN ENERGIAS RENOVABLES,CFT INACAP,Engineering & Construction,-0.557131263182461,1146410.2633274,41,4,2022,2025,1.1464102633274
I100S24C294J1V1,INGENIERIA ELECTRICA,IP INACAP,Engineering & Construction,-0.556279680979024,1835105.47479039,48,4,2022,2025,1.83510547479039
I111S7C64J1V1,TECNICO TOPOGRAFO,IP DUOC UC,Engineering & Construction,-0.556176288786151,1257780.43441788,28,4,2022,2025,1.25778043441788
I111S25C413J2V1,INGENIERIA EN ELECTRICIDAD Y AUTOMATIZACION INDUSTRIAL,IP DUOC UC,Engineering & Construction,-0.556058293165622,1835105.47479039,32,4,2022,2025,1.83510547479039
I111S15C363J1V1,INGENIERIA EN MAQUINARIA Y VEHICULOS PESADOS,IP DUOC UC,Engineering & Construction,-0.555861142459975,1252025.70600038,134,4,2022,2025,1.25202570600038
I100S41C294J1V1,INGENIERIA ELECTRICA,IP INACAP,Engineering & Construction,-0.55570449804113,1835105.47479039,32,5,2021,2025,1.83510547479039
I430S29C325J1V1,TECNICO EN AUTOMATIZACION Y ROBOTICA,CFT INACAP,Engineering & Construction,-0.555630794116453,1375647.42934966,60,4,2022,2025,1.37564742934966
I430S33C34J1V1,TECNICO EN MANTENIMIENTO INDUSTRIAL,CFT INACAP,Engineering & Construction,-0.554950944696287,1366060.46716617,24,4,2022,2025,1.36606046716617
I100S9C334J1V1,INGENIERIA EN TELECOMUNICACIONES Y SERVICIOS DIGITALES,IP INACAP,Engineering & Construction,-0.554807713022488,1559647.7386782,13,1,2025,2025,1.5596477386782
I456S1C50J1V1,ELECTROMECANICA,CFT CEDUC - UCN,Engineering & Construction,-0.554385347210401,1370191.07271576,34,4,2022,2025,1.37019107271576
I100S4C160J1V1,INGENIERIA EN MAQUINARIA PESADA Y VEHICULOS AUTOMOTRICES,IP INACAP,Engineering & Construction,-0.55415744273642,1252025.70600038,95,4,2022,2025,1.25202570600038
I111S12C417J1V1,TECNICO EN CALIDAD DE ALIMENTOS,IP DUOC UC,Engineering & Construction,-0.553988130664608,904203.298953529,14,4,2022,2025,0.904203298953529
I111S25C58J1V1,TECNICO EN MECANICA AUTOMOTRIZ Y AUTOTRONICA,IP DUOC UC,Engineering & Construction,-0.55364988579926,1086037.23242729,42,3,2022,2024,1.08603723242729
I100S42C176J1V1,CONSTRUCCION CIVIL,IP INACAP,Engineering & Construction,-0.553499147952548,1542853.16715766,30,4,2022,2025,1.54285316715766
I100S13C176J1V1,CONSTRUCCION CIVIL,IP INACAP,Engineering & Construction,-0.552733664169326,1542853.16715766,31,4,2022,2025,1.54285316715766
I100S9C21J1V1,INGENIERIA EN MANTENIMIENTO INDUSTRIAL,IP INACAP,Engineering & Construction,-0.552589530033473,1730964.00072679,34,4,2022,2025,1.73096400072679
I916S2C10J2V1,TECNICO DE NIVEL SUPERIOR EN CLIMATIZACION Y REFRIGERACION,CFT DE LA REGION DE LA ARAUCANIA,Engineering & Construction,-0.551946015490216,1056535.564911,12,3,2023,2025,1.056535564911
I430S10C326J1V1,TECNICO EN MECANICA Y ELECTROMOVILIDAD AUTOMOTRIZ,CFT INACAP,Engineering & Construction,-0.551782975309668,1129036.97836444,89,4,2022,2025,1.12903697836444
I100S41C21J1V1,INGENIERIA EN MANTENIMIENTO INDUSTRIAL,IP INACAP,Engineering & Construction,-0.551357904903619,1730964.00072679,26,4,2022,2025,1.73096400072679
I430S37C186J2V2,TECNICO EN ELECTRICIDAD INDUSTRIAL,CFT INACAP,Engineering & Construction,-0.550992790020545,1297234.25782503,11,4,2022,2025,1.29723425782503
I143S21C616J2V3,TECNICO EN ELECTRICIDAD Y ELECTRONICA,IP AIEP,Engineering & Construction,-0.550781588593583,1258623.63111319,19,4,2022,2025,1.25862363111319
I100S10C304J2V1,INGENIERIA EN MECANICA Y ELECTROMOVILIDAD AUTOMOTRIZ,IP INACAP,Engineering & Construction,-0.550434567754867,1252025.70600038,38,4,2022,2025,1.25202570600038
I143S21C26J2V2,TECNICO EN CONSTRUCCION,IP AIEP,Engineering & Construction,-0.549750223579453,1027235.68886911,10,4,2022,2025,1.02723568886911
I143S21C619J1V2,TECNICO EN MINERIA,IP AIEP,Engineering & Construction,-0.549612234276763,1450547.43911624,59,4,2022,2025,1.45054743911624
I22S1C2J1V1,ARQUITECTURA,UNIVERSIDAD DE VIÑA DEL MAR,Engineering & Construction,-0.549408377653691,1210693.22488389,11,1,2022,2022,1.21069322488389
I100S20C168J1V1,"INGENIERIA EN TELECOMUNICACIONES, CONECTIVIDAD Y REDES",IP INACAP,Engineering & Construction,-0.549365379251039,1559647.7386782,43,3,2022,2024,1.5596477386782
I116S6C60J2V1,CONSTRUCCION CIVIL,IP SANTO TOMAS,Engineering & Construction,-0.548897460728616,1542853.16715766,17,4,2022,2025,1.54285316715766
I111S24C419J1V1,TECNICO EN ELECTRICIDAD Y AUTOMATIZACION INDUSTRIAL,IP DUOC UC,Engineering & Construction,-0.548547781260286,1258623.63111319,109,4,2022,2025,1.25862363111319
I430S33C325J2V1,TECNICO EN AUTOMATIZACION Y ROBOTICA,CFT INACAP,Engineering & Construction,-0.5483050786338,1375647.42934966,11,4,2022,2025,1.37564742934966
I123S1C43J1V1,TECNICO EN MECANICA AUTOMOTRIZ Y AUTOTRONICA,IP DE CHILE,Engineering & Construction,-0.5481348460684,1086037.23242729,12,3,2022,2024,1.08603723242729
I100S33C21J1V1,INGENIERIA EN MANTENIMIENTO INDUSTRIAL,IP INACAP,Engineering & Construction,-0.547527000173353,1730964.00072679,32,4,2022,2025,1.73096400072679
I111S7C21J2V1,TECNICO EN CONSTRUCCION,IP DUOC UC,Engineering & Construction,-0.547479981765207,1027235.68886911,15,4,2022,2025,1.02723568886911
I456S1C28J1V1,OPERACION DE PLANTAS MINERAS,CFT CEDUC - UCN,Engineering & Construction,-0.54732815537642,1483855.56819128,35,4,2022,2025,1.48385556819128
I111S15C21J1V1,TECNICO EN CONSTRUCCION,IP DUOC UC,Engineering & Construction,-0.547142135528914,1027235.68886911,33,4,2022,2025,1.02723568886911
I143S9C51J1V1,INGENIERIA DE EJECUCION EN SONIDO,IP AIEP,Engineering & Construction,-0.54687642228154,1004965.78000294,18,3,2022,2024,1.00496578000294
I430S4C307J1V1,TECNICO EN MINERIA,CFT INACAP,Engineering & Construction,-0.546477681505689,1435987.25922656,25,4,2022,2025,1.43598725922656
I430S26C186J2V2,TECNICO EN ELECTRICIDAD INDUSTRIAL,CFT INACAP,Engineering & Construction,-0.54639123085957,1297234.25782503,23,4,2022,2025,1.29723425782503
I100S13C126J1V1,INGENIERIA EN MINAS,IP INACAP,Engineering & Construction,-0.545309507156343,1950807.11577664,131,4,2022,2025,1.95080711577664
I430S37C175J2V1,"TELECOMUNICACIONES, CONECTIVIDAD Y REDES",CFT INACAP,Engineering & Construction,-0.545178177734205,1078269.03747094,12,3,2022,2024,1.07826903747094
I100S35C21J1V1,INGENIERIA EN MANTENIMIENTO INDUSTRIAL,IP INACAP,Engineering & Construction,-0.545167240331814,1730964.00072679,15,4,2022,2025,1.73096400072679
I430S26C326J1V1,TECNICO EN MECANICA Y ELECTROMOVILIDAD AUTOMOTRIZ,CFT INACAP,Engineering & Construction,-0.544781866893988,1129036.97836444,238,4,2022,2025,1.12903697836444
I456S1C16J2V1,MECANICA DE EQUIPO PESADO,CFT CEDUC - UCN,Engineering & Construction,-0.543196757660768,1312314.7933936,22,4,2022,2025,1.3123147933936
I100S37C21J1V1,INGENIERIA EN MANTENIMIENTO INDUSTRIAL,IP INACAP,Engineering & Construction,-0.542425288371832,1730964.00072679,33,3,2023,2025,1.73096400072679
I111S23C22J1V1,INGENIERIA EN MECANICA AUTOMOTRIZ Y AUTOTRONICA,IP DUOC UC,Engineering & Construction,-0.542043244922019,1252025.70600038,88,4,2022,2025,1.25202570600038
I111S20C21J1V1,TECNICO EN CONSTRUCCION,IP DUOC UC,Engineering & Construction,-0.541526974475853,1027235.68886911,33,3,2022,2024,1.02723568886911
I916S1C2J1V1,TECNICO EN ELECTRICIDAD Y AUTOMATIZACION,CFT DE LA REGION DE LA ARAUCANIA,Engineering & Construction,-0.540666763571471,1258623.63111319,17,3,2023,2025,1.25862363111319
I430S29C186J1V2,TECNICO EN ELECTRICIDAD INDUSTRIAL,CFT INACAP,Engineering & Construction,-0.539601466120418,1297234.25782503,136,5,2021,2025,1.29723425782503
I430S21C34J2V1,TECNICO EN MANTENIMIENTO INDUSTRIAL,CFT INACAP,Engineering & Construction,-0.539102694049518,1366060.46716617,15,4,2022,2025,1.36606046716617
I100S33C176J1V1,CONSTRUCCION CIVIL,IP INACAP,Engineering & Construction,-0.538818818772441,1542853.16715766,39,4,2022,2025,1.54285316715766
I143S10C616J1V2,TECNICO EN ELECTRICIDAD Y ELECTRONICA,IP AIEP,Engineering & Construction,-0.538814222898808,1258623.63111319,13,2,2022,2023,1.25862363111319
I111S20C363J2V1,INGENIERIA EN MAQUINARIA Y VEHICULOS PESADOS,IP DUOC UC,Engineering & Construction,-0.538677309503363,1252025.70600038,29,4,2022,2025,1.25202570600038
I84S6C81J2V2,TECNICO UNIVERSITARIO EN CONSTRUCCION,UNIVERSIDAD DE LOS LAGOS,Engineering & Construction,-0.538616954171827,1020518.48737521,15,4,2022,2025,1.02051848737521
I100S20C126J1V1,INGENIERIA EN MINAS,IP INACAP,Engineering & Construction,-0.538188461423963,1950807.11577664,90,4,2022,2025,1.95080711577664
I100S15C21J1V1,INGENIERIA EN MANTENIMIENTO INDUSTRIAL,IP INACAP,Engineering & Construction,-0.538040190498785,1730964.00072679,28,4,2022,2025,1.73096400072679
I430S12C186J1V2,TECNICO EN ELECTRICIDAD INDUSTRIAL,CFT INACAP,Engineering & Construction,-0.53717117657086,1297234.25782503,41,4,2022,2025,1.29723425782503
I143S10C664J1V1,INGENIERIA EN ELECTRICIDAD Y ENERGIAS RENOVABLES,IP AIEP,Engineering & Construction,-0.536738416187849,1835105.47479039,10,2,2024,2025,1.83510547479039
I430S22C326J2V1,TECNICO EN MECANICA Y ELECTROMOVILIDAD AUTOMOTRIZ,CFT INACAP,Engineering & Construction,-0.536054997848908,1129036.97836444,39,4,2022,2025,1.12903697836444
I430S30C326J2V1,TECNICO EN MECANICA Y ELECTROMOVILIDAD AUTOMOTRIZ,CFT INACAP,Engineering & Construction,-0.535601828048597,1129036.97836444,24,4,2022,2025,1.12903697836444
I430S9C175J1V1,"TELECOMUNICACIONES, CONECTIVIDAD Y REDES",CFT INACAP,Engineering & Construction,-0.535244911508089,1078269.03747094,12,3,2021,2024,1.07826903747094
I100S24C21J1V1,INGENIERIA EN MANTENIMIENTO INDUSTRIAL,IP INACAP,Engineering & Construction,-0.534783592506807,1730964.00072679,60,4,2022,2025,1.73096400072679
I111S25C419J2V1,TECNICO EN ELECTRICIDAD Y AUTOMATIZACION INDUSTRIAL,IP DUOC UC,Engineering & Construction,-0.53376718563145,1258623.63111319,12,4,2021,2024,1.25862363111319
I902S1C15J1V2,TECNICO DE NIVEL SUPERIOR EN PROYECTOS ELECTRICOS DE DISTRIBUCION,CFT DE LA REGION DE ARICA Y PARINACOTA,Engineering & Construction,-0.53327931263584,1258623.63111319,22,4,2022,2025,1.25862363111319
I430S4C306J1V1,TECNICO EN METALURGIA EXTRACTIVA,CFT INACAP,Engineering & Construction,-0.532727593194551,1782981.2167,26,5,2021,2025,1.7829812167
I143S17C690J1V1,INGENIERIA EN MINAS,IP AIEP,Engineering & Construction,-0.532360293537498,1950807.11577664,84,4,2022,2025,1.95080711577664
I430S9C326J2V1,TECNICO EN MECANICA Y ELECTROMOVILIDAD AUTOMOTRIZ,CFT INACAP,Engineering & Construction,-0.531818875351467,1129036.97836444,18,4,2022,2025,1.12903697836444
I430S36C352J2V1,TECNICO EN CLIMATIZACION Y REFRIGERACION,CFT INACAP,Engineering & Construction,-0.531727311209669,1053396.92466887,32,3,2023,2025,1.05339692466887
I100S42C294J1V1,INGENIERIA ELECTRICA,IP INACAP,Engineering & Construction,-0.531596764752963,1835105.47479039,26,4,2022,2025,1.83510547479039
I88S3C65J1V3,TECNICO UNIVERSITARIO EN CONSTRUCCION,UNIVERSIDAD TECNICA FEDERICO SANTA MARIA,Engineering & Construction,-0.531403230797177,1237088.4108938,73,4,2022,2025,1.2370884108938
I100S20C176J1V1,CONSTRUCCION CIVIL,IP INACAP,Engineering & Construction,-0.531168218990725,1542853.16715766,41,4,2022,2025,1.54285316715766
I100S37C176J1V1,CONSTRUCCION CIVIL,IP INACAP,Engineering & Construction,-0.530621588547648,1542853.16715766,62,4,2022,2025,1.54285316715766
I111S23C413J2V1,INGENIERIA EN ELECTRICIDAD Y AUTOMATIZACION INDUSTRIAL,IP DUOC UC,Engineering & Construction,-0.529685081060392,1835105.47479039,24,5,2021,2025,1.83510547479039
I100S4C304J1V1,INGENIERIA EN MECANICA Y ELECTROMOVILIDAD AUTOMOTRIZ,IP INACAP,Engineering & Construction,-0.529295568825415,1252025.70600038,51,4,2022,2025,1.25202570600038
I100S23C310J1V1,INGENIERIA EN MANTENIMIENTO DE PLANTAS MINERAS,IP INACAP,Engineering & Construction,-0.529221975921726,1443832.59911894,39,4,2022,2025,1.44383259911894
I430S12C135J1V1,MECANICA AUTOMOTRIZ EN MAQUINARIA PESADA,CFT INACAP,Engineering & Construction,-0.52904477052673,1129036.97836444,14,2,2022,2023,1.12903697836444
I430S26C175J1V1,"TELECOMUNICACIONES, CONECTIVIDAD Y REDES",CFT INACAP,Engineering & Construction,-0.528834934535401,1078269.03747094,41,3,2022,2024,1.07826903747094
I430S33C326J1V1,TECNICO EN MECANICA Y ELECTROMOVILIDAD AUTOMOTRIZ,CFT INACAP,Engineering & Construction,-0.528601568580625,1129036.97836444,109,4,2022,2025,1.12903697836444
I430S26C326J2V1,TECNICO EN MECANICA Y ELECTROMOVILIDAD AUTOMOTRIZ,CFT INACAP,Engineering & Construction,-0.526813476378197,1129036.97836444,36,4,2022,2025,1.12903697836444
I430S39C175J1V1,"TELECOMUNICACIONES, CONECTIVIDAD Y REDES",CFT INACAP,Engineering & Construction,-0.525409569557668,1078269.03747094,13,3,2022,2024,1.07826903747094
I100S9C176J1V1,CONSTRUCCION CIVIL,IP INACAP,Engineering & Construction,-0.524852280433674,1542853.16715766,65,4,2022,2025,1.54285316715766
I116S2C145J1V1,INGENIERIA EN ELECTRICIDAD Y ELECTRONICA INDUSTRIAL,IP SANTO TOMAS,Engineering & Construction,-0.524487751417643,1835105.47479039,50,4,2022,2025,1.83510547479039
I79S1C146J2V1,TECNICO UNIVERSITARIO EN AUTOMATIZACION INDUSTRIAL,UNIVERSIDAD DE ATACAMA,Engineering & Construction,-0.5243415047971,1562467.55823756,18,4,2022,2025,1.56246755823756
I430S2C325J2V1,TECNICO EN AUTOMATIZACION Y ROBOTICA,CFT INACAP,Engineering & Construction,-0.524205245321772,1375647.42934966,17,4,2022,2025,1.37564742934966
I111S2C22J2V1,INGENIERIA EN MECANICA AUTOMOTRIZ Y AUTOTRONICA,IP DUOC UC,Engineering & Construction,-0.524134700183295,1252025.70600038,60,4,2022,2025,1.25202570600038
I143S15C664J1V1,INGENIERIA EN ELECTRICIDAD Y ENERGIAS RENOVABLES,IP AIEP,Engineering & Construction,-0.523900597047755,1835105.47479039,12,4,2022,2025,1.83510547479039
I100S32C304J1V1,INGENIERIA EN MECANICA Y ELECTROMOVILIDAD AUTOMOTRIZ,IP INACAP,Engineering & Construction,-0.523543599924633,1252025.70600038,259,4,2022,2025,1.25202570600038
I430S27C333J1V1,TECNICO EN ENERGIAS RENOVABLES,CFT INACAP,Engineering & Construction,-0.523211561171459,1146410.2633274,62,4,2022,2025,1.1464102633274
I116S10C145J2V1,INGENIERIA EN ELECTRICIDAD Y ELECTRONICA INDUSTRIAL,IP SANTO TOMAS,Engineering & Construction,-0.522703284076715,1835105.47479039,15,3,2023,2025,1.83510547479039
I456S1C62J1V1,MANTENIMIENTO INDUSTRIAL Y MECATRONICA,CFT CEDUC - UCN,Engineering & Construction,-0.522593133105642,1411597.78240811,11,2,2023,2025,1.41159778240811
I367S1C129J1V1,TECNICO EN REDES ELECTRICAS,CFT SAN AGUSTIN,Engineering & Construction,-0.52236781454364,1080898.83455453,24,4,2022,2025,1.08089883455453
I111S16C540J1V1,TECNICO EN ELECTRICIDAD Y ENERGIAS RENOVABLES,IP DUOC UC,Engineering & Construction,-0.522233983293298,1258623.63111319,12,4,2022,2025,1.25862363111319
I430S29C78J1V1,ELECTRICIDAD INDUSTRIAL MENCION INSTALACIONES ELECTRICAS,CFT INACAP,Engineering & Construction,-0.521974521122066,1297234.25782503,28,1,2022,2022,1.29723425782503
I430S9C186J1V2,TECNICO EN ELECTRICIDAD INDUSTRIAL,CFT INACAP,Engineering & Construction,-0.521223414636224,1297234.25782503,91,4,2022,2025,1.29723425782503
I93S4C217J1V1,TECNICO UNIVERSITARIO EN TOPOGRAFIA,UNIVERSIDAD CATOLICA DE LA SANTISIMA CONCEPCION,Engineering & Construction,-0.521001932797852,1210955.34236049,16,3,2022,2025,1.21095534236049
I100S16C304J2V1,INGENIERIA EN MECANICA Y ELECTROMOVILIDAD AUTOMOTRIZ,IP INACAP,Engineering & Construction,-0.520971507135258,1252025.70600038,45,4,2022,2025,1.25202570600038
I111S21C58J1V1,TECNICO EN MECANICA AUTOMOTRIZ Y AUTOTRONICA,IP DUOC UC,Engineering & Construction,-0.520754640870293,1086037.23242729,87,5,2021,2025,1.08603723242729
I430S21C326J1V1,TECNICO EN MECANICA Y ELECTROMOVILIDAD AUTOMOTRIZ,CFT INACAP,Engineering & Construction,-0.520491365017297,1129036.97836444,32,4,2022,2025,1.12903697836444
I917S1C4J1V1,TECNICO DE NIVEL SUPERIOR EN ELECTRICIDAD MENCION ENERGIAS RENOVABLES,CFT DE LA REGION DE LOS RIOS,Engineering & Construction,-0.520476239153446,1258623.63111319,10,4,2022,2025,1.25862363111319
I100S15C167J1V1,INGENIERIA EN METALURGIA,IP INACAP,Engineering & Construction,-0.519408000942811,1758015.33075938,81,4,2022,2025,1.75801533075938
I430S25C326J2V1,TECNICO EN MECANICA Y ELECTROMOVILIDAD AUTOMOTRIZ,CFT INACAP,Engineering & Construction,-0.519392310962052,1129036.97836444,19,4,2022,2025,1.12903697836444
I430S16C149J1V1,TECNICO EN CONSTRUCCION,CFT INACAP,Engineering & Construction,-0.519234686675612,1088017.67293263,55,4,2022,2025,1.08801767293263
I79S1C145J2V1,TECNICO UNIVERSITARIO EN ELECTRICIDAD,UNIVERSIDAD DE ATACAMA,Engineering & Construction,-0.518438883413757,1473405.46715825,29,4,2022,2025,1.47340546715825
I111S15C104J1V2,INGENIERIA EN CONSTRUCCION,IP DUOC UC,Engineering & Construction,-0.51832920701415,1517858.59494789,128,4,2022,2025,1.51785859494789
I430S12C333J1V1,TECNICO EN ENERGIAS RENOVABLES,CFT INACAP,Engineering & Construction,-0.517765788444188,1146410.2633274,22,4,2022,2025,1.1464102633274
I111S21C419J2V1,TECNICO EN ELECTRICIDAD Y AUTOMATIZACION INDUSTRIAL,IP DUOC UC,Engineering & Construction,-0.516607443775785,1258623.63111319,13,4,2022,2025,1.25862363111319
I100S37C294J1V1,INGENIERIA ELECTRICA,IP INACAP,Engineering & Construction,-0.516522608358874,1835105.47479039,44,3,2023,2025,1.83510547479039
I367S3C150J1V1,TECNICO EN AUTOMATIZACION Y CONTROL INDUSTRIAL,CFT SAN AGUSTIN,Engineering & Construction,-0.516097233862108,1146235.30343318,12,4,2022,2025,1.14623530343318
I143S21C616J1V2,TECNICO EN ELECTRICIDAD Y ELECTRONICA,IP AIEP,Engineering & Construction,-0.515316291015377,1258623.63111319,50,4,2022,2025,1.25862363111319
I93S2C183J1V2,TECNICO UNIVERSITARIO EN REFRIGERACION Y CLIMATIZACION INDUSTRIAL,UNIVERSIDAD CATOLICA DE LA SANTISIMA CONCEPCION,Engineering & Construction,-0.515018412026015,972747.774452201,17,4,2022,2025,0.972747774452201
I111S7C104J1V2,INGENIERIA EN CONSTRUCCION,IP DUOC UC,Engineering & Construction,-0.514302661701765,1517858.59494789,223,5,2021,2025,1.51785859494789
I143S9C378J1V1,INGENIERIA EN MECANICA AUTOMOTRIZ Y AUTOTRONICA,IP AIEP,Engineering & Construction,-0.513730324875661,1252025.70600038,25,4,2022,2025,1.25202570600038
I260S11C78J2V1,TECNICO EN CONSTRUCCIONES CIVILES,CFT SANTO TOMAS,Engineering & Construction,-0.513632463578541,1018875.71488599,14,4,2022,2025,1.01887571488599
I111S3C21J1V1,TECNICO EN CONSTRUCCION,IP DUOC UC,Engineering & Construction,-0.513159443669994,1027235.68886911,12,2,2022,2023,1.02723568886911
I111S15C489J1V1,TECNICO EN ENERGIAS RENOVABLES,IP DUOC UC,Engineering & Construction,-0.51315804697165,1443832.59911894,31,3,2022,2024,1.44383259911894
I100S31C304J2V1,INGENIERIA EN MECANICA Y ELECTROMOVILIDAD AUTOMOTRIZ,IP INACAP,Engineering & Construction,-0.512420099079682,1252025.70600038,28,4,2022,2025,1.25202570600038
I111S2C21J1V1,TECNICO EN CONSTRUCCION,IP DUOC UC,Engineering & Construction,-0.512014372170932,1027235.68886911,65,4,2022,2025,1.02723568886911
I143S5C616J2V1,TECNICO EN ELECTRICIDAD Y ELECTRONICA,IP AIEP,Engineering & Construction,-0.511318325071781,1258623.63111319,21,4,2022,2025,1.25862363111319
I84S1C81J1V2,TECNICO UNIVERSITARIO EN CONSTRUCCION,UNIVERSIDAD DE LOS LAGOS,Engineering & Construction,-0.510994755654407,1020518.48737521,24,4,2022,2025,1.02051848737521
I100S31C21J2V1,INGENIERIA EN MANTENIMIENTO INDUSTRIAL,IP INACAP,Engineering & Construction,-0.510308785462246,1730964.00072679,10,2,2024,2025,1.73096400072679
I430S10C325J2V1,TECNICO EN AUTOMATIZACION Y ROBOTICA,CFT INACAP,Engineering & Construction,-0.509005914316666,1375647.42934966,14,4,2022,2025,1.37564742934966
I430S21C175J2V1,"TELECOMUNICACIONES, CONECTIVIDAD Y REDES",CFT INACAP,Engineering & Construction,-0.508163269186556,1078269.03747094,14,3,2022,2024,1.07826903747094
I111S7C471J1V1,DIBUJO Y MODELAMIENTO ARQUITECTONICO Y ESTRUCTURAL,IP DUOC UC,Engineering & Construction,-0.507983709946393,955913.130157589,84,4,2022,2025,0.955913130157589
I430S36C326J2V1,TECNICO EN MECANICA Y ELECTROMOVILIDAD AUTOMOTRIZ,CFT INACAP,Engineering & Construction,-0.507212472845233,1129036.97836444,18,5,2021,2025,1.12903697836444
I430S5C341J1V1,TECNICO EN MECATRONICA,CFT INACAP,Engineering & Construction,-0.506969678437158,1146410.2633274,17,4,2022,2025,1.1464102633274
I430S4C135J1V1,MECANICA AUTOMOTRIZ EN MAQUINARIA PESADA,CFT INACAP,Engineering & Construction,-0.506961395896154,1129036.97836444,43,4,2022,2025,1.12903697836444
I430S26C78J1V1,ELECTRICIDAD INDUSTRIAL MENCION INSTALACIONES ELECTRICAS,CFT INACAP,Engineering & Construction,-0.506739250364627,1297234.25782503,16,1,2022,2022,1.29723425782503
I629S6C0J2V1,TECNICO DE NIVEL SUPERIOR EN CONSTRUCCION,CFT PUCV,Engineering & Construction,-0.506131344293399,1045509.60463716,13,4,2022,2025,1.04550960463716
I123S3C44J1V1,TECNICO EN ELECTRICIDAD Y ELECTRONICA,IP DE CHILE,Engineering & Construction,-0.506062745378501,1258623.63111319,35,4,2022,2025,1.25862363111319
I100S24C304J1V1,INGENIERIA EN MECANICA Y ELECTROMOVILIDAD AUTOMOTRIZ,IP INACAP,Engineering & Construction,-0.506038822548549,1252025.70600038,118,4,2022,2025,1.25202570600038
I93S5C217J1V1,TECNICO UNIVERSITARIO EN TOPOGRAFIA,UNIVERSIDAD CATOLICA DE LA SANTISIMA CONCEPCION,Engineering & Construction,-0.505763422407694,1210955.34236049,14,4,2022,2025,1.21095534236049
I100S15C304J1V1,INGENIERIA EN MECANICA Y ELECTROMOVILIDAD AUTOMOTRIZ,IP INACAP,Engineering & Construction,-0.504238834391149,1252025.70600038,54,4,2022,2025,1.25202570600038
I143S26C619J1V2,TECNICO EN MINERIA,IP AIEP,Engineering & Construction,-0.504139781808527,1450547.43911624,12,2,2022,2023,1.45054743911624
I84S2C423J1V2,TECNICO UNIVERSITARIO EN GESTION Y DESARROLLO DE PRODUCTOS ALIMENTARIOS,UNIVERSIDAD DE LOS LAGOS,Engineering & Construction,-0.501610216329358,897801.115635897,19,3,2022,2024,0.897801115635897
I111S3C419J1V1,TECNICO EN ELECTRICIDAD Y AUTOMATIZACION INDUSTRIAL,IP DUOC UC,Engineering & Construction,-0.501354046341663,1258623.63111319,46,5,2021,2025,1.25862363111319
I430S12C326J1V1,TECNICO EN MECANICA Y ELECTROMOVILIDAD AUTOMOTRIZ,CFT INACAP,Engineering & Construction,-0.501071251535397,1129036.97836444,102,4,2022,2025,1.12903697836444
I143S5C664J2V1,INGENIERIA EN ELECTRICIDAD Y ENERGIAS RENOVABLES,IP AIEP,Engineering & Construction,-0.500925189653187,1835105.47479039,14,4,2022,2025,1.83510547479039
I111S2C419J1V1,TECNICO EN ELECTRICIDAD Y AUTOMATIZACION INDUSTRIAL,IP DUOC UC,Engineering & Construction,-0.499908270813094,1258623.63111319,99,5,2021,2025,1.25862363111319
I430S25C186J1V2,TECNICO EN ELECTRICIDAD INDUSTRIAL,CFT INACAP,Engineering & Construction,-0.499248579215445,1297234.25782503,54,4,2022,2025,1.29723425782503
I430S28C186J2V2,TECNICO EN ELECTRICIDAD INDUSTRIAL,CFT INACAP,Engineering & Construction,-0.499206749100225,1297234.25782503,33,4,2022,2025,1.29723425782503
I111S24C472J1V1,TECNICO EN MANTENIMIENTO ELECTROMECANICO,IP DUOC UC,Engineering & Construction,-0.498796194204636,1257780.43441788,20,3,2022,2024,1.25778043441788
I430S21C333J1V1,TECNICO EN ENERGIAS RENOVABLES,CFT INACAP,Engineering & Construction,-0.497950773233339,1146410.2633274,25,4,2021,2025,1.1464102633274
I100S33C304J2V1,INGENIERIA EN MECANICA Y ELECTROMOVILIDAD AUTOMOTRIZ,IP INACAP,Engineering & Construction,-0.497559155116595,1252025.70600038,32,4,2022,2025,1.25202570600038
I111S20C22J1V1,INGENIERIA EN MECANICA AUTOMOTRIZ Y AUTOTRONICA,IP DUOC UC,Engineering & Construction,-0.496680472081733,1252025.70600038,215,4,2022,2025,1.25202570600038
I100S15C176J2V1,CONSTRUCCION CIVIL,IP INACAP,Engineering & Construction,-0.496572229696281,1542853.16715766,15,4,2022,2025,1.54285316715766
I430S36C34J2V1,TECNICO EN MANTENIMIENTO INDUSTRIAL,CFT INACAP,Engineering & Construction,-0.496276900184574,1366060.46716617,12,4,2022,2025,1.36606046716617
I116S8C60J2V1,CONSTRUCCION CIVIL,IP SANTO TOMAS,Engineering & Construction,-0.494978690061151,1542853.16715766,23,5,2021,2025,1.54285316715766
I100S9C294J2V1,INGENIERIA ELECTRICA,IP INACAP,Engineering & Construction,-0.494700977627007,1835105.47479039,12,3,2023,2025,1.83510547479039
I456S6C38J1V1,ELECTRICIDAD Y EFICIENCIA ENERGETICA,CFT CEDUC - UCN,Engineering & Construction,-0.494646010545481,1340477.26701903,17,3,2023,2025,1.34047726701903
I143S21C707J1V1,INGENIERIA INDUSTRIAL,IP AIEP,Engineering & Construction,-0.49429812111916,1730964.00072679,33,4,2022,2025,1.73096400072679
I430S1C325J1V1,TECNICO EN AUTOMATIZACION Y ROBOTICA,CFT INACAP,Engineering & Construction,-0.492589168337926,1375647.42934966,35,4,2022,2025,1.37564742934966
I100S32C294J1V1,INGENIERIA ELECTRICA,IP INACAP,Engineering & Construction,-0.491777632896059,1835105.47479039,127,4,2022,2025,1.83510547479039
I111S20C380J2V1,TECNICO EN MAQUINARIA Y VEHICULOS PESADOS,IP DUOC UC,Engineering & Construction,-0.49133133279328,1337193.29590952,12,4,2022,2025,1.33719329590952
I123S3C28J2V1,INGENIERIA EN ELECTRICIDAD Y ELECTRONICA,IP DE CHILE,Engineering & Construction,-0.488985532160661,1835105.47479039,26,4,2022,2025,1.83510547479039
I111S15C419J2V1,TECNICO EN ELECTRICIDAD Y AUTOMATIZACION INDUSTRIAL,IP DUOC UC,Engineering & Construction,-0.488843389683836,1258623.63111319,36,4,2022,2025,1.25862363111319
I111S2C413J1V1,INGENIERIA EN ELECTRICIDAD Y AUTOMATIZACION INDUSTRIAL,IP DUOC UC,Engineering & Construction,-0.488725165636528,1835105.47479039,154,4,2022,2025,1.83510547479039
I100S13C304J1V1,INGENIERIA EN MECANICA Y ELECTROMOVILIDAD AUTOMOTRIZ,IP INACAP,Engineering & Construction,-0.488377263917813,1252025.70600038,136,4,2022,2025,1.25202570600038
I430S3C186J2V2,TECNICO EN ELECTRICIDAD INDUSTRIAL,CFT INACAP,Engineering & Construction,-0.488343854524341,1297234.25782503,19,3,2023,2025,1.29723425782503
I123S2C34J1V1,TECNICO EN SONIDO,IP DE CHILE,Engineering & Construction,-0.487169818738193,754668.260650727,34,5,2021,2025,0.754668260650727
I111S16C363J1V1,INGENIERIA EN MAQUINARIA Y VEHICULOS PESADOS,IP DUOC UC,Engineering & Construction,-0.486945397261713,1252025.70600038,139,5,2021,2025,1.25202570600038
I100S38C21J1V1,INGENIERIA EN MANTENIMIENTO INDUSTRIAL,IP INACAP,Engineering & Construction,-0.486880932907578,1730964.00072679,29,4,2022,2025,1.73096400072679
I100S40C304J2V1,INGENIERIA EN MECANICA Y ELECTROMOVILIDAD AUTOMOTRIZ,IP INACAP,Engineering & Construction,-0.486781480730485,1252025.70600038,36,4,2022,2025,1.25202570600038
I111S20C505J1V1,ADMINISTRACION DE REDES Y TELECOMUNICACIONES,IP DUOC UC,Engineering & Construction,-0.486661601383328,1051733.10566233,26,3,2022,2024,1.05173310566233
I111S20C104J2V2,INGENIERIA EN CONSTRUCCION,IP DUOC UC,Engineering & Construction,-0.486551960412032,1517858.59494789,30,4,2022,2025,1.51785859494789
I123S1C50J1V1,INGENIERIA EN MECANICA AUTOMOTRIZ Y AUTOTRONICA,IP DE CHILE,Engineering & Construction,-0.486358205164914,1252025.70600038,67,4,2022,2025,1.25202570600038
I46S11C661J2V1,TECNICO DE NIVEL SUPERIOR EN MINERIA Y METALURGIA,UNIVERSIDAD DE ACONCAGUA,Engineering & Construction,-0.485875601671537,1460808.67244599,13,4,2022,2025,1.46080867244599
I430S22C186J1V2,TECNICO EN ELECTRICIDAD INDUSTRIAL,CFT INACAP,Engineering & Construction,-0.485003656465159,1297234.25782503,87,4,2022,2025,1.29723425782503
I430S12C326J2V1,TECNICO EN MECANICA Y ELECTROMOVILIDAD AUTOMOTRIZ,CFT INACAP,Engineering & Construction,-0.484594503723068,1129036.97836444,48,4,2022,2025,1.12903697836444
I430S36C151J2V1,CLIMATIZACION,CFT INACAP,Engineering & Construction,-0.484553543054483,1053396.92466887,12,2,2022,2023,1.05339692466887
I430S25C34J1V1,TECNICO EN MANTENIMIENTO INDUSTRIAL,CFT INACAP,Engineering & Construction,-0.484324070427201,1366060.46716617,18,4,2022,2025,1.36606046716617
I143S26C43J1V2,TECNICO EN SONIDO,IP AIEP,Engineering & Construction,-0.484221818252443,754668.260650727,24,4,2022,2025,0.754668260650727
I430S15C149J1V1,TECNICO EN CONSTRUCCION,CFT INACAP,Engineering & Construction,-0.483566203273296,1088017.67293263,21,4,2022,2025,1.08801767293263
I100S35C301J1V1,INGENIERIA EN AUTOMATIZACION Y ROBOTICA,IP INACAP,Engineering & Construction,-0.48329877988036,2006780.70125708,22,4,2022,2025,2.00678070125708
I22S1C2J1V2,ARQUITECTURA,UNIVERSIDAD DE VIÑA DEL MAR,Engineering & Construction,-0.483089633551017,1210693.22488389,44,4,2022,2025,1.21069322488389
I100S23C21J1V1,INGENIERIA EN MANTENIMIENTO INDUSTRIAL,IP INACAP,Engineering & Construction,-0.482797531545015,1730964.00072679,73,4,2022,2025,1.73096400072679
I111S3C471J1V1,DIBUJO Y MODELAMIENTO ARQUITECTONICO Y ESTRUCTURAL,IP DUOC UC,Engineering & Construction,-0.482683886272645,955913.130157589,26,4,2022,2025,0.955913130157589
I111S2C423J1V1,TECNICO EN INSTALACIONES Y PROYECTOS ELECTRICOS,IP DUOC UC,Engineering & Construction,-0.482219674122002,1258623.63111319,15,2,2022,2023,1.25862363111319
I430S36C34J1V1,TECNICO EN MANTENIMIENTO INDUSTRIAL,CFT INACAP,Engineering & Construction,-0.482097152957367,1366060.46716617,32,4,2022,2025,1.36606046716617
I84S6C81J1V2,TECNICO UNIVERSITARIO EN CONSTRUCCION,UNIVERSIDAD DE LOS LAGOS,Engineering & Construction,-0.481033033189332,1020518.48737521,29,3,2022,2024,1.02051848737521
I116S17C22J1V1,TECNICO EN SONIDO,IP SANTO TOMAS,Engineering & Construction,-0.480965173271189,754668.260650727,67,4,2022,2025,0.754668260650727
I100S20C304J1V1,INGENIERIA EN MECANICA Y ELECTROMOVILIDAD AUTOMOTRIZ,IP INACAP,Engineering & Construction,-0.480019095712021,1252025.70600038,183,4,2022,2025,1.25202570600038
I430S12C307J1V1,TECNICO EN MINERIA,CFT INACAP,Engineering & Construction,-0.479969598308136,1435987.25922656,101,4,2022,2025,1.43598725922656
I430S27C343J1V1,TECNICO EN TOPOGRAFIA Y GEOMATICA,CFT INACAP,Engineering & Construction,-0.478698072894373,1311353.94709306,30,4,2022,2025,1.31135394709306
I111S15C22J2V1,INGENIERIA EN MECANICA AUTOMOTRIZ Y AUTOTRONICA,IP DUOC UC,Engineering & Construction,-0.478668146609578,1252025.70600038,106,4,2022,2025,1.25202570600038
I111S16C58J1V1,TECNICO EN MECANICA AUTOMOTRIZ Y AUTOTRONICA,IP DUOC UC,Engineering & Construction,-0.478628516702848,1086037.23242729,206,4,2022,2025,1.08603723242729
I430S36C352J1V1,TECNICO EN CLIMATIZACION Y REFRIGERACION,CFT INACAP,Engineering & Construction,-0.478109813069119,1053396.92466887,46,4,2022,2025,1.05339692466887
I430S16C34J1V1,TECNICO EN MANTENIMIENTO INDUSTRIAL,CFT INACAP,Engineering & Construction,-0.477842227027112,1366060.46716617,75,4,2022,2025,1.36606046716617
I430S26C135J2V1,MECANICA AUTOMOTRIZ EN MAQUINARIA PESADA,CFT INACAP,Engineering & Construction,-0.477620352239892,1129036.97836444,20,4,2022,2025,1.12903697836444
I430S36C186J2V2,TECNICO EN ELECTRICIDAD INDUSTRIAL,CFT INACAP,Engineering & Construction,-0.477391636371365,1297234.25782503,19,4,2022,2025,1.29723425782503
I78S7C104J1V2,TECNICO SUPERIOR EN VINIFICACION Y ENOLOGIA,UNIVERSIDAD DE TALCA,Engineering & Construction,-0.476957406205714,1681686.19506456,14,4,2022,2025,1.68168619506456
I100S37C304J1V1,INGENIERIA EN MECANICA Y ELECTROMOVILIDAD AUTOMOTRIZ,IP INACAP,Engineering & Construction,-0.476818113688166,1252025.70600038,143,4,2022,2025,1.25202570600038
I100S29C304J2V1,INGENIERIA EN MECANICA Y ELECTROMOVILIDAD AUTOMOTRIZ,IP INACAP,Engineering & Construction,-0.476498046812478,1252025.70600038,42,4,2022,2025,1.25202570600038
I93S5C65J1V2,TECNICO UNIVERSITARIO EN CONSTRUCCION,UNIVERSIDAD CATOLICA DE LA SANTISIMA CONCEPCION,Engineering & Construction,-0.475947795921153,1004717.92267911,18,4,2022,2025,1.00471792267911
I111S16C533J1V1,INGENIERIA EN MANTENIMIENTO INDUSTRIAL,IP DUOC UC,Engineering & Construction,-0.475685578373646,1730964.00072679,27,3,2023,2025,1.73096400072679
I111S3C22J2V1,INGENIERIA EN MECANICA AUTOMOTRIZ Y AUTOTRONICA,IP DUOC UC,Engineering & Construction,-0.475190402158034,1252025.70600038,60,4,2022,2025,1.25202570600038
I143S9C690J1V1,INGENIERIA EN MINAS,IP AIEP,Engineering & Construction,-0.474824558418945,1950807.11577664,82,4,2022,2025,1.95080711577664
I100S40C304J1V1,INGENIERIA EN MECANICA Y ELECTROMOVILIDAD AUTOMOTRIZ,IP INACAP,Engineering & Construction,-0.4737731752318,1252025.70600038,101,4,2022,2025,1.25202570600038
I100S31C168J1V1,"INGENIERIA EN TELECOMUNICACIONES, CONECTIVIDAD Y REDES",IP INACAP,Engineering & Construction,-0.473551458788691,1559647.7386782,34,4,2021,2024,1.5596477386782
I430S3C135J2V1,MECANICA AUTOMOTRIZ EN MAQUINARIA PESADA,CFT INACAP,Engineering & Construction,-0.473395874613896,1129036.97836444,11,4,2022,2025,1.12903697836444
I116S25C60J2V1,CONSTRUCCION CIVIL,IP SANTO TOMAS,Engineering & Construction,-0.47307363508936,1542853.16715766,24,4,2022,2025,1.54285316715766
I100S20C160J1V1,INGENIERIA EN MAQUINARIA PESADA Y VEHICULOS AUTOMOTRICES,IP INACAP,Engineering & Construction,-0.473045630332951,1252025.70600038,129,5,2021,2025,1.25202570600038
I100S29C294J1V1,INGENIERIA ELECTRICA,IP INACAP,Engineering & Construction,-0.472121022006598,1835105.47479039,74,4,2022,2025,1.83510547479039
I430S10C175J1V1,"TELECOMUNICACIONES, CONECTIVIDAD Y REDES",CFT INACAP,Engineering & Construction,-0.471526904138332,1078269.03747094,14,3,2022,2024,1.07826903747094
I111S28C419J2V1,TECNICO EN ELECTRICIDAD Y AUTOMATIZACION INDUSTRIAL,IP DUOC UC,Engineering & Construction,-0.470899754545921,1258623.63111319,15,4,2022,2025,1.25862363111319
I430S28C34J1V1,TECNICO EN MANTENIMIENTO INDUSTRIAL,CFT INACAP,Engineering & Construction,-0.470789496840104,1366060.46716617,44,4,2022,2025,1.36606046716617
I13S16C42J1V1,INGENIERIA CIVIL INDUSTRIAL,UNIVERSIDAD SANTO TOMAS,Engineering & Construction,-0.46937951761535,2009332.70190791,51,4,2022,2025,2.00933270190791
I430S37C325J1V1,TECNICO EN AUTOMATIZACION Y ROBOTICA,CFT INACAP,Engineering & Construction,-0.469293079140416,1375647.42934966,20,3,2022,2024,1.37564742934966
I111S2C22J1V1,INGENIERIA EN MECANICA AUTOMOTRIZ Y AUTOTRONICA,IP DUOC UC,Engineering & Construction,-0.469156599486252,1252025.70600038,334,5,2021,2025,1.25202570600038
I430S23C34J1V1,TECNICO EN MANTENIMIENTO INDUSTRIAL,CFT INACAP,Engineering & Construction,-0.468648479857442,1366060.46716617,34,4,2022,2025,1.36606046716617
I111S12C104J1V2,INGENIERIA EN CONSTRUCCION,IP DUOC UC,Engineering & Construction,-0.467443882000856,1517858.59494789,170,4,2022,2025,1.51785859494789
I430S39C186J2V2,TECNICO EN ELECTRICIDAD INDUSTRIAL,CFT INACAP,Engineering & Construction,-0.464887510713625,1297234.25782503,19,4,2022,2025,1.29723425782503
I430S26C186J1V2,TECNICO EN ELECTRICIDAD INDUSTRIAL,CFT INACAP,Engineering & Construction,-0.464451161852506,1297234.25782503,118,4,2022,2025,1.29723425782503
I111S7C104J2V2,INGENIERIA EN CONSTRUCCION,IP DUOC UC,Engineering & Construction,-0.464105851713591,1517858.59494789,48,4,2022,2025,1.51785859494789
I88S3C67J1V3,TECNICO UNIVERSITARIO EN ELECTRICIDAD,UNIVERSIDAD TECNICA FEDERICO SANTA MARIA,Engineering & Construction,-0.463721088913171,1474970.03632691,107,4,2022,2025,1.47497003632691
I430S26C343J1V1,TECNICO EN TOPOGRAFIA Y GEOMATICA,CFT INACAP,Engineering & Construction,-0.463312152556935,1311353.94709306,20,4,2022,2025,1.31135394709306
I143S17C23J1V1,CONSTRUCCION CIVIL,IP AIEP,Engineering & Construction,-0.463102863281389,1542853.16715766,18,5,2021,2025,1.54285316715766
I100S23C304J1V1,INGENIERIA EN MECANICA Y ELECTROMOVILIDAD AUTOMOTRIZ,IP INACAP,Engineering & Construction,-0.462862405268431,1252025.70600038,169,4,2022,2025,1.25202570600038
I430S14C363J1V1,PRODUCCION DE MODA Y TECNOLOGIA,CFT INACAP,Engineering & Construction,-0.462453761408558,1053396.92466887,29,4,2022,2025,1.05339692466887
I430S20C149J1V1,TECNICO EN CONSTRUCCION,CFT INACAP,Engineering & Construction,-0.462400855489733,1088017.67293263,44,5,2021,2025,1.08801767293263
I100S23C176J2V1,CONSTRUCCION CIVIL,IP INACAP,Engineering & Construction,-0.461198999435599,1542853.16715766,12,4,2022,2025,1.54285316715766
I93S3C65J1V2,TECNICO UNIVERSITARIO EN CONSTRUCCION,UNIVERSIDAD CATOLICA DE LA SANTISIMA CONCEPCION,Engineering & Construction,-0.461102513271275,1004717.92267911,28,4,2022,2025,1.00471792267911
I111S12C22J2V1,INGENIERIA EN MECANICA AUTOMOTRIZ Y AUTOTRONICA,IP DUOC UC,Engineering & Construction,-0.460910885518414,1252025.70600038,79,4,2022,2025,1.25202570600038
I139S1C74J2V1,TECNICO EN ELECTRICIDAD,IP DR. VIRGINIO GOMEZ G.,Engineering & Construction,-0.460541052891213,1258623.63111319,13,4,2022,2025,1.25862363111319
I111S21C22J2V1,INGENIERIA EN MECANICA AUTOMOTRIZ Y AUTOTRONICA,IP DUOC UC,Engineering & Construction,-0.460427639801625,1252025.70600038,91,4,2022,2025,1.25202570600038
I100S9C304J1V1,INGENIERIA EN MECANICA Y ELECTROMOVILIDAD AUTOMOTRIZ,IP INACAP,Engineering & Construction,-0.459658171631528,1252025.70600038,92,5,2021,2025,1.25202570600038
I116S10C145J1V1,INGENIERIA EN ELECTRICIDAD Y ELECTRONICA INDUSTRIAL,IP SANTO TOMAS,Engineering & Construction,-0.458943263505774,1835105.47479039,12,3,2022,2025,1.83510547479039
I111S16C363J2V1,INGENIERIA EN MAQUINARIA Y VEHICULOS PESADOS,IP DUOC UC,Engineering & Construction,-0.457946388832394,1252025.70600038,39,5,2021,2025,1.25202570600038
I430S37C341J2V1,TECNICO EN MECATRONICA,CFT INACAP,Engineering & Construction,-0.457633162808142,1146410.2633274,10,3,2023,2025,1.1464102633274
I100S5C126J1V1,INGENIERIA EN MINAS,IP INACAP,Engineering & Construction,-0.457544637611076,1950807.11577664,49,4,2022,2025,1.95080711577664
I111S12C22J1V1,INGENIERIA EN MECANICA AUTOMOTRIZ Y AUTOTRONICA,IP DUOC UC,Engineering & Construction,-0.457470350586975,1252025.70600038,291,4,2022,2025,1.25202570600038
I218S1C153J1V2,TECNICO EN ELECTRICIDAD INDUSTRIAL,CFT DE ENAC,Engineering & Construction,-0.457070633393299,1240158.02836927,29,4,2022,2025,1.24015802836927
I111S3C413J1V1,INGENIERIA EN ELECTRICIDAD Y AUTOMATIZACION INDUSTRIAL,IP DUOC UC,Engineering & Construction,-0.45660612883159,1835105.47479039,65,4,2022,2025,1.83510547479039
I430S36C78J1V1,ELECTRICIDAD INDUSTRIAL MENCION INSTALACIONES ELECTRICAS,CFT INACAP,Engineering & Construction,-0.455754050150695,1297234.25782503,10,1,2022,2022,1.29723425782503
I100S31C304J1V1,INGENIERIA EN MECANICA Y ELECTROMOVILIDAD AUTOMOTRIZ,IP INACAP,Engineering & Construction,-0.454888275704657,1252025.70600038,225,5,2021,2025,1.25202570600038
I430S21C186J1V2,TECNICO EN ELECTRICIDAD INDUSTRIAL,CFT INACAP,Engineering & Construction,-0.454384490607654,1297234.25782503,19,4,2022,2025,1.29723425782503
I139S3C74J1V1,TECNICO EN ELECTRICIDAD,IP DR. VIRGINIO GOMEZ G.,Engineering & Construction,-0.454025833337032,1258623.63111319,25,4,2022,2025,1.25862363111319
I430S1C186J1V2,TECNICO EN ELECTRICIDAD INDUSTRIAL,CFT INACAP,Engineering & Construction,-0.453843517310524,1297234.25782503,35,4,2022,2025,1.29723425782503
I430S20C186J1V2,TECNICO EN ELECTRICIDAD INDUSTRIAL,CFT INACAP,Engineering & Construction,-0.453454511224431,1297234.25782503,59,4,2022,2025,1.29723425782503
I430S1C34J2V1,TECNICO EN MANTENIMIENTO INDUSTRIAL,CFT INACAP,Engineering & Construction,-0.453077489554995,1366060.46716617,32,4,2022,2025,1.36606046716617
I123S5C50J2V1,INGENIERIA EN MECANICA AUTOMOTRIZ Y AUTOTRONICA,IP DE CHILE,Engineering & Construction,-0.453055003515311,1252025.70600038,17,4,2022,2025,1.25202570600038
I367S3C150J2V1,TECNICO EN AUTOMATIZACION Y CONTROL INDUSTRIAL,CFT SAN AGUSTIN,Engineering & Construction,-0.45305445545605,1146235.30343318,13,4,2022,2025,1.14623530343318
I143S9C707J1V1,INGENIERIA INDUSTRIAL,IP AIEP,Engineering & Construction,-0.452691520350893,1730964.00072679,15,4,2022,2025,1.73096400072679
I143S8C376J1V1,TECNICO EN MECANICA AUTOMOTRIZ Y AUTOTRONICA,IP AIEP,Engineering & Construction,-0.452157017691514,1086037.23242729,23,4,2022,2025,1.08603723242729
I143S15C24J1V1,TECNICO EN DIBUJO DE ARQUITECTURA Y OBRAS CIVILES,IP AIEP,Engineering & Construction,-0.451632795851517,955913.130157589,21,4,2022,2025,0.955913130157589
I143S2C43J1V1,TECNICO EN SONIDO,IP AIEP,Engineering & Construction,-0.451621430800135,754668.260650727,14,4,2022,2025,0.754668260650727
I85S4C525J1V1,INGENIERIA EN ALIMENTOS,UNIVERSIDAD TECNOLOGICA METROPOLITANA,Engineering & Construction,-0.451310283998896,1801754.01408022,12,3,2023,2025,1.80175401408022
I430S3C186J1V2,TECNICO EN ELECTRICIDAD INDUSTRIAL,CFT INACAP,Engineering & Construction,-0.450566696154766,1297234.25782503,38,4,2022,2025,1.29723425782503
I100S14C176J1V1,CONSTRUCCION CIVIL,IP INACAP,Engineering & Construction,-0.450073902611981,1542853.16715766,51,4,2022,2025,1.54285316715766
I116S34C150J1V1,INGENIERIA EN SONIDO,IP SANTO TOMAS,Engineering & Construction,-0.450006071261394,1004965.78000294,75,4,2022,2025,1.00496578000294
I100S5C167J2V1,INGENIERIA EN METALURGIA,IP INACAP,Engineering & Construction,-0.449609375841232,1758015.33075938,28,4,2022,2025,1.75801533075938
I430S3C326J1V1,TECNICO EN MECANICA Y ELECTROMOVILIDAD AUTOMOTRIZ,CFT INACAP,Engineering & Construction,-0.44911121027138,1129036.97836444,34,4,2022,2025,1.12903697836444
I84S1C422J2V2,TECNICO UNIVERSITARIO EN ELECTRICIDAD Y AUTOMATIZACION,UNIVERSIDAD DE LOS LAGOS,Engineering & Construction,-0.448586070905573,1216755.55048533,11,3,2022,2024,1.21675555048533
I111S22C47J1V1,DISEÑO INDUSTRIAL,IP DUOC UC,Engineering & Construction,-0.447903550511546,1056535.56491102,66,4,2022,2025,1.05653556491102
I100S32C304J2V1,INGENIERIA EN MECANICA Y ELECTROMOVILIDAD AUTOMOTRIZ,IP INACAP,Engineering & Construction,-0.446808814074456,1252025.70600038,54,5,2021,2025,1.25202570600038
I116S11C60J2V1,CONSTRUCCION CIVIL,IP SANTO TOMAS,Engineering & Construction,-0.446599228209717,1542853.16715766,34,4,2022,2025,1.54285316715766
I73S2C66J2V1,TECNICO DE NIVEL SUPERIOR EN MANTENIMIENTO INDUSTRIAL,UNIVERSIDAD DE ANTOFAGASTA,Engineering & Construction,-0.444538050612256,1559871.58539893,11,5,2021,2025,1.55987158539893
I100S23C318J1V1,INGENIERIA EN MECATRONICA,IP INACAP,Engineering & Construction,-0.444207916969535,1443832.59911894,13,3,2023,2025,1.44383259911894
I116S10C134J2V1,TECNICO EN ELECTRICIDAD Y ELECTRONICA INDUSTRIAL,IP SANTO TOMAS,Engineering & Construction,-0.443165565686138,1258623.63111319,17,4,2022,2025,1.25862363111319
I100S29C304J1V1,INGENIERIA EN MECANICA Y ELECTROMOVILIDAD AUTOMOTRIZ,IP INACAP,Engineering & Construction,-0.443141432634137,1252025.70600038,202,4,2022,2025,1.25202570600038
I93S3C217J1V1,TECNICO UNIVERSITARIO EN TOPOGRAFIA,UNIVERSIDAD CATOLICA DE LA SANTISIMA CONCEPCION,Engineering & Construction,-0.442348762080709,1210955.34236049,17,4,2022,2025,1.21095534236049
I111S25C22J2V1,INGENIERIA EN MECANICA AUTOMOTRIZ Y AUTOTRONICA,IP DUOC UC,Engineering & Construction,-0.442255694501886,1252025.70600038,41,4,2022,2025,1.25202570600038
I143S17C654J1V1,TECNICO EN AUTOMATIZACION Y CONTROL INDUSTRIAL,IP AIEP,Engineering & Construction,-0.441943231662198,1385840.68023891,30,5,2021,2025,1.38584068023891
I143S5C707J2V1,INGENIERIA INDUSTRIAL,IP AIEP,Engineering & Construction,-0.441107818613457,1730964.00072679,15,4,2022,2025,1.73096400072679
I430S16C149J2V1,TECNICO EN CONSTRUCCION,CFT INACAP,Engineering & Construction,-0.440261460017072,1088017.67293263,10,4,2022,2025,1.08801767293263
I100S23C176J1V1,CONSTRUCCION CIVIL,IP INACAP,Engineering & Construction,-0.439892978215804,1542853.16715766,96,4,2022,2025,1.54285316715766
I88S3C91J1V1,TECNICO UNIVERSITARIO EN MANTENIMIENTO INDUSTRIAL,UNIVERSIDAD TECNICA FEDERICO SANTA MARIA,Engineering & Construction,-0.439459315564823,1553226.21548638,97,4,2022,2025,1.55322621548638
I111S23C104J1V1,INGENIERIA EN CONSTRUCCION,IP DUOC UC,Engineering & Construction,-0.439096319516223,1517858.59494789,59,5,2021,2025,1.51785859494789
I123S2C28J2V1,INGENIERIA EN ELECTRICIDAD Y ELECTRONICA,IP DE CHILE,Engineering & Construction,-0.438992653989725,1835105.47479039,16,4,2022,2025,1.83510547479039
I100S29C21J1V1,INGENIERIA EN MANTENIMIENTO INDUSTRIAL,IP INACAP,Engineering & Construction,-0.438652365199255,1730964.00072679,47,4,2022,2025,1.73096400072679
I456S1C7J2V1,ELECTRICIDAD Y ELECTRONICA INDUSTRIAL,CFT CEDUC - UCN,Engineering & Construction,-0.436756462623116,1340477.26701903,13,5,2021,2025,1.34047726701903
I100S31C176J1V1,CONSTRUCCION CIVIL,IP INACAP,Engineering & Construction,-0.436581961917162,1542853.16715766,123,4,2022,2025,1.54285316715766
I430S22C325J1V1,TECNICO EN AUTOMATIZACION Y ROBOTICA,CFT INACAP,Engineering & Construction,-0.436452092239785,1375647.42934966,20,4,2022,2025,1.37564742934966
I100S33C294J1V1,INGENIERIA ELECTRICA,IP INACAP,Engineering & Construction,-0.43623822097801,1835105.47479039,58,4,2022,2025,1.83510547479039
I430S22C175J1V1,"TELECOMUNICACIONES, CONECTIVIDAD Y REDES",CFT INACAP,Engineering & Construction,-0.43618501212618,1078269.03747094,12,3,2022,2024,1.07826903747094
I143S20C654J1V1,TECNICO EN AUTOMATIZACION Y CONTROL INDUSTRIAL,IP AIEP,Engineering & Construction,-0.435254308878293,1385840.68023891,10,4,2022,2025,1.38584068023891
I111S15C413J1V1,INGENIERIA EN ELECTRICIDAD Y AUTOMATIZACION INDUSTRIAL,IP DUOC UC,Engineering & Construction,-0.435225251996546,1835105.47479039,255,4,2022,2025,1.83510547479039
I80S1C340J2V1,INGENIERIA INDUSTRIAL,UNIVERSIDAD DE TARAPACA,Engineering & Construction,-0.434981725400376,1661189.21695795,22,4,2022,2025,1.66118921695795
I143S26C378J1V1,INGENIERIA EN MECANICA AUTOMOTRIZ Y AUTOTRONICA,IP AIEP,Engineering & Construction,-0.434085826614302,1252025.70600038,30,4,2022,2025,1.25202570600038
I430S36C175J1V1,"TELECOMUNICACIONES, CONECTIVIDAD Y REDES",CFT INACAP,Engineering & Construction,-0.433274108930597,1078269.03747094,23,3,2022,2024,1.07826903747094
I100S38C334J1V1,INGENIERIA EN TELECOMUNICACIONES Y SERVICIOS DIGITALES,IP INACAP,Engineering & Construction,-0.432677195062784,1559647.7386782,10,2,2024,2025,1.5596477386782
I116S11C149J1V1,INGENIERIA EN QUIMICA INDUSTRIAL,IP SANTO TOMAS,Engineering & Construction,-0.432659654172543,1520820.50234407,73,4,2022,2025,1.52082050234407
I111S25C472J1V1,TECNICO EN MANTENIMIENTO ELECTROMECANICO,IP DUOC UC,Engineering & Construction,-0.431354044617748,1257780.43441788,12,3,2022,2024,1.25778043441788
I143S17C376J1V1,TECNICO EN MECANICA AUTOMOTRIZ Y AUTOTRONICA,IP AIEP,Engineering & Construction,-0.430720877786912,1086037.23242729,35,4,2022,2025,1.08603723242729
I100S21C304J1V1,INGENIERIA EN MECANICA Y ELECTROMOVILIDAD AUTOMOTRIZ,IP INACAP,Engineering & Construction,-0.430695341708881,1252025.70600038,35,4,2022,2025,1.25202570600038
I143S9C616J1V2,TECNICO EN ELECTRICIDAD Y ELECTRONICA,IP AIEP,Engineering & Construction,-0.430564149189051,1258623.63111319,23,3,2022,2024,1.25862363111319
I84S2C408J1V2,TECNICO UNIVERSITARIO EN ELECTROMECANICA MARITIMA,UNIVERSIDAD DE LOS LAGOS,Engineering & Construction,-0.430342407614964,1243726.86801311,37,4,2022,2025,1.24372686801311
I116S4C137J1V1,TECNICO EN OPERACIONES MINERAS,IP SANTO TOMAS,Engineering & Construction,-0.430122770078481,1450547.43911624,12,2,2021,2022,1.45054743911624
I71S1C109J1V1,TECNOLOGIA EN MANTENIMIENTO INDUSTRIAL,UNIVERSIDAD DE SANTIAGO DE CHILE,Engineering & Construction,-0.429606170535635,1862549.17557968,92,4,2022,2025,1.86254917557968
I456S2C7J1V1,ELECTRICIDAD Y ELECTRONICA INDUSTRIAL,CFT CEDUC - UCN,Engineering & Construction,-0.429569487515544,1340477.26701903,23,3,2022,2024,1.34047726701903
I100S30C168J1V1,"INGENIERIA EN TELECOMUNICACIONES, CONECTIVIDAD Y REDES",IP INACAP,Engineering & Construction,-0.428492628389309,1559647.7386782,22,3,2022,2024,1.5596477386782
I100S33C304J1V1,INGENIERIA EN MECANICA Y ELECTROMOVILIDAD AUTOMOTRIZ,IP INACAP,Engineering & Construction,-0.428174190351154,1252025.70600038,293,4,2022,2025,1.25202570600038
I430S12C149J1V1,TECNICO EN CONSTRUCCION,CFT INACAP,Engineering & Construction,-0.427485576012125,1088017.67293263,15,4,2022,2025,1.08801767293263
I111S25C104J1V2,INGENIERIA EN CONSTRUCCION,IP DUOC UC,Engineering & Construction,-0.427145319945775,1517858.59494789,93,4,2022,2025,1.51785859494789
I143S9C43J1V1,TECNICO EN SONIDO,IP AIEP,Engineering & Construction,-0.426827966475288,754668.260650727,19,4,2022,2025,0.754668260650727
I111S7C21J1V1,TECNICO EN CONSTRUCCION,IP DUOC UC,Engineering & Construction,-0.425809156876686,1027235.68886911,47,4,2022,2025,1.02723568886911
I73S2C180J1V2,INGENIERIA CIVIL EN PROCESOS MINERALES,UNIVERSIDAD DE ANTOFAGASTA,Engineering & Construction,-0.424940228113057,3350026.97502376,22,3,2022,2024,3.35002697502376
I100S15C176J1V1,CONSTRUCCION CIVIL,IP INACAP,Engineering & Construction,-0.424817633772494,1542853.16715766,37,4,2022,2025,1.54285316715766
I111S12C104J2V2,INGENIERIA EN CONSTRUCCION,IP DUOC UC,Engineering & Construction,-0.424404184240968,1517858.59494789,45,4,2022,2025,1.51785859494789
I85S4C70J1V2,INGENIERIA INDUSTRIAL,UNIVERSIDAD TECNOLOGICA METROPOLITANA,Engineering & Construction,-0.424074231563914,1828704.12407919,24,4,2022,2025,1.82870412407919
I143S17C707J1V1,INGENIERIA INDUSTRIAL,IP AIEP,Engineering & Construction,-0.423824246185455,1730964.00072679,26,4,2022,2025,1.73096400072679
I116S11C134J1V1,TECNICO EN ELECTRICIDAD Y ELECTRONICA INDUSTRIAL,IP SANTO TOMAS,Engineering & Construction,-0.423114746441693,1258623.63111319,84,5,2021,2025,1.25862363111319
I111S21C413J1V1,INGENIERIA EN ELECTRICIDAD Y AUTOMATIZACION INDUSTRIAL,IP DUOC UC,Engineering & Construction,-0.421405379748823,1835105.47479039,168,4,2022,2025,1.83510547479039
I143S5C619J2V3,TECNICO EN MINERIA,IP AIEP,Engineering & Construction,-0.421355510663015,1450547.43911624,13,4,2022,2025,1.45054743911624
I111S4C76J1V1,TECNOLOGIA EN SONIDO,IP DUOC UC,Engineering & Construction,-0.42123309383376,754668.260650727,27,4,2022,2025,0.754668260650727
I430S33C325J1V1,TECNICO EN AUTOMATIZACION Y ROBOTICA,CFT INACAP,Engineering & Construction,-0.42074632047542,1375647.42934966,25,4,2022,2025,1.37564742934966
I430S23C186J1V2,TECNICO EN ELECTRICIDAD INDUSTRIAL,CFT INACAP,Engineering & Construction,-0.420668614206788,1297234.25782503,37,4,2022,2025,1.29723425782503
I93S5C148J1V2,TECNICO UNIVERSITARIO EN AUTOMATIZACION INDUSTRIAL,UNIVERSIDAD CATOLICA DE LA SANTISIMA CONCEPCION,Engineering & Construction,-0.419050622422288,1270326.44959678,33,4,2022,2025,1.27032644959678
I111S6C47J1V1,DISEÑO INDUSTRIAL,IP DUOC UC,Engineering & Construction,-0.418246480557047,1056535.56491102,65,5,2021,2025,1.05653556491102
I100S13C318J2V1,INGENIERIA EN MECATRONICA,IP INACAP,Engineering & Construction,-0.41770923765903,1443832.59911894,20,4,2022,2025,1.44383259911894
I111S16C472J1V1,TECNICO EN MANTENIMIENTO ELECTROMECANICO,IP DUOC UC,Engineering & Construction,-0.417417825842418,1257780.43441788,27,3,2022,2024,1.25778043441788
I430S16C325J2V1,TECNICO EN AUTOMATIZACION Y ROBOTICA,CFT INACAP,Engineering & Construction,-0.416681423380601,1375647.42934966,11,3,2022,2025,1.37564742934966
I143S28C707J4V1,INGENIERIA INDUSTRIAL,IP AIEP,Engineering & Construction,-0.416552406442337,1730964.00072679,26,4,2022,2025,1.73096400072679
I100S31C318J1V1,INGENIERIA EN MECATRONICA,IP INACAP,Engineering & Construction,-0.414609629099643,1443832.59911894,12,3,2022,2024,1.44383259911894
I430S30C343J1V1,TECNICO EN TOPOGRAFIA Y GEOMATICA,CFT INACAP,Engineering & Construction,-0.414387636731605,1311353.94709306,10,4,2022,2025,1.31135394709306
I100S39C294J1V1,INGENIERIA ELECTRICA,IP INACAP,Engineering & Construction,-0.413805916311338,1835105.47479039,30,4,2022,2025,1.83510547479039
I139S1C11J1V2,INGENIERIA EN CONSTRUCCION,IP DR. VIRGINIO GOMEZ G.,Engineering & Construction,-0.413438396894204,1517858.59494789,66,4,2022,2025,1.51785859494789
I90S4C489J2V2,TECNICO UNIVERSITARIO EN CONSTRUCCION Y OBRAS CIVILES,UNIVERSIDAD AUSTRAL DE CHILE,Engineering & Construction,-0.413102450653952,1112268.51701543,13,4,2021,2025,1.11226851701543
I430S12C341J1V1,TECNICO EN MECATRONICA,CFT INACAP,Engineering & Construction,-0.412913164880772,1146410.2633274,13,3,2023,2025,1.1464102633274
I88S3C71J1V3,TECNICO UNIVERSITARIO EN MECANICA AUTOMOTRIZ,UNIVERSIDAD TECNICA FEDERICO SANTA MARIA,Engineering & Construction,-0.412798645218494,1283727.82552374,143,4,2022,2025,1.28372782552374
I111S16C22J1V1,INGENIERIA EN MECANICA AUTOMOTRIZ Y AUTOTRONICA,IP DUOC UC,Engineering & Construction,-0.412773515226629,1252025.70600038,360,5,2021,2025,1.25202570600038
I111S15C22J1V1,INGENIERIA EN MECANICA AUTOMOTRIZ Y AUTOTRONICA,IP DUOC UC,Engineering & Construction,-0.412362331667885,1252025.70600038,296,4,2022,2025,1.25202570600038
I100S21C318J2V1,INGENIERIA EN MECATRONICA,IP INACAP,Engineering & Construction,-0.409677150448954,1443832.59911894,13,3,2023,2025,1.44383259911894
I430S9C325J1V1,TECNICO EN AUTOMATIZACION Y ROBOTICA,CFT INACAP,Engineering & Construction,-0.408171243642945,1375647.42934966,42,4,2022,2025,1.37564742934966
I430S27C326J2V1,TECNICO EN MECANICA Y ELECTROMOVILIDAD AUTOMOTRIZ,CFT INACAP,Engineering & Construction,-0.407968075369709,1129036.97836444,38,4,2022,2025,1.12903697836444
I143S25C636J1V2,TECNICO EN MECANICA AUTOMOTRIZ EN MAQUINARIA PESADA,IP AIEP,Engineering & Construction,-0.407247647146032,1086037.23242729,10,5,2021,2025,1.08603723242729
I100S5C160J2V1,INGENIERIA EN MAQUINARIA PESADA Y VEHICULOS AUTOMOTRICES,IP INACAP,Engineering & Construction,-0.406695957876588,1252025.70600038,37,4,2022,2025,1.25202570600038
I430S12C325J2V1,TECNICO EN AUTOMATIZACION Y ROBOTICA,CFT INACAP,Engineering & Construction,-0.40644052215954,1375647.42934966,15,4,2022,2025,1.37564742934966
I100S33C21J2V1,INGENIERIA EN MANTENIMIENTO INDUSTRIAL,IP INACAP,Engineering & Construction,-0.405982838024511,1730964.00072679,10,4,2022,2025,1.73096400072679
I100S9C294J1V1,INGENIERIA ELECTRICA,IP INACAP,Engineering & Construction,-0.404614228202671,1835105.47479039,65,4,2022,2025,1.83510547479039
I100S30C309J1V1,INGENIERIA EN ENERGIA,IP INACAP,Engineering & Construction,-0.403834677533837,1443832.59911894,37,4,2022,2025,1.44383259911894
I100S42C21J2V1,INGENIERIA EN MANTENIMIENTO INDUSTRIAL,IP INACAP,Engineering & Construction,-0.40349766929757,1730964.00072679,11,4,2022,2025,1.73096400072679
I100S31C294J1V1,INGENIERIA ELECTRICA,IP INACAP,Engineering & Construction,-0.402740971468492,1835105.47479039,167,4,2022,2025,1.83510547479039
I100S15C21J2V1,INGENIERIA EN MANTENIMIENTO INDUSTRIAL,IP INACAP,Engineering & Construction,-0.402598820898966,1730964.00072679,10,4,2022,2025,1.73096400072679
I143S21C654J1V1,TECNICO EN AUTOMATIZACION Y CONTROL INDUSTRIAL,IP AIEP,Engineering & Construction,-0.402521593151862,1385840.68023891,19,4,2022,2025,1.38584068023891
I111S3C104J2V2,INGENIERIA EN CONSTRUCCION,IP DUOC UC,Engineering & Construction,-0.402042331763857,1517858.59494789,11,3,2022,2025,1.51785859494789
I430S16C325J1V1,TECNICO EN AUTOMATIZACION Y ROBOTICA,CFT INACAP,Engineering & Construction,-0.401749680460245,1375647.42934966,55,4,2022,2025,1.37564742934966
I111S3C22J1V1,INGENIERIA EN MECANICA AUTOMOTRIZ Y AUTOTRONICA,IP DUOC UC,Engineering & Construction,-0.400441195214471,1252025.70600038,157,4,2022,2025,1.25202570600038
I430S38C186J1V2,TECNICO EN ELECTRICIDAD INDUSTRIAL,CFT INACAP,Engineering & Construction,-0.399024280273587,1297234.25782503,13,3,2023,2025,1.29723425782503
I85S1C55J1V1,DISEÑO INDUSTRIAL,UNIVERSIDAD TECNOLOGICA METROPOLITANA,Engineering & Construction,-0.398973858460281,1220256.00064317,114,4,2022,2025,1.22025600064317
I100S42C168J1V1,"INGENIERIA EN TELECOMUNICACIONES, CONECTIVIDAD Y REDES",IP INACAP,Engineering & Construction,-0.397898283465049,1559647.7386782,21,3,2022,2024,1.5596477386782
I111S12C413J1V1,INGENIERIA EN ELECTRICIDAD Y AUTOMATIZACION INDUSTRIAL,IP DUOC UC,Engineering & Construction,-0.396788873950087,1835105.47479039,147,4,2022,2025,1.83510547479039
I111S20C22J2V1,INGENIERIA EN MECANICA AUTOMOTRIZ Y AUTOTRONICA,IP DUOC UC,Engineering & Construction,-0.395777132055545,1252025.70600038,78,4,2022,2025,1.25202570600038
I100S30C304J1V1,INGENIERIA EN MECANICA Y ELECTROMOVILIDAD AUTOMOTRIZ,IP INACAP,Engineering & Construction,-0.395440459125407,1252025.70600038,187,5,2021,2025,1.25202570600038
I100S4C167J2V1,INGENIERIA EN METALURGIA,IP INACAP,Engineering & Construction,-0.394907469847977,1758015.33075938,22,4,2022,2025,1.75801533075938
I143S0C664J1V1,INGENIERIA EN ELECTRICIDAD Y ENERGIAS RENOVABLES,IP AIEP,Engineering & Construction,-0.394870403790382,1835105.47479039,11,3,2022,2025,1.83510547479039
I111S26C22J1V1,INGENIERIA EN MECANICA AUTOMOTRIZ Y AUTOTRONICA,IP DUOC UC,Engineering & Construction,-0.394861695786544,1252025.70600038,71,4,2022,2025,1.25202570600038
I100S42C304J2V1,INGENIERIA EN MECANICA Y ELECTROMOVILIDAD AUTOMOTRIZ,IP INACAP,Engineering & Construction,-0.394839089027056,1252025.70600038,36,4,2022,2025,1.25202570600038
I430S20C341J1V1,TECNICO EN MECATRONICA,CFT INACAP,Engineering & Construction,-0.394750265044076,1146410.2633274,15,4,2022,2025,1.1464102633274
I430S12C186J2V2,TECNICO EN ELECTRICIDAD INDUSTRIAL,CFT INACAP,Engineering & Construction,-0.39381992910631,1297234.25782503,20,4,2022,2025,1.29723425782503
I100S4C21J2V1,INGENIERIA EN MANTENIMIENTO INDUSTRIAL,IP INACAP,Engineering & Construction,-0.391115526498308,1730964.00072679,42,4,2022,2025,1.73096400072679
I100S13C304J2V1,INGENIERIA EN MECANICA Y ELECTROMOVILIDAD AUTOMOTRIZ,IP INACAP,Engineering & Construction,-0.390182936361235,1252025.70600038,56,4,2022,2025,1.25202570600038
I111S21C22J1V1,INGENIERIA EN MECANICA AUTOMOTRIZ Y AUTOTRONICA,IP DUOC UC,Engineering & Construction,-0.389597008703924,1252025.70600038,278,4,2022,2025,1.25202570600038
I430S36C326J1V1,TECNICO EN MECANICA Y ELECTROMOVILIDAD AUTOMOTRIZ,CFT INACAP,Engineering & Construction,-0.388808640071655,1129036.97836444,91,5,2021,2025,1.12903697836444
I143S9C25J2V2,TOPOGRAFIA,IP AIEP,Engineering & Construction,-0.388726973271847,1257780.43441788,10,4,2022,2025,1.25778043441788
I100S13C21J1V1,INGENIERIA EN MANTENIMIENTO INDUSTRIAL,IP INACAP,Engineering & Construction,-0.388101084257232,1730964.00072679,38,4,2022,2025,1.73096400072679
I100S34C168J1V1,"INGENIERIA EN TELECOMUNICACIONES, CONECTIVIDAD Y REDES",IP INACAP,Engineering & Construction,-0.387781636236542,1559647.7386782,43,3,2022,2024,1.5596477386782
I100S31C21J1V1,INGENIERIA EN MANTENIMIENTO INDUSTRIAL,IP INACAP,Engineering & Construction,-0.387235344249565,1730964.00072679,32,3,2022,2024,1.73096400072679
I100S15C294J1V1,INGENIERIA ELECTRICA,IP INACAP,Engineering & Construction,-0.386954889026412,1835105.47479039,32,3,2023,2025,1.83510547479039
I430S5C325J1V1,TECNICO EN AUTOMATIZACION Y ROBOTICA,CFT INACAP,Engineering & Construction,-0.386610396416561,1375647.42934966,11,2,2024,2025,1.37564742934966
I111S20C413J1V1,INGENIERIA EN ELECTRICIDAD Y AUTOMATIZACION INDUSTRIAL,IP DUOC UC,Engineering & Construction,-0.386513624320782,1835105.47479039,167,4,2022,2025,1.83510547479039
I88S2C91J1V2,TECNICO UNIVERSITARIO EN MANTENIMIENTO INDUSTRIAL,UNIVERSIDAD TECNICA FEDERICO SANTA MARIA,Engineering & Construction,-0.385445045437514,1553226.21548638,234,4,2022,2025,1.55322621548638
I430S22C149J1V1,TECNICO EN CONSTRUCCION,CFT INACAP,Engineering & Construction,-0.385387992552718,1088017.67293263,39,4,2022,2025,1.08801767293263
I111S15C21J2V1,TECNICO EN CONSTRUCCION,IP DUOC UC,Engineering & Construction,-0.384474634251733,1027235.68886911,14,4,2022,2025,1.02723568886911
I111S12C505J2V1,TECNICO EN REDES Y TELECOMUNICACIONES,IP DUOC UC,Engineering & Construction,-0.384161298630847,1051733.10566233,12,4,2022,2025,1.05173310566233
I100S41C295J1V1,INGENIERIA EN ELECTRONICA Y SISTEMAS INTELIGENTES,IP INACAP,Engineering & Construction,-0.383201757049576,1556398.46902657,14,4,2022,2025,1.55639846902657
I100S26C304J1V1,INGENIERIA EN MECANICA Y ELECTROMOVILIDAD AUTOMOTRIZ,IP INACAP,Engineering & Construction,-0.381031647769065,1252025.70600038,72,4,2022,2025,1.25202570600038
I629S4C166J1V1,TECNICO DE NIVEL SUPERIOR EN ELECTRICIDAD CON ESPECIALIDAD EN EFICIENCIA ENERGETICA,CFT PUCV,Engineering & Construction,-0.380763683304797,1246552.24796556,19,4,2022,2025,1.24655224796556
I143S32C616J1V2,TECNICO EN ELECTRICIDAD Y ELECTRONICA,IP AIEP,Engineering & Construction,-0.380197552501825,1258623.63111319,12,2,2024,2025,1.25862363111319
I430S16C34J2V1,TECNICO EN MANTENIMIENTO INDUSTRIAL,CFT INACAP,Engineering & Construction,-0.379234162980196,1366060.46716617,22,4,2022,2025,1.36606046716617
I100S15C304J2V1,INGENIERIA EN MECANICA Y ELECTROMOVILIDAD AUTOMOTRIZ,IP INACAP,Engineering & Construction,-0.378824720592031,1252025.70600038,28,4,2022,2025,1.25202570600038
I139S3C201J1V1,TECNICO EN MINERIA,IP DR. VIRGINIO GOMEZ G.,Engineering & Construction,-0.377351088989117,1450547.43911624,15,4,2022,2025,1.45054743911624
I100S26C176J1V1,CONSTRUCCION CIVIL,IP INACAP,Engineering & Construction,-0.377311588652219,1542853.16715766,44,4,2022,2025,1.54285316715766
I88S2C73J1V3,TECNICO UNIVERSITARIO EN MECANICA INDUSTRIAL,UNIVERSIDAD TECNICA FEDERICO SANTA MARIA,Engineering & Construction,-0.377300814158612,1443981.96531045,152,4,2022,2025,1.44398196531045
I117S1C90J4V1,TECNICO DE NIVEL SUPERIOR EN AUTOMATIZACION Y CONTROL,IP IACC,Engineering & Construction,-0.376795750364706,1385840.68023891,12,4,2022,2025,1.38584068023891
I100S34C176J1V1,CONSTRUCCION CIVIL,IP INACAP,Engineering & Construction,-0.376394117143725,1542853.16715766,25,4,2022,2025,1.54285316715766
I430S16C186J2V2,TECNICO EN ELECTRICIDAD INDUSTRIAL,CFT INACAP,Engineering & Construction,-0.375954887491435,1297234.25782503,22,1,2025,2025,1.29723425782503
I430S33C158J2V1,REFRIGERACION,CFT INACAP,Engineering & Construction,-0.375600439789158,1053396.92466887,11,2,2022,2023,1.05339692466887
I430S23C325J1V1,TECNICO EN AUTOMATIZACION Y ROBOTICA,CFT INACAP,Engineering & Construction,-0.37419773230061,1375647.42934966,42,4,2022,2025,1.37564742934966
I100S28C304J1V1,INGENIERIA EN MECANICA Y ELECTROMOVILIDAD AUTOMOTRIZ,IP INACAP,Engineering & Construction,-0.372982578040035,1252025.70600038,42,4,2022,2025,1.25202570600038
I100S20C301J1V1,INGENIERIA EN AUTOMATIZACION Y ROBOTICA,IP INACAP,Engineering & Construction,-0.37148121973675,2006780.70125708,85,4,2022,2025,2.00678070125708
I88S2C65J1V3,TECNICO UNIVERSITARIO EN CONSTRUCCION,UNIVERSIDAD TECNICA FEDERICO SANTA MARIA,Engineering & Construction,-0.37145565218325,1237088.4108938,166,4,2022,2025,1.2370884108938
I430S36C186J1V2,TECNICO EN ELECTRICIDAD INDUSTRIAL,CFT INACAP,Engineering & Construction,-0.37079681764683,1297234.25782503,65,5,2021,2025,1.29723425782503
I111S16C419J2V1,TECNICO EN ELECTRICIDAD Y AUTOMATIZACION INDUSTRIAL,IP DUOC UC,Engineering & Construction,-0.369631523094835,1258623.63111319,24,4,2022,2025,1.25862363111319
I100S20C21J2V1,INGENIERIA EN MANTENIMIENTO INDUSTRIAL,IP INACAP,Engineering & Construction,-0.369174443690004,1730964.00072679,38,4,2022,2025,1.73096400072679
I139S2C11J1V2,INGENIERIA EN CONSTRUCCION,IP DR. VIRGINIO GOMEZ G.,Engineering & Construction,-0.368955875244544,1517858.59494789,84,5,2021,2025,1.51785859494789
I9S2C69J1V1,INGENIERIA CIVIL INDUSTRIAL,UNIVERSIDAD DEL ALBA,Engineering & Construction,-0.368528277249428,2054651.71190438,43,4,2022,2025,2.05465171190438
I100S38C294J2V1,INGENIERIA ELECTRICA,IP INACAP,Engineering & Construction,-0.366728359117184,1835105.47479039,34,4,2022,2025,1.83510547479039
I430S27C341J1V1,TECNICO EN MECATRONICA,CFT INACAP,Engineering & Construction,-0.3663089673522,1146410.2633274,26,3,2023,2025,1.1464102633274
I100S13C21J2V1,INGENIERIA EN MANTENIMIENTO INDUSTRIAL,IP INACAP,Engineering & Construction,-0.365902599312857,1730964.00072679,25,4,2022,2025,1.73096400072679
I100S37C309J1V1,INGENIERIA EN ENERGIA,IP INACAP,Engineering & Construction,-0.365124052684952,1443832.59911894,34,4,2022,2025,1.44383259911894
I100S35C304J2V1,INGENIERIA EN MECANICA Y ELECTROMOVILIDAD AUTOMOTRIZ,IP INACAP,Engineering & Construction,-0.364855344162279,1252025.70600038,19,4,2022,2025,1.25202570600038
I100S23C301J1V1,INGENIERIA EN AUTOMATIZACION Y ROBOTICA,IP INACAP,Engineering & Construction,-0.363729142060164,2006780.70125708,49,4,2022,2025,2.00678070125708
I430S39C186J1V2,TECNICO EN ELECTRICIDAD INDUSTRIAL,CFT INACAP,Engineering & Construction,-0.363175428320766,1297234.25782503,22,3,2023,2025,1.29723425782503
I79S1C145J1V1,TECNICO UNIVERSITARIO EN ELECTRICIDAD,UNIVERSIDAD DE ATACAMA,Engineering & Construction,-0.36303842612176,1473405.46715825,79,4,2022,2025,1.47340546715825
I100S28C176J1V1,CONSTRUCCION CIVIL,IP INACAP,Engineering & Construction,-0.362512819456266,1542853.16715766,44,4,2022,2025,1.54285316715766
I111S3C62J1V1,INGENIERIA EN SONIDO,IP DUOC UC,Engineering & Construction,-0.36199124521345,1004965.78000294,63,4,2022,2025,1.00496578000294
I72S1C36J1V2,INGENIERIA EN CONSTRUCCION,UNIVERSIDAD DE VALPARAISO,Engineering & Construction,-0.36067205060314,1597026.04793753,32,2,2024,2025,1.59702604793753
I430S21C34J1V1,TECNICO EN MANTENIMIENTO INDUSTRIAL,CFT INACAP,Engineering & Construction,-0.359938363998482,1366060.46716617,14,3,2022,2024,1.36606046716617
I143S6C51J1V1,INGENIERIA DE EJECUCION EN SONIDO,IP AIEP,Engineering & Construction,-0.358243037687776,1004965.78000294,21,2,2022,2023,1.00496578000294
I111S2C64J2V1,TECNICO TOPOGRAFO,IP DUOC UC,Engineering & Construction,-0.357423606297219,1257780.43441788,12,4,2022,2025,1.25778043441788
I111S15C471J1V1,DIBUJO Y MODELAMIENTO ARQUITECTONICO Y ESTRUCTURAL,IP DUOC UC,Engineering & Construction,-0.355446817802843,955913.130157589,45,4,2022,2025,0.955913130157589
I11S2C234J1V1,ARQUITECTURA,UNIVERSIDAD ACADEMIA DE HUMANISMO CRISTIANO,Engineering & Construction,-0.354800796773496,1345448.86399859,65,5,2021,2025,1.34544886399859
I85S1C58J1V2,INGENIERIA EN CONSTRUCCION,UNIVERSIDAD TECNOLOGICA METROPOLITANA,Engineering & Construction,-0.353791737009614,1646637.018529,28,2,2024,2025,1.646637018529
I911S2C9J1V1,MECATRONICA,CFT DE LA REGION DE VALPARAISO,Engineering & Construction,-0.353064825764351,1443832.59911894,12,3,2022,2024,1.44383259911894
I100S5C301J1V1,INGENIERIA EN AUTOMATIZACION Y ROBOTICA,IP INACAP,Engineering & Construction,-0.350934153390746,2006780.70125708,45,4,2022,2025,2.00678070125708
I88S3C258J1V3,TECNICO UNIVERSITARIO EN AUTOMATIZACION Y CONTROL,UNIVERSIDAD TECNICA FEDERICO SANTA MARIA,Engineering & Construction,-0.350348338560148,1564126.70001703,80,4,2022,2025,1.56412670001703
I100S40C176J1V1,CONSTRUCCION CIVIL,IP INACAP,Engineering & Construction,-0.349573755702813,1542853.16715766,33,5,2021,2025,1.54285316715766
I100S38C295J2V1,INGENIERIA EN ELECTRONICA Y SISTEMAS INTELIGENTES,IP INACAP,Engineering & Construction,-0.349515771759607,1556398.46902657,23,4,2022,2025,1.55639846902657
I111S16C413J2V1,INGENIERIA EN ELECTRICIDAD Y AUTOMATIZACION INDUSTRIAL,IP DUOC UC,Engineering & Construction,-0.34931050594434,1835105.47479039,53,4,2022,2025,1.83510547479039
I111S20C419J2V1,TECNICO EN ELECTRICIDAD Y AUTOMATIZACION INDUSTRIAL,IP DUOC UC,Engineering & Construction,-0.349154741455765,1258623.63111319,17,4,2022,2025,1.25862363111319
I100S35C304J1V1,INGENIERIA EN MECANICA Y ELECTROMOVILIDAD AUTOMOTRIZ,IP INACAP,Engineering & Construction,-0.347881510900095,1252025.70600038,46,4,2022,2025,1.25202570600038
I111S25C22J1V1,INGENIERIA EN MECANICA AUTOMOTRIZ Y AUTOTRONICA,IP DUOC UC,Engineering & Construction,-0.34753542361881,1252025.70600038,104,4,2022,2025,1.25202570600038
I100S30C304J2V1,INGENIERIA EN MECANICA Y ELECTROMOVILIDAD AUTOMOTRIZ,IP INACAP,Engineering & Construction,-0.34487192866415,1252025.70600038,42,4,2022,2025,1.25202570600038
I111S15C413J2V1,INGENIERIA EN ELECTRICIDAD Y AUTOMATIZACION INDUSTRIAL,IP DUOC UC,Engineering & Construction,-0.344153254894031,1835105.47479039,105,4,2022,2025,1.83510547479039
I100S5C310J1V1,INGENIERIA EN MANTENIMIENTO DE PLANTAS MINERAS,IP INACAP,Engineering & Construction,-0.343731634465191,1443832.59911894,16,5,2021,2025,1.44383259911894
I100S38C304J1V1,INGENIERIA EN MECANICA Y ELECTROMOVILIDAD AUTOMOTRIZ,IP INACAP,Engineering & Construction,-0.343058139546509,1252025.70600038,149,4,2022,2025,1.25202570600038
I430S27C61J1V1,TOPOGRAFIA,CFT INACAP,Engineering & Construction,-0.339536412567261,1311353.94709306,11,1,2022,2022,1.31135394709306
I78S7C104J1V1,TECNICO SUPERIOR EN VINIFICACION Y ENOLOGIA,UNIVERSIDAD DE TALCA,Engineering & Construction,-0.338174280101586,1681686.19506456,15,2,2022,2023,1.68168619506456
I88S2C402J1V2,TECNICO UNIVERSITARIO EN ENERGIAS RENOVABLES,UNIVERSIDAD TECNICA FEDERICO SANTA MARIA,Engineering & Construction,-0.338013241639556,1907535.27354803,48,4,2022,2025,1.90753527354803
I88S3C349J1V2,TECNICO UNIVERSITARIO EN TELECOMUNICACIONES Y REDES,UNIVERSIDAD TECNICA FEDERICO SANTA MARIA,Engineering & Construction,-0.334879788564701,1226004.10201563,17,4,2022,2025,1.22600410201563
I111S4C62J1V1,INGENIERIA EN SONIDO,IP DUOC UC,Engineering & Construction,-0.333911825676172,1004965.78000294,145,4,2022,2025,1.00496578000294
I111S16C22J2V1,INGENIERIA EN MECANICA AUTOMOTRIZ Y AUTOTRONICA,IP DUOC UC,Engineering & Construction,-0.333436849570609,1252025.70600038,92,4,2022,2025,1.25202570600038
I430S33C352J2V1,TECNICO EN CLIMATIZACION Y REFRIGERACION,CFT INACAP,Engineering & Construction,-0.333421864992396,1053396.92466887,18,3,2022,2025,1.05339692466887
I430S4C325J1V1,TECNICO EN AUTOMATIZACION Y ROBOTICA,CFT INACAP,Engineering & Construction,-0.333385686018756,1375647.42934966,24,4,2022,2025,1.37564742934966
I430S30C186J1V2,TECNICO EN ELECTRICIDAD INDUSTRIAL,CFT INACAP,Engineering & Construction,-0.332825212324545,1297234.25782503,28,4,2022,2025,1.29723425782503
I100S38C168J1V1,"INGENIERIA EN TELECOMUNICACIONES, CONECTIVIDAD Y REDES",IP INACAP,Engineering & Construction,-0.332787848539766,1559647.7386782,26,3,2022,2024,1.5596477386782
I88S3C63J1V3,TECNICO UNIVERSITARIO DIBUJANTE PROYECTISTA,UNIVERSIDAD TECNICA FEDERICO SANTA MARIA,Engineering & Construction,-0.33172876342977,1907535.27354803,37,4,2022,2025,1.90753527354803
I88S3C68J1V3,TECNICO UNIVERSITARIO EN ELECTRONICA,UNIVERSIDAD TECNICA FEDERICO SANTA MARIA,Engineering & Construction,-0.330839109382336,1282593.59869956,36,4,2022,2025,1.28259359869956
I430S10C186J1V2,TECNICO EN ELECTRICIDAD INDUSTRIAL,CFT INACAP,Engineering & Construction,-0.329485242375564,1297234.25782503,41,4,2022,2025,1.29723425782503
I100S10C176J1V1,CONSTRUCCION CIVIL,IP INACAP,Engineering & Construction,-0.32935849893251,1542853.16715766,22,4,2022,2025,1.54285316715766
I4S1C18J1V1,INGENIERIA EN CONSTRUCCION,UNIVERSIDAD CENTRAL DE CHILE,Engineering & Construction,-0.329210037490895,1583711.49093007,56,4,2022,2025,1.58371149093007
I71S1C103J1V1,TECNOLOGIA EN ALIMENTOS,UNIVERSIDAD DE SANTIAGO DE CHILE,Engineering & Construction,-0.328705648631793,1862549.17557968,30,3,2023,2025,1.86254917557968
I111S25C363J1V1,INGENIERIA EN MAQUINARIA Y VEHICULOS PESADOS,IP DUOC UC,Engineering & Construction,-0.326838451867792,1252025.70600038,57,4,2022,2025,1.25202570600038
I100S14C301J2V1,INGENIERIA EN AUTOMATIZACION Y ROBOTICA,IP INACAP,Engineering & Construction,-0.326575619897263,2006780.70125708,36,4,2022,2025,2.00678070125708
I430S37C326J2V1,TECNICO EN MECANICA Y ELECTROMOVILIDAD AUTOMOTRIZ,CFT INACAP,Engineering & Construction,-0.3236914455718,1129036.97836444,21,4,2022,2025,1.12903697836444
I111S12C419J2V1,TECNICO EN ELECTRICIDAD Y AUTOMATIZACION INDUSTRIAL,IP DUOC UC,Engineering & Construction,-0.322201387379391,1258623.63111319,22,4,2022,2025,1.25862363111319
I143S23C707J1V1,INGENIERIA INDUSTRIAL,IP AIEP,Engineering & Construction,-0.320173987347202,1730964.00072679,14,3,2023,2025,1.73096400072679
I100S9C301J1V1,INGENIERIA EN AUTOMATIZACION Y ROBOTICA,IP INACAP,Engineering & Construction,-0.318880650222917,2006780.70125708,51,4,2022,2025,2.00678070125708
I88S2C348J1V2,TECNICO UNIVERSITARIO EN MINERIA Y METALURGIA,UNIVERSIDAD TECNICA FEDERICO SANTA MARIA,Engineering & Construction,-0.318376338606085,1632733.76965663,237,4,2022,2025,1.63273376965663
I116S11C145J1V1,INGENIERIA EN ELECTRICIDAD Y ELECTRONICA INDUSTRIAL,IP SANTO TOMAS,Engineering & Construction,-0.318161782135732,1835105.47479039,150,4,2022,2025,1.83510547479039
I100S10C309J2V1,INGENIERIA EN ENERGIA,IP INACAP,Engineering & Construction,-0.31610334693705,1443832.59911894,33,4,2022,2025,1.44383259911894
I430S36C321J1V1,ELECTRONICA,CFT INACAP,Engineering & Construction,-0.314846011482258,1128039.42732528,56,4,2022,2025,1.12803942732528
I430S1C325J2V1,TECNICO EN AUTOMATIZACION Y ROBOTICA,CFT INACAP,Engineering & Construction,-0.313206625569488,1375647.42934966,14,4,2022,2025,1.37564742934966
I111S3C419J2V1,TECNICO EN ELECTRICIDAD Y AUTOMATIZACION INDUSTRIAL,IP DUOC UC,Engineering & Construction,-0.313149080954005,1258623.63111319,14,4,2022,2025,1.25862363111319
I100S41C301J1V1,INGENIERIA EN AUTOMATIZACION Y ROBOTICA,IP INACAP,Engineering & Construction,-0.313145793537816,2006780.70125708,19,4,2022,2025,2.00678070125708
I31S1C71J2V2,INGENIERIA CIVIL INDUSTRIAL,UNIVERSIDAD AUTONOMA DE CHILE,Engineering & Construction,-0.312761279351315,1972659.54849689,40,4,2022,2025,1.97265954849689
I88S2C349J1V3,TECNICO UNIVERSITARIO EN TELECOMUNICACIONES Y REDES,UNIVERSIDAD TECNICA FEDERICO SANTA MARIA,Engineering & Construction,-0.311599869373336,1226004.10201563,75,4,2022,2025,1.22600410201563
I111S16C413J1V1,INGENIERIA EN ELECTRICIDAD Y AUTOMATIZACION INDUSTRIAL,IP DUOC UC,Engineering & Construction,-0.311272435443935,1835105.47479039,213,5,2021,2025,1.83510547479039
I100S26C294J2V1,INGENIERIA ELECTRICA,IP INACAP,Engineering & Construction,-0.310963503635433,1835105.47479039,36,4,2022,2025,1.83510547479039
I116S16C60J1V1,CONSTRUCCION CIVIL,IP SANTO TOMAS,Engineering & Construction,-0.307594681133265,1542853.16715766,56,4,2022,2025,1.54285316715766
I430S36C151J1V1,CLIMATIZACION,CFT INACAP,Engineering & Construction,-0.302193851341867,1053396.92466887,16,2,2022,2023,1.05339692466887
I367S1C9J1V1,TECNICO EN OBRAS CIVILES,CFT SAN AGUSTIN,Engineering & Construction,-0.301299369433064,906572.600556651,11,4,2022,2025,0.906572600556651
I79S1C146J1V1,TECNICO UNIVERSITARIO EN AUTOMATIZACION INDUSTRIAL,UNIVERSIDAD DE ATACAMA,Engineering & Construction,-0.301229176301721,1562467.55823756,64,4,2022,2025,1.56246755823756
I430S12C325J1V1,TECNICO EN AUTOMATIZACION Y ROBOTICA,CFT INACAP,Engineering & Construction,-0.298666278685881,1375647.42934966,39,4,2022,2025,1.37564742934966
I430S3C333J1V1,TECNICO EN ENERGIAS RENOVABLES,CFT INACAP,Engineering & Construction,-0.298327857092503,1146410.2633274,15,4,2022,2025,1.1464102633274
I430S23C326J2V1,TECNICO EN MECANICA Y ELECTROMOVILIDAD AUTOMOTRIZ,CFT INACAP,Engineering & Construction,-0.298126580031206,1129036.97836444,13,4,2022,2025,1.12903697836444
I83S1C7J1V1,DIBUJANTE PROYECTISTA,UNIVERSIDAD DE PLAYA ANCHA DE CIENCIAS DE LA EDUCACION,Engineering & Construction,-0.297466893098895,1121110.11544918,22,4,2022,2025,1.12111011544918
I111S16C489J1V1,TECNICO EN ENERGIAS RENOVABLES,IP DUOC UC,Engineering & Construction,-0.295072770500149,1443832.59911894,27,3,2022,2024,1.44383259911894
I430S4C325J2V1,TECNICO EN AUTOMATIZACION Y ROBOTICA,CFT INACAP,Engineering & Construction,-0.293340861647551,1375647.42934966,11,4,2022,2025,1.37564742934966
I116S39C150J1V1,INGENIERIA EN SONIDO,IP SANTO TOMAS,Engineering & Construction,-0.292934964621465,1004965.78000294,192,5,2021,2025,1.00496578000294
I88S2C71J1V3,TECNICO UNIVERSITARIO EN MECANICA AUTOMOTRIZ,UNIVERSIDAD TECNICA FEDERICO SANTA MARIA,Engineering & Construction,-0.290889973893662,1283727.82552374,249,4,2022,2025,1.28372782552374
I39S7C42J1V1,ARQUITECTURA,UNIVERSIDAD SAN SEBASTIAN,Engineering & Construction,-0.290768994043633,1314055.91995981,24,3,2023,2025,1.31405591995981
I19S1C13J1V1,ARQUITECTURA,UNIVERSIDAD DE LAS AMERICAS,Engineering & Construction,-0.290086561789981,1273729.54741122,203,4,2022,2025,1.27372954741122
I100S34C168J2V1,"INGENIERIA EN TELECOMUNICACIONES, CONECTIVIDAD Y REDES",IP INACAP,Engineering & Construction,-0.283855195509787,1559647.7386782,15,3,2022,2024,1.5596477386782
I100S9C318J2V1,INGENIERIA EN MECATRONICA,IP INACAP,Engineering & Construction,-0.280613541215631,1443832.59911894,13,4,2022,2025,1.44383259911894
I93S3C65J2V2,TECNICO UNIVERSITARIO EN CONSTRUCCION,UNIVERSIDAD CATOLICA DE LA SANTISIMA CONCEPCION,Engineering & Construction,-0.278891865093199,1004717.92267911,10,4,2022,2025,1.00471792267911
I111S6C76J1V1,TECNOLOGIA EN SONIDO,IP DUOC UC,Engineering & Construction,-0.278143145854345,754668.260650727,58,4,2022,2025,0.754668260650727
I80S1C83J1V3,INGENIERIA DE EJECUCION ELECTRICA,UNIVERSIDAD DE TARAPACA,Engineering & Construction,-0.274799361803103,1901336.44860739,11,3,2022,2024,1.90133644860739
I111S9C505J2V1,ADMINISTRACION DE REDES Y TELECOMUNICACIONES,IP DUOC UC,Engineering & Construction,-0.274325810468941,1051733.10566233,12,2,2024,2025,1.05173310566233
I111S3C58J1V1,TECNICO EN MECANICA AUTOMOTRIZ Y AUTOTRONICA,IP DUOC UC,Engineering & Construction,-0.273590026493108,1086037.23242729,33,3,2022,2024,1.08603723242729
I100S38C295J1V1,INGENIERIA EN ELECTRONICA Y SISTEMAS INTELIGENTES,IP INACAP,Engineering & Construction,-0.269455665212868,1556398.46902657,63,4,2022,2025,1.55639846902657
I143S25C616J1V2,TECNICO EN ELECTRICIDAD Y ELECTRONICA,IP AIEP,Engineering & Construction,-0.268611516159319,1258623.63111319,16,4,2022,2025,1.25862363111319
I26S1C2J1V2,ARQUITECTURA,"UNIVERSIDAD DE ARTES, CIENCIAS Y COMUNICACION - UNIACC",Engineering & Construction,-0.267471979254168,1512896.95206075,35,4,2022,2025,1.51289695206075
I143S17C690J2V1,INGENIERIA EN MINAS,IP AIEP,Engineering & Construction,-0.266352856648299,1950807.11577664,12,5,2021,2025,1.95080711577664
I19S1C126J1V1,CONSTRUCCION CIVIL,UNIVERSIDAD DE LAS AMERICAS,Engineering & Construction,-0.265799593641792,1517076.3016322,79,4,2022,2025,1.5170763016322
I111S2C380J2V1,TECNICO EN MAQUINARIA Y VEHICULOS PESADOS,IP DUOC UC,Engineering & Construction,-0.264235973950174,1337193.29590952,18,4,2022,2025,1.33719329590952
I111S16C419J1V1,TECNICO EN ELECTRICIDAD Y AUTOMATIZACION INDUSTRIAL,IP DUOC UC,Engineering & Construction,-0.2602321349068,1258623.63111319,72,4,2022,2025,1.25862363111319
I111S21C419J1V1,TECNICO EN ELECTRICIDAD Y AUTOMATIZACION INDUSTRIAL,IP DUOC UC,Engineering & Construction,-0.259729758377399,1258623.63111319,51,4,2022,2025,1.25862363111319
I430S22C343J1V1,TECNICO EN TOPOGRAFIA Y GEOMATICA,CFT INACAP,Engineering & Construction,-0.25617519908146,1311353.94709306,12,3,2022,2024,1.31135394709306
I100S26C21J2V1,INGENIERIA EN MANTENIMIENTO INDUSTRIAL,IP INACAP,Engineering & Construction,-0.254544917489914,1730964.00072679,13,4,2022,2025,1.73096400072679
I143S23C664J1V1,INGENIERIA EN ELECTRICIDAD Y ENERGIAS RENOVABLES,IP AIEP,Engineering & Construction,-0.25390846265872,1835105.47479039,11,3,2022,2024,1.83510547479039
I31S2C11J1V1,INGENIERIA EN CONSTRUCCION,UNIVERSIDAD AUTONOMA DE CHILE,Engineering & Construction,-0.252399527218258,1434010.06961299,142,4,2022,2025,1.43401006961299
I430S28C325J1V1,TECNICO EN AUTOMATIZACION Y ROBOTICA,CFT INACAP,Engineering & Construction,-0.252326064281973,1375647.42934966,37,4,2022,2025,1.37564742934966
I100S26C176J2V1,CONSTRUCCION CIVIL,IP INACAP,Engineering & Construction,-0.250472909438473,1542853.16715766,15,4,2022,2025,1.54285316715766
I31S1C11J1V1,INGENIERIA EN CONSTRUCCION,UNIVERSIDAD AUTONOMA DE CHILE,Engineering & Construction,-0.247523275921358,1434010.06961299,151,5,2021,2025,1.43401006961299
I100S10C176J2V1,CONSTRUCCION CIVIL,IP INACAP,Engineering & Construction,-0.246824590576751,1542853.16715766,12,4,2022,2025,1.54285316715766
I144S1C160J1V1,SONIDO PROFESIONAL,IP ARCOS,Engineering & Construction,-0.246237990940096,1004965.78000294,37,3,2022,2024,1.00496578000294
I85S4C37J1V1,QUIMICA INDUSTRIAL,UNIVERSIDAD TECNOLOGICA METROPOLITANA,Engineering & Construction,-0.245248488091041,1801754.01408022,51,4,2022,2025,1.80175401408022
I143S26C51J1V1,INGENIERIA DE EJECUCION EN SONIDO,IP AIEP,Engineering & Construction,-0.245180998821001,1004965.78000294,45,3,2022,2024,1.00496578000294
I143S10C664J2V1,INGENIERIA EN ELECTRICIDAD Y ENERGIAS RENOVABLES,IP AIEP,Engineering & Construction,-0.244473866246734,1835105.47479039,13,4,2022,2025,1.83510547479039
I100S23C21J2V1,INGENIERIA EN MANTENIMIENTO INDUSTRIAL,IP INACAP,Engineering & Construction,-0.24362291126646,1730964.00072679,13,4,2022,2025,1.73096400072679
I100S37C334J1V1,INGENIERIA EN TELECOMUNICACIONES Y SERVICIOS DIGITALES,IP INACAP,Engineering & Construction,-0.240998386011768,1559647.7386782,12,3,2022,2025,1.5596477386782
I100S33C301J1V1,INGENIERIA EN AUTOMATIZACION Y ROBOTICA,IP INACAP,Engineering & Construction,-0.239573584604348,2006780.70125708,38,4,2022,2025,2.00678070125708
I100S5C301J2V1,INGENIERIA EN AUTOMATIZACION Y ROBOTICA,IP INACAP,Engineering & Construction,-0.239237765514622,2006780.70125708,26,4,2022,2025,2.00678070125708
I4S1C55J1V1,ARQUITECTURA DEL PAISAJE,UNIVERSIDAD CENTRAL DE CHILE,Engineering & Construction,-0.238611421246945,1462302.4273583,70,4,2022,2025,1.4623024273583
I1S1C242J3V2,ARQUITECTURA,UNIVERSIDAD GABRIELA MISTRAL,Engineering & Construction,-0.238422080177033,1491092.10781886,26,4,2022,2025,1.49109210781886
I83S1C19J1V2,INGENIERIA CIVIL INDUSTRIAL,UNIVERSIDAD DE PLAYA ANCHA DE CIENCIAS DE LA EDUCACION,Engineering & Construction,-0.232941861307725,1965538.03180561,47,4,2022,2025,1.96553803180561
I111S25C413J1V1,INGENIERIA EN ELECTRICIDAD Y AUTOMATIZACION INDUSTRIAL,IP DUOC UC,Engineering & Construction,-0.232805903741257,1835105.47479039,160,4,2022,2025,1.83510547479039
I3S1C127J2V2,INGENIERIA EN INDUSTRIA Y LOGISTICA,UNIVERSIDAD DIEGO PORTALES,Engineering & Construction,-0.23280543673813,1861343.53679037,13,3,2023,2025,1.86134353679037
I111S21C413J2V1,INGENIERIA EN ELECTRICIDAD Y AUTOMATIZACION INDUSTRIAL,IP DUOC UC,Engineering & Construction,-0.231684102480663,1835105.47479039,78,4,2022,2025,1.83510547479039
I4S1C1J1V1,ARQUITECTURA,UNIVERSIDAD CENTRAL DE CHILE,Engineering & Construction,-0.231627581220771,1363244.82766285,153,3,2022,2024,1.36324482766285
I100S4C301J1V1,INGENIERIA EN AUTOMATIZACION Y ROBOTICA,IP INACAP,Engineering & Construction,-0.230577744152695,2006780.70125708,43,4,2022,2025,2.00678070125708
I100S15C301J1V1,INGENIERIA EN AUTOMATIZACION Y ROBOTICA,IP INACAP,Engineering & Construction,-0.226560463731313,2006780.70125708,36,4,2022,2025,2.00678070125708
I100S31C325J1V1,INGENIERIA EN CLIMATIZACION Y REFRIGERACION,IP INACAP,Engineering & Construction,-0.222798641832084,1358402.86917131,10,3,2023,2025,1.35840286917131
I139S3C6J1V1,INGENIERIA DE EJECUCION EN ELECTRICIDAD,IP DR. VIRGINIO GOMEZ G.,Engineering & Construction,-0.222181566598816,1835105.47479039,13,4,2022,2025,1.83510547479039
I71S1C110J1V1,TECNOLOGIA EN TELECOMUNICACIONES,UNIVERSIDAD DE SANTIAGO DE CHILE,Engineering & Construction,-0.221777516990791,1862549.17557968,190,4,2022,2025,1.86254917557968
I100S20C318J2V1,INGENIERIA EN MECATRONICA,IP INACAP,Engineering & Construction,-0.221207625015716,1443832.59911894,13,4,2022,2025,1.44383259911894
I79S1C57J1V1,CONSTRUCCION CIVIL Y LICENCIATURA EN CONSTRUCCION CIVIL,UNIVERSIDAD DE ATACAMA,Engineering & Construction,-0.215868937172129,1750242.22721506,101,4,2022,2025,1.75024222721506
I100S31C301J1V1,INGENIERIA EN AUTOMATIZACION Y ROBOTICA,IP INACAP,Engineering & Construction,-0.215317042160855,2006780.70125708,31,4,2022,2025,2.00678070125708
I88S3C487J1V1,TECNICO UNIVERSITARIO EN BIOTECNOLOGIA,UNIVERSIDAD TECNICA FEDERICO SANTA MARIA,Engineering & Construction,-0.212888114047628,1907535.27354803,21,4,2022,2025,1.90753527354803
I13S1C38J1V1,BIOTECNOLOGIA,UNIVERSIDAD SANTO TOMAS,Engineering & Construction,-0.211298199839868,1332844.6834136,75,4,2022,2025,1.3328446834136
I100S26C304J2V1,INGENIERIA EN MECANICA Y ELECTROMOVILIDAD AUTOMOTRIZ,IP INACAP,Engineering & Construction,-0.210682897707622,1252025.70600038,26,4,2022,2025,1.25202570600038
I111S12C413J2V1,INGENIERIA EN ELECTRICIDAD Y AUTOMATIZACION INDUSTRIAL,IP DUOC UC,Engineering & Construction,-0.210213056383516,1835105.47479039,29,4,2022,2025,1.83510547479039
I430S36C158J2V1,REFRIGERACION,CFT INACAP,Engineering & Construction,-0.208227145217422,1053396.92466887,17,2,2022,2023,1.05339692466887
I430S25C325J1V1,TECNICO EN AUTOMATIZACION Y ROBOTICA,CFT INACAP,Engineering & Construction,-0.206380668561153,1375647.42934966,27,4,2022,2025,1.37564742934966
I430S38C325J1V1,TECNICO EN AUTOMATIZACION Y ROBOTICA,CFT INACAP,Engineering & Construction,-0.203752524917556,1375647.42934966,21,3,2023,2025,1.37564742934966
I143S26C5J1V1,INGENIERIA EN SONIDO,IP AIEP,Engineering & Construction,-0.202360322246946,1004965.78000294,16,3,2022,2025,1.00496578000294
I71S1C104J1V1,TECNOLOGIA EN CONSTRUCCIONES,UNIVERSIDAD DE SANTIAGO DE CHILE,Engineering & Construction,-0.200881996608026,1862549.17557968,74,4,2022,2025,1.86254917557968
I75S2C20J1V2,INGENIERIA EN ALIMENTOS,UNIVERSIDAD DEL BIO-BIO,Engineering & Construction,-0.200602533331159,1453217.4083091,72,4,2022,2025,1.4532174083091
I430S39C325J1V1,TECNICO EN AUTOMATIZACION Y ROBOTICA,CFT INACAP,Engineering & Construction,-0.199112692652901,1375647.42934966,14,3,2023,2025,1.37564742934966
I260S34C78J2V1,TECNICO EN CONSTRUCCIONES CIVILES,CFT SANTO TOMAS,Engineering & Construction,-0.19903721411176,1018875.71488599,19,4,2022,2025,1.01887571488599
I85S4C9J1V1,DIBUJANTE PROYECTISTA,UNIVERSIDAD TECNOLOGICA METROPOLITANA,Engineering & Construction,-0.198669417970283,1801754.01408022,25,4,2022,2025,1.80175401408022
I84S1C22J1V1,INGENIERIA EN ALIMENTOS,UNIVERSIDAD DE LOS LAGOS,Engineering & Construction,-0.198410610844387,1093497.20489335,46,4,2022,2025,1.09349720489335
I92S1C229J2V1,CONSTRUCCION CIVIL,UNIVERSIDAD CATOLICA DEL MAULE,Engineering & Construction,-0.1978301395886,1519504.00748863,25,4,2022,2025,1.51950400748863
I72S1C36J1V1,INGENIERIA EN CONSTRUCCION,UNIVERSIDAD DE VALPARAISO,Engineering & Construction,-0.194646889172308,1597026.04793753,60,3,2022,2024,1.59702604793753
I10S4C226J1V1,INGENIERIA EN CONSTRUCCION,UNIVERSIDAD MAYOR,Engineering & Construction,-0.194325073805024,1584190.84278388,74,4,2022,2025,1.58419084278388
I4S7C1J1V1,ARQUITECTURA,UNIVERSIDAD CENTRAL DE CHILE,Engineering & Construction,-0.193410579946343,1363244.82766285,114,4,2021,2024,1.36324482766285
I100S30C294J1V1,INGENIERIA ELECTRICA,IP INACAP,Engineering & Construction,-0.192623062557599,1835105.47479039,23,3,2023,2025,1.83510547479039
I430S22C78J1V1,ELECTRICIDAD INDUSTRIAL MENCION INSTALACIONES ELECTRICAS,CFT INACAP,Engineering & Construction,-0.191234264203596,1297234.25782503,18,1,2022,2022,1.29723425782503
I139S1C5J1V1,INGENIERIA DE EJECUCION MECANICA,IP DR. VIRGINIO GOMEZ G.,Engineering & Construction,-0.190361856676754,1674958.13033335,29,4,2022,2025,1.67495813033335
I430S29C149J2V1,TECNICO EN CONSTRUCCION,CFT INACAP,Engineering & Construction,-0.186400268511846,1088017.67293263,11,3,2022,2024,1.08801767293263
I92S1C442J2V1,INGENIERIA EN EJECUCION INDUSTRIAL (VESPERTINA),UNIVERSIDAD CATOLICA DEL MAULE,Engineering & Construction,-0.185097413518073,1645960.57271653,16,4,2022,2025,1.64596057271653
I20S4C5J1V1,ARQUITECTURA,UNIVERSIDAD ANDRES BELLO,Engineering & Construction,-0.183303195059342,1328425.85493296,57,4,2022,2025,1.32842585493296
I100S38C301J1V1,INGENIERIA EN AUTOMATIZACION Y ROBOTICA,IP INACAP,Engineering & Construction,-0.182345934590212,2006780.70125708,46,4,2022,2025,2.00678070125708
I88S2C67J1V3,TECNICO UNIVERSITARIO EN ELECTRICIDAD,UNIVERSIDAD TECNICA FEDERICO SANTA MARIA,Engineering & Construction,-0.181948994712459,1474970.03632691,256,4,2022,2025,1.47497003632691
I73S2C180J1V1,INGENIERIA CIVIL EN PROCESOS MINERALES,UNIVERSIDAD DE ANTOFAGASTA,Engineering & Construction,-0.179732693949888,3350026.97502376,15,2,2024,2025,3.35002697502376
I143S6C43J1V2,TECNICO EN SONIDO,IP AIEP,Engineering & Construction,-0.176701697373069,754668.260650727,10,3,2022,2024,0.754668260650727
I85S1C58J1V1,INGENIERIA EN CONSTRUCCION,UNIVERSIDAD TECNOLOGICA METROPOLITANA,Engineering & Construction,-0.169957477090945,1646637.018529,90,3,2022,2024,1.646637018529
I111S12C419J1V1,TECNICO EN ELECTRICIDAD Y AUTOMATIZACION INDUSTRIAL,IP DUOC UC,Engineering & Construction,-0.167808194468192,1258623.63111319,42,4,2022,2025,1.25862363111319
I71S1C913J1V1,ANALISIS Y GESTION DE PROCESOS PRODUCTIVOS,UNIVERSIDAD DE SANTIAGO DE CHILE,Engineering & Construction,-0.165473019002341,1862549.17557968,80,4,2022,2025,1.86254917557968
I91S1C386J1V2,INGENIERIA EN METALURGIA,UNIVERSIDAD CATOLICA DEL NORTE,Engineering & Construction,-0.163777329118079,1926748.60579297,49,4,2022,2025,1.92674860579297
I116S34C22J1V1,TECNICO EN SONIDO,IP SANTO TOMAS,Engineering & Construction,-0.162845785834417,754668.260650727,10,1,2022,2022,0.754668260650727
I85S1C3J1V1,ARQUITECTURA,UNIVERSIDAD TECNOLOGICA METROPOLITANA,Engineering & Construction,-0.160974573203001,1417410.56461587,403,4,2022,2025,1.41741056461587
I75S1C18J1V2,INGENIERIA DE EJECUCION EN ELECTRICIDAD,UNIVERSIDAD DEL BIO-BIO,Engineering & Construction,-0.160284766352221,1830412.01316761,78,3,2022,2024,1.83041201316761
I88S2C68J1V3,TECNICO UNIVERSITARIO EN ELECTRONICA,UNIVERSIDAD TECNICA FEDERICO SANTA MARIA,Engineering & Construction,-0.152515675828046,1282593.59869956,168,4,2022,2025,1.28259359869956
I100S38C294J1V1,INGENIERIA ELECTRICA,IP INACAP,Engineering & Construction,-0.151725650906004,1835105.47479039,93,4,2022,2025,1.83510547479039
I94S1C441J1V1,INGENIERIA EN CONSTRUCCION,UNIVERSIDAD CATOLICA DE TEMUCO,Engineering & Construction,-0.150494846971853,1483400.88909921,161,4,2022,2025,1.48340088909921
I85S1C212J1V1,INGENIERIA CIVIL EN OBRAS CIVILES,UNIVERSIDAD TECNOLOGICA METROPOLITANA,Engineering & Construction,-0.148846089714763,1970450.40615826,57,2,2022,2023,1.97045040615826
I88S2C487J1V1,TECNICO UNIVERSITARIO EN BIOTECNOLOGIA,UNIVERSIDAD TECNICA FEDERICO SANTA MARIA,Engineering & Construction,-0.145756331583381,1907535.27354803,58,4,2022,2025,1.90753527354803
I139S1C217J2V1,TECNICO EN AUTOMATIZACION Y CONTROL,IP DR. VIRGINIO GOMEZ G.,Engineering & Construction,-0.144403408855345,1385840.68023891,14,4,2022,2025,1.38584068023891
I71S1C36J1V1,INGENIERIA DE ALIMENTOS,UNIVERSIDAD DE SANTIAGO DE CHILE,Engineering & Construction,-0.143679345472279,1862549.17557968,82,4,2022,2025,1.86254917557968
I88S2C61J1V3,TECNICO UNIVERSITARIO EN PROYECTOS DE INGENIERIA,UNIVERSIDAD TECNICA FEDERICO SANTA MARIA,Engineering & Construction,-0.142632528245154,1907535.27354803,61,4,2022,2025,1.90753527354803
I84S6C18J1V2,INGENIERIA CIVIL INDUSTRIAL,UNIVERSIDAD DE LOS LAGOS,Engineering & Construction,-0.13551404339479,1939327.53278366,26,2,2024,2025,1.93932753278366
I22S1C8J1V2,INGENIERIA CIVIL INDUSTRIAL,UNIVERSIDAD DE VIÑA DEL MAR,Engineering & Construction,-0.134583286521769,1934800.80481226,28,4,2022,2025,1.93480080481226
I94S1C500J1V1,INGENIERIA ELECTRICA,UNIVERSIDAD CATOLICA DE TEMUCO,Engineering & Construction,-0.134056968774159,1885575.70982884,127,4,2022,2025,1.88557570982884
I100S21C294J1V1,INGENIERIA ELECTRICA,IP INACAP,Engineering & Construction,-0.132181319082676,1835105.47479039,43,4,2022,2025,1.83510547479039
I75S1C6J1V2,DISEÑO INDUSTRIAL,UNIVERSIDAD DEL BIO-BIO,Engineering & Construction,-0.125686006685683,1067127.94946306,139,4,2022,2025,1.06712794946306
I88S3C363J1V2,TECNICO UNIVERSITARIO EN ROBOTICA Y MECATRONICA,UNIVERSIDAD TECNICA FEDERICO SANTA MARIA,Engineering & Construction,-0.123513755113401,1907535.27354803,41,4,2022,2025,1.90753527354803
I100S37C301J1V1,INGENIERIA EN AUTOMATIZACION Y ROBOTICA,IP INACAP,Engineering & Construction,-0.11981250590077,2006780.70125708,13,3,2023,2025,2.00678070125708
I85S4C35J1V1,INGENIERIA EN QUIMICA,UNIVERSIDAD TECNOLOGICA METROPOLITANA,Engineering & Construction,-0.119207735139273,1569666.21289748,41,3,2022,2024,1.56966621289748
I42S1C367J1V1,INGENIERIA CIVIL INDUSTRIAL,UNIVERSIDAD CATOLICA CARDENAL RAUL SILVA HENRIQUEZ,Engineering & Construction,-0.117456999467635,2035579.14782513,112,4,2022,2025,2.03557914782513
I74S1C25J1V1,INGENIERIA EN ALIMENTOS,UNIVERSIDAD DE LA SERENA,Engineering & Construction,-0.116710618344168,1628494.89137712,32,3,2022,2024,1.62849489137712
I73S2C295J1V1,INGENIERIA CIVIL EN MINAS,UNIVERSIDAD DE ANTOFAGASTA,Engineering & Construction,-0.108191072119645,3350026.97502376,141,4,2022,2025,3.35002697502376
I90S1C44J1V1,INGENIERIA EN ALIMENTOS,UNIVERSIDAD AUSTRAL DE CHILE,Engineering & Construction,-0.0999170667066606,1595374.62639613,28,3,2022,2024,1.59537462639613
I100S13C309J1V1,INGENIERIA EN ENERGIA,IP INACAP,Engineering & Construction,-0.0990148888770517,1443832.59911894,24,4,2022,2025,1.44383259911894
I430S21C325J1V1,TECNICO EN AUTOMATIZACION Y ROBOTICA,CFT INACAP,Engineering & Construction,-0.0902545798449258,1375647.42934966,13,3,2022,2024,1.37564742934966
I111S6C62J1V1,INGENIERIA EN SONIDO,IP DUOC UC,Engineering & Construction,-0.0735447493411887,1004965.78000294,79,4,2022,2025,1.00496578000294
I100S23C304J2V1,INGENIERIA EN MECANICA Y ELECTROMOVILIDAD AUTOMOTRIZ,IP INACAP,Engineering & Construction,-0.0716162526787053,1252025.70600038,17,4,2022,2025,1.25202570600038
I79S1C7J1V2,INGENIERIA CIVIL EN METALURGIA,UNIVERSIDAD DE ATACAMA,Engineering & Construction,-0.0713406523173937,3430016.47128958,127,3,2022,2024,3.43001647128958
I31S3C11J1V1,INGENIERIA EN CONSTRUCCION,UNIVERSIDAD AUTONOMA DE CHILE,Engineering & Construction,-0.0654318264377432,1434010.06961299,143,4,2022,2025,1.43401006961299
I100S13C301J2V1,INGENIERIA EN AUTOMATIZACION Y ROBOTICA,IP INACAP,Engineering & Construction,-0.0630795785465356,2006780.70125708,17,4,2022,2025,2.00678070125708
I20S3C5J1V2,ARQUITECTURA,UNIVERSIDAD ANDRES BELLO,Engineering & Construction,-0.0630719981202573,1328425.85493296,205,4,2022,2025,1.32842585493296
I79S1C7J1V3,INGENIERIA CIVIL EN METALURGIA,UNIVERSIDAD DE ATACAMA,Engineering & Construction,-0.062282818416242,3430016.47128958,59,3,2023,2025,3.43001647128958
I100S21C21J2V1,INGENIERIA EN MANTENIMIENTO INDUSTRIAL,IP INACAP,Engineering & Construction,-0.0572042602353077,1730964.00072679,15,5,2021,2025,1.73096400072679
I4S7C763J1V1,INGENIERIA CIVIL EN MINAS,UNIVERSIDAD CENTRAL DE CHILE,Engineering & Construction,-0.054458161643211,3091285.73581717,142,4,2022,2025,3.09128573581717
I75S1C305J1V1,INGENIERIA ELECTRONICA,UNIVERSIDAD DEL BIO-BIO,Engineering & Construction,-0.0522024040021192,1569362.10185262,36,3,2023,2025,1.56936210185262
I88S4C60J1V2,TECNICO UNIVERSITARIO EN MANTENIMIENTO AERONAUTICO,UNIVERSIDAD TECNICA FEDERICO SANTA MARIA,Engineering & Construction,-0.0511842769411865,1553226.21548638,132,3,2022,2024,1.55322621548638
I80S1C49J1V1,INGENIERIA QUIMICA AMBIENTAL,UNIVERSIDAD DE TARAPACA,Engineering & Construction,-0.0488484368151877,1425879.97301175,36,4,2022,2025,1.42587997301175
I91S1C100J1V2,INGENIERIA EN CONSTRUCCION,UNIVERSIDAD CATOLICA DEL NORTE,Engineering & Construction,-0.0471542599850187,1718542.21771437,33,3,2022,2024,1.71854221771437
I4S1C763J1V2,INGENIERIA CIVIL EN MINAS,UNIVERSIDAD CENTRAL DE CHILE,Engineering & Construction,-0.0465183630535989,3091285.73581717,155,4,2022,2025,3.09128573581717
I31S2C3J1V2,ARQUITECTURA,UNIVERSIDAD AUTONOMA DE CHILE,Engineering & Construction,-0.0456311212661752,1234383.16979584,122,4,2022,2025,1.23438316979584
I85S4C266J1V1,INGENIERIA CIVIL EN MECANICA,UNIVERSIDAD TECNOLOGICA METROPOLITANA,Engineering & Construction,-0.0433042085072488,2584239.19824873,55,2,2022,2023,2.58423919824873
I85S1C212J1V2,INGENIERIA CIVIL EN OBRAS CIVILES,UNIVERSIDAD TECNOLOGICA METROPOLITANA,Engineering & Construction,-0.0428601683973645,1970450.40615826,68,3,2023,2025,1.97045040615826
I72S1C148J1V1,INGENIERIA CIVIL,UNIVERSIDAD DE VALPARAISO,Engineering & Construction,-0.0425406652547428,2071595.77921499,33,2,2022,2023,2.07159577921499
I39S2C42J1V1,ARQUITECTURA,UNIVERSIDAD SAN SEBASTIAN,Engineering & Construction,-0.0380082403431465,1314055.91995981,265,4,2022,2025,1.31405591995981
I100S38C168J2V1,"INGENIERIA EN TELECOMUNICACIONES, CONECTIVIDAD Y REDES",IP INACAP,Engineering & Construction,-0.0342920301597002,1559647.7386782,12,3,2022,2024,1.5596477386782
I10S5C226J1V1,INGENIERIA EN CONSTRUCCION,UNIVERSIDAD MAYOR,Engineering & Construction,-0.0306624910354475,1584190.84278388,87,4,2022,2025,1.58419084278388
I84S2C2J1V2,ARQUITECTURA,UNIVERSIDAD DE LOS LAGOS,Engineering & Construction,-0.0290281278062945,1213525.80530883,187,4,2022,2025,1.21352580530883
I85S4C70J1V1,INGENIERIA INDUSTRIAL,UNIVERSIDAD TECNOLOGICA METROPOLITANA,Engineering & Construction,-0.0192704658896726,1828704.12407919,18,2,2022,2023,1.82870412407919
I19S4C27J1V1,INGENIERIA CIVIL INDUSTRIAL,UNIVERSIDAD DE LAS AMERICAS,Engineering & Construction,-0.0185591746153266,2035538.73334076,104,4,2022,2025,2.03553873334076
I72S1C148J1V2,INGENIERIA CIVIL,UNIVERSIDAD DE VALPARAISO,Engineering & Construction,-0.0183385223392827,2071595.77921499,73,4,2022,2025,2.07159577921499
I69S1C583J1V1,INGENIERIA CIVIL PLAN COMUN,UNIVERSIDAD ALBERTO HURTADO,Engineering & Construction,-0.017700756332602,2004081.28574502,170,4,2022,2025,2.00408128574502
I39S6C42J1V1,ARQUITECTURA,UNIVERSIDAD SAN SEBASTIAN,Engineering & Construction,-0.0134326497273394,1314055.91995981,255,4,2022,2025,1.31405591995981
I85S4C213J1V1,INGENIERIA EN BIOTECNOLOGIA,UNIVERSIDAD TECNOLOGICA METROPOLITANA,Engineering & Construction,-0.0129132380214733,1326726.48262231,133,4,2022,2025,1.32672648262231
I73S2C294J1V1,INGENIERIA CIVIL MECANICA,UNIVERSIDAD DE ANTOFAGASTA,Engineering & Construction,-0.0094239611763926,2693519.08416428,145,4,2022,2025,2.69351908416428
I87S1C233J1V1,INGENIERIA EN BIOTECNOLOGIA MARINA Y ACUICULTURA,UNIVERSIDAD DE CONCEPCION,Engineering & Construction,-0.00855822279135994,1256649.17559373,35,4,2022,2025,1.25664917559373
I94S1C134J1V1,INGENIERIA CIVIL PLAN COMUN,UNIVERSIDAD CATOLICA DE TEMUCO,Engineering & Construction,0.00132731275042581,1924205.94811856,74,4,2022,2025,1.92420594811856
I87S3C260J1V1,INGENIERIA EN BIOTECNOLOGIA VEGETAL,UNIVERSIDAD DE CONCEPCION,Engineering & Construction,0.00210687048352032,1256649.17559373,37,4,2022,2025,1.25664917559373
I88S3C417J1V1,INGENIERIA EN MANTENIMIENTO INDUSTRIAL,UNIVERSIDAD TECNICA FEDERICO SANTA MARIA,Engineering & Construction,0.00219994104938309,1897914.55576661,68,4,2022,2025,1.89791455576661
I4S1C11J1V1,INGENIERIA CIVIL EN OBRAS CIVILES,UNIVERSIDAD CENTRAL DE CHILE,Engineering & Construction,0.00540414304159035,1895150.48879955,58,4,2022,2025,1.89515048879955
I88S3C493J1V1,INGENIERIA EN BIOTECNOLOGIA,UNIVERSIDAD TECNICA FEDERICO SANTA MARIA,Engineering & Construction,0.00560988825987561,1376938.71290295,34,4,2022,2025,1.37693871290295
I4S1C1J1V3,ARQUITECTURA,UNIVERSIDAD CENTRAL DE CHILE,Engineering & Construction,0.0146974403308077,1363244.82766285,79,3,2023,2025,1.36324482766285
I85S4C229J1V1,INGENIERIA CIVIL EN ELECTRONICA,UNIVERSIDAD TECNOLOGICA METROPOLITANA,Engineering & Construction,0.0147224338965411,2479523.38767177,53,2,2022,2023,2.47952338767177
I81S1C13J1V1,INGENIERIA CIVIL METALURGICA,UNIVERSIDAD ARTURO PRAT,Engineering & Construction,0.0167738426850815,3107569.18218004,79,4,2022,2025,3.10756918218004
I4S1C54J1V1,INGENIERIA CIVIL INDUSTRIAL,UNIVERSIDAD CENTRAL DE CHILE,Engineering & Construction,0.018049670280772,2178592.50841285,154,4,2022,2025,2.17859250841285
I93S1C21J1V1,INGENIERIA CIVIL,UNIVERSIDAD CATOLICA DE LA SANTISIMA CONCEPCION,Engineering & Construction,0.0180804756475829,1800393.82966105,181,3,2022,2024,1.80039382966105
I39S2C155J1V1,INGENIERIA CIVIL EN MINAS,UNIVERSIDAD SAN SEBASTIAN,Engineering & Construction,0.0192078465064521,2979745.265861,183,4,2022,2025,2.979745265861
I20S4C329J1V1,INGENIERIA CIVIL EN MINAS,UNIVERSIDAD ANDRES BELLO,Engineering & Construction,0.0197612229770458,3012330.44359703,44,4,2021,2025,3.01233044359703
I81S1C2J1V2,ARQUITECTURA,UNIVERSIDAD ARTURO PRAT,Engineering & Construction,0.0213060386930594,1331350.96434868,131,4,2022,2025,1.33135096434868
I90S1C46J1V1,INGENIERIA EN CONSTRUCCION,UNIVERSIDAD AUSTRAL DE CHILE,Engineering & Construction,0.0218320621641267,1536526.28177831,130,4,2022,2025,1.53652628177831
I88S2C346J1V2,INGENIERIA EN FABRICACION Y DISEÑO INDUSTRIAL,UNIVERSIDAD TECNICA FEDERICO SANTA MARIA,Engineering & Construction,0.0252077662847297,1897914.55576661,34,3,2022,2025,1.89791455576661
I74S1C222J1V1,INGENIERIA MECANICA,UNIVERSIDAD DE LA SERENA,Engineering & Construction,0.0285267203197981,1644897.32193508,154,4,2022,2025,1.64489732193508
I10S5C183J1V1,ARQUITECTURA,UNIVERSIDAD MAYOR,Engineering & Construction,0.0288596116960044,1363657.44949396,303,5,2021,2025,1.36365744949396
I75S1C15J1V1,INGENIERIA DE EJECUCION EN ELECTRONICA,UNIVERSIDAD DEL BIO-BIO,Engineering & Construction,0.0347466840956224,1569362.10185262,29,2,2022,2023,1.56936210185262
I72S1C756J1V1,INGENIERIA - PLAN COMUN,UNIVERSIDAD DE VALPARAISO,Engineering & Construction,0.0412475099210608,1643073.16398989,57,3,2023,2025,1.64307316398989
I89S1C45J1V2,INGENIERIA EN CONSTRUCCION,PONTIFICIA UNIVERSIDAD CATOLICA DE VALPARAISO,Engineering & Construction,0.047893575226183,1532456.87960528,177,4,2022,2025,1.53245687960528
I85S4C266J1V2,INGENIERIA CIVIL EN MECANICA,UNIVERSIDAD TECNOLOGICA METROPOLITANA,Engineering & Construction,0.0481416064183719,2584239.19824873,98,4,2022,2025,2.58423919824873
I71S1C108J1V1,TECNOLOGIA EN AUTOMATIZACION INDUSTRIAL,UNIVERSIDAD DE SANTIAGO DE CHILE,Engineering & Construction,0.0501218527392784,1862549.17557968,137,4,2022,2025,1.86254917557968
I85S4C533J1V1,INGENIERIA CIVIL QUIMICA,UNIVERSIDAD TECNOLOGICA METROPOLITANA,Engineering & Construction,0.0546396553429044,2331702.04311859,27,3,2023,2025,2.33170204311859
I50S1C2J1V2,INGENIERIA CIVIL INDUSTRIAL,UNIVERSIDAD BERNARDO O'HIGGINS,Engineering & Construction,0.0548955101507681,1918226.07108776,92,4,2022,2025,1.91822607108776
I88S2C346J1V1,INGENIERIA EN FABRICACION Y DISEÑO INDUSTRIAL,UNIVERSIDAD TECNICA FEDERICO SANTA MARIA,Engineering & Construction,0.0563613701087999,1897914.55576661,29,3,2022,2024,1.89791455576661
I71S1C851J1V1,DISEÑO INDUSTRIAL,UNIVERSIDAD DE SANTIAGO DE CHILE,Engineering & Construction,0.0636012994627831,1251907.48723067,121,4,2022,2025,1.25190748723067
I430S36C325J1V1,TECNICO EN AUTOMATIZACION Y ROBOTICA,CFT INACAP,Engineering & Construction,0.0653923348433501,1375647.42934966,44,4,2022,2025,1.37564742934966
I75S1C307J1V1,INGENIERIA MECANICA,UNIVERSIDAD DEL BIO-BIO,Engineering & Construction,0.0675205121242363,1606200.18265368,26,3,2023,2025,1.60620018265368
I88S2C417J1V1,INGENIERIA EN MANTENIMIENTO INDUSTRIAL,UNIVERSIDAD TECNICA FEDERICO SANTA MARIA,Engineering & Construction,0.0728178200933021,1897914.55576661,121,4,2022,2025,1.89791455576661
I20S3C329J1V1,INGENIERIA CIVIL EN MINAS,UNIVERSIDAD ANDRES BELLO,Engineering & Construction,0.073918783948603,3012330.44359703,77,4,2022,2025,3.01233044359703
I100S40C301J2V1,INGENIERIA EN AUTOMATIZACION Y ROBOTICA,IP INACAP,Engineering & Construction,0.0742037563621026,2006780.70125708,20,4,2022,2025,2.00678070125708
I4S7C1J1V3,ARQUITECTURA,UNIVERSIDAD CENTRAL DE CHILE,Engineering & Construction,0.0772159817701876,1363244.82766285,50,3,2022,2025,1.36324482766285
I2S1C3J1V1,ARQUITECTURA,UNIVERSIDAD FINIS TERRAE,Engineering & Construction,0.0775318356914235,1466114.92781115,246,5,2021,2025,1.46611492781115
I94S1C207J1V2,INGENIERIA CIVIL EN OBRAS CIVILES,UNIVERSIDAD CATOLICA DE TEMUCO,Engineering & Construction,0.0796437940550812,1775113.67200541,194,4,2022,2025,1.77511367200541
I89S1C46J1V2,INGENIERIA ELECTRICA,PONTIFICIA UNIVERSIDAD CATOLICA DE VALPARAISO,Engineering & Construction,0.0810742703169778,1947931.60080852,129,4,2022,2025,1.94793160080852
I71S1C28J1V1,INGENIERIA DE EJECUCION EN METALURGIA,UNIVERSIDAD DE SANTIAGO DE CHILE,Engineering & Construction,0.0844766362691002,1894017.58730162,78,4,2022,2025,1.89401758730162
I91S1C409J1V1,INGENIERIA CIVIL EN GESTION DE LA CONSTRUCCION,UNIVERSIDAD CATOLICA DEL NORTE,Engineering & Construction,0.0845125044718138,2056495.85961604,13,3,2022,2024,2.05649585961604
I79S1C5J1V1,INGENIERIA CIVIL EN MINAS,UNIVERSIDAD DE ATACAMA,Engineering & Construction,0.0846362217399179,3332216.7890739,240,3,2022,2024,3.3322167890739
I13S1C42J1V1,INGENIERIA CIVIL INDUSTRIAL,UNIVERSIDAD SANTO TOMAS,Engineering & Construction,0.086602860661537,2009332.70190791,103,4,2022,2025,2.00933270190791
I39S6C155J1V1,INGENIERIA CIVIL EN MINAS,UNIVERSIDAD SAN SEBASTIAN,Engineering & Construction,0.0874567065961788,2979745.265861,195,4,2022,2025,2.979745265861
I80S1C70J1V3,INGENIERIA CIVIL ELECTRONICA,UNIVERSIDAD DE TARAPACA,Engineering & Construction,0.0890309753984938,2252391.4396865,69,4,2022,2025,2.2523914396865
I456S1C17J1V1,INSTRUMENTACION Y CONTROL INDUSTRIAL,CFT CEDUC - UCN,Engineering & Construction,0.0900154564569368,1421504.3237974,10,3,2022,2024,1.4215043237974
I20S1C115J4V1,INGENIERIA CIVIL INDUSTRIAL,UNIVERSIDAD ANDRES BELLO,Engineering & Construction,0.0939657228780129,2122948.53925874,11,4,2022,2025,2.12294853925874
I2S1C221J1V1,INGENIERIA CIVIL INDUSTRIAL,UNIVERSIDAD FINIS TERRAE,Engineering & Construction,0.0975514810706621,2342988.53249825,218,5,2021,2025,2.34298853249825
I75S1C21J1V2,INGENIERIA EN CONSTRUCCION,UNIVERSIDAD DEL BIO-BIO,Engineering & Construction,0.099382776015671,1440003.0683452,233,4,2022,2025,1.4400030683452
I92S1C398J2V1,INGENIERIA EN AUTOMATIZACION Y CONTROL,UNIVERSIDAD CATOLICA DEL MAULE,Engineering & Construction,0.102168176924046,1911740.26678488,32,4,2022,2025,1.91174026678488
I88S6C60J1V2,TECNICO UNIVERSITARIO EN MANTENIMIENTO AERONAUTICO,UNIVERSIDAD TECNICA FEDERICO SANTA MARIA,Engineering & Construction,0.102850712683301,1553226.21548638,53,4,2022,2025,1.55322621548638
I31S4C254J1V1,INGENIERIA CIVIL QUIMICA,UNIVERSIDAD AUTONOMA DE CHILE,Engineering & Construction,0.103700371446319,2030614.01604847,113,4,2022,2025,2.03061401604847
I20S1C5J1V1,ARQUITECTURA,UNIVERSIDAD ANDRES BELLO,Engineering & Construction,0.105465561326979,1328425.85493296,298,4,2022,2025,1.32842585493296
I93S1C171J1V1,INGENIERIA CIVIL GEOLOGICA,UNIVERSIDAD CATOLICA DE LA SANTISIMA CONCEPCION,Engineering & Construction,0.110378931617261,1280047.14965684,72,4,2022,2025,1.28004714965684
I75S1C19J1V2,INGENIERIA DE EJECUCION EN MECANICA,UNIVERSIDAD DEL BIO-BIO,Engineering & Construction,0.111092898817781,1606200.18265368,32,3,2022,2024,1.60620018265368
I39S8C42J1V1,ARQUITECTURA,UNIVERSIDAD SAN SEBASTIAN,Engineering & Construction,0.114346144397898,1314055.91995981,193,4,2022,2025,1.31405591995981
I74S1C6J1V1,INGENIERIA EN CONSTRUCCION,UNIVERSIDAD DE LA SERENA,Engineering & Construction,0.116682587950539,1474696.12834058,139,5,2021,2025,1.47469612834058
I77S1C66J1V1,ARQUITECTURA,UNIVERSIDAD DE MAGALLANES,Engineering & Construction,0.118188740311993,1363329.49974052,118,5,2021,2025,1.36332949974052
I143S26C702J1V1,INGENIERIA EN AUTOMATIZACION Y CONTROL INDUSTRIAL,IP AIEP,Engineering & Construction,0.123058987776766,2006780.70125708,13,3,2022,2024,2.00678070125708
I73S2C39J1V3,INGENIERIA CIVIL INDUSTRIAL,UNIVERSIDAD DE ANTOFAGASTA,Engineering & Construction,0.123941311836202,2360941.14051169,161,4,2022,2025,2.36094114051169
I77S1C76J1V1,INGENIERIA EN CONSTRUCCION,UNIVERSIDAD DE MAGALLANES,Engineering & Construction,0.126699412652304,1583809.85634445,55,4,2022,2025,1.58380985634445
I77S1C77J1V1,INGENIERIA PLAN COMUN,UNIVERSIDAD DE MAGALLANES,Engineering & Construction,0.128672579730813,1562496.50641116,133,4,2022,2025,1.56249650641116
I91S1C568J1V1,INGENIERIA CIVIL EN ENERGIA,UNIVERSIDAD CATOLICA DEL NORTE,Engineering & Construction,0.130424495036276,2162102.71408587,43,3,2023,2025,2.16210271408587
I20S1C71J1V1,INGENIERIA INDUSTRIAL,UNIVERSIDAD ANDRES BELLO,Engineering & Construction,0.131072380180518,1713898.4992028,44,4,2022,2025,1.7138984992028
I72S1C1J1V1,ARQUITECTURA,UNIVERSIDAD DE VALPARAISO,Engineering & Construction,0.135088500383574,1374705.88043477,395,4,2022,2025,1.37470588043477
I91S1C401J1V1,QUIMICA INDUSTRIAL,UNIVERSIDAD CATOLICA DEL NORTE,Engineering & Construction,0.135300546380906,2162102.71408587,30,4,2022,2025,2.16210271408587
I85S4C229J1V2,INGENIERIA CIVIL EN ELECTRONICA,UNIVERSIDAD TECNOLOGICA METROPOLITANA,Engineering & Construction,0.137185334079868,2479523.38767177,87,4,2022,2025,2.47952338767177
I75S1C306J1V1,INGENIERIA ELECTRICA,UNIVERSIDAD DEL BIO-BIO,Engineering & Construction,0.139120359821767,1830412.01316761,35,2,2024,2025,1.83041201316761
I89S4C48J1V2,INGENIERIA MECANICA,PONTIFICIA UNIVERSIDAD CATOLICA DE VALPARAISO,Engineering & Construction,0.146763735875615,1709324.49662033,97,4,2022,2025,1.70932449662033
I84S2C443J1V1,INGENIERIA CIVIL ELECTRICA,UNIVERSIDAD DE LOS LAGOS,Engineering & Construction,0.157493912773349,2301412.94172392,74,4,2022,2025,2.30141294172392
I31S2C71J1V1,INGENIERIA CIVIL INDUSTRIAL,UNIVERSIDAD AUTONOMA DE CHILE,Engineering & Construction,0.158487100547111,1972659.54849689,146,4,2022,2025,1.97265954849689
I74S1C223J1V1,INGENIERIA DE MINAS,UNIVERSIDAD DE LA SERENA,Engineering & Construction,0.158928265524244,1965041.7672831,198,4,2022,2025,1.9650417672831
I81S1C426J1V1,INGENIERIA CIVIL ELECTRONICA,UNIVERSIDAD ARTURO PRAT,Engineering & Construction,0.160225186884988,2328976.4699874,55,4,2022,2025,2.3289764699874
I92S1C150J1V1,INGENIERIA EN BIOTECNOLOGIA,UNIVERSIDAD CATOLICA DEL MAULE,Engineering & Construction,0.166479476412235,1194145.87216222,154,4,2022,2025,1.19414587216222
I91S1C592J1V1,INGENIERIA CIVIL EN CONSTRUCCION,UNIVERSIDAD CATOLICA DEL NORTE,Engineering & Construction,0.173875360396844,2056495.85961604,17,2,2024,2025,2.05649585961604
I94S1C208J1V2,INGENIERIA CIVIL GEOLOGICA,UNIVERSIDAD CATOLICA DE TEMUCO,Engineering & Construction,0.175632009319202,1194898.11151824,44,4,2022,2025,1.19489811151824
I84S2C18J1V2,INGENIERIA CIVIL INDUSTRIAL,UNIVERSIDAD DE LOS LAGOS,Engineering & Construction,0.178624160454192,1939327.53278366,65,4,2022,2025,1.93932753278366
I71S1C30J1V1,INGENIERIA DE EJECUCION EN QUIMICA,UNIVERSIDAD DE SANTIAGO DE CHILE,Engineering & Construction,0.18115376424975,1610380.8408593,59,4,2022,2025,1.6103808408593
I85S4C532J1V1,INGENIERIA CIVIL BIOMEDICA,UNIVERSIDAD TECNOLOGICA METROPOLITANA,Engineering & Construction,0.181410826842891,1936426.80931901,48,3,2023,2025,1.93642680931901
I896S1C1J1V1,INGENIERIA CIVIL INDUSTRIAL,UNIVERSIDAD DE AYSEN,Engineering & Construction,0.184180440410094,2218719.57621184,40,4,2022,2025,2.21871957621184
I38S1C148J1V2,INGENIERIA CIVIL INDUSTRIAL,UNIVERSIDAD ADVENTISTA DE CHILE,Engineering & Construction,0.185804067916731,1856082.39786646,65,4,2022,2025,1.85608239786646
I84S2C516J1V1,INGENIERIA CIVIL EN OBRAS CIVILES,UNIVERSIDAD DE LOS LAGOS,Engineering & Construction,0.19026616434474,1687014.67002424,16,2,2024,2025,1.68701467002424
I78S1C448J1V1,INGENIERIA CIVIL PLAN COMUN,UNIVERSIDAD DE TALCA,Engineering & Construction,0.195005428060819,1994558.17775346,29,3,2023,2025,1.99455817775346
I92S1C13J1V1,INGENIERIA EN CONSTRUCCION,UNIVERSIDAD CATOLICA DEL MAULE,Engineering & Construction,0.195083015271146,1482087.54734392,162,4,2022,2025,1.48208754734392
I89S1C47J1V2,INGENIERIA ELECTRONICA,PONTIFICIA UNIVERSIDAD CATOLICA DE VALPARAISO,Engineering & Construction,0.195312427531315,1670121.26740783,81,4,2022,2025,1.67012126740783
I20S1C39J1V1,INGENIERIA EN CONSTRUCCION,UNIVERSIDAD ANDRES BELLO,Engineering & Construction,0.195960073061786,1543261.52472023,85,5,2021,2025,1.54326152472023
I20S4C82J1V1,INGENIERIA EN AUTOMATIZACION Y ROBOTICA,UNIVERSIDAD ANDRES BELLO,Engineering & Construction,0.198151027432055,1990648.3960916,10,2,2024,2025,1.9906483960916
I31S4C71J2V1,INGENIERIA CIVIL INDUSTRIAL,UNIVERSIDAD AUTONOMA DE CHILE,Engineering & Construction,0.200250703264435,1972659.54849689,15,4,2022,2025,1.97265954849689
I85S4C230J1V2,INGENIERIA CIVIL INDUSTRIAL,UNIVERSIDAD TECNOLOGICA METROPOLITANA,Engineering & Construction,0.20058435057688,2265154.41302745,188,4,2022,2025,2.26515441302745
I39S6C53J1V1,INGENIERIA CIVIL,UNIVERSIDAD SAN SEBASTIAN,Engineering & Construction,0.202420532186369,1980200.08220252,57,4,2022,2025,1.98020008220252
I80S1C85J1V3,INGENIERIA DE EJECUCION MECANICA,UNIVERSIDAD DE TARAPACA,Engineering & Construction,0.205948550439333,1668436.90331465,16,3,2022,2024,1.66843690331465
I4S7C54J1V1,INGENIERIA CIVIL INDUSTRIAL,UNIVERSIDAD CENTRAL DE CHILE,Engineering & Construction,0.207799944860819,2178592.50841285,134,4,2022,2025,2.17859250841285
I91S1C31J1V2,INGENIERIA CIVIL METALURGICA,UNIVERSIDAD CATOLICA DEL NORTE,Engineering & Construction,0.207920083483309,3452917.84175448,183,4,2022,2025,3.45291784175448
I87S1C260J1V1,INGENIERIA EN BIOTECNOLOGIA VEGETAL,UNIVERSIDAD DE CONCEPCION,Engineering & Construction,0.210664549001017,1256649.17559373,87,4,2022,2025,1.25664917559373
I81S1C425J1V1,INGENIERIA CIVIL DE MINAS,UNIVERSIDAD ARTURO PRAT,Engineering & Construction,0.214222846360618,3018963.40403747,120,4,2022,2025,3.01896340403747
I75S1C48J1V2,INGENIERIA CIVIL MECANICA,UNIVERSIDAD DEL BIO-BIO,Engineering & Construction,0.215276491739224,2259946.99070989,214,4,2022,2025,2.25994699070989
I13S1C378J1V1,INGENIERIA CIVIL EN MINAS,UNIVERSIDAD SANTO TOMAS,Engineering & Construction,0.217388861242392,2851116.71684029,121,4,2022,2025,2.85111671684029
I94S1C253J1V1,ARQUITECTURA,UNIVERSIDAD CATOLICA DE TEMUCO,Engineering & Construction,0.221251762836232,1276898.34985497,222,4,2022,2025,1.27689834985497
I85S4C230J1V1,INGENIERIA CIVIL INDUSTRIAL,UNIVERSIDAD TECNOLOGICA METROPOLITANA,Engineering & Construction,0.221321025827728,2265154.41302745,138,3,2022,2024,2.26515441302745
I72S5C80J1V1,INGENIERIA CIVIL INDUSTRIAL,UNIVERSIDAD DE VALPARAISO,Engineering & Construction,0.226279519381555,2196908.34075694,216,4,2022,2025,2.19690834075694
I13S5C378J1V1,INGENIERIA CIVIL EN MINAS,UNIVERSIDAD SANTO TOMAS,Engineering & Construction,0.232093830739103,2851116.71684029,32,3,2023,2025,2.85111671684029
I39S2C53J1V2,INGENIERIA CIVIL,UNIVERSIDAD SAN SEBASTIAN,Engineering & Construction,0.235919023669754,1980200.08220252,57,4,2022,2025,1.98020008220252
I92S1C184J1V2,ARQUITECTURA,UNIVERSIDAD CATOLICA DEL MAULE,Engineering & Construction,0.237240278184985,1275767.83690163,208,4,2022,2025,1.27576783690163
I39S2C45J1V2,INGENIERIA CIVIL INDUSTRIAL,UNIVERSIDAD SAN SEBASTIAN,Engineering & Construction,0.24106947054349,2099984.04158113,231,4,2022,2025,2.09998404158113
I93S1C201J1V1,INGENIERIA CIVIL ELECTRICA,UNIVERSIDAD CATOLICA DE LA SANTISIMA CONCEPCION,Engineering & Construction,0.24162425765775,2265780.4426286,190,4,2022,2025,2.2657804426286
I89S1C36J1V2,INGENIERIA CIVIL METALURGICA,PONTIFICIA UNIVERSIDAD CATOLICA DE VALPARAISO,Engineering & Construction,0.248167550197349,3079032.70967996,165,4,2022,2025,3.07903270967996
I84S2C442J1V1,INGENIERIA CIVIL,UNIVERSIDAD DE LOS LAGOS,Engineering & Construction,0.251518833266457,1828707.48719804,41,3,2022,2024,1.82870748719804
I81S1C12J1V2,INGENIERIA CIVIL INDUSTRIAL,UNIVERSIDAD ARTURO PRAT,Engineering & Construction,0.252896915964011,2127623.13719601,151,4,2022,2025,2.12762313719601
I80S2C69J1V1,INGENIERIA CIVIL ELECTRICA,UNIVERSIDAD DE TARAPACA,Engineering & Construction,0.253774927521852,2441838.06510495,73,4,2022,2025,2.44183806510495
I80S1C72J1V3,INGENIERIA CIVIL MECANICA,UNIVERSIDAD DE TARAPACA,Engineering & Construction,0.254246171424888,2347514.96080999,151,4,2022,2025,2.34751496080999
I79S1C6J1V2,INGENIERIA CIVIL INDUSTRIAL,UNIVERSIDAD DE ATACAMA,Engineering & Construction,0.259305273598337,2348389.36076703,156,3,2022,2024,2.34838936076703
I50S1C454J1V1,INGENIERIA EN MECATRONICA,UNIVERSIDAD BERNARDO O'HIGGINS,Engineering & Construction,0.260452902557919,1259355.80212371,43,2,2024,2025,1.25935580212371
I75S1C49J1V2,INGENIERIA CIVIL EN AUTOMATIZACION,UNIVERSIDAD DEL BIO-BIO,Engineering & Construction,0.263413825882361,1453217.4083091,218,4,2022,2025,1.4532174083091
I76S1C17J1V1,INGENIERIA EN CONSTRUCCION,UNIVERSIDAD DE LA FRONTERA,Engineering & Construction,0.264828547095206,1468887.1471363,180,4,2022,2025,1.4688871471363
I81S1C60J1V1,INGENIERIA EN BIOTECNOLOGIA,UNIVERSIDAD ARTURO PRAT,Engineering & Construction,0.265260851161625,1246172.86350256,35,4,2022,2025,1.24617286350256
I72S1C80J1V1,INGENIERIA CIVIL INDUSTRIAL,UNIVERSIDAD DE VALPARAISO,Engineering & Construction,0.26758141741384,2196908.34075694,415,4,2022,2025,2.19690834075694
I85S4C69J1V1,BACHILLERATO EN CIENCIAS DE LA INGENIERIA,UNIVERSIDAD TECNOLOGICA METROPOLITANA,Engineering & Construction,0.274989539448305,1801754.01408022,30,4,2022,2025,1.80175401408022
I91S1C2J1V1,ARQUITECTURA,UNIVERSIDAD CATOLICA DEL NORTE,Engineering & Construction,0.283710533867559,1479305.92335571,259,4,2022,2025,1.47930592335571
I93S1C452J1V1,ARQUITECTURA,UNIVERSIDAD CATOLICA DE LA SANTISIMA CONCEPCION,Engineering & Construction,0.284219152058482,1194736.93158006,73,3,2023,2025,1.19473693158006
I91S1C50J1V3,INGENIERIA CIVIL PLAN COMUN,UNIVERSIDAD CATOLICA DEL NORTE,Engineering & Construction,0.284703779998892,2229221.50156383,114,4,2022,2025,2.22922150156383
I10S7C156J1V2,INGENIERIA CIVIL INDUSTRIAL,UNIVERSIDAD MAYOR,Engineering & Construction,0.285517925182521,2179251.91662172,357,4,2022,2025,2.17925191662172
I20S1C329J1V1,INGENIERIA CIVIL EN MINAS,UNIVERSIDAD ANDRES BELLO,Engineering & Construction,0.293635203313874,3012330.44359703,302,4,2022,2025,3.01233044359703
I73S2C292J1V1,INGENIERIA CIVIL ELECTRICA,UNIVERSIDAD DE ANTOFAGASTA,Engineering & Construction,0.294981974846619,2801744.6272332,155,4,2022,2025,2.8017446272332
I31S4C71J1V1,INGENIERIA CIVIL INDUSTRIAL,UNIVERSIDAD AUTONOMA DE CHILE,Engineering & Construction,0.300228078170263,1972659.54849689,257,4,2022,2025,1.97265954849689
I87S2C46J1V2,INGENIERIA CIVIL AGRICOLA,UNIVERSIDAD DE CONCEPCION,Engineering & Construction,0.300830354401763,1618714.97897171,87,4,2022,2025,1.61871497897171
I94S1C54J1V2,INGENIERIA CIVIL INDUSTRIAL,UNIVERSIDAD CATOLICA DE TEMUCO,Engineering & Construction,0.300842401508289,2040602.77548822,233,4,2022,2025,2.04060277548822
I88S1C2J1V1,CONSTRUCCION CIVIL,UNIVERSIDAD TECNICA FEDERICO SANTA MARIA,Engineering & Construction,0.300885988262124,1752100.76180545,140,4,2022,2025,1.75210076180545
I89S1C86J1V1,QUIMICA INDUSTRIAL,PONTIFICIA UNIVERSIDAD CATOLICA DE VALPARAISO,Engineering & Construction,0.301035218103837,1623738.23572842,53,4,2022,2025,1.62373823572842
I75S1C178J1V1,INGENIERIA CIVIL QUIMICA,UNIVERSIDAD DEL BIO-BIO,Engineering & Construction,0.301237091661082,2039100.33527429,178,4,2022,2025,2.03910033527429
I20S3C104J1V1,INGENIERIA CIVIL INDUSTRIAL,UNIVERSIDAD ANDRES BELLO,Engineering & Construction,0.30183181318495,2122948.53925874,158,4,2022,2025,2.12294853925874
I80S2C71J1V2,INGENIERIA CIVIL INDUSTRIAL,UNIVERSIDAD DE TARAPACA,Engineering & Construction,0.302762553512725,2057659.32067366,138,4,2022,2025,2.05765932067366
I71S1C35J1V1,"INGENIERIA DE EJECUCION EN CLIMATIZACION (CALEFACCION, REFRIGERACION Y AIRE ACONDICIONADO)",UNIVERSIDAD DE SANTIAGO DE CHILE,Engineering & Construction,0.304364325988787,1581405.93242863,40,4,2022,2025,1.58140593242863
I31S1C71J1V2,INGENIERIA CIVIL INDUSTRIAL,UNIVERSIDAD AUTONOMA DE CHILE,Engineering & Construction,0.306374929973627,1972659.54849689,140,4,2022,2025,1.97265954849689
I75S1C10J1V2,INGENIERIA CIVIL,UNIVERSIDAD DEL BIO-BIO,Engineering & Construction,0.31407565882126,1867912.09967618,328,4,2022,2025,1.86791209967618
I73S2C291J1V1,INGENIERIA EN BIOTECNOLOGIA,UNIVERSIDAD DE ANTOFAGASTA,Engineering & Construction,0.317411553024018,1382829.84904456,67,4,2022,2025,1.38282984904456
I10S7C184J1V2,INGENIERIA CIVIL ELECTRONICA,UNIVERSIDAD MAYOR,Engineering & Construction,0.317839418015811,2385491.27768738,92,4,2022,2025,2.38549127768738
I79S1C6J1V4,INGENIERIA CIVIL INDUSTRIAL,UNIVERSIDAD DE ATACAMA,Engineering & Construction,0.317998003277448,2348389.36076703,67,2,2024,2025,2.34838936076703
I84S1C516J1V1,INGENIERIA CIVIL EN OBRAS CIVILES,UNIVERSIDAD DE LOS LAGOS,Engineering & Construction,0.332341901637275,1687014.67002424,41,3,2022,2025,1.68701467002424
I10S4C183J1V1,ARQUITECTURA,UNIVERSIDAD MAYOR,Engineering & Construction,0.338527192788105,1363657.44949396,136,4,2022,2025,1.36365744949396
I71S1C32J1V1,INGENIERIA DE EJECUCION EN MECANICA,UNIVERSIDAD DE SANTIAGO DE CHILE,Engineering & Construction,0.338798861102627,1884323.27694835,118,4,2022,2025,1.88432327694835
I71S1C29J1V1,INGENIERIA DE EJECUCION EN MINAS,UNIVERSIDAD DE SANTIAGO DE CHILE,Engineering & Construction,0.339631504320437,2251066.91639043,173,4,2022,2025,2.25106691639043
I87S1C12J1V2,INGENIERIA CIVIL EN TELECOMUNICACIONES,UNIVERSIDAD DE CONCEPCION,Engineering & Construction,0.344831403458078,1618714.97897171,76,4,2022,2025,1.61871497897171
I89S1C421J1V1,INGENIERIA CIVIL EN CONSTRUCCION,PONTIFICIA UNIVERSIDAD CATOLICA DE VALPARAISO,Engineering & Construction,0.346265020722965,1833816.58912041,189,4,2022,2025,1.83381658912041
I91S1C567J1V1,INGENIERIA CIVIL ELECTRONICA,UNIVERSIDAD CATOLICA DEL NORTE,Engineering & Construction,0.346946904214615,2587798.99490583,84,3,2023,2025,2.58779899490583
I87S1C231J1V1,INGENIERIA CIVIL DE MATERIALES,UNIVERSIDAD DE CONCEPCION,Engineering & Construction,0.349605367862751,1618714.97897171,23,3,2022,2024,1.61871497897171
I10S6C11J1V1,BIOTECNOLOGIA,UNIVERSIDAD MAYOR,Engineering & Construction,0.353256267406699,1602302.73904511,101,4,2022,2025,1.60230273904511
I92S1C363J1V1,BIOINGENIERIA MEDICA,UNIVERSIDAD CATOLICA DEL MAULE,Engineering & Construction,0.358129179039012,1366670.38705018,161,4,2022,2025,1.36667038705018
I3S1C49J1V1,INGENIERIA CIVIL EN OBRAS CIVILES,UNIVERSIDAD DIEGO PORTALES,Engineering & Construction,0.358138696482438,2005619.76088692,226,4,2022,2025,2.00561976088692
I91S1C28J1V4,INGENIERIA CIVIL,UNIVERSIDAD CATOLICA DEL NORTE,Engineering & Construction,0.359413321937858,2229221.50156383,40,2,2024,2025,2.22922150156383
I70S1C61J1V2,INGENIERIA EN ALIMENTOS,UNIVERSIDAD DE CHILE,Engineering & Construction,0.360476626260082,1932926.01383074,97,4,2022,2025,1.93292601383074
I89S1C423J1V1,INGENIERIA CIVIL EN TELECOMUNICACIONES,PONTIFICIA UNIVERSIDAD CATOLICA DE VALPARAISO,Engineering & Construction,0.369862194093264,1623738.23572842,53,4,2022,2025,1.62373823572842
I78S3C249J1V2,INGENIERIA CIVIL DE MINAS,UNIVERSIDAD DE TALCA,Engineering & Construction,0.374272158987765,3001350.89431704,207,4,2022,2025,3.00135089431704
I71S1C25J1V1,INGENIERIA DE EJECUCION EN ELECTRICIDAD,UNIVERSIDAD DE SANTIAGO DE CHILE,Engineering & Construction,0.375358080459905,2147358.71659485,175,4,2022,2025,2.14735871659485
I92S1C236J1V1,INGENIERIA CIVIL ELECTRONICA,UNIVERSIDAD CATOLICA DEL MAULE,Engineering & Construction,0.379602560651134,2231743.05864885,114,4,2022,2025,2.23174305864885
I80S1C69J1V3,INGENIERIA CIVIL ELECTRICA,UNIVERSIDAD DE TARAPACA,Engineering & Construction,0.385435857071441,2441838.06510495,130,4,2022,2025,2.44183806510495
I79S1C5J1V3,INGENIERIA CIVIL EN MINAS,UNIVERSIDAD DE ATACAMA,Engineering & Construction,0.391460345071322,3332216.7890739,95,3,2023,2025,3.3322167890739
I1S1C26J1V4,INGENIERIA CIVIL INDUSTRIAL,UNIVERSIDAD GABRIELA MISTRAL,Engineering & Construction,0.406522189137693,2382904.39804337,16,4,2022,2025,2.38290439804337
I78S3C295J1V1,INGENIERIA CIVIL EN OBRAS CIVILES,UNIVERSIDAD DE TALCA,Engineering & Construction,0.412865790780008,1840014.83541938,154,4,2022,2025,1.84001483541938
I72S1C34J1V2,INGENIERIA CIVIL BIOMEDICA,UNIVERSIDAD DE VALPARAISO,Engineering & Construction,0.414451739397656,1878084.85999525,98,4,2022,2025,1.87808485999525
I20S1C82J1V1,INGENIERIA EN AUTOMATIZACION Y ROBOTICA,UNIVERSIDAD ANDRES BELLO,Engineering & Construction,0.419620614855985,1990648.3960916,207,4,2022,2025,1.9906483960916
I78S3C448J1V1,INGENIERIA CIVIL PLAN COMUN,UNIVERSIDAD DE TALCA,Engineering & Construction,0.421116146324998,1994558.17775346,17,2,2024,2025,1.99455817775346
I71S1C996J1V1,INGENIERIA CIVIL EN TERRITORIO Y MEDIOAMBIENTE,UNIVERSIDAD DE SANTIAGO DE CHILE,Engineering & Construction,0.421686140741759,1862549.17557968,22,3,2023,2025,1.86254917557968
I80S1C71J1V3,INGENIERIA CIVIL INDUSTRIAL,UNIVERSIDAD DE TARAPACA,Engineering & Construction,0.42187039775031,2057659.32067366,349,4,2022,2025,2.05765932067366
I20S4C115J1V1,INGENIERIA CIVIL INDUSTRIAL,UNIVERSIDAD ANDRES BELLO,Engineering & Construction,0.42391093674794,2122948.53925874,135,4,2022,2025,2.12294853925874
I80S1C76J1V2,INGENIERIA MECATRONICA,UNIVERSIDAD DE TARAPACA,Engineering & Construction,0.433765743897379,1663632.76142587,117,4,2022,2025,1.66363276142587
I75S1C177J1V1,INGENIERIA CIVIL ELECTRICA,UNIVERSIDAD DEL BIO-BIO,Engineering & Construction,0.434310408873155,2350751.61571311,223,5,2021,2025,2.35075161571311
I93S1C21J1V2,INGENIERIA CIVIL,UNIVERSIDAD CATOLICA DE LA SANTISIMA CONCEPCION,Engineering & Construction,0.438811871849054,1800393.82966105,79,3,2023,2025,1.80039382966105
I90S1C5J1V2,ARQUITECTURA,UNIVERSIDAD AUSTRAL DE CHILE,Engineering & Construction,0.439713559123516,1322628.21744898,275,4,2022,2025,1.32262821744898
I90S1C50J1V2,INGENIERIA NAVAL,UNIVERSIDAD AUSTRAL DE CHILE,Engineering & Construction,0.442004170031909,1595374.62639613,143,4,2022,2025,1.59537462639613
I31S1C3J1V2,ARQUITECTURA,UNIVERSIDAD AUTONOMA DE CHILE,Engineering & Construction,0.443014850509472,1234383.16979584,192,4,2022,2025,1.23438316979584
I39S6C45J1V2,INGENIERIA CIVIL INDUSTRIAL,UNIVERSIDAD SAN SEBASTIAN,Engineering & Construction,0.443771982286032,2099984.04158113,186,4,2022,2025,2.09998404158113
I90S1C261J1V2,BACHILLERATO EN CIENCIAS DE LA INGENIERIA PLAN COMUN,UNIVERSIDAD AUSTRAL DE CHILE,Engineering & Construction,0.455865433663737,1595374.62639613,62,3,2022,2024,1.59537462639613
I71S1C3J1V2,ARQUITECTURA,UNIVERSIDAD DE SANTIAGO DE CHILE,Engineering & Construction,0.45650518031015,1454175.92487738,310,5,2021,2025,1.45417592487738
I76S1C102J1V2,INGENIERIA CIVIL EN BIOTECNOLOGIA,UNIVERSIDAD DE LA FRONTERA,Engineering & Construction,0.472950396910485,1450333.59016147,67,4,2022,2025,1.45033359016147
I2S1C608J1V1,INGENIERIA CIVIL BIOMEDICA,UNIVERSIDAD FINIS TERRAE,Engineering & Construction,0.479472950864987,2002965.35289739,35,3,2023,2025,2.00296535289739
I76S1C90J1V2,INGENIERIA CIVIL TELEMATICA,UNIVERSIDAD DE LA FRONTERA,Engineering & Construction,0.480915552677353,1450333.59016147,45,4,2022,2025,1.45033359016147
I92S1C212J1V1,INGENIERIA CIVIL,UNIVERSIDAD CATOLICA DEL MAULE,Engineering & Construction,0.481529030583249,1922502.33580714,232,4,2022,2025,1.92250233580714
I20S1C115J1V1,INGENIERIA CIVIL INDUSTRIAL,UNIVERSIDAD ANDRES BELLO,Engineering & Construction,0.494993282873839,2122948.53925874,561,5,2021,2025,2.12294853925874
I93S1C9J1V1,INGENIERIA CIVIL INDUSTRIAL,UNIVERSIDAD CATOLICA DE LA SANTISIMA CONCEPCION,Engineering & Construction,0.497280103964483,1909301.15841832,302,4,2021,2024,1.90930115841832
I20S1C714J1V1,INGENIERIA CIVIL ELECTRICA,UNIVERSIDAD ANDRES BELLO,Engineering & Construction,0.515260366003656,2519317.21706185,153,4,2022,2025,2.51931721706185
I74S1C21J1V2,INGENIERIA CIVIL MECANICA,UNIVERSIDAD DE LA SERENA,Engineering & Construction,0.518990900845686,2314394.42784291,55,3,2023,2025,2.31439442784291
I20S1C111J1V2,INGENIERIA CIVIL,UNIVERSIDAD ANDRES BELLO,Engineering & Construction,0.521259825850005,2001854.67542253,120,4,2022,2025,2.00185467542253
I90S1C147J1V1,INGENIERIA CIVIL MECANICA,UNIVERSIDAD AUSTRAL DE CHILE,Engineering & Construction,0.523218292780145,2411430.93579792,116,4,2022,2025,2.41143093579792
I3S1C41J1V1,ARQUITECTURA,UNIVERSIDAD DIEGO PORTALES,Engineering & Construction,0.529295676002952,1442709.05210245,394,4,2022,2025,1.44270905210245
I76S1C88J1V1,BIOTECNOLOGIA,UNIVERSIDAD DE LA FRONTERA,Engineering & Construction,0.5354382511087,1450333.59016147,114,4,2022,2025,1.45033359016147
I91S1C32J1V2,INGENIERIA CIVIL QUIMICA,UNIVERSIDAD CATOLICA DEL NORTE,Engineering & Construction,0.539638213494732,2433522.60099792,88,4,2022,2025,2.43352260099792
I71S1C31J1V1,INGENIERIA DE EJECUCION INDUSTRIAL,UNIVERSIDAD DE SANTIAGO DE CHILE,Engineering & Construction,0.556591698890994,1876137.7806441,244,4,2022,2025,1.8761377806441
I20S3C84J1V1,INGENIERIA EN BIOTECNOLOGIA,UNIVERSIDAD ANDRES BELLO,Engineering & Construction,0.556611523156156,1243434.89877781,58,4,2022,2025,1.24343489877781
I91S1C28J1V2,INGENIERIA CIVIL,UNIVERSIDAD CATOLICA DEL NORTE,Engineering & Construction,0.557371822249388,2229221.50156383,84,3,2022,2024,2.22922150156383
I3S1C300J1V1,INGENIERIA CIVIL PLAN COMUN,UNIVERSIDAD DIEGO PORTALES,Engineering & Construction,0.557400687318963,2174072.30557963,368,4,2022,2025,2.17407230557963
I70S1C982J1V1,INGENIERIA EN RECURSOS HIDRICOS,UNIVERSIDAD DE CHILE,Engineering & Construction,0.558823622452937,1932926.01383074,67,4,2022,2025,1.93292601383074
I75S1C1J1V2,ARQUITECTURA,UNIVERSIDAD DEL BIO-BIO,Engineering & Construction,0.561711144167779,1239541.89003666,331,4,2022,2025,1.23954189003666
I89S1C35J1V2,INGENIERIA CIVIL MECANICA,PONTIFICIA UNIVERSIDAD CATOLICA DE VALPARAISO,Engineering & Construction,0.569931812070014,2405044.39857652,36,1,2022,2022,2.40504439857652
I91S1C287J1V2,INGENIERIA CIVIL DE MINAS,UNIVERSIDAD CATOLICA DEL NORTE,Engineering & Construction,0.571659679342333,3354465.17528274,248,4,2022,2025,3.35446517528274
I74S1C21J1V1,INGENIERIA CIVIL MECANICA,UNIVERSIDAD DE LA SERENA,Engineering & Construction,0.579089172524167,2314394.42784291,113,3,2022,2024,2.31439442784291
I78S3C296J1V1,INGENIERIA CIVIL MECANICA,UNIVERSIDAD DE TALCA,Engineering & Construction,0.579406978047534,2413173.37812157,121,4,2022,2025,2.41317337812157
I74S1C3J1V1,ARQUITECTURA,UNIVERSIDAD DE LA SERENA,Engineering & Construction,0.580530615763014,1269405.36887441,221,4,2022,2025,1.26940536887441
I88S6C36J1V1,INGENIERIA EN DISEÑO DE PRODUCTOS,UNIVERSIDAD TECNICA FEDERICO SANTA MARIA,Engineering & Construction,0.587345297287812,1907535.27354803,89,4,2022,2025,1.90753527354803
I20S1C84J1V1,INGENIERIA EN BIOTECNOLOGIA,UNIVERSIDAD ANDRES BELLO,Engineering & Construction,0.589677024664574,1243434.89877781,186,4,2022,2025,1.24343489877781
I78S3C297J1V1,INGENIERIA CIVIL MECATRONICA,UNIVERSIDAD DE TALCA,Engineering & Construction,0.592026752861973,1681686.19506456,182,4,2022,2025,1.68168619506456
I89S1C288J1V2,INGENIERIA CIVIL DE MINAS,PONTIFICIA UNIVERSIDAD CATOLICA DE VALPARAISO,Engineering & Construction,0.594582759188066,2991240.5888377,366,4,2022,2025,2.9912405888377
I74S1C17J1V1,INGENIERIA CIVIL,UNIVERSIDAD DE LA SERENA,Engineering & Construction,0.601685690533414,1912914.49443818,113,3,2022,2024,1.91291449443818
I20S2C115J1V1,INGENIERIA CIVIL INDUSTRIAL,UNIVERSIDAD ANDRES BELLO,Engineering & Construction,0.607454417252008,2122948.53925874,108,4,2022,2025,2.12294853925874
I895S1C24J1V1,INGENIERIA CIVIL CON ESPECIALIDAD,UNIVERSIDAD DE O'HIGGINS,Engineering & Construction,0.613677483270568,2100183.98769727,943,4,2022,2025,2.10018398769727
I76S1C310J1V2,INGENIERIA CIVIL QUIMICA,UNIVERSIDAD DE LA FRONTERA,Engineering & Construction,0.615517376747667,2080001.31391923,95,4,2022,2025,2.08000131391923
I45S1C1J1V2,ARQUITECTURA,UNIVERSIDAD DEL DESARROLLO,Engineering & Construction,0.618982068362553,1485592.62281355,179,4,2022,2025,1.48559262281355
I78S1C2J1V1,ARQUITECTURA,UNIVERSIDAD DE TALCA,Engineering & Construction,0.624348062687982,1323583.91696761,285,4,2022,2025,1.32358391696761
I89S1C108J1V2,INGENIERIA CIVIL,PONTIFICIA UNIVERSIDAD CATOLICA DE VALPARAISO,Engineering & Construction,0.625705724432697,1987839.33907598,286,4,2022,2025,1.98783933907598
I71S1C781J1V1,INGENIERIA CIVIL EN TELEMATICA,UNIVERSIDAD DE SANTIAGO DE CHILE,Engineering & Construction,0.632823209266452,1862549.17557968,121,4,2022,2025,1.86254917557968
I90S1C141J1V1,INGENIERIA CIVIL ELECTRONICA,UNIVERSIDAD AUSTRAL DE CHILE,Engineering & Construction,0.635732059070348,2313717.47906235,102,4,2022,2025,2.31371747906235
I74S1C326J1V1,INGENIERIA EN BIOTECNOLOGIA MENCION EN ALIMENTOS O PROCESOS SUSTENTABLES,UNIVERSIDAD DE LA SERENA,Engineering & Construction,0.636726115711655,1188190.46655338,34,3,2023,2025,1.18819046655338
I89S1C31J1V2,INGENIERIA CIVIL ELECTRICA,PONTIFICIA UNIVERSIDAD CATOLICA DE VALPARAISO,Engineering & Construction,0.637824376097542,2501679.03453328,234,4,2022,2025,2.50167903453328
I76S1C8J1V2,INGENIERIA CIVIL ELECTRONICA,UNIVERSIDAD DE LA FRONTERA,Engineering & Construction,0.638944151287345,2211865.75680691,95,4,2022,2025,2.21186575680691
I10S4C156J1V2,INGENIERIA CIVIL INDUSTRIAL,UNIVERSIDAD MAYOR,Engineering & Construction,0.646572467849718,2179251.91662172,91,4,2022,2025,2.17925191662172
I39S6C71J1V1,INGENIERIA CIVIL PLAN COMUN,UNIVERSIDAD SAN SEBASTIAN,Engineering & Construction,0.647615769156041,1980200.08220252,13,2,2022,2023,1.98020008220252
I90S1C723J1V1,INGENIERIA PLAN COMUN,UNIVERSIDAD AUSTRAL DE CHILE,Engineering & Construction,0.648031568122415,1595374.62639613,36,3,2023,2025,1.59537462639613
I10S7C938J1V1,INGENIERIA CIVIL EN MINAS,UNIVERSIDAD MAYOR,Engineering & Construction,0.652613827714839,3092221.39458874,48,4,2022,2025,3.09222139458874
I39S8C45J1V1,INGENIERIA CIVIL INDUSTRIAL,UNIVERSIDAD SAN SEBASTIAN,Engineering & Construction,0.653229056920147,2099984.04158113,155,4,2022,2025,2.09998404158113
I78S3C293J1V1,INGENIERIA CIVIL ELECTRICA,UNIVERSIDAD DE TALCA,Engineering & Construction,0.659129477882859,2510134.63631429,186,4,2022,2025,2.51013463631429
I72S1C34J1V1,INGENIERIA CIVIL BIOMEDICA,UNIVERSIDAD DE VALPARAISO,Engineering & Construction,0.659444032487623,1878084.85999525,92,2,2022,2023,1.87808485999525
I88S1C36J1V1,INGENIERIA EN DISEÑO DE PRODUCTOS,UNIVERSIDAD TECNICA FEDERICO SANTA MARIA,Engineering & Construction,0.660087557284275,1907535.27354803,88,4,2022,2025,1.90753527354803
I89S1C32J1V2,INGENIERIA CIVIL ELECTRONICA,PONTIFICIA UNIVERSIDAD CATOLICA DE VALPARAISO,Engineering & Construction,0.672167074803234,2307589.73035494,188,4,2022,2025,2.30758973035494
I89S1C48J1V2,INGENIERIA MECANICA,PONTIFICIA UNIVERSIDAD CATOLICA DE VALPARAISO,Engineering & Construction,0.675812541052463,1709324.49662033,11,1,2022,2022,1.70932449662033
I90S2C126J1V2,INGENIERIA CIVIL INDUSTRIAL,UNIVERSIDAD AUSTRAL DE CHILE,Engineering & Construction,0.679087649744778,2113683.37328651,271,4,2022,2025,2.11368337328651
I89S4C35J1V2,INGENIERIA CIVIL MECANICA,PONTIFICIA UNIVERSIDAD CATOLICA DE VALPARAISO,Engineering & Construction,0.690561361196543,2405044.39857652,154,4,2022,2025,2.40504439857652
I90S1C34J1V2,INGENIERIA CIVIL EN OBRAS CIVILES,UNIVERSIDAD AUSTRAL DE CHILE,Engineering & Construction,0.708465591739053,1838686.24471204,211,4,2022,2025,1.83868624471204
I39S7C45J1V1,INGENIERIA CIVIL INDUSTRIAL,UNIVERSIDAD SAN SEBASTIAN,Engineering & Construction,0.709194990055803,2099984.04158113,27,3,2023,2025,2.09998404158113
I87S1C3J1V1,ARQUITECTURA,UNIVERSIDAD DE CONCEPCION,Engineering & Construction,0.721201846808639,1342543.35074538,60,1,2022,2022,1.34254335074538
I89S1C30J1V2,INGENIERIA CIVIL BIOQUIMICA,PONTIFICIA UNIVERSIDAD CATOLICA DE VALPARAISO,Engineering & Construction,0.728246445853158,1454690.9912094,184,4,2022,2025,1.4546909912094
I75S1C12J1V2,INGENIERIA CIVIL INDUSTRIAL,UNIVERSIDAD DEL BIO-BIO,Engineering & Construction,0.73833462287001,1980903.66506464,479,4,2022,2025,1.98090366506464
I89S3C2J1V2,ARQUITECTURA,PONTIFICIA UNIVERSIDAD CATOLICA DE VALPARAISO,Engineering & Construction,0.740826692177605,1319125.31209291,304,4,2022,2025,1.31912531209291
I3S1C10J1V1,INGENIERIA CIVIL INDUSTRIAL,UNIVERSIDAD DIEGO PORTALES,Engineering & Construction,0.761010209408067,2305583.75792138,823,5,2021,2025,2.30558375792138
I93S1C9J1V4,INGENIERIA CIVIL INDUSTRIAL,UNIVERSIDAD CATOLICA DE LA SANTISIMA CONCEPCION,Engineering & Construction,0.787669871898171,1909301.15841832,135,4,2022,2025,1.90930115841832
I89S1C464J1V1,BACHILLERATO EN INGENIERIA,PONTIFICIA UNIVERSIDAD CATOLICA DE VALPARAISO,Engineering & Construction,0.788718313163347,1623738.23572842,100,4,2022,2025,1.62373823572842
I92S1C213J1V1,INGENIERIA CIVIL INDUSTRIAL,UNIVERSIDAD CATOLICA DEL MAULE,Engineering & Construction,0.789170345035517,2038796.11024303,464,4,2022,2025,2.03879611024303
I76S1C280J1V2,INGENIERIA CIVIL MECANICA,UNIVERSIDAD DE LA FRONTERA,Engineering & Construction,0.789680408813128,2305277.78782992,143,4,2022,2025,2.30527778782992
I89S1C37J1V2,INGENIERIA CIVIL QUIMICA,PONTIFICIA UNIVERSIDAD CATOLICA DE VALPARAISO,Engineering & Construction,0.793141453616644,2170018.5268268,198,4,2022,2025,2.1700185268268
I89S1C2J1V2,ARQUITECTURA,PONTIFICIA UNIVERSIDAD CATOLICA DE VALPARAISO,Engineering & Construction,0.805169179322982,1319125.31209291,82,1,2022,2022,1.31912531209291
I71S1C21J1V2,INGENIERIA CIVIL EN METALURGIA,UNIVERSIDAD DE SANTIAGO DE CHILE,Engineering & Construction,0.815519735292804,3394260.72510326,194,4,2022,2025,3.39426072510326
I87S1C52J1V2,INGENIERIA CIVIL METALURGICA,UNIVERSIDAD DE CONCEPCION,Engineering & Construction,0.820285483782592,3133693.86002443,257,4,2022,2025,3.13369386002443
I90S1C114J1V2,INGENIERIA CIVIL ACUSTICA,UNIVERSIDAD AUSTRAL DE CHILE,Engineering & Construction,0.829925372873362,1595374.62639613,46,4,2022,2025,1.59537462639613
I77S1C27J1V1,INGENIERIA CIVIL PLAN COMUN,UNIVERSIDAD DE MAGALLANES,Engineering & Construction,0.836713894934102,2054452.2850579,167,4,2022,2025,2.0544522850579
I76S1C93J1V2,INGENIERIA CIVIL ELECTRICA,UNIVERSIDAD DE LA FRONTERA,Engineering & Construction,0.851429663255886,2397903.80335712,163,4,2022,2025,2.39790380335712
I45S4C511J1V1,INGENIERIA CIVIL EN MINERIA,UNIVERSIDAD DEL DESARROLLO,Engineering & Construction,0.863080635466982,3368720.85699526,100,4,2022,2025,3.36872085699526
I71S1C778J1V1,INGENIERIA CIVIL BIOMEDICA,UNIVERSIDAD DE SANTIAGO DE CHILE,Engineering & Construction,0.88607812051202,1986654.61983624,196,4,2022,2025,1.98665461983624
I78S3C7J1V2,INGENIERIA CIVIL INDUSTRIAL,UNIVERSIDAD DE TALCA,Engineering & Construction,0.886196807613895,2115210.67034226,359,4,2022,2025,2.11521067034226
I86S5C28J1V1,CONSTRUCCION CIVIL,PONTIFICIA UNIVERSIDAD CATOLICA DE CHILE,Engineering & Construction,0.905256529210429,1892365.94619599,662,4,2022,2025,1.89236594619599
I88S2C493J1V1,INGENIERIA EN BIOTECNOLOGIA,UNIVERSIDAD TECNICA FEDERICO SANTA MARIA,Engineering & Construction,0.90612312209201,1376938.71290295,93,4,2022,2025,1.37693871290295
I74S1C19J1V1,INGENIERIA CIVIL DE MINAS,UNIVERSIDAD DE LA SERENA,Engineering & Construction,0.906772277076868,2878495.94595468,142,3,2022,2024,2.87849594595468
I45S4C416J1V1,INGENIERIA CIVIL EN OBRAS CIVILES,UNIVERSIDAD DEL DESARROLLO,Engineering & Construction,0.910448850315117,2065235.4794618,53,4,2022,2025,2.0652354794618
I74S1C17J1V2,INGENIERIA CIVIL,UNIVERSIDAD DE LA SERENA,Engineering & Construction,0.913540371983269,1912914.49443818,43,2,2024,2025,1.91291449443818
I71S1C22J1V2,INGENIERIA CIVIL EN QUIMICA,UNIVERSIDAD DE SANTIAGO DE CHILE,Engineering & Construction,0.920014549127493,2392182.66022262,219,4,2022,2025,2.39218266022262
I87S1C3J1V2,ARQUITECTURA,UNIVERSIDAD DE CONCEPCION,Engineering & Construction,0.921170301006767,1342543.35074538,221,4,2022,2025,1.34254335074538
I45S4C773J1V1,INGENIERIA CIVIL PLAN COMUN,UNIVERSIDAD DEL DESARROLLO,Engineering & Construction,0.922815112801809,2238695.16443777,355,4,2022,2025,2.23869516443777
I88S6C1J1V2,ARQUITECTURA,UNIVERSIDAD TECNICA FEDERICO SANTA MARIA,Engineering & Construction,0.937158010376547,1471054.88890194,252,4,2022,2025,1.47105488890194
I91S1C30J1V2,INGENIERIA CIVIL INDUSTRIAL,UNIVERSIDAD CATOLICA DEL NORTE,Engineering & Construction,0.938640795285466,2364068.9749021,346,4,2022,2025,2.3640689749021
I71S1C779J1V1,INGENIERIA CIVIL EN BIOTECNOLOGIA,UNIVERSIDAD DE SANTIAGO DE CHILE,Engineering & Construction,0.949132651897041,1862549.17557968,227,4,2022,2025,1.86254917557968
I88S1C1J1V2,ARQUITECTURA,UNIVERSIDAD TECNICA FEDERICO SANTA MARIA,Engineering & Construction,0.956110620800341,1471054.88890194,308,4,2022,2025,1.47105488890194
I45S4C1J1V2,ARQUITECTURA,UNIVERSIDAD DEL DESARROLLO,Engineering & Construction,0.965710409889155,1485592.62281355,506,4,2022,2025,1.48559262281355
I88S6C93J1V1,INGENIERIA CIVIL TELEMATICA,UNIVERSIDAD TECNICA FEDERICO SANTA MARIA,Engineering & Construction,0.972292569560564,1907535.27354803,155,3,2022,2024,1.90753527354803
I88S1C93J1V1,INGENIERIA CIVIL TELEMATICA,UNIVERSIDAD TECNICA FEDERICO SANTA MARIA,Engineering & Construction,0.972843727313692,1907535.27354803,82,3,2022,2024,1.90753527354803
I71S1C14J1V2,INGENIERIA CIVIL EN ELECTRICIDAD,UNIVERSIDAD DE SANTIAGO DE CHILE,Engineering & Construction,0.980839524956567,2757798.20949456,337,4,2022,2025,2.75779820949456
I71S1C780J1V1,INGENIERIA CIVIL MECATRONICA,UNIVERSIDAD DE SANTIAGO DE CHILE,Engineering & Construction,0.995868196124194,1862549.17557968,294,4,2022,2025,1.86254917557968
I76S1C92J1V3,PLAN COMUN INGENIERIA CIVIL,UNIVERSIDAD DE LA FRONTERA,Engineering & Construction,1.00713505980594,1905379.32557862,343,4,2022,2025,1.90537932557862
I34S1C371J1V2,BACHILLERATO EN INGENIERIA CIVIL,UNIVERSIDAD DE LOS ANDES,Engineering & Construction,1.01048926411182,1991843.67195984,120,4,2022,2025,1.99184367195984
I74S1C20J1V1,INGENIERIA CIVIL INDUSTRIAL,UNIVERSIDAD DE LA SERENA,Engineering & Construction,1.01227253882516,2028628.29232959,154,3,2022,2024,2.02862829232959
I87S1C229J1V1,BIOINGENIERIA,UNIVERSIDAD DE CONCEPCION,Engineering & Construction,1.02633942811782,1256649.17559373,131,4,2022,2025,1.25664917559373
I88S1C18J1V1,INGENIERIA CIVIL METALURGIA,UNIVERSIDAD TECNICA FEDERICO SANTA MARIA,Engineering & Construction,1.02788511327208,3433658.71243677,133,3,2022,2024,3.43365871243677
I23S2C353J1V1,BACHILLERATO DE INGENIERIA CIVIL,UNIVERSIDAD ADOLFO IBAÑEZ,Engineering & Construction,1.04010114888557,2182714.94962925,209,4,2022,2025,2.18271494962925
I71S1C18J1V2,INGENIERIA CIVIL EN OBRAS CIVILES,UNIVERSIDAD DE SANTIAGO DE CHILE,Engineering & Construction,1.05126112537059,2021560.73429347,296,4,2022,2025,2.02156073429347
I90S1C126J1V1,INGENIERIA CIVIL INDUSTRIAL,UNIVERSIDAD AUSTRAL DE CHILE,Engineering & Construction,1.06964669257467,2113683.37328651,268,4,2022,2025,2.11368337328651
I71S1C20J1V2,INGENIERIA CIVIL EN MECANICA,UNIVERSIDAD DE SANTIAGO DE CHILE,Engineering & Construction,1.08161322608725,2651270.22475393,293,4,2022,2025,2.65127022475393
I74S1C20J1V2,INGENIERIA CIVIL INDUSTRIAL,UNIVERSIDAD DE LA SERENA,Engineering & Construction,1.08835073509489,2028628.29232959,81,2,2024,2025,2.02862829232959
I91S2C30J1V2,INGENIERIA CIVIL INDUSTRIAL,UNIVERSIDAD CATOLICA DEL NORTE,Engineering & Construction,1.09493281166132,2364068.9749021,475,4,2022,2025,2.3640689749021
I87S1C122J1V1,INGENIERIA CIVIL-PLAN COMUN,UNIVERSIDAD DE CONCEPCION,Engineering & Construction,1.11188754095217,2023128.85861642,510,4,2022,2025,2.02312885861642
I71S1C17J1V2,INGENIERIA CIVIL EN MINAS,UNIVERSIDAD DE SANTIAGO DE CHILE,Engineering & Construction,1.1188676530518,3297480.54254412,292,4,2022,2025,3.29748054254412
I76S1C371J1V1,INGENIERIA CIVIL INDUSTRIAL,UNIVERSIDAD DE LA FRONTERA,Engineering & Construction,1.12874121960452,2020637.31480267,411,4,2022,2025,2.02063731480267
I88S1C19J1V1,INGENIERIA CIVIL QUIMICA,UNIVERSIDAD TECNICA FEDERICO SANTA MARIA,Engineering & Construction,1.13926220839061,2419949.29036091,127,3,2022,2024,2.41994929036091
I76S1C294J1V2,INGENIERIA CIVIL,UNIVERSIDAD DE LA FRONTERA,Engineering & Construction,1.14617472631756,1905379.32557862,153,4,2022,2025,1.90537932557862
I74S1C19J1V2,INGENIERIA CIVIL DE MINAS,UNIVERSIDAD DE LA SERENA,Engineering & Construction,1.15543274426905,2878495.94595468,58,3,2023,2025,2.87849594595468
I88S6C353J1V1,INGENIERIA CIVIL DE MINAS,UNIVERSIDAD TECNICA FEDERICO SANTA MARIA,Engineering & Construction,1.16406774656296,3335755.17940004,310,3,2022,2024,3.33575517940004
I87S1C518J1V1,INGENIERIA CIVIL DE MINAS,UNIVERSIDAD DE CONCEPCION,Engineering & Construction,1.21176581861424,3044343.19181718,258,4,2022,2025,3.04434319181718
I88S1C56J1V1,INGENIERIA CIVIL PLAN COMUN,UNIVERSIDAD TECNICA FEDERICO SANTA MARIA,Engineering & Construction,1.22791773676063,2216787.70871267,444,4,2022,2025,2.21678770871267
I88S6C19J1V1,INGENIERIA CIVIL QUIMICA,UNIVERSIDAD TECNICA FEDERICO SANTA MARIA,Engineering & Construction,1.24236960592252,2419949.29036091,139,3,2022,2024,2.41994929036091
I89S1C34J1V2,INGENIERIA CIVIL INDUSTRIAL,PONTIFICIA UNIVERSIDAD CATOLICA DE VALPARAISO,Engineering & Construction,1.27985962312483,2108085.40349299,614,4,2022,2025,2.10808540349299
I88S1C93J1V2,INGENIERIA CIVIL TELEMATICA,UNIVERSIDAD TECNICA FEDERICO SANTA MARIA,Engineering & Construction,1.28367826980162,1907535.27354803,40,2,2024,2025,1.90753527354803
I70S1C3J1V2,ARQUITECTURA,UNIVERSIDAD DE CHILE,Engineering & Construction,1.31239143541267,1595742.32737762,757,4,2022,2025,1.59574232737762
I71S1C19J1V2,INGENIERIA CIVIL INDUSTRIAL,UNIVERSIDAD DE SANTIAGO DE CHILE,Engineering & Construction,1.32936816460011,2323908.89117364,440,4,2022,2025,2.32390889117364
I45S1C7J1V2,INGENIERIA CIVIL INDUSTRIAL,UNIVERSIDAD DEL DESARROLLO,Engineering & Construction,1.35287656979114,2374115.70756785,327,4,2022,2025,2.37411570756785
I88S1C17J1V1,INGENIERIA CIVIL MECANICA,UNIVERSIDAD TECNICA FEDERICO SANTA MARIA,Engineering & Construction,1.38878759671624,2682044.14555501,302,4,2022,2025,2.68204414555501
I87S1C48J1V2,INGENIERIA CIVIL ELECTRONICA,UNIVERSIDAD DE CONCEPCION,Engineering & Construction,1.39851752965633,2348555.68332704,190,4,2022,2025,2.34855568332704
I88S1C18J1V2,INGENIERIA CIVIL METALURGIA,UNIVERSIDAD TECNICA FEDERICO SANTA MARIA,Engineering & Construction,1.41812396577349,3433658.71243677,54,3,2022,2025,3.43365871243677
I88S1C11J1V1,INGENIERIA CIVIL ELECTRICA,UNIVERSIDAD TECNICA FEDERICO SANTA MARIA,Engineering & Construction,1.42277589745148,2789808.62581953,178,3,2022,2024,2.78980862581953
I88S6C93J1V2,INGENIERIA CIVIL TELEMATICA,UNIVERSIDAD TECNICA FEDERICO SANTA MARIA,Engineering & Construction,1.43019975157388,1907535.27354803,63,3,2023,2025,1.90753527354803
I88S1C527J1V1,INGENIERIA CIVIL EN BIOTECNOLOGIA,UNIVERSIDAD TECNICA FEDERICO SANTA MARIA,Engineering & Construction,1.4380623369285,1907535.27354803,43,3,2023,2025,1.90753527354803
I88S1C10J1V1,INGENIERIA CIVIL,UNIVERSIDAD TECNICA FEDERICO SANTA MARIA,Engineering & Construction,1.4387195442694,2216787.70871267,249,4,2022,2025,2.21678770871267
I87S1C45J1V2,INGENIERIA CIVIL,UNIVERSIDAD DE CONCEPCION,Engineering & Construction,1.46446817095482,2023128.85861642,377,4,2022,2025,2.02312885861642
I23S1C253J1V1,"INGENIERIA CIVIL, PLAN COMUN",UNIVERSIDAD ADOLFO IBAÑEZ,Engineering & Construction,1.46719597074252,2543589.15826018,467,5,2021,2025,2.54358915826018
I45S4C7J1V2,INGENIERIA CIVIL INDUSTRIAL,UNIVERSIDAD DEL DESARROLLO,Engineering & Construction,1.49799009695282,2374115.70756785,235,4,2022,2025,2.37411570756785
I87S1C51J1V2,INGENIERIA CIVIL MECANICA,UNIVERSIDAD DE CONCEPCION,Engineering & Construction,1.50686687460983,2447740.43523843,227,4,2022,2025,2.44774043523843
I87S1C47J1V2,INGENIERIA CIVIL ELECTRICA,UNIVERSIDAD DE CONCEPCION,Engineering & Construction,1.50978774346,2546090.59709653,208,4,2022,2025,2.54609059709653
I70S1C873J1V1,INGENIERIA EN SONIDO,UNIVERSIDAD DE CHILE,Engineering & Construction,1.51306095744345,1307720.22684139,104,4,2022,2025,1.30772022684139
I88S1C12J1V1,INGENIERIA CIVIL ELECTRONICA,UNIVERSIDAD TECNICA FEDERICO SANTA MARIA,Engineering & Construction,1.51463092580436,2573365.18623293,195,3,2022,2024,2.57336518623293
I87S1C242J1V2,INGENIERIA CIVIL BIOMEDICA,UNIVERSIDAD DE CONCEPCION,Engineering & Construction,1.51862259036065,1834145.30832207,239,4,2022,2025,1.83414530832207
I88S6C11J1V1,INGENIERIA CIVIL ELECTRICA,UNIVERSIDAD TECNICA FEDERICO SANTA MARIA,Engineering & Construction,1.51931900197846,2789808.62581953,168,3,2022,2024,2.78980862581953
I23S1C2J1V2,INGENIERIA CIVIL INDUSTRIAL,UNIVERSIDAD ADOLFO IBAÑEZ,Engineering & Construction,1.63389136002135,2697452.9941156,213,4,2022,2025,2.6974529941156
I88S6C56J1V1,INGENIERIA CIVIL PLAN COMUN,UNIVERSIDAD TECNICA FEDERICO SANTA MARIA,Engineering & Construction,1.66514058294933,2216787.70871267,611,4,2022,2025,2.21678770871267
I23S2C532J1V1,INGENIERIA AEROESPACIAL,UNIVERSIDAD ADOLFO IBAÑEZ,Engineering & Construction,1.66712913633761,2182714.94962925,62,3,2023,2025,2.18271494962925
I88S1C12J1V2,INGENIERIA CIVIL ELECTRONICA,UNIVERSIDAD TECNICA FEDERICO SANTA MARIA,Engineering & Construction,1.66815577065351,2573365.18623293,73,2,2024,2025,2.57336518623293
I88S6C353J1V2,INGENIERIA CIVIL DE MINAS,UNIVERSIDAD TECNICA FEDERICO SANTA MARIA,Engineering & Construction,1.66818973388207,3335755.17940004,101,2,2024,2025,3.33575517940004
I88S6C17J1V1,INGENIERIA CIVIL MECANICA,UNIVERSIDAD TECNICA FEDERICO SANTA MARIA,Engineering & Construction,1.69706126649419,2682044.14555501,250,4,2022,2025,2.68204414555501
I88S1C19J1V2,INGENIERIA CIVIL QUIMICA,UNIVERSIDAD TECNICA FEDERICO SANTA MARIA,Engineering & Construction,1.72333636265063,2419949.29036091,50,2,2024,2025,2.41994929036091
I88S6C10J1V1,INGENIERIA CIVIL,UNIVERSIDAD TECNICA FEDERICO SANTA MARIA,Engineering & Construction,1.74478747549173,2216787.70871267,256,4,2022,2025,2.21678770871267
I88S1C11J1V2,INGENIERIA CIVIL ELECTRICA,UNIVERSIDAD TECNICA FEDERICO SANTA MARIA,Engineering & Construction,1.75023129161876,2789808.62581953,68,2,2024,2025,2.78980862581953
I45S4C1214J1V1,INGENIERIA CIVIL EN BIOMEDICINA,UNIVERSIDAD DEL DESARROLLO,Engineering & Construction,1.77138091007046,2029575.23695495,43,2,2024,2025,2.02957523695495
I88S1C14J1V2,INGENIERIA CIVIL INDUSTRIAL,UNIVERSIDAD TECNICA FEDERICO SANTA MARIA,Engineering & Construction,1.77692469345897,2350883.0515207,426,3,2022,2024,2.3508830515207
I87S1C53J1V2,INGENIERIA CIVIL QUIMICA,UNIVERSIDAD DE CONCEPCION,Engineering & Construction,1.7780045849074,2208542.21920989,286,4,2022,2025,2.20854221920989
I23S2C253J1V1,"INGENIERIA CIVIL, PLAN COMUN",UNIVERSIDAD ADOLFO IBAÑEZ,Engineering & Construction,1.79334201335244,2543589.15826018,1494,4,2022,2025,2.54358915826018
I88S6C11J1V2,INGENIERIA CIVIL ELECTRICA,UNIVERSIDAD TECNICA FEDERICO SANTA MARIA,Engineering & Construction,1.80097657114038,2789808.62581953,64,2,2024,2025,2.78980862581953
I88S6C19J1V2,INGENIERIA CIVIL QUIMICA,UNIVERSIDAD TECNICA FEDERICO SANTA MARIA,Engineering & Construction,1.8160865649576,2419949.29036091,53,3,2023,2025,2.41994929036091
I88S4C14J1V2,INGENIERIA CIVIL INDUSTRIAL,UNIVERSIDAD TECNICA FEDERICO SANTA MARIA,Engineering & Construction,1.86013638189715,2350883.0515207,394,3,2022,2024,2.3508830515207
I87S1C50J1V2,INGENIERIA CIVIL INDUSTRIAL,UNIVERSIDAD DE CONCEPCION,Engineering & Construction,1.93844933530326,2145509.61558955,456,4,2022,2025,2.14550961558955
I70S1C62J1V1,INGENIERIA EN BIOTECNOLOGIA MOLECULAR,UNIVERSIDAD DE CHILE,Engineering & Construction,1.96839689491968,1493648.81144864,157,4,2022,2025,1.49364881144864
I88S1C14J1V3,INGENIERIA CIVIL INDUSTRIAL,UNIVERSIDAD TECNICA FEDERICO SANTA MARIA,Engineering & Construction,1.96967642087248,2350883.0515207,147,3,2023,2025,2.3508830515207
I88S4C14J1V3,INGENIERIA CIVIL INDUSTRIAL,UNIVERSIDAD TECNICA FEDERICO SANTA MARIA,Engineering & Construction,1.99596039095866,2350883.0515207,147,3,2023,2025,2.3508830515207
I70S1C64J1V1,INGENIERIA Y CIENCIAS - PLAN COMUN,UNIVERSIDAD DE CHILE,Engineering & Construction,2.00088549193479,2404683.87977266,746,1,2022,2022,2.40468387977266
I86S4C4J1V1,ARQUITECTURA,PONTIFICIA UNIVERSIDAD CATOLICA DE CHILE,Engineering & Construction,2.01462148161249,1588820.8243655,556,4,2022,2025,1.5888208243655
I34S1C85J1V4,INGENIERIA CIVIL (PLAN COMUN),UNIVERSIDAD DE LOS ANDES,Engineering & Construction,2.03371565287875,2400971.95217488,907,4,2022,2025,2.40097195217488
I87S1C188J1V2,INGENIERIA CIVIL AEROESPACIAL,UNIVERSIDAD DE CONCEPCION,Engineering & Construction,2.16685738727523,1618714.97897171,104,4,2022,2025,1.61871497897171
I70S1C64J1V5,INGENIERIA Y CIENCIAS - PLAN COMUN,UNIVERSIDAD DE CHILE,Engineering & Construction,2.3378294913467,2404683.87977266,1697,4,2022,2025,2.40468387977266
I70S1C64J1V4,INGENIERIA Y CIENCIAS - PLAN COMUN,UNIVERSIDAD DE CHILE,Engineering & Construction,2.53737778801687,2404683.87977266,827,2,2022,2023,2.40468387977266
I86S5C131J1V2,INGENIERIA CIVIL,PONTIFICIA UNIVERSIDAD CATOLICA DE CHILE,Engineering & Construction,2.61752496019736,2394253.60764697,3007,4,2022,2025,2.39425360764697
I914S2C15J2V1,TECNICO DE NIVEL SUPERIOR EN INFORMATICA,CFT DE LA REGION DEL MAULE,Science,-0.916014729474161,1250963.36107273,12,4,2022,2025,1.25096336107273
I111S20C97J1V1,INFORMATICA BIOMEDICA,IP DUOC UC,Science,-0.893939167929579,1443832.59911894,19,3,2022,2024,1.44383259911894
I81S1C35J2V1,TECNICO DE NIVEL SUPERIOR ANALISIS QUIMICO,UNIVERSIDAD ARTURO PRAT,Science,-0.81714813008735,1029637.00997564,10,4,2022,2025,1.02963700997564
I111S23C534J1V1,INGENIERIA EN REDES Y TELECOMUNICACIONES,IP DUOC UC,Science,-0.812958041327913,1674349.08391175,10,2,2024,2025,1.67434908391175
I123S1C51J1V1,ANALISTA PROGRAMADOR COMPUTACIONAL,IP DE CHILE,Science,-0.763514039794658,1250963.36107273,26,4,2022,2025,1.25096336107273
I916S2C9J2V1,TECNICO DE NIVEL SUPERIOR ANALISTA PROGRAMADOR,CFT DE LA REGION DE LA ARAUCANIA,Science,-0.760997336906999,1250963.36107273,15,4,2022,2025,1.25096336107273
I13S1C35J1V1,BACHILLERATO EN CIENCIAS,UNIVERSIDAD SANTO TOMAS,Science,-0.760085420920253,1332844.6834136,25,3,2021,2023,1.3328446834136
I911S2C11J1V1,TECNICO DE NIVEL SUPERIOR EN INFORMATICA CON MENCION EN CIBERSEGURIDAD,CFT DE LA REGION DE VALPARAISO,Science,-0.757730275641977,1250963.36107273,10,1,2025,2025,1.25096336107273
I79S3C176J1V1,TECNICO UNIVERSITARIO EN ASISTENTE DE GEOLOGIA,UNIVERSIDAD DE ATACAMA,Science,-0.7323808426847,1144610.03637986,12,2,2024,2025,1.14461003637986
I430S20C42J2V2,ANALISTA PROGRAMADOR,CFT INACAP,Science,-0.712270561943387,1305576.52922309,10,4,2022,2025,1.30557652922309
I450S1C34J1V1,COMPUTACION E INFORMATICA,CFT LOTA-ARAUCO,Science,-0.701862240960202,1204639.35002769,39,4,2022,2025,1.20463935002769
I111S4C477J1V1,DESARROLLO Y DISEÑO WEB,IP DUOC UC,Science,-0.697482092626371,1443832.59911894,11,3,2022,2024,1.44383259911894
I143S24C677J1V1,TECNICO EN PROGRAMACION Y ANALISIS DE SISTEMAS,IP AIEP,Science,-0.692445401277665,1250963.36107273,15,3,2022,2024,1.25096336107273
I143S21C17J1V1,TECNICO EN PROGRAMACION Y ANALISIS DE SISTEMAS,IP AIEP,Science,-0.691389182394992,1250963.36107273,25,4,2022,2025,1.25096336107273
I111S20C534J1V1,INGENIERIA EN REDES Y TELECOMUNICACIONES,IP DUOC UC,Science,-0.683763014271558,1674349.08391175,17,3,2022,2025,1.67434908391175
I430S12C42J2V2,ANALISTA PROGRAMADOR,CFT INACAP,Science,-0.675855599944535,1305576.52922309,20,4,2022,2025,1.30557652922309
I111S4C48J2V1,INGENIERIA EN INFORMATICA,IP DUOC UC,Science,-0.673777121098919,1892768.45579439,45,5,2021,2025,1.89276845579439
I106S6C286J4V1,TECNICO DE NIVEL SUPERIOR EN INFORMATICA,IP PROVIDENCIA,Science,-0.667765643417056,1250963.36107273,10,2,2022,2023,1.25096336107273
I902S1C16J1V1,TECNICO DE NIVEL SUPERIOR EN INFORMATICA Y APLICACIONES TECNOLOGICAS,CFT DE LA REGION DE ARICA Y PARINACOTA,Science,-0.663222006009031,1250963.36107273,37,4,2022,2025,1.25096336107273
I111S22C23J2V1,ANALISTA PROGRAMADOR COMPUTACIONAL,IP DUOC UC,Science,-0.659485901318677,1250963.36107273,10,2,2022,2023,1.25096336107273
I367S1C209J2V1,TECNICO EN CIBERSEGURIDAD,CFT SAN AGUSTIN,Science,-0.658835917793373,894163.648059848,14,4,2022,2025,0.894163648059848
I111S3C97J1V1,INFORMATICA BIOMEDICA,IP DUOC UC,Science,-0.653708474006992,1443832.59911894,38,4,2022,2025,1.44383259911894
I81S3C115J2V2,TECNICO DE NIVEL SUPERIOR EN COMPUTACION E INFORMATICA,UNIVERSIDAD ARTURO PRAT,Science,-0.644894628037065,1343478.75204132,41,4,2022,2025,1.34347875204132
I111S12C420J1V1,TECNICO EN GEOLOGIA Y CONTROL EN SONDAJE,IP DUOC UC,Science,-0.643583660461592,955913.130157586,32,4,2022,2025,0.955913130157586
I100S34C302J2V1,INGENIERIA EN INFORMATICA,IP INACAP,Science,-0.639399803343713,1892768.45579439,21,4,2022,2025,1.89276845579439
I143S28C677J4V1,TECNICO EN PROGRAMACION Y ANALISIS DE SISTEMAS,IP AIEP,Science,-0.636265521850513,1250963.36107273,21,4,2022,2025,1.25096336107273
I456S2C14J1V1,GEOMINERIA,CFT CEDUC - UCN,Science,-0.629750140160353,1153720.441304,14,5,2021,2025,1.153720441304
I367S2C127J2V1,ANALISTA PROGRAMADOR,CFT SAN AGUSTIN,Science,-0.629504064188119,1087849.89322209,30,4,2022,2025,1.08784989322209
I111S20C48J2V1,INGENIERIA EN INFORMATICA,IP DUOC UC,Science,-0.618607377769143,1892768.45579439,16,4,2022,2025,1.89276845579439
I143S23C677J1V1,TECNICO EN PROGRAMACION Y ANALISIS DE SISTEMAS,IP AIEP,Science,-0.618385866997064,1250963.36107273,13,3,2022,2024,1.25096336107273
I84S2C70J1V2,TECNICO UNIVERSITARIO EN INFORMATICA,UNIVERSIDAD DE LOS LAGOS,Science,-0.618260589098347,1224580.27833693,21,4,2022,2025,1.22458027833693
I100S13C302J2V1,INGENIERIA EN INFORMATICA,IP INACAP,Science,-0.61597686409713,1892768.45579439,21,5,2021,2025,1.89276845579439
I111S16C97J1V1,INFORMATICA BIOMEDICA,IP DUOC UC,Science,-0.615969597601857,1443832.59911894,70,4,2022,2025,1.44383259911894
I430S21C42J1V3,ANALISTA PROGRAMADOR,CFT INACAP,Science,-0.614658793729898,1305576.52922309,14,4,2022,2025,1.30557652922309
I456S1C68J1V1,COMPUTACION E INFORMATICA MENCION CIBERSEGURIDAD,CFT CEDUC - UCN,Science,-0.613833002616702,1349097.6261384,40,4,2022,2025,1.3490976261384
I430S3C42J2V3,ANALISTA PROGRAMADOR,CFT INACAP,Science,-0.597890482745174,1305576.52922309,10,4,2022,2025,1.30557652922309
I111S21C23J2V3,ANALISTA PROGRAMADOR COMPUTACIONAL,IP DUOC UC,Science,-0.590554725928239,1250963.36107273,17,4,2021,2025,1.25096336107273
I111S2C97J1V1,INFORMATICA BIOMEDICA,IP DUOC UC,Science,-0.590319842677206,1443832.59911894,32,4,2022,2025,1.44383259911894
I629S4C160J1V1,TECNICO DE NIVEL SUPERIOR EN COMPUTACION E INFORMATICA CON ESPECIALIDAD EN CIBERSEGURIDAD,CFT PUCV,Science,-0.587870141457182,1254568.59281744,31,4,2022,2025,1.25456859281744
I430S26C42J2V2,ANALISTA PROGRAMADOR,CFT INACAP,Science,-0.587763102289077,1305576.52922309,24,4,2022,2025,1.30557652922309
I430S29C42J2V2,ANALISTA PROGRAMADOR,CFT INACAP,Science,-0.581983711611272,1305576.52922309,12,3,2022,2024,1.30557652922309
I143S30C677J1V1,TECNICO EN PROGRAMACION Y ANALISIS DE SISTEMAS,IP AIEP,Science,-0.580741905919772,1250963.36107273,11,4,2022,2025,1.25096336107273
I79S3C176J2V1,TECNICO Y UNIVERSITARIO ASISTENTE DE GEOLOGIA,UNIVERSIDAD DE ATACAMA,Science,-0.580092014975166,1144610.03637986,18,3,2022,2024,1.14461003637986
I430S39C42J1V1,ANALISTA PROGRAMADOR,CFT INACAP,Science,-0.580060904121389,1305576.52922309,44,4,2022,2025,1.30557652922309
I100S30C316J1V1,INGENIERIA EN GEOMENSURA Y GEOMATICA,IP INACAP,Science,-0.579187917271119,1657218.20362042,46,4,2022,2025,1.65721820362042
I456S2C68J1V1,COMPUTACION E INFORMATICA MENCION CIBERSEGURIDAD,CFT CEDUC - UCN,Science,-0.577792593335136,1349097.6261384,23,4,2022,2025,1.3490976261384
I430S1C42J1V2,ANALISTA PROGRAMADOR,CFT INACAP,Science,-0.577490968658375,1305576.52922309,48,4,2022,2025,1.30557652922309
I143S13C709J1V1,TECNICO EN CIBERSEGURIDAD,IP AIEP,Science,-0.57613165573002,1097245.51588447,11,4,2022,2025,1.09724551588447
I139S1C44J1V1,TECNICO QUIMICO ANALISTA INDUSTRIAL,IP DR. VIRGINIO GOMEZ G.,Science,-0.575317903209935,1089064.58242374,32,4,2022,2025,1.08906458242374
I629S6C160J1V1,TECNICO DE NIVEL SUPERIOR EN COMPUTACION E INFORMATICA CON ESPECIALIDAD EN CIBERSEGURIDAD,CFT PUCV,Science,-0.567154906436493,1254568.59281744,36,4,2022,2025,1.25456859281744
I430S5C42J1V2,ANALISTA PROGRAMADOR,CFT INACAP,Science,-0.563573939614474,1305576.52922309,39,4,2022,2025,1.30557652922309
I116S18C57J1V1,ANALISTA PROGRAMADOR,IP SANTO TOMAS,Science,-0.560446007661113,1250963.36107273,75,5,2021,2025,1.25096336107273
I111S3C534J1V1,INGENIERIA EN REDES Y TELECOMUNICACIONES,IP DUOC UC,Science,-0.555528784682934,1674349.08391175,10,2,2024,2025,1.67434908391175
I143S17C677J1V1,TECNICO EN PROGRAMACION Y ANALISIS DE SISTEMAS,IP AIEP,Science,-0.552790115875779,1250963.36107273,29,4,2022,2025,1.25096336107273
I430S24C42J2V2,ANALISTA PROGRAMADOR,CFT INACAP,Science,-0.551830887621033,1305576.52922309,31,4,2022,2025,1.30557652922309
I111S12C50J2V1,INGENIERIA EN CONECTIVIDAD Y REDES,IP DUOC UC,Science,-0.550314503755408,1674349.08391175,15,3,2022,2024,1.67434908391175
I81S1C119J2V2,TECNICO DE NIVEL SUPERIOR EN COMPUTACION E INFORMATICA,UNIVERSIDAD ARTURO PRAT,Science,-0.547028216349461,1343478.75204132,15,4,2022,2025,1.34347875204132
I143S27C677J1V1,TECNICO EN PROGRAMACION Y ANALISIS DE SISTEMAS,IP AIEP,Science,-0.545623977874968,1250963.36107273,12,4,2022,2025,1.25096336107273
I111S16C534J1V1,INGENIERIA EN REDES Y TELECOMUNICACIONES,IP DUOC UC,Science,-0.54334903864847,1674349.08391175,18,3,2023,2025,1.67434908391175
I93S2C61J1V1,INGENIERIA DE EJECUCION EN INFORMATICA,UNIVERSIDAD CATOLICA DE LA SANTISIMA CONCEPCION,Science,-0.542590481910184,1760780.81244509,25,4,2022,2025,1.76078081244509
I13S4C35J1V1,BACHILLERATO EN CIENCIAS,UNIVERSIDAD SANTO TOMAS,Science,-0.542233235968733,1332844.6834136,19,2,2022,2023,1.3328446834136
I111S22C477J1V1,DESARROLLO Y DISEÑO WEB,IP DUOC UC,Science,-0.54049847635715,1443832.59911894,11,2,2022,2023,1.44383259911894
I629S3C160J1V1,TECNICO DE NIVEL SUPERIOR EN COMPUTACION E INFORMATICA CON ESPECIALIDAD EN CIBERSEGURIDAD,CFT PUCV,Science,-0.535282861433171,1254568.59281744,18,4,2022,2025,1.25456859281744
I456S2C69J2V1,COMPUTACION E INFORMATICA MENCION PROGRAMACION,CFT CEDUC - UCN,Science,-0.532070797019233,1349097.6261384,11,4,2022,2025,1.3490976261384
I111S15C534J2V1,INGENIERIA EN REDES Y TELECOMUNICACIONES,IP DUOC UC,Science,-0.529526703643863,1674349.08391175,13,2,2024,2025,1.67434908391175
I100S31C324J1V1,INGENIERIA EN CIBERSEGURIDAD,IP INACAP,Science,-0.527524528465584,1674349.08391175,30,4,2022,2025,1.67434908391175
I111S9C50J1V1,INGENIERIA EN CONECTIVIDAD Y REDES,IP DUOC UC,Science,-0.526920738128609,1674349.08391175,39,3,2022,2024,1.67434908391175
I456S3C69J1V1,COMPUTACION E INFORMATICA MENCION PROGRAMACION,CFT CEDUC - UCN,Science,-0.522864120430778,1349097.6261384,15,4,2022,2025,1.3490976261384
I100S29C302J1V1,INGENIERIA EN INFORMATICA,IP INACAP,Science,-0.522527183523208,1892768.45579439,72,4,2022,2025,1.89276845579439
I155S2C105J1V1,INGENIERIA EN INFORMATICA Y CIBER SEGURIDAD,IP LOS LEONES,Science,-0.520050050435136,1892768.45579439,18,3,2022,2025,1.89276845579439
I111S10C50J1V1,INGENIERIA EN CONECTIVIDAD Y REDES,IP DUOC UC,Science,-0.520027090688176,1674349.08391175,46,3,2022,2024,1.67434908391175
I139S3C213J1V1,INGENIERIA EN INFORMATICA,IP DR. VIRGINIO GOMEZ G.,Science,-0.518861739097568,1892768.45579439,55,4,2022,2025,1.89276845579439
I143S28C15J4V2,INGENIERIA EN INFORMATICA,IP AIEP,Science,-0.518244922453338,1892768.45579439,10,4,2022,2025,1.89276845579439
I116S2C8J2V1,INGENIERIA EN INFORMATICA,IP SANTO TOMAS,Science,-0.516892922381175,1892768.45579439,44,4,2022,2025,1.89276845579439
I367S1C127J1V1,ANALISTA PROGRAMADOR,CFT SAN AGUSTIN,Science,-0.516561800864096,1087849.89322209,28,4,2022,2025,1.08784989322209
I81S1C22J1V1,BIOLOGIA MARINA,UNIVERSIDAD ARTURO PRAT,Science,-0.514701229558688,1354600.47820779,49,4,2022,2025,1.35460047820779
I116S32C8J2V1,INGENIERIA EN INFORMATICA,IP SANTO TOMAS,Science,-0.513176011160267,1892768.45579439,34,4,2022,2025,1.89276845579439
I111S23C50J1V1,INGENIERIA EN CONECTIVIDAD Y REDES,IP DUOC UC,Science,-0.511074179155226,1674349.08391175,49,4,2021,2024,1.67434908391175
I218S1C158J1V2,TECNICO EN INFORMATICA MENCION CIBERSEGURIDAD,CFT DE ENAC,Science,-0.507753121258162,1248133.25318833,32,4,2022,2025,1.24813325318833
I430S28C42J1V2,ANALISTA PROGRAMADOR,CFT INACAP,Science,-0.507457425661223,1305576.52922309,124,4,2022,2025,1.30557652922309
I111S4C50J1V1,INGENIERIA EN CONECTIVIDAD Y REDES,IP DUOC UC,Science,-0.504627849108601,1674349.08391175,33,4,2021,2024,1.67434908391175
I139S3C19J1V2,TECNICO ANALISTA PROGRAMADOR,IP DR. VIRGINIO GOMEZ G.,Science,-0.504033002789517,1250963.36107273,19,3,2022,2024,1.25096336107273
I111S15C97J1V1,INFORMATICA BIOMEDICA,IP DUOC UC,Science,-0.503965538422735,1443832.59911894,44,4,2022,2025,1.44383259911894
I430S15C42J1V3,ANALISTA PROGRAMADOR,CFT INACAP,Science,-0.501128554991831,1305576.52922309,134,4,2022,2025,1.30557652922309
I143S21C677J1V1,TECNICO EN PROGRAMACION Y ANALISIS DE SISTEMAS,IP AIEP,Science,-0.499607515319781,1250963.36107273,40,2,2022,2023,1.25096336107273
I100S4C302J1V1,INGENIERIA EN INFORMATICA,IP INACAP,Science,-0.499150671569299,1892768.45579439,48,4,2022,2025,1.89276845579439
I100S42C302J1V1,INGENIERIA EN INFORMATICA,IP INACAP,Science,-0.499007384060802,1892768.45579439,71,4,2022,2025,1.89276845579439
I94S1C190J1V1,BACHILLER EN CIENCIAS Y HUMANIDADES,UNIVERSIDAD CATOLICA DE TEMUCO,Science,-0.496239764748251,1194898.11151824,304,3,2021,2023,1.19489811151824
I116S9C8J2V1,INGENIERIA EN INFORMATICA,IP SANTO TOMAS,Science,-0.495572623654796,1892768.45579439,39,4,2022,2025,1.89276845579439
I116S17C8J2V1,INGENIERIA EN INFORMATICA,IP SANTO TOMAS,Science,-0.495187881435433,1892768.45579439,36,4,2022,2025,1.89276845579439
I100S32C324J1V1,INGENIERIA EN CIBERSEGURIDAD,IP INACAP,Science,-0.494854638159855,1674349.08391175,23,4,2022,2025,1.67434908391175
I111S4C534J1V1,INGENIERIA EN REDES Y TELECOMUNICACIONES,IP DUOC UC,Science,-0.494208669342775,1674349.08391175,18,3,2023,2025,1.67434908391175
I633S0C74J1V2,TECNICO DE NIVEL SUPERIOR EN INFORMATICA,CFT TEODORO WICKEL KLUWEN,Science,-0.493836809916675,1121069.31445963,12,3,2022,2024,1.12106931445963
I111S9C477J1V1,DESARROLLO Y DISEÑO WEB,IP DUOC UC,Science,-0.488828885251444,1443832.59911894,24,4,2022,2025,1.44383259911894
I100S30C302J2V1,INGENIERIA EN INFORMATICA,IP INACAP,Science,-0.487768103754165,1892768.45579439,17,4,2022,2025,1.89276845579439
I111S23C48J2V1,INGENIERIA EN INFORMATICA,IP DUOC UC,Science,-0.486675213820242,1892768.45579439,27,4,2022,2025,1.89276845579439
I456S1C14J1V1,GEOMINERIA,CFT CEDUC - UCN,Science,-0.482465534172284,1153720.441304,32,4,2022,2025,1.153720441304
I116S6C8J1V1,INGENIERIA EN INFORMATICA,IP SANTO TOMAS,Science,-0.482150033595494,1892768.45579439,55,4,2022,2025,1.89276845579439
I430S37C42J2V3,ANALISTA PROGRAMADOR,CFT INACAP,Science,-0.474432138188691,1305576.52922309,13,4,2022,2025,1.30557652922309
I111S23C23J1V2,ANALISTA PROGRAMADOR COMPUTACIONAL,IP DUOC UC,Science,-0.474296257534871,1250963.36107273,31,4,2022,2025,1.25096336107273
I111S16C50J2V1,INGENIERIA EN CONECTIVIDAD Y REDES,IP DUOC UC,Science,-0.473980875712054,1674349.08391175,13,3,2022,2024,1.67434908391175
I430S3C42J1V3,ANALISTA PROGRAMADOR,CFT INACAP,Science,-0.473599429370062,1305576.52922309,39,4,2022,2025,1.30557652922309
I430S33C42J1V2,ANALISTA PROGRAMADOR,CFT INACAP,Science,-0.473389721015027,1305576.52922309,83,4,2022,2025,1.30557652922309
I100S15C302J1V1,INGENIERIA EN INFORMATICA,IP INACAP,Science,-0.469815337547429,1892768.45579439,76,5,2021,2025,1.89276845579439
I430S16C42J1V2,ANALISTA PROGRAMADOR,CFT INACAP,Science,-0.467635146010477,1305576.52922309,155,4,2022,2025,1.30557652922309
I22S1C381J1V1,BIOQUIMICA,UNIVERSIDAD DE VIÑA DEL MAR,Science,-0.461808870950713,1156152.18363248,10,2,2024,2025,1.15615218363248
I100S16C302J1V1,INGENIERIA EN INFORMATICA,IP INACAP,Science,-0.460809515138747,1892768.45579439,66,4,2022,2025,1.89276845579439
I143S17C709J1V1,TECNICO EN CIBERSEGURIDAD,IP AIEP,Science,-0.457439475020898,1097245.51588447,15,3,2023,2025,1.09724551588447
I116S31C8J2V1,INGENIERIA EN INFORMATICA,IP SANTO TOMAS,Science,-0.455850599275846,1892768.45579439,19,4,2022,2025,1.89276845579439
I111S3C50J1V1,INGENIERIA EN CONECTIVIDAD Y REDES,IP DUOC UC,Science,-0.454745713136042,1674349.08391175,27,3,2022,2024,1.67434908391175
I84S6C70J1V2,TECNICO UNIVERSITARIO EN INFORMATICA,UNIVERSIDAD DE LOS LAGOS,Science,-0.4534154189388,1224580.27833693,69,4,2022,2025,1.22458027833693
I94S1C190J1V2,BACHILLER EN CIENCIAS Y HUMANIDADES,UNIVERSIDAD CATOLICA DE TEMUCO,Science,-0.45341409014445,1194898.11151824,451,4,2022,2025,1.19489811151824
I100S33C302J1V1,INGENIERIA EN INFORMATICA,IP INACAP,Science,-0.452524541268173,1892768.45579439,96,5,2021,2025,1.89276845579439
I111S2C48J1V1,INGENIERIA EN INFORMATICA,IP DUOC UC,Science,-0.452411425167072,1892768.45579439,102,4,2022,2025,1.89276845579439
I84S1C70J1V2,TECNICO UNIVERSITARIO EN INFORMATICA,UNIVERSIDAD DE LOS LAGOS,Science,-0.450534155385093,1224580.27833693,30,4,2022,2025,1.22458027833693
I100S32C302J1V1,INGENIERIA EN INFORMATICA,IP INACAP,Science,-0.449572812045517,1892768.45579439,99,4,2022,2025,1.89276845579439
I111S20C23J1V1,ANALISTA PROGRAMADOR COMPUTACIONAL,IP DUOC UC,Science,-0.449007052583514,1250963.36107273,36,2,2022,2023,1.25096336107273
I111S3C48J1V1,INGENIERIA EN INFORMATICA,IP DUOC UC,Science,-0.447247553290732,1892768.45579439,152,4,2022,2025,1.89276845579439
I111S2C420J1V1,TECNICO EN GEOLOGIA Y CONTROL EN SONDAJE,IP DUOC UC,Science,-0.4468690802708,955913.130157586,39,4,2022,2025,0.955913130157586
I100S24C302J1V1,INGENIERIA EN INFORMATICA,IP INACAP,Science,-0.446867897740963,1892768.45579439,57,4,2022,2025,1.89276845579439
I94S1C542J2V1,TECNICO UNIVERSITARIO EN INFORMATICA,UNIVERSIDAD CATOLICA DE TEMUCO,Science,-0.443785219264969,1288530.10775113,11,2,2024,2025,1.28853010775113
I88S3C203J1V3,TECNICO UNIVERSITARIO EN QUIMICA CON MENCION EN QUIMICA INDUSTRIAL,UNIVERSIDAD TECNICA FEDERICO SANTA MARIA,Science,-0.443453716336568,1137680.8954805,11,3,2022,2025,1.1376808954805
I111S15C23J1V1,ANALISTA PROGRAMADOR COMPUTACIONAL,IP DUOC UC,Science,-0.442984811893035,1250963.36107273,43,2,2022,2023,1.25096336107273
I111S20C23J1V2,ANALISTA PROGRAMADOR COMPUTACIONAL,IP DUOC UC,Science,-0.440671384882568,1250963.36107273,33,3,2023,2025,1.25096336107273
I111S10C48J2V1,INGENIERIA EN INFORMATICA,IP DUOC UC,Science,-0.438124553001225,1892768.45579439,51,5,2021,2025,1.89276845579439
I430S27C42J1V2,ANALISTA PROGRAMADOR,CFT INACAP,Science,-0.436658903258018,1305576.52922309,107,5,2021,2025,1.30557652922309
I430S10C42J1V2,ANALISTA PROGRAMADOR,CFT INACAP,Science,-0.432545184511949,1305576.52922309,36,4,2022,2025,1.30557652922309
I430S36C89J1V1,TECNOLOGIA EN ANALISIS QUIMICO,CFT INACAP,Science,-0.430958035300752,1000588.89044662,39,3,2022,2024,1.00058889044662
I111S20C50J1V1,INGENIERIA EN CONECTIVIDAD Y REDES,IP DUOC UC,Science,-0.430868383682629,1674349.08391175,49,3,2022,2024,1.67434908391175
I111S10C23J1V2,ANALISTA PROGRAMADOR COMPUTACIONAL,IP DUOC UC,Science,-0.430681981075107,1250963.36107273,17,4,2022,2025,1.25096336107273
I430S22C42J2V2,ANALISTA PROGRAMADOR,CFT INACAP,Science,-0.430081663601592,1305576.52922309,11,4,2022,2025,1.30557652922309
I111S4C23J1V1,ANALISTA PROGRAMADOR COMPUTACIONAL,IP DUOC UC,Science,-0.42981058406168,1250963.36107273,53,2,2022,2023,1.25096336107273
I100S35C302J2V1,INGENIERIA EN INFORMATICA,IP INACAP,Science,-0.429241379076643,1892768.45579439,15,4,2022,2025,1.89276845579439
I123S2C41J1V1,INGENIERIA EN INFORMATICA,IP DE CHILE,Science,-0.429026468339886,1892768.45579439,29,4,2022,2025,1.89276845579439
I100S37C302J2V1,INGENIERIA EN INFORMATICA,IP INACAP,Science,-0.42531073050492,1892768.45579439,22,4,2022,2025,1.89276845579439
I100S5C302J1V1,INGENIERIA EN INFORMATICA,IP INACAP,Science,-0.421750795405984,1892768.45579439,36,5,2021,2025,1.89276845579439
I143S21C677J2V2,TECNICO EN PROGRAMACION Y ANALISIS DE SISTEMAS,IP AIEP,Science,-0.420118132687401,1250963.36107273,20,4,2022,2025,1.25096336107273
I430S20C42J1V2,ANALISTA PROGRAMADOR,CFT INACAP,Science,-0.419507906005387,1305576.52922309,104,5,2021,2025,1.30557652922309
I100S38C324J1V1,INGENIERIA EN CIBERSEGURIDAD,IP INACAP,Science,-0.419241792484615,1674349.08391175,32,4,2022,2025,1.67434908391175
I152S10C283J4V4,TECNICO EN INFORMATICA,IP LATINOAMERICANO DE COMERCIO EXTERIOR - IPLACEX,Science,-0.418814373363847,1250963.36107273,22,4,2022,2025,1.25096336107273
I100S42C302J2V1,INGENIERIA EN INFORMATICA,IP INACAP,Science,-0.41726257904535,1892768.45579439,18,4,2022,2025,1.89276845579439
I430S21C42J2V2,ANALISTA PROGRAMADOR,CFT INACAP,Science,-0.413903044485898,1305576.52922309,32,4,2022,2025,1.30557652922309
I111S4C48J1V1,INGENIERIA EN INFORMATICA,IP DUOC UC,Science,-0.412854779990534,1892768.45579439,370,4,2022,2025,1.89276845579439
I111S12C23J1V1,ANALISTA PROGRAMADOR COMPUTACIONAL,IP DUOC UC,Science,-0.411365990572219,1250963.36107273,57,2,2022,2023,1.25096336107273
I430S4C42J1V2,ANALISTA PROGRAMADOR,CFT INACAP,Science,-0.410593318041293,1305576.52922309,32,4,2022,2025,1.30557652922309
I116S39C57J1V1,ANALISTA PROGRAMADOR,IP SANTO TOMAS,Science,-0.409240886233836,1250963.36107273,45,4,2022,2025,1.25096336107273
I430S37C42J1V3,ANALISTA PROGRAMADOR,CFT INACAP,Science,-0.407973018346049,1305576.52922309,80,5,2021,2025,1.30557652922309
I111S12C23J1V2,ANALISTA PROGRAMADOR COMPUTACIONAL,IP DUOC UC,Science,-0.406979837174043,1250963.36107273,47,4,2022,2025,1.25096336107273
I106S6C318J4V2,TECNICO DE NIVEL SUPERIOR EN SEGURIDAD INFORMATICA,IP PROVIDENCIA,Science,-0.405994503698262,1097245.51588447,19,4,2022,2025,1.09724551588447
I430S36C42J2V2,ANALISTA PROGRAMADOR,CFT INACAP,Science,-0.405976877117819,1305576.52922309,17,4,2022,2025,1.30557652922309
I116S17C57J1V1,ANALISTA PROGRAMADOR,IP SANTO TOMAS,Science,-0.405794812430804,1250963.36107273,52,4,2022,2025,1.25096336107273
I116S34C8J1V1,INGENIERIA EN INFORMATICA,IP SANTO TOMAS,Science,-0.402900051565594,1892768.45579439,60,4,2022,2025,1.89276845579439
I910S1C10J1V1,TECNICO DE NIVEL SUPERIOR EN TECNOLOGIA DE LA INFORMACION,CFT DE LA REGION DE COQUIMBO,Science,-0.397515093736174,1250963.36107273,15,4,2022,2025,1.25096336107273
I143S31C677J1V1,TECNICO EN PROGRAMACION Y ANALISIS DE SISTEMAS,IP AIEP,Science,-0.397262207261055,1250963.36107273,30,4,2022,2025,1.25096336107273
I430S26C42J1V2,ANALISTA PROGRAMADOR,CFT INACAP,Science,-0.392664881730501,1305576.52922309,56,5,2021,2025,1.30557652922309
I430S9C42J1V2,ANALISTA PROGRAMADOR,CFT INACAP,Science,-0.391883049594854,1305576.52922309,84,5,2021,2025,1.30557652922309
I152S10C452J4V1,ANALISTA PROGRAMADOR,IP LATINOAMERICANO DE COMERCIO EXTERIOR - IPLACEX,Science,-0.391385150664707,1250963.36107273,11,4,2022,2025,1.25096336107273
I111S9C23J1V2,ANALISTA PROGRAMADOR COMPUTACIONAL,IP DUOC UC,Science,-0.390990707241482,1250963.36107273,33,4,2022,2025,1.25096336107273
I100S31C302J2V1,INGENIERIA EN INFORMATICA,IP INACAP,Science,-0.390402157696733,1892768.45579439,18,4,2022,2025,1.89276845579439
I430S2C42J1V2,ANALISTA PROGRAMADOR,CFT INACAP,Science,-0.388834456383819,1305576.52922309,49,4,2022,2025,1.30557652922309
I100S23C302J1V1,INGENIERIA EN INFORMATICA,IP INACAP,Science,-0.38767252121725,1892768.45579439,203,4,2022,2025,1.89276845579439
I88S3C94J1V3,TECNICO UNIVERSITARIO EN INFORMATICA,UNIVERSIDAD TECNICA FEDERICO SANTA MARIA,Science,-0.386249003525927,1484455.29334416,144,4,2022,2025,1.48445529334416
I116S2C8J1V1,INGENIERIA EN INFORMATICA,IP SANTO TOMAS,Science,-0.386202698153358,1892768.45579439,60,4,2022,2025,1.89276845579439
I100S14C302J2V1,INGENIERIA EN INFORMATICA,IP INACAP,Science,-0.384598590509716,1892768.45579439,18,4,2022,2025,1.89276845579439
I430S2C42J2V2,ANALISTA PROGRAMADOR,CFT INACAP,Science,-0.384557040777696,1305576.52922309,11,4,2022,2025,1.30557652922309
I100S40C302J1V1,INGENIERIA EN INFORMATICA,IP INACAP,Science,-0.381848993553356,1892768.45579439,84,4,2022,2025,1.89276845579439
I139S2C213J1V1,INGENIERIA EN INFORMATICA,IP DR. VIRGINIO GOMEZ G.,Science,-0.381779983191461,1892768.45579439,59,4,2022,2025,1.89276845579439
I100S14C302J1V1,INGENIERIA EN INFORMATICA,IP INACAP,Science,-0.378115383286006,1892768.45579439,39,4,2022,2025,1.89276845579439
I100S16C302J2V1,INGENIERIA EN INFORMATICA,IP INACAP,Science,-0.376261010381746,1892768.45579439,17,4,2022,2025,1.89276845579439
I100S20C302J1V1,INGENIERIA EN INFORMATICA,IP INACAP,Science,-0.375467655893614,1892768.45579439,129,4,2022,2025,1.89276845579439
I430S39C42J2V1,ANALISTA PROGRAMADOR,CFT INACAP,Science,-0.373286482483097,1305576.52922309,11,3,2023,2025,1.30557652922309
I143S8C677J1V1,TECNICO EN PROGRAMACION Y ANALISIS DE SISTEMAS,IP AIEP,Science,-0.372998771463582,1250963.36107273,39,4,2022,2025,1.25096336107273
I111S4C23J1V2,ANALISTA PROGRAMADOR COMPUTACIONAL,IP DUOC UC,Science,-0.371423059476194,1250963.36107273,43,5,2021,2025,1.25096336107273
I73S2C48J1V1,BACHILLERATO EN CIENCIAS,UNIVERSIDAD DE ANTOFAGASTA,Science,-0.370038490225023,1764829.02476288,11,2,2024,2025,1.76482902476288
I111S20C48J1V1,INGENIERIA EN INFORMATICA,IP DUOC UC,Science,-0.368721758002559,1892768.45579439,319,4,2022,2025,1.89276845579439
I152S10C38J4V1,INGENIERIA EN INFORMATICA,IP LATINOAMERICANO DE COMERCIO EXTERIOR - IPLACEX,Science,-0.36519978798432,1892768.45579439,13,4,2022,2025,1.89276845579439
I111S21C50J1V1,INGENIERIA EN CONECTIVIDAD Y REDES,IP DUOC UC,Science,-0.364638713223816,1674349.08391175,44,4,2022,2025,1.67434908391175
I111S21C50J2V1,INGENIERIA EN CONECTIVIDAD Y REDES,IP DUOC UC,Science,-0.362435370425103,1674349.08391175,17,3,2022,2024,1.67434908391175
I430S38C42J1V2,ANALISTA PROGRAMADOR,CFT INACAP,Science,-0.361503674079624,1305576.52922309,29,4,2022,2025,1.30557652922309
I100S26C302J2V1,INGENIERIA EN INFORMATICA,IP INACAP,Science,-0.361224410122025,1892768.45579439,16,4,2022,2025,1.89276845579439
I111S15C534J1V1,INGENIERIA EN REDES Y TELECOMUNICACIONES,IP DUOC UC,Science,-0.36053229986663,1674349.08391175,24,3,2022,2025,1.67434908391175
I111S21C23J1V2,ANALISTA PROGRAMADOR COMPUTACIONAL,IP DUOC UC,Science,-0.359520973942361,1250963.36107273,41,4,2022,2025,1.25096336107273
I260S22C211J1V1,TECNICO EN ANALISIS QUIMICO,CFT SANTO TOMAS,Science,-0.358860950232161,937002.905764297,12,2,2022,2023,0.937002905764297
I116S11C8J1V1,INGENIERIA EN INFORMATICA,IP SANTO TOMAS,Science,-0.358444772036051,1892768.45579439,85,4,2022,2025,1.89276845579439
I94S1C542J1V1,TECNICO UNIVERSITARIO EN INFORMATICA,UNIVERSIDAD CATOLICA DE TEMUCO,Science,-0.358375701531008,1288530.10775113,29,4,2022,2025,1.28853010775113
I111S21C23J1V1,ANALISTA PROGRAMADOR COMPUTACIONAL,IP DUOC UC,Science,-0.358352498854433,1250963.36107273,40,2,2022,2023,1.25096336107273
I100S15C302J2V1,INGENIERIA EN INFORMATICA,IP INACAP,Science,-0.358253469018134,1892768.45579439,22,4,2022,2025,1.89276845579439
I77S1C220J2V1,TECNICO DE NIVEL SUPERIOR EN ANALISIS DE SISTEMAS COMPUTACIONALES,UNIVERSIDAD DE MAGALLANES,Science,-0.355296712250282,1562496.50641116,14,4,2022,2025,1.56249650641116
I430S34C42J1V2,ANALISTA PROGRAMADOR,CFT INACAP,Science,-0.353127774568142,1305576.52922309,30,4,2022,2025,1.30557652922309
I143S26C219J1V1,INGENIERIA DE EJECUCION EN INFORMATICA MENCION DESARROLLO DE SISTEMAS,IP AIEP,Science,-0.350647747392843,1892768.45579439,18,3,2022,2024,1.89276845579439
I367S3C127J1V1,ANALISTA PROGRAMADOR,CFT SAN AGUSTIN,Science,-0.348508250535297,1087849.89322209,48,4,2022,2025,1.08784989322209
I143S15C219J1V1,INGENIERIA DE EJECUCION EN INFORMATICA MENCION DESARROLLO DE SISTEMAS,IP AIEP,Science,-0.346620942909646,1892768.45579439,22,3,2022,2024,1.89276845579439
I100S34C302J1V1,INGENIERIA EN INFORMATICA,IP INACAP,Science,-0.342296624630843,1892768.45579439,142,4,2022,2025,1.89276845579439
I100S29C316J1V1,INGENIERIA EN GEOMENSURA Y GEOMATICA,IP INACAP,Science,-0.341711687259548,1657218.20362042,23,4,2022,2025,1.65721820362042
I111S25C48J2V1,INGENIERIA EN INFORMATICA,IP DUOC UC,Science,-0.341036655832819,1892768.45579439,25,4,2022,2025,1.89276845579439
I93S1C55J1V1,QUIMICA AMBIENTAL,UNIVERSIDAD CATOLICA DE LA SANTISIMA CONCEPCION,Science,-0.340940383858648,1280047.14965684,51,4,2022,2025,1.28004714965684
I111S12C48J2V1,INGENIERIA EN INFORMATICA,IP DUOC UC,Science,-0.340396856871841,1892768.45579439,61,5,2021,2025,1.89276845579439
I117S1C46J4V1,TECNICO DE NIVEL SUPERIOR EN ANALISIS Y PROGRAMACION COMPUTACIONAL,IP IACC,Science,-0.339018668879526,1250963.36107273,14,3,2022,2024,1.25096336107273
I100S30C324J1V1,INGENIERIA EN CIBERSEGURIDAD,IP INACAP,Science,-0.338255134295857,1674349.08391175,27,4,2022,2025,1.67434908391175
I116S36C8J1V1,INGENIERIA EN INFORMATICA,IP SANTO TOMAS,Science,-0.332092490401281,1892768.45579439,67,4,2022,2025,1.89276845579439
I100S30C302J1V1,INGENIERIA EN INFORMATICA,IP INACAP,Science,-0.3309401916313,1892768.45579439,137,4,2022,2025,1.89276845579439
I111S15C23J1V2,ANALISTA PROGRAMADOR COMPUTACIONAL,IP DUOC UC,Science,-0.330730213383905,1250963.36107273,73,4,2022,2025,1.25096336107273
I430S29C42J1V2,ANALISTA PROGRAMADOR,CFT INACAP,Science,-0.330196304079749,1305576.52922309,119,4,2022,2025,1.30557652922309
I9S2C122J1V1,GEOLOGIA,UNIVERSIDAD DEL ALBA,Science,-0.328710433130707,2328500.57631967,26,4,2022,2025,2.32850057631967
I111S9C23J1V1,ANALISTA PROGRAMADOR COMPUTACIONAL,IP DUOC UC,Science,-0.32860792610022,1250963.36107273,13,2,2022,2023,1.25096336107273
I430S10C89J2V1,TECNOLOGIA EN ANALISIS QUIMICO,CFT INACAP,Science,-0.327283949655691,1000588.89044662,13,3,2022,2024,1.00058889044662
I116S8C8J1V1,INGENIERIA EN INFORMATICA,IP SANTO TOMAS,Science,-0.326904959735103,1892768.45579439,70,4,2022,2025,1.89276845579439
I116S31C8J1V1,INGENIERIA EN INFORMATICA,IP SANTO TOMAS,Science,-0.326278009566143,1892768.45579439,107,4,2022,2025,1.89276845579439
I430S10C42J2V3,ANALISTA PROGRAMADOR,CFT INACAP,Science,-0.324291610020419,1305576.52922309,21,5,2021,2025,1.30557652922309
I111S10C48J1V1,INGENIERIA EN INFORMATICA,IP DUOC UC,Science,-0.32388618446905,1892768.45579439,274,4,2022,2025,1.89276845579439
I111S15C48J1V1,INGENIERIA EN INFORMATICA,IP DUOC UC,Science,-0.323767281315567,1892768.45579439,329,5,2021,2025,1.89276845579439
I100S37C302J1V1,INGENIERIA EN INFORMATICA,IP INACAP,Science,-0.322355754577908,1892768.45579439,69,4,2022,2025,1.89276845579439
I143S28C219J4V1,INGENIERIA DE EJECUCION EN INFORMATICA MENCION DESARROLLO DE SISTEMAS,IP AIEP,Science,-0.318679664069147,1892768.45579439,17,2,2022,2023,1.89276845579439
I111S21C534J1V1,INGENIERIA EN REDES Y TELECOMUNICACIONES,IP DUOC UC,Science,-0.317790368289292,1674349.08391175,12,2,2024,2025,1.67434908391175
I111S22C48J1V1,INGENIERIA EN INFORMATICA,IP DUOC UC,Science,-0.31725591235004,1892768.45579439,259,4,2022,2025,1.89276845579439
I111S16C23J1V2,ANALISTA PROGRAMADOR COMPUTACIONAL,IP DUOC UC,Science,-0.313094295476551,1250963.36107273,55,4,2022,2025,1.25096336107273
I430S16C42J2V2,ANALISTA PROGRAMADOR,CFT INACAP,Science,-0.3122461823426,1305576.52922309,22,5,2021,2025,1.30557652922309
I143S26C650J2V3,INGENIERIA EN CIBERSEGURIDAD,IP AIEP,Science,-0.311237496520246,1674349.08391175,11,4,2022,2025,1.67434908391175
I430S22C42J1V2,ANALISTA PROGRAMADOR,CFT INACAP,Science,-0.311085072044531,1305576.52922309,86,4,2022,2025,1.30557652922309
I111S23C23J1V1,ANALISTA PROGRAMADOR COMPUTACIONAL,IP DUOC UC,Science,-0.310951020814612,1250963.36107273,16,2,2022,2023,1.25096336107273
I111S5C50J2V1,INGENIERIA EN CONECTIVIDAD Y REDES,IP DUOC UC,Science,-0.309926430710072,1674349.08391175,16,3,2022,2024,1.67434908391175
I143S20C677J1V1,TECNICO EN PROGRAMACION Y ANALISIS DE SISTEMAS,IP AIEP,Science,-0.309259093087522,1250963.36107273,12,2,2022,2023,1.25096336107273
I917S1C12J2V1,TECNICO DE NIVEL SUPERIOR EN INFORMATICA Y DATA SCIENCE,CFT DE LA REGION DE LOS RIOS,Science,-0.307741815102373,1250963.36107273,10,3,2022,2025,1.25096336107273
I116S25C8J1V1,INGENIERIA EN INFORMATICA,IP SANTO TOMAS,Science,-0.305298872173832,1892768.45579439,91,5,2021,2025,1.89276845579439
I111S5C48J2V1,INGENIERIA EN INFORMATICA,IP DUOC UC,Science,-0.304760325509864,1892768.45579439,51,4,2022,2025,1.89276845579439
I100S26C302J1V1,INGENIERIA EN INFORMATICA,IP INACAP,Science,-0.303590413193195,1892768.45579439,51,4,2022,2025,1.89276845579439
I111S10C50J2V1,INGENIERIA EN CONECTIVIDAD Y REDES,IP DUOC UC,Science,-0.302085402976455,1674349.08391175,20,3,2022,2024,1.67434908391175
I100S40C302J2V1,INGENIERIA EN INFORMATICA,IP INACAP,Science,-0.302065833566793,1892768.45579439,26,4,2022,2025,1.89276845579439
I143S9C219J1V1,INGENIERIA DE EJECUCION EN INFORMATICA MENCION DESARROLLO DE SISTEMAS,IP AIEP,Science,-0.29890883876058,1892768.45579439,51,3,2022,2024,1.89276845579439
I111S22C23J1V1,ANALISTA PROGRAMADOR COMPUTACIONAL,IP DUOC UC,Science,-0.296809610349392,1250963.36107273,32,2,2022,2023,1.25096336107273
I111S9C48J1V1,INGENIERIA EN INFORMATICA,IP DUOC UC,Science,-0.296782770683472,1892768.45579439,202,5,2021,2025,1.89276845579439
I143S9C302J2V3,TECNICO EN INSTALACION Y MANTENCION DE REDES,IP AIEP,Science,-0.295665014886454,1097245.51588447,16,2,2022,2023,1.09724551588447
I143S28C650J4V2,INGENIERIA EN CIBERSEGURIDAD,IP AIEP,Science,-0.295221820852918,1674349.08391175,29,4,2022,2025,1.67434908391175
I143S9C650J1V2,INGENIERIA EN CIBERSEGURIDAD,IP AIEP,Science,-0.294430489179991,1674349.08391175,15,4,2022,2025,1.67434908391175
I111S7C48J1V1,INGENIERIA EN INFORMATICA,IP DUOC UC,Science,-0.293679129621673,1892768.45579439,157,4,2022,2025,1.89276845579439
I430S23C42J1V2,ANALISTA PROGRAMADOR,CFT INACAP,Science,-0.293294170987825,1305576.52922309,39,4,2022,2025,1.30557652922309
I111S15C48J2V1,INGENIERIA EN INFORMATICA,IP DUOC UC,Science,-0.291808495313087,1892768.45579439,87,4,2022,2025,1.89276845579439
I111S21C48J2V1,INGENIERIA EN INFORMATICA,IP DUOC UC,Science,-0.290595464505896,1892768.45579439,80,4,2022,2025,1.89276845579439
I111S23C48J1V1,INGENIERIA EN INFORMATICA,IP DUOC UC,Science,-0.290066937233485,1892768.45579439,177,4,2022,2025,1.89276845579439
I111S22C50J1V1,INGENIERIA EN CONECTIVIDAD Y REDES,IP DUOC UC,Science,-0.286399441345136,1674349.08391175,22,3,2022,2024,1.67434908391175
I430S12C42J1V2,ANALISTA PROGRAMADOR,CFT INACAP,Science,-0.285638039950562,1305576.52922309,88,4,2022,2025,1.30557652922309
I111S15C50J1V1,INGENIERIA EN CONECTIVIDAD Y REDES,IP DUOC UC,Science,-0.283064145020628,1674349.08391175,57,4,2021,2024,1.67434908391175
I111S28C23J1V1,ANALISTA PROGRAMADOR COMPUTACIONAL,IP DUOC UC,Science,-0.281105901640353,1250963.36107273,11,2,2022,2023,1.25096336107273
I111S9C534J1V1,INGENIERIA EN REDES Y TELECOMUNICACIONES,IP DUOC UC,Science,-0.280344919970762,1674349.08391175,13,2,2024,2025,1.67434908391175
I430S25C42J1V2,ANALISTA PROGRAMADOR,CFT INACAP,Science,-0.278682593987027,1305576.52922309,64,4,2022,2025,1.30557652922309
I111S22C48J2V1,INGENIERIA EN INFORMATICA,IP DUOC UC,Science,-0.277021383197089,1892768.45579439,51,4,2022,2025,1.89276845579439
I111S16C48J2V1,INGENIERIA EN INFORMATICA,IP DUOC UC,Science,-0.27681205079325,1892768.45579439,66,4,2022,2025,1.89276845579439
I143S28C709J4V1,TECNICO EN CIBERSEGURIDAD,IP AIEP,Science,-0.274887988011328,1097245.51588447,18,5,2021,2025,1.09724551588447
I111S25C48J1V1,INGENIERIA EN INFORMATICA,IP DUOC UC,Science,-0.274350144165552,1892768.45579439,149,4,2022,2025,1.89276845579439
I42S1C225J1V2,BACHILLERATO EN CIENCIAS Y HUMANIDADES,UNIVERSIDAD CATOLICA CARDENAL RAUL SILVA HENRIQUEZ,Science,-0.273307090450524,1244051.03524253,31,4,2022,2025,1.24405103524253
I83S1C355J1V1,INGENIERIA CIVIL INFORMATICA LICENCIATURA EN CIENCIAS DE LA INGENIERIA BACHILLERATO EN INGENIERIA,UNIVERSIDAD DE PLAYA ANCHA DE CIENCIAS DE LA EDUCACION,Science,-0.273018146630751,2337333.96940642,81,4,2022,2025,2.33733396940642
I100S21C302J1V1,INGENIERIA EN INFORMATICA,IP INACAP,Science,-0.270093464113952,1892768.45579439,35,4,2022,2025,1.89276845579439
I117S1C17J4V1,TECNICO DE NIVEL SUPERIOR EN INFORMATICA,IP IACC,Science,-0.267681387899098,1250963.36107273,26,4,2022,2025,1.25096336107273
I100S31C302J1V1,INGENIERIA EN INFORMATICA,IP INACAP,Science,-0.266681585359755,1892768.45579439,93,4,2022,2025,1.89276845579439
I100S5C302J2V1,INGENIERIA EN INFORMATICA,IP INACAP,Science,-0.266216998249857,1892768.45579439,14,4,2022,2025,1.89276845579439
I139S1C213J1V1,INGENIERIA EN INFORMATICA,IP DR. VIRGINIO GOMEZ G.,Science,-0.262987707282998,1892768.45579439,81,4,2022,2025,1.89276845579439
I100S38C302J2V1,INGENIERIA EN INFORMATICA,IP INACAP,Science,-0.262360846549814,1892768.45579439,13,4,2022,2025,1.89276845579439
I93S4C61J1V1,INGENIERIA DE EJECUCION EN INFORMATICA,UNIVERSIDAD CATOLICA DE LA SANTISIMA CONCEPCION,Science,-0.261250966515385,1760780.81244509,31,3,2023,2025,1.76078081244509
I91S1C1J1V1,ANALISTA QUIMICO,UNIVERSIDAD CATOLICA DEL NORTE,Science,-0.26027613767855,2162102.71408587,30,4,2022,2025,2.16210271408587
I111S10C534J1V1,INGENIERIA EN REDES Y TELECOMUNICACIONES,IP DUOC UC,Science,-0.259098750054929,1674349.08391175,14,2,2023,2025,1.67434908391175
I111S16C48J1V1,INGENIERIA EN INFORMATICA,IP DUOC UC,Science,-0.257162192649349,1892768.45579439,277,4,2022,2025,1.89276845579439
I111S12C50J1V1,INGENIERIA EN CONECTIVIDAD Y REDES,IP DUOC UC,Science,-0.25676828665107,1674349.08391175,61,3,2022,2024,1.67434908391175
I143S0C677J1V1,TECNICO EN PROGRAMACION Y ANALISIS DE SISTEMAS,IP AIEP,Science,-0.256432708728786,1250963.36107273,12,2,2022,2023,1.25096336107273
I143S26C709J1V1,TECNICO EN CIBERSEGURIDAD,IP AIEP,Science,-0.256207323662247,1097245.51588447,15,3,2022,2025,1.09724551588447
I111S16C50J1V1,INGENIERIA EN CONECTIVIDAD Y REDES,IP DUOC UC,Science,-0.250679293852416,1674349.08391175,45,3,2022,2024,1.67434908391175
I84S1C3J1V1,BIOLOGIA MARINA,UNIVERSIDAD DE LOS LAGOS,Science,-0.245441419629638,1093497.20489335,80,4,2022,2025,1.09349720489335
I100S9C302J1V1,INGENIERIA EN INFORMATICA,IP INACAP,Science,-0.245153700800371,1892768.45579439,67,4,2022,2025,1.89276845579439
I430S30C42J1V2,ANALISTA PROGRAMADOR,CFT INACAP,Science,-0.244605367030017,1305576.52922309,41,4,2022,2025,1.30557652922309
I139S1C19J1V2,TECNICO ANALISTA PROGRAMADOR,IP DR. VIRGINIO GOMEZ G.,Science,-0.24312386964653,1250963.36107273,14,2,2022,2023,1.25096336107273
I111S21C48J1V1,INGENIERIA EN INFORMATICA,IP DUOC UC,Science,-0.24135213977143,1892768.45579439,241,5,2021,2025,1.89276845579439
I143S29C219J1V1,INGENIERIA DE EJECUCION EN INFORMATICA MENCION DESARROLLO DE SISTEMAS,IP AIEP,Science,-0.24118565773073,1892768.45579439,15,3,2022,2024,1.89276845579439
I100S13C302J1V1,INGENIERIA EN INFORMATICA,IP INACAP,Science,-0.240761227313903,1892768.45579439,119,4,2022,2025,1.89276845579439
I111S12C48J1V1,INGENIERIA EN INFORMATICA,IP DUOC UC,Science,-0.239341946604033,1892768.45579439,301,4,2022,2025,1.89276845579439
I143S15C650J1V2,INGENIERIA EN CIBERSEGURIDAD,IP AIEP,Science,-0.239104783997184,1674349.08391175,40,4,2022,2025,1.67434908391175
I100S34C324J1V1,INGENIERIA EN CIBERSEGURIDAD,IP INACAP,Science,-0.236698342246103,1674349.08391175,20,4,2022,2025,1.67434908391175
I143S26C650J1V2,INGENIERIA EN CIBERSEGURIDAD,IP AIEP,Science,-0.235586414752441,1674349.08391175,35,4,2022,2025,1.67434908391175
I111S9C48J2V1,INGENIERIA EN INFORMATICA,IP DUOC UC,Science,-0.235090248575426,1892768.45579439,53,4,2022,2025,1.89276845579439
I162S2C46J1V1,INGENIERIA EN CIBERSEGURIDAD,IP SAN SEBASTIAN,Science,-0.234663610346704,1674349.08391175,14,3,2022,2025,1.67434908391175
I430S36C89J2V1,TECNOLOGIA EN ANALISIS QUIMICO,CFT INACAP,Science,-0.231120021651463,1000588.89044662,11,3,2022,2024,1.00058889044662
I430S36C42J1V2,ANALISTA PROGRAMADOR,CFT INACAP,Science,-0.22717195381529,1305576.52922309,123,4,2022,2025,1.30557652922309
I88S2C204J1V3,TECNICO UNIVERSITARIO EN QUIMICA CON MENCION EN QUIMICA ANALITICA,UNIVERSIDAD TECNICA FEDERICO SANTA MARIA,Science,-0.226867635877169,1137680.8954805,34,4,2022,2025,1.1376808954805
I22S1C3J1V2,INGENIERIA CIVIL INFORMATICA,UNIVERSIDAD DE VIÑA DEL MAR,Science,-0.222773091757711,2300782.5704437,47,4,2022,2025,2.3007825704437
I100S35C302J1V1,INGENIERIA EN INFORMATICA,IP INACAP,Science,-0.216413276750707,1892768.45579439,31,4,2022,2025,1.89276845579439
I111S12C534J1V1,INGENIERIA EN REDES Y TELECOMUNICACIONES,IP DUOC UC,Science,-0.211477896841275,1674349.08391175,20,2,2024,2025,1.67434908391175
I430S15C42J2V3,ANALISTA PROGRAMADOR,CFT INACAP,Science,-0.210941872226645,1305576.52922309,30,4,2022,2025,1.30557652922309
I73S2C197J1V1,BIOLOGIA MARINA,UNIVERSIDAD DE ANTOFAGASTA,Science,-0.209611684262124,1764829.02476288,70,4,2022,2025,1.76482902476288
I100S39C302J1V1,INGENIERIA EN INFORMATICA,IP INACAP,Science,-0.209340961186507,1892768.45579439,50,4,2022,2025,1.89276845579439
I100S24C324J1V1,INGENIERIA EN CIBERSEGURIDAD,IP INACAP,Science,-0.196469902268416,1674349.08391175,24,3,2023,2025,1.67434908391175
I100S38C302J1V1,INGENIERIA EN INFORMATICA,IP INACAP,Science,-0.193657159820539,1892768.45579439,95,4,2022,2025,1.89276845579439
I4S1C802J1V1,GEOLOGIA,UNIVERSIDAD CENTRAL DE CHILE,Science,-0.193204795570783,2468960.49681489,123,4,2022,2025,2.46896049681489
I117S1C57J4V1,INGENIERIA EN INFORMATICA,IP IACC,Science,-0.188781635687909,1892768.45579439,20,4,2022,2025,1.89276845579439
I13S16C651J1V1,INGENIERIA CIVIL INFORMATICA Y SISTEMAS INTELIGENTES,UNIVERSIDAD SANTO TOMAS,Science,-0.186265009157219,2389412.72262954,24,2,2024,2025,2.38941272262954
I100S33C324J1V1,INGENIERIA EN CIBERSEGURIDAD,IP INACAP,Science,-0.185485920382328,1674349.08391175,27,3,2023,2025,1.67434908391175
I111S5C534J1V1,INGENIERIA EN REDES Y TELECOMUNICACIONES,IP DUOC UC,Science,-0.184886858459667,1674349.08391175,27,3,2023,2025,1.67434908391175
I111S7C48J2V1,INGENIERIA EN INFORMATICA,IP DUOC UC,Science,-0.181922845591649,1892768.45579439,34,4,2022,2025,1.89276845579439
I85S4C57J1V1,INGENIERIA EN GEOMENSURA,UNIVERSIDAD TECNOLOGICA METROPOLITANA,Science,-0.180523079569885,1762708.10789215,17,2,2022,2023,1.76270810789215
I111S10C23J1V1,ANALISTA PROGRAMADOR COMPUTACIONAL,IP DUOC UC,Science,-0.174057847714304,1250963.36107273,19,2,2022,2023,1.25096336107273
I111S5C361J1V2,INGENIERIA EN INFRAESTRUCTURA Y PLATAFORMAS TECNOLOGICAS,IP DUOC UC,Science,-0.171271340932148,1892768.45579439,20,3,2022,2025,1.89276845579439
I111S16C23J1V1,ANALISTA PROGRAMADOR COMPUTACIONAL,IP DUOC UC,Science,-0.163378359727899,1250963.36107273,41,2,2022,2023,1.25096336107273
I111S3C23J1V2,ANALISTA PROGRAMADOR COMPUTACIONAL,IP DUOC UC,Science,-0.162969787995796,1250963.36107273,12,4,2022,2025,1.25096336107273
I116S31C57J2V1,ANALISTA PROGRAMADOR,IP SANTO TOMAS,Science,-0.160830676975701,1250963.36107273,11,3,2022,2024,1.25096336107273
I85S4C57J1V2,INGENIERIA EN GEOMENSURA,UNIVERSIDAD TECNOLOGICA METROPOLITANA,Science,-0.159924830308841,1762708.10789215,22,3,2023,2025,1.76270810789215
I111S22C23J1V2,ANALISTA PROGRAMADOR COMPUTACIONAL,IP DUOC UC,Science,-0.156299815317702,1250963.36107273,42,5,2021,2025,1.25096336107273
I100S19C302J1V1,INGENIERIA EN INFORMATICA,IP INACAP,Science,-0.155739644974183,1892768.45579439,48,4,2022,2025,1.89276845579439
I19S4C12J1V1,INGENIERIA DE EJECUCION EN INFORMATICA,UNIVERSIDAD DE LAS AMERICAS,Science,-0.155127635468344,1877198.6435206,154,4,2022,2025,1.8771986435206
I111S15C50J2V1,INGENIERIA EN CONECTIVIDAD Y REDES,IP DUOC UC,Science,-0.153007075310808,1674349.08391175,20,3,2022,2024,1.67434908391175
I83S2C21J1V1,INGENIERIA EN INFORMATICA,UNIVERSIDAD DE PLAYA ANCHA DE CIENCIAS DE LA EDUCACION,Science,-0.149603172033249,1812643.14289812,99,4,2022,2025,1.81264314289812
I111S27C23J4V1,ANALISTA PROGRAMADOR COMPUTACIONAL,IP DUOC UC,Science,-0.148297186041786,1250963.36107273,23,5,2021,2025,1.25096336107273
I111S5C48J1V1,INGENIERIA EN INFORMATICA,IP DUOC UC,Science,-0.148187088230906,1892768.45579439,457,4,2022,2025,1.89276845579439
I88S2C531J1V1,TECNICO UNIVERSITARIO EN CIENCIA DE DATOS,UNIVERSIDAD TECNICA FEDERICO SANTA MARIA,Science,-0.147726897140961,1907535.27354803,26,4,2022,2025,1.90753527354803
I117S1C97J4V1,TECNICO DE NIVEL SUPERIOR EN CIBERSEGURIDAD,IP IACC,Science,-0.140340540261622,1097245.51588447,10,4,2022,2025,1.09724551588447
I100S34C324J2V1,INGENIERIA EN CIBERSEGURIDAD,IP INACAP,Science,-0.136479012568095,1674349.08391175,14,3,2023,2025,1.67434908391175
I111S5C50J1V1,INGENIERIA EN CONECTIVIDAD Y REDES,IP DUOC UC,Science,-0.134897594819712,1674349.08391175,97,3,2022,2024,1.67434908391175
I73S2C48J1V2,BACHILLERATO EN CIENCIAS,UNIVERSIDAD DE ANTOFAGASTA,Science,-0.13193932339328,1764829.02476288,38,3,2022,2024,1.76482902476288
I93S5C61J1V1,INGENIERIA DE EJECUCION EN INFORMATICA,UNIVERSIDAD CATOLICA DE LA SANTISIMA CONCEPCION,Science,-0.124619202348173,1760780.81244509,38,3,2023,2025,1.76078081244509
I139S2C3J1V1,INGENIERIA DE EJECUCION EN COMPUTACION E INFORMATICA,IP DR. VIRGINIO GOMEZ G.,Science,-0.123304690963061,1892768.45579439,12,1,2022,2022,1.89276845579439
I430S14C42J1V3,ANALISTA PROGRAMADOR,CFT INACAP,Science,-0.121970916918953,1305576.52922309,32,4,2022,2025,1.30557652922309
I111S5C361J1V1,INGENIERIA EN INFRAESTRUCTURA Y PLATAFORMAS TECNOLOGICAS,IP DUOC UC,Science,-0.11663189685681,1892768.45579439,32,2,2022,2023,1.89276845579439
I92S1C397J2V1,INGENIERIA EJECUCION EN GEOMENSURA,UNIVERSIDAD CATOLICA DEL MAULE,Science,-0.115719306381974,1586559.57986596,29,4,2022,2025,1.58655957986596
I111S28C23J1V2,ANALISTA PROGRAMADOR COMPUTACIONAL,IP DUOC UC,Science,-0.105297510024667,1250963.36107273,11,2,2024,2025,1.25096336107273
I73S2C293J1V1,INGENIERIA CIVIL EN GEOMENSURA Y GEOMATICA,UNIVERSIDAD DE ANTOFAGASTA,Science,-0.0976349972795343,1764829.02476288,44,4,2022,2025,1.76482902476288
I20S1C70J2V1,INGENIERIA EN COMPUTACION E INFORMATICA,UNIVERSIDAD ANDRES BELLO,Science,-0.0971277196952996,1957809.03251101,15,3,2022,2024,1.95780903251101
I90S4C475J1V2,BACHILLERATO EN CIENCIAS Y RECURSOS NATURALES,UNIVERSIDAD AUSTRAL DE CHILE,Science,-0.0949544997657009,1595374.62639613,12,2,2022,2023,1.59537462639613
I13S1C244J1V1,GEOLOGIA,UNIVERSIDAD SANTO TOMAS,Science,-0.0907599401838905,2277141.34093995,90,5,2021,2025,2.27714134093995
I111S6C48J1V1,INGENIERIA EN INFORMATICA,IP DUOC UC,Science,-0.0832556482881799,1892768.45579439,136,4,2022,2025,1.89276845579439
I72S1C151J1V1,LICENCIATURA EN CIENCIAS MENCION EN BIOLOGIA O EN QUIMICA,UNIVERSIDAD DE VALPARAISO,Science,-0.0820161705954656,1643073.16398989,72,5,2021,2025,1.64307316398989
I111S15C23J2V2,ANALISTA PROGRAMADOR COMPUTACIONAL,IP DUOC UC,Science,-0.0766782479840072,1250963.36107273,16,4,2022,2025,1.25096336107273
I90S1C697J1V1,BIOLOGIA,UNIVERSIDAD AUSTRAL DE CHILE,Science,-0.0686105704861671,1595374.62639613,80,4,2022,2025,1.59537462639613
I71S1C75J1V1,TECNICO UNIVERSITARIO EN ANALISIS QUIMICO Y FISICO,UNIVERSIDAD DE SANTIAGO DE CHILE,Science,-0.0685097212694693,1124627.08283821,41,4,2022,2025,1.12462708283821
I13S5C244J1V1,GEOLOGIA,UNIVERSIDAD SANTO TOMAS,Science,-0.0668704897864364,2277141.34093995,44,3,2023,2025,2.27714134093995
I93S1C2J1V1,BIOLOGIA MARINA,UNIVERSIDAD CATOLICA DE LA SANTISIMA CONCEPCION,Science,-0.0511709950092218,1280047.14965684,140,4,2022,2025,1.28004714965684
I89S1C4J1V1,BACHILLERATO EN CIENCIAS,PONTIFICIA UNIVERSIDAD CATOLICA DE VALPARAISO,Science,-0.0487914324184628,1623738.23572842,104,4,2022,2025,1.62373823572842
I31S2C90J1V1,INGENIERIA CIVIL INFORMATICA,UNIVERSIDAD AUTONOMA DE CHILE,Science,-0.0372495114986037,2345802.57322221,184,4,2022,2025,2.34580257322221
I90S1C698J1V1,QUIMICA,UNIVERSIDAD AUSTRAL DE CHILE,Science,-0.0330412363601562,1595374.62639613,21,3,2023,2025,1.59537462639613
I10S7C286J4V3,INGENIERIA INFORMATICA,UNIVERSIDAD MAYOR,Science,-0.0314050099177876,2009732.69374144,18,4,2022,2025,2.00973269374144
I75S1C175J1V1,BACHILLERATO EN CIENCIAS,UNIVERSIDAD DEL BIO-BIO,Science,-0.0111892530018328,1453217.4083091,74,4,2022,2025,1.4532174083091
I89S1C76J1V1,OCEANOGRAFIA,PONTIFICIA UNIVERSIDAD CATOLICA DE VALPARAISO,Science,-0.00754635647175936,1623738.23572842,57,3,2022,2024,1.62373823572842
I91S2C3J1V1,BIOLOGIA MARINA,UNIVERSIDAD CATOLICA DEL NORTE,Science,-0.00498130003556438,2162102.71408587,154,4,2022,2025,2.16210271408587
I94S1C206J1V1,GEOLOGIA,UNIVERSIDAD CATOLICA DE TEMUCO,Science,0.00117357762079015,2312579.16426127,178,4,2022,2025,2.31257916426127
I84S6C330J1V2,INGENIERIA CIVIL EN INFORMATICA,UNIVERSIDAD DE LOS LAGOS,Science,0.00561432845819817,2306165.56221828,23,3,2023,2025,2.30616556221828
I79S1C33J1V3,INGENIERIA CIVIL EN COMPUTACION E INFORMATICA,UNIVERSIDAD DE ATACAMA,Science,0.00720050180025283,2792604.43577937,53,2,2024,2025,2.79260443577937
I20S1C486J1V2,BIOLOGIA,UNIVERSIDAD ANDRES BELLO,Science,0.00973650743734267,1601378.67824294,89,4,2022,2025,1.60137867824294
I86S5C1311J1V1,BACHILLERATO EN CIENCIAS NATURALES Y MATEMATICA,PONTIFICIA UNIVERSIDAD CATOLICA DE CHILE,Science,0.0137410106247669,1771487.3163081,105,4,2022,2025,1.7714873163081
I896S1C12J1V1,INGENIERIA CIVIL INFORMATICA,UNIVERSIDAD DE AYSEN,Science,0.0198026064462116,2671847.40132162,38,4,2022,2025,2.67184740132162
I80S1C28J1V2,QUIMICO LABORATORISTA,UNIVERSIDAD DE TARAPACA,Science,0.0198108793461427,1663632.76142587,96,4,2022,2025,1.66363276142587
I77S1C67J1V1,BIOLOGIA MARINA,UNIVERSIDAD DE MAGALLANES,Science,0.0365760978175613,1562496.50641116,85,4,2022,2025,1.56249650641116
I79S1C58J1V2,GEOLOGIA,UNIVERSIDAD DE ATACAMA,Science,0.0603759399172232,2661388.27728652,294,4,2022,2025,2.66138827728652
I20S3C70J1V1,INGENIERIA EN COMPUTACION E INFORMATICA,UNIVERSIDAD ANDRES BELLO,Science,0.0625010172469922,1957809.03251101,126,4,2022,2025,1.95780903251101
I72S2C38J1V2,INGENIERIA EN INFORMATICA,UNIVERSIDAD DE VALPARAISO,Science,0.0740451921366054,2026015.66340111,31,3,2023,2025,2.02601566340111
I85S4C32J1V1,INGENIERIA EN INFORMATICA,UNIVERSIDAD TECNOLOGICA METROPOLITANA,Science,0.0763380152726868,2088953.02351784,256,2,2022,2023,2.08895302351784
I39S2C601J1V1,GEOLOGIA,UNIVERSIDAD SAN SEBASTIAN,Science,0.0774497688580785,2379874.9066583,14,3,2023,2025,2.3798749066583
I92S1C200J2V1,INGENIERIA DE EJECUCION EN COMPUTACION E INFORMATICA,UNIVERSIDAD CATOLICA DEL MAULE,Science,0.0854466745174379,1880202.63622397,65,4,2022,2025,1.88020263622397
I20S1C29J1V1,BIOLOGIA MARINA,UNIVERSIDAD ANDRES BELLO,Science,0.0860258219695707,1601378.67824294,228,4,2022,2025,1.60137867824294
I79S1C33J1V2,INGENIERIA CIVIL EN COMPUTACION E INFORMATICA,UNIVERSIDAD DE ATACAMA,Science,0.0929532585604006,2792604.43577937,112,3,2022,2024,2.79260443577937
I42S1C366J1V1,INGENIERIA CIVIL EN COMPUTACION E INFORMATICA,UNIVERSIDAD CATOLICA CARDENAL RAUL SILVA HENRIQUEZ,Science,0.0959868878861476,2420623.87633189,191,4,2022,2025,2.42062387633189
I2S1C222J1V1,INGENIERIA CIVIL INFORMATICA Y TELECOMUNICACIONES,UNIVERSIDAD FINIS TERRAE,Science,0.0964682070590462,2786182.00122391,340,4,2022,2025,2.78618200122391
I91S1C385J1V2,INGENIERIA EN COMPUTACION E INFORMATICA,UNIVERSIDAD CATOLICA DEL NORTE,Science,0.101486507699048,2180173.23875332,146,4,2022,2025,2.18017323875332
I88S2C94J1V3,TECNICO UNIVERSITARIO EN INFORMATICA,UNIVERSIDAD TECNICA FEDERICO SANTA MARIA,Science,0.106348091319979,1484455.29334416,177,4,2022,2025,1.48445529334416
I85S4C32J1V2,INGENIERIA EN INFORMATICA,UNIVERSIDAD TECNOLOGICA METROPOLITANA,Science,0.11935915384154,2088953.02351784,246,4,2022,2025,2.08895302351784
I72S1C755J1V1,ECOLOGIA,UNIVERSIDAD DE VALPARAISO,Science,0.119786713723581,1643073.16398989,14,3,2023,2025,1.64307316398989
I2S1C580J1V1,INGENIERIA CIVIL EN REALIDAD VIRTUAL Y VIDEOJUEGOS,UNIVERSIDAD FINIS TERRAE,Science,0.120699504608367,1766519.97810454,66,4,2022,2025,1.76651997810454
I20S4C14J1V1,BACHILLERATO EN CIENCIAS,UNIVERSIDAD ANDRES BELLO,Science,0.123517253547609,1601378.67824294,75,2,2022,2023,1.60137867824294
I4S1C10J1V1,INGENIERIA CIVIL EN COMPUTACION E INFORMATICA,UNIVERSIDAD CENTRAL DE CHILE,Science,0.128586233590916,2590689.2631988,217,4,2022,2025,2.5906892631988
I20S4C289J1V1,LICENCIATURA EN ASTRONOMIA,UNIVERSIDAD ANDRES BELLO,Science,0.132782669045872,1601378.67824294,13,2,2024,2025,1.60137867824294
I39S6C41J1V1,BIOQUIMICA,UNIVERSIDAD SAN SEBASTIAN,Science,0.135237163473273,1254858.44807831,150,4,2022,2025,1.25485844807831
I75S2C175J1V1,BACHILLERATO EN CIENCIAS,UNIVERSIDAD DEL BIO-BIO,Science,0.140937528941326,1453217.4083091,112,4,2022,2025,1.4532174083091
I72S1C149J1V2,INGENIERIA CIVIL EN INFORMATICA,UNIVERSIDAD DE VALPARAISO,Science,0.141178696119137,2612469.66959291,334,4,2022,2025,2.61246966959291
I10S7C937J1V1,INGENIERIA EN CIENCIA DE DATOS,UNIVERSIDAD MAYOR,Science,0.142962375173187,2587162.93067344,10,2,2024,2025,2.58716293067344
I90S1C6J1V1,BIOLOGIA MARINA,UNIVERSIDAD AUSTRAL DE CHILE,Science,0.14705010408583,1595374.62639613,192,4,2022,2025,1.59537462639613
I20S2C14J1V1,BACHILLERATO EN CIENCIAS,UNIVERSIDAD ANDRES BELLO,Science,0.151833612278802,1601378.67824294,41,2,2022,2023,1.60137867824294
I4S7C955J1V1,LICENCIATURA EN ASTRONOMIA,UNIVERSIDAD CENTRAL DE CHILE,Science,0.158806650684311,1462302.4273583,56,4,2022,2025,1.4623024273583
I73S2C40J1V1,BIOQUIMICA,UNIVERSIDAD DE ANTOFAGASTA,Science,0.16120129985437,1410794.97602091,75,4,2022,2025,1.41079497602091
I89S1C398J1V1,LICENCIATURA EN BIOLOGIA,PONTIFICIA UNIVERSIDAD CATOLICA DE VALPARAISO,Science,0.180054552268584,1623738.23572842,85,4,2022,2025,1.62373823572842
I80S2C142J1V2,INGENIERIA CIVIL EN INFORMATICA,UNIVERSIDAD DE TARAPACA,Science,0.181693939411619,2446880.67585148,91,4,2022,2025,2.44688067585148
I4S7C10J1V1,INGENIERIA CIVIL EN COMPUTACION E INFORMATICA,UNIVERSIDAD CENTRAL DE CHILE,Science,0.189556380967615,2590689.2631988,103,4,2022,2025,2.5906892631988
I75S1C17J1V2,INGENIERIA DE EJECUCION EN COMPUTACION E INFORMATICA,UNIVERSIDAD DEL BIO-BIO,Science,0.1950637197244,1826813.5172753,191,4,2022,2025,1.8268135172753
I20S1C14J1V1,BACHILLERATO EN CIENCIAS,UNIVERSIDAD ANDRES BELLO,Science,0.198072969932116,1601378.67824294,111,2,2022,2023,1.60137867824294
I75S1C28J1V1,INGENIERIA ESTADISTICA,UNIVERSIDAD DEL BIO-BIO,Science,0.202435715951182,2351687.97714542,25,4,2022,2025,2.35168797714542
I38S1C29J1V2,INGENIERIA CIVIL EN INFORMATICA,UNIVERSIDAD ADVENTISTA DE CHILE,Science,0.204175477145394,2207173.99935798,63,4,2022,2025,2.20717399935798
I91S2C428J1V1,INGENIERIA EN TECNOLOGIAS DE INFORMACION,UNIVERSIDAD CATOLICA DEL NORTE,Science,0.205075755897661,2180173.23875332,143,4,2022,2025,2.18017323875332
I85S4C302J1V1,INGENIERIA CIVIL EN CIENCIA DE DATOS,UNIVERSIDAD TECNOLOGICA METROPOLITANA,Science,0.215614947635903,1801754.01408022,60,4,2022,2025,1.80175401408022
I20S4C308J1V1,GEOLOGIA,UNIVERSIDAD ANDRES BELLO,Science,0.224163539526463,2405900.16717686,136,4,2022,2025,2.40590016717686
I84S2C330J1V2,INGENIERIA CIVIL EN INFORMATICA,UNIVERSIDAD DE LOS LAGOS,Science,0.224658331066193,2306165.56221828,122,4,2022,2025,2.30616556221828
I50S1C351J1V1,INGENIERIA EN REALIDAD VIRTUAL Y DISEÑO DE JUEGOS DIGITALES,UNIVERSIDAD BERNARDO O'HIGGINS,Science,0.226500342349269,1769011.4757492,120,4,2022,2025,1.7690114757492
I87S3C247J1V1,INGENIERIA GEOMATICA,UNIVERSIDAD DE CONCEPCION,Science,0.228443121872499,1669602.3781909,44,4,2022,2025,1.6696023781909
I31S1C90J1V1,INGENIERIA CIVIL INFORMATICA,UNIVERSIDAD AUTONOMA DE CHILE,Science,0.23141646689972,2345802.57322221,154,4,2022,2025,2.34580257322221
I10S7C713J1V1,DATA SCIENCE,UNIVERSIDAD MAYOR,Science,0.258892393382406,1602302.73904511,13,2,2022,2023,1.60230273904511
I70S1C79J1V1,LICENCIATURA EN CIENCIAS CON MENCION EN QUIMICA,UNIVERSIDAD DE CHILE,Science,0.260189207042259,1932926.01383074,38,4,2022,2025,1.93292601383074
I85S4C201J1V1,INGENIERIA CIVIL EN COMPUTACION MENCION INFORMATICA,UNIVERSIDAD TECNOLOGICA METROPOLITANA,Science,0.264089642433986,2693624.98707608,276,3,2022,2025,2.69362498707608
I1S1C196J1V2,INGENIERIA CIVIL INFORMATICA,UNIVERSIDAD GABRIELA MISTRAL,Science,0.271366700862969,2833648.24555354,51,4,2022,2025,2.83364824555354
I13S1C651J1V1,INGENIERIA CIVIL INFORMATICA Y SISTEMAS INTELIGENTES,UNIVERSIDAD SANTO TOMAS,Science,0.272013516854087,2389412.72262954,96,4,2022,2025,2.38941272262954
I50S2C243J1V1,INGENIERIA EN INFORMATICA,UNIVERSIDAD BERNARDO O'HIGGINS,Science,0.276787018744614,1769011.4757492,230,4,2022,2025,1.7690114757492
I74S1C216J1V1,QUIMICA,UNIVERSIDAD DE LA SERENA,Science,0.278373741732006,1628494.89137712,117,4,2022,2025,1.62849489137712
I84S1C330J1V2,INGENIERIA CIVIL EN INFORMATICA,UNIVERSIDAD DE LOS LAGOS,Science,0.280842243816263,2306165.56221828,264,4,2022,2025,2.30616556221828
I39S6C29J1V1,INGENIERIA CIVIL INFORMATICA,UNIVERSIDAD SAN SEBASTIAN,Science,0.285080177474636,2497211.42820623,297,4,2022,2025,2.49721142820623
I39S2C29J1V2,INGENIERIA CIVIL INFORMATICA,UNIVERSIDAD SAN SEBASTIAN,Science,0.285392758100436,2497211.42820623,173,4,2022,2025,2.49721142820623
I87S1C2J1V1,QUIMICO ANALISTA,UNIVERSIDAD DE CONCEPCION,Science,0.29134006567971,1618714.97897171,100,4,2022,2025,1.61871497897171
I20S1C70J1V1,INGENIERIA EN COMPUTACION E INFORMATICA,UNIVERSIDAD ANDRES BELLO,Science,0.295842100309297,1957809.03251101,539,4,2022,2025,1.95780903251101
I88S3C38J1V1,INGENIERIA EN INFORMATICA,UNIVERSIDAD TECNICA FEDERICO SANTA MARIA,Science,0.29602943864338,2168013.01940712,175,4,2022,2025,2.16801301940712
I94S1C40J1V1,INGENIERIA CIVIL EN INFORMATICA,UNIVERSIDAD CATOLICA DE TEMUCO,Science,0.305503570453134,2426597.76002001,275,4,2022,2025,2.42659776002001
I20S3C116J1V1,INGENIERIA CIVIL INFORMATICA,UNIVERSIDAD ANDRES BELLO,Science,0.309011584909139,2524519.82908359,102,4,2022,2025,2.52451982908359
I78S1C294J1V1,INGENIERIA CIVIL EN BIOINFORMATICA,UNIVERSIDAD DE TALCA,Science,0.310050296486713,1681686.19506456,101,4,2022,2025,1.68168619506456
I20S3C14J1V1,BACHILLERATO EN CIENCIAS,UNIVERSIDAD ANDRES BELLO,Science,0.312541748852294,1601378.67824294,147,2,2022,2023,1.60137867824294
I85S4C201J1V2,INGENIERIA CIVIL EN COMPUTACION MENCION INFORMATICA,UNIVERSIDAD TECNOLOGICA METROPOLITANA,Science,0.312744644309251,2693624.98707608,323,4,2022,2025,2.69362498707608
I20S1C308J1V1,GEOLOGIA,UNIVERSIDAD ANDRES BELLO,Science,0.324752482541615,2405900.16717686,234,4,2022,2025,2.40590016717686
I72S1C3J1V1,BIOLOGIA MARINA,UNIVERSIDAD DE VALPARAISO,Science,0.326131642866456,1643073.16398989,187,4,2022,2025,1.64307316398989
I3S1C153J2V2,INGENIERIA EN INFORMATICA Y GESTION,UNIVERSIDAD DIEGO PORTALES,Science,0.343940328535438,2126237.45841962,14,3,2022,2025,2.12623745841962
I78S1C42J1V1,INGENIERIA EN INFORMATICA EMPRESARIAL,UNIVERSIDAD DE TALCA,Science,0.347981025669403,1950673.07543201,174,4,2022,2025,1.95067307543201
I39S7C29J1V1,INGENIERIA CIVIL INFORMATICA,UNIVERSIDAD SAN SEBASTIAN,Science,0.350679211314743,2497211.42820623,11,3,2023,2025,2.49721142820623
I20S3C308J1V1,GEOLOGIA,UNIVERSIDAD ANDRES BELLO,Science,0.358683026076276,2405900.16717686,162,4,2022,2025,2.40590016717686
I71S1C73J1V1,QUIMICA Y LICENCIATURA EN QUIMICA,UNIVERSIDAD DE SANTIAGO DE CHILE,Science,0.36192142320481,1862549.17557968,69,4,2022,2025,1.86254917557968
I89S1C7J1V1,BIOQUIMICA,PONTIFICIA UNIVERSIDAD CATOLICA DE VALPARAISO,Science,0.366557144664066,1259699.46697881,211,4,2022,2025,1.25969946697881
I81S1C11J1V2,INGENIERIA CIVIL EN COMPUTACION E INFORMATICA,UNIVERSIDAD ARTURO PRAT,Science,0.370741011748381,2530078.66151282,110,4,2022,2025,2.53007866151282
I72S1C149J1V1,INGENIERIA CIVIL EN INFORMATICA,UNIVERSIDAD DE VALPARAISO,Science,0.371922889440926,2612469.66959291,71,1,2022,2022,2.61246966959291
I89S1C480J1V1,OCEANOGRAFIA O BIOLOGIA MARINA (PLAN COMUN),PONTIFICIA UNIVERSIDAD CATOLICA DE VALPARAISO,Science,0.374544509475367,1623738.23572842,43,2,2024,2025,1.62373823572842
I20S4C116J1V1,INGENIERIA CIVIL INFORMATICA,UNIVERSIDAD ANDRES BELLO,Science,0.387486458801155,2524519.82908359,54,3,2023,2025,2.52451982908359
I90S1C472J1V3,LICENCIATURA EN CIENCIAS CON MENCION,UNIVERSIDAD AUSTRAL DE CHILE,Science,0.395859581330274,1595374.62639613,64,4,2022,2025,1.59537462639613
I71S1C4J1V1,BACHILLERATO EN CIENCIAS Y HUMANIDADES,UNIVERSIDAD DE SANTIAGO DE CHILE,Science,0.408693120462597,1862549.17557968,597,4,2022,2025,1.86254917557968
I92S1C362J1V1,GEOLOGIA,UNIVERSIDAD CATOLICA DEL MAULE,Science,0.408987334485522,2310531.70237746,203,4,2022,2025,2.31053170237746
I72S1C650J1V1,INGENIERIA EN ESTADISTICA Y CIENCIA DE DATOS,UNIVERSIDAD DE VALPARAISO,Science,0.425985173003666,2608124.27326192,35,4,2022,2025,2.60812427326192
I80S1C238J1V4,INGENIERIA CIVIL EN COMPUTACION E INFORMATICA,UNIVERSIDAD DE TARAPACA,Science,0.434163796769292,2446880.67585148,302,4,2022,2025,2.44688067585148
I93S1C8J1V1,INGENIERIA CIVIL INFORMATICA,UNIVERSIDAD CATOLICA DE LA SANTISIMA CONCEPCION,Science,0.435695960221827,2270459.47887287,192,3,2022,2024,2.27045947887287
I89S1C430J1V1,INGENIERIA EN INFORMATICA,PONTIFICIA UNIVERSIDAD CATOLICA DE VALPARAISO,Science,0.454017937442358,1944102.06745014,294,4,2022,2025,1.94410206745014
I10S7C458J1V1,GEOLOGIA,UNIVERSIDAD MAYOR,Science,0.469606385354829,2469707.79251737,136,4,2022,2025,2.46970779251737
I20S2C116J1V1,INGENIERIA CIVIL INFORMATICA,UNIVERSIDAD ANDRES BELLO,Science,0.473861878284929,2524519.82908359,84,3,2023,2025,2.52451982908359
I72S1C235J1V1,LICENCIATURA EN FISICA CON MENCION ASTRONOMIA O MENCION CIENCIAS ATMOSFERICAS O MENCION COMPUTACION CIENTIFICA,UNIVERSIDAD DE VALPARAISO,Science,0.477361981357071,1643073.16398989,87,4,2022,2025,1.64307316398989
I31S4C90J1V1,INGENIERIA CIVIL INFORMATICA,UNIVERSIDAD AUTONOMA DE CHILE,Science,0.481545195647743,2345802.57322221,382,4,2022,2025,2.34580257322221
I91S1C29J1V2,INGENIERIA CIVIL EN COMPUTACION E INFORMATICA,UNIVERSIDAD CATOLICA DEL NORTE,Science,0.484863261669753,2811249.96395133,324,4,2022,2025,2.81124996395133
I87S1C64J1V1,LICENCIATURA EN QUIMICA-QUIMICO,UNIVERSIDAD DE CONCEPCION,Science,0.495020047323801,1618714.97897171,63,4,2022,2025,1.61871497897171
I93S1C8J1V2,INGENIERIA CIVIL INFORMATICA,UNIVERSIDAD CATOLICA DE LA SANTISIMA CONCEPCION,Science,0.495904185219908,2270459.47887287,87,4,2022,2025,2.27045947887287
I90S1C511J1V1,GEOLOGIA,UNIVERSIDAD AUSTRAL DE CHILE,Science,0.507278988994891,2395400.11785898,168,4,2022,2025,2.39540011785898
I71S1C852J1V1,INGENIERIA CIVIL EN GEOMENSURA Y GEOMATICA,UNIVERSIDAD DE SANTIAGO DE CHILE,Science,0.507751823240565,1862549.17557968,92,4,2022,2025,1.86254917557968
I87S1C6J1V1,BIOLOGIA,UNIVERSIDAD DE CONCEPCION,Science,0.521675376848756,1618714.97897171,180,4,2022,2025,1.61871497897171
I20S1C116J1V1,INGENIERIA CIVIL INFORMATICA,UNIVERSIDAD ANDRES BELLO,Science,0.528141564202578,2524519.82908359,659,4,2022,2025,2.52451982908359
I74S1C26J1V1,INGENIERIA EN COMPUTACION,UNIVERSIDAD DE LA SERENA,Science,0.537895006561501,1870825.75054647,107,3,2022,2024,1.87082575054647
I90S1C7J1V1,BIOQUIMICA,UNIVERSIDAD AUSTRAL DE CHILE,Science,0.556509302180266,1263044.56844072,161,4,2022,2025,1.26304456844072
I89S1C402J1V1,LICENCIATURA EN FISICA,PONTIFICIA UNIVERSIDAD CATOLICA DE VALPARAISO,Science,0.579269632344374,1623738.23572842,146,4,2022,2025,1.62373823572842
I20S1C25J1V2,BIOQUIMICA,UNIVERSIDAD ANDRES BELLO,Science,0.581796933566956,1268581.0256532,163,4,2022,2025,1.2685810256532
I20S1C289J1V1,LICENCIATURA EN ASTRONOMIA,UNIVERSIDAD ANDRES BELLO,Science,0.583360313034396,1601378.67824294,177,4,2022,2025,1.60137867824294
I78S1C332J1V1,BIOQUIMICA,UNIVERSIDAD DE TALCA,Science,0.585398057378969,1263957.21423954,143,4,2022,2025,1.26395721423954
I78S1C298J1V1,INGENIERIA EN DESARROLLO DE VIDEOJUEGOS Y REALIDAD VIRTUAL,UNIVERSIDAD DE TALCA,Science,0.594383962599482,1950673.07543201,179,4,2022,2025,1.95067307543201
I39S8C29J1V1,INGENIERIA CIVIL INFORMATICA,UNIVERSIDAD SAN SEBASTIAN,Science,0.607605287299339,2497211.42820623,115,4,2022,2025,2.49721142820623
I71S1C39J1V1,ANALISTA EN COMPUTACION CIENTIFICA / LICENCIATURA EN CIENCIA DE LA COMPUTACION,UNIVERSIDAD DE SANTIAGO DE CHILE,Science,0.608288950420795,1862549.17557968,131,4,2022,2025,1.86254917557968
I20S1C96J1V2,INGENIERIA FISICA,UNIVERSIDAD ANDRES BELLO,Science,0.614107022470023,1601378.67824294,28,4,2022,2025,1.60137867824294
I72S1C580J1V1,INGENIERIA CIVIL MATEMATICA,UNIVERSIDAD DE VALPARAISO,Science,0.631770351740986,1643073.16398989,27,4,2022,2025,1.64307316398989
I76S1C256J1V1,BIOQUIMICA,UNIVERSIDAD DE LA FRONTERA,Science,0.632043315948495,1207444.32089745,103,4,2022,2025,1.20744432089745
I87S1C39J1V2,GEOFISICA,UNIVERSIDAD DE CONCEPCION,Science,0.635020629587817,1618714.97897171,70,4,2022,2025,1.61871497897171
I70S1C176J1V1,QUIMICA AMBIENTAL,UNIVERSIDAD DE CHILE,Science,0.64075945714035,1932926.01383074,57,4,2022,2025,1.93292601383074
I87S1C7J1V1,BIOLOGIA MARINA,UNIVERSIDAD DE CONCEPCION,Science,0.642942835283885,1618714.97897171,110,4,2022,2025,1.61871497897171
I88S2C38J1V1,INGENIERIA EN INFORMATICA,UNIVERSIDAD TECNICA FEDERICO SANTA MARIA,Science,0.654887767490879,2168013.01940712,241,4,2022,2025,2.16801301940712
I91S1C26J1V2,GEOLOGIA,UNIVERSIDAD CATOLICA DEL NORTE,Science,0.663938630189274,2679157.70766658,199,4,2022,2025,2.67915770766658
I89S1C422J1V1,INGENIERIA CIVIL EN CIENCIA DE DATOS,PONTIFICIA UNIVERSIDAD CATOLICA DE VALPARAISO,Science,0.665338443827953,1623738.23572842,95,4,2022,2025,1.62373823572842
I91S1C80J1V1,LICENCIATURA EN FISICA MENCION ASTRONOMIA,UNIVERSIDAD CATOLICA DEL NORTE,Science,0.675102250065131,2162102.71408587,79,4,2022,2025,2.16210271408587
I76S1C80J1V1,INGENIERIA INFORMATICA,UNIVERSIDAD DE LA FRONTERA,Science,0.710107842984241,1863456.37362023,151,4,2022,2025,1.86345637362023
I90S1C33J1V2,INGENIERIA CIVIL EN INFORMATICA,UNIVERSIDAD AUSTRAL DE CHILE,Science,0.717652896340607,2513502.08899987,279,4,2022,2025,2.51350208899987
I20S1C98J1V1,LICENCIATURA EN FISICA,UNIVERSIDAD ANDRES BELLO,Science,0.722690320367579,1601378.67824294,25,5,2021,2025,1.60137867824294
I92S1C267J1V1,INGENIERIA EN ESTADISTICA,UNIVERSIDAD CATOLICA DEL MAULE,Science,0.761329189462925,2420416.69409144,61,4,2022,2025,2.42041669409144
I10S7C178J1V2,INGENIERIA CIVIL EN COMPUTACION E INFORMATICA,UNIVERSIDAD MAYOR,Science,0.770642917481129,2591473.4033077,319,4,2022,2025,2.5914734033077
I78S3C6J1V2,INGENIERIA CIVIL EN COMPUTACION,UNIVERSIDAD DE TALCA,Science,0.77644577248383,2515318.28549774,215,4,2022,2025,2.51531828549774
I75S2C11J1V2,INGENIERIA CIVIL EN INFORMATICA,UNIVERSIDAD DEL BIO-BIO,Science,0.77833102725473,2355606.12491632,264,4,2022,2025,2.35560612491632
I92S1C8J1V2,INGENIERIA CIVIL INFORMATICA,UNIVERSIDAD CATOLICA DEL MAULE,Science,0.793682423309075,2424449.35079028,422,4,2022,2025,2.42444935079028
I87S1C234J1V1,INGENIERIA ESTADISTICA,UNIVERSIDAD DE CONCEPCION,Science,0.825996709363761,2547104.76678692,72,4,2022,2025,2.54710476678692
I75S1C11J1V2,INGENIERIA CIVIL EN INFORMATICA,UNIVERSIDAD DEL BIO-BIO,Science,0.828868964282269,2355606.12491632,305,4,2022,2025,2.35560612491632
I71S1C5J1V1,BIOQUIMICA Y LICENCIATURA EN BIOQUIMICA,UNIVERSIDAD DE SANTIAGO DE CHILE,Science,0.850590671715057,1388666.12646155,164,4,2022,2025,1.38866612646155
I70S1C76J1V1,LICENCIATURA EN CIENCIAS CON MENCION EN BIOLOGIA,UNIVERSIDAD DE CHILE,Science,0.895102235493481,1932926.01383074,69,4,2022,2025,1.93292601383074
I87S1C39J1V1,GEOFISICA,UNIVERSIDAD DE CONCEPCION,Science,0.900708278782322,1618714.97897171,27,1,2022,2022,1.61871497897171
I89S1C400J1V1,LICENCIATURA EN MATEMATICAS,PONTIFICIA UNIVERSIDAD CATOLICA DE VALPARAISO,Science,0.912542477162872,1623738.23572842,14,4,2022,2025,1.62373823572842
I91S2C29J1V2,INGENIERIA CIVIL EN COMPUTACION E INFORMATICA,UNIVERSIDAD CATOLICA DEL NORTE,Science,0.921991450971363,2811249.96395133,357,4,2022,2025,2.81124996395133
I74S1C29J1V1,LICENCIATURA EN FISICA,UNIVERSIDAD DE LA SERENA,Science,0.94806601568413,1628494.89137712,42,4,2022,2025,1.62849489137712
I71S1C37J1V1,INGENIERIA ESTADISTICA,UNIVERSIDAD DE SANTIAGO DE CHILE,Science,0.965391777544766,2758896.7074661,97,4,2022,2025,2.7588967074661
I71S1C38J1V1,INGENIERIA FISICA,UNIVERSIDAD DE SANTIAGO DE CHILE,Science,0.983476175889293,1862549.17557968,123,4,2022,2025,1.86254917557968
I70S1C175J1V2,QUIMICA,UNIVERSIDAD DE CHILE,Science,0.984154515763412,1932926.01383074,104,4,2022,2025,1.93292601383074
I3S1C11J1V1,INGENIERIA CIVIL EN INFORMATICA Y TELECOMUNICACIONES,UNIVERSIDAD DIEGO PORTALES,Science,1.00103236612323,2741701.83914015,496,4,2022,2025,2.74170183914015
I45S4C592J1V1,GEOLOGIA,UNIVERSIDAD DEL DESARROLLO,Science,1.0019104615211,2690543.4927448,131,4,2022,2025,2.6905434927448
I70S1C175J1V1,QUIMICA,UNIVERSIDAD DE CHILE,Science,1.00881550963235,1932926.01383074,18,2,2021,2022,1.93292601383074
I71S1C24J1V1,INGENIERIA DE EJECUCION EN COMPUTACION E INFORMATICA,UNIVERSIDAD DE SANTIAGO DE CHILE,Science,1.01365338462925,2143137.119782,188,4,2022,2025,2.143137119782
I74S1C162J1V1,LICENCIATURA EN ASTRONOMIA,UNIVERSIDAD DE LA SERENA,Science,1.01905272264437,1628494.89137712,116,4,2022,2025,1.62849489137712
I87S1C62J1V1,LICENCIATURA EN MATEMATICA,UNIVERSIDAD DE CONCEPCION,Science,1.04703113686889,1618714.97897171,25,4,2022,2025,1.61871497897171
I89S1C33J1V2,INGENIERIA CIVIL EN INFORMATICA,PONTIFICIA UNIVERSIDAD CATOLICA DE VALPARAISO,Science,1.05434123577577,2506845.22215406,447,4,2022,2025,2.50684522215406
I70S1C5J1V1,BIOLOGIA CON MENCION EN MEDIO AMBIENTE,UNIVERSIDAD DE CHILE,Science,1.07638026272645,1932926.01383074,128,4,2022,2025,1.93292601383074
I74S1C324J1V1,INGENIERIA CIVIL EN COMPUTACION E INFORMATICA,UNIVERSIDAD DE LA SERENA,Science,1.08132091712719,2412358.21552897,50,4,2022,2025,2.41235821552897
I92S1C399J1V1,INGENIERIA MATEMATICA,UNIVERSIDAD CATOLICA DEL MAULE,Science,1.08628617445437,2420416.69409144,31,4,2022,2025,2.42041669409144
I71S1C100J1V1,INGENIERIA MATEMATICA,UNIVERSIDAD DE SANTIAGO DE CHILE,Science,1.10008159778733,2758896.7074661,68,3,2022,2024,2.7588967074661
I71S1C850J1V1,ASTROFISICA CON MENCION EN CIENCIA DE DATOS,UNIVERSIDAD DE SANTIAGO DE CHILE,Science,1.13433646570097,1862549.17557968,95,4,2022,2025,1.86254917557968
I88S6C40J1V1,LICENCIATURA EN FISICA,UNIVERSIDAD TECNICA FEDERICO SANTA MARIA,Science,1.15369705769938,1907535.27354803,54,4,2022,2025,1.90753527354803
I71S1C100J1V2,INGENIERIA MATEMATICA,UNIVERSIDAD DE SANTIAGO DE CHILE,Science,1.17015154836576,2758896.7074661,29,3,2022,2025,2.7588967074661
I45S1C1084J1V1,INGENIERIA CIVIL EN INFORMATICA E INNOVACION TECNOLOGICA,UNIVERSIDAD DEL DESARROLLO,Science,1.18899565351868,2823197.10980209,54,4,2022,2025,2.82319710980209
I70S1C184J1V1,PROGRAMA ACADEMICO DE BACHILLERATO,UNIVERSIDAD DE CHILE,Science,1.21850879073226,1932926.01383074,1062,4,2022,2025,1.93292601383074
I76S1C296J1V2,INGENIERIA CIVIL INFORMATICA,UNIVERSIDAD DE LA FRONTERA,Science,1.27136225516289,2402855.68598224,186,4,2022,2025,2.40285568598224
I86S1C281J1V1,BIOLOGIA MARINA,PONTIFICIA UNIVERSIDAD CATOLICA DE CHILE,Science,1.2753078823655,1771487.3163081,122,4,2022,2025,1.7714873163081
I87S1C43J1V1,GEOLOGIA,UNIVERSIDAD DE CONCEPCION,Science,1.27888336562888,2431468.23739251,33,1,2022,2022,2.43146823739251
I87S1C8J1V1,BIOQUIMICA,UNIVERSIDAD DE CONCEPCION,Science,1.29283432890969,1282062.53630799,191,4,2022,2025,1.28206253630799
I88S1C40J1V2,LICENCIATURA EN FISICA,UNIVERSIDAD TECNICA FEDERICO SANTA MARIA,Science,1.32309392094108,1907535.27354803,50,4,2022,2025,1.90753527354803
I88S6C466J1V1,LICENCIATURA ASTROFISICA,UNIVERSIDAD TECNICA FEDERICO SANTA MARIA,Science,1.3637629733731,1907535.27354803,94,4,2022,2025,1.90753527354803
I86S1C66J1V1,BIOLOGIA,PONTIFICIA UNIVERSIDAD CATOLICA DE CHILE,Science,1.3791990137798,1771487.3163081,198,4,2022,2025,1.7714873163081
I71S1C16J1V2,INGENIERIA CIVIL EN INFORMATICA,UNIVERSIDAD DE SANTIAGO DE CHILE,Science,1.38325753227523,2763493.30577743,323,4,2022,2025,2.76349330577743
I88S1C466J1V1,LICENCIATURA ASTROFISICA,UNIVERSIDAD TECNICA FEDERICO SANTA MARIA,Science,1.39859695578187,1907535.27354803,95,4,2022,2025,1.90753527354803
I76S1C94J1V2,INGENIERIA CIVIL MATEMATICA,UNIVERSIDAD DE LA FRONTERA,Science,1.40262235571972,1450333.59016147,63,4,2022,2025,1.45033359016147
I70S1C6J1V1,BIOQUIMICA,UNIVERSIDAD DE CHILE,Science,1.41063755792068,1523855.04303895,41,1,2022,2022,1.52385504303895
I88S1C492J1V2,INGENIERIA CIVIL FISICA,UNIVERSIDAD TECNICA FEDERICO SANTA MARIA,Science,1.44730066737923,1907535.27354803,29,2,2024,2025,1.90753527354803
I87S1C413J1V1,CIENCIAS FISICAS,UNIVERSIDAD DE CONCEPCION,Science,1.51231395023699,1618714.97897171,143,4,2022,2025,1.61871497897171
I70S1C78J1V1,LICENCIATURA EN CIENCIAS CON MENCION EN MATEMATICAS,UNIVERSIDAD DE CHILE,Science,1.52703532009638,1932926.01383074,57,4,2022,2025,1.93292601383074
I88S1C13J1V2,INGENIERIA CIVIL INFORMATICA,UNIVERSIDAD TECNICA FEDERICO SANTA MARIA,Science,1.54257985313512,2795569.82643244,387,3,2022,2024,2.79556982643244
I86S5C76J1V1,QUIMICA,PONTIFICIA UNIVERSIDAD CATOLICA DE CHILE,Science,1.56106694890335,1771487.3163081,120,4,2022,2025,1.7714873163081
I70S1C6J1V2,BIOQUIMICA,UNIVERSIDAD DE CHILE,Science,1.60914002011102,1523855.04303895,139,4,2022,2025,1.52385504303895
I23S2C516J1V1,INGENIERIA EN COMPUTER SCIENCE,UNIVERSIDAD ADOLFO IBAÑEZ,Science,1.61133986793608,2487624.04692926,40,3,2023,2025,2.48762404692926
I88S6C492J1V2,INGENIERIA CIVIL FISICA,UNIVERSIDAD TECNICA FEDERICO SANTA MARIA,Science,1.6160197068224,1907535.27354803,31,3,2023,2025,1.90753527354803
I88S1C13J1V3,INGENIERIA CIVIL INFORMATICA,UNIVERSIDAD TECNICA FEDERICO SANTA MARIA,Science,1.62772888069252,2795569.82643244,141,3,2022,2025,2.79556982643244
I88S1C492J1V1,INGENIERIA CIVIL FISICA,UNIVERSIDAD TECNICA FEDERICO SANTA MARIA,Science,1.65460333566722,1907535.27354803,55,3,2022,2024,1.90753527354803
I86S5C644J1V1,ESTADISTICA,PONTIFICIA UNIVERSIDAD CATOLICA DE CHILE,Science,1.66490182478686,1771487.3163081,134,4,2022,2025,1.7714873163081
I70S1C77J1V1,LICENCIATURA EN CIENCIAS CON MENCION EN FISICA,UNIVERSIDAD DE CHILE,Science,1.69787988936133,1932926.01383074,101,4,2022,2025,1.93292601383074
I86S5C1140J1V1,LICENCIATURA EN INGENIERIA EN CIENCIA DE DATOS,PONTIFICIA UNIVERSIDAD CATOLICA DE CHILE,Science,1.69830179758158,1771487.3163081,202,4,2022,2025,1.7714873163081
I45S4C1215J1V1,INGENIERIA CIVIL EN INFORMATICA E INTELIGENCIA ARTIFICIAL,UNIVERSIDAD DEL DESARROLLO,Science,1.7204589782595,2823197.10980209,31,2,2024,2025,2.82319710980209
I87S1C43J1V2,GEOLOGIA,UNIVERSIDAD DE CONCEPCION,Science,1.75707696867101,2431468.23739251,105,4,2022,2025,2.43146823739251
I87S1C10J1V1,ASTRONOMIA,UNIVERSIDAD DE CONCEPCION,Science,1.76000950843194,1618714.97897171,127,4,2022,2025,1.61871497897171
I87S1C208J1V1,INGENIERIA CIVIL MATEMATICA,UNIVERSIDAD DE CONCEPCION,Science,1.76749698192708,1618714.97897171,112,4,2022,2025,1.61871497897171
I88S6C16J1V1,INGENIERIA CIVIL MATEMATICA,UNIVERSIDAD TECNICA FEDERICO SANTA MARIA,Science,1.85245304876859,1907535.27354803,83,3,2022,2024,1.90753527354803
I88S6C492J1V1,INGENIERIA CIVIL FISICA,UNIVERSIDAD TECNICA FEDERICO SANTA MARIA,Science,1.8622620708546,1907535.27354803,60,3,2022,2024,1.90753527354803
I88S6C13J1V2,INGENIERIA CIVIL INFORMATICA,UNIVERSIDAD TECNICA FEDERICO SANTA MARIA,Science,1.88221334989087,2795569.82643244,363,3,2022,2024,2.79556982643244
I45S4C1084J1V1,INGENIERIA CIVIL EN INFORMATICA E INNOVACION TECNOLOGICA,UNIVERSIDAD DEL DESARROLLO,Science,1.89142600916122,2823197.10980209,132,4,2022,2025,2.82319710980209
I88S1C16J1V2,INGENIERIA CIVIL MATEMATICA,UNIVERSIDAD TECNICA FEDERICO SANTA MARIA,Science,1.9505589659102,1907535.27354803,33,1,2025,2025,1.90753527354803
I88S6C13J1V3,INGENIERIA CIVIL INFORMATICA,UNIVERSIDAD TECNICA FEDERICO SANTA MARIA,Science,1.95618689695603,2795569.82643244,143,3,2023,2025,2.79556982643244
I87S1C49J1V2,INGENIERIA CIVIL INFORMATICA,UNIVERSIDAD DE CONCEPCION,Science,1.97081609141283,2551348.49850696,231,4,2022,2025,2.55134849850696
I86S5C301J1V1,COLLEGE CIENCIAS NATURALES Y MATEMATICAS (LICENCIATURA),PONTIFICIA UNIVERSIDAD CATOLICA DE CHILE,Science,2.01684458992123,1771487.3163081,1443,4,2022,2025,1.7714873163081
I88S1C16J1V1,INGENIERIA CIVIL MATEMATICA,UNIVERSIDAD TECNICA FEDERICO SANTA MARIA,Science,2.03409177945681,1907535.27354803,73,3,2022,2024,1.90753527354803
I86S1C63J1V1,BIOQUIMICA,PONTIFICIA UNIVERSIDAD CATOLICA DE CHILE,Science,2.05793441016781,1517245.34980122,169,4,2022,2025,1.51724534980122
I86S5C1293J1V1,LICENCIATURA EN INGENIERIA EN CIENCIA DE LA COMPUTACION,PONTIFICIA UNIVERSIDAD CATOLICA DE CHILE,Science,2.06304101075475,1771487.3163081,218,4,2022,2025,1.7714873163081
I88S6C16J1V2,INGENIERIA CIVIL MATEMATICA,UNIVERSIDAD TECNICA FEDERICO SANTA MARIA,Science,2.1694412015836,1907535.27354803,35,3,2023,2025,1.90753527354803
I86S5C62J1V1,LICENCIATURA EN ASTRONOMIA,PONTIFICIA UNIVERSIDAD CATOLICA DE CHILE,Science,2.27685980124635,1771487.3163081,165,4,2022,2025,1.7714873163081
I86S5C648J1V1,MATEMATICA,PONTIFICIA UNIVERSIDAD CATOLICA DE CHILE,Science,2.29196361447343,1771487.3163081,137,4,2022,2025,1.7714873163081
I86S5C69J1V1,LICENCIATURA EN FISICA,PONTIFICIA UNIVERSIDAD CATOLICA DE CHILE,Science,2.3990985397286,1771487.3163081,146,5,2021,2025,1.7714873163081
I19S4C7J2V1,DERECHO,UNIVERSIDAD DE LAS AMERICAS,Law,-1.2560049778933,1761383.69626969,10,1,2022,2022,1.76138369626969
I260S12C100J1V1,TECNICO JURIDICO,CFT SANTO TOMAS,Law,-1.01512627770871,897759.365395058,19,4,2022,2025,0.897759365395058
I260S25C100J1V1,TECNICO JURIDICO,CFT SANTO TOMAS,Law,-0.98366568969625,897759.365395058,29,4,2022,2025,0.897759365395058
I46S12C47J2V1,DERECHO,UNIVERSIDAD DE ACONCAGUA,Law,-0.936775241123519,1820051.13360296,13,3,2022,2024,1.82005113360296
I260S1C100J2V1,TECNICO JURIDICO,CFT SANTO TOMAS,Law,-0.927271073450351,897759.365395058,15,4,2022,2025,0.897759365395058
I143S13C30J1V1,TECNICO JURIDICO,IP AIEP,Law,-0.927028188122842,904203.298953521,18,4,2022,2025,0.904203298953521
I260S21C100J1V1,TECNICO JURIDICO,CFT SANTO TOMAS,Law,-0.841575660819904,897759.365395058,65,5,2021,2025,0.897759365395058
I117S1C63J4V1,TECNICO DE NIVEL SUPERIOR JURIDICO,IP IACC,Law,-0.834709291433394,904203.298953521,11,3,2022,2025,0.904203298953521
I143S15C30J1V1,TECNICO JURIDICO,IP AIEP,Law,-0.82632366436319,904203.298953521,21,4,2022,2025,0.904203298953521
I4S9C4J2V1,DERECHO,UNIVERSIDAD CENTRAL DE CHILE,Law,-0.82423516735655,1885170.37886859,22,4,2022,2025,1.88517037886859
I260S38C100J1V1,TECNICO JURIDICO,CFT SANTO TOMAS,Law,-0.819188393375095,897759.365395058,37,4,2022,2025,0.897759365395058
I260S11C100J1V1,TECNICO JURIDICO,CFT SANTO TOMAS,Law,-0.802740624448756,897759.365395058,48,5,2021,2025,0.897759365395058
I9S1C6J1V1,DERECHO,UNIVERSIDAD DEL ALBA,Law,-0.76577339587021,1777922.45737392,13,4,2022,2025,1.77792245737392
I260S22C100J1V1,TECNICO JURIDICO,CFT SANTO TOMAS,Law,-0.761936480599932,897759.365395058,43,4,2022,2025,0.897759365395058
I143S9C30J2V2,TECNICO JURIDICO,IP AIEP,Law,-0.760289781291092,904203.298953521,15,4,2022,2025,0.904203298953521
I143S6C30J1V1,TECNICO JURIDICO,IP AIEP,Law,-0.756696052786766,904203.298953521,15,4,2022,2025,0.904203298953521
I26S1C102J2V2,DERECHO,"UNIVERSIDAD DE ARTES, CIENCIAS Y COMUNICACION - UNIACC",Law,-0.754373812083836,2092117.61704982,12,5,2021,2025,2.09211761704982
I143S23C30J1V1,TECNICO JURIDICO,IP AIEP,Law,-0.752075440043594,904203.298953521,10,3,2022,2024,0.904203298953521
I20S3C6J2V1,DERECHO,UNIVERSIDAD ANDRES BELLO,Law,-0.739926014809645,1837020.7767714,10,4,2022,2025,1.8370207767714
I31S1C2J2V3,DERECHO,UNIVERSIDAD AUTONOMA DE CHILE,Law,-0.734122335893876,1706973.3481861,46,4,2022,2025,1.7069733481861
I260S2C100J2V1,TECNICO JURIDICO,CFT SANTO TOMAS,Law,-0.728010892186902,897759.365395058,15,3,2022,2024,0.897759365395058
I9S2C6J1V1,DERECHO,UNIVERSIDAD DEL ALBA,Law,-0.707332791530849,1777922.45737392,59,4,2022,2025,1.77792245737392
I13S17C9J1V1,DERECHO,UNIVERSIDAD SANTO TOMAS,Law,-0.706179785860713,1738707.20490468,67,4,2022,2025,1.73870720490468
I22S1C65J1V1,DERECHO,UNIVERSIDAD DE VIÑA DEL MAR,Law,-0.698777007585702,1674213.58154784,102,4,2022,2025,1.67421358154784
I9S8C6J2V1,DERECHO,UNIVERSIDAD DEL ALBA,Law,-0.683016229847446,1777922.45737392,13,4,2022,2025,1.77792245737392
I50S1C3J2V2,DERECHO,UNIVERSIDAD BERNARDO O'HIGGINS,Law,-0.656514507750725,1659871.20364357,24,4,2022,2025,1.65987120364357
I31S2C2J2V3,DERECHO,UNIVERSIDAD AUTONOMA DE CHILE,Law,-0.653978875834667,1706973.3481861,58,4,2022,2025,1.7069733481861
I31S4C2J2V3,DERECHO,UNIVERSIDAD AUTONOMA DE CHILE,Law,-0.651288124916371,1706973.3481861,39,3,2022,2024,1.7069733481861
I46S9C47J2V1,DERECHO,UNIVERSIDAD DE ACONCAGUA,Law,-0.617641108509717,1820051.13360296,23,4,2022,2025,1.82005113360296
I31S3C2J2V3,DERECHO,UNIVERSIDAD AUTONOMA DE CHILE,Law,-0.612784942587906,1706973.3481861,36,4,2022,2025,1.7069733481861
I81S3C5J1V1,DERECHO,UNIVERSIDAD ARTURO PRAT,Law,-0.60207726143843,1841065.77992385,63,5,2021,2025,1.84106577992385
I13S10C9J1V1,DERECHO,UNIVERSIDAD SANTO TOMAS,Law,-0.563056008540939,1738707.20490468,54,4,2022,2025,1.73870720490468
I143S28C30J4V1,TECNICO JURIDICO,IP AIEP,Law,-0.560315961927075,904203.298953521,30,4,2022,2025,0.904203298953521
I19S5C7J1V1,DERECHO,UNIVERSIDAD DE LAS AMERICAS,Law,-0.557440939177859,1761383.69626969,133,4,2022,2025,1.76138369626969
I19S6C7J1V1,DERECHO,UNIVERSIDAD DE LAS AMERICAS,Law,-0.503635316834046,1761383.69626969,164,4,2022,2025,1.76138369626969
I84S2C441J1V1,DERECHO,UNIVERSIDAD DE LOS LAGOS,Law,-0.498553919386506,1678130.63049203,53,3,2023,2025,1.67813063049203
I13S7C9J1V1,DERECHO,UNIVERSIDAD SANTO TOMAS,Law,-0.486267789209759,1738707.20490468,159,4,2022,2025,1.73870720490468
I19S1C7J1V1,DERECHO,UNIVERSIDAD DE LAS AMERICAS,Law,-0.482156529074497,1761383.69626969,132,4,2022,2025,1.76138369626969
I9S9C6J1V1,DERECHO,UNIVERSIDAD DEL ALBA,Law,-0.471591067070275,1777922.45737392,52,4,2022,2025,1.77792245737392
I13S1C9J1V1,DERECHO,UNIVERSIDAD SANTO TOMAS,Law,-0.451539552244151,1738707.20490468,219,4,2022,2025,1.73870720490468
I13S3C9J1V1,DERECHO,UNIVERSIDAD SANTO TOMAS,Law,-0.451533360544061,1738707.20490468,105,4,2022,2025,1.73870720490468
I19S4C7J1V1,DERECHO,UNIVERSIDAD DE LAS AMERICAS,Law,-0.438051506568127,1761383.69626969,143,4,2022,2025,1.76138369626969
I42S1C35J1V1,DERECHO,UNIVERSIDAD CATOLICA CARDENAL RAUL SILVA HENRIQUEZ,Law,-0.433532007886018,1761418.66755897,306,4,2022,2025,1.76141866755897
I13S4C9J1V1,DERECHO,UNIVERSIDAD SANTO TOMAS,Law,-0.428738371891767,1738707.20490468,78,4,2022,2025,1.73870720490468
I13S11C9J1V1,DERECHO,UNIVERSIDAD SANTO TOMAS,Law,-0.413587970155175,1738707.20490468,97,4,2022,2025,1.73870720490468
I31S3C2J1V3,DERECHO,UNIVERSIDAD AUTONOMA DE CHILE,Law,-0.409632561047566,1706973.3481861,333,4,2022,2025,1.7069733481861
I11S1C9J1V1,DERECHO,UNIVERSIDAD ACADEMIA DE HUMANISMO CRISTIANO,Law,-0.408743187208477,1860561.13562591,114,4,2022,2025,1.86056113562591
I85S1C524J1V1,DERECHO,UNIVERSIDAD TECNOLOGICA METROPOLITANA,Law,-0.404778482560202,1960073.75703029,142,4,2022,2025,1.96007375703029
I1S1C3J1V1,DERECHO,UNIVERSIDAD GABRIELA MISTRAL,Law,-0.403910664613688,2061964.67192467,56,4,2022,2025,2.06196467192467
I68S1C2J1V1,DERECHO,UNIVERSIDAD MIGUEL DE CERVANTES,Law,-0.395545693862636,1905122.28793123,12,4,2022,2025,1.90512228793123
I13S16C9J1V1,DERECHO,UNIVERSIDAD SANTO TOMAS,Law,-0.381878650015348,1738707.20490468,106,4,2022,2025,1.73870720490468
I38S1C182J1V1,DERECHO,UNIVERSIDAD ADVENTISTA DE CHILE,Law,-0.379203171645204,1606097.30534066,113,4,2022,2025,1.60609730534066
I4S9C4J1V1,DERECHO,UNIVERSIDAD CENTRAL DE CHILE,Law,-0.376522274271293,1885170.37886859,529,4,2022,2025,1.88517037886859
I13S5C9J1V1,DERECHO,UNIVERSIDAD SANTO TOMAS,Law,-0.369449212566904,1738707.20490468,168,4,2022,2025,1.73870720490468
I83S1C320J1V1,DERECHO LICENCIATURA EN CIENCIAS JURIDICAS Y SOCIALES BACHILLERATO EN CIENCIAS SOCIALES,UNIVERSIDAD DE PLAYA ANCHA DE CIENCIAS DE LA EDUCACION,Law,-0.35775049177293,1700810.98773218,220,4,2022,2025,1.70081098773218
I46S19C47J2V1,DERECHO,UNIVERSIDAD DE ACONCAGUA,Law,-0.356738581176106,1820051.13360296,13,4,2022,2025,1.82005113360296
I39S7C3J1V1,DERECHO,UNIVERSIDAD SAN SEBASTIAN,Law,-0.348688900156359,1817149.23557209,248,4,2022,2025,1.81714923557209
I50S1C3J1V2,DERECHO,UNIVERSIDAD BERNARDO O'HIGGINS,Law,-0.347977165075946,1659871.20364357,204,4,2022,2025,1.65987120364357
I81S1C5J1V1,DERECHO,UNIVERSIDAD ARTURO PRAT,Law,-0.341785784691414,1841065.77992385,191,4,2022,2025,1.84106577992385
I13S6C9J1V1,DERECHO,UNIVERSIDAD SANTO TOMAS,Law,-0.334548928111899,1738707.20490468,120,4,2022,2025,1.73870720490468
I4S7C4J1V1,DERECHO,UNIVERSIDAD CENTRAL DE CHILE,Law,-0.320368398751794,1885170.37886859,359,5,2021,2025,1.88517037886859
I2S1C2J1V1,DERECHO,UNIVERSIDAD FINIS TERRAE,Law,-0.304439209942645,2027424.84537061,487,4,2021,2024,2.02742484537061
I2S1C2J1V2,DERECHO,UNIVERSIDAD FINIS TERRAE,Law,-0.283242833259333,2027424.84537061,193,4,2022,2025,2.02742484537061
I39S6C3J1V1,DERECHO,UNIVERSIDAD SAN SEBASTIAN,Law,-0.278511252646951,1817149.23557209,438,4,2022,2025,1.81714923557209
I20S3C6J1V1,DERECHO,UNIVERSIDAD ANDRES BELLO,Law,-0.274703467698919,1837020.7767714,557,4,2022,2025,1.8370207767714
I31S2C2J1V3,DERECHO,UNIVERSIDAD AUTONOMA DE CHILE,Law,-0.273209200074514,1706973.3481861,347,4,2022,2025,1.7069733481861
I79S1C2J1V2,DERECHO,UNIVERSIDAD DE ATACAMA,Law,-0.268185131969683,2032098.26705655,280,4,2022,2025,2.03209826705655
I45S4C685J1V1,"BACHILLERATO EN DERECHO, CIENCIAS SOCIALES Y HUMANIDADES",UNIVERSIDAD DEL DESARROLLO,Law,-0.258671322134226,1715014.26342715,169,4,2022,2025,1.71501426342715
I39S2C3J1V1,DERECHO,UNIVERSIDAD SAN SEBASTIAN,Law,-0.252603730150257,1817149.23557209,632,4,2022,2025,1.81714923557209
I80S2C4J1V3,DERECHO,UNIVERSIDAD DE TARAPACA,Law,-0.248274294828219,1780524.98856834,117,4,2022,2025,1.78052498856834
I20S2C6J1V1,DERECHO,UNIVERSIDAD ANDRES BELLO,Law,-0.229840184642166,1837020.7767714,205,4,2022,2025,1.8370207767714
I10S4C32J1V1,DERECHO,UNIVERSIDAD MAYOR,Law,-0.229329023297202,1885740.97516787,163,4,2022,2025,1.88574097516787
I31S1C2J1V3,DERECHO,UNIVERSIDAD AUTONOMA DE CHILE,Law,-0.217056782671665,1706973.3481861,349,4,2022,2025,1.7069733481861
I39S8C3J1V1,DERECHO,UNIVERSIDAD SAN SEBASTIAN,Law,-0.211659073896872,1817149.23557209,290,4,2022,2025,1.81714923557209
I20S1C6J1V1,DERECHO,UNIVERSIDAD ANDRES BELLO,Law,-0.201486843633197,1837020.7767714,858,4,2022,2025,1.8370207767714
I13S9C9J1V1,DERECHO,UNIVERSIDAD SANTO TOMAS,Law,-0.181458833109848,1738707.20490468,144,4,2022,2025,1.73870720490468
I84S1C441J1V1,DERECHO,UNIVERSIDAD DE LOS LAGOS,Law,-0.179673448651082,1678130.63049203,250,4,2022,2025,1.67813063049203
I10S7C32J1V1,DERECHO,UNIVERSIDAD MAYOR,Law,-0.176181842518955,1885740.97516787,293,5,2021,2025,1.88574097516787
I73S2C5J1V1,DERECHO,UNIVERSIDAD DE ANTOFAGASTA,Law,-0.174627499389687,2042959.5195787,218,4,2022,2025,2.0429595195787
I31S4C2J1V3,DERECHO,UNIVERSIDAD AUTONOMA DE CHILE,Law,-0.168560118132151,1706973.3481861,372,5,2021,2025,1.7069733481861
I20S4C6J1V1,DERECHO,UNIVERSIDAD ANDRES BELLO,Law,-0.163296012273884,1837020.7767714,247,4,2022,2025,1.8370207767714
I80S1C4J1V2,DERECHO,UNIVERSIDAD DE TARAPACA,Law,-0.14317784213481,1780524.98856834,367,4,2022,2025,1.78052498856834
I94S1C3J1V1,DERECHO,UNIVERSIDAD CATOLICA DE TEMUCO,Law,-0.117402795072068,1765765.69162535,593,4,2022,2025,1.76576569162535
I69S1C4J1V2,DERECHO,UNIVERSIDAD ALBERTO HURTADO,Law,-0.0879348702635251,1839064.04668225,577,4,2022,2025,1.83906404668225
I77S1C45J1V1,DERECHO,UNIVERSIDAD DE MAGALLANES,Law,-0.0762324778043682,1885287.46810267,161,4,2022,2025,1.88528746810267
I895S1C18J1V1,DERECHO,UNIVERSIDAD DE O'HIGGINS,Law,-0.033904524619596,1905122.28793123,412,4,2022,2025,1.90512228793123
I92S1C182J1V1,DERECHO,UNIVERSIDAD CATOLICA DEL MAULE,Law,-0.029564760614105,1764202.35575983,338,4,2022,2025,1.76420235575983
I75S1C304J1V1,DERECHO,UNIVERSIDAD DEL BIO-BIO,Law,-0.0209325398081923,1714107.11197783,76,3,2023,2025,1.71410711197783
I20S1C6J2V2,DERECHO,UNIVERSIDAD ANDRES BELLO,Law,0.00892318572745568,1837020.7767714,19,4,2022,2025,1.8370207767714
I91S1C6J1V1,DERECHO,UNIVERSIDAD CATOLICA DEL NORTE,Law,0.0636356945583826,2045666.08389489,404,4,2022,2025,2.04566608389489
I93S1C23J1V1,LICENCIATURA EN DERECHO,UNIVERSIDAD CATOLICA DE LA SANTISIMA CONCEPCION,Law,0.0963837842818445,1652148.33627236,507,4,2022,2025,1.65214833627236
I76S1C275J1V1,DERECHO,UNIVERSIDAD DE LA FRONTERA,Law,0.098597759926641,1748489.26432675,364,4,2022,2025,1.74848926432675
I74S1C158J1V1,DERECHO,UNIVERSIDAD DE LA SERENA,Law,0.132516852798569,1755403.98292318,191,4,2022,2025,1.75540398292318
I78S5C4J1V1,DERECHO,UNIVERSIDAD DE TALCA,Law,0.144341015284005,1830325.07703839,127,3,2022,2024,1.83032507703839
I90S2C12J1V1,DERECHO,UNIVERSIDAD AUSTRAL DE CHILE,Law,0.181056476947395,1829003.48286319,176,4,2022,2025,1.82900348286319
I45S1C4J1V1,DERECHO,UNIVERSIDAD DEL DESARROLLO,Law,0.186279200395985,2054359.67976137,446,4,2022,2025,2.05435967976137
I91S2C6J1V1,DERECHO,UNIVERSIDAD CATOLICA DEL NORTE,Law,0.204306520927483,2045666.08389489,474,4,2022,2025,2.04566608389489
I72S1C4J1V1,DERECHO,UNIVERSIDAD DE VALPARAISO,Law,0.248647221375915,1901019.35680552,524,4,2022,2025,1.90101935680552
I45S4C4J1V1,DERECHO,UNIVERSIDAD DEL DESARROLLO,Law,0.264436443703688,2054359.67976137,139,3,2022,2025,2.05435967976137
I90S1C12J1V1,DERECHO,UNIVERSIDAD AUSTRAL DE CHILE,Law,0.269757656766061,1829003.48286319,397,4,2022,2025,1.82900348286319
I71S1C572J1V1,DERECHO,UNIVERSIDAD DE SANTIAGO DE CHILE,Law,0.332135208706082,2010914.93150388,663,4,2022,2025,2.01091493150388
I45S2C4J1V1,DERECHO,UNIVERSIDAD DEL DESARROLLO,Law,0.336662061391932,2054359.67976137,342,3,2022,2024,2.05435967976137
I23S1C3J1V1,DERECHO,UNIVERSIDAD ADOLFO IBAÑEZ,Law,0.392859426190687,2334148.52169935,327,4,2022,2025,2.33414852169935
I78S1C4J1V1,DERECHO,UNIVERSIDAD DE TALCA,Law,0.398686261140104,1830325.07703839,486,4,2022,2025,1.83032507703839
I87S2C11J1V1,DERECHO,UNIVERSIDAD DE CONCEPCION,Law,0.484274958331816,1856543.23113126,49,1,2022,2022,1.85654323113126
I87S2C11J1V2,DERECHO,UNIVERSIDAD DE CONCEPCION,Law,0.497838758431671,1856543.23113126,193,4,2022,2025,1.85654323113126
I34S1C243J1V2,BACHILLERATO EN DERECHO,UNIVERSIDAD DE LOS ANDES,Law,0.553305220987477,2203274.5007625,258,4,2022,2025,2.2032745007625
I23S2C3J1V1,DERECHO,UNIVERSIDAD ADOLFO IBAÑEZ,Law,0.612323045500849,2334148.52169935,443,4,2022,2025,2.33414852169935
I3S1C1J1V1,DERECHO,UNIVERSIDAD DIEGO PORTALES,Law,0.670200801754541,1995057.90534476,823,4,2022,2025,1.99505790534476
I89S1C11J1V1,DERECHO,PONTIFICIA UNIVERSIDAD CATOLICA DE VALPARAISO,Law,0.736963847834721,1824159.47151376,787,4,2022,2025,1.82415947151376
I87S1C11J1V1,DERECHO,UNIVERSIDAD DE CONCEPCION,Law,0.932546956015133,1856543.23113126,134,1,2022,2022,1.85654323113126
I87S1C11J1V2,DERECHO,UNIVERSIDAD DE CONCEPCION,Law,1.08244025646893,1856543.23113126,433,4,2022,2025,1.85654323113126
I70S1C21J1V1,DERECHO,UNIVERSIDAD DE CHILE,Law,1.13273990687739,2206680.78604519,1729,4,2022,2025,2.20668078604519
I34S1C40J1V1,DERECHO,UNIVERSIDAD DE LOS ANDES,Law,1.25091790494041,2203274.5007625,539,4,2022,2025,2.2032745007625
I23S1C515J1V2,DOBLE GRADO DERECHO INGENIERIA COMERCIAL,UNIVERSIDAD ADOLFO IBAÑEZ,Law,1.3476359963139,2334148.52169935,21,2,2024,2025,2.33414852169935
I86S1C29J1V1,DERECHO,PONTIFICIA UNIVERSIDAD CATOLICA DE CHILE,Law,1.72533260816215,2197109.34869885,1297,4,2022,2025,2.19710934869885
I34S1C585J1V1,DOBLE LICENCIATURA EN DERECHO Y FILOSOFIA,UNIVERSIDAD DE LOS ANDES,Law,1.76595122205961,2203274.5007625,12,2,2024,2025,2.2032745007625
I23S2C515J1V1,DOBLE GRADO DERECHO INGENIERIA COMERCIAL,UNIVERSIDAD ADOLFO IBAÑEZ,Law,1.98006482117586,2334148.52169935,63,4,2022,2025,2.33414852169935
I902S1C11J1V1,TECNICO DE NIVEL SUPERIOR EN TRABAJO SOCIAL,CFT DE LA REGION DE ARICA Y PARINACOTA,Other Healthcare,-1.35490036440479,835690.194763863,10,4,2022,2025,0.835690194763863
I22S1C111J1V1,FONOAUDIOLOGIA,UNIVERSIDAD DE VIÑA DEL MAR,Other Healthcare,-1.25193775717032,968921.60280523,11,3,2022,2025,0.96892160280523
I116S34C17J1V1,TECNICO EN TRABAJO SOCIAL,IP SANTO TOMAS,Other Healthcare,-1.24985136350299,835690.194763863,16,2,2021,2022,0.835690194763863
I77S2C167J2V2,TECNICO DE NIVEL SUPERIOR EN ENFERMERIA,UNIVERSIDAD DE MAGALLANES,Other Healthcare,-1.24585610864163,923359.075542261,13,3,2022,2024,0.923359075542261
I152S10C300J4V3,TECNICO EN TRABAJO SOCIAL,IP LATINOAMERICANO DE COMERCIO EXTERIOR - IPLACEX,Other Healthcare,-1.24190449051107,835690.194763863,10,4,2022,2025,0.835690194763863
I629S6C151J1V1,TECNICO DE NIVEL SUPERIOR EN TRABAJO SOCIAL,CFT PUCV,Other Healthcare,-1.21130794231258,846457.826248929,21,5,2021,2025,0.846457826248929
I914S2C28J2V1,TECNICO DE NIVEL SUPERIOR EN VETERINARIA,CFT DE LA REGION DEL MAULE,Other Healthcare,-1.13751561594352,754668.260650733,11,3,2023,2025,0.754668260650733
I456S1C56J1V1,INTERVENCION Y REHABILITACION PSICOSOCIAL,CFT CEDUC - UCN,Other Healthcare,-1.12287298301043,1325855.92928801,15,4,2021,2024,1.32585592928801
I117S1C62J4V1,TECNICO DE NIVEL SUPERIOR EN TRABAJO SOCIAL,IP IACC,Other Healthcare,-1.10184532782271,835690.194763863,14,4,2022,2025,0.835690194763863
I123S5C18J1V1,TRABAJO SOCIAL,IP DE CHILE,Other Healthcare,-1.09515835726363,1108969.97128962,13,4,2022,2025,1.10896997128962
I143S13C28J1V1,TRABAJO SOCIAL,IP AIEP,Other Healthcare,-1.08799489006943,1108969.97128962,19,4,2022,2025,1.10896997128962
I79S1C300J1V1,TECNICO EN ENFERMERIA DE NIVEL SUPERIOR,UNIVERSIDAD DE ATACAMA,Other Healthcare,-1.08360579061426,995262.743229664,14,3,2023,2025,0.995262743229664
I123S5C96J1V1,TECNICO EN MASOTERAPIA,IP DE CHILE,Other Healthcare,-1.07447329157324,786819.846461136,14,4,2022,2025,0.786819846461136
I427S4C33J2V1,TECNICO DE NIVEL SUPERIOR EN ENFERMERIA,CFT LAPLACE,Other Healthcare,-1.07307028507675,808773.083600428,14,4,2022,2025,0.808773083600428
I143S20C34J2V2,TECNICO EN ENFERMERIA,IP AIEP,Other Healthcare,-1.062755811277,838462.522378446,31,5,2021,2025,0.838462522378446
I116S11C4J1V1,SERVICIO SOCIAL,IP SANTO TOMAS,Other Healthcare,-1.06259326096649,1108969.97128962,17,3,2022,2025,1.10896997128962
I143S5C31J1V1,TECNICO EN TRABAJO SOCIAL,IP AIEP,Other Healthcare,-1.05934761476894,835690.194763863,11,2,2022,2023,0.835690194763863
I629S2C141J1V1,TECNICO DE NIVEL SUPERIOR EN ENFERMERIA,CFT PUCV,Other Healthcare,-1.05866628440889,842026.880952283,23,4,2022,2025,0.842026880952283
I450S2C56J1V1,TRABAJO SOCIAL,CFT LOTA-ARAUCO,Other Healthcare,-1.04739762548647,812770.550351839,23,4,2022,2025,0.812770550351839
I139S3C42J1V1,TECNICO HIGIENISTA DENTAL,IP DR. VIRGINIO GOMEZ G.,Other Healthcare,-1.0430097405845,736882.25893538,12,2,2021,2022,0.73688225893538
I143S12C28J1V1,TRABAJO SOCIAL,IP AIEP,Other Healthcare,-1.03656031981888,1108969.97128962,13,4,2022,2025,1.10896997128962
I73S2C370J2V1,TECNICO NIVEL SUPERIOR EN LABORATORIO CLINICO Y MEDICINA TRANSFUSIONAL,UNIVERSIDAD DE ANTOFAGASTA,Other Healthcare,-1.03473970836742,999582.721692388,12,3,2022,2024,0.999582721692388
I260S37C119J1V1,TECNICO EN PODOLOGIA CLINICA,CFT SANTO TOMAS,Other Healthcare,-1.03348475867154,752426.374763483,12,3,2022,2024,0.752426374763483
I143S17C28J1V1,TRABAJO SOCIAL,IP AIEP,Other Healthcare,-1.02939012584801,1108969.97128962,25,4,2022,2025,1.10896997128962
I152S10C41J4V4,TRABAJO SOCIAL,IP LATINOAMERICANO DE COMERCIO EXTERIOR - IPLACEX,Other Healthcare,-1.0189446714945,1108969.97128962,10,4,2022,2025,1.10896997128962
I143S15C28J1V1,TRABAJO SOCIAL,IP AIEP,Other Healthcare,-1.01226927640418,1108969.97128962,33,3,2022,2024,1.10896997128962
I116S9C17J1V1,TECNICO EN TRABAJO SOCIAL,IP SANTO TOMAS,Other Healthcare,-1.00898929745938,835690.194763863,26,4,2022,2025,0.835690194763863
I260S45C119J1V1,TECNICO EN PODOLOGIA CLINICA,CFT SANTO TOMAS,Other Healthcare,-1.00888664135901,752426.374763483,13,4,2022,2025,0.752426374763483
I260S11C118J1V1,TECNICO EN ENFERMERIA GINECO-OBSTETRICA Y NEONATAL,CFT SANTO TOMAS,Other Healthcare,-1.00023567057409,820576.622613826,48,4,2022,2025,0.820576622613826
I143S26C633J1V1,TECNICO EN IMAGENOLOGIA,IP AIEP,Other Healthcare,-0.999950505907325,855290.695404151,20,5,2021,2025,0.855290695404151
I218S1C25J1V2,TECNICO EN TRABAJO SOCIAL,CFT DE ENAC,Other Healthcare,-0.998539400499267,842115.900566417,63,4,2022,2025,0.842115900566417
I19S6C154J1V1,TECNICO DE NIVEL SUPERIOR EN ENFERMERIA,UNIVERSIDAD DE LAS AMERICAS,Other Healthcare,-0.993775046646467,862674.604790945,26,3,2022,2024,0.862674604790945
I113S7C21J1V1,TECNICO EN ENFERMERIA DE NIVEL SUPERIOR,IP IPG,Other Healthcare,-0.992324770624879,838462.522378446,10,2,2022,2023,0.838462522378446
I13S2C14J1V3,TRABAJO SOCIAL,UNIVERSIDAD SANTO TOMAS,Other Healthcare,-0.988473858959054,1068078.66383881,18,3,2023,2025,1.06807866383881
I123S5C30J1V1,TERAPIA OCUPACIONAL,IP DE CHILE,Other Healthcare,-0.987063623138712,1240208.22234037,115,4,2022,2025,1.24020822234037
I450S1C56J1V1,TRABAJO SOCIAL,CFT LOTA-ARAUCO,Other Healthcare,-0.986157596993869,812770.550351839,23,5,2021,2025,0.812770550351839
I113S5C21J2V1,TECNICO EN ENFERMERIA DE NIVEL SUPERIOR,IP IPG,Other Healthcare,-0.985972446001046,838462.522378446,11,3,2022,2024,0.838462522378446
I143S6C28J1V1,TRABAJO SOCIAL,IP AIEP,Other Healthcare,-0.979059337192251,1108969.97128962,22,4,2022,2025,1.10896997128962
I81S3C213J2V1,TECNICO DE NIVEL SUPERIOR ENFERMERIA,UNIVERSIDAD ARTURO PRAT,Other Healthcare,-0.97744355673582,901700.576344362,79,4,2022,2025,0.901700576344362
I260S45C276J1V1,TECNICO EN ODONTOLOGIA MENCION HIGIENISTA DENTAL,CFT SANTO TOMAS,Other Healthcare,-0.973233739851094,736193.291529291,54,4,2022,2025,0.736193291529291
I84S1C485J1V1,TECNICO DE NIVEL SUPERIOR EN ENFERMERIA,UNIVERSIDAD DE LOS LAGOS,Other Healthcare,-0.97192428063775,821899.669852303,47,4,2022,2025,0.821899669852303
I116S34C4J1V1,SERVICIO SOCIAL,IP SANTO TOMAS,Other Healthcare,-0.971598366846609,1108969.97128962,35,4,2022,2025,1.10896997128962
I260S3C316J1V1,TECNICO EN ENFERMERIA MENCION TERAPIAS COMPLEMENTARIAS,CFT SANTO TOMAS,Other Healthcare,-0.970579991030645,820576.622613826,47,4,2022,2025,0.820576622613826
I367S3C114J1V1,TECNICO EN ENFERMERIA,CFT SAN AGUSTIN,Other Healthcare,-0.970035406500371,730130.546690136,81,4,2022,2025,0.730130546690136
I116S6C4J1V1,SERVICIO SOCIAL,IP SANTO TOMAS,Other Healthcare,-0.96956329087214,1108969.97128962,111,4,2022,2025,1.10896997128962
I19S4C154J1V1,TECNICO DE NIVEL SUPERIOR EN ENFERMERIA,UNIVERSIDAD DE LAS AMERICAS,Other Healthcare,-0.957232978408718,862674.604790945,55,4,2021,2024,0.862674604790945
I123S2C18J1V1,TRABAJO SOCIAL,IP DE CHILE,Other Healthcare,-0.953504317271415,1108969.97128962,57,5,2021,2025,1.10896997128962
I910S1C13J1V1,TECNICO DE NIVEL SUPERIOR EN ENFERMERIA,CFT DE LA REGION DE COQUIMBO,Other Healthcare,-0.951548313039471,838462.522378446,47,4,2022,2025,0.838462522378446
I430S5C39J1V2,TECNICO EN ENFERMERIA,CFT INACAP,Other Healthcare,-0.948382675846736,876261.799506247,128,4,2022,2025,0.876261799506247
I22S1C283J1V2,TRABAJO SOCIAL,UNIVERSIDAD DE VIÑA DEL MAR,Other Healthcare,-0.948067281982193,1028460.5712314,20,3,2022,2024,1.0284605712314
I81S1C213J2V1,TECNICO DE NIVEL SUPERIOR ENFERMERIA,UNIVERSIDAD ARTURO PRAT,Other Healthcare,-0.947182566392612,901700.576344362,20,4,2022,2025,0.901700576344362
I123S2C94J2V3,TECNICO EN ENFERMERIA MENCION INSTRUMENTACION QUIRURGICA,IP DE CHILE,Other Healthcare,-0.946067347342493,838462.522378446,11,4,2022,2025,0.838462522378446
I260S12C118J1V1,TECNICO EN ENFERMERIA GINECO-OBSTETRICA Y NEONATAL,CFT SANTO TOMAS,Other Healthcare,-0.946036462235038,820576.622613826,52,4,2022,2025,0.820576622613826
I116S19C4J1V1,SERVICIO SOCIAL,IP SANTO TOMAS,Other Healthcare,-0.942840320202074,1108969.97128962,48,4,2022,2025,1.10896997128962
I456S5C13J1V1,ENFERMERIA Y TELEMEDICINA,CFT CEDUC - UCN,Other Healthcare,-0.937376441356851,905471.787466269,39,4,2022,2025,0.905471787466269
I123S2C96J1V1,TECNICO EN MASOTERAPIA,IP DE CHILE,Other Healthcare,-0.935765098043451,786819.846461136,28,4,2022,2025,0.786819846461136
I84S2C485J1V1,TECNICO DE NIVEL SUPERIOR EN ENFERMERIA,UNIVERSIDAD DE LOS LAGOS,Other Healthcare,-0.933953799286618,821899.669852303,18,3,2022,2024,0.821899669852303
I143S12C34J1V1,TECNICO EN ENFERMERIA,IP AIEP,Other Healthcare,-0.929392799459727,838462.522378446,44,4,2022,2025,0.838462522378446
I260S45C316J1V1,TECNICO EN ENFERMERIA MENCION TERAPIAS COMPLEMENTARIAS,CFT SANTO TOMAS,Other Healthcare,-0.928729038067777,820576.622613826,42,4,2022,2025,0.820576622613826
I218S1C27J1V2,TECNICO EDUCADOR SOCIAL INFANTO JUVENIL,CFT DE ENAC,Other Healthcare,-0.925186999331311,836884.122826255,15,4,2022,2025,0.836884122826255
I911S1C10J1V1,TECNICO DE NIVEL SUPERIOR EN ENFERMERIA,CFT DE LA REGION DE VALPARAISO,Other Healthcare,-0.924168611786248,838462.522378446,21,3,2022,2024,0.838462522378446
I143S31C53J1V2,TECNICO EN ENFERMERIA E INSTRUMENTACION QUIRURGICA,IP AIEP,Other Healthcare,-0.92385133634465,838462.522378446,10,3,2023,2025,0.838462522378446
I427S2C40J1V1,TECNICO DE NIVEL SUPERIOR VETERINARIO,CFT LAPLACE,Other Healthcare,-0.92311724611631,737951.559376332,29,4,2022,2025,0.737951559376332
I123S2C25J1V1,NUTRICION Y DIETETICA,IP DE CHILE,Other Healthcare,-0.920501152340126,1147329.59327506,75,4,2022,2025,1.14732959327506
I123S2C151J1V1,TECNICO EN TRABAJO SOCIAL,IP DE CHILE,Other Healthcare,-0.919884956882866,835690.194763863,17,5,2021,2025,0.835690194763863
I116S15C17J1V1,TECNICO EN TRABAJO SOCIAL,IP SANTO TOMAS,Other Healthcare,-0.91972170380808,835690.194763863,59,4,2022,2025,0.835690194763863
I143S17C83J1V1,TECNICO EN TRABAJO SOCIAL,IP AIEP,Other Healthcare,-0.91962458980796,835690.194763863,10,3,2022,2024,0.835690194763863
I367S2C180J1V1,TECNICO EN ODONTOLOGIA,CFT SAN AGUSTIN,Other Healthcare,-0.916312663888236,655048.164425778,24,4,2022,2025,0.655048164425778
I633S2C41J1V2,TECNICO DE NIVEL SUPERIOR EN ENFERMERIA,CFT TEODORO WICKEL KLUWEN,Other Healthcare,-0.916245150946589,752426.374763489,20,3,2022,2024,0.752426374763489
I143S25C34J1V1,TECNICO EN ENFERMERIA,IP AIEP,Other Healthcare,-0.915187772069969,838462.522378446,31,4,2022,2025,0.838462522378446
I911S2C10J1V1,TECNICO DE NIVEL SUPERIOR EN ENFERMERIA,CFT DE LA REGION DE VALPARAISO,Other Healthcare,-0.914271884058657,838462.522378446,66,4,2022,2025,0.838462522378446
I123S3C96J1V1,TECNICO EN MASOTERAPIA,IP DE CHILE,Other Healthcare,-0.913594302302975,786819.846461136,19,4,2022,2025,0.786819846461136
I218S1C63J1V2,TECNICO EN MASOTERAPIA,CFT DE ENAC,Other Healthcare,-0.91309922169686,802905.334891931,44,4,2022,2025,0.802905334891931
I116S11C17J1V1,TECNICO EN TRABAJO SOCIAL,IP SANTO TOMAS,Other Healthcare,-0.912928113263244,835690.194763863,50,3,2022,2024,0.835690194763863
I456S2C56J1V1,INTERVENCION Y REHABILITACION PSICOSOCIAL,CFT CEDUC - UCN,Other Healthcare,-0.912777578621749,1325855.92928801,13,4,2021,2024,1.32585592928801
I143S8C34J2V3,TECNICO EN ENFERMERIA,IP AIEP,Other Healthcare,-0.912112932141037,838462.522378446,12,4,2022,2025,0.838462522378446
I218S1C114J1V2,TECNICO EN TERAPIAS COMPLEMENTARIAS DE SALUD,CFT DE ENAC,Other Healthcare,-0.912109596798106,836884.122826255,10,4,2022,2025,0.836884122826255
I633S0C41J1V1,TECNICO DE NIVEL SUPERIOR EN ENFERMERIA,CFT TEODORO WICKEL KLUWEN,Other Healthcare,-0.911914499166615,752426.374763489,11,1,2022,2022,0.752426374763489
I911S2C10J2V1,TECNICO DE NIVEL SUPERIOR EN ENFERMERIA,CFT DE LA REGION DE VALPARAISO,Other Healthcare,-0.911889159158586,838462.522378446,14,3,2023,2025,0.838462522378446
I116S4C4J1V1,SERVICIO SOCIAL,IP SANTO TOMAS,Other Healthcare,-0.911759532698573,1108969.97128962,21,4,2022,2025,1.10896997128962
I111S3C107J2V1,TECNICO EN ODONTOLOGIA,IP DUOC UC,Other Healthcare,-0.911705327276105,736882.25893538,20,2,2022,2023,0.73688225893538
I116S2C4J1V1,SERVICIO SOCIAL,IP SANTO TOMAS,Other Healthcare,-0.911212442349372,1108969.97128962,104,4,2022,2025,1.10896997128962
I143S0C92J1V1,TECNICO EN ODONTOLOGIA,IP AIEP,Other Healthcare,-0.909629919761748,736882.25893538,44,4,2022,2025,0.73688225893538
I906S1C10J1V1,TECNICO DE NIVEL SUPERIOR EN ENFERMERIA,CFT DE LA REGION DE TARAPACA,Other Healthcare,-0.90873553644333,838462.522378446,46,4,2022,2025,0.838462522378446
I260S47C47J2V1,TECNICO EN ENFERMERIA,CFT SANTO TOMAS,Other Healthcare,-0.904826884439251,820576.622613826,17,4,2022,2025,0.820576622613826
I260S37C47J1V1,TECNICO EN ENFERMERIA,CFT SANTO TOMAS,Other Healthcare,-0.904575395721116,820576.622613826,137,5,2021,2025,0.820576622613826
I430S30C144J1V1,TECNICO EN FARMACIA,CFT INACAP,Other Healthcare,-0.902763467064867,1053764.47658365,44,4,2022,2025,1.05376447658365
I260S25C47J2V1,TECNICO EN ENFERMERIA,CFT SANTO TOMAS,Other Healthcare,-0.902458361559581,820576.622613826,10,4,2022,2025,0.820576622613826
I143S23C53J1V1,TECNICO EN ENFERMERIA E INSTRUMENTACION QUIRURGICA,IP AIEP,Other Healthcare,-0.901171477357755,838462.522378446,57,4,2022,2025,0.838462522378446
I123S2C30J1V1,TERAPIA OCUPACIONAL,IP DE CHILE,Other Healthcare,-0.900948369663458,1240208.22234037,121,4,2022,2025,1.24020822234037
I367S3C180J1V1,TECNICO EN ODONTOLOGIA,CFT SAN AGUSTIN,Other Healthcare,-0.899561976479955,655048.164425778,51,4,2022,2025,0.655048164425778
I902S1C43J1V1,TECNICO DE NIVEL SUPERIOR EN VETERINARIA,CFT DE LA REGION DE ARICA Y PARINACOTA,Other Healthcare,-0.897704305189978,754668.260650733,26,4,2022,2025,0.754668260650733
I19S4C154J3V1,TECNICO DE NIVEL SUPERIOR EN ENFERMERIA,UNIVERSIDAD DE LAS AMERICAS,Other Healthcare,-0.897047782348279,862674.604790945,30,3,2023,2025,0.862674604790945
I116S17C4J1V1,SERVICIO SOCIAL,IP SANTO TOMAS,Other Healthcare,-0.895974743447072,1108969.97128962,55,5,2021,2025,1.10896997128962
I430S25C170J1V2,TECNICO EN ODONTOLOGIA,CFT INACAP,Other Healthcare,-0.892249617692439,786152.128444776,31,4,2022,2025,0.786152128444776
I260S43C316J1V1,TECNICO EN ENFERMERIA MENCION TERAPIAS COMPLEMENTARIAS,CFT SANTO TOMAS,Other Healthcare,-0.891677089093885,820576.622613826,61,4,2022,2025,0.820576622613826
I629S4C150J1V1,TECNICO DE NIVEL SUPERIOR EN ODONTOLOGIA,CFT PUCV,Other Healthcare,-0.891301203297785,755437.729958504,29,4,2022,2025,0.755437729958504
I143S27C92J1V1,TECNICO EN ODONTOLOGIA,IP AIEP,Other Healthcare,-0.889932740680925,736882.25893538,22,3,2022,2024,0.73688225893538
I629S5C151J1V1,TECNICO DE NIVEL SUPERIOR EN TRABAJO SOCIAL,CFT PUCV,Other Healthcare,-0.889284030453135,846457.826248929,10,3,2022,2024,0.846457826248929
I123S5C24J1V1,FONOAUDIOLOGIA,IP DE CHILE,Other Healthcare,-0.887123206434658,1067100.80209489,72,5,2021,2025,1.06710080209489
I902S1C21J2V1,TNS EN LABORATORIO CLINICO BANCO DE SANGRE E IMAGENOLOGIA,CFT DE LA REGION DE ARICA Y PARINACOTA,Other Healthcare,-0.886968881133975,820341.205619669,21,4,2022,2025,0.820341205619669
I916S2C15J1V1,TECNICO DE NIVEL SUPERIOR EN ENFERMERIA,CFT DE LA REGION DE LA ARAUCANIA,Other Healthcare,-0.886595519166114,838462.522378446,48,4,2022,2025,0.838462522378446
I430S9C39J1V2,TECNICO EN ENFERMERIA,CFT INACAP,Other Healthcare,-0.885866093868808,876261.799506247,140,4,2022,2025,0.876261799506247
I916S1C15J1V1,TECNICO DE NIVEL SUPERIOR EN ENFERMERIA,CFT DE LA REGION DE LA ARAUCANIA,Other Healthcare,-0.884604787713489,838462.522378446,68,4,2022,2025,0.838462522378446
I435S1C4J1V1,TECNICO VETERINARIO,CFT DEL MEDIO AMBIENTE,Other Healthcare,-0.883835485292229,752426.374763466,27,3,2022,2024,0.752426374763466
I143S29C28J1V1,TRABAJO SOCIAL,IP AIEP,Other Healthcare,-0.883657244418842,1108969.97128962,13,4,2022,2025,1.10896997128962
I19S1C154J1V1,TECNICO DE NIVEL SUPERIOR EN ENFERMERIA,UNIVERSIDAD DE LAS AMERICAS,Other Healthcare,-0.883051107283943,862674.604790945,23,2,2022,2023,0.862674604790945
I143S28C83J4V1,TECNICO EN TRABAJO SOCIAL,IP AIEP,Other Healthcare,-0.882485994035425,835690.194763863,14,3,2022,2024,0.835690194763863
I260S38C285J1V1,TECNICO EN VETERINARIA Y PRODUCCION PECUARIA,CFT SANTO TOMAS,Other Healthcare,-0.881413016150058,748721.502389669,160,5,2021,2025,0.748721502389669
I260S45C47J1V1,TECNICO EN ENFERMERIA,CFT SANTO TOMAS,Other Healthcare,-0.880310809411707,820576.622613826,172,5,2021,2025,0.820576622613826
I143S30C28J1V1,TRABAJO SOCIAL,IP AIEP,Other Healthcare,-0.880162679745401,1108969.97128962,16,4,2022,2025,1.10896997128962
I456S2C13J1V1,ENFERMERIA Y TELEMEDICINA,CFT CEDUC - UCN,Other Healthcare,-0.879761057156909,905471.787466269,65,4,2022,2025,0.905471787466269
I111S23C107J1V1,TECNICO EN ODONTOLOGIA,IP DUOC UC,Other Healthcare,-0.878548279467272,736882.25893538,55,4,2022,2025,0.73688225893538
I123S5C47J1V1,TECNICO EN ENFERMERIA,IP DE CHILE,Other Healthcare,-0.878295797234851,838462.522378446,81,4,2022,2025,0.838462522378446
I260S41C119J1V1,TECNICO EN PODOLOGIA CLINICA,CFT SANTO TOMAS,Other Healthcare,-0.878029062095516,752426.374763483,17,4,2022,2025,0.752426374763483
I143S26C34J1V1,TECNICO EN ENFERMERIA,IP AIEP,Other Healthcare,-0.878027238789166,838462.522378446,43,5,2021,2025,0.838462522378446
I260S41C47J1V1,TECNICO EN ENFERMERIA,CFT SANTO TOMAS,Other Healthcare,-0.875689183560755,820576.622613826,104,4,2022,2025,0.820576622613826
I260S45C285J1V1,TECNICO EN VETERINARIA Y PRODUCCION PECUARIA,CFT SANTO TOMAS,Other Healthcare,-0.874497353259783,748721.502389669,83,4,2022,2025,0.748721502389669
I260S43C47J1V1,TECNICO EN ENFERMERIA,CFT SANTO TOMAS,Other Healthcare,-0.87446463548563,820576.622613826,104,4,2022,2025,0.820576622613826
I629S3C141J1V1,TECNICO EN ENFERMERIA,CFT PUCV,Other Healthcare,-0.873878128045243,842026.880952283,40,4,2022,2025,0.842026880952283
I260S38C47J1V1,TECNICO EN ENFERMERIA,CFT SANTO TOMAS,Other Healthcare,-0.873709995266042,820576.622613826,123,4,2022,2025,0.820576622613826
I9S8C31J2V1,FONOAUDIOLOGIA,UNIVERSIDAD DEL ALBA,Other Healthcare,-0.872883532975041,1028941.28685153,12,3,2022,2024,1.02894128685153
I143S20C83J1V1,TECNICO EN TRABAJO SOCIAL,IP AIEP,Other Healthcare,-0.872513816457889,835690.194763863,16,3,2022,2024,0.835690194763863
I116S4C17J1V1,TECNICO EN TRABAJO SOCIAL,IP SANTO TOMAS,Other Healthcare,-0.871376762065207,835690.194763863,27,3,2022,2024,0.835690194763863
I143S10C28J1V1,TRABAJO SOCIAL,IP AIEP,Other Healthcare,-0.871174365725746,1108969.97128962,10,2,2022,2023,1.10896997128962
I260S1C47J1V1,TECNICO EN ENFERMERIA,CFT SANTO TOMAS,Other Healthcare,-0.871060606958523,820576.622613826,112,4,2022,2025,0.820576622613826
I260S35C47J1V1,TECNICO EN ENFERMERIA,CFT SANTO TOMAS,Other Healthcare,-0.870907694283494,820576.622613826,81,5,2021,2025,0.820576622613826
I430S23C39J1V2,TECNICO EN ENFERMERIA,CFT INACAP,Other Healthcare,-0.869892081721724,876261.799506247,56,5,2021,2025,0.876261799506247
I260S11C115J1V1,TECNICO EN LABORATORIO CLINICO BANCO DE SANGRE E IMAGENOLOGIA,CFT SANTO TOMAS,Other Healthcare,-0.868691758896403,819756.894407074,38,4,2022,2025,0.819756894407074
I116S18C4J1V2,SERVICIO SOCIAL,IP SANTO TOMAS,Other Healthcare,-0.868561734474685,1108969.97128962,43,4,2022,2025,1.10896997128962
I152S10C22J1V4,TECNICO EN ENFERMERIA,IP LATINOAMERICANO DE COMERCIO EXTERIOR - IPLACEX,Other Healthcare,-0.867756950546828,838462.522378446,20,4,2021,2024,0.838462522378446
I123S3C47J2V1,TECNICO EN ENFERMERIA,IP DE CHILE,Other Healthcare,-0.867401202600562,838462.522378446,15,4,2022,2025,0.838462522378446
I260S38C118J1V1,TECNICO EN ENFERMERIA GINECO-OBSTETRICA Y NEONATAL,CFT SANTO TOMAS,Other Healthcare,-0.867209913156767,820576.622613826,102,4,2022,2025,0.820576622613826
I430S28C170J1V2,TECNICO EN ODONTOLOGIA,CFT INACAP,Other Healthcare,-0.866165402677245,786152.128444776,121,4,2022,2025,0.786152128444776
I143S23C53J2V1,TECNICO EN ENFERMERIA E INSTRUMENTACION QUIRURGICA,IP AIEP,Other Healthcare,-0.865528461443155,838462.522378446,13,4,2022,2025,0.838462522378446
I260S44C47J2V1,TECNICO EN ENFERMERIA,CFT SANTO TOMAS,Other Healthcare,-0.864601159357532,820576.622613826,12,3,2022,2024,0.820576622613826
I123S2C24J1V1,FONOAUDIOLOGIA,IP DE CHILE,Other Healthcare,-0.863891451244847,1067100.80209489,78,4,2022,2025,1.06710080209489
I111S2C87J1V1,TECNICO DE RADIODIAGNOSTICO Y RADIOTERAPIA,IP DUOC UC,Other Healthcare,-0.863398778629872,855290.695404151,61,4,2022,2025,0.855290695404151
I902S1C43J2V1,TECNICO DE NIVEL SUPERIOR EN VETERINARIA,CFT DE LA REGION DE ARICA Y PARINACOTA,Other Healthcare,-0.863305242469665,754668.260650733,20,4,2022,2025,0.754668260650733
I123S5C47J2V1,TECNICO EN ENFERMERIA,IP DE CHILE,Other Healthcare,-0.863089743019301,838462.522378446,23,4,2022,2025,0.838462522378446
I430S30C39J1V2,TECNICO EN ENFERMERIA,CFT INACAP,Other Healthcare,-0.861766945015261,876261.799506247,106,4,2022,2025,0.876261799506247
I430S15C144J1V1,TECNICO EN FARMACIA,CFT INACAP,Other Healthcare,-0.858908324766933,1053764.47658365,26,4,2022,2025,1.05376447658365
I19S1C325J1V1,TECNICO DE NIVEL SUPERIOR VETERINARIO,UNIVERSIDAD DE LAS AMERICAS,Other Healthcare,-0.858888847758226,787133.106613567,65,2,2022,2023,0.787133106613567
I116S15C4J2V1,SERVICIO SOCIAL,IP SANTO TOMAS,Other Healthcare,-0.858883426326429,1108969.97128962,34,4,2022,2025,1.10896997128962
I111S3C85J1V1,TECNICO DE ENFERMERIA,IP DUOC UC,Other Healthcare,-0.858584981838005,838462.522378446,220,5,2021,2025,0.838462522378446
I913S3C5J1V1,TECNICO DE NIVEL SUPERIOR EN ENFERMERIA,CFT DE LA REGION DEL LIBERTADOR GENERAL BERNARDO O'HIGGINS,Other Healthcare,-0.858437426807093,838462.522378446,28,3,2023,2025,0.838462522378446
I143S23C70J1V1,TECNICO EN ENFERMERIA MENCION PEDIATRIA,IP AIEP,Other Healthcare,-0.858295362825657,838462.522378446,22,2,2022,2023,0.838462522378446
I260S12C295J2V1,TECNICO EN FARMACIA,CFT SANTO TOMAS,Other Healthcare,-0.858286156215448,986799.259893185,17,4,2022,2025,0.986799259893185
I116S36C4J1V1,SERVICIO SOCIAL,IP SANTO TOMAS,Other Healthcare,-0.858247189154777,1108969.97128962,89,4,2022,2025,1.10896997128962
I629S4C151J1V1,TECNICO EN TRABAJO SOCIAL,CFT PUCV,Other Healthcare,-0.858104706458496,846457.826248929,25,4,2022,2025,0.846457826248929
I113S10C21J2V1,TECNICO EN ENFERMERIA DE NIVEL SUPERIOR,IP IPG,Other Healthcare,-0.858008131734549,838462.522378446,29,4,2022,2025,0.838462522378446
I116S28C4J2V1,SERVICIO SOCIAL,IP SANTO TOMAS,Other Healthcare,-0.856339093934476,1108969.97128962,15,3,2022,2024,1.10896997128962
I111S23C85J1V1,TECNICO DE ENFERMERIA,IP DUOC UC,Other Healthcare,-0.856103429892579,838462.522378446,127,4,2022,2025,0.838462522378446
I367S3C181J1V1,TECNICO EN TRABAJO SOCIAL,CFT SAN AGUSTIN,Other Healthcare,-0.855638599531358,733972.666918097,36,4,2022,2025,0.733972666918097
I116S39C4J1V1,SERVICIO SOCIAL,IP SANTO TOMAS,Other Healthcare,-0.855145378375926,1108969.97128962,36,5,2021,2025,1.10896997128962
I123S1C96J1V1,TECNICO EN MASOTERAPIA,IP DE CHILE,Other Healthcare,-0.854625413894769,786819.846461136,20,4,2022,2025,0.786819846461136
I116S31C4J1V1,SERVICIO SOCIAL,IP SANTO TOMAS,Other Healthcare,-0.854378710546942,1108969.97128962,84,4,2022,2025,1.10896997128962
I143S0C83J1V1,TECNICO EN TRABAJO SOCIAL,IP AIEP,Other Healthcare,-0.853451335726154,835690.194763863,33,3,2022,2024,0.835690194763863
I260S12C115J1V1,TECNICO EN LABORATORIO CLINICO BANCO DE SANGRE E IMAGENOLOGIA,CFT SANTO TOMAS,Other Healthcare,-0.852131833849134,819756.894407074,32,4,2022,2025,0.819756894407074
I155S2C9J1V1,SERVICIO SOCIAL,IP LOS LEONES,Other Healthcare,-0.851280921690474,1108969.97128962,10,3,2022,2025,1.10896997128962
I116S16C4J1V1,SERVICIO SOCIAL,IP SANTO TOMAS,Other Healthcare,-0.850786192067794,1108969.97128962,40,4,2022,2025,1.10896997128962
I111S20C110J1V1,TECNICO VETERINARIO Y PECUARIO,IP DUOC UC,Other Healthcare,-0.850662554864987,754668.260650733,136,4,2022,2025,0.754668260650733
I143S33C34J1V1,TECNICO EN ENFERMERIA,IP AIEP,Other Healthcare,-0.849733913965327,838462.522378446,11,4,2022,2025,0.838462522378446
I143S20C92J1V1,TECNICO EN ODONTOLOGIA,IP AIEP,Other Healthcare,-0.849599297577305,736882.25893538,40,4,2022,2025,0.73688225893538
I260S12C125J1V1,TECNICO EN ENFERMERIA Y PROCEDIMIENTOS DE APOYO A LA REHABILITACION,CFT SANTO TOMAS,Other Healthcare,-0.849589365964305,820576.622613826,44,5,2021,2025,0.820576622613826
I123S1C18J1V1,TRABAJO SOCIAL,IP DE CHILE,Other Healthcare,-0.84920181711989,1108969.97128962,49,4,2022,2025,1.10896997128962
I111S3C107J1V1,TECNICO EN ODONTOLOGIA,IP DUOC UC,Other Healthcare,-0.848537805698908,736882.25893538,48,4,2022,2025,0.73688225893538
I430S24C170J1V2,TECNICO EN ODONTOLOGIA,CFT INACAP,Other Healthcare,-0.847815448679793,786152.128444776,41,4,2022,2025,0.786152128444776
I260S2C276J1V1,TECNICO EN ODONTOLOGIA MENCION HIGIENISTA DENTAL,CFT SANTO TOMAS,Other Healthcare,-0.845477123047686,736193.291529291,27,5,2021,2025,0.736193291529291
I260S2C125J1V1,TECNICO EN ENFERMERIA Y PROCEDIMIENTOS DE APOYO A LA REHABILITACION,CFT SANTO TOMAS,Other Healthcare,-0.844450971692465,820576.622613826,29,4,2022,2025,0.820576622613826
I260S3C276J1V1,TECNICO EN ODONTOLOGIA MENCION HIGIENISTA DENTAL,CFT SANTO TOMAS,Other Healthcare,-0.843556313965285,736193.291529291,50,4,2022,2025,0.736193291529291
I260S41C276J1V1,TECNICO EN ODONTOLOGIA MENCION HIGIENISTA DENTAL,CFT SANTO TOMAS,Other Healthcare,-0.842217917898286,736193.291529291,36,4,2022,2025,0.736193291529291
I430S20C39J1V2,TECNICO EN ENFERMERIA,CFT INACAP,Other Healthcare,-0.841585827986129,876261.799506247,79,4,2022,2025,0.876261799506247
I430S20C144J1V2,TECNICO EN FARMACIA,CFT INACAP,Other Healthcare,-0.841482859779688,1053764.47658365,46,4,2022,2025,1.05376447658365
I367S3C190J1V1,TECNICO EN MASOTERAPIA,CFT SAN AGUSTIN,Other Healthcare,-0.841254612048934,699797.462008522,11,4,2022,2025,0.699797462008522
I902S1C12J1V1,TECNICO DE NIVEL SUPERIOR EN ENFERMERIA CON MENCION EN GERONTOLOGIA,CFT DE LA REGION DE ARICA Y PARINACOTA,Other Healthcare,-0.841165612786172,838462.522378446,46,4,2022,2025,0.838462522378446
I430S27C39J1V2,TECNICO EN ENFERMERIA,CFT INACAP,Other Healthcare,-0.84075406462714,876261.799506247,237,4,2022,2025,0.876261799506247
I260S21C118J1V1,TECNICO EN ENFERMERIA GINECO-OBSTETRICA Y NEONATAL,CFT SANTO TOMAS,Other Healthcare,-0.838708934611488,820576.622613826,180,5,2021,2025,0.820576622613826
I93S2C59J1V1,TECNICO UNIVERSITARIO EN ENFERMERIA,UNIVERSIDAD CATOLICA DE LA SANTISIMA CONCEPCION,Other Healthcare,-0.837699118209925,809174.296360436,193,5,2021,2025,0.809174296360436
I260S34C285J2V1,TECNICO EN VETERINARIA Y PRODUCCION PECUARIA,CFT SANTO TOMAS,Other Healthcare,-0.836347906839679,748721.502389669,99,4,2022,2025,0.748721502389669
I367S2C181J1V1,TECNICO EN TRABAJO SOCIAL,CFT SAN AGUSTIN,Other Healthcare,-0.834892770058856,733972.666918097,24,4,2022,2025,0.733972666918097
I143S32C28J1V1,TRABAJO SOCIAL,IP AIEP,Other Healthcare,-0.834598871951345,1108969.97128962,10,3,2023,2025,1.10896997128962
I143S0C34J2V1,TECNICO EN ENFERMERIA,IP AIEP,Other Healthcare,-0.833999776471939,838462.522378446,15,4,2021,2024,0.838462522378446
I430S15C170J1V2,TECNICO EN ODONTOLOGIA,CFT INACAP,Other Healthcare,-0.833828358066088,786152.128444776,123,4,2022,2025,0.786152128444776
I260S11C276J1V1,TECNICO EN ODONTOLOGIA MENCION HIGIENISTA DENTAL,CFT SANTO TOMAS,Other Healthcare,-0.833568424750922,736193.291529291,67,5,2021,2025,0.736193291529291
I367S4C181J1V1,TECNICO EN TRABAJO SOCIAL,CFT SAN AGUSTIN,Other Healthcare,-0.832767174358119,733972.666918097,18,4,2022,2025,0.733972666918097
I260S2C115J1V1,TECNICO EN LABORATORIO CLINICO BANCO DE SANGRE E IMAGENOLOGIA,CFT SANTO TOMAS,Other Healthcare,-0.832754470113949,819756.894407074,28,4,2022,2025,0.819756894407074
I260S2C47J1V1,TECNICO EN ENFERMERIA,CFT SANTO TOMAS,Other Healthcare,-0.831830341204865,820576.622613826,78,5,2021,2025,0.820576622613826
I260S37C285J1V1,TECNICO EN VETERINARIA Y PRODUCCION PECUARIA,CFT SANTO TOMAS,Other Healthcare,-0.831618460489355,748721.502389669,100,4,2022,2025,0.748721502389669
I260S3C47J1V1,TECNICO EN ENFERMERIA,CFT SANTO TOMAS,Other Healthcare,-0.831546098884436,820576.622613826,90,4,2022,2025,0.820576622613826
I143S2C34J1V1,TECNICO EN ENFERMERIA,IP AIEP,Other Healthcare,-0.831518529337536,838462.522378446,103,5,2021,2025,0.838462522378446
I218S1C10J1V2,TECNICO EN ENFERMERIA,CFT DE ENAC,Other Healthcare,-0.830940192762504,837707.683909739,498,5,2021,2025,0.837707683909739
I143S21C28J1V1,TRABAJO SOCIAL,IP AIEP,Other Healthcare,-0.830831004133129,1108969.97128962,41,4,2022,2025,1.10896997128962
I143S23C34J2V1,TECNICO EN ENFERMERIA,IP AIEP,Other Healthcare,-0.829890596771592,838462.522378446,14,4,2022,2025,0.838462522378446
I430S22C39J1V2,TECNICO EN ENFERMERIA,CFT INACAP,Other Healthcare,-0.829889130890278,876261.799506247,197,4,2022,2025,0.876261799506247
I143S13C34J1V1,TECNICO EN ENFERMERIA,IP AIEP,Other Healthcare,-0.827775401748022,838462.522378446,96,5,2021,2025,0.838462522378446
I143S21C83J1V1,TECNICO EN TRABAJO SOCIAL,IP AIEP,Other Healthcare,-0.827176877469407,835690.194763863,18,4,2022,2025,0.835690194763863
I143S17C252J1V1,TECNICO EN ENFERMERIA MENCION EN ONCOLOGIA,IP AIEP,Other Healthcare,-0.82688796304869,838462.522378446,14,2,2022,2023,0.838462522378446
I143S0C34J1V1,TECNICO EN ENFERMERIA,IP AIEP,Other Healthcare,-0.825722814145412,838462.522378446,164,4,2022,2025,0.838462522378446
I430S16C39J1V2,TECNICO EN ENFERMERIA,CFT INACAP,Other Healthcare,-0.825568407250158,876261.799506247,223,4,2022,2025,0.876261799506247
I260S12C47J1V1,TECNICO EN ENFERMERIA,CFT SANTO TOMAS,Other Healthcare,-0.825325213358794,820576.622613826,108,5,2021,2025,0.820576622613826
I367S2C137J1V1,TECNICO EN ENFERMERIA,CFT SAN AGUSTIN,Other Healthcare,-0.824441346303086,730130.546690136,105,5,2021,2025,0.730130546690136
I260S44C47J1V1,TECNICO EN ENFERMERIA,CFT SANTO TOMAS,Other Healthcare,-0.823777500225643,820576.622613826,26,4,2022,2025,0.820576622613826
I260S2C118J1V1,TECNICO EN ENFERMERIA GINECO-OBSTETRICA Y NEONATAL,CFT SANTO TOMAS,Other Healthcare,-0.823754435506085,820576.622613826,35,4,2022,2025,0.820576622613826
I430S9C170J1V2,TECNICO EN ODONTOLOGIA,CFT INACAP,Other Healthcare,-0.823226384162017,786152.128444776,43,4,2022,2025,0.786152128444776
I143S31C34J1V2,TECNICO EN ENFERMERIA,IP AIEP,Other Healthcare,-0.822312514261129,838462.522378446,70,4,2022,2025,0.838462522378446
I143S27C34J1V1,TECNICO EN ENFERMERIA,IP AIEP,Other Healthcare,-0.822138262329245,838462.522378446,72,5,2021,2025,0.838462522378446
I260S25C285J1V1,TECNICO EN VETERINARIA Y PRODUCCION PECUARIA,CFT SANTO TOMAS,Other Healthcare,-0.821084918151441,748721.502389669,47,4,2022,2025,0.748721502389669
I143S9C34J2V1,TECNICO EN ENFERMERIA,IP AIEP,Other Healthcare,-0.819612510220579,838462.522378446,11,3,2022,2024,0.838462522378446
I139S3C221J1V1,TECNICO EN TRABAJO SOCIAL,IP DR. VIRGINIO GOMEZ G.,Other Healthcare,-0.819571054411636,835690.194763863,39,4,2022,2025,0.835690194763863
I143S13C92J1V1,TECNICO EN ODONTOLOGIA,IP AIEP,Other Healthcare,-0.819499956546534,736882.25893538,18,3,2022,2025,0.73688225893538
I260S21C47J2V1,TECNICO EN ENFERMERIA,CFT SANTO TOMAS,Other Healthcare,-0.819201123507314,820576.622613826,22,4,2022,2025,0.820576622613826
I260S11C47J1V1,TECNICO EN ENFERMERIA,CFT SANTO TOMAS,Other Healthcare,-0.818617567457217,820576.622613826,101,4,2022,2025,0.820576622613826
I260S21C47J1V1,TECNICO EN ENFERMERIA,CFT SANTO TOMAS,Other Healthcare,-0.817934986398571,820576.622613826,264,4,2022,2025,0.820576622613826
I113S5C21J1V1,TECNICO EN ENFERMERIA DE NIVEL SUPERIOR,IP IPG,Other Healthcare,-0.816470920261368,838462.522378446,53,4,2022,2025,0.838462522378446
I260S5C285J1V1,TECNICO EN VETERINARIA Y PRODUCCION PECUARIA,CFT SANTO TOMAS,Other Healthcare,-0.815542616497153,748721.502389669,68,4,2022,2025,0.748721502389669
I111S2C85J2V1,TECNICO DE ENFERMERIA,IP DUOC UC,Other Healthcare,-0.814694229897282,838462.522378446,16,4,2022,2025,0.838462522378446
I111S28C85J1V1,TECNICO DE ENFERMERIA,IP DUOC UC,Other Healthcare,-0.814538708739481,838462.522378446,38,4,2022,2025,0.838462522378446
I260S11C29J1V1,LABORATORISTA DENTAL,CFT SANTO TOMAS,Other Healthcare,-0.81444632931744,800738.98017803,41,4,2022,2025,0.80073898017803
I111S12C85J1V1,TECNICO DE ENFERMERIA,IP DUOC UC,Other Healthcare,-0.814396858515969,838462.522378446,185,5,2021,2025,0.838462522378446
I260S38C276J1V1,TECNICO EN ODONTOLOGIA MENCION HIGIENISTA DENTAL,CFT SANTO TOMAS,Other Healthcare,-0.812661498008179,736193.291529291,55,5,2021,2025,0.736193291529291
I629S0C141J1V1,TECNICO DE NIVEL SUPERIOR EN ENFERMERIA,CFT PUCV,Other Healthcare,-0.812341224416864,842026.880952283,33,4,2022,2025,0.842026880952283
I143S5C92J1V1,TECNICO EN ODONTOLOGIA,IP AIEP,Other Healthcare,-0.812051496433161,736882.25893538,13,2,2022,2023,0.73688225893538
I629S3C151J1V1,TECNICO EN TRABAJO SOCIAL,CFT PUCV,Other Healthcare,-0.810717481882521,846457.826248929,12,3,2022,2024,0.846457826248929
I143S21C34J1V1,TECNICO EN ENFERMERIA,IP AIEP,Other Healthcare,-0.80953044011606,838462.522378446,156,5,2021,2025,0.838462522378446
I430S26C39J1V2,TECNICO EN ENFERMERIA,CFT INACAP,Other Healthcare,-0.808589291418489,876261.799506247,194,4,2022,2025,0.876261799506247
I430S12C39J1V2,TECNICO EN ENFERMERIA,CFT INACAP,Other Healthcare,-0.807656170333421,876261.799506247,200,4,2022,2025,0.876261799506247
I93S5C59J1V1,TECNICO UNIVERSITARIO EN ENFERMERIA,UNIVERSIDAD CATOLICA DE LA SANTISIMA CONCEPCION,Other Healthcare,-0.806179645332552,809174.296360436,151,4,2022,2025,0.809174296360436
I260S21C276J1V1,TECNICO EN ODONTOLOGIA MENCION HIGIENISTA DENTAL,CFT SANTO TOMAS,Other Healthcare,-0.806039585858942,736193.291529291,45,4,2022,2025,0.736193291529291
I143S21C53J1V1,TECNICO EN ENFERMERIA E INSTRUMENTACION QUIRURGICA,IP AIEP,Other Healthcare,-0.805917923010979,838462.522378446,26,4,2022,2025,0.838462522378446
I123S2C74J1V1,TECNICO EN ODONTOLOGIA,IP DE CHILE,Other Healthcare,-0.805167275212221,736882.25893538,28,4,2022,2025,0.73688225893538
I123S3C18J1V1,TRABAJO SOCIAL,IP DE CHILE,Other Healthcare,-0.804239224689929,1108969.97128962,25,4,2022,2025,1.10896997128962
I260S35C285J1V1,TECNICO EN VETERINARIA Y PRODUCCION PECUARIA,CFT SANTO TOMAS,Other Healthcare,-0.804220371151594,748721.502389669,102,4,2022,2025,0.748721502389669
I143S21C34J2V1,TECNICO EN ENFERMERIA,IP AIEP,Other Healthcare,-0.804195928711098,838462.522378446,16,4,2022,2025,0.838462522378446
I427S2C33J1V1,TECNICO DE NIVEL SUPERIOR EN ENFERMERIA,CFT LAPLACE,Other Healthcare,-0.803665475172822,808773.083600428,17,4,2022,2025,0.808773083600428
I123S5C23J1V1,KINESIOLOGIA,IP DE CHILE,Other Healthcare,-0.803394401287532,1385663.07679958,120,4,2022,2025,1.38566307679958
I260S42C276J1V1,TECNICO EN ODONTOLOGIA MENCION HIGIENISTA DENTAL,CFT SANTO TOMAS,Other Healthcare,-0.802988108435906,736193.291529291,55,4,2022,2025,0.736193291529291
I260S34C276J1V1,TECNICO EN ODONTOLOGIA MENCION HIGIENISTA DENTAL,CFT SANTO TOMAS,Other Healthcare,-0.802971466332386,736193.291529291,71,4,2022,2025,0.736193291529291
I123S1C25J1V1,NUTRICION Y DIETETICA,IP DE CHILE,Other Healthcare,-0.802828877407877,1147329.59327506,147,5,2021,2025,1.14732959327506
I111S2C110J1V1,TECNICO VETERINARIO Y PECUARIO,IP DUOC UC,Other Healthcare,-0.802796469084815,754668.260650733,223,5,2021,2025,0.754668260650733
I123S2C47J1V1,TECNICO EN ENFERMERIA,IP DE CHILE,Other Healthcare,-0.801710632356458,838462.522378446,84,4,2022,2025,0.838462522378446
I93S4C59J1V1,TECNICO UNIVERSITARIO EN ENFERMERIA,UNIVERSIDAD CATOLICA DE LA SANTISIMA CONCEPCION,Other Healthcare,-0.801629314476278,809174.296360436,163,4,2022,2025,0.809174296360436
I143S0C28J1V1,TRABAJO SOCIAL,IP AIEP,Other Healthcare,-0.801234296013976,1108969.97128962,20,4,2022,2025,1.10896997128962
I123S1C30J1V1,TERAPIA OCUPACIONAL,IP DE CHILE,Other Healthcare,-0.80115511044336,1240208.22234037,130,4,2022,2025,1.24020822234037
I111S12C110J1V1,TECNICO VETERINARIO Y PECUARIO,IP DUOC UC,Other Healthcare,-0.80097621081162,754668.260650733,122,4,2022,2025,0.754668260650733
I111S2C85J1V1,TECNICO DE ENFERMERIA,IP DUOC UC,Other Healthcare,-0.800272917406144,838462.522378446,367,4,2022,2025,0.838462522378446
I143S10C34J1V1,TECNICO EN ENFERMERIA,IP AIEP,Other Healthcare,-0.797269152336466,838462.522378446,39,4,2022,2025,0.838462522378446
I260S11C285J1V1,TECNICO EN VETERINARIA Y PRODUCCION PECUARIA,CFT SANTO TOMAS,Other Healthcare,-0.797134734721302,748721.502389669,100,5,2021,2025,0.748721502389669
I218S1C113J1V2,TECNICO EN PODOLOGIA CLINICA,CFT DE ENAC,Other Healthcare,-0.795748737017813,768134.673039975,34,4,2022,2025,0.768134673039975
I116S25C4J1V1,SERVICIO SOCIAL,IP SANTO TOMAS,Other Healthcare,-0.794992502806369,1108969.97128962,93,4,2022,2025,1.10896997128962
I139S3C28J1V1,TECNICO EN ENFERMERIA,IP DR. VIRGINIO GOMEZ G.,Other Healthcare,-0.794736357847437,838462.522378446,312,5,2021,2025,0.838462522378446
I19S5C229J1V1,FONOAUDIOLOGIA,UNIVERSIDAD DE LAS AMERICAS,Other Healthcare,-0.793943719602388,1019369.7703532,63,4,2022,2025,1.0193697703532
I218S1C36J1V2,TECNICO EN ODONTOLOGIA,CFT DE ENAC,Other Healthcare,-0.793811732554831,751562.69403878,72,4,2022,2025,0.75156269403878
I367S1C137J1V1,TECNICO EN ENFERMERIA,CFT SAN AGUSTIN,Other Healthcare,-0.793443383557803,730130.546690136,114,4,2022,2025,0.730130546690136
I116S8C4J2V1,SERVICIO SOCIAL,IP SANTO TOMAS,Other Healthcare,-0.791283487891785,1108969.97128962,11,3,2022,2024,1.10896997128962
I143S15C36J1V1,TECNICO EN ENFERMERIA MENCION GINECOBSTETRICIA,IP AIEP,Other Healthcare,-0.790891356134751,838462.522378446,81,2,2022,2023,0.838462522378446
I914S2C22J2V1,TECNICO EN ENFERMERIA,CFT DE LA REGION DEL MAULE,Other Healthcare,-0.790642729090198,838462.522378446,23,5,2021,2025,0.838462522378446
I19S4C325J3V1,TECNICO DE NIVEL SUPERIOR VETERINARIO,UNIVERSIDAD DE LAS AMERICAS,Other Healthcare,-0.790225337127989,787133.106613567,88,4,2022,2025,0.787133106613567
I116S32C4J1V1,SERVICIO SOCIAL,IP SANTO TOMAS,Other Healthcare,-0.789374070335784,1108969.97128962,73,5,2021,2025,1.10896997128962
I19S3C154J1V1,TECNICO DE NIVEL SUPERIOR EN ENFERMERIA,UNIVERSIDAD DE LAS AMERICAS,Other Healthcare,-0.789087359391776,862674.604790945,29,3,2022,2024,0.862674604790945
I143S15C70J1V1,TECNICO EN ENFERMERIA MENCION EN PEDIATRIA,IP AIEP,Other Healthcare,-0.788293906904402,838462.522378446,22,2,2022,2023,0.838462522378446
I143S9C92J1V1,TECNICO EN ODONTOLOGIA,IP AIEP,Other Healthcare,-0.786189159503225,736882.25893538,47,4,2022,2025,0.73688225893538
I19S5C325J3V1,TECNICO DE NIVEL SUPERIOR VETERINARIO,UNIVERSIDAD DE LAS AMERICAS,Other Healthcare,-0.785842564930304,787133.106613567,25,3,2023,2025,0.787133106613567
I123S3C47J1V1,TECNICO EN ENFERMERIA,IP DE CHILE,Other Healthcare,-0.785732922802668,838462.522378446,41,4,2022,2025,0.838462522378446
I111S20C110J2V1,TECNICO VETERINARIO Y PECUARIO,IP DUOC UC,Other Healthcare,-0.785452486003471,754668.260650733,21,4,2022,2025,0.754668260650733
I260S47C118J1V1,TECNICO EN ENFERMERIA GINECO-OBSTETRICA Y NEONATAL,CFT SANTO TOMAS,Other Healthcare,-0.785379542865227,820576.622613826,182,5,2021,2025,0.820576622613826
I260S8C47J1V1,TECNICO EN ENFERMERIA,CFT SANTO TOMAS,Other Healthcare,-0.785318328555509,820576.622613826,122,4,2022,2025,0.820576622613826
I139S1C221J1V1,TECNICO EN TRABAJO SOCIAL,IP DR. VIRGINIO GOMEZ G.,Other Healthcare,-0.78524867702829,835690.194763863,27,4,2022,2025,0.835690194763863
I143S26C92J1V1,TECNICO EN ODONTOLOGIA,IP AIEP,Other Healthcare,-0.785146401728686,736882.25893538,18,3,2022,2025,0.73688225893538
I143S26C36J1V1,TECNICO EN ENFERMERIA MENCION EN GINECOBSTETRICIA,IP AIEP,Other Healthcare,-0.785071695993901,838462.522378446,68,3,2021,2023,0.838462522378446
I116S30C4J1V1,SERVICIO SOCIAL,IP SANTO TOMAS,Other Healthcare,-0.784945926277408,1108969.97128962,46,4,2022,2025,1.10896997128962
I430S15C39J1V2,TECNICO EN ENFERMERIA,CFT INACAP,Other Healthcare,-0.784789207421919,876261.799506247,383,4,2022,2025,0.876261799506247
I430S27C144J1V1,TECNICO EN FARMACIA,CFT INACAP,Other Healthcare,-0.784422279559785,1053764.47658365,23,4,2022,2025,1.05376447658365
I260S34C47J1V1,TECNICO EN ENFERMERIA,CFT SANTO TOMAS,Other Healthcare,-0.784047763333729,820576.622613826,123,4,2022,2025,0.820576622613826
I73S2C371J1V1,"TECNICO NIVEL SUPERIOR EN ODONTOLOGIA, CON MENCION",UNIVERSIDAD DE ANTOFAGASTA,Other Healthcare,-0.781777001107661,897688.203733607,19,3,2022,2024,0.897688203733607
I143S32C34J1V2,TECNICO EN ENFERMERIA,IP AIEP,Other Healthcare,-0.781659801764884,838462.522378446,51,4,2022,2025,0.838462522378446
I430S21C39J1V2,TECNICO EN ENFERMERIA,CFT INACAP,Other Healthcare,-0.781041125940328,876261.799506247,40,4,2022,2025,0.876261799506247
I13S6C14J1V3,TRABAJO SOCIAL,UNIVERSIDAD SANTO TOMAS,Other Healthcare,-0.781020532300489,1068078.66383881,29,4,2022,2025,1.06807866383881
I260S8C276J1V1,TECNICO EN ODONTOLOGIA MENCION HIGIENISTA DENTAL,CFT SANTO TOMAS,Other Healthcare,-0.779705794879141,736193.291529291,47,4,2022,2025,0.736193291529291
I143S20C28J1V1,TRABAJO SOCIAL,IP AIEP,Other Healthcare,-0.779608954623826,1108969.97128962,36,4,2022,2025,1.10896997128962
I19S4C148J3V1,NUTRICION Y DIETETICA,UNIVERSIDAD DE LAS AMERICAS,Other Healthcare,-0.779210597266654,1096608.09015775,19,4,2022,2025,1.09660809015775
I260S47C47J1V1,TECNICO EN ENFERMERIA,CFT SANTO TOMAS,Other Healthcare,-0.779016838117491,820576.622613826,275,4,2022,2025,0.820576622613826
I260S41C285J1V1,TECNICO EN VETERINARIA Y PRODUCCION PECUARIA,CFT SANTO TOMAS,Other Healthcare,-0.778681028765778,748721.502389669,91,5,2021,2025,0.748721502389669
I143S2C34J2V1,TECNICO EN ENFERMERIA,IP AIEP,Other Healthcare,-0.77866192744784,838462.522378446,19,4,2022,2025,0.838462522378446
I13S1C14J1V3,TRABAJO SOCIAL,UNIVERSIDAD SANTO TOMAS,Other Healthcare,-0.778640256116239,1068078.66383881,22,2,2024,2025,1.06807866383881
I143S12C53J1V1,TECNICO EN ENFERMERIA E INSTRUMENTACION QUIRURGICA,IP AIEP,Other Healthcare,-0.778340498230187,838462.522378446,18,3,2022,2024,0.838462522378446
I19S2C154J1V1,TECNICO DE NIVEL SUPERIOR EN ENFERMERIA,UNIVERSIDAD DE LAS AMERICAS,Other Healthcare,-0.778317986852978,862674.604790945,20,3,2022,2024,0.862674604790945
I456S3C13J1V1,ENFERMERIA Y TELEMEDICINA,CFT CEDUC - UCN,Other Healthcare,-0.778135593364702,905471.787466269,43,4,2022,2025,0.905471787466269
I260S25C276J1V1,TECNICO EN ODONTOLOGIA MENCION HIGIENISTA DENTAL,CFT SANTO TOMAS,Other Healthcare,-0.777972077706533,736193.291529291,41,4,2022,2025,0.736193291529291
I143S8C34J1V3,TECNICO EN ENFERMERIA,IP AIEP,Other Healthcare,-0.776971467811173,838462.522378446,75,4,2022,2025,0.838462522378446
I430S39C39J1V2,TECNICO EN ENFERMERIA,CFT INACAP,Other Healthcare,-0.776710488112173,876261.799506247,145,4,2022,2025,0.876261799506247
I111S20C85J1V1,TECNICO DE ENFERMERIA,IP DUOC UC,Other Healthcare,-0.776504320808241,838462.522378446,166,5,2021,2025,0.838462522378446
I143S20C730J1V1,TECNICO EN FARMACIA,IP AIEP,Other Healthcare,-0.775426471888392,1004965.78000293,16,4,2022,2025,1.00496578000293
I116S10C4J1V1,SERVICIO SOCIAL,IP SANTO TOMAS,Other Healthcare,-0.775235130444539,1108969.97128962,70,4,2022,2025,1.10896997128962
I914S1C22J1V1,TECNICO EN ENFERMERIA,CFT DE LA REGION DEL MAULE,Other Healthcare,-0.775044697769891,838462.522378446,37,4,2022,2025,0.838462522378446
I910S7C13J1V1,TECNICO DE NIVEL SUPERIOR EN ENFERMERIA,CFT DE LA REGION DE COQUIMBO,Other Healthcare,-0.774240792109451,838462.522378446,20,4,2022,2025,0.838462522378446
I629S4C141J1V1,TECNICO DE NIVEL SUPERIOR EN ENFERMERIA,CFT PUCV,Other Healthcare,-0.773874415669019,842026.880952283,93,5,2021,2025,0.842026880952283
I218S1C12J1V2,TECNICO EN IMAGENOLOGIA Y RADIOTERAPIA,CFT DE ENAC,Other Healthcare,-0.773749810345533,857362.822570615,47,4,2022,2025,0.857362822570615
I260S35C115J1V1,TECNICO EN LABORATORIO CLINICO BANCO DE SANGRE E IMAGENOLOGIA,CFT SANTO TOMAS,Other Healthcare,-0.771824420815409,819756.894407074,38,4,2022,2025,0.819756894407074
I139S1C28J1V1,TECNICO EN ENFERMERIA,IP DR. VIRGINIO GOMEZ G.,Other Healthcare,-0.770648754130224,838462.522378446,230,5,2021,2025,0.838462522378446
I123S1C24J1V1,FONOAUDIOLOGIA,IP DE CHILE,Other Healthcare,-0.770539882767409,1067100.80209489,152,4,2022,2025,1.06710080209489
I430S37C39J1V2,TECNICO EN ENFERMERIA,CFT INACAP,Other Healthcare,-0.770012004600121,876261.799506247,32,5,2021,2025,0.876261799506247
I260S35C276J1V1,TECNICO EN ODONTOLOGIA MENCION HIGIENISTA DENTAL,CFT SANTO TOMAS,Other Healthcare,-0.769891938674125,736193.291529291,47,4,2022,2025,0.736193291529291
I152S12C22J1V3,TECNICO EN ENFERMERIA,IP LATINOAMERICANO DE COMERCIO EXTERIOR - IPLACEX,Other Healthcare,-0.769851127729406,838462.522378446,12,2,2022,2023,0.838462522378446
I260S21C285J1V1,TECNICO EN VETERINARIA Y PRODUCCION PECUARIA,CFT SANTO TOMAS,Other Healthcare,-0.769084534647613,748721.502389669,135,4,2022,2025,0.748721502389669
I260S22C47J1V1,TECNICO EN ENFERMERIA,CFT SANTO TOMAS,Other Healthcare,-0.768628895304503,820576.622613826,186,5,2021,2025,0.820576622613826
I260S21C29J1V1,LABORATORISTA DENTAL,CFT SANTO TOMAS,Other Healthcare,-0.768164977582873,800738.98017803,29,4,2022,2025,0.80073898017803
I143S15C98J1V1,LABORATORISTA CLINICO Y BANCO DE SANGRE,IP AIEP,Other Healthcare,-0.76727726328915,820341.205619669,11,4,2022,2025,0.820341205619669
I111S25C107J1V1,TECNICO EN ODONTOLOGIA,IP DUOC UC,Other Healthcare,-0.766400887223182,736882.25893538,62,4,2022,2025,0.73688225893538
I260S42C47J1V1,TECNICO EN ENFERMERIA,CFT SANTO TOMAS,Other Healthcare,-0.765948211451598,820576.622613826,109,5,2021,2025,0.820576622613826
I143S22C34J1V1,TECNICO EN ENFERMERIA,IP AIEP,Other Healthcare,-0.76401497493666,838462.522378446,73,4,2022,2025,0.838462522378446
I430S28C144J1V1,TECNICO EN FARMACIA,CFT INACAP,Other Healthcare,-0.762029976649561,1053764.47658365,84,4,2022,2025,1.05376447658365
I111S20C107J1V1,TECNICO EN ODONTOLOGIA,IP DUOC UC,Other Healthcare,-0.761424425507934,736882.25893538,108,4,2022,2025,0.73688225893538
I111S15C85J1V1,TECNICO DE ENFERMERIA,IP DUOC UC,Other Healthcare,-0.760541132208277,838462.522378446,233,5,2021,2025,0.838462522378446
I111S15C110J1V1,TECNICO VETERINARIO Y PECUARIO,IP DUOC UC,Other Healthcare,-0.760299343284609,754668.260650733,81,5,2021,2025,0.754668260650733
I260S11C316J1V1,TECNICO EN ENFERMERIA MENCION TERAPIAS COMPLEMENTARIAS,CFT SANTO TOMAS,Other Healthcare,-0.758853507151211,820576.622613826,34,4,2022,2025,0.820576622613826
I111S25C85J1V1,TECNICO DE ENFERMERIA,IP DUOC UC,Other Healthcare,-0.758161005282963,838462.522378446,84,5,2021,2025,0.838462522378446
I123S2C94J1V3,TECNICO EN ENFERMERIA MENCION INSTRUMENTACION QUIRURGICA,IP DE CHILE,Other Healthcare,-0.758105990017759,838462.522378446,116,4,2022,2025,0.838462522378446
I917S3C18J1V1,TECNICO DE NIVEL SUPERIOR EN ENFERMERIA,CFT DE LA REGION DE LOS RIOS,Other Healthcare,-0.757997268042398,838462.522378446,15,4,2022,2025,0.838462522378446
I367S1C181J1V1,TECNICO EN TRABAJO SOCIAL,CFT SAN AGUSTIN,Other Healthcare,-0.757661577277238,733972.666918097,25,4,2022,2025,0.733972666918097
I430S25C39J1V2,TECNICO EN ENFERMERIA,CFT INACAP,Other Healthcare,-0.75717047579359,876261.799506247,106,4,2022,2025,0.876261799506247
I143S23C34J1V1,TECNICO EN ENFERMERIA,IP AIEP,Other Healthcare,-0.756407754798294,838462.522378446,99,4,2022,2025,0.838462522378446
I13S2C14J1V1,TRABAJO SOCIAL,UNIVERSIDAD SANTO TOMAS,Other Healthcare,-0.753993588058954,1068078.66383881,18,3,2022,2024,1.06807866383881
I260S47C276J1V1,TECNICO EN ODONTOLOGIA MENCION HIGIENISTA DENTAL,CFT SANTO TOMAS,Other Healthcare,-0.753791264638699,736193.291529291,45,4,2022,2025,0.736193291529291
I152S9C22J1V3,TECNICO EN ENFERMERIA,IP LATINOAMERICANO DE COMERCIO EXTERIOR - IPLACEX,Other Healthcare,-0.753150187609302,838462.522378446,16,2,2022,2023,0.838462522378446
I139S2C221J1V1,TECNICO EN TRABAJO SOCIAL,IP DR. VIRGINIO GOMEZ G.,Other Healthcare,-0.75293571261988,835690.194763863,27,4,2022,2025,0.835690194763863
I139S3C27J1V1,TECNICO LABORATORISTA DENTAL,IP DR. VIRGINIO GOMEZ G.,Other Healthcare,-0.752261203221121,803405.714101805,48,4,2022,2025,0.803405714101805
I111S16C85J1V1,TECNICO DE ENFERMERIA,IP DUOC UC,Other Healthcare,-0.752014713060805,838462.522378446,263,4,2022,2025,0.838462522378446
I111S2C86J1V1,TECNICO DE LABORATORIO CLINICO Y BANCO DE SANGRE,IP DUOC UC,Other Healthcare,-0.751677832246514,820341.205619669,63,4,2022,2025,0.820341205619669
I19S1C325J3V1,TECNICO DE NIVEL SUPERIOR VETERINARIO,UNIVERSIDAD DE LAS AMERICAS,Other Healthcare,-0.751560730670539,787133.106613567,81,4,2022,2025,0.787133106613567
I629S5C141J1V1,TECNICO EN ENFERMERIA,CFT PUCV,Other Healthcare,-0.750220655624184,842026.880952283,16,3,2022,2024,0.842026880952283
I260S12C29J1V1,LABORATORISTA DENTAL,CFT SANTO TOMAS,Other Healthcare,-0.749805840740582,800738.98017803,40,4,2022,2025,0.80073898017803
I260S11C119J1V1,TECNICO EN PODOLOGIA CLINICA,CFT SANTO TOMAS,Other Healthcare,-0.749547734514835,752426.374763483,14,4,2022,2025,0.752426374763483
I19S9C325J3V1,TECNICO DE NIVEL SUPERIOR VETERINARIO,UNIVERSIDAD DE LAS AMERICAS,Other Healthcare,-0.748624409688947,787133.106613567,38,4,2022,2025,0.787133106613567
I152S10C370J2V1,TECNICO EN ALIMENTACION Y NUTRICION,IP LATINOAMERICANO DE COMERCIO EXTERIOR - IPLACEX,Other Healthcare,-0.74803501897786,1443832.59911894,11,4,2022,2025,1.44383259911894
I139S2C28J1V1,TECNICO EN ENFERMERIA,IP DR. VIRGINIO GOMEZ G.,Other Healthcare,-0.747584604903912,838462.522378446,203,5,2021,2025,0.838462522378446
I902S1C21J1V1,TECNICO DE NIVEL SUPERIOR EN LABORATORIO CLINICO BANCO DE SANGRE E IMAGENOLOGIA,CFT DE LA REGION DE ARICA Y PARINACOTA,Other Healthcare,-0.746955545991016,820341.205619669,36,4,2022,2025,0.820341205619669
I143S0C53J1V1,TECNICO EN ENFERMERIA E INSTRUMENTACION QUIRURGICA,IP AIEP,Other Healthcare,-0.746395726320989,838462.522378446,49,4,2022,2025,0.838462522378446
I143S28C28J4V1,TRABAJO SOCIAL,IP AIEP,Other Healthcare,-0.746009349720917,1108969.97128962,34,5,2021,2025,1.10896997128962
I143S9C34J1V1,TECNICO EN ENFERMERIA,IP AIEP,Other Healthcare,-0.745748186489852,838462.522378446,140,5,2021,2025,0.838462522378446
I909S1C9J1V1,TECNICO DE NIVEL SUPERIOR EN ENFERMERIA,CFT DE LA REGION DE ATACAMA,Other Healthcare,-0.745520118230671,838462.522378446,19,4,2022,2025,0.838462522378446
I143S5C34J1V1,TECNICO EN ENFERMERIA,IP AIEP,Other Healthcare,-0.74535680010998,838462.522378446,74,4,2022,2025,0.838462522378446
I430S39C144J1V1,TECNICO EN FARMACIA,CFT INACAP,Other Healthcare,-0.744445269717359,1053764.47658365,15,4,2022,2025,1.05376447658365
I123S3C194J1V1,TECNICO EN ALIMENTACION Y NUTRICION,IP DE CHILE,Other Healthcare,-0.743893532650112,1443832.59911894,22,4,2022,2025,1.44383259911894
I430S24C39J1V2,TECNICO EN ENFERMERIA,CFT INACAP,Other Healthcare,-0.742095644631168,876261.799506247,55,5,2021,2025,0.876261799506247
I19S1C229J1V1,FONOAUDIOLOGIA,UNIVERSIDAD DE LAS AMERICAS,Other Healthcare,-0.741644546126118,1019369.7703532,97,4,2022,2025,1.0193697703532
I896S1C6J1V1,TRABAJO SOCIAL,UNIVERSIDAD DE AYSEN,Other Healthcare,-0.740961678881032,1108969.97128962,53,4,2022,2025,1.10896997128962
I143S31C28J1V1,TRABAJO SOCIAL,IP AIEP,Other Healthcare,-0.740514060579907,1108969.97128962,21,4,2022,2025,1.10896997128962
I143S6C34J1V1,TECNICO EN ENFERMERIA,IP AIEP,Other Healthcare,-0.739139623693467,838462.522378446,122,5,2021,2025,0.838462522378446
I9S2C74J1V1,NUTRICION Y DIETETICA,UNIVERSIDAD DEL ALBA,Other Healthcare,-0.738544923359946,1106904.84677386,66,5,2021,2025,1.10690484677386
I913S1C5J1V1,TECNICO DE NIVEL SUPERIOR EN ENFERMERIA,CFT DE LA REGION DEL LIBERTADOR GENERAL BERNARDO O'HIGGINS,Other Healthcare,-0.738413955009044,838462.522378446,40,4,2022,2025,0.838462522378446
I143S2C53J1V1,TECNICO EN ENFERMERIA E INSTRUMENTACION QUIRURGICA,IP AIEP,Other Healthcare,-0.738089949173845,838462.522378446,33,4,2022,2025,0.838462522378446
I143S15C53J1V1,TECNICO EN ENFERMERIA E INSTRUMENTACION QUIRURGICA,IP AIEP,Other Healthcare,-0.73799009539399,838462.522378446,46,4,2022,2025,0.838462522378446
I260S47C316J1V1,TECNICO EN ENFERMERIA MENCION TERAPIAS COMPLEMENTARIAS,CFT SANTO TOMAS,Other Healthcare,-0.736429553195812,820576.622613826,40,4,2022,2025,0.820576622613826
I143S26C98J1V1,LABORATORISTA CLINICO Y BANCO DE SANGRE,IP AIEP,Other Healthcare,-0.734549150338119,820341.205619669,17,3,2021,2023,0.820341205619669
I143S29C34J1V2,TECNICO EN ENFERMERIA,IP AIEP,Other Healthcare,-0.734436758555366,838462.522378446,102,4,2022,2025,0.838462522378446
I111S2C110J2V1,TECNICO VETERINARIO Y PECUARIO,IP DUOC UC,Other Healthcare,-0.734299551536294,754668.260650733,17,4,2022,2025,0.754668260650733
I111S15C107J1V1,TECNICO EN ODONTOLOGIA,IP DUOC UC,Other Healthcare,-0.731392665472578,736882.25893538,221,4,2022,2025,0.73688225893538
I143S20C34J1V2,TECNICO EN ENFERMERIA,IP AIEP,Other Healthcare,-0.731078221103427,838462.522378446,211,4,2022,2025,0.838462522378446
I143S9C373J1V1,TECNICO EN ENFERMERIA MENCION ANESTESIOLOGIA,IP AIEP,Other Healthcare,-0.72855180221876,838462.522378446,24,4,2022,2025,0.838462522378446
I260S47C119J1V1,TECNICO EN PODOLOGIA CLINICA,CFT SANTO TOMAS,Other Healthcare,-0.728285955964843,752426.374763483,15,4,2022,2025,0.752426374763483
I260S5C47J1V1,TECNICO EN ENFERMERIA,CFT SANTO TOMAS,Other Healthcare,-0.727452767191242,820576.622613826,96,4,2022,2025,0.820576622613826
I123S2C23J1V1,KINESIOLOGIA,IP DE CHILE,Other Healthcare,-0.723973426353342,1385663.07679958,175,4,2022,2025,1.38566307679958
I908S1C11J1V1,TECNICO DE NIVEL SUPERIOR EN ENFERMERIA,CFT DE LA REGION DE ANTOFAGASTA,Other Healthcare,-0.723744703459296,838462.522378446,10,4,2022,2025,0.838462522378446
I139S3C219J1V1,TECNICO EN ODONTOLOGIA E HIGIENISTA DENTAL,IP DR. VIRGINIO GOMEZ G.,Other Healthcare,-0.723613903883715,736882.25893538,83,5,2021,2025,0.73688225893538
I143S9C28J1V1,TRABAJO SOCIAL,IP AIEP,Other Healthcare,-0.722671950757223,1108969.97128962,43,5,2021,2025,1.10896997128962
I260S38C29J1V1,LABORATORISTA DENTAL,CFT SANTO TOMAS,Other Healthcare,-0.722574242582517,800738.98017803,37,4,2022,2025,0.80073898017803
I111S20C86J1V1,TECNICO DE LABORATORIO CLINICO Y BANCO DE SANGRE,IP DUOC UC,Other Healthcare,-0.720392714990363,820341.205619669,36,4,2022,2025,0.820341205619669
I77S1C167J2V1,TECNICO DE NIVEL SUPERIOR EN ENFERMERIA,UNIVERSIDAD DE MAGALLANES,Other Healthcare,-0.719846094706018,923359.075542261,39,4,2022,2025,0.923359075542261
I123S3C30J1V1,TERAPIA OCUPACIONAL,IP DE CHILE,Other Healthcare,-0.719388930948019,1240208.22234037,81,4,2022,2025,1.24020822234037
I260S11C295J1V1,TECNICO EN FARMACIA,CFT SANTO TOMAS,Other Healthcare,-0.718430461434318,986799.259893185,35,4,2022,2025,0.986799259893185
I19S5C148J1V1,NUTRICION Y DIETETICA,UNIVERSIDAD DE LAS AMERICAS,Other Healthcare,-0.717243683001205,1096608.09015775,87,4,2022,2025,1.09660809015775
I111S2C107J1V1,TECNICO EN ODONTOLOGIA,IP DUOC UC,Other Healthcare,-0.716829965562026,736882.25893538,161,4,2022,2025,0.73688225893538
I260S25C47J1V1,TECNICO EN ENFERMERIA,CFT SANTO TOMAS,Other Healthcare,-0.715829633858543,820576.622613826,193,4,2022,2025,0.820576622613826
I123S1C47J1V1,TECNICO EN ENFERMERIA,IP DE CHILE,Other Healthcare,-0.715623076798049,838462.522378446,117,5,2021,2025,0.838462522378446
I456S6C13J1V1,ENFERMERIA Y TELEMEDICINA,CFT CEDUC - UCN,Other Healthcare,-0.715114394775106,905471.787466269,18,3,2023,2025,0.905471787466269
I633S2C41J1V1,TECNICO DE NIVEL SUPERIOR EN ENFERMERIA,CFT TEODORO WICKEL KLUWEN,Other Healthcare,-0.713075329082753,752426.374763489,10,1,2022,2022,0.752426374763489
I123S1C23J1V1,KINESIOLOGIA,IP DE CHILE,Other Healthcare,-0.712401631767215,1385663.07679958,121,4,2022,2025,1.38566307679958
I143S26C70J1V1,TECNICO EN ENFERMERIA MENCION EN PEDIATRIA,IP AIEP,Other Healthcare,-0.711794118866613,838462.522378446,11,2,2022,2023,0.838462522378446
I629S2C151J1V1,TECNICO EN TRABAJO SOCIAL,CFT PUCV,Other Healthcare,-0.711531036743182,846457.826248929,12,4,2022,2025,0.846457826248929
I143S20C62J1V1,PODOLOGIA CLINICA,IP AIEP,Other Healthcare,-0.71146166592813,754668.260650734,12,4,2022,2025,0.754668260650734
I633S0C41J1V2,TECNICO DE NIVEL SUPERIOR EN ENFERMERIA,CFT TEODORO WICKEL KLUWEN,Other Healthcare,-0.711374859364372,752426.374763489,38,3,2022,2024,0.752426374763489
I260S34C295J1V1,TECNICO EN FARMACIA,CFT SANTO TOMAS,Other Healthcare,-0.711249875323962,986799.259893185,44,4,2022,2025,0.986799259893185
I113S6C21J1V1,TECNICO EN ENFERMERIA DE NIVEL SUPERIOR,IP IPG,Other Healthcare,-0.711146405512416,838462.522378446,11,2,2022,2023,0.838462522378446
I11S2C231J1V1,TERAPIA OCUPACIONAL,UNIVERSIDAD ACADEMIA DE HUMANISMO CRISTIANO,Other Healthcare,-0.710303367240969,1263784.64230784,17,2,2024,2025,1.26378464230784
I916S2C15J2V1,TECNICO DE NIVEL SUPERIOR EN ENFERMERIA,CFT DE LA REGION DE LA ARAUCANIA,Other Healthcare,-0.709988728222287,838462.522378446,15,4,2022,2025,0.838462522378446
I456S3C56J1V1,INTERVENCION Y REHABILITACION PSICOSOCIAL,CFT CEDUC - UCN,Other Healthcare,-0.709567139534256,1325855.92928801,24,3,2022,2024,1.32585592928801
I143S30C34J1V1,TECNICO EN ENFERMERIA,IP AIEP,Other Healthcare,-0.709299908409595,838462.522378446,70,4,2022,2025,0.838462522378446
I143S8C83J1V1,TECNICO EN TRABAJO SOCIAL,IP AIEP,Other Healthcare,-0.709032435470475,835690.194763863,22,4,2022,2025,0.835690194763863
I456S1C13J1V1,ENFERMERIA Y TELEMEDICINA,CFT CEDUC - UCN,Other Healthcare,-0.707168415542137,905471.787466269,50,4,2022,2025,0.905471787466269
I143S26C99J1V1,LABORATORISTA DENTAL,IP AIEP,Other Healthcare,-0.706074154675536,803405.714101805,26,4,2022,2025,0.803405714101805
I430S37C170J1V2,TECNICO EN ODONTOLOGIA,CFT INACAP,Other Healthcare,-0.705866943929082,786152.128444776,58,4,2022,2025,0.786152128444776
I367S1C180J1V1,TECNICO EN ODONTOLOGIA,CFT SAN AGUSTIN,Other Healthcare,-0.703885154815585,655048.164425778,55,4,2022,2025,0.655048164425778
I111S15C86J1V1,TECNICO DE LABORATORIO CLINICO Y BANCO DE SANGRE,IP DUOC UC,Other Healthcare,-0.702665873107442,820341.205619669,48,4,2022,2025,0.820341205619669
I367S4C137J1V1,TECNICO EN ENFERMERIA,CFT SAN AGUSTIN,Other Healthcare,-0.702314951244993,730130.546690136,93,4,2022,2025,0.730130546690136
I430S22C144J1V1,TECNICO EN FARMACIA,CFT INACAP,Other Healthcare,-0.702201450715841,1053764.47658365,51,4,2022,2025,1.05376447658365
I260S21C115J1V1,TECNICO EN LABORATORIO CLINICO BANCO DE SANGRE E IMAGENOLOGIA,CFT SANTO TOMAS,Other Healthcare,-0.701708056241128,819756.894407074,44,4,2022,2025,0.819756894407074
I902S1C12J2V1,TECNICO DE NIVEL SUPERIOR EN ENFERMERIA CON MENCION EN GERONTOLOGIA,CFT DE LA REGION DE ARICA Y PARINACOTA,Other Healthcare,-0.700625655039916,838462.522378446,23,4,2022,2025,0.838462522378446
I143S17C34J1V1,TECNICO EN ENFERMERIA,IP AIEP,Other Healthcare,-0.700154374456837,838462.522378446,213,4,2022,2025,0.838462522378446
I260S35C119J1V1,TECNICO EN PODOLOGIA CLINICA,CFT SANTO TOMAS,Other Healthcare,-0.699312898908731,752426.374763483,11,4,2022,2025,0.752426374763483
I79S1C54J1V1,TRABAJO SOCIAL,UNIVERSIDAD DE ATACAMA,Other Healthcare,-0.699253889848586,1248307.24560431,142,4,2022,2025,1.24830724560431
I456S4C13J1V1,ENFERMERIA Y TELEMEDICINA,CFT CEDUC - UCN,Other Healthcare,-0.699131599915449,905471.787466269,13,5,2021,2025,0.905471787466269
I218S1C11J1V2,TECNICO EN LABORATORIO CLINICO Y BANCO DE SANGRE,CFT DE ENAC,Other Healthcare,-0.698754782806862,836870.842353946,45,4,2022,2025,0.836870842353946
I430S37C144J1V2,TECNICO EN FARMACIA,CFT INACAP,Other Healthcare,-0.697251372117108,1053764.47658365,21,4,2022,2025,1.05376447658365
I9S8C74J1V1,NUTRICION Y DIETETICA,UNIVERSIDAD DEL ALBA,Other Healthcare,-0.696850211156147,1106904.84677386,15,3,2022,2024,1.10690484677386
I143S24C34J1V1,TECNICO EN ENFERMERIA,IP AIEP,Other Healthcare,-0.696737439785407,838462.522378446,33,4,2022,2025,0.838462522378446
I143S9C53J1V1,TECNICO EN ENFERMERIA E INSTRUMENTACION QUIRURGICA,IP AIEP,Other Healthcare,-0.696424651179327,838462.522378446,31,4,2022,2025,0.838462522378446
I11S1C231J1V1,TERAPIA OCUPACIONAL,UNIVERSIDAD ACADEMIA DE HUMANISMO CRISTIANO,Other Healthcare,-0.695981960173511,1263784.64230784,38,3,2022,2024,1.26378464230784
I46S19C342J2V1,TERAPIA OCUPACIONAL,UNIVERSIDAD DE ACONCAGUA,Other Healthcare,-0.694960564015148,1236268.25629065,13,4,2021,2025,1.23626825629065
I9S8C32J1V1,KINESIOLOGIA,UNIVERSIDAD DEL ALBA,Other Healthcare,-0.694434038851026,1338642.53806102,64,5,2021,2025,1.33864253806102
I19S2C154J3V1,TECNICO DE NIVEL SUPERIOR EN ENFERMERIA,UNIVERSIDAD DE LAS AMERICAS,Other Healthcare,-0.692958480783448,862674.604790945,13,2,2023,2025,0.862674604790945
I143S26C28J1V1,TRABAJO SOCIAL,IP AIEP,Other Healthcare,-0.692957112173565,1108969.97128962,11,4,2022,2025,1.10896997128962
I111S16C86J1V1,TECNICO DE LABORATORIO CLINICO Y BANCO DE SANGRE,IP DUOC UC,Other Healthcare,-0.690953674278466,820341.205619669,54,4,2022,2025,0.820341205619669
I143S21C92J1V1,TECNICO EN ODONTOLOGIA,IP AIEP,Other Healthcare,-0.690694471716912,736882.25893538,35,4,2022,2025,0.73688225893538
I116S8C4J1V1,SERVICIO SOCIAL,IP SANTO TOMAS,Other Healthcare,-0.690457151444704,1108969.97128962,67,4,2022,2025,1.10896997128962
I116S31C17J1V1,TECNICO EN TRABAJO SOCIAL,IP SANTO TOMAS,Other Healthcare,-0.689362511554285,835690.194763863,29,4,2022,2025,0.835690194763863
I46S19C128J1V1,KINESIOLOGIA,UNIVERSIDAD DE ACONCAGUA,Other Healthcare,-0.687837478534343,1370362.27805221,50,4,2022,2025,1.37036227805221
I19S6C229J1V1,FONOAUDIOLOGIA,UNIVERSIDAD DE LAS AMERICAS,Other Healthcare,-0.686077273909164,1019369.7703532,66,4,2022,2025,1.0193697703532
I17S1C60J1V1,KINESIOLOGIA,UNIVERSIDAD SEK,Other Healthcare,-0.685919174936732,1493420.87595324,36,4,2022,2025,1.49342087595324
I19S4C104J1V1,TRABAJO SOCIAL,UNIVERSIDAD DE LAS AMERICAS,Other Healthcare,-0.685349750406158,1082008.71285993,75,4,2022,2025,1.08200871285993
I143S15C34J1V1,TECNICO EN ENFERMERIA,IP AIEP,Other Healthcare,-0.682851164237706,838462.522378446,78,4,2022,2025,0.838462522378446
I93S3C59J1V1,TECNICO UNIVERSITARIO EN ENFERMERIA,UNIVERSIDAD CATOLICA DE LA SANTISIMA CONCEPCION,Other Healthcare,-0.681235816556331,809174.296360436,126,4,2022,2025,0.809174296360436
I260S25C29J1V1,LABORATORISTA DENTAL,CFT SANTO TOMAS,Other Healthcare,-0.680756629102314,800738.98017803,30,4,2022,2025,0.80073898017803
I22S1C282J1V1,TERAPIA OCUPACIONAL,UNIVERSIDAD DE VIÑA DEL MAR,Other Healthcare,-0.68065298897847,1137208.2173433,45,4,2022,2025,1.1372082173433
I132S2C169J1V1,TECNICO EN ENFERMERIA,IP ESUCOMEX,Other Healthcare,-0.678400830503256,838462.522378446,12,1,2022,2022,0.838462522378446
I430S16C144J1V1,TECNICO EN FARMACIA,CFT INACAP,Other Healthcare,-0.677957979447276,1053764.47658365,12,3,2023,2025,1.05376447658365
I143S6C53J1V1,TECNICO EN ENFERMERIA E INSTRUMENTACION QUIRURGICA,IP AIEP,Other Healthcare,-0.675927236631756,838462.522378446,35,4,2022,2025,0.838462522378446
I430S15C133J1V2,"LABORATORISTA CLINICO, BANCO DE SANGRE E IMAGENOLOGIA",CFT INACAP,Other Healthcare,-0.675506974028702,875386.443696977,75,4,2021,2024,0.875386443696977
I111S12C86J1V1,TECNICO DE LABORATORIO CLINICO Y BANCO DE SANGRE,IP DUOC UC,Other Healthcare,-0.674992881661488,820341.205619669,42,4,2022,2025,0.820341205619669
I83S1C302J1V1,FONOAUDIOLOGIA,UNIVERSIDAD DE PLAYA ANCHA DE CIENCIAS DE LA EDUCACION,Other Healthcare,-0.674859486093552,984314.382863058,118,4,2022,2025,0.984314382863058
I76S2C297J1V2,TECNICO UNIVERSITARIO EN ENFERMERIA,UNIVERSIDAD DE LA FRONTERA,Other Healthcare,-0.669995588400813,856359.286326299,44,4,2022,2025,0.856359286326299
I80S2C47J1V2,TRABAJO SOCIAL,UNIVERSIDAD DE TARAPACA,Other Healthcare,-0.669509128389364,1093767.10774368,55,4,2022,2025,1.09376710774368
I260S42C118J1V1,TECNICO EN ENFERMERIA GINECO-OBSTETRICA Y NEONATAL,CFT SANTO TOMAS,Other Healthcare,-0.668981326228885,820576.622613826,50,4,2022,2025,0.820576622613826
I143S15C92J1V1,TECNICO EN ODONTOLOGIA,IP AIEP,Other Healthcare,-0.668879768241157,736882.25893538,38,4,2022,2025,0.73688225893538
I10S4C26J1V1,FONOAUDIOLOGIA,UNIVERSIDAD MAYOR,Other Healthcare,-0.667498890232587,1091339.35375553,92,4,2022,2025,1.09133935375553
I111S16C107J1V1,TECNICO EN ODONTOLOGIA,IP DUOC UC,Other Healthcare,-0.667490695396381,736882.25893538,188,4,2022,2025,0.73688225893538
I81S1C452J1V1,FONOAUDIOLOGIA,UNIVERSIDAD ARTURO PRAT,Other Healthcare,-0.667324205137025,1065484.37189506,93,4,2022,2025,1.06548437189506
I4S9C636J1V1,TERAPIA OCUPACIONAL,UNIVERSIDAD CENTRAL DE CHILE,Other Healthcare,-0.667189748020582,1280500.45082034,193,5,2021,2025,1.28050045082034
I143S17C92J1V1,TECNICO EN ODONTOLOGIA,IP AIEP,Other Healthcare,-0.667159918383534,736882.25893538,102,4,2022,2025,0.73688225893538
I260S37C115J1V1,TECNICO EN LABORATORIO CLINICO BANCO DE SANGRE E IMAGENOLOGIA,CFT SANTO TOMAS,Other Healthcare,-0.66576851647691,819756.894407074,34,4,2022,2025,0.819756894407074
I143S22C92J1V1,TECNICO EN ODONTOLOGIA,IP AIEP,Other Healthcare,-0.665716563482256,736882.25893538,14,4,2022,2025,0.73688225893538
I84S6C485J1V1,TECNICO DE NIVEL SUPERIOR EN ENFERMERIA,UNIVERSIDAD DE LOS LAGOS,Other Healthcare,-0.664607351415976,821899.669852303,66,4,2022,2025,0.821899669852303
I910S1C13J2V1,TECNICO DE NIVEL SUPERIOR EN ENFERMERIA,CFT DE LA REGION DE COQUIMBO,Other Healthcare,-0.663677889646241,838462.522378446,12,3,2022,2025,0.838462522378446
I111S12C87J1V1,TECNICO DE RADIODIAGNOSTICO Y RADIOTERAPIA,IP DUOC UC,Other Healthcare,-0.661484710053565,855290.695404151,32,4,2022,2025,0.855290695404151
I13S6C160J1V1,FONOAUDIOLOGIA,UNIVERSIDAD SANTO TOMAS,Other Healthcare,-0.660314700272402,1006246.1506421,70,4,2022,2025,1.0062461506421
I4S7C36J1V1,TRABAJO SOCIAL,UNIVERSIDAD CENTRAL DE CHILE,Other Healthcare,-0.659775708434801,1158050.21897338,79,4,2022,2025,1.15805021897338
I42S1C264J1V1,FONOAUDIOLOGIA,UNIVERSIDAD CATOLICA CARDENAL RAUL SILVA HENRIQUEZ,Other Healthcare,-0.659676125779479,1019390.00937051,126,4,2022,2025,1.01939000937051
I143S23C28J1V1,TRABAJO SOCIAL,IP AIEP,Other Healthcare,-0.659644043169319,1108969.97128962,14,4,2022,2025,1.10896997128962
I906S1C10J2V1,TECNICO DE NIVEL SUPERIOR EN ENFERMERIA,CFT DE LA REGION DE TARAPACA,Other Healthcare,-0.658120772464817,838462.522378446,10,3,2022,2024,0.838462522378446
I73S2C297J2V1,TECNICO DE NIVEL SUPERIOR EN ENFERMERIA,UNIVERSIDAD DE ANTOFAGASTA,Other Healthcare,-0.65789364872449,1000582.26943336,18,4,2022,2025,1.00058226943336
I9S1C32J1V1,KINESIOLOGIA,UNIVERSIDAD DEL ALBA,Other Healthcare,-0.655525543040688,1338642.53806102,43,4,2022,2025,1.33864253806102
I111S6C85J1V1,TECNICO DE ENFERMERIA,IP DUOC UC,Other Healthcare,-0.653159480189689,838462.522378446,287,4,2022,2025,0.838462522378446
I430S9C144J1V1,TECNICO EN FARMACIA,CFT INACAP,Other Healthcare,-0.652595177597746,1053764.47658365,17,5,2021,2025,1.05376447658365
I4S1C814J1V1,TECNICO DE NIVEL SUPERIOR EN ENFERMERIA,UNIVERSIDAD CENTRAL DE CHILE,Other Healthcare,-0.651955965444082,923301.728634286,25,2,2022,2023,0.923301728634286
I46S17C60J2V1,TECNICO NIVEL SUPERIOR EN ENFERMERIA,UNIVERSIDAD DE ACONCAGUA,Other Healthcare,-0.650698601729091,891408.21259188,11,4,2022,2025,0.89140821259188
I111S12C107J1V1,TECNICO EN ODONTOLOGIA,IP DUOC UC,Other Healthcare,-0.649787632951544,736882.25893538,142,5,2021,2025,0.73688225893538
I143S23C323J1V1,TECNICO EN ENFERMERIA MENCION GINECOBSTETRICIA,IP AIEP,Other Healthcare,-0.648267573423073,838462.522378446,63,2,2022,2023,0.838462522378446
I19S4C325J1V1,TECNICO DE NIVEL SUPERIOR VETERINARIO,UNIVERSIDAD DE LAS AMERICAS,Other Healthcare,-0.648160302939453,787133.106613567,64,2,2022,2023,0.787133106613567
I260S3C115J1V1,TECNICO EN LABORATORIO CLINICO BANCO DE SANGRE E IMAGENOLOGIA,CFT SANTO TOMAS,Other Healthcare,-0.647491555377204,819756.894407074,31,4,2022,2025,0.819756894407074
I629S4C157J1V1,TECNICO DE NIVEL SUPERIOR EN QUIMICA Y FARMACIA,CFT PUCV,Other Healthcare,-0.646951157433009,1012594.65604459,20,4,2022,2025,1.01259465604459
I143S15C633J1V2,TECNICO EN IMAGENOLOGIA,IP AIEP,Other Healthcare,-0.645917480068417,855290.695404151,16,4,2022,2025,0.855290695404151
I19S5C228J1V1,TERAPIA OCUPACIONAL,UNIVERSIDAD DE LAS AMERICAS,Other Healthcare,-0.645649831947667,1196418.44706608,127,4,2022,2025,1.19641844706608
I123S3C23J1V1,KINESIOLOGIA,IP DE CHILE,Other Healthcare,-0.643651774698785,1385663.07679958,120,4,2022,2025,1.38566307679958
I367S4C190J1V1,TECNICO EN MASOTERAPIA,CFT SAN AGUSTIN,Other Healthcare,-0.643221575937206,699797.462008522,15,4,2022,2025,0.699797462008522
I910S7C13J2V1,TECNICO DE NIVEL SUPERIOR EN ENFERMERIA,CFT DE LA REGION DE COQUIMBO,Other Healthcare,-0.643165713750127,838462.522378446,11,4,2022,2025,0.838462522378446
I31S2C4J1V1,TRABAJO SOCIAL,UNIVERSIDAD AUTONOMA DE CHILE,Other Healthcare,-0.640159177306228,1048584.72306096,142,4,2022,2025,1.04858472306096
I367S2C181J2V1,TECNICO EN TRABAJO SOCIAL,CFT SAN AGUSTIN,Other Healthcare,-0.639163358773774,733972.666918097,10,4,2022,2025,0.733972666918097
I81S1C65J1V2,TRABAJO SOCIAL,UNIVERSIDAD ARTURO PRAT,Other Healthcare,-0.637653268696036,1130956.9965049,52,4,2022,2025,1.1309569965049
I50S2C247J1V1,TERAPIA OCUPACIONAL,UNIVERSIDAD BERNARDO O'HIGGINS,Other Healthcare,-0.636940169068326,1127466.16878466,110,4,2022,2025,1.12746616878466
I81S3C69J1V1,KINESIOLOGIA,UNIVERSIDAD ARTURO PRAT,Other Healthcare,-0.636103076455539,1386184.73384649,115,4,2022,2025,1.38618473384649
I218S1C126J1V2,TECNICO EN PREVENCION Y REHABILITACION DE ADICCIONES,CFT DE ENAC,Other Healthcare,-0.635452790957625,836884.122826255,13,3,2022,2024,0.836884122826255
I143S6C92J1V1,TECNICO EN ODONTOLOGIA,IP AIEP,Other Healthcare,-0.634996966689249,736882.25893538,35,4,2022,2025,0.73688225893538
I896S1C23J1V1,TERAPIA OCUPACIONAL,UNIVERSIDAD DE AYSEN,Other Healthcare,-0.634807671723376,1240208.22234037,21,2,2024,2025,1.24020822234037
I143S5C34J2V1,TECNICO EN ENFERMERIA,IP AIEP,Other Healthcare,-0.632455840136852,838462.522378446,14,4,2022,2025,0.838462522378446
I50S2C354J1V1,TRABAJO SOCIAL,UNIVERSIDAD BERNARDO O'HIGGINS,Other Healthcare,-0.630134516710757,1019650.12414459,94,4,2022,2025,1.01965012414459
I13S9C14J1V3,TRABAJO SOCIAL,UNIVERSIDAD SANTO TOMAS,Other Healthcare,-0.628968898752132,1068078.66383881,27,3,2023,2025,1.06807866383881
I111S6C107J1V1,TECNICO EN ODONTOLOGIA,IP DUOC UC,Other Healthcare,-0.627045132704447,736882.25893538,63,4,2022,2025,0.73688225893538
I38S1C23J1V1,TRABAJO SOCIAL,UNIVERSIDAD ADVENTISTA DE CHILE,Other Healthcare,-0.626929128965328,986617.102088454,30,5,2021,2025,0.986617102088454
I22S1C33J1V2,MEDICINA VETERINARIA,UNIVERSIDAD DE VIÑA DEL MAR,Other Healthcare,-0.626407903485221,1211518.91011719,233,5,2021,2025,1.21151891011719
I143S13C53J1V1,TECNICO EN ENFERMERIA E INSTRUMENTACION QUIRURGICA,IP AIEP,Other Healthcare,-0.622469790398481,838462.522378446,26,4,2022,2025,0.838462522378446
I143S26C53J1V1,TECNICO EN ENFERMERIA E INSTRUMENTACION QUIRURGICA,IP AIEP,Other Healthcare,-0.621213362077016,838462.522378446,32,5,2021,2025,0.838462522378446
I19S4C148J1V1,NUTRICION Y DIETETICA,UNIVERSIDAD DE LAS AMERICAS,Other Healthcare,-0.61802668763967,1096608.09015775,127,4,2022,2025,1.09660809015775
I143S8C53J1V1,TECNICO EN ENFERMERIA E INSTRUMENTACION QUIRURGICA,IP AIEP,Other Healthcare,-0.617835600413501,838462.522378446,29,4,2022,2025,0.838462522378446
I22S1C123J1V1,NUTRICION Y DIETETICA,UNIVERSIDAD DE VIÑA DEL MAR,Other Healthcare,-0.61702732189009,1042337.43168259,42,4,2022,2025,1.04233743168259
I13S16C14J1V1,TRABAJO SOCIAL,UNIVERSIDAD SANTO TOMAS,Other Healthcare,-0.616765860722107,1068078.66383881,39,3,2022,2024,1.06807866383881
I139S3C57J1V1,TECNICO LABORATORISTA CLINICO Y BANCO DE SANGRE,IP DR. VIRGINIO GOMEZ G.,Other Healthcare,-0.61526042388744,820341.205619669,56,4,2022,2025,0.820341205619669
I85S1C39J1V1,TRABAJO SOCIAL,UNIVERSIDAD TECNOLOGICA METROPOLITANA,Other Healthcare,-0.612704531652374,1204062.96904326,155,4,2022,2025,1.20406296904326
I4S9C36J1V1,TRABAJO SOCIAL,UNIVERSIDAD CENTRAL DE CHILE,Other Healthcare,-0.612165165038172,1158050.21897338,107,4,2022,2025,1.15805021897338
I50S2C242J1V1,FONOAUDIOLOGIA,UNIVERSIDAD BERNARDO O'HIGGINS,Other Healthcare,-0.612131151255216,960621.204373272,99,4,2022,2025,0.960621204373272
I19S6C228J1V1,TERAPIA OCUPACIONAL,UNIVERSIDAD DE LAS AMERICAS,Other Healthcare,-0.611232906993617,1196418.44706608,98,4,2022,2025,1.19641844706608
I260S42C29J1V1,LABORATORISTA DENTAL,CFT SANTO TOMAS,Other Healthcare,-0.61090622871084,800738.98017803,31,4,2022,2025,0.80073898017803
I80S1C47J1V3,TRABAJO SOCIAL,UNIVERSIDAD DE TARAPACA,Other Healthcare,-0.610525836818565,1093767.10774368,156,4,2022,2025,1.09376710774368
I143S23C69J1V1,TECNICO EN ENFERMERIA MENCION EN URGENCIA,IP AIEP,Other Healthcare,-0.609116718439743,838462.522378446,24,2,2022,2023,0.838462522378446
I94S1C171J1V1,FONOAUDIOLOGIA,UNIVERSIDAD CATOLICA DE TEMUCO,Other Healthcare,-0.608542376410267,1021905.77293392,102,4,2022,2025,1.02190577293392
I143S17C53J1V1,TECNICO EN ENFERMERIA E INSTRUMENTACION QUIRURGICA,IP AIEP,Other Healthcare,-0.605529875656276,838462.522378446,49,4,2022,2025,0.838462522378446
I143S22C28J1V1,TRABAJO SOCIAL,IP AIEP,Other Healthcare,-0.604431629797264,1108969.97128962,15,3,2022,2024,1.10896997128962
I11S1C268J1V1,NUTRICION,UNIVERSIDAD ACADEMIA DE HUMANISMO CRISTIANO,Other Healthcare,-0.602533183389336,1158354.30853679,32,3,2022,2024,1.15835430853679
I260S22C29J1V1,LABORATORISTA DENTAL,CFT SANTO TOMAS,Other Healthcare,-0.600637354114333,800738.98017803,65,4,2022,2025,0.80073898017803
I31S3C46J1V1,FONOAUDIOLOGIA,UNIVERSIDAD AUTONOMA DE CHILE,Other Healthcare,-0.600500243197326,987880.740365992,109,4,2022,2025,0.987880740365992
I143S27C34J2V1,TECNICO EN ENFERMERIA,IP AIEP,Other Healthcare,-0.598908328967752,838462.522378446,15,3,2022,2024,0.838462522378446
I19S9C325J1V1,TECNICO DE NIVEL SUPERIOR VETERINARIO,UNIVERSIDAD DE LAS AMERICAS,Other Healthcare,-0.598451752867825,787133.106613567,30,2,2022,2023,0.787133106613567
I260S47C125J1V1,TECNICO EN ENFERMERIA Y PROCEDIMIENTOS DE APOYO A LA REHABILITACION,CFT SANTO TOMAS,Other Healthcare,-0.596375148828498,820576.622613826,41,4,2022,2025,0.820576622613826
I143S5C53J1V1,TECNICO EN ENFERMERIA E INSTRUMENTACION QUIRURGICA,IP AIEP,Other Healthcare,-0.59586795092405,838462.522378446,34,5,2021,2025,0.838462522378446
I123S2C47J2V1,TECNICO EN ENFERMERIA,IP DE CHILE,Other Healthcare,-0.595779396347714,838462.522378446,13,4,2022,2025,0.838462522378446
I13S16C160J1V1,FONOAUDIOLOGIA,UNIVERSIDAD SANTO TOMAS,Other Healthcare,-0.595314550352765,1006246.1506421,78,4,2022,2025,1.0062461506421
I139S2C57J1V1,TECNICO LABORATORISTA CLINICO Y BANCO DE SANGRE,IP DR. VIRGINIO GOMEZ G.,Other Healthcare,-0.594125638071864,820341.205619669,48,4,2022,2025,0.820341205619669
I430S12C144J1V1,TECNICO EN FARMACIA,CFT INACAP,Other Healthcare,-0.593509629201004,1053764.47658365,25,5,2021,2025,1.05376447658365
I20S4C38J1V1,TERAPIA OCUPACIONAL,UNIVERSIDAD ANDRES BELLO,Other Healthcare,-0.592478953807759,1247794.87264906,149,4,2022,2025,1.24779487264906
I75S1C27J1V2,TRABAJO SOCIAL,UNIVERSIDAD DEL BIO-BIO,Other Healthcare,-0.590675473129013,1052966.95652576,124,4,2022,2025,1.05296695652576
I13S5C14J1V3,TRABAJO SOCIAL,UNIVERSIDAD SANTO TOMAS,Other Healthcare,-0.58750890990685,1068078.66383881,32,3,2023,2025,1.06807866383881
I22S1C101J1V1,KINESIOLOGIA,UNIVERSIDAD DE VIÑA DEL MAR,Other Healthcare,-0.584216689864805,1260557.51687268,156,4,2022,2025,1.26055751687268
I38S1C10J1V1,TECNICO DE NIVEL SUPERIOR EN ENFERMERIA,UNIVERSIDAD ADVENTISTA DE CHILE,Other Healthcare,-0.583020320532119,786619.838184544,25,2,2022,2023,0.786619838184544
I914S1C28J1V1,TECNICO DE NIVEL SUPERIOR EN VETERINARIA,CFT DE LA REGION DEL MAULE,Other Healthcare,-0.582708555076448,754668.260650733,17,2,2024,2025,0.754668260650733
I111S12C407J1V1,TECNICO EN QUIMICA Y FARMACIA,IP DUOC UC,Other Healthcare,-0.5813853609767,1004965.78000293,33,4,2022,2025,1.00496578000293
I13S17C44J1V1,TERAPIA OCUPACIONAL,UNIVERSIDAD SANTO TOMAS,Other Healthcare,-0.578582781057391,1181015.45869887,83,4,2022,2025,1.18101545869887
I260S37C295J2V1,TECNICO EN FARMACIA,CFT SANTO TOMAS,Other Healthcare,-0.575395722111713,986799.259893185,14,3,2022,2024,0.986799259893185
I11S1C267J1V1,KINESIOLOGIA,UNIVERSIDAD ACADEMIA DE HUMANISMO CRISTIANO,Other Healthcare,-0.573492768929762,1400863.27751928,69,3,2022,2024,1.40086327751928
I111S15C407J1V1,TECNICO EN QUIMICA Y FARMACIA,IP DUOC UC,Other Healthcare,-0.573008637025348,1004965.78000293,102,4,2022,2025,1.00496578000293
I13S10C44J1V1,TERAPIA OCUPACIONAL,UNIVERSIDAD SANTO TOMAS,Other Healthcare,-0.571871883898632,1181015.45869887,78,4,2022,2025,1.18101545869887
I31S1C46J1V1,FONOAUDIOLOGIA,UNIVERSIDAD AUTONOMA DE CHILE,Other Healthcare,-0.569455590082047,987880.740365992,111,4,2022,2025,0.987880740365992
I9S2C32J1V1,KINESIOLOGIA,UNIVERSIDAD DEL ALBA,Other Healthcare,-0.565980977605945,1338642.53806102,144,4,2022,2025,1.33864253806102
I111S2C407J1V1,TECNICO EN QUIMICA Y FARMACIA,IP DUOC UC,Other Healthcare,-0.565797259375103,1004965.78000293,60,4,2022,2025,1.00496578000293
I93S1C24J1V2,TRABAJO SOCIAL,UNIVERSIDAD CATOLICA DE LA SANTISIMA CONCEPCION,Other Healthcare,-0.563249326186453,1014906.00745859,127,4,2022,2025,1.01490600745859
I13S6C14J1V1,TRABAJO SOCIAL,UNIVERSIDAD SANTO TOMAS,Other Healthcare,-0.560374236303249,1068078.66383881,62,3,2022,2024,1.06807866383881
I84S1C393J1V1,FONOAUDIOLOGIA,UNIVERSIDAD DE LOS LAGOS,Other Healthcare,-0.55801566183719,971188.525844856,126,4,2022,2025,0.971188525844856
I50S2C216J1V1,NUTRICION Y DIETETICA,UNIVERSIDAD BERNARDO O'HIGGINS,Other Healthcare,-0.557973668954962,1033408.10658709,117,4,2022,2025,1.03340810658709
I42S1C12J1V2,TRABAJO SOCIAL,UNIVERSIDAD CATOLICA CARDENAL RAUL SILVA HENRIQUEZ,Other Healthcare,-0.55759836115397,1082030.19553845,162,4,2022,2025,1.08203019553845
I260S22C285J1V1,TECNICO EN VETERINARIA Y PRODUCCION PECUARIA,CFT SANTO TOMAS,Other Healthcare,-0.556538726000567,748721.502389669,27,4,2022,2025,0.748721502389669
I4S1C104J1V1,NUTRICION Y DIETETICA,UNIVERSIDAD CENTRAL DE CHILE,Other Healthcare,-0.555100091604828,1173675.61262842,115,4,2022,2025,1.17367561262842
I50S2C212J2V1,KINESIOLOGIA,UNIVERSIDAD BERNARDO O'HIGGINS,Other Healthcare,-0.554045398725597,1249758.77979617,10,4,2022,2025,1.24975877979617
I9S2C31J1V1,FONOAUDIOLOGIA,UNIVERSIDAD DEL ALBA,Other Healthcare,-0.551976584039022,1028941.28685153,23,3,2023,2025,1.02894128685153
I19S1C228J3V1,TERAPIA OCUPACIONAL,UNIVERSIDAD DE LAS AMERICAS,Other Healthcare,-0.55141770835871,1196418.44706608,12,4,2022,2025,1.19641844706608
I19S6C148J1V1,NUTRICION Y DIETETICA,UNIVERSIDAD DE LAS AMERICAS,Other Healthcare,-0.550931906721795,1096608.09015775,99,4,2022,2025,1.09660809015775
I31S1C4J1V1,TRABAJO SOCIAL,UNIVERSIDAD AUTONOMA DE CHILE,Other Healthcare,-0.550694549043321,1048584.72306096,124,4,2022,2025,1.04858472306096
I31S3C4J1V1,TRABAJO SOCIAL,UNIVERSIDAD AUTONOMA DE CHILE,Other Healthcare,-0.550320216196093,1048584.72306096,185,4,2022,2025,1.04858472306096
I111S20C407J1V1,TECNICO EN QUIMICA Y FARMACIA,IP DUOC UC,Other Healthcare,-0.549790893704233,1004965.78000293,104,4,2022,2025,1.00496578000293
I19S1C148J1V1,NUTRICION Y DIETETICA,UNIVERSIDAD DE LAS AMERICAS,Other Healthcare,-0.549057912229657,1096608.09015775,112,4,2022,2025,1.09660809015775
I83S1C95J1V1,NUTRICION Y DIETETICA,UNIVERSIDAD DE PLAYA ANCHA DE CIENCIAS DE LA EDUCACION,Other Healthcare,-0.548646839355832,1058896.5328374,152,4,2022,2025,1.0588965328374
I218S1C37J1V2,TECNICO EN FARMACIA,CFT DE ENAC,Other Healthcare,-0.547132636575402,1007400.52751661,14,4,2022,2025,1.00740052751661
I13S1C160J1V1,FONOAUDIOLOGIA,UNIVERSIDAD SANTO TOMAS,Other Healthcare,-0.546996813001473,1006246.1506421,72,4,2022,2025,1.0062461506421
I39S6C39J1V1,FONOAUDIOLOGIA,UNIVERSIDAD SAN SEBASTIAN,Other Healthcare,-0.546112228550332,1051643.09337344,106,4,2022,2025,1.05164309337344
I39S7C39J1V1,FONOAUDIOLOGIA,UNIVERSIDAD SAN SEBASTIAN,Other Healthcare,-0.54597619563624,1051643.09337344,48,4,2022,2025,1.05164309337344
I39S2C39J1V1,FONOAUDIOLOGIA,UNIVERSIDAD SAN SEBASTIAN,Other Healthcare,-0.545277561323648,1051643.09337344,127,4,2022,2025,1.05164309337344
I39S2C6J1V1,TRABAJO SOCIAL,UNIVERSIDAD SAN SEBASTIAN,Other Healthcare,-0.542265209929632,1116265.18947562,78,3,2022,2024,1.11626518947562
I38S1C150J1V1,NUTRICION Y DIETETICA,UNIVERSIDAD ADVENTISTA DE CHILE,Other Healthcare,-0.540359116775704,999929.375040304,94,4,2022,2025,0.999929375040304
I9S9C27J1V1,MEDICINA VETERINARIA,UNIVERSIDAD DEL ALBA,Other Healthcare,-0.540094620881782,1286566.24314272,92,4,2022,2025,1.28656624314272
I13S7C160J1V1,FONOAUDIOLOGIA,UNIVERSIDAD SANTO TOMAS,Other Healthcare,-0.539402122238783,1006246.1506421,89,4,2022,2025,1.0062461506421
I143S5C28J2V1,TRABAJO SOCIAL,IP AIEP,Other Healthcare,-0.533320259354192,1108969.97128962,13,4,2022,2025,1.10896997128962
I39S7C56J1V1,TERAPIA OCUPACIONAL,UNIVERSIDAD SAN SEBASTIAN,Other Healthcare,-0.533116674596503,1234297.14440686,98,4,2022,2025,1.23429714440686
I143S26C373J1V1,TECNICO EN ENFERMERIA MENCION ANESTESIOLOGIA,IP AIEP,Other Healthcare,-0.532337794545329,838462.522378446,16,4,2022,2025,0.838462522378446
I143S30C92J1V1,TECNICO EN ODONTOLOGIA,IP AIEP,Other Healthcare,-0.531765158317703,736882.25893538,10,2,2022,2023,0.73688225893538
I111S16C87J1V1,TECNICO DE RADIODIAGNOSTICO Y RADIOTERAPIA,IP DUOC UC,Other Healthcare,-0.529742463973725,855290.695404151,27,5,2021,2025,0.855290695404151
I90S2C624J1V1,TRABAJO SOCIAL,UNIVERSIDAD AUSTRAL DE CHILE,Other Healthcare,-0.529612973873569,1123547.1910523,72,4,2022,2025,1.1235471910523
I94S1C25J1V1,TRABAJO SOCIAL,UNIVERSIDAD CATOLICA DE TEMUCO,Other Healthcare,-0.52906704312327,1084700.54949074,168,4,2022,2025,1.08470054949074
I19S5C98J1V1,KINESIOLOGIA,UNIVERSIDAD DE LAS AMERICAS,Other Healthcare,-0.526972074181245,1326190.08882786,252,4,2022,2025,1.32619008882786
I46S23C128J1V1,KINESIOLOGIA,UNIVERSIDAD DE ACONCAGUA,Other Healthcare,-0.525473247959193,1370362.27805221,25,2,2022,2023,1.37036227805221
I20S4C33J1V1,FONOAUDIOLOGIA,UNIVERSIDAD ANDRES BELLO,Other Healthcare,-0.525328107449201,1063143.39761255,41,4,2022,2025,1.06314339761255
I143S26C69J1V1,TECNICO EN ENFERMERIA MENCION URGENCIA,IP AIEP,Other Healthcare,-0.523277670178694,838462.522378446,11,2,2022,2023,0.838462522378446
I9S1C27J1V1,MEDICINA VETERINARIA,UNIVERSIDAD DEL ALBA,Other Healthcare,-0.520678410866647,1286566.24314272,47,4,2022,2025,1.28656624314272
I143S15C69J1V1,TECNICO EN ENFERMERIA MENCION EN URGENCIA,IP AIEP,Other Healthcare,-0.51992583029404,838462.522378446,22,2,2022,2023,0.838462522378446
I10S4C72J1V1,TERAPIA OCUPACIONAL,UNIVERSIDAD MAYOR,Other Healthcare,-0.519199918476298,1280888.02789383,120,4,2022,2025,1.28088802789383
I19S1C228J1V1,TERAPIA OCUPACIONAL,UNIVERSIDAD DE LAS AMERICAS,Other Healthcare,-0.518466922589736,1196418.44706608,136,4,2022,2025,1.19641844706608
I13S11C44J1V1,TERAPIA OCUPACIONAL,UNIVERSIDAD SANTO TOMAS,Other Healthcare,-0.51707443840089,1181015.45869887,92,4,2022,2025,1.18101545869887
I77S1C30J1V1,TRABAJO SOCIAL,UNIVERSIDAD DE MAGALLANES,Other Healthcare,-0.515414188392754,1158122.14627221,75,4,2022,2025,1.15812214627221
I13S1C14J1V1,TRABAJO SOCIAL,UNIVERSIDAD SANTO TOMAS,Other Healthcare,-0.513807902661459,1068078.66383881,58,3,2022,2024,1.06807866383881
I77S1C50J1V1,TERAPIA OCUPACIONAL,UNIVERSIDAD DE MAGALLANES,Other Healthcare,-0.513493001556749,1280579.98358762,97,4,2022,2025,1.28057998358762
I92S2C23J1V1,TRABAJO SOCIAL,UNIVERSIDAD CATOLICA DEL MAULE,Other Healthcare,-0.507643402343354,1083740.20051556,71,4,2022,2025,1.08374020051556
I39S2C26J1V1,NUTRICION Y DIETETICA,UNIVERSIDAD SAN SEBASTIAN,Other Healthcare,-0.505903795501687,1131326.78414846,209,4,2022,2025,1.13132678414846
I84S1C46J1V3,TRABAJO SOCIAL,UNIVERSIDAD DE LOS LAGOS,Other Healthcare,-0.504482843834826,1030866.79373435,97,4,2022,2025,1.03086679373435
I19S1C98J1V1,KINESIOLOGIA,UNIVERSIDAD DE LAS AMERICAS,Other Healthcare,-0.502348252659505,1326190.08882786,273,4,2022,2025,1.32619008882786
I13S16C37J1V1,NUTRICION Y DIETETICA,UNIVERSIDAD SANTO TOMAS,Other Healthcare,-0.501000641376851,1082490.08512572,74,4,2022,2025,1.08249008512572
I111S16C407J1V1,TECNICO EN QUIMICA Y FARMACIA,IP DUOC UC,Other Healthcare,-0.49794196180068,1004965.78000293,93,4,2022,2025,1.00496578000293
I72S2C32J1V1,FONOAUDIOLOGIA,UNIVERSIDAD DE VALPARAISO,Other Healthcare,-0.497904321080149,1100181.4478514,121,4,2022,2025,1.1001814478514
I20S2C33J1V1,FONOAUDIOLOGIA,UNIVERSIDAD ANDRES BELLO,Other Healthcare,-0.497792093944099,1063143.39761255,69,4,2022,2025,1.06314339761255
I19S4C98J1V1,KINESIOLOGIA,UNIVERSIDAD DE LAS AMERICAS,Other Healthcare,-0.497444870264536,1326190.08882786,260,4,2022,2025,1.32619008882786
I19S3C98J1V1,KINESIOLOGIA,UNIVERSIDAD DE LAS AMERICAS,Other Healthcare,-0.497405284248063,1326190.08882786,174,4,2022,2025,1.32619008882786
I79S1C171J1V1,NUTRICION Y DIETETICA,UNIVERSIDAD DE ATACAMA,Other Healthcare,-0.495202749155139,1265150.4634505,185,4,2022,2025,1.2651504634505
I13S9C14J1V1,TRABAJO SOCIAL,UNIVERSIDAD SANTO TOMAS,Other Healthcare,-0.494851803311491,1068078.66383881,60,3,2022,2024,1.06807866383881
I19S2C98J1V1,KINESIOLOGIA,UNIVERSIDAD DE LAS AMERICAS,Other Healthcare,-0.494704334917989,1326190.08882786,210,4,2022,2025,1.32619008882786
I19S5C37J1V1,MEDICINA VETERINARIA,UNIVERSIDAD DE LAS AMERICAS,Other Healthcare,-0.494647418637869,1274598.2230236,224,4,2022,2025,1.2745982230236
I84S2C457J1V1,TERAPIA OCUPACIONAL,UNIVERSIDAD DE LOS LAGOS,Other Healthcare,-0.494334535769552,1139868.8696616,52,4,2022,2025,1.1398688696616
I80S2C66J1V1,NUTRICION Y DIETETICA,UNIVERSIDAD DE TARAPACA,Other Healthcare,-0.494141333033237,1108525.13925683,68,4,2022,2025,1.10852513925683
I9S8C27J1V1,MEDICINA VETERINARIA,UNIVERSIDAD DEL ALBA,Other Healthcare,-0.488727770417961,1286566.24314272,98,4,2022,2025,1.28656624314272
I9S9C32J1V1,KINESIOLOGIA,UNIVERSIDAD DEL ALBA,Other Healthcare,-0.487951370183738,1338642.53806102,142,4,2022,2025,1.33864253806102
I13S5C14J1V1,TRABAJO SOCIAL,UNIVERSIDAD SANTO TOMAS,Other Healthcare,-0.487393980470579,1068078.66383881,73,3,2022,2024,1.06807866383881
I46S9C128J1V1,KINESIOLOGIA,UNIVERSIDAD DE ACONCAGUA,Other Healthcare,-0.486929605538236,1370362.27805221,33,3,2022,2024,1.37036227805221
I31S4C46J1V1,FONOAUDIOLOGIA,UNIVERSIDAD AUTONOMA DE CHILE,Other Healthcare,-0.48576609746294,987880.740365992,139,4,2022,2025,0.987880740365992
I11S2C267J1V1,KINESIOLOGIA,UNIVERSIDAD ACADEMIA DE HUMANISMO CRISTIANO,Other Healthcare,-0.485603088398183,1400863.27751928,31,4,2022,2025,1.40086327751928
I39S6C56J1V1,TERAPIA OCUPACIONAL,UNIVERSIDAD SAN SEBASTIAN,Other Healthcare,-0.483031811027544,1234297.14440686,196,5,2021,2025,1.23429714440686
I94S1C174J1V1,NUTRICION Y DIETETICA,UNIVERSIDAD CATOLICA DE TEMUCO,Other Healthcare,-0.480693404714692,1099336.24732659,155,4,2022,2025,1.09933624732659
I152S10C22J2V1,TECNICO EN ENFERMERIA,IP LATINOAMERICANO DE COMERCIO EXTERIOR - IPLACEX,Other Healthcare,-0.476485719163152,838462.522378446,28,4,2022,2025,0.838462522378446
I92S1C23J1V1,TRABAJO SOCIAL,UNIVERSIDAD CATOLICA DEL MAULE,Other Healthcare,-0.475667929232937,1083740.20051556,173,4,2022,2025,1.08374020051556
I94S1C187J1V1,TERAPIA OCUPACIONAL,UNIVERSIDAD CATOLICA DE TEMUCO,Other Healthcare,-0.473904225680089,1199394.91385726,137,4,2022,2025,1.19939491385726
I84S1C435J1V2,NUTRICION Y DIETETICA,UNIVERSIDAD DE LOS LAGOS,Other Healthcare,-0.471991636094456,1044776.12097604,195,5,2021,2025,1.04477612097604
I31S3C47J1V1,TERAPIA OCUPACIONAL,UNIVERSIDAD AUTONOMA DE CHILE,Other Healthcare,-0.470667772980188,1159460.26226151,250,4,2022,2025,1.15946026226151
I367S1C190J1V1,TECNICO EN MASOTERAPIA,CFT SAN AGUSTIN,Other Healthcare,-0.467960720641155,699797.462008522,21,4,2022,2025,0.699797462008522
I20S3C67J1V2,TRABAJO SOCIAL,UNIVERSIDAD ANDRES BELLO,Other Healthcare,-0.467779428989947,1128472.1724068,43,5,2021,2025,1.1284721724068
I9S9C31J1V1,FONOAUDIOLOGIA,UNIVERSIDAD DEL ALBA,Other Healthcare,-0.46678661283706,1028941.28685153,12,3,2022,2024,1.02894128685153
I42S1C220J1V1,KINESIOLOGIA,UNIVERSIDAD CATOLICA CARDENAL RAUL SILVA HENRIQUEZ,Other Healthcare,-0.465920062850979,1326216.41959118,365,4,2022,2025,1.32621641959118
I80S1C66J1V1,NUTRICION Y DIETETICA,UNIVERSIDAD DE TARAPACA,Other Healthcare,-0.458172500149988,1108525.13925683,203,4,2022,2025,1.10852513925683
I31S2C46J1V1,FONOAUDIOLOGIA,UNIVERSIDAD AUTONOMA DE CHILE,Other Healthcare,-0.455192964356314,987880.740365992,141,4,2022,2025,0.987880740365992
I19S3C37J1V1,MEDICINA VETERINARIA,UNIVERSIDAD DE LAS AMERICAS,Other Healthcare,-0.454948547682137,1274598.2230236,172,4,2022,2025,1.2745982230236
I13S10C37J1V1,NUTRICION Y DIETETICA,UNIVERSIDAD SANTO TOMAS,Other Healthcare,-0.454363966798653,1082490.08512572,87,4,2022,2025,1.08249008512572
I9S2C27J1V1,MEDICINA VETERINARIA,UNIVERSIDAD DEL ALBA,Other Healthcare,-0.450646068677821,1286566.24314272,277,5,2021,2025,1.28656624314272
I77S1C162J1V1,FONOAUDIOLOGIA,UNIVERSIDAD DE MAGALLANES,Other Healthcare,-0.449961746957822,1091076.89453447,64,4,2022,2025,1.09107689453447
I10S2C26J1V1,FONOAUDIOLOGIA,UNIVERSIDAD MAYOR,Other Healthcare,-0.449130028816592,1091339.35375553,161,4,2022,2025,1.09133935375553
I90S2C127J1V1,TERAPIA OCUPACIONAL,UNIVERSIDAD AUSTRAL DE CHILE,Other Healthcare,-0.447246170969804,1242349.13226459,109,4,2022,2025,1.24234913226459
I31S1C47J1V1,TERAPIA OCUPACIONAL,UNIVERSIDAD AUTONOMA DE CHILE,Other Healthcare,-0.446914093112788,1159460.26226151,201,4,2022,2025,1.15946026226151
I31S2C47J1V1,TERAPIA OCUPACIONAL,UNIVERSIDAD AUTONOMA DE CHILE,Other Healthcare,-0.446199202213494,1159460.26226151,211,4,2022,2025,1.15946026226151
I73S2C182J1V1,TRABAJO SOCIAL,UNIVERSIDAD DE ANTOFAGASTA,Other Healthcare,-0.444264136439801,1254979.25573272,91,4,2022,2025,1.25497925573272
I84S6C457J1V1,TERAPIA OCUPACIONAL,UNIVERSIDAD DE LOS LAGOS,Other Healthcare,-0.442807768809555,1139868.8696616,79,4,2022,2025,1.1398688696616
I93S1C24J1V1,TRABAJO SOCIAL,UNIVERSIDAD CATOLICA DE LA SANTISIMA CONCEPCION,Other Healthcare,-0.442491783707655,1014906.00745859,79,2,2022,2023,1.01490600745859
I76S1C125J1V1,TRABAJO SOCIAL,UNIVERSIDAD DE LA FRONTERA,Other Healthcare,-0.442222149815717,1074087.73133887,112,4,2022,2025,1.07408773133887
I38S1C166J1V1,TERAPIA OCUPACIONAL,UNIVERSIDAD ADVENTISTA DE CHILE,Other Healthcare,-0.431165820667905,1090940.29197741,137,4,2022,2025,1.09094029197741
I83S1C66J1V1,TERAPIA OCUPACIONAL,UNIVERSIDAD DE PLAYA ANCHA DE CIENCIAS DE LA EDUCACION,Other Healthcare,-0.427732749933969,1155274.48392136,187,5,2021,2025,1.15527448392136
I19S6C98J1V1,KINESIOLOGIA,UNIVERSIDAD DE LAS AMERICAS,Other Healthcare,-0.425134721035842,1326190.08882786,177,4,2022,2025,1.32619008882786
I39S2C56J1V1,TERAPIA OCUPACIONAL,UNIVERSIDAD SAN SEBASTIAN,Other Healthcare,-0.421121569397157,1234297.14440686,311,4,2022,2025,1.23429714440686
I11S1C3J1V1,TRABAJO SOCIAL,UNIVERSIDAD ACADEMIA DE HUMANISMO CRISTIANO,Other Healthcare,-0.419718642647909,1142932.89066959,50,4,2022,2025,1.14293289066959
I19S6C37J1V1,MEDICINA VETERINARIA,UNIVERSIDAD DE LAS AMERICAS,Other Healthcare,-0.419659106499785,1274598.2230236,226,4,2022,2025,1.2745982230236
I19S4C37J1V1,MEDICINA VETERINARIA,UNIVERSIDAD DE LAS AMERICAS,Other Healthcare,-0.417792713719422,1274598.2230236,308,4,2022,2025,1.2745982230236
I72S1C6J1V1,TRABAJO SOCIAL,UNIVERSIDAD DE VALPARAISO,Other Healthcare,-0.413691144279851,1167786.16251255,213,4,2022,2025,1.16778616251255
I9S2C27J2V1,MEDICINA VETERINARIA,UNIVERSIDAD DEL ALBA,Other Healthcare,-0.411690398978441,1286566.24314272,42,5,2021,2025,1.28656624314272
I13S11C37J1V1,NUTRICION Y DIETETICA,UNIVERSIDAD SANTO TOMAS,Other Healthcare,-0.405416976543614,1082490.08512572,88,4,2022,2025,1.08249008512572
I13S6C37J1V1,NUTRICION Y DIETETICA,UNIVERSIDAD SANTO TOMAS,Other Healthcare,-0.399329024778428,1082490.08512572,76,4,2022,2025,1.08249008512572
I69S1C30J1V1,TRABAJO SOCIAL,UNIVERSIDAD ALBERTO HURTADO,Other Healthcare,-0.398501265230782,1129727.34233425,199,4,2022,2025,1.12972734233425
I19S9C37J1V1,MEDICINA VETERINARIA,UNIVERSIDAD DE LAS AMERICAS,Other Healthcare,-0.39723328058498,1274598.2230236,199,5,2021,2025,1.2745982230236
I143S23C611J2V1,TECNICO EN ENFERMERIA MENCION GINECOBSTETRICIA,IP AIEP,Other Healthcare,-0.396161340042523,838462.522378446,10,2,2022,2023,0.838462522378446
I13S16C44J1V1,TERAPIA OCUPACIONAL,UNIVERSIDAD SANTO TOMAS,Other Healthcare,-0.392359998765085,1181015.45869887,107,4,2022,2025,1.18101545869887
I13S3C37J1V1,NUTRICION Y DIETETICA,UNIVERSIDAD SANTO TOMAS,Other Healthcare,-0.390049710558481,1082490.08512572,59,3,2022,2024,1.08249008512572
I39S8C39J1V1,FONOAUDIOLOGIA,UNIVERSIDAD SAN SEBASTIAN,Other Healthcare,-0.387877894310603,1051643.09337344,40,4,2022,2025,1.05164309337344
I20S1C67J1V2,TRABAJO SOCIAL,UNIVERSIDAD ANDRES BELLO,Other Healthcare,-0.382586726653648,1128472.1724068,63,4,2022,2025,1.1284721724068
I90S2C129J1V1,FONOAUDIOLOGIA,UNIVERSIDAD AUSTRAL DE CHILE,Other Healthcare,-0.382010228569531,1058503.53006559,65,4,2022,2025,1.05850353006559
I31S4C47J1V1,TERAPIA OCUPACIONAL,UNIVERSIDAD AUTONOMA DE CHILE,Other Healthcare,-0.381773709146021,1159460.26226151,276,4,2022,2025,1.15946026226151
I13S4C37J1V1,NUTRICION Y DIETETICA,UNIVERSIDAD SANTO TOMAS,Other Healthcare,-0.378778617235192,1082490.08512572,83,4,2022,2025,1.08249008512572
I75S2C27J1V2,TRABAJO SOCIAL,UNIVERSIDAD DEL BIO-BIO,Other Healthcare,-0.375753133528611,1052966.95652576,170,4,2022,2025,1.05296695652576
I83S1C23J1V1,KINESIOLOGIA,UNIVERSIDAD DE PLAYA ANCHA DE CIENCIAS DE LA EDUCACION,Other Healthcare,-0.375136831432847,1280583.37299074,184,4,2022,2025,1.28058337299074
I20S4C280J1V1,NUTRICION Y DIETETICA,UNIVERSIDAD ANDRES BELLO,Other Healthcare,-0.374955683402912,1143698.47402456,77,4,2022,2025,1.14369847402456
I73S2C213J1V1,FONOAUDIOLOGIA,UNIVERSIDAD DE ANTOFAGASTA,Other Healthcare,-0.37331960313516,1182326.81540329,111,4,2022,2025,1.18232681540329
I13S3C44J1V1,TERAPIA OCUPACIONAL,UNIVERSIDAD SANTO TOMAS,Other Healthcare,-0.371475800502582,1181015.45869887,97,4,2022,2025,1.18101545869887
I20S3C33J1V1,FONOAUDIOLOGIA,UNIVERSIDAD ANDRES BELLO,Other Healthcare,-0.371411357542183,1063143.39761255,61,4,2022,2025,1.06314339761255
I84S2C320J1V1,KINESIOLOGIA,UNIVERSIDAD DE LOS LAGOS,Other Healthcare,-0.371068251597581,1263506.76154789,156,4,2022,2025,1.26350676154789
I20S2C38J1V1,TERAPIA OCUPACIONAL,UNIVERSIDAD ANDRES BELLO,Other Healthcare,-0.37048336256681,1247794.87264906,177,5,2021,2025,1.24779487264906
I4S7C104J1V1,NUTRICION Y DIETETICA,UNIVERSIDAD CENTRAL DE CHILE,Other Healthcare,-0.369722607367994,1173675.61262842,136,4,2022,2025,1.17367561262842
I13S6C44J1V1,TERAPIA OCUPACIONAL,UNIVERSIDAD SANTO TOMAS,Other Healthcare,-0.368326652504552,1181015.45869887,123,4,2022,2025,1.18101545869887
I75S2C54J1V1,FONOAUDIOLOGIA,UNIVERSIDAD DEL BIO-BIO,Other Healthcare,-0.367140740084892,992009.280429998,176,4,2022,2025,0.992009280429998
I80S2C9J1V2,KINESIOLOGIA Y REHABILITACION,UNIVERSIDAD DE TARAPACA,Other Healthcare,-0.363881777616114,1340602.0492585,83,4,2022,2025,1.3406020492585
I31S3C42J1V1,NUTRICION Y DIETETICA,UNIVERSIDAD AUTONOMA DE CHILE,Other Healthcare,-0.361233111991805,1062733.11560045,222,4,2022,2025,1.06273311560045
I77S1C165J1V1,NUTRICION Y DIETETICA,UNIVERSIDAD DE MAGALLANES,Other Healthcare,-0.361126093479124,1173748.51043123,123,4,2022,2025,1.17374851043123
I13S2C31J1V1,KINESIOLOGIA,UNIVERSIDAD SANTO TOMAS,Other Healthcare,-0.357388916274675,1309116.38809964,86,4,2022,2025,1.30911638809964
I78S1C16J1V1,FONOAUDIOLOGIA,UNIVERSIDAD DE TALCA,Other Healthcare,-0.352948460400433,1059268.37940179,154,4,2022,2025,1.05926837940179
I4S7C636J1V1,TERAPIA OCUPACIONAL,UNIVERSIDAD CENTRAL DE CHILE,Other Healthcare,-0.352910958734438,1280500.45082034,152,4,2022,2025,1.28050045082034
I94S1C172J1V1,KINESIOLOGIA,UNIVERSIDAD CATOLICA DE TEMUCO,Other Healthcare,-0.352548911296582,1329489.40335102,193,4,2022,2025,1.32948940335102
I19S1C37J1V1,MEDICINA VETERINARIA,UNIVERSIDAD DE LAS AMERICAS,Other Healthcare,-0.352378399088371,1274598.2230236,304,4,2022,2025,1.2745982230236
I143S23C92J1V1,TECNICO EN ODONTOLOGIA,IP AIEP,Other Healthcare,-0.349225519587526,736882.25893538,10,2,2022,2023,0.73688225893538
I39S6C26J1V1,NUTRICION Y DIETETICA,UNIVERSIDAD SAN SEBASTIAN,Other Healthcare,-0.347570605094256,1131326.78414846,204,4,2022,2025,1.13132678414846
I13S9C37J1V1,NUTRICION Y DIETETICA,UNIVERSIDAD SANTO TOMAS,Other Healthcare,-0.345763021459837,1082490.08512572,116,4,2022,2025,1.08249008512572
I39S8C56J1V1,TERAPIA OCUPACIONAL,UNIVERSIDAD SAN SEBASTIAN,Other Healthcare,-0.342196882320104,1234297.14440686,80,4,2022,2025,1.23429714440686
I4S1C954J1V1,KINESIOLOGIA,UNIVERSIDAD CENTRAL DE CHILE,Other Healthcare,-0.341572697378733,1419392.1957505,178,4,2022,2025,1.4193921957505
I13S10C31J1V1,KINESIOLOGIA,UNIVERSIDAD SANTO TOMAS,Other Healthcare,-0.338648241169672,1309116.38809964,121,4,2022,2025,1.30911638809964
I76S1C87J1V1,FONOAUDIOLOGIA,UNIVERSIDAD DE LA FRONTERA,Other Healthcare,-0.337617322122268,1011907.34512674,124,4,2022,2025,1.01190734512674
I31S1C42J1V1,NUTRICION Y DIETETICA,UNIVERSIDAD AUTONOMA DE CHILE,Other Healthcare,-0.331047339718918,1062733.11560045,215,4,2022,2025,1.06273311560045
I13S1C44J1V1,TERAPIA OCUPACIONAL,UNIVERSIDAD SANTO TOMAS,Other Healthcare,-0.328480462127154,1181015.45869887,133,4,2022,2025,1.18101545869887
I39S7C26J1V1,NUTRICION Y DIETETICA,UNIVERSIDAD SAN SEBASTIAN,Other Healthcare,-0.327233417656756,1131326.78414846,130,4,2022,2025,1.13132678414846
I19S2C37J1V1,MEDICINA VETERINARIA,UNIVERSIDAD DE LAS AMERICAS,Other Healthcare,-0.321548160357001,1274598.2230236,231,4,2022,2025,1.2745982230236
I13S9C44J1V1,TERAPIA OCUPACIONAL,UNIVERSIDAD SANTO TOMAS,Other Healthcare,-0.320990556061991,1181015.45869887,120,4,2022,2025,1.18101545869887
I39S7C10J1V1,KINESIOLOGIA,UNIVERSIDAD SAN SEBASTIAN,Other Healthcare,-0.320306197736107,1368177.36603361,186,4,2022,2025,1.36817736603361
I81S1C69J1V1,KINESIOLOGIA,UNIVERSIDAD ARTURO PRAT,Other Healthcare,-0.319964981648923,1386184.73384649,125,4,2022,2025,1.38618473384649
I93S1C25J1V1,NUTRICION Y DIETETICA,UNIVERSIDAD CATOLICA DE LA SANTISIMA CONCEPCION,Other Healthcare,-0.31888506074519,1028599.97826364,248,4,2022,2025,1.02859997826364
I13S17C31J1V1,KINESIOLOGIA,UNIVERSIDAD SANTO TOMAS,Other Healthcare,-0.31774469865321,1309116.38809964,85,4,2022,2025,1.30911638809964
I13S11C31J1V1,KINESIOLOGIA,UNIVERSIDAD SANTO TOMAS,Other Healthcare,-0.304076618925772,1309116.38809964,110,4,2022,2025,1.30911638809964
I143S15C730J1V1,TECNICO EN FARMACIA,IP AIEP,Other Healthcare,-0.301246070339966,1004965.78000293,18,3,2023,2025,1.00496578000293
I89S1C87J1V1,TRABAJO SOCIAL,PONTIFICIA UNIVERSIDAD CATOLICA DE VALPARAISO,Other Healthcare,-0.300763095307489,1120571.54043377,208,4,2022,2025,1.12057154043377
I92S2C364J1V1,TERAPIA OCUPACIONAL,UNIVERSIDAD CATOLICA DEL MAULE,Other Healthcare,-0.299067945084937,1198333.0192386,163,4,2022,2025,1.1983330192386
I92S2C133J1V1,NUTRICION Y DIETETICA,UNIVERSIDAD CATOLICA DEL MAULE,Other Healthcare,-0.293919947522022,1098362.94051025,190,4,2022,2025,1.09836294051025
I13S7C37J1V1,NUTRICION Y DIETETICA,UNIVERSIDAD SANTO TOMAS,Other Healthcare,-0.281608937614805,1082490.08512572,114,4,2022,2025,1.08249008512572
I82S1C265J1V1,TERAPIA OCUPACIONAL,UNIVERSIDAD METROPOLITANA DE CIENCIAS DE LA EDUCACION,Other Healthcare,-0.278492308768824,1302065.65787647,16,3,2023,2025,1.30206565787647
I39S6C17J1V1,MEDICINA VETERINARIA,UNIVERSIDAD SAN SEBASTIAN,Other Healthcare,-0.268328425219946,1314952.09790691,677,5,2021,2025,1.31495209790691
I20S3C38J1V1,TERAPIA OCUPACIONAL,UNIVERSIDAD ANDRES BELLO,Other Healthcare,-0.260795352091802,1247794.87264906,183,4,2022,2025,1.24779487264906
I155S2C52J1V1,LABORATORISTA DENTAL,IP LOS LEONES,Other Healthcare,-0.25669411586566,803405.714101805,13,3,2022,2024,0.803405714101805
I895S1C45J1V1,NUTRICION Y DIETETICA,UNIVERSIDAD DE O'HIGGINS,Other Healthcare,-0.251560641809493,1147329.59327506,191,4,2022,2025,1.14732959327506
I10S6C25J1V1,NUTRICION Y DIETETICA,UNIVERSIDAD MAYOR,Other Healthcare,-0.250672077495023,1174030.85636057,200,4,2022,2025,1.17403085636057
I79S1C170J1V1,KINESIOLOGIA,UNIVERSIDAD DE ATACAMA,Other Healthcare,-0.248304014770825,1530017.89842957,211,4,2022,2025,1.53001789842957
I50S2C212J1V1,KINESIOLOGIA,UNIVERSIDAD BERNARDO O'HIGGINS,Other Healthcare,-0.248249245834243,1249758.77979617,203,4,2022,2025,1.24975877979617
I90S1C127J1V1,TERAPIA OCUPACIONAL,UNIVERSIDAD AUSTRAL DE CHILE,Other Healthcare,-0.243394224178354,1242349.13226459,181,4,2022,2025,1.24234913226459
I10S6C72J1V1,TERAPIA OCUPACIONAL,UNIVERSIDAD MAYOR,Other Healthcare,-0.242296741719965,1280888.02789383,194,4,2022,2025,1.28088802789383
I10S4C25J1V1,NUTRICION Y DIETETICA,UNIVERSIDAD MAYOR,Other Healthcare,-0.241323573590954,1174030.85636057,82,4,2022,2025,1.17403085636057
I20S4C21J1V1,KINESIOLOGIA,UNIVERSIDAD ANDRES BELLO,Other Healthcare,-0.239458250039406,1383139.14922945,282,4,2022,2025,1.38313914922945
I39S6C10J1V1,KINESIOLOGIA,UNIVERSIDAD SAN SEBASTIAN,Other Healthcare,-0.233430606027494,1368177.36603361,387,4,2022,2025,1.36817736603361
I20S1C65J1V1,NUTRICION Y DIETETICA,UNIVERSIDAD ANDRES BELLO,Other Healthcare,-0.227907834206052,1143698.47402456,232,4,2022,2025,1.14369847402456
I20S3C65J1V1,NUTRICION Y DIETETICA,UNIVERSIDAD ANDRES BELLO,Other Healthcare,-0.22727428920082,1143698.47402456,191,5,2021,2025,1.14369847402456
I13S7C31J1V1,KINESIOLOGIA,UNIVERSIDAD SANTO TOMAS,Other Healthcare,-0.226483521087662,1309116.38809964,120,4,2022,2025,1.30911638809964
I13S1C37J1V1,NUTRICION Y DIETETICA,UNIVERSIDAD SANTO TOMAS,Other Healthcare,-0.22374701981333,1082490.08512572,104,4,2022,2025,1.08249008512572
I895S1C4J1V1,TERAPIA OCUPACIONAL,UNIVERSIDAD DE O'HIGGINS,Other Healthcare,-0.217610591699043,1240208.22234037,272,4,2022,2025,1.24020822234037
I39S8C26J1V1,NUTRICION Y DIETETICA,UNIVERSIDAD SAN SEBASTIAN,Other Healthcare,-0.214842834052098,1131326.78414846,134,5,2021,2025,1.13132678414846
I77S1C49J1V1,KINESIOLOGIA,UNIVERSIDAD DE MAGALLANES,Other Healthcare,-0.210001620354031,1419480.35517998,144,4,2022,2025,1.41948035517998
I39S2C10J1V1,KINESIOLOGIA,UNIVERSIDAD SAN SEBASTIAN,Other Healthcare,-0.205972414201075,1368177.36603361,339,4,2022,2025,1.36817736603361
I2S1C16J1V2,NUTRICION Y DIETETICA,UNIVERSIDAD FINIS TERRAE,Other Healthcare,-0.204262672097143,1262240.86911261,209,4,2022,2025,1.26224086911261
I50S2C353J1V1,MEDICINA VETERINARIA,UNIVERSIDAD BERNARDO O'HIGGINS,Other Healthcare,-0.203682676424007,1201140.26892196,328,5,2021,2025,1.20114026892196
I143S9C730J1V1,TECNICO EN FARMACIA,IP AIEP,Other Healthcare,-0.201356438760134,1004965.78000293,11,4,2022,2025,1.00496578000293
I31S4C42J1V1,NUTRICION Y DIETETICA,UNIVERSIDAD AUTONOMA DE CHILE,Other Healthcare,-0.197225968777331,1062733.11560045,254,4,2022,2025,1.06273311560045
I39S8C10J1V1,KINESIOLOGIA,UNIVERSIDAD SAN SEBASTIAN,Other Healthcare,-0.192270217375554,1368177.36603361,204,4,2022,2025,1.36817736603361
I13S3C31J1V1,KINESIOLOGIA,UNIVERSIDAD SANTO TOMAS,Other Healthcare,-0.188620477264738,1309116.38809964,100,4,2022,2025,1.30911638809964
I13S5C44J1V1,TERAPIA OCUPACIONAL,UNIVERSIDAD SANTO TOMAS,Other Healthcare,-0.179274361614968,1181015.45869887,121,4,2022,2025,1.18101545869887
I84S1C320J1V1,KINESIOLOGIA,UNIVERSIDAD DE LOS LAGOS,Other Healthcare,-0.176857312534352,1263506.76154789,215,5,2021,2025,1.26350676154789
I73S2C251J1V1,TERAPIA OCUPACIONAL,UNIVERSIDAD DE ANTOFAGASTA,Other Healthcare,-0.174007636123689,1387678.59666789,119,4,2022,2025,1.38767859666789
I80S1C9J1V2,KINESIOLOGIA Y REHABILITACION,UNIVERSIDAD DE TARAPACA,Other Healthcare,-0.158471574365331,1340602.0492585,212,4,2022,2025,1.3406020492585
I39S2C17J1V1,MEDICINA VETERINARIA,UNIVERSIDAD SAN SEBASTIAN,Other Healthcare,-0.154143081835875,1314952.09790691,481,4,2022,2025,1.31495209790691
I39S8C17J1V1,MEDICINA VETERINARIA,UNIVERSIDAD SAN SEBASTIAN,Other Healthcare,-0.151258588153646,1314952.09790691,333,4,2022,2025,1.31495209790691
I13S16C31J1V1,KINESIOLOGIA,UNIVERSIDAD SANTO TOMAS,Other Healthcare,-0.145884809402972,1309116.38809964,116,5,2021,2025,1.30911638809964
I72S1C32J1V1,FONOAUDIOLOGIA,UNIVERSIDAD DE VALPARAISO,Other Healthcare,-0.144707991947707,1100181.4478514,152,4,2022,2025,1.1001814478514
I13S4C31J1V1,KINESIOLOGIA,UNIVERSIDAD SANTO TOMAS,Other Healthcare,-0.14336567123276,1309116.38809964,115,4,2022,2025,1.30911638809964
I895S2C21J1V1,MEDICINA VETERINARIA,UNIVERSIDAD DE O'HIGGINS,Other Healthcare,-0.140736504816565,1331265.56290353,269,4,2022,2025,1.33126556290353
I4S7C954J1V1,KINESIOLOGIA,UNIVERSIDAD CENTRAL DE CHILE,Other Healthcare,-0.140111797068481,1419392.1957505,157,4,2022,2025,1.4193921957505
I87S1C16J1V1,TRABAJO SOCIAL,UNIVERSIDAD DE CONCEPCION,Other Healthcare,-0.137791433854918,1140464.71313402,199,4,2022,2025,1.14046471313402
I13S5C37J1V1,NUTRICION Y DIETETICA,UNIVERSIDAD SANTO TOMAS,Other Healthcare,-0.135150592401343,1082490.08512572,113,4,2022,2025,1.08249008512572
I20S4C64J1V1,MEDICINA VETERINARIA,UNIVERSIDAD ANDRES BELLO,Other Healthcare,-0.131033033350536,1329331.83308615,324,4,2022,2025,1.32933183308615
I13S6C31J1V1,KINESIOLOGIA,UNIVERSIDAD SANTO TOMAS,Other Healthcare,-0.124878707598168,1309116.38809964,112,4,2022,2025,1.30911638809964
I76S1C233J1V1,TERAPIA OCUPACIONAL,UNIVERSIDAD DE LA FRONTERA,Other Healthcare,-0.123540436851688,1187659.91462727,143,4,2022,2025,1.18765991462727
I13S10C1J1V1,MEDICINA VETERINARIA,UNIVERSIDAD SANTO TOMAS,Other Healthcare,-0.11420870516805,1258188.72879501,109,4,2022,2025,1.25818872879501
I75S2C22J1V2,NUTRICION Y DIETETICA,UNIVERSIDAD DEL BIO-BIO,Other Healthcare,-0.0980945921885175,1067174.47786801,188,4,2022,2025,1.06717447786801
I31S3C39J1V1,KINESIOLOGIA,UNIVERSIDAD AUTONOMA DE CHILE,Other Healthcare,-0.0926991775940665,1285223.16917772,205,4,2022,2025,1.28522316917772
I10S4C24J1V1,KINESIOLOGIA,UNIVERSIDAD MAYOR,Other Healthcare,-0.081136559220614,1419821.81205639,119,4,2022,2025,1.41982181205639
I72S1C78J1V1,NUTRICION Y DIETETICA,UNIVERSIDAD DE VALPARAISO,Other Healthcare,-0.0793114342196947,1183542.92175771,232,4,2022,2025,1.18354292175771
I94S1C13J1V1,MEDICINA VETERINARIA,UNIVERSIDAD CATOLICA DE TEMUCO,Other Healthcare,-0.0733607037587622,1277769.18657086,311,4,2022,2025,1.27776918657086
I87S1C151J1V1,FONOAUDIOLOGIA,UNIVERSIDAD DE CONCEPCION,Other Healthcare,-0.0724566948705747,1074441.67399588,166,4,2022,2025,1.07444167399588
I31S2C39J1V1,KINESIOLOGIA,UNIVERSIDAD AUTONOMA DE CHILE,Other Healthcare,-0.0720740773547128,1285223.16917772,227,4,2022,2025,1.28522316917772
I73S2C151J1V1,NUTRICION Y DIETETICA,UNIVERSIDAD DE ANTOFAGASTA,Other Healthcare,-0.068073075643087,1271912.49798634,145,4,2022,2025,1.27191249798634
I82S1C23J1V1,KINESIOLOGIA,UNIVERSIDAD METROPOLITANA DE CIENCIAS DE LA EDUCACION,Other Healthcare,-0.0633715582174538,1443296.51111064,172,4,2022,2025,1.44329651111064
I71S1C555J1V1,TERAPIA OCUPACIONAL,UNIVERSIDAD DE SANTIAGO DE CHILE,Other Healthcare,-0.0439784228310948,1365912.33620883,152,4,2022,2025,1.36591233620883
I20S3C21J1V1,KINESIOLOGIA,UNIVERSIDAD ANDRES BELLO,Other Healthcare,-0.0399053463843986,1383139.14922945,405,5,2021,2025,1.38313914922945
I20S1C64J1V1,MEDICINA VETERINARIA,UNIVERSIDAD ANDRES BELLO,Other Healthcare,-0.0238435834439238,1329331.83308615,973,5,2021,2025,1.32933183308615
I13S5C31J1V1,KINESIOLOGIA,UNIVERSIDAD SANTO TOMAS,Other Healthcare,-0.0172709878143411,1309116.38809964,163,4,2022,2025,1.30911638809964
I13S1C31J1V1,KINESIOLOGIA,UNIVERSIDAD SANTO TOMAS,Other Healthcare,-0.00253615049795515,1309116.38809964,126,4,2022,2025,1.30911638809964
I78S1C369J1V1,TERAPIA OCUPACIONAL,UNIVERSIDAD DE TALCA,Other Healthcare,0.013583926624593,1243246.82403617,179,4,2022,2025,1.24324682403617
I31S1C39J1V1,KINESIOLOGIA,UNIVERSIDAD AUTONOMA DE CHILE,Other Healthcare,0.0138527794024243,1285223.16917772,169,4,2022,2025,1.28522316917772
I13S11C1J1V1,MEDICINA VETERINARIA,UNIVERSIDAD SANTO TOMAS,Other Healthcare,0.0282147323940089,1258188.72879501,120,4,2022,2025,1.25818872879501
I73S2C24J1V1,KINESIOLOGIA,UNIVERSIDAD DE ANTOFAGASTA,Other Healthcare,0.0284829988442944,1538195.60864549,173,4,2022,2025,1.53819560864549
I34S1C278J1V2,BACHILLERATO EN SALUD,UNIVERSIDAD DE LOS ANDES,Other Healthcare,0.0314262769377656,1991843.67195984,21,3,2022,2024,1.99184367195984
I78S1C239J1V1,NUTRICION Y DIETETICA,UNIVERSIDAD DE TALCA,Other Healthcare,0.0380132206581216,1139529.84312828,222,4,2022,2025,1.13952984312828
I895S1C46J1V1,KINESIOLOGIA,UNIVERSIDAD DE O'HIGGINS,Other Healthcare,0.0388191959203992,1385663.07679958,193,4,2022,2025,1.38566307679958
I86S5C205J1V2,TRABAJO SOCIAL,PONTIFICIA UNIVERSIDAD CATOLICA DE CHILE,Other Healthcare,0.0497944152067313,1349672.68258067,215,4,2022,2025,1.34967268258067
I20S3C64J1V1,MEDICINA VETERINARIA,UNIVERSIDAD ANDRES BELLO,Other Healthcare,0.0534956747494381,1329331.83308615,605,5,2021,2025,1.32933183308615
I13S9C31J1V1,KINESIOLOGIA,UNIVERSIDAD SANTO TOMAS,Other Healthcare,0.0543356082110374,1309116.38809964,165,4,2022,2025,1.30911638809964
I76S1C21J1V1,NUTRICION Y DIETETICA,UNIVERSIDAD DE LA FRONTERA,Other Healthcare,0.0590494444036058,1088580.23205019,148,4,2022,2025,1.08858023205019
I13S2C44J1V1,TERAPIA OCUPACIONAL,UNIVERSIDAD SANTO TOMAS,Other Healthcare,0.0672312442137501,1181015.45869887,14,1,2022,2022,1.18101545869887
I13S1C1J1V1,MEDICINA VETERINARIA,UNIVERSIDAD SANTO TOMAS,Other Healthcare,0.0674021091597036,1258188.72879501,347,4,2022,2025,1.25818872879501
I92S1C14J1V1,KINESIOLOGIA,UNIVERSIDAD CATOLICA DEL MAULE,Other Healthcare,0.0812458970575964,1328312.32845544,289,4,2022,2025,1.32831232845544
I92S2C185J1V1,MEDICINA VETERINARIA,UNIVERSIDAD CATOLICA DEL MAULE,Other Healthcare,0.0885907968760993,1276637.90261473,157,4,2022,2025,1.27663790261473
I20S2C21J1V1,KINESIOLOGIA,UNIVERSIDAD ANDRES BELLO,Other Healthcare,0.0892573538198904,1383139.14922945,860,4,2022,2025,1.38313914922945
I13S7C1J1V1,MEDICINA VETERINARIA,UNIVERSIDAD SANTO TOMAS,Other Healthcare,0.100072008830302,1258188.72879501,233,4,2022,2025,1.25818872879501
I70S1C42J1V1,FONOAUDIOLOGIA,UNIVERSIDAD DE CHILE,Other Healthcare,0.100112151775324,1277077.61283223,167,4,2022,2025,1.27707761283223
I70S1C864J1V1,TRABAJO SOCIAL,UNIVERSIDAD DE CHILE,Other Healthcare,0.106556106501017,1355552.36605069,168,4,2022,2025,1.35555236605069
I13S16C1J1V1,MEDICINA VETERINARIA,UNIVERSIDAD SANTO TOMAS,Other Healthcare,0.10956566162116,1258188.72879501,115,4,2022,2025,1.25818872879501
I10S4C182J1V2,MEDICINA VETERINARIA,UNIVERSIDAD MAYOR,Other Healthcare,0.119232856310759,1364587.45537505,123,4,2022,2025,1.36458745537505
I45S2C54J1V1,FONOAUDIOLOGIA,UNIVERSIDAD DEL DESARROLLO,Other Healthcare,0.122338555224542,1188924.45718459,29,3,2022,2024,1.18892445718459
I31S4C39J1V1,KINESIOLOGIA,UNIVERSIDAD AUTONOMA DE CHILE,Other Healthcare,0.125501857532554,1285223.16917772,225,4,2022,2025,1.28522316917772
I91S2C106J1V1,NUTRICION Y DIETETICA,UNIVERSIDAD CATOLICA DEL NORTE,Other Healthcare,0.125705534505919,1273597.55975451,141,4,2022,2025,1.27359755975451
I76S1C372J1V1,MEDICINA VETERINARIA,UNIVERSIDAD DE LA FRONTERA,Other Healthcare,0.129035384927094,1265267.36565494,186,4,2022,2025,1.26526736565494
I93S1C172J1V1,KINESIOLOGIA,UNIVERSIDAD CATOLICA DE LA SANTISIMA CONCEPCION,Other Healthcare,0.129699219541981,1243944.03869987,310,4,2022,2025,1.24394403869987
I13S6C1J1V1,MEDICINA VETERINARIA,UNIVERSIDAD SANTO TOMAS,Other Healthcare,0.135472866736893,1258188.72879501,257,4,2022,2025,1.25818872879501
I45S1C53J1V1,KINESIOLOGIA,UNIVERSIDAD DEL DESARROLLO,Other Healthcare,0.136598998089824,1546779.0759941,133,4,2022,2025,1.5467790759941
I39S8C77J1V2,BACHILLERATO EN CIENCIAS DE LA SALUD,UNIVERSIDAD SAN SEBASTIAN,Other Healthcare,0.150472022783974,1567846.62593857,52,3,2023,2025,1.56784662593857
I90S1C144J1V1,KINESIOLOGIA,UNIVERSIDAD AUSTRAL DE CHILE,Other Healthcare,0.155839163469061,1377102.72698777,214,4,2022,2025,1.37710272698777
I45S1C98J1V2,NUTRICION Y DIETETICA,UNIVERSIDAD DEL DESARROLLO,Other Healthcare,0.166148240627417,1279010.04743675,58,4,2022,2025,1.27901004743675
I10S6C24J1V1,KINESIOLOGIA,UNIVERSIDAD MAYOR,Other Healthcare,0.167783654304541,1419821.81205639,268,4,2022,2025,1.41982181205639
I39S7C77J1V2,BACHILLERATO EN CIENCIAS DE LA SALUD,UNIVERSIDAD SAN SEBASTIAN,Other Healthcare,0.186152391627367,1567846.62593857,50,3,2023,2025,1.56784662593857
I20S2C770J1V1,BACHILLERATO EN CIENCIAS DE LA SALUD,UNIVERSIDAD ANDRES BELLO,Other Healthcare,0.187027470440436,1601378.67824294,143,4,2022,2025,1.60137867824294
I78S1C15J1V1,KINESIOLOGIA,UNIVERSIDAD DE TALCA,Other Healthcare,0.18953854484758,1378097.7884842,242,4,2022,2025,1.3780977884842
I3S1C331J1V1,KINESIOLOGIA,UNIVERSIDAD DIEGO PORTALES,Other Healthcare,0.190531322468386,1502129.27842428,260,4,2022,2025,1.50212927842428
I39S7C77J1V1,BACHILLERATO EN CIENCIAS DE LA SALUD,UNIVERSIDAD SAN SEBASTIAN,Other Healthcare,0.223715159263527,1567846.62593857,105,3,2022,2024,1.56784662593857
I74S1C161J1V1,KINESIOLOGIA,UNIVERSIDAD DE LA SERENA,Other Healthcare,0.234533567882247,1321687.81224214,167,4,2022,2025,1.32168781224214
I45S4C98J1V1,NUTRICION Y DIETETICA,UNIVERSIDAD DEL DESARROLLO,Other Healthcare,0.240017652889677,1279010.04743675,24,2,2024,2025,1.27901004743675
I89S1C53J1V1,KINESIOLOGIA,PONTIFICIA UNIVERSIDAD CATOLICA DE VALPARAISO,Other Healthcare,0.242146783717419,1373455.54900186,313,4,2022,2025,1.37345554900186
I45S2C98J1V1,NUTRICION Y DIETETICA,UNIVERSIDAD DEL DESARROLLO,Other Healthcare,0.268444928226081,1279010.04743675,104,3,2022,2024,1.27901004743675
I39S6C77J1V1,BACHILLERATO EN CIENCIAS DE LA SALUD,UNIVERSIDAD SAN SEBASTIAN,Other Healthcare,0.31757867616519,1567846.62593857,361,4,2021,2024,1.56784662593857
I87S1C104J1V1,NUTRICION Y DIETETICA,UNIVERSIDAD DE CONCEPCION,Other Healthcare,0.321689357097565,1155852.82826101,203,4,2022,2025,1.15585282826101
I72S1C114J1V1,KINESIOLOGIA,UNIVERSIDAD DE VALPARAISO,Other Healthcare,0.324196438075896,1431325.28988697,255,4,2022,2025,1.43132528988697
I20S1C770J1V1,BACHILLERATO EN CIENCIAS DE LA SALUD,UNIVERSIDAD ANDRES BELLO,Other Healthcare,0.325567780790923,1601378.67824294,253,4,2022,2025,1.60137867824294
I86S5C562J1V1,FONOAUDIOLOGIA,PONTIFICIA UNIVERSIDAD CATOLICA DE CHILE,Other Healthcare,0.331674877021027,1271538.31216177,203,4,2022,2025,1.27153831216177
I45S4C965J1V1,TERAPIA OCUPACIONAL,UNIVERSIDAD DEL DESARROLLO,Other Healthcare,0.337061762389716,1395422.14622551,95,4,2022,2025,1.39542214622551
I20S4C770J1V1,BACHILLERATO EN CIENCIAS DE LA SALUD,UNIVERSIDAD ANDRES BELLO,Other Healthcare,0.338257747017836,1601378.67824294,209,4,2022,2025,1.60137867824294
I10S6C182J1V2,MEDICINA VETERINARIA,UNIVERSIDAD MAYOR,Other Healthcare,0.34314699451153,1364587.45537505,586,4,2022,2025,1.36458745537505
I39S6C77J1V2,BACHILLERATO EN CIENCIAS DE LA SALUD,UNIVERSIDAD SAN SEBASTIAN,Other Healthcare,0.355996261820344,1567846.62593857,168,4,2022,2025,1.56784662593857
I2S1C15J1V1,KINESIOLOGIA,UNIVERSIDAD FINIS TERRAE,Other Healthcare,0.367531063143312,1526499.16169212,251,4,2022,2025,1.52649916169212
I76S1C19J1V1,KINESIOLOGIA,UNIVERSIDAD DE LA FRONTERA,Other Healthcare,0.368638464944924,1316481.54668567,183,4,2022,2025,1.31648154668567
I39S2C77J1V1,BACHILLERATO EN CIENCIAS DE LA SALUD,UNIVERSIDAD SAN SEBASTIAN,Other Healthcare,0.379891858408678,1567846.62593857,305,3,2022,2024,1.56784662593857
I73S2C181J1V1,BACHILLERATO EN CIENCIAS DE LA SALUD,UNIVERSIDAD DE ANTOFAGASTA,Other Healthcare,0.392629591586299,1764829.02476288,226,4,2022,2025,1.76482902476288
I39S2C77J1V2,BACHILLERATO EN CIENCIAS DE LA SALUD,UNIVERSIDAD SAN SEBASTIAN,Other Healthcare,0.419865679182209,1567846.62593857,139,4,2022,2025,1.56784662593857
I87S2C101J1V1,MEDICINA VETERINARIA,UNIVERSIDAD DE CONCEPCION,Other Healthcare,0.433249254943057,1343458.95694272,320,4,2022,2025,1.34345895694272
I71S1C549J1V1,KINESIOLOGIA,UNIVERSIDAD DE SANTIAGO DE CHILE,Other Healthcare,0.452840008038797,1514068.43226966,175,4,2022,2025,1.51406843226966
I91S2C105J1V1,KINESIOLOGIA,UNIVERSIDAD CATOLICA DEL NORTE,Other Healthcare,0.453324530724766,1540233.44899708,138,4,2022,2025,1.54023344899708
I70S1C181J1V1,TERAPIA OCUPACIONAL,UNIVERSIDAD DE CHILE,Other Healthcare,0.455855584686523,1498886.13412402,209,5,2021,2025,1.49888613412402
I45S2C53J1V1,KINESIOLOGIA,UNIVERSIDAD DEL DESARROLLO,Other Healthcare,0.462641905654552,1546779.0759941,195,4,2021,2024,1.5467790759941
I39S8C77J1V1,BACHILLERATO EN CIENCIAS DE LA SALUD,UNIVERSIDAD SAN SEBASTIAN,Other Healthcare,0.464897124044755,1567846.62593857,149,3,2022,2024,1.56784662593857
I45S4C53J1V1,KINESIOLOGIA,UNIVERSIDAD DEL DESARROLLO,Other Healthcare,0.484268756151146,1546779.0759941,69,3,2023,2025,1.5467790759941
I20S3C770J1V1,BACHILLERATO EN CIENCIAS DE LA SALUD,UNIVERSIDAD ANDRES BELLO,Other Healthcare,0.524424944256859,1601378.67824294,236,4,2022,2025,1.60137867824294
I34S1C226J1V1,NUTRICION Y DIETETICA,UNIVERSIDAD DE LOS ANDES,Other Healthcare,0.555243890073159,1371721.92946453,120,4,2022,2025,1.37172192946453
I70S1C159J1V1,NUTRICION Y DIETETICA,UNIVERSIDAD DE CHILE,Other Healthcare,0.565465208891983,1373842.62582746,204,4,2022,2025,1.37384262582746
I90S1C91J1V1,MEDICINA VETERINARIA,UNIVERSIDAD AUSTRAL DE CHILE,Other Healthcare,0.65389243364524,1323530.24164954,395,4,2022,2025,1.32353024164954
I87S1C235J1V1,KINESIOLOGIA,UNIVERSIDAD DE CONCEPCION,Other Healthcare,0.797494014699589,1397838.09616331,237,4,2022,2025,1.39783809616331
I34S1C185J1V1,TERAPIA OCUPACIONAL,UNIVERSIDAD DE LOS ANDES,Other Healthcare,0.863824988829223,1496572.41760852,156,4,2022,2025,1.49657241760852
I10S6C675J1V1,BACHILLERATO EN CIENCIAS DE LA SALUD,UNIVERSIDAD MAYOR,Other Healthcare,0.872116068571374,1602302.73904511,206,4,2022,2025,1.60230273904511
I86S1C1135J1V1,TERAPIA OCUPACIONAL,PONTIFICIA UNIVERSIDAD CATOLICA DE CHILE,Other Healthcare,0.892006204804977,1492384.74306973,72,2,2022,2023,1.49238474306973
I87S1C101J1V1,MEDICINA VETERINARIA,UNIVERSIDAD DE CONCEPCION,Other Healthcare,0.921328871194109,1343458.95694272,283,4,2022,2025,1.34345895694272
I10S4C675J1V1,BACHILLERATO EN CIENCIAS DE LA SALUD,UNIVERSIDAD MAYOR,Other Healthcare,0.923514321761226,1602302.73904511,121,4,2022,2025,1.60230273904511
I70S1C157J1V1,MEDICINA VETERINARIA,UNIVERSIDAD DE CHILE,Other Healthcare,0.925678436199562,1596830.61369887,594,4,2022,2025,1.59683061369887
I92S1C396J1V1,BACHILLERATO EN CIENCIAS BIOMEDICAS,UNIVERSIDAD CATOLICA DEL MAULE,Other Healthcare,0.95136256277415,1366670.38705018,141,4,2022,2025,1.36667038705018
I34S1C146J1V1,KINESIOLOGIA,UNIVERSIDAD DE LOS ANDES,Other Healthcare,0.988093717068584,1658900.79036531,229,4,2022,2025,1.65890079036531
I86S5C557J1V1,NUTRICION Y DIETETICA,PONTIFICIA UNIVERSIDAD CATOLICA DE CHILE,Other Healthcare,0.991004832098649,1367883.60869186,236,4,2022,2025,1.36788360869186
I86S5C1135J1V1,TERAPIA OCUPACIONAL,PONTIFICIA UNIVERSIDAD CATOLICA DE CHILE,Other Healthcare,0.993578573612358,1492384.74306973,206,4,2022,2025,1.49238474306973
I70S1C66J1V1,KINESIOLOGIA,UNIVERSIDAD DE CHILE,Other Healthcare,1.04459467240078,1661465.46823261,200,4,2022,2025,1.66146546823261
I86S5C535J1V1,KINESIOLOGIA,PONTIFICIA UNIVERSIDAD CATOLICA DE CHILE,Other Healthcare,1.40781069987997,1654258.89230515,310,4,2022,2025,1.65425889230515
I86S5C1124J1V1,MEDICINA VETERINARIA,PONTIFICIA UNIVERSIDAD CATOLICA DE CHILE,Other Healthcare,1.52293220690509,1589904.39026484,332,4,2022,2025,1.58990439026484
I117S1C61J4V1,TECNICO DE NIVEL SUPERIOR EN RECURSOS HUMANOS,IP IACC,Business,-1.14906468063577,1015074.32563433,13,4,2022,2025,1.01507432563433
I629S0C100J2V1,TECNICO DE NIVEL SUPERIOR EN LOGISTICA,CFT PUCV,Business,-1.10702950690223,1157071.21856102,10,4,2022,2025,1.15707121856102
I143S9C651J1V1,TECNICO EN ADMINISTRACION DE EMPRESAS,IP AIEP,Business,-1.08628964816509,1001177.68022578,11,4,2022,2025,1.00117768022578
I902S1C26J1V1,TECNICO DE NIVEL SUPERIOR EN GESTION DE RECURSOS HUMANOS,CFT DE LA REGION DE ARICA Y PARINACOTA,Business,-1.05969646342984,1015074.32563433,12,2,2022,2023,1.01507432563433
I93S3C216J2V2,TECNICO UNIVERSITARIO EN ADMINISTRACION,UNIVERSIDAD CATOLICA DE LA SANTISIMA CONCEPCION,Business,-0.997138149889286,939435.212930054,10,4,2022,2025,0.939435212930054
I111S7C485J1V1,INGENIERIA EN ADMINISTRACION MENCION GESTION DE PERSONAS,IP DUOC UC,Business,-0.989760685319565,1299891.8260516,33,4,2022,2025,1.2998918260516
I111S4C538J1V1,RELACIONES PUBLICAS Y COMUNICACION ORGANIZACIONAL,IP DUOC UC,Business,-0.972929061921054,1122595.11565963,10,2,2024,2025,1.12259511565963
I111S22C485J2V2,INGENIERIA EN ADMINISTRACION MENCION GESTION DE PERSONAS,IP DUOC UC,Business,-0.939095372854923,1299891.8260516,11,4,2022,2025,1.2998918260516
I123S5C48J1V1,TECNICO EN ADMINISTRACION DE EMPRESAS,IP DE CHILE,Business,-0.923988946453066,1001177.68022578,16,4,2022,2025,1.00117768022578
I111S20C422J1V1,TECNICO EN GESTION LOGISTICA,IP DUOC UC,Business,-0.917833845899582,1124781.8250052,17,3,2022,2025,1.1247818250052
I430S12C351J1V1,TECNICO EN ADMINISTRACION PUBLICA,CFT INACAP,Business,-0.915093542063668,1146410.2633274,13,4,2022,2025,1.1464102633274
I430S9C45J1V1,CONTABILIDAD GENERAL,CFT INACAP,Business,-0.900812224803398,1180628.75311209,12,4,2022,2025,1.18062875311209
I143S15C660J1V1,ADMINISTRACION PUBLICA,IP AIEP,Business,-0.896294227803305,1550429.67598829,14,3,2022,2025,1.55042967598829
I111S3C485J1V1,INGENIERIA EN ADMINISTRACION MENCION GESTION DE PERSONAS,IP DUOC UC,Business,-0.894867580340554,1299891.8260516,15,3,2023,2025,1.2998918260516
I93S2C76J1V2,TECNICO UNIVERSITARIO EN LOGISTICA,UNIVERSIDAD CATOLICA DE LA SANTISIMA CONCEPCION,Business,-0.893331744888986,1111926.84022053,17,4,2022,2025,1.11192684022053
I260S42C284J1V1,TECNICO EN REGISTROS E INFORMACION BIOMEDICA,CFT SANTO TOMAS,Business,-0.889424388008403,921577.363604355,27,4,2022,2025,0.921577363604355
I111S9C491J1V1,TECNICO EN GESTION DE PERSONAS,IP DUOC UC,Business,-0.888470512804933,1015074.32563433,12,2,2022,2023,1.01507432563433
I450S1C33J2V1,ADMINISTRACION DE EMPRESAS,CFT LOTA-ARAUCO,Business,-0.887151430449417,938670.883085759,15,4,2022,2025,0.938670883085759
I106S6C262J4V2,INGENIERIA EN ADMINISTRACION MENCION MARKETING O FINANZAS O RECURSOS HUMANOS,IP PROVIDENCIA,Business,-0.884699666110974,1388696.59009068,11,3,2022,2024,1.38869659009068
I902S1C2J2V1,TECNICO DE NIVEL SUPERIOR EN GESTION DE COMERCIO EXTERIOR,CFT DE LA REGION DE ARICA Y PARINACOTA,Business,-0.883745376340752,1115807.42116101,16,4,2022,2025,1.11580742116101
I111S2C485J1V1,INGENIERIA EN ADMINISTRACION MENCION GESTION DE PERSONAS,IP DUOC UC,Business,-0.882360942475703,1299891.8260516,24,4,2022,2025,1.2998918260516
I902S1C7J1V1,TECNICO DE NIVEL SUPERIOR EN CONTROL DE GESTION Y LOGISTICA,CFT DE LA REGION DE ARICA Y PARINACOTA,Business,-0.879354511083509,1124781.8250052,10,3,2022,2024,1.1247818250052
I260S35C120J2V1,TECNICO EN ADMINISTRACION,CFT SANTO TOMAS,Business,-0.87191446893121,952673.086203997,11,3,2022,2025,0.952673086203997
I260S11C284J1V1,TECNICO EN REGISTROS E INFORMACION BIOMEDICA,CFT SANTO TOMAS,Business,-0.87074344522676,921577.363604355,40,4,2022,2025,0.921577363604355
I430S9C2J1V1,COMERCIO EXTERIOR,CFT INACAP,Business,-0.870556781835331,1125506.55057754,18,4,2022,2025,1.12550655057754
I111S24C422J1V1,TECNICO EN GESTION LOGISTICA,IP DUOC UC,Business,-0.860295067645569,1124781.8250052,18,4,2022,2025,1.1247818250052
I430S1C67J1V1,TECNICO EN LOGISTICA,CFT INACAP,Business,-0.849947443894482,1204115.13108288,22,3,2023,2025,1.20411513108288
I456S2C45J1V1,ADMINISTRACION BILINGÜE,CFT CEDUC - UCN,Business,-0.840498705129165,1325855.92928801,13,3,2022,2024,1.32585592928801
I913S1C4J1V1,TECNICO DE NIVEL SUPERIOR EN LOGISTICA,CFT DE LA REGION DEL LIBERTADOR GENERAL BERNARDO O'HIGGINS,Business,-0.835024890977761,1124781.8250052,10,4,2022,2025,1.1247818250052
I100S5C119J1V1,INGENIERIA EN LOGISTICA,IP INACAP,Business,-0.828319576661037,1556398.4690266,28,4,2022,2025,1.5563984690266
I116S10C141J2V2,INGENIERIA EN ADMINISTRACION DE RECURSOS HUMANOS,IP SANTO TOMAS,Business,-0.827370377247121,1299891.8260516,30,4,2022,2025,1.2998918260516
I139S3C34J2V1,TECNICO EN LOGISTICA MARITIMA PORTUARIA,IP DR. VIRGINIO GOMEZ G.,Business,-0.816894352335204,1124781.8250052,13,4,2022,2025,1.1247818250052
I260S38C120J1V1,TECNICO EN ADMINISTRACION,CFT SANTO TOMAS,Business,-0.813682979975302,952673.086203997,34,4,2022,2025,0.952673086203997
I81S1C583J2V1,TECNICO DE NIVEL SUPERIOR EN ADMINISTRACION DE EMPRESAS,UNIVERSIDAD ARTURO PRAT,Business,-0.810097955765233,1046856.37785001,17,4,2022,2025,1.04685637785001
I629S6C113J1V1,TECNICO DE NIVEL SUPERIOR EN ADMINISTRACION DE EMPRESAS,CFT PUCV,Business,-0.809987793859508,977576.408146166,33,4,2022,2025,0.977576408146166
I116S31C141J2V1,INGENIERIA EN ADMINISTRACION DE RECURSOS HUMANOS,IP SANTO TOMAS,Business,-0.80557507694735,1299891.8260516,10,4,2022,2025,1.2998918260516
I116S10C221J1V1,INGENIERIA EN ADMINISTRACION DE EMPRESAS,IP SANTO TOMAS,Business,-0.805072204338998,1388696.59009068,14,3,2023,2025,1.38869659009068
I116S31C141J1V1,INGENIERIA EN ADMINISTRACION DE RECURSOS HUMANOS,IP SANTO TOMAS,Business,-0.802967717588539,1299891.8260516,51,4,2022,2025,1.2998918260516
I111S20C485J2V1,INGENIERIA EN ADMINISTRACION MENCION GESTION DE PERSONAS,IP DUOC UC,Business,-0.800856153316263,1299891.8260516,12,4,2022,2025,1.2998918260516
I430S34C2J2V1,COMERCIO EXTERIOR,CFT INACAP,Business,-0.800481328756443,1125506.55057754,12,3,2022,2025,1.12550655057754
I123S2C37J2V2,INGENIERIA EN ADMINISTRACION DE EMPRESAS,IP DE CHILE,Business,-0.797833185992563,1388696.59009068,13,4,2022,2025,1.38869659009068
I111S9C2J2V1,PUBLICIDAD,IP DUOC UC,Business,-0.795758039706035,1271755.0665941,12,4,2022,2025,1.2717550665941
I79S3C144J2V1,TECNICO UNIVERSITARIO EN ADMINISTRACION DE EMPRESAS,UNIVERSIDAD DE ATACAMA,Business,-0.794279703584008,1155480.18679381,21,4,2022,2025,1.15548018679381
I430S16C351J1V1,TECNICO EN ADMINISTRACION PUBLICA,CFT INACAP,Business,-0.792908597016574,1146410.2633274,13,3,2023,2025,1.1464102633274
I143S21C645J1V1,TECNICO EN OPERACIONES LOGISTICAS,IP AIEP,Business,-0.791152174300438,1124781.8250052,10,4,2022,2025,1.1247818250052
I100S39C300J1V1,INGENIERIA EN ADMINISTRACION DE EMPRESAS,IP INACAP,Business,-0.789717610851348,1388696.59009068,16,4,2022,2025,1.38869659009068
I260S12C120J2V1,TECNICO EN ADMINISTRACION,CFT SANTO TOMAS,Business,-0.7861345097848,952673.086203997,11,4,2022,2025,0.952673086203997
I111S9C2J1V1,PUBLICIDAD,IP DUOC UC,Business,-0.784417846733607,1271755.0665941,131,4,2022,2025,1.2717550665941
I430S2C201J2V1,ADMINISTRACION DE EMPRESAS,CFT INACAP,Business,-0.784139817790126,1017322.46551112,10,4,2022,2025,1.01732246551112
I629S0C100J1V1,LOGISTICA,CFT PUCV,Business,-0.779791867455365,1157071.21856102,12,4,2022,2025,1.15707121856102
I430S30C67J1V1,TECNICO EN LOGISTICA,CFT INACAP,Business,-0.77859580360236,1204115.13108288,26,4,2022,2025,1.20411513108288
I902S1C2J1V1,TECNICO DE NIVEL SUPERIOR EN GESTION DE COMERCIO EXTERIOR,CFT DE LA REGION DE ARICA Y PARINACOTA,Business,-0.776017208800973,1115807.42116101,16,3,2022,2024,1.11580742116101
I260S22C120J1V1,TECNICO EN ADMINISTRACION,CFT SANTO TOMAS,Business,-0.775191487060123,952673.086203997,39,4,2022,2025,0.952673086203997
I111S21C6J2V1,AUDITORIA,IP DUOC UC,Business,-0.774089918617165,1407951.12119211,23,4,2022,2025,1.40795112119211
I13S1C12J2V1,CONTADOR PUBLICO Y AUDITOR,UNIVERSIDAD SANTO TOMAS,Business,-0.772095064162404,1375384.33565805,13,3,2022,2024,1.37538433565805
I111S23C491J1V1,TECNICO EN GESTION DE PERSONAS,IP DUOC UC,Business,-0.765170352812815,1015074.32563433,13,2,2022,2023,1.01507432563433
I111S21C352J2V1,INGENIERIA EN COMERCIO EXTERIOR,IP DUOC UC,Business,-0.760498167518106,1386393.93003712,22,4,2022,2025,1.38639393003712
I111S23C485J1V1,INGENIERIA EN ADMINISTRACION MENCION GESTION DE PERSONAS,IP DUOC UC,Business,-0.759789929655092,1299891.8260516,50,4,2022,2025,1.2998918260516
I111S21C513J2V1,INGENIERIA EN MARKETING DIGITAL,IP DUOC UC,Business,-0.759276329659988,1257780.43441787,20,4,2022,2025,1.25778043441787
I111S2C352J2V1,INGENIERIA EN COMERCIO EXTERIOR,IP DUOC UC,Business,-0.759221315877448,1386393.93003712,22,4,2022,2025,1.38639393003712
I430S37C45J1V1,CONTABILIDAD GENERAL,CFT INACAP,Business,-0.758427056634163,1180628.75311209,15,4,2022,2025,1.18062875311209
I143S22C95J1V1,INGENIERIA EN ADMINISTRACION DE EMPRESAS,IP AIEP,Business,-0.758386693318423,1388696.59009068,10,4,2022,2025,1.38869659009068
I116S36C51J1V1,INGENIERIA DE EJECUCION EN ADMINISTRACION,IP SANTO TOMAS,Business,-0.756439433082575,1388696.59009068,19,3,2022,2024,1.38869659009068
I260S45C234J2V1,TECNICO EN ADMINISTRACION LOGISTICA,CFT SANTO TOMAS,Business,-0.75612380230656,1127595.34657216,11,4,2022,2025,1.12759534657216
I111S20C485J1V1,INGENIERIA EN ADMINISTRACION MENCION GESTION DE PERSONAS,IP DUOC UC,Business,-0.755815766420116,1299891.8260516,87,4,2022,2025,1.2998918260516
I111S15C538J1V1,RELACIONES PUBLICAS Y COMUNICACION ORGANIZACIONAL,IP DUOC UC,Business,-0.754910622644343,1122595.11565963,11,3,2023,2025,1.12259511565963
I260S21C234J2V1,TECNICO EN ADMINISTRACION LOGISTICA,CFT SANTO TOMAS,Business,-0.753207324894487,1127595.34657216,16,4,2022,2025,1.12759534657216
I100S4C300J2V1,INGENIERIA EN ADMINISTRACION DE EMPRESAS,IP INACAP,Business,-0.752087269847048,1388696.59009068,14,4,2022,2025,1.38869659009068
I910S1C9J1V1,TECNICO DE NIVEL SUPERIOR EN LOGISTICA,CFT DE LA REGION DE COQUIMBO,Business,-0.748940037688763,1124781.8250052,12,3,2022,2024,1.1247818250052
I260S11C120J1V1,TECNICO EN ADMINISTRACION,CFT SANTO TOMAS,Business,-0.748430908684274,952673.086203997,81,4,2022,2025,0.952673086203997
I139S3C7J1V1,AUDITORIA,IP DR. VIRGINIO GOMEZ G.,Business,-0.748180631944027,1407951.12119211,14,4,2022,2025,1.40795112119211
I111S10C486J1V1,INGENIERIA EN ADMINISTRACION MENCION MARKETING,IP DUOC UC,Business,-0.74774982766225,1257780.43441787,10,1,2022,2022,1.25778043441787
I139S3C34J1V1,TECNICO EN LOGISTICA MARITIMA PORTUARIA,IP DR. VIRGINIO GOMEZ G.,Business,-0.745620531393404,1124781.8250052,27,4,2022,2025,1.1247818250052
I111S3C538J1V1,RELACIONES PUBLICAS Y COMUNICACION ORGANIZACIONAL,IP DUOC UC,Business,-0.743609695438857,1122595.11565963,12,2,2024,2025,1.12259511565963
I111S22C6J1V1,AUDITORIA,IP DUOC UC,Business,-0.743357282628963,1407951.12119211,18,4,2022,2025,1.40795112119211
I84S1C68J1V2,TECNICO UNIVERSITARIO EN ADMINISTRACION DE EMPRESAS,UNIVERSIDAD DE LOS LAGOS,Business,-0.742747986153848,954209.117649614,31,4,2022,2025,0.954209117649614
I111S22C513J1V1,INGENIERIA EN MARKETING DIGITAL,IP DUOC UC,Business,-0.741669614508522,1257780.43441787,39,4,2022,2025,1.25778043441787
I111S20C513J1V1,INGENIERIA EN MARKETING DIGITAL,IP DUOC UC,Business,-0.735480890372468,1257780.43441787,57,5,2021,2025,1.25778043441787
I100S40C300J2V1,INGENIERIA EN ADMINISTRACION DE EMPRESAS,IP INACAP,Business,-0.734621941941192,1388696.59009068,12,4,2022,2025,1.38869659009068
I430S16C201J2V1,ADMINISTRACION DE EMPRESAS,CFT INACAP,Business,-0.733308121439417,1017322.46551112,16,4,2022,2025,1.01732246551112
I111S10C513J1V1,INGENIERIA EN MARKETING DIGITAL,IP DUOC UC,Business,-0.73086882658477,1257780.43441787,62,4,2022,2025,1.25778043441787
I111S4C485J1V1,INGENIERIA EN ADMINISTRACION MENCION GESTION DE PERSONAS,IP DUOC UC,Business,-0.730674269096316,1299891.8260516,58,4,2022,2025,1.2998918260516
I911S2C5J1V1,GESTION LOGISTICA,CFT DE LA REGION DE VALPARAISO,Business,-0.729675424831293,1124781.8250052,37,5,2021,2025,1.1247818250052
I260S2C120J2V1,TECNICO EN ADMINISTRACION,CFT SANTO TOMAS,Business,-0.728487471622382,952673.086203997,23,4,2022,2025,0.952673086203997
I81S3C583J2V1,TECNICO DE NIVEL SUPERIOR EN ADMINISTRACION DE EMPRESAS,UNIVERSIDAD ARTURO PRAT,Business,-0.727723772689563,1046856.37785001,24,4,2022,2025,1.04685637785001
I260S43C234J2V1,TECNICO EN ADMINISTRACION LOGISTICA,CFT SANTO TOMAS,Business,-0.726367260683564,1127595.34657216,10,4,2022,2025,1.12759534657216
I111S15C12J1V1,RELACIONES PUBLICAS MENCION MARKETING,IP DUOC UC,Business,-0.723055317024916,1122595.11565963,50,3,2022,2024,1.12259511565963
I116S28C51J2V1,INGENIERIA DE EJECUCION EN ADMINISTRACION,IP SANTO TOMAS,Business,-0.722275595148416,1388696.59009068,15,3,2022,2024,1.38869659009068
I430S16C332J1V1,TECNICO EN ADMINISTRACION DE EMPRESAS FINANCIERAS,CFT INACAP,Business,-0.720436852086885,1017322.46551112,11,2,2022,2023,1.01732246551112
I913S1C1J1V1,TECNICO DE NIVEL SUPERIOR EN ADMINISTRACION DE EMPRESAS,CFT DE LA REGION DEL LIBERTADOR GENERAL BERNARDO O'HIGGINS,Business,-0.719620104330721,1001177.68022578,18,4,2022,2025,1.00117768022578
I100S24C119J1V1,INGENIERIA EN LOGISTICA,IP INACAP,Business,-0.719433541270806,1556398.4690266,20,4,2022,2025,1.5563984690266
I116S9C141J1V1,INGENIERIA EN ADMINISTRACION DE RECURSOS HUMANOS,IP SANTO TOMAS,Business,-0.719269291008932,1299891.8260516,33,4,2022,2025,1.2998918260516
I116S17C141J2V1,INGENIERIA EN ADMINISTRACION DE RECURSOS HUMANOS,IP SANTO TOMAS,Business,-0.718526404036673,1299891.8260516,16,4,2022,2025,1.2998918260516
I116S2C141J2V1,INGENIERIA EN ADMINISTRACION DE RECURSOS HUMANOS,IP SANTO TOMAS,Business,-0.717865668496457,1299891.8260516,29,4,2022,2025,1.2998918260516
I260S41C263J1V1,TECNICO EN ADMINISTRACION DE RECURSOS HUMANOS,CFT SANTO TOMAS,Business,-0.717234200651391,989093.949136129,17,4,2022,2025,0.989093949136129
I260S3C234J2V1,TECNICO EN ADMINISTRACION LOGISTICA,CFT SANTO TOMAS,Business,-0.716812322993341,1127595.34657216,45,4,2022,2025,1.12759534657216
I456S5C66J1V1,ADMINISTRACION DE EMPRESAS MENCION LOGISTICA,CFT CEDUC - UCN,Business,-0.716720551121646,1051234.67871702,12,3,2022,2025,1.05123467871702
I143S21C95J1V1,INGENIERIA EN ADMINISTRACION DE EMPRESAS,IP AIEP,Business,-0.716302624920743,1388696.59009068,18,3,2023,2025,1.38869659009068
I83S2C282J2V2,TECNICO EN ADMINISTRACION DE RECURSOS HUMANOS,UNIVERSIDAD DE PLAYA ANCHA DE CIENCIAS DE LA EDUCACION,Business,-0.714939191146709,1004078.11015745,35,4,2022,2025,1.00407811015745
I100S14C300J1V1,INGENIERIA EN ADMINISTRACION DE EMPRESAS,IP INACAP,Business,-0.714085181335719,1388696.59009068,18,4,2022,2025,1.38869659009068
I902S1C3J2V1,TECNICO DE NIVEL SUPERIOR EN ADMINISTRACION DE EMPRESAS,CFT DE LA REGION DE ARICA Y PARINACOTA,Business,-0.711844649333593,1001177.68022578,13,4,2022,2025,1.00117768022578
I111S15C513J2V1,INGENIERIA EN MARKETING DIGITAL,IP DUOC UC,Business,-0.71054282176437,1257780.43441787,13,4,2022,2025,1.25778043441787
I430S4C45J2V1,CONTABILIDAD GENERAL,CFT INACAP,Business,-0.710310388946104,1180628.75311209,14,4,2022,2025,1.18062875311209
I111S20C352J2V1,INGENIERIA EN COMERCIO EXTERIOR,IP DUOC UC,Business,-0.709660592193913,1386393.93003712,15,4,2022,2025,1.38639393003712
I260S37C120J1V1,TECNICO EN ADMINISTRACION,CFT SANTO TOMAS,Business,-0.707041096338139,952673.086203997,58,4,2022,2025,0.952673086203997
I430S29C201J1V1,ADMINISTRACION DE EMPRESAS,CFT INACAP,Business,-0.706496174249716,1017322.46551112,53,4,2022,2025,1.01732246551112
I111S15C488J2V1,TECNICO EN ADMINISTRACION,IP DUOC UC,Business,-0.705633707269298,1001177.68022578,20,4,2022,2025,1.00117768022578
I430S9C201J1V1,ADMINISTRACION DE EMPRESAS,CFT INACAP,Business,-0.705536665419847,1017322.46551112,42,4,2022,2025,1.01732246551112
I100S34C308J1V1,INGENIERIA EN ADMINISTRACION DE EMPRESAS FINANCIERAS,IP INACAP,Business,-0.703824090543879,1388696.59009068,10,2,2022,2023,1.38869659009068
I430S40C201J4V1,ADMINISTRACION DE EMPRESAS,CFT INACAP,Business,-0.703355490789524,1017322.46551112,10,3,2022,2025,1.01732246551112
I88S3C471J1V1,TECNICO UNIVERSITARIO EN ADMINISTRACION DE EMPRESAS,UNIVERSIDAD TECNICA FEDERICO SANTA MARIA,Business,-0.702529789171458,1156707.1597592,61,4,2022,2025,1.1567071597592
I111S4C12J1V1,RELACIONES PUBLICAS MENCION MARKETING,IP DUOC UC,Business,-0.700809306944133,1122595.11565963,42,3,2022,2024,1.12259511565963
I100S34C119J2V1,INGENIERIA EN LOGISTICA,IP INACAP,Business,-0.700018798572881,1556398.4690266,12,4,2022,2025,1.5563984690266
I116S39C151J1V1,PUBLICIDAD,IP SANTO TOMAS,Business,-0.698855218946775,1271755.0665941,45,4,2022,2025,1.2717550665941
I902S1C7J2V1,TECNICO DE NIVEL SUPERIOR EN CONTROL DE GESTION Y LOGISTICA,CFT DE LA REGION DE ARICA Y PARINACOTA,Business,-0.698410169065376,1124781.8250052,12,4,2022,2025,1.1247818250052
I910S7C8J1V1,TECNICO DE NIVEL SUPERIOR EN ADMINISTRACION,CFT DE LA REGION DE COQUIMBO,Business,-0.695009212518229,1001177.68022578,20,4,2022,2025,1.00117768022578
I430S3C67J2V1,TECNICO EN LOGISTICA,CFT INACAP,Business,-0.694804356912838,1204115.13108288,14,4,2022,2025,1.20411513108288
I430S10C67J2V1,TECNICO EN LOGISTICA,CFT INACAP,Business,-0.694739143882465,1204115.13108288,21,4,2022,2025,1.20411513108288
I260S50C234J1V1,TECNICO EN ADMINISTRACION LOGISTICA,CFT SANTO TOMAS,Business,-0.693426599646511,1127595.34657216,10,4,2022,2025,1.12759534657216
I79S3C144J1V1,TECNICO UNIVERSITARIO EN ADMINISTRACION DE EMPRESAS,UNIVERSIDAD DE ATACAMA,Business,-0.692372695717987,1155480.18679381,50,4,2022,2025,1.15548018679381
I430S28C201J1V1,ADMINISTRACION DE EMPRESAS,CFT INACAP,Business,-0.692269401841213,1017322.46551112,99,4,2022,2025,1.01732246551112
I111S9C485J1V1,INGENIERIA EN ADMINISTRACION MENCION GESTION DE PERSONAS,IP DUOC UC,Business,-0.691988505691614,1299891.8260516,85,4,2022,2025,1.2998918260516
I111S21C488J1V1,TECNICO EN ADMINISTRACION,IP DUOC UC,Business,-0.690155020277075,1001177.68022578,18,4,2022,2025,1.00117768022578
I100S32C300J1V1,INGENIERIA EN ADMINISTRACION DE EMPRESAS,IP INACAP,Business,-0.690149586065349,1388696.59009068,42,4,2022,2025,1.38869659009068
I143S28C95J4V1,INGENIERIA EN ADMINISTRACION DE EMPRESAS,IP AIEP,Business,-0.689723984168142,1388696.59009068,14,4,2022,2025,1.38869659009068
I111S21C485J1V1,INGENIERIA EN ADMINISTRACION MENCION GESTION DE PERSONAS,IP DUOC UC,Business,-0.688198742223052,1299891.8260516,70,4,2022,2025,1.2998918260516
I629S2C113J1V1,TECNICO DE NIVEL SUPERIOR EN ADMINISTRACION DE EMPRESAS,CFT PUCV,Business,-0.686965019151221,977576.408146166,11,4,2022,2025,0.977576408146166
I100S33C300J1V1,INGENIERIA EN ADMINISTRACION DE EMPRESAS,IP INACAP,Business,-0.686638003545739,1388696.59009068,51,4,2022,2025,1.38869659009068
I111S7C484J1V1,INGENIERIA EN ADMINISTRACION MENCION FINANZAS,IP DUOC UC,Business,-0.684792559705468,1459025.30392471,48,4,2022,2025,1.45902530392471
I83S2C283J2V2,TECNICO EN ADMINISTRACION LOGISTICA,UNIVERSIDAD DE PLAYA ANCHA DE CIENCIAS DE LA EDUCACION,Business,-0.684261116550033,1144677.71802401,22,3,2023,2025,1.14467771802401
I111S9C513J2V1,INGENIERIA EN MARKETING DIGITAL,IP DUOC UC,Business,-0.683668619652454,1257780.43441787,14,4,2022,2025,1.25778043441787
I260S21C281J2V1,TECNICO EN COMERCIO EXTERIOR,CFT SANTO TOMAS,Business,-0.683059172688353,1053982.22828276,14,4,2022,2025,1.05398222828276
I116S2C221J2V1,INGENIERIA EN ADMINISTRACION DE EMPRESAS,IP SANTO TOMAS,Business,-0.680675937784712,1388696.59009068,11,3,2023,2025,1.38869659009068
I100S42C119J2V1,INGENIERIA EN LOGISTICA,IP INACAP,Business,-0.679569898073638,1556398.4690266,10,4,2022,2025,1.5563984690266
I260S25C120J1V1,TECNICO EN ADMINISTRACION,CFT SANTO TOMAS,Business,-0.677718747049408,952673.086203997,50,4,2022,2025,0.952673086203997
I94S1C541J1V1,TECNICO UNIVERSITARIO EN GESTION Y ADMINISTRACION DE EMPRESAS,UNIVERSIDAD CATOLICA DE TEMUCO,Business,-0.675762950566439,1004039.66888309,33,4,2022,2025,1.00403966888309
I100S20C119J2V1,INGENIERIA EN LOGISTICA,IP INACAP,Business,-0.672746240684532,1556398.4690266,31,4,2022,2025,1.5563984690266
I430S26C201J1V1,ADMINISTRACION DE EMPRESAS,CFT INACAP,Business,-0.671999028295959,1017322.46551112,105,4,2022,2025,1.01732246551112
I143S8C95J1V2,INGENIERIA EN ADMINISTRACION DE EMPRESAS,IP AIEP,Business,-0.671061354139454,1388696.59009068,28,4,2022,2025,1.38869659009068
I100S42C300J1V1,INGENIERIA EN ADMINISTRACION DE EMPRESAS,IP INACAP,Business,-0.670042640838464,1388696.59009068,13,3,2022,2025,1.38869659009068
I430S20C45J2V1,CONTABILIDAD GENERAL,CFT INACAP,Business,-0.668940686994099,1180628.75311209,16,3,2023,2025,1.18062875311209
I430S29C67J1V1,TECNICO EN LOGISTICA,CFT INACAP,Business,-0.668682018316895,1204115.13108288,34,4,2022,2025,1.20411513108288
I143S15C665J1V1,INGENIERIA EN GESTION DE OPERACIONES LOGISTICAS,IP AIEP,Business,-0.668061772765847,1556398.4690266,10,4,2022,2025,1.5563984690266
I111S4C488J1V1,TECNICO EN ADMINISTRACION,IP DUOC UC,Business,-0.667581105097061,1001177.68022578,24,4,2022,2025,1.00117768022578
I111S20C484J2V1,INGENIERIA EN ADMINISTRACION MENCION FINANZAS,IP DUOC UC,Business,-0.667365170960845,1459025.30392471,20,4,2022,2025,1.45902530392471
I430S9C67J1V1,TECNICO EN LOGISTICA,CFT INACAP,Business,-0.666567542387972,1204115.13108288,25,4,2022,2025,1.20411513108288
I116S6C9J2V1,CONTADOR AUDITOR,IP SANTO TOMAS,Business,-0.666374889600439,1407951.12119211,11,4,2022,2025,1.40795112119211
I81S1C584J2V1,TECNICO DE NIVEL SUPERIOR EN ADMINISTRACION LOGISTICA,UNIVERSIDAD ARTURO PRAT,Business,-0.665823270167783,1239071.82567378,12,4,2022,2025,1.23907182567378
I111S12C2J1V1,PUBLICIDAD,IP DUOC UC,Business,-0.665759157176048,1271755.0665941,37,4,2022,2025,1.2717550665941
I116S36C221J1V1,INGENIERIA EN ADMINISTRACION DE EMPRESAS,IP SANTO TOMAS,Business,-0.665153539623109,1388696.59009068,17,4,2022,2025,1.38869659009068
I430S1C201J1V1,ADMINISTRACION DE EMPRESAS,CFT INACAP,Business,-0.664008855439943,1017322.46551112,34,4,2022,2025,1.01732246551112
I81S1C29J2V1,TECNICO DE NIVEL SUPERIOR COMERCIO EXTERIOR,UNIVERSIDAD ARTURO PRAT,Business,-0.661823918969771,1158181.15762547,25,4,2022,2025,1.15818115762547
I143S31C645J1V1,TECNICO EN OPERACIONES LOGISTICAS,IP AIEP,Business,-0.660654695326109,1124781.8250052,30,4,2022,2025,1.1247818250052
I116S10C51J1V1,INGENIERIA DE EJECUCION EN ADMINISTRACION,IP SANTO TOMAS,Business,-0.66055733031532,1388696.59009068,42,3,2022,2024,1.38869659009068
I111S4C352J2V1,INGENIERIA EN COMERCIO EXTERIOR,IP DUOC UC,Business,-0.659640463913661,1386393.93003712,15,3,2022,2025,1.38639393003712
I100S38C300J1V1,INGENIERIA EN ADMINISTRACION DE EMPRESAS,IP INACAP,Business,-0.659549201008747,1388696.59009068,29,4,2022,2025,1.38869659009068
I31S2C101J2V1,ADMINISTRACION PUBLICA,UNIVERSIDAD AUTONOMA DE CHILE,Business,-0.659280683047346,1347339.44874155,18,4,2022,2025,1.34733944874155
I430S3C201J1V1,ADMINISTRACION DE EMPRESAS,CFT INACAP,Business,-0.657523449721299,1017322.46551112,48,4,2022,2025,1.01732246551112
I100S34C300J1V1,INGENIERIA EN ADMINISTRACION DE EMPRESAS,IP INACAP,Business,-0.656664987255002,1388696.59009068,59,4,2022,2025,1.38869659009068
I111S15C513J1V1,INGENIERIA EN MARKETING DIGITAL,IP DUOC UC,Business,-0.655449607276411,1257780.43441787,88,5,2021,2025,1.25778043441787
I143S23C651J1V1,TECNICO EN ADMINISTRACION DE EMPRESAS,IP AIEP,Business,-0.651703854280044,1001177.68022578,26,4,2022,2025,1.00117768022578
I367S3C7J1V1,ADMINISTRACION DE EMPRESAS,CFT SAN AGUSTIN,Business,-0.651121629252432,847666.996692458,41,4,2022,2025,0.847666996692458
I430S4C201J1V1,ADMINISTRACION DE EMPRESAS,CFT INACAP,Business,-0.648007683861373,1017322.46551112,39,4,2022,2025,1.01732246551112
I111S15C2J1V1,PUBLICIDAD,IP DUOC UC,Business,-0.647871120655867,1271755.0665941,102,5,2021,2025,1.2717550665941
I260S3C263J1V1,TECNICO EN ADMINISTRACION DE RECURSOS HUMANOS,CFT SANTO TOMAS,Business,-0.646911466257692,989093.949136129,29,4,2022,2025,0.989093949136129
I116S15C51J1V1,INGENIERIA DE EJECUCION EN ADMINISTRACION,IP SANTO TOMAS,Business,-0.645753386257855,1388696.59009068,53,3,2022,2024,1.38869659009068
I111S4C422J2V1,TECNICO EN GESTION LOGISTICA,IP DUOC UC,Business,-0.64512300431512,1124781.8250052,13,4,2022,2025,1.1247818250052
I260S41C120J1V1,TECNICO EN ADMINISTRACION,CFT SANTO TOMAS,Business,-0.645101625731295,952673.086203997,53,4,2022,2025,0.952673086203997
I111S9C145J2V1,INGENIERIA EN GESTION LOGISTICA,IP DUOC UC,Business,-0.645094890981542,1556398.4690266,26,4,2022,2025,1.5563984690266
I430S22C67J1V1,TECNICO EN LOGISTICA,CFT INACAP,Business,-0.643865636596637,1204115.13108288,27,4,2022,2025,1.20411513108288
I430S26C67J1V1,TECNICO EN LOGISTICA,CFT INACAP,Business,-0.642917658144208,1204115.13108288,28,4,2022,2025,1.20411513108288
I93S5C216J1V1,TECNICO UNIVERSITARIO EN ADMINISTRACION,UNIVERSIDAD CATOLICA DE LA SANTISIMA CONCEPCION,Business,-0.641820440205155,939435.212930054,42,5,2021,2025,0.939435212930054
I260S21C120J1V1,TECNICO EN ADMINISTRACION,CFT SANTO TOMAS,Business,-0.639227343241104,952673.086203997,37,4,2022,2025,0.952673086203997
I260S34C120J2V1,TECNICO EN ADMINISTRACION,CFT SANTO TOMAS,Business,-0.638592886114838,952673.086203997,19,3,2022,2024,0.952673086203997
I111S23C19J1V1,CONTABILIDAD GENERAL MENCION LEGISLACION TRIBUTARIA,IP DUOC UC,Business,-0.638115888757104,1123272.45887694,21,3,2022,2024,1.12327245887694
I111S12C485J1V1,INGENIERIA EN ADMINISTRACION MENCION GESTION DE PERSONAS,IP DUOC UC,Business,-0.637578589252938,1299891.8260516,37,4,2022,2025,1.2998918260516
I143S21C651J2V2,TECNICO EN ADMINISTRACION DE EMPRESAS,IP AIEP,Business,-0.637214603346356,1001177.68022578,21,4,2022,2025,1.00117768022578
I143S17C73J1V1,AUDITORIA,IP AIEP,Business,-0.637189346997379,1407951.12119211,20,4,2022,2025,1.40795112119211
I111S10C485J1V1,INGENIERIA EN ADMINISTRACION MENCION GESTION DE PERSONAS,IP DUOC UC,Business,-0.636858641936978,1299891.8260516,55,4,2022,2025,1.2998918260516
I100S23C119J1V1,INGENIERIA EN LOGISTICA,IP INACAP,Business,-0.635308666189321,1556398.4690266,56,4,2022,2025,1.5563984690266
I116S9C51J2V1,INGENIERIA DE EJECUCION EN ADMINISTRACION,IP SANTO TOMAS,Business,-0.634972004053719,1388696.59009068,15,3,2022,2024,1.38869659009068
I100S34C273J1V1,INGENIERIA EN COMERCIO EXTERIOR,IP INACAP,Business,-0.634767330875134,1386393.93003712,37,5,2021,2025,1.38639393003712
I143S28C651J4V1,TECNICO EN ADMINISTRACION DE EMPRESAS,IP AIEP,Business,-0.634329938854588,1001177.68022578,31,4,2022,2025,1.00117768022578
I111S22C485J1V1,INGENIERIA EN ADMINISTRACION MENCION GESTION DE PERSONAS,IP DUOC UC,Business,-0.634050872980236,1299891.8260516,34,4,2022,2025,1.2998918260516
I31S1C101J2V1,ADMINISTRACION PUBLICA,UNIVERSIDAD AUTONOMA DE CHILE,Business,-0.632210014659115,1347339.44874155,26,4,2022,2025,1.34733944874155
I100S15C300J2V1,INGENIERIA EN ADMINISTRACION DE EMPRESAS,IP INACAP,Business,-0.631835762030986,1388696.59009068,16,5,2021,2025,1.38869659009068
I116S34C221J1V1,INGENIERIA EN ADMINISTRACION DE EMPRESAS,IP SANTO TOMAS,Business,-0.631714419137026,1388696.59009068,14,3,2022,2025,1.38869659009068
I143S17C651J1V1,TECNICO EN ADMINISTRACION DE EMPRESAS,IP AIEP,Business,-0.630404795023642,1001177.68022578,29,5,2021,2025,1.00117768022578
I100S9C300J1V1,INGENIERIA EN ADMINISTRACION DE EMPRESAS,IP INACAP,Business,-0.630296174299585,1388696.59009068,56,4,2022,2025,1.38869659009068
I100S34C300J2V1,INGENIERIA EN ADMINISTRACION DE EMPRESAS,IP INACAP,Business,-0.627911274054405,1388696.59009068,25,4,2022,2025,1.38869659009068
I143S5C95J2V1,INGENIERIA EN ADMINISTRACION DE EMPRESAS,IP AIEP,Business,-0.625637154903712,1388696.59009068,11,5,2021,2025,1.38869659009068
I430S12C45J1V1,CONTABILIDAD GENERAL,CFT INACAP,Business,-0.625487558832955,1180628.75311209,11,3,2022,2024,1.18062875311209
I100S15C119J1V1,INGENIERIA EN LOGISTICA,IP INACAP,Business,-0.625249654550208,1556398.4690266,37,4,2022,2025,1.5563984690266
I430S16C67J1V1,TECNICO EN LOGISTICA,CFT INACAP,Business,-0.624694663252139,1204115.13108288,13,4,2022,2025,1.20411513108288
I430S38C67J1V1,TECNICO EN LOGISTICA,CFT INACAP,Business,-0.623685565300879,1204115.13108288,24,3,2022,2025,1.20411513108288
I116S32C51J2V1,INGENIERIA DE EJECUCION EN ADMINISTRACION,IP SANTO TOMAS,Business,-0.623387512679499,1388696.59009068,10,3,2022,2024,1.38869659009068
I19S4C36J1V1,TECNICO DE NIVEL SUPERIOR EN ADMINISTRACION DE EMPRESAS,UNIVERSIDAD DE LAS AMERICAS,Business,-0.622129834191792,1001548.00354674,21,2,2022,2023,1.00154800354674
I456S1C66J2V1,ADMINISTRACION DE EMPRESAS MENCION LOGISTICA,CFT CEDUC - UCN,Business,-0.621257255381952,1051234.67871702,11,4,2022,2025,1.05123467871702
I100S16C300J1V1,INGENIERIA EN ADMINISTRACION DE EMPRESAS,IP INACAP,Business,-0.619407767138785,1388696.59009068,72,4,2022,2025,1.38869659009068
I111S4C352J1V1,INGENIERIA EN COMERCIO EXTERIOR,IP DUOC UC,Business,-0.618894395673945,1386393.93003712,127,5,2021,2025,1.38639393003712
I139S3C196J1V1,INGENIERIA DE EJECUCION EN LOGISTICA MARITIMA PORTUARIA,IP DR. VIRGINIO GOMEZ G.,Business,-0.616185180225354,1556398.4690266,41,4,2022,2025,1.5563984690266
I430S15C201J2V1,ADMINISTRACION DE EMPRESAS,CFT INACAP,Business,-0.614719096032711,1017322.46551112,25,4,2022,2025,1.01732246551112
I430S33C201J2V1,ADMINISTRACION DE EMPRESAS,CFT INACAP,Business,-0.614527241112672,1017322.46551112,20,5,2021,2025,1.01732246551112
I111S2C513J1V1,INGENIERIA EN MARKETING DIGITAL,IP DUOC UC,Business,-0.612078326043352,1257780.43441787,20,4,2022,2025,1.25778043441787
I450S1C55J2V1,LOGISTICA,CFT LOTA-ARAUCO,Business,-0.611297805713751,1111022.17020502,13,4,2022,2025,1.11102217020502
I430S2C2J2V1,COMERCIO EXTERIOR,CFT INACAP,Business,-0.610482318464686,1125506.55057754,57,4,2022,2025,1.12550655057754
I430S2C67J2V1,TECNICO EN LOGISTICA,CFT INACAP,Business,-0.609679032768345,1204115.13108288,30,4,2022,2025,1.20411513108288
I143S20C95J1V1,INGENIERIA EN ADMINISTRACION DE EMPRESAS,IP AIEP,Business,-0.60945768598235,1388696.59009068,29,4,2022,2025,1.38869659009068
I143S31C665J1V1,INGENIERIA EN GESTION DE OPERACIONES LOGISTICAS,IP AIEP,Business,-0.608731564425288,1556398.4690266,12,4,2022,2025,1.5563984690266
I111S6C2J1V1,PUBLICIDAD,IP DUOC UC,Business,-0.608187202656555,1271755.0665941,73,5,2021,2025,1.2717550665941
I430S16C201J1V1,ADMINISTRACION DE EMPRESAS,CFT INACAP,Business,-0.606007927400677,1017322.46551112,108,4,2022,2025,1.01732246551112
I100S13C300J1V1,INGENIERIA EN ADMINISTRACION DE EMPRESAS,IP INACAP,Business,-0.605608224517988,1388696.59009068,52,4,2022,2025,1.38869659009068
I93S1C53J1V3,INGENIERIA DE EJECUCION EN ADMINISTRACION DE EMPRESAS,UNIVERSIDAD CATOLICA DE LA SANTISIMA CONCEPCION,Business,-0.604540460071107,1282554.8229859,33,4,2022,2025,1.2825548229859
I100S41C300J1V1,INGENIERIA EN ADMINISTRACION DE EMPRESAS,IP INACAP,Business,-0.604148322047359,1388696.59009068,41,4,2022,2025,1.38869659009068
I93S4C53J1V3,INGENIERIA DE EJECUCION EN ADMINISTRACION DE EMPRESAS,UNIVERSIDAD CATOLICA DE LA SANTISIMA CONCEPCION,Business,-0.602568819194669,1282554.8229859,21,4,2022,2025,1.2825548229859
I111S21C145J1V1,INGENIERIA EN GESTION LOGISTICA,IP DUOC UC,Business,-0.60204717447028,1556398.4690266,111,4,2022,2025,1.5563984690266
I152S10C107J4V4,INGENIERIA EN ADMINISTRACION DE EMPRESAS,IP LATINOAMERICANO DE COMERCIO EXTERIOR - IPLACEX,Business,-0.60108612042563,1388696.59009068,13,4,2022,2025,1.38869659009068
I430S27C67J1V1,TECNICO EN LOGISTICA,CFT INACAP,Business,-0.600266423464272,1204115.13108288,31,4,2022,2025,1.20411513108288
I111S6C538J1V1,RELACIONES PUBLICAS Y COMUNICACION ORGANIZACIONAL,IP DUOC UC,Business,-0.599951930719713,1122595.11565963,16,2,2024,2025,1.12259511565963
I430S30C201J1V1,ADMINISTRACION DE EMPRESAS,CFT INACAP,Business,-0.599342933840739,1017322.46551112,33,4,2022,2025,1.01732246551112
I260S21C263J2V1,TECNICO EN ADMINISTRACION DE RECURSOS HUMANOS,CFT SANTO TOMAS,Business,-0.596549031319183,989093.949136129,15,5,2021,2025,0.989093949136129
I701S0C2J1V2,ASISTENTE EJECUTIVO BILINGÜE,CFT MANPOWER,Business,-0.594412397254716,1053396.92466892,22,4,2022,2025,1.05339692466892
I260S38C234J2V1,TECNICO EN ADMINISTRACION LOGISTICA,CFT SANTO TOMAS,Business,-0.592643419256393,1127595.34657216,11,5,2021,2025,1.12759534657216
I430S1C67J2V1,TECNICO EN LOGISTICA,CFT INACAP,Business,-0.591881353006422,1204115.13108288,11,4,2022,2025,1.20411513108288
I100S30C300J2V1,INGENIERIA EN ADMINISTRACION DE EMPRESAS,IP INACAP,Business,-0.591371350511987,1388696.59009068,12,4,2022,2025,1.38869659009068
I143S32C651J1V1,TECNICO EN ADMINISTRACION DE EMPRESAS,IP AIEP,Business,-0.590609250895165,1001177.68022578,11,4,2022,2025,1.00117768022578
I111S15C485J1V1,INGENIERIA EN ADMINISTRACION MENCION GESTION DE PERSONAS,IP DUOC UC,Business,-0.589554638262222,1299891.8260516,98,4,2022,2025,1.2998918260516
I93S3C216J1V1,TECNICO UNIVERSITARIO EN ADMINISTRACION,UNIVERSIDAD CATOLICA DE LA SANTISIMA CONCEPCION,Business,-0.588544652463454,939435.212930054,67,4,2022,2025,0.939435212930054
I111S5C352J2V1,INGENIERIA EN COMERCIO EXTERIOR,IP DUOC UC,Business,-0.587892334299382,1386393.93003712,23,4,2022,2025,1.38639393003712
I116S34C51J1V1,INGENIERIA DE EJECUCION EN ADMINISTRACION,IP SANTO TOMAS,Business,-0.587098787364793,1388696.59009068,46,4,2021,2024,1.38869659009068
I143S9C95J1V1,INGENIERIA EN ADMINISTRACION DE EMPRESAS,IP AIEP,Business,-0.586777046422057,1388696.59009068,42,4,2022,2025,1.38869659009068
I100S30C300J1V1,INGENIERIA EN ADMINISTRACION DE EMPRESAS,IP INACAP,Business,-0.586383744286699,1388696.59009068,119,5,2021,2025,1.38869659009068
I430S10C201J1V1,ADMINISTRACION DE EMPRESAS,CFT INACAP,Business,-0.585998655198388,1017322.46551112,47,4,2022,2025,1.01732246551112
I123S5C37J2V2,INGENIERIA EN ADMINISTRACION DE EMPRESAS,IP DE CHILE,Business,-0.583527950206682,1388696.59009068,12,4,2022,2025,1.38869659009068
I79S1C144J1V1,TECNICO UNIVERSITARIO EN ADMINISTRACION DE EMPRESAS,UNIVERSIDAD DE ATACAMA,Business,-0.583258176312639,1155480.18679381,45,4,2022,2025,1.15548018679381
I152S10C326J4V6,TECNICO EN ADMINISTRACION DE EMPRESAS,IP LATINOAMERICANO DE COMERCIO EXTERIOR - IPLACEX,Business,-0.582904727546259,1001177.68022578,28,5,2021,2025,1.00117768022578
I111S25C488J1V1,TECNICO EN ADMINISTRACION,IP DUOC UC,Business,-0.582152083959715,1001177.68022578,29,4,2022,2025,1.00117768022578
I430S15C45J1V1,CONTABILIDAD GENERAL,CFT INACAP,Business,-0.581606944910105,1180628.75311209,19,4,2022,2025,1.18062875311209
I430S26C201J2V1,ADMINISTRACION DE EMPRESAS,CFT INACAP,Business,-0.580640789064771,1017322.46551112,12,4,2021,2025,1.01732246551112
I430S15C67J1V1,TECNICO EN LOGISTICA,CFT INACAP,Business,-0.579619764521172,1204115.13108288,28,4,2022,2025,1.20411513108288
I111S15C486J1V1,INGENIERIA EN ADMINISTRACION MENCION MARKETING,IP DUOC UC,Business,-0.57922792251619,1257780.43441787,19,1,2022,2022,1.25778043441787
I260S41C107J1V1,CONTABILIDAD GENERAL,CFT SANTO TOMAS,Business,-0.578773677305403,1105601.49413724,56,4,2022,2025,1.10560149413724
I111S20C352J1V1,INGENIERIA EN COMERCIO EXTERIOR,IP DUOC UC,Business,-0.57851346407362,1386393.93003712,43,4,2022,2025,1.38639393003712
I111S5C6J2V1,AUDITORIA,IP DUOC UC,Business,-0.578019738771088,1407951.12119211,15,4,2022,2025,1.40795112119211
I111S25C513J1V1,INGENIERIA EN MARKETING DIGITAL,IP DUOC UC,Business,-0.577389581368157,1257780.43441787,45,4,2022,2025,1.25778043441787
I143S17C95J1V1,INGENIERIA EN ADMINISTRACION DE EMPRESAS,IP AIEP,Business,-0.576844410487746,1388696.59009068,19,4,2022,2025,1.38869659009068
I111S9C69J1V1,COMERCIO EXTERIOR,IP DUOC UC,Business,-0.576602544410114,1115807.42116101,77,4,2022,2025,1.11580742116101
I430S20C201J1V1,ADMINISTRACION DE EMPRESAS,CFT INACAP,Business,-0.576284491800305,1017322.46551112,83,4,2022,2025,1.01732246551112
I100S26C300J1V1,INGENIERIA EN ADMINISTRACION DE EMPRESAS,IP INACAP,Business,-0.57437380047691,1388696.59009068,47,4,2022,2025,1.38869659009068
I139S3C52J1V1,TECNICO EN COMERCIO EXTERIOR,IP DR. VIRGINIO GOMEZ G.,Business,-0.572870883263679,1115807.42116101,26,4,2022,2025,1.11580742116101
I111S9C488J1V1,TECNICO EN ADMINISTRACION,IP DUOC UC,Business,-0.572134482922456,1001177.68022578,66,4,2022,2025,1.00117768022578
I100S4C300J1V1,INGENIERIA EN ADMINISTRACION DE EMPRESAS,IP INACAP,Business,-0.57186274775239,1388696.59009068,37,4,2022,2025,1.38869659009068
I111S23C488J1V1,TECNICO EN ADMINISTRACION,IP DUOC UC,Business,-0.571298669633741,1001177.68022578,20,4,2022,2025,1.00117768022578
I430S5C201J1V1,ADMINISTRACION DE EMPRESAS,CFT INACAP,Business,-0.570041018527817,1017322.46551112,30,4,2022,2025,1.01732246551112
I143S0C651J1V1,TECNICO EN ADMINISTRACION DE EMPRESAS,IP AIEP,Business,-0.569220499204113,1001177.68022578,20,3,2022,2024,1.00117768022578
I116S11C141J2V1,INGENIERIA EN ADMINISTRACION DE RECURSOS HUMANOS,IP SANTO TOMAS,Business,-0.568986680909512,1299891.8260516,26,4,2022,2025,1.2998918260516
I111S4C484J1V1,INGENIERIA EN ADMINISTRACION MENCION FINANZAS,IP DUOC UC,Business,-0.567700981836615,1459025.30392471,66,4,2022,2025,1.45902530392471
I111S22C422J1V1,TECNICO EN GESTION LOGISTICA,IP DUOC UC,Business,-0.566204402959925,1124781.8250052,23,4,2022,2025,1.1247818250052
I111S10C145J1V1,INGENIERIA EN GESTION LOGISTICA,IP DUOC UC,Business,-0.566148760258357,1556398.4690266,107,4,2022,2025,1.5563984690266
I111S9C19J1V1,CONTABILIDAD GENERAL MENCION LEGISLACION TRIBUTARIA,IP DUOC UC,Business,-0.564991258283428,1123272.45887694,35,4,2022,2025,1.12327245887694
I143S10C95J1V1,INGENIERIA EN ADMINISTRACION DE EMPRESAS,IP AIEP,Business,-0.564491250488995,1388696.59009068,18,4,2022,2025,1.38869659009068
I80S1C342J2V1,INGENIERIA EN ADMINISTRACION DE EMPRESAS,UNIVERSIDAD DE TARAPACA,Business,-0.563794227942745,1382213.00194366,30,4,2022,2025,1.38221300194366
I111S7C352J1V1,INGENIERIA EN COMERCIO EXTERIOR,IP DUOC UC,Business,-0.563610434935639,1386393.93003712,141,4,2022,2025,1.38639393003712
I430S4C201J2V1,ADMINISTRACION DE EMPRESAS,CFT INACAP,Business,-0.562597712311681,1017322.46551112,12,4,2022,2025,1.01732246551112
I81S5C583J2V1,TECNICO DE NIVEL SUPERIOR EN ADMINISTRACION DE EMPRESAS,UNIVERSIDAD ARTURO PRAT,Business,-0.562549298225573,1046856.37785001,13,4,2022,2025,1.04685637785001
I111S21C491J1V1,TECNICO EN GESTION DE PERSONAS,IP DUOC UC,Business,-0.560664964106855,1015074.32563433,11,2,2022,2023,1.01507432563433
I367S2C7J2V1,ADMINISTRACION DE EMPRESAS,CFT SAN AGUSTIN,Business,-0.560116131139059,847666.996692458,22,4,2022,2025,0.847666996692458
I111S9C352J1V1,INGENIERIA EN COMERCIO EXTERIOR,IP DUOC UC,Business,-0.559527754708848,1386393.93003712,41,3,2022,2025,1.38639393003712
I116S15C221J1V1,INGENIERIA EN ADMINISTRACION DE EMPRESAS,IP SANTO TOMAS,Business,-0.559159006424462,1388696.59009068,21,2,2023,2025,1.38869659009068
I116S17C51J2V1,INGENIERIA DE EJECUCION EN ADMINISTRACION,IP SANTO TOMAS,Business,-0.559076119825285,1388696.59009068,19,4,2021,2024,1.38869659009068
I143S23C95J1V1,INGENIERIA EN ADMINISTRACION DE EMPRESAS,IP AIEP,Business,-0.559056519681997,1388696.59009068,14,3,2022,2024,1.38869659009068
I430S24C201J1V1,ADMINISTRACION DE EMPRESAS,CFT INACAP,Business,-0.558992235447488,1017322.46551112,31,4,2022,2025,1.01732246551112
I367S4C7J2V1,ADMINISTRACION DE EMPRESAS,CFT SAN AGUSTIN,Business,-0.557765162854992,847666.996692458,11,3,2023,2025,0.847666996692458
I143S21C651J1V1,TECNICO EN ADMINISTRACION DE EMPRESAS,IP AIEP,Business,-0.557662260256293,1001177.68022578,70,4,2022,2025,1.00117768022578
I111S22C488J2V1,TECNICO EN ADMINISTRACION,IP DUOC UC,Business,-0.557422058085423,1001177.68022578,18,4,2022,2025,1.00117768022578
I111S20C484J1V1,INGENIERIA EN ADMINISTRACION MENCION FINANZAS,IP DUOC UC,Business,-0.557366353193236,1459025.30392471,61,5,2021,2025,1.45902530392471
I111S3C484J1V1,INGENIERIA EN ADMINISTRACION MENCION FINANZAS,IP DUOC UC,Business,-0.556456461207199,1459025.30392471,64,5,2021,2025,1.45902530392471
I143S6C651J1V1,TECNICO EN ADMINISTRACION DE EMPRESAS,IP AIEP,Business,-0.555715563447014,1001177.68022578,17,3,2022,2024,1.00117768022578
I430S27C2J2V1,COMERCIO EXTERIOR,CFT INACAP,Business,-0.555649740948963,1125506.55057754,23,3,2023,2025,1.12550655057754
I143S9C660J1V1,ADMINISTRACION PUBLICA,IP AIEP,Business,-0.552725383805632,1550429.67598829,12,3,2022,2024,1.55042967598829
I117S1C2J4V1,INGENIERIA EN ADMINISTRACION DE EMPRESAS,IP IACC,Business,-0.552034040152632,1388696.59009068,13,5,2021,2025,1.38869659009068
I111S2C352J1V1,INGENIERIA EN COMERCIO EXTERIOR,IP DUOC UC,Business,-0.550788172853682,1386393.93003712,64,4,2022,2025,1.38639393003712
I111S7C513J1V1,INGENIERIA EN MARKETING DIGITAL,IP DUOC UC,Business,-0.550417745469149,1257780.43441787,61,4,2022,2025,1.25778043441787
I100S4C119J2V1,INGENIERIA EN LOGISTICA,IP INACAP,Business,-0.549949374211699,1556398.4690266,12,3,2022,2024,1.5563984690266
I450S1C33J1V1,ADMINISTRACION DE EMPRESAS,CFT LOTA-ARAUCO,Business,-0.549664612440363,938670.883085759,13,2,2022,2023,0.938670883085759
I111S15C145J2V2,INGENIERIA EN GESTION LOGISTICA,IP DUOC UC,Business,-0.549573670583316,1556398.4690266,60,4,2022,2025,1.5563984690266
I143S5C651J1V1,TECNICO EN ADMINISTRACION DE EMPRESAS,IP AIEP,Business,-0.549205168548507,1001177.68022578,21,4,2022,2025,1.00117768022578
I430S36C67J1V1,TECNICO EN LOGISTICA,CFT INACAP,Business,-0.54871337529283,1204115.13108288,21,4,2022,2025,1.20411513108288
I111S21C422J2V1,TECNICO EN GESTION LOGISTICA,IP DUOC UC,Business,-0.547989668408942,1124781.8250052,21,4,2022,2025,1.1247818250052
I111S10C145J2V1,INGENIERIA EN GESTION LOGISTICA,IP DUOC UC,Business,-0.547071928321643,1556398.4690266,52,4,2022,2025,1.5563984690266
I100S13C119J1V1,INGENIERIA EN LOGISTICA,IP INACAP,Business,-0.546825375913874,1556398.4690266,50,4,2022,2025,1.5563984690266
I111S12C485J2V1,INGENIERIA EN ADMINISTRACION MENCION GESTION DE PERSONAS,IP DUOC UC,Business,-0.546689375441398,1299891.8260516,12,4,2022,2025,1.2998918260516
I430S34C201J1V1,ADMINISTRACION DE EMPRESAS,CFT INACAP,Business,-0.546129735749114,1017322.46551112,18,3,2022,2025,1.01732246551112
I93S4C216J1V1,TECNICO UNIVERSITARIO EN ADMINISTRACION,UNIVERSIDAD CATOLICA DE LA SANTISIMA CONCEPCION,Business,-0.545909701604529,939435.212930054,27,3,2022,2024,0.939435212930054
I430S39C201J2V1,ADMINISTRACION DE EMPRESAS,CFT INACAP,Business,-0.544938139656461,1017322.46551112,12,4,2022,2025,1.01732246551112
I111S2C488J1V1,TECNICO EN ADMINISTRACION,IP DUOC UC,Business,-0.544224477953527,1001177.68022578,22,4,2022,2025,1.00117768022578
I111S9C422J1V1,TECNICO EN GESTION LOGISTICA,IP DUOC UC,Business,-0.543863387444357,1124781.8250052,26,4,2022,2025,1.1247818250052
I111S10C422J1V1,TECNICO EN GESTION LOGISTICA,IP DUOC UC,Business,-0.542854285154688,1124781.8250052,37,4,2022,2025,1.1247818250052
I100S21C300J1V1,INGENIERIA EN ADMINISTRACION DE EMPRESAS,IP INACAP,Business,-0.542584272974207,1388696.59009068,21,4,2022,2025,1.38869659009068
I100S24C300J1V1,INGENIERIA EN ADMINISTRACION DE EMPRESAS,IP INACAP,Business,-0.541839831604699,1388696.59009068,50,4,2022,2025,1.38869659009068
I116S39C141J2V1,INGENIERIA EN ADMINISTRACION DE RECURSOS HUMANOS,IP SANTO TOMAS,Business,-0.541703884533311,1299891.8260516,19,4,2022,2025,1.2998918260516
I430S38C201J1V1,ADMINISTRACION DE EMPRESAS,CFT INACAP,Business,-0.541192707891859,1017322.46551112,22,4,2022,2025,1.01732246551112
I116S18C182J2V1,INGENIERIA EN ADMINISTRACION MENCION GESTION PUBLICA,IP SANTO TOMAS,Business,-0.54060849363445,1157157.99966444,15,3,2022,2024,1.15715799966444
I111S9C145J1V1,INGENIERIA EN GESTION LOGISTICA,IP DUOC UC,Business,-0.53865902461066,1556398.4690266,77,4,2022,2025,1.5563984690266
I111S23C145J2V1,INGENIERIA EN GESTION LOGISTICA,IP DUOC UC,Business,-0.538376189024177,1556398.4690266,19,4,2022,2025,1.5563984690266
I111S7C145J2V1,INGENIERIA EN GESTION LOGISTICA,IP DUOC UC,Business,-0.538065941772048,1556398.4690266,14,4,2022,2025,1.5563984690266
I143S31C651J1V1,TECNICO EN ADMINISTRACION DE EMPRESAS,IP AIEP,Business,-0.537571635564794,1001177.68022578,19,3,2022,2024,1.00117768022578
I139S2C7J2V1,AUDITORIA,IP DR. VIRGINIO GOMEZ G.,Business,-0.537262028205792,1407951.12119211,10,4,2022,2025,1.40795112119211
I430S25C201J1V1,ADMINISTRACION DE EMPRESAS,CFT INACAP,Business,-0.535474832222327,1017322.46551112,49,5,2021,2025,1.01732246551112
I111S15C521J1V1,INGENIERIA EN ADMINISTRACION MENCION INNOVACION Y EMPRENDIMIENTO,IP DUOC UC,Business,-0.534071493382217,1388696.59009068,27,3,2023,2025,1.38869659009068
I430S2C201J1V1,ADMINISTRACION DE EMPRESAS,CFT INACAP,Business,-0.533073202257486,1017322.46551112,36,4,2022,2025,1.01732246551112
I93S2C216J1V1,TECNICO UNIVERSITARIO EN ADMINISTRACION,UNIVERSIDAD CATOLICA DE LA SANTISIMA CONCEPCION,Business,-0.532077936502141,939435.212930054,33,4,2022,2025,0.939435212930054
I111S20C6J2V1,AUDITORIA,IP DUOC UC,Business,-0.531896451770375,1407951.12119211,24,4,2022,2025,1.40795112119211
I100S37C300J1V1,INGENIERIA EN ADMINISTRACION DE EMPRESAS,IP INACAP,Business,-0.531522135744774,1388696.59009068,34,4,2022,2025,1.38869659009068
I430S12C67J1V1,TECNICO EN LOGISTICA,CFT INACAP,Business,-0.531431853160381,1204115.13108288,55,4,2022,2025,1.20411513108288
I100S15C300J1V1,INGENIERIA EN ADMINISTRACION DE EMPRESAS,IP INACAP,Business,-0.531254368331811,1388696.59009068,78,4,2022,2025,1.38869659009068
I100S15C119J2V1,INGENIERIA EN LOGISTICA,IP INACAP,Business,-0.531017194206918,1556398.4690266,12,3,2023,2025,1.5563984690266
I100S23C303J1V1,CONTADOR PUBLICO,IP INACAP,Business,-0.529803454734029,1407951.12119211,23,3,2022,2024,1.40795112119211
I111S6C12J1V1,RELACIONES PUBLICAS MENCION MARKETING,IP DUOC UC,Business,-0.528501467416359,1122595.11565963,31,4,2021,2024,1.12259511565963
I100S30C119J2V1,INGENIERIA EN LOGISTICA,IP INACAP,Business,-0.527401360767013,1556398.4690266,10,4,2022,2025,1.5563984690266
I430S22C201J2V1,ADMINISTRACION DE EMPRESAS,CFT INACAP,Business,-0.527252346514898,1017322.46551112,11,4,2022,2025,1.01732246551112
I111S21C422J1V1,TECNICO EN GESTION LOGISTICA,IP DUOC UC,Business,-0.526913093988415,1124781.8250052,36,4,2022,2025,1.1247818250052
I111S23C488J2V1,TECNICO EN ADMINISTRACION,IP DUOC UC,Business,-0.526690386844977,1001177.68022578,10,3,2022,2024,1.00117768022578
I139S3C8J1V2,INGENIERIA EN ADMINISTRACION,IP DR. VIRGINIO GOMEZ G.,Business,-0.52651425576836,1388696.59009068,34,4,2022,2025,1.38869659009068
I111S21C513J1V1,INGENIERIA EN MARKETING DIGITAL,IP DUOC UC,Business,-0.52644092320364,1257780.43441787,85,4,2022,2025,1.25778043441787
I111S23C513J1V1,INGENIERIA EN MARKETING DIGITAL,IP DUOC UC,Business,-0.526216275667064,1257780.43441787,50,5,2021,2025,1.25778043441787
I430S20C201J2V1,ADMINISTRACION DE EMPRESAS,CFT INACAP,Business,-0.526174773606434,1017322.46551112,13,3,2022,2024,1.01732246551112
I111S3C145J1V1,INGENIERIA EN GESTION LOGISTICA,IP DUOC UC,Business,-0.525547847015833,1556398.4690266,35,4,2022,2025,1.5563984690266
I111S24C488J1V1,TECNICO EN ADMINISTRACION,IP DUOC UC,Business,-0.525020536583182,1001177.68022578,44,4,2022,2025,1.00117768022578
I100S31C300J1V1,INGENIERIA EN ADMINISTRACION DE EMPRESAS,IP INACAP,Business,-0.52476710268474,1388696.59009068,64,4,2022,2025,1.38869659009068
I111S5C484J1V1,INGENIERIA EN ADMINISTRACION MENCION FINANZAS,IP DUOC UC,Business,-0.524435894122499,1459025.30392471,72,4,2022,2025,1.45902530392471
I111S20C6J1V1,AUDITORIA,IP DUOC UC,Business,-0.524040810141521,1407951.12119211,113,4,2022,2025,1.40795112119211
I100S40C300J1V1,INGENIERIA EN ADMINISTRACION DE EMPRESAS,IP INACAP,Business,-0.523883407771633,1388696.59009068,33,4,2022,2025,1.38869659009068
I111S22C352J2V2,INGENIERIA EN COMERCIO EXTERIOR,IP DUOC UC,Business,-0.523633714644856,1386393.93003712,30,5,2021,2025,1.38639393003712
I116S2C51J2V1,INGENIERIA DE EJECUCION EN ADMINISTRACION,IP SANTO TOMAS,Business,-0.523329977769099,1388696.59009068,12,3,2022,2024,1.38869659009068
I111S22C484J1V1,INGENIERIA EN ADMINISTRACION MENCION FINANZAS,IP DUOC UC,Business,-0.521503648464706,1459025.30392471,30,4,2022,2025,1.45902530392471
I111S20C486J1V1,INGENIERIA EN ADMINISTRACION MENCION MARKETING,IP DUOC UC,Business,-0.521453100090795,1257780.43441787,10,1,2022,2022,1.25778043441787
I111S9C513J1V1,INGENIERIA EN MARKETING DIGITAL,IP DUOC UC,Business,-0.521145124949612,1257780.43441787,97,4,2022,2025,1.25778043441787
I77S2C109J2V2,TECNICO DE NIVEL SUPERIOR EN ADMINISTRACION,UNIVERSIDAD DE MAGALLANES,Business,-0.520335635592304,1072001.46327504,25,4,2022,2025,1.07200146327504
I111S7C6J1V1,AUDITORIA,IP DUOC UC,Business,-0.519650687904331,1407951.12119211,46,4,2022,2025,1.40795112119211
I31S1C1J2V1,INGENIERIA COMERCIAL,UNIVERSIDAD AUTONOMA DE CHILE,Business,-0.519258094127958,1614194.26803744,27,4,2022,2025,1.61419426803744
I111S5C6J1V1,AUDITORIA,IP DUOC UC,Business,-0.519241243070348,1407951.12119211,49,4,2022,2025,1.40795112119211
I111S21C484J1V1,INGENIERIA EN ADMINISTRACION MENCION FINANZAS,IP DUOC UC,Business,-0.518349252474149,1459025.30392471,74,4,2022,2025,1.45902530392471
I100S23C300J1V1,INGENIERIA EN ADMINISTRACION DE EMPRESAS,IP INACAP,Business,-0.517715768669248,1388696.59009068,79,4,2022,2025,1.38869659009068
I111S22C352J1V1,INGENIERIA EN COMERCIO EXTERIOR,IP DUOC UC,Business,-0.517415178910962,1386393.93003712,91,4,2022,2025,1.38639393003712
I111S4C145J2V1,INGENIERIA EN GESTION LOGISTICA,IP DUOC UC,Business,-0.517321639124334,1556398.4690266,18,4,2022,2025,1.5563984690266
I4S9C53J1V1,PUBLICIDAD,UNIVERSIDAD CENTRAL DE CHILE,Business,-0.516876027572482,1274582.62513407,101,4,2022,2025,1.27458262513407
I116S2C9J2V1,CONTADOR AUDITOR,IP SANTO TOMAS,Business,-0.516476290096328,1407951.12119211,36,5,2021,2025,1.40795112119211
I100S35C119J1V1,INGENIERIA EN LOGISTICA,IP INACAP,Business,-0.51609480025546,1556398.4690266,21,4,2022,2025,1.5563984690266
I26S1C8J1V3,PUBLICIDAD,"UNIVERSIDAD DE ARTES, CIENCIAS Y COMUNICACION - UNIACC",Business,-0.514990499970939,1414501.73115333,15,2,2022,2023,1.41450173115333
I111S2C145J1V1,INGENIERIA EN GESTION LOGISTICA,IP DUOC UC,Business,-0.514685192949421,1556398.4690266,64,4,2022,2025,1.5563984690266
I111S4C521J1V1,INGENIERIA EN ADMINISTRACION MENCION INNOVACION Y EMPRENDIMIENTO,IP DUOC UC,Business,-0.513865669602032,1388696.59009068,21,4,2022,2025,1.38869659009068
I143S27C651J1V1,TECNICO EN ADMINISTRACION DE EMPRESAS,IP AIEP,Business,-0.513682109825571,1001177.68022578,20,4,2022,2025,1.00117768022578
I111S20C145J1V1,INGENIERIA EN GESTION LOGISTICA,IP DUOC UC,Business,-0.513462239409093,1556398.4690266,135,4,2022,2025,1.5563984690266
I430S39C201J1V1,ADMINISTRACION DE EMPRESAS,CFT INACAP,Business,-0.512796855862943,1017322.46551112,23,4,2022,2025,1.01732246551112
I111S25C485J1V1,INGENIERIA EN ADMINISTRACION MENCION GESTION DE PERSONAS,IP DUOC UC,Business,-0.51064035292152,1299891.8260516,29,4,2022,2025,1.2998918260516
I430S28C67J1V1,TECNICO EN LOGISTICA,CFT INACAP,Business,-0.510545310021447,1204115.13108288,35,5,2021,2025,1.20411513108288
I100S14C300J2V1,INGENIERIA EN ADMINISTRACION DE EMPRESAS,IP INACAP,Business,-0.510164485384641,1388696.59009068,18,4,2022,2025,1.38869659009068
I111S22C145J1V1,INGENIERIA EN GESTION LOGISTICA,IP DUOC UC,Business,-0.509661408490599,1556398.4690266,41,4,2022,2025,1.5563984690266
I111S5C352J1V1,INGENIERIA EN COMERCIO EXTERIOR,IP DUOC UC,Business,-0.508829882613398,1386393.93003712,217,4,2022,2025,1.38639393003712
I139S1C8J1V2,INGENIERIA EN ADMINISTRACION,IP DR. VIRGINIO GOMEZ G.,Business,-0.507870229952892,1388696.59009068,40,4,2022,2025,1.38869659009068
I430S15C201J1V1,ADMINISTRACION DE EMPRESAS,CFT INACAP,Business,-0.505806405196355,1017322.46551112,51,5,2021,2025,1.01732246551112
I77S1C109J2V2,TECNICO DE NIVEL SUPERIOR EN ADMINISTRACION,UNIVERSIDAD DE MAGALLANES,Business,-0.505799893024495,1072001.46327504,11,3,2022,2025,1.07200146327504
I100S35C119J2V1,INGENIERIA EN LOGISTICA,IP INACAP,Business,-0.505685495819582,1556398.4690266,10,4,2022,2025,1.5563984690266
I111S21C145J2V1,INGENIERIA EN GESTION LOGISTICA,IP DUOC UC,Business,-0.503341359439033,1556398.4690266,36,4,2022,2025,1.5563984690266
I111S21C352J1V1,INGENIERIA EN COMERCIO EXTERIOR,IP DUOC UC,Business,-0.5030122785223,1386393.93003712,82,4,2022,2025,1.38639393003712
I906S1C1J1V1,TECNICO DE NIVEL SUPERIOR EN ADMINISTRACION DE EMPRESAS,CFT DE LA REGION DE TARAPACA,Business,-0.502580298659438,1001177.68022578,14,4,2022,2025,1.00117768022578
I111S15C145J1V1,INGENIERIA EN GESTION LOGISTICA,IP DUOC UC,Business,-0.501854699569549,1556398.4690266,154,4,2022,2025,1.5563984690266
I430S21C67J2V1,TECNICO EN LOGISTICA,CFT INACAP,Business,-0.501068061016103,1204115.13108288,28,4,2022,2025,1.20411513108288
I106S6C296J4V2,TECNICO EN LOGISTICA,IP PROVIDENCIA,Business,-0.49989616927547,1124781.8250052,12,4,2021,2024,1.1247818250052
I143S31C95J1V1,INGENIERIA EN ADMINISTRACION DE EMPRESAS,IP AIEP,Business,-0.499249841402893,1388696.59009068,13,4,2022,2025,1.38869659009068
I123S1C37J1V2,INGENIERIA EN ADMINISTRACION DE EMPRESAS,IP DE CHILE,Business,-0.498755819482778,1388696.59009068,38,4,2022,2025,1.38869659009068
I911S2C4J1V1,GESTION DE EMPRESAS,CFT DE LA REGION DE VALPARAISO,Business,-0.497422059716947,1001177.68022578,15,4,2022,2025,1.00117768022578
I430S37C201J1V1,ADMINISTRACION DE EMPRESAS,CFT INACAP,Business,-0.49682740339248,1017322.46551112,35,4,2022,2025,1.01732246551112
I78S7C133J1V1,TECNICO SUPERIOR EN ADMINISTRACION,UNIVERSIDAD DE TALCA,Business,-0.495620156175445,1040749.06031641,30,4,2022,2025,1.04074906031641
I143S9C73J1V1,AUDITORIA,IP AIEP,Business,-0.49543817573059,1407951.12119211,11,3,2022,2024,1.40795112119211
I111S28C488J1V1,TECNICO EN ADMINISTRACION,IP DUOC UC,Business,-0.495214235642505,1001177.68022578,16,4,2022,2025,1.00117768022578
I906S1C2J1V1,TECNICO DE NIVEL SUPERIOR EN LOGISTICA,CFT DE LA REGION DE TARAPACA,Business,-0.495175894537345,1124781.8250052,13,4,2022,2025,1.1247818250052
I430S3C67J1V1,TECNICO EN LOGISTICA,CFT INACAP,Business,-0.494671643794086,1204115.13108288,14,3,2023,2025,1.20411513108288
I111S4C2J1V1,PUBLICIDAD,IP DUOC UC,Business,-0.494486989790237,1271755.0665941,112,5,2021,2025,1.2717550665941
I430S12C201J1V1,ADMINISTRACION DE EMPRESAS,CFT INACAP,Business,-0.491966795396023,1017322.46551112,55,4,2022,2025,1.01732246551112
I100S38C119J1V1,INGENIERIA EN LOGISTICA,IP INACAP,Business,-0.491081155148618,1556398.4690266,50,4,2022,2025,1.5563984690266
I111S4C145J1V1,INGENIERIA EN GESTION LOGISTICA,IP DUOC UC,Business,-0.490165844131716,1556398.4690266,89,5,2021,2025,1.5563984690266
I111S9C485J2V1,INGENIERIA EN ADMINISTRACION MENCION GESTION DE PERSONAS,IP DUOC UC,Business,-0.489766175085055,1299891.8260516,13,5,2021,2025,1.2998918260516
I93S5C76J1V2,TECNICO UNIVERSITARIO EN LOGISTICA,UNIVERSIDAD CATOLICA DE LA SANTISIMA CONCEPCION,Business,-0.488360218678539,1111926.84022053,70,4,2022,2025,1.11192684022053
I100S30C119J1V1,INGENIERIA EN LOGISTICA,IP INACAP,Business,-0.487343303804944,1556398.4690266,34,4,2022,2025,1.5563984690266
I116S31C144J2V1,INGENIERIA EN COMERCIO EXTERIOR,IP SANTO TOMAS,Business,-0.487268632035711,1386393.93003712,26,4,2022,2025,1.38639393003712
I26S1C8J1V4,PUBLICIDAD,"UNIVERSIDAD DE ARTES, CIENCIAS Y COMUNICACION - UNIACC",Business,-0.486545305667628,1414501.73115333,21,4,2022,2025,1.41450173115333
I100S34C119J1V1,INGENIERIA EN LOGISTICA,IP INACAP,Business,-0.486383830385447,1556398.4690266,31,3,2023,2025,1.5563984690266
I111S25C484J1V1,INGENIERIA EN ADMINISTRACION MENCION FINANZAS,IP DUOC UC,Business,-0.485810903467114,1459025.30392471,58,4,2022,2025,1.45902530392471
I143S8C73J1V1,AUDITORIA,IP AIEP,Business,-0.485718634990057,1407951.12119211,18,4,2022,2025,1.40795112119211
I917S1C1J1V1,TECNICO DE NIVEL SUPERIOR EN ADMINISTRACION PUBLICA PRIVADA,CFT DE LA REGION DE LOS RIOS,Business,-0.485264481223624,1443832.59911894,14,4,2022,2025,1.44383259911894
I367S1C7J1V1,ADMINISTRACION DE EMPRESAS,CFT SAN AGUSTIN,Business,-0.48525868352912,847666.996692458,25,4,2022,2025,0.847666996692458
I94S1C213J1V3,TECNICO UNIVERSITARIO EN ADMINISTRACION DE EMPRESAS,UNIVERSIDAD CATOLICA DE TEMUCO,Business,-0.484823272644033,1004039.66888309,14,1,2022,2022,1.00403966888309
I111S23C145J1V1,INGENIERIA EN GESTION LOGISTICA,IP DUOC UC,Business,-0.484583583916675,1556398.4690266,72,4,2022,2025,1.5563984690266
I111S15C485J2V1,INGENIERIA EN ADMINISTRACION MENCION GESTION DE PERSONAS,IP DUOC UC,Business,-0.484436465954421,1299891.8260516,22,4,2022,2025,1.2998918260516
I13S3C2J2V1,INGENIERIA COMERCIAL,UNIVERSIDAD SANTO TOMAS,Business,-0.482819393809712,1644203.29522717,18,4,2022,2025,1.64420329522717
I100S32C308J1V1,INGENIERIA EN ADMINISTRACION DE EMPRESAS FINANCIERAS,IP INACAP,Business,-0.48202556119665,1388696.59009068,12,2,2022,2023,1.38869659009068
I100S29C300J1V1,INGENIERIA EN ADMINISTRACION DE EMPRESAS,IP INACAP,Business,-0.481468018490109,1388696.59009068,42,4,2022,2025,1.38869659009068
I111S5C485J1V1,INGENIERIA EN ADMINISTRACION MENCION GESTION DE PERSONAS,IP DUOC UC,Business,-0.481225660506249,1299891.8260516,54,4,2022,2025,1.2998918260516
I100S42C300J2V1,INGENIERIA EN ADMINISTRACION DE EMPRESAS,IP INACAP,Business,-0.481212122174401,1388696.59009068,11,4,2022,2025,1.38869659009068
I430S15C2J1V1,COMERCIO EXTERIOR,CFT INACAP,Business,-0.480801540236012,1125506.55057754,63,4,2022,2025,1.12550655057754
I902S1C3J1V1,TECNICO DE NIVEL SUPERIOR EN ADMINISTRACION DE EMPRESAS,CFT DE LA REGION DE ARICA Y PARINACOTA,Business,-0.479963521488347,1001177.68022578,15,4,2021,2024,1.00117768022578
I111S12C513J1V1,INGENIERIA EN MARKETING DIGITAL,IP DUOC UC,Business,-0.479361116069696,1257780.43441787,54,5,2021,2025,1.25778043441787
I139S1C7J2V1,AUDITORIA,IP DR. VIRGINIO GOMEZ G.,Business,-0.478458756088199,1407951.12119211,10,3,2022,2024,1.40795112119211
I430S1C201J2V1,ADMINISTRACION DE EMPRESAS,CFT INACAP,Business,-0.47836142366619,1017322.46551112,14,4,2022,2025,1.01732246551112
I19S4C453J1V1,ADMINISTRACION PUBLICA,UNIVERSIDAD DE LAS AMERICAS,Business,-0.477716466286605,1390286.3456399,69,4,2022,2025,1.3902863456399
I430S36C201J1V1,ADMINISTRACION DE EMPRESAS,CFT INACAP,Business,-0.47743113507774,1017322.46551112,53,4,2022,2025,1.01732246551112
I430S3C201J2V1,ADMINISTRACION DE EMPRESAS,CFT INACAP,Business,-0.476721592442346,1017322.46551112,15,4,2022,2025,1.01732246551112
I111S10C513J2V1,INGENIERIA EN MARKETING DIGITAL,IP DUOC UC,Business,-0.476620342939992,1257780.43441787,13,4,2022,2025,1.25778043441787
I13S1C2J2V1,INGENIERIA COMERCIAL,UNIVERSIDAD SANTO TOMAS,Business,-0.476088635864828,1644203.29522717,26,4,2022,2025,1.64420329522717
I111S5C521J1V1,INGENIERIA EN ADMINISTRACION MENCION INNOVACION Y EMPRENDIMIENTO,IP DUOC UC,Business,-0.475096228777779,1388696.59009068,35,4,2022,2025,1.38869659009068
I111S21C484J2V1,INGENIERIA EN ADMINISTRACION MENCION FINANZAS,IP DUOC UC,Business,-0.47495780870616,1459025.30392471,16,3,2022,2024,1.45902530392471
I111S5C145J1V1,INGENIERIA EN GESTION LOGISTICA,IP DUOC UC,Business,-0.474608887144199,1556398.4690266,83,4,2022,2025,1.5563984690266
I260S5C120J1V1,TECNICO EN ADMINISTRACION,CFT SANTO TOMAS,Business,-0.473360377439553,952673.086203997,51,4,2022,2025,0.952673086203997
I430S27C201J1V1,ADMINISTRACION DE EMPRESAS,CFT INACAP,Business,-0.472793558113592,1017322.46551112,79,4,2022,2025,1.01732246551112
I111S15C6J1V1,AUDITORIA,IP DUOC UC,Business,-0.472141060274181,1407951.12119211,107,4,2022,2025,1.40795112119211
I143S28C655J4V1,TECNICO EN MARKETING DIGITAL,IP AIEP,Business,-0.471257438211928,1443832.59911894,26,5,2021,2025,1.44383259911894
I260S22C120J2V1,TECNICO EN ADMINISTRACION,CFT SANTO TOMAS,Business,-0.468802133267505,952673.086203997,12,4,2022,2025,0.952673086203997
I111S10C422J2V1,TECNICO EN GESTION LOGISTICA,IP DUOC UC,Business,-0.468399028097845,1124781.8250052,15,4,2022,2025,1.1247818250052
I111S4C6J1V1,AUDITORIA,IP DUOC UC,Business,-0.468276576068128,1407951.12119211,99,4,2022,2025,1.40795112119211
I430S37C201J2V1,ADMINISTRACION DE EMPRESAS,CFT INACAP,Business,-0.467834592592552,1017322.46551112,19,4,2022,2025,1.01732246551112
I116S10C51J2V1,INGENIERIA DE EJECUCION EN ADMINISTRACION,IP SANTO TOMAS,Business,-0.467126655362271,1388696.59009068,17,3,2022,2024,1.38869659009068
I111S9C490J1V1,TECNICO EN FINANZAS,IP DUOC UC,Business,-0.466481681163172,1157157.99966446,10,2,2022,2023,1.15715799966446
I80S1C341J2V1,ADMINISTRACION PUBLICA,UNIVERSIDAD DE TARAPACA,Business,-0.466121152298394,1405394.85230831,10,4,2022,2025,1.40539485230831
I111S26C488J1V1,TECNICO EN ADMINISTRACION,IP DUOC UC,Business,-0.466057090879404,1001177.68022578,54,4,2022,2025,1.00117768022578
I111S22C69J1V1,COMERCIO EXTERIOR,IP DUOC UC,Business,-0.465715364774645,1115807.42116101,74,4,2022,2025,1.11580742116101
I111S24C488J2V1,TECNICO EN ADMINISTRACION,IP DUOC UC,Business,-0.463824007885201,1001177.68022578,19,4,2022,2025,1.00117768022578
I111S12C145J1V1,INGENIERIA EN GESTION LOGISTICA,IP DUOC UC,Business,-0.462701876577379,1556398.4690266,58,4,2022,2025,1.5563984690266
I111S15C352J2V1,INGENIERIA EN COMERCIO EXTERIOR,IP DUOC UC,Business,-0.462372930696654,1386393.93003712,30,4,2022,2025,1.38639393003712
I139S2C8J1V2,INGENIERIA EN ADMINISTRACION,IP DR. VIRGINIO GOMEZ G.,Business,-0.462129736784396,1388696.59009068,37,4,2022,2025,1.38869659009068
I260S34C234J2V1,TECNICO EN ADMINISTRACION LOGISTICA,CFT SANTO TOMAS,Business,-0.461960390780608,1127595.34657216,17,4,2022,2025,1.12759534657216
I913S2C1J2V1,TECNICO DE NIVEL SUPERIOR EN ADMINISTRACION DE EMPRESAS,CFT DE LA REGION DEL LIBERTADOR GENERAL BERNARDO O'HIGGINS,Business,-0.460562105546092,1001177.68022578,12,3,2022,2024,1.00117768022578
I100S35C300J1V1,INGENIERIA EN ADMINISTRACION DE EMPRESAS,IP INACAP,Business,-0.45844500896685,1388696.59009068,31,4,2022,2025,1.38869659009068
I111S15C484J1V1,INGENIERIA EN ADMINISTRACION MENCION FINANZAS,IP DUOC UC,Business,-0.457622275149546,1459025.30392471,117,4,2022,2025,1.45902530392471
I111S7C145J1V1,INGENIERIA EN GESTION LOGISTICA,IP DUOC UC,Business,-0.456435429848477,1556398.4690266,83,4,2022,2025,1.5563984690266
I84S2C515J1V1,ADMINISTRACION PUBLICA,UNIVERSIDAD DE LOS LAGOS,Business,-0.455071165795123,1324573.46273513,18,3,2022,2025,1.32457346273513
I31S2C101J1V1,ADMINISTRACION PUBLICA,UNIVERSIDAD AUTONOMA DE CHILE,Business,-0.454307167527362,1347339.44874155,101,4,2022,2025,1.34733944874155
I430S12C201J2V1,ADMINISTRACION DE EMPRESAS,CFT INACAP,Business,-0.453746458768803,1017322.46551112,16,4,2022,2025,1.01732246551112
I143S6C645J1V1,TECNICO EN OPERACIONES LOGISTICAS,IP AIEP,Business,-0.453515407072126,1124781.8250052,10,3,2022,2024,1.1247818250052
I111S12C513J2V1,INGENIERIA EN MARKETING DIGITAL,IP DUOC UC,Business,-0.453099488836265,1257780.43441787,19,4,2022,2025,1.25778043441787
I111S3C2J1V1,PUBLICIDAD,IP DUOC UC,Business,-0.452710113122585,1271755.0665941,83,4,2022,2025,1.2717550665941
I111S10C6J1V1,AUDITORIA,IP DUOC UC,Business,-0.452190391419958,1407951.12119211,55,4,2022,2025,1.40795112119211
I111S21C6J1V1,AUDITORIA,IP DUOC UC,Business,-0.450790219407497,1407951.12119211,66,4,2022,2025,1.40795112119211
I430S12C67J2V1,TECNICO EN LOGISTICA,CFT INACAP,Business,-0.449395806286269,1204115.13108288,22,4,2022,2025,1.20411513108288
I111S4C6J2V1,AUDITORIA,IP DUOC UC,Business,-0.449059543152999,1407951.12119211,24,4,2022,2025,1.40795112119211
I19S1C33J1V1,TECNICO DE NIVEL SUPERIOR EN ORGANIZACION Y PRODUCCION DE EVENTOS,UNIVERSIDAD DE LAS AMERICAS,Business,-0.448260601331453,1284484.66145431,20,3,2022,2024,1.28448466145431
I430S33C201J1V1,ADMINISTRACION DE EMPRESAS,CFT INACAP,Business,-0.447731142144227,1017322.46551112,79,4,2022,2025,1.01732246551112
I111S6C513J1V1,INGENIERIA EN MARKETING DIGITAL,IP DUOC UC,Business,-0.446255075361803,1257780.43441787,65,5,2021,2025,1.25778043441787
I111S4C513J1V1,INGENIERIA EN MARKETING DIGITAL,IP DUOC UC,Business,-0.445600157821007,1257780.43441787,69,4,2022,2025,1.25778043441787
I2S1C307J1V2,PUBLICIDAD,UNIVERSIDAD FINIS TERRAE,Business,-0.443104901160986,1370762.29853845,204,4,2022,2025,1.37076229853845
I111S20C145J2V1,INGENIERIA EN GESTION LOGISTICA,IP DUOC UC,Business,-0.442915125590884,1556398.4690266,53,5,2021,2025,1.5563984690266
I111S21C485J2V1,INGENIERIA EN ADMINISTRACION MENCION GESTION DE PERSONAS,IP DUOC UC,Business,-0.442776615299214,1299891.8260516,20,4,2022,2025,1.2998918260516
I116S8C51J2V1,INGENIERIA DE EJECUCION EN ADMINISTRACION,IP SANTO TOMAS,Business,-0.439954057874164,1388696.59009068,23,4,2021,2024,1.38869659009068
I100S5C300J1V1,INGENIERIA EN ADMINISTRACION DE EMPRESAS,IP INACAP,Business,-0.438756545489723,1388696.59009068,35,4,2022,2025,1.38869659009068
I260S47C107J2V1,CONTABILIDAD GENERAL,CFT SANTO TOMAS,Business,-0.437572268630356,1105601.49413724,13,4,2022,2025,1.10560149413724
I111S15C6J2V1,AUDITORIA,IP DUOC UC,Business,-0.437261513161276,1407951.12119211,33,4,2022,2025,1.40795112119211
I111S4C19J1V1,CONTABILIDAD GENERAL MENCION LEGISLACION TRIBUTARIA,IP DUOC UC,Business,-0.43712386944167,1123272.45887694,23,4,2022,2025,1.12327245887694
I430S14C201J1V1,ADMINISTRACION DE EMPRESAS,CFT INACAP,Business,-0.435243879290022,1017322.46551112,35,4,2022,2025,1.01732246551112
I111S5C513J1V1,INGENIERIA EN MARKETING DIGITAL,IP DUOC UC,Business,-0.434369108452098,1257780.43441787,114,5,2021,2025,1.25778043441787
I430S4C67J1V1,TECNICO EN LOGISTICA,CFT INACAP,Business,-0.433769442842931,1204115.13108288,11,3,2023,2025,1.20411513108288
I430S10C67J1V1,TECNICO EN LOGISTICA,CFT INACAP,Business,-0.431882636589878,1204115.13108288,14,4,2022,2025,1.20411513108288
I260S42C120J2V1,TECNICO EN ADMINISTRACION,CFT SANTO TOMAS,Business,-0.430674672631573,952673.086203997,11,3,2022,2024,0.952673086203997
I111S3C352J1V1,INGENIERIA EN COMERCIO EXTERIOR,IP DUOC UC,Business,-0.430089761564231,1386393.93003712,84,4,2022,2025,1.38639393003712
I430S10C2J2V1,COMERCIO EXTERIOR,CFT INACAP,Business,-0.429837648726733,1125506.55057754,11,4,2022,2025,1.12550655057754
I430S22C201J1V1,ADMINISTRACION DE EMPRESAS,CFT INACAP,Business,-0.429604068883576,1017322.46551112,95,4,2022,2025,1.01732246551112
I4S1C2J1V1,ADMINISTRACION PUBLICA,UNIVERSIDAD CENTRAL DE CHILE,Business,-0.42813293328817,1487993.01509176,116,4,2022,2025,1.48799301509176
I100S34C303J1V1,CONTADOR PUBLICO,IP INACAP,Business,-0.427290737518054,1407951.12119211,22,4,2022,2025,1.40795112119211
I100S23C119J2V1,INGENIERIA EN LOGISTICA,IP INACAP,Business,-0.426993263125394,1556398.4690266,11,3,2022,2024,1.5563984690266
I111S12C490J1V1,TECNICO EN FINANZAS,IP DUOC UC,Business,-0.425463339627504,1157157.99966446,14,2,2022,2023,1.15715799966446
I116S19C51J2V1,INGENIERIA DE EJECUCION EN ADMINISTRACION,IP SANTO TOMAS,Business,-0.424539478083143,1388696.59009068,18,3,2022,2024,1.38869659009068
I31S4C1J2V1,INGENIERIA COMERCIAL,UNIVERSIDAD AUTONOMA DE CHILE,Business,-0.424020974299281,1614194.26803744,28,4,2022,2025,1.61419426803744
I31S2C448J1V1,INGENIERIA EN CONTROL DE GESTION,UNIVERSIDAD AUTONOMA DE CHILE,Business,-0.42271140963189,1590582.29989483,66,4,2022,2025,1.59058229989483
I111S21C521J1V1,INGENIERIA EN ADMINISTRACION MENCION INNOVACION Y EMPRENDIMIENTO,IP DUOC UC,Business,-0.421789903601618,1388696.59009068,15,3,2023,2025,1.38869659009068
I4S7C2J1V1,ADMINISTRACION PUBLICA,UNIVERSIDAD CENTRAL DE CHILE,Business,-0.42117889443889,1487993.01509176,61,4,2022,2025,1.48799301509176
I100S13C119J2V1,INGENIERIA EN LOGISTICA,IP INACAP,Business,-0.420551756532884,1556398.4690266,11,3,2022,2025,1.5563984690266
I111S5C513J2V1,INGENIERIA EN MARKETING DIGITAL,IP DUOC UC,Business,-0.420419671561953,1257780.43441787,10,4,2022,2025,1.25778043441787
I83S2C390J2V1,TECNICO EN CONTABILIDAD GENERAL,UNIVERSIDAD DE PLAYA ANCHA DE CIENCIAS DE LA EDUCACION,Business,-0.418810243869299,1122350.67234021,17,4,2022,2025,1.12235067234021
I430S16C45J1V1,CONTABILIDAD GENERAL,CFT INACAP,Business,-0.41497028308787,1180628.75311209,35,4,2022,2025,1.18062875311209
I111S3C513J1V1,INGENIERIA EN MARKETING DIGITAL,IP DUOC UC,Business,-0.413192480342817,1257780.43441787,55,4,2022,2025,1.25778043441787
I31S2C1J2V1,INGENIERIA COMERCIAL,UNIVERSIDAD AUTONOMA DE CHILE,Business,-0.411385561665507,1614194.26803744,27,4,2022,2025,1.61419426803744
I260S50C263J1V1,TECNICO EN ADMINISTRACION DE RECURSOS HUMANOS,CFT SANTO TOMAS,Business,-0.410061913821572,989093.949136129,35,4,2022,2025,0.989093949136129
I100S19C300J1V1,INGENIERIA EN ADMINISTRACION DE EMPRESAS,IP INACAP,Business,-0.409259275151578,1388696.59009068,21,5,2021,2025,1.38869659009068
I111S12C484J1V1,INGENIERIA EN ADMINISTRACION MENCION FINANZAS,IP DUOC UC,Business,-0.408030535176939,1459025.30392471,77,4,2022,2025,1.45902530392471
I430S21C201J2V1,ADMINISTRACION DE EMPRESAS,CFT INACAP,Business,-0.407969771165551,1017322.46551112,17,4,2022,2025,1.01732246551112
I13S7C2J1V1,INGENIERIA COMERCIAL,UNIVERSIDAD SANTO TOMAS,Business,-0.407793548684184,1644203.29522717,90,4,2022,2025,1.64420329522717
I143S10C73J1V2,AUDITORIA,IP AIEP,Business,-0.40763625382483,1407951.12119211,12,3,2022,2024,1.40795112119211
I71S1C102J1V1,TECNOLOGIA EN ADMINISTRACION DE PERSONAL,UNIVERSIDAD DE SANTIAGO DE CHILE,Business,-0.40665084243079,1385280.32548306,42,3,2022,2024,1.38528032548306
I111S9C486J1V1,INGENIERIA EN ADMINISTRACION MENCION MARKETING,IP DUOC UC,Business,-0.406235266091072,1257780.43441787,26,2,2021,2022,1.25778043441787
I111S10C484J1V1,INGENIERIA EN ADMINISTRACION MENCION FINANZAS,IP DUOC UC,Business,-0.405908508527485,1459025.30392471,50,4,2022,2025,1.45902530392471
I111S22C6J2V1,AUDITORIA,IP DUOC UC,Business,-0.400766229796781,1407951.12119211,15,4,2022,2025,1.40795112119211
I31S3C101J1V1,ADMINISTRACION PUBLICA,UNIVERSIDAD AUTONOMA DE CHILE,Business,-0.400603679855365,1347339.44874155,75,4,2022,2025,1.34733944874155
I85S3C2J1V1,ADMINISTRACION PUBLICA,UNIVERSIDAD TECNOLOGICA METROPOLITANA,Business,-0.397618901574102,1547115.36539003,81,5,2021,2025,1.54711536539003
I111S23C484J1V1,INGENIERIA EN ADMINISTRACION MENCION FINANZAS,IP DUOC UC,Business,-0.397320622236739,1459025.30392471,50,4,2022,2025,1.45902530392471
I111S12C352J1V1,INGENIERIA EN COMERCIO EXTERIOR,IP DUOC UC,Business,-0.396849600797729,1386393.93003712,83,4,2022,2025,1.38639393003712
I111S9C484J1V1,INGENIERIA EN ADMINISTRACION MENCION FINANZAS,IP DUOC UC,Business,-0.396278745330808,1459025.30392471,104,5,2021,2025,1.45902530392471
I111S20C422J2V1,TECNICO EN GESTION LOGISTICA,IP DUOC UC,Business,-0.394612470475134,1124781.8250052,11,4,2022,2025,1.1247818250052
I367S1C178J1V1,CONTABILIDAD GENERAL,CFT SAN AGUSTIN,Business,-0.392477489975323,983739.240297306,22,4,2022,2025,0.983739240297306
I111S7C484J2V1,INGENIERIA EN ADMINISTRACION MENCION FINANZAS,IP DUOC UC,Business,-0.391874470835283,1459025.30392471,12,4,2022,2025,1.45902530392471
I22S1C1J1V2,INGENIERIA COMERCIAL,UNIVERSIDAD DE VIÑA DEL MAR,Business,-0.391094670087784,1583215.09218451,45,4,2022,2025,1.58321509218451
I111S6C484J1V1,INGENIERIA EN ADMINISTRACION MENCION FINANZAS,IP DUOC UC,Business,-0.390936334590841,1459025.30392471,40,4,2022,2025,1.45902530392471
I100S35C300J2V1,INGENIERIA EN ADMINISTRACION DE EMPRESAS,IP INACAP,Business,-0.39076972379209,1388696.59009068,16,4,2022,2025,1.38869659009068
I111S21C19J2V1,CONTABILIDAD GENERAL MENCION LEGISLACION TRIBUTARIA,IP DUOC UC,Business,-0.38741049092176,1123272.45887694,16,4,2022,2025,1.12327245887694
I111S9C6J1V1,AUDITORIA,IP DUOC UC,Business,-0.386332629227992,1407951.12119211,92,4,2022,2025,1.40795112119211
I116S15C9J2V1,CONTADOR AUDITOR,IP SANTO TOMAS,Business,-0.386117270901591,1407951.12119211,38,4,2022,2025,1.40795112119211
I111S12C6J1V1,AUDITORIA,IP DUOC UC,Business,-0.385830820405446,1407951.12119211,75,4,2022,2025,1.40795112119211
I111S4C486J1V2,INGENIERIA EN ADMINISTRACION MENCION MARKETING,IP DUOC UC,Business,-0.385490582664605,1257780.43441787,15,2,2021,2022,1.25778043441787
I111S4C490J1V1,TECNICO EN FINANZAS,IP DUOC UC,Business,-0.385023593161224,1157157.99966446,10,3,2021,2023,1.15715799966446
I143S15C655J1V1,TECNICO EN MARKETING DIGITAL,IP AIEP,Business,-0.3844083838692,1443832.59911894,17,4,2022,2025,1.44383259911894
I152S10C398J4V1,TECNICO EN MARKETING DIGITAL,IP LATINOAMERICANO DE COMERCIO EXTERIOR - IPLACEX,Business,-0.383977136425189,1443832.59911894,16,5,2021,2025,1.44383259911894
I116S30C51J2V1,INGENIERIA DE EJECUCION EN ADMINISTRACION,IP SANTO TOMAS,Business,-0.382765299865594,1388696.59009068,11,3,2022,2024,1.38869659009068
I143S6C95J1V1,INGENIERIA EN ADMINISTRACION DE EMPRESAS,IP AIEP,Business,-0.379961822108037,1388696.59009068,16,4,2021,2025,1.38869659009068
I143S21C9J1V1,CONTABILIDAD GENERAL,IP AIEP,Business,-0.379813856026629,1123272.45887694,32,4,2022,2025,1.12327245887694
I430S22C45J1V1,CONTABILIDAD GENERAL,CFT INACAP,Business,-0.379173553407963,1180628.75311209,22,3,2022,2024,1.18062875311209
I10S7C380J1V5,ADMINISTRACION PUBLICA,UNIVERSIDAD MAYOR,Business,-0.37894513976589,1488443.39523633,63,4,2022,2025,1.48844339523633
I367S4C178J1V1,CONTABILIDAD GENERAL,CFT SAN AGUSTIN,Business,-0.374533210227371,983739.240297306,20,4,2022,2025,0.983739240297306
I143S26C651J1V1,TECNICO EN ADMINISTRACION DE EMPRESAS,IP AIEP,Business,-0.374449911397877,1001177.68022578,10,2,2022,2023,1.00117768022578
I367S3C178J1V1,CONTABILIDAD GENERAL,CFT SAN AGUSTIN,Business,-0.374145730416192,983739.240297306,34,4,2022,2025,0.983739240297306
I143S15C95J1V1,INGENIERIA EN ADMINISTRACION DE EMPRESAS,IP AIEP,Business,-0.374144215300516,1388696.59009068,14,4,2022,2025,1.38869659009068
I430S21C201J1V1,ADMINISTRACION DE EMPRESAS,CFT INACAP,Business,-0.373611016125209,1017322.46551112,48,4,2022,2025,1.01732246551112
I31S4C101J1V1,ADMINISTRACION PUBLICA,UNIVERSIDAD AUTONOMA DE CHILE,Business,-0.370393796800324,1347339.44874155,118,4,2022,2025,1.34733944874155
I111S28C488J2V1,TECNICO EN ADMINISTRACION,IP DUOC UC,Business,-0.369731974651722,1001177.68022578,13,4,2022,2025,1.00117768022578
I88S2C471J1V1,TECNICO UNIVERSITARIO EN ADMINISTRACION DE EMPRESAS,UNIVERSIDAD TECNICA FEDERICO SANTA MARIA,Business,-0.367649742241718,1156707.1597592,102,5,2021,2025,1.1567071597592
I19S6C2J1V1,INGENIERIA COMERCIAL,UNIVERSIDAD DE LAS AMERICAS,Business,-0.363471614034792,1665647.25181823,64,4,2022,2025,1.66564725181823
I143S28C645J4V1,TECNICO EN OPERACIONES LOGISTICAS,IP AIEP,Business,-0.363413369279266,1124781.8250052,16,4,2022,2025,1.1247818250052
I84S6C68J1V2,TECNICO UNIVERSITARIO EN ADMINISTRACION DE EMPRESAS,UNIVERSIDAD DE LOS LAGOS,Business,-0.362347762006211,954209.117649614,79,4,2022,2025,0.954209117649614
I73S2C2J1V1,ADMINISTRACION PUBLICA,UNIVERSIDAD DE ANTOFAGASTA,Business,-0.361103625388938,1612538.33039365,67,4,2022,2025,1.61253833039365
I430S28C201J2V1,ADMINISTRACION DE EMPRESAS,CFT INACAP,Business,-0.358825169700465,1017322.46551112,22,5,2021,2025,1.01732246551112
I260S5C107J1V1,CONTABILIDAD GENERAL,CFT SANTO TOMAS,Business,-0.358055246874314,1105601.49413724,38,4,2022,2025,1.10560149413724
I10S7C380J1V3,ADMINISTRACION PUBLICA,UNIVERSIDAD MAYOR,Business,-0.357821014881545,1488443.39523633,27,2,2022,2023,1.48844339523633
I111S10C6J2V1,AUDITORIA,IP DUOC UC,Business,-0.357069489574839,1407951.12119211,15,4,2022,2025,1.40795112119211
I116S16C51J2V1,INGENIERIA DE EJECUCION EN ADMINISTRACION,IP SANTO TOMAS,Business,-0.356776250687263,1388696.59009068,19,3,2022,2024,1.38869659009068
I367S3C7J2V1,ADMINISTRACION DE EMPRESAS,CFT SAN AGUSTIN,Business,-0.355450807200081,847666.996692458,18,4,2022,2025,0.847666996692458
I111S26C488J2V1,TECNICO EN ADMINISTRACION,IP DUOC UC,Business,-0.354087479620826,1001177.68022578,22,4,2022,2025,1.00117768022578
I19S5C2J1V1,INGENIERIA COMERCIAL,UNIVERSIDAD DE LAS AMERICAS,Business,-0.353981545507852,1665647.25181823,45,4,2022,2025,1.66564725181823
I143S29C651J1V1,TECNICO EN ADMINISTRACION DE EMPRESAS,IP AIEP,Business,-0.353156620447268,1001177.68022578,12,4,2022,2025,1.00117768022578
I116S39C51J2V1,INGENIERIA DE EJECUCION EN ADMINISTRACION,IP SANTO TOMAS,Business,-0.351803953253876,1388696.59009068,15,4,2021,2024,1.38869659009068
I19S4C226J3V1,TECNICO DE NIVEL SUPERIOR EN ADMINISTRACION DE EMPRESAS,UNIVERSIDAD DE LAS AMERICAS,Business,-0.350658348643898,1001548.00354674,18,4,2022,2025,1.00154800354674
I31S1C111J2V3,INGENIERIA EN ADMINISTRACION,UNIVERSIDAD AUTONOMA DE CHILE,Business,-0.348436466674819,1325115.21656949,12,2,2022,2023,1.32511521656949
I111S5C145J2V1,INGENIERIA EN GESTION LOGISTICA,IP DUOC UC,Business,-0.346735457695192,1556398.4690266,13,4,2022,2025,1.5563984690266
I111S3C12J1V1,RELACIONES PUBLICAS MENCION MARKETING,IP DUOC UC,Business,-0.345947436977438,1122595.11565963,29,4,2021,2024,1.12259511565963
I100S42C119J1V1,INGENIERIA EN LOGISTICA,IP INACAP,Business,-0.344684931735573,1556398.4690266,17,4,2022,2025,1.5563984690266
I92S1C475J2V1,INGENIERIA DE EJECUCION EN ADMINISTRACION DE EMPRESAS,UNIVERSIDAD CATOLICA DEL MAULE,Business,-0.344384649914971,1369541.82044454,25,4,2022,2025,1.36954182044454
I117S1C30J4V1,CONTABILIDAD GENERAL,IP IACC,Business,-0.342714348941211,1123272.45887694,19,4,2022,2025,1.12327245887694
I111S21C486J1V1,INGENIERIA EN ADMINISTRACION MENCION MARKETING,IP DUOC UC,Business,-0.342594678947353,1257780.43441787,15,2,2021,2022,1.25778043441787
I139S1C7J1V1,AUDITORIA,IP DR. VIRGINIO GOMEZ G.,Business,-0.341732839569435,1407951.12119211,25,3,2023,2025,1.40795112119211
I111S10C484J2V1,INGENIERIA EN ADMINISTRACION MENCION FINANZAS,IP DUOC UC,Business,-0.338102377579219,1459025.30392471,30,4,2022,2025,1.45902530392471
I100S34C311J1V1,INGENIERIA FINANCIERA,IP INACAP,Business,-0.336637001606337,1459025.30392471,10,2,2022,2023,1.45902530392471
I111S25C484J2V1,INGENIERIA EN ADMINISTRACION MENCION FINANZAS,IP DUOC UC,Business,-0.335466374329385,1459025.30392471,11,4,2022,2025,1.45902530392471
I143S12C651J1V1,TECNICO EN ADMINISTRACION DE EMPRESAS,IP AIEP,Business,-0.334276504532436,1001177.68022578,19,4,2022,2025,1.00117768022578
I111S4C69J2V1,COMERCIO EXTERIOR,IP DUOC UC,Business,-0.333542406080575,1115807.42116101,13,4,2022,2025,1.11580742116101
I111S22C19J1V1,CONTABILIDAD GENERAL MENCION LEGISLACION TRIBUTARIA,IP DUOC UC,Business,-0.333032214241811,1123272.45887694,28,4,2022,2025,1.12327245887694
I83S1C356J1V1,INGENIERIA COMERCIAL LICENCIATURA EN CIENCIAS DE LA ADMINISTRACION BACHILLERATO EN ADMINISTRACION,UNIVERSIDAD DE PLAYA ANCHA DE CIENCIAS DE LA EDUCACION,Business,-0.331821892543274,1608366.85020877,66,4,2022,2025,1.60836685020877
I100S30C303J1V1,CONTADOR PUBLICO,IP INACAP,Business,-0.331607541852081,1407951.12119211,18,3,2022,2024,1.40795112119211
I19S4C24J1V1,CONTADOR AUDITOR,UNIVERSIDAD DE LAS AMERICAS,Business,-0.330765970026004,1393322.3133251,121,4,2022,2025,1.3933223133251
I117S1C1J4V1,TECNICO SUPERIOR EN ADMINISTRACION DE EMPRESAS,IP IACC,Business,-0.329834496645513,1001177.68022578,47,4,2022,2025,1.00117768022578
I13S5C2J1V1,INGENIERIA COMERCIAL,UNIVERSIDAD SANTO TOMAS,Business,-0.3288267905343,1644203.29522717,162,4,2022,2025,1.64420329522717
I111S5C486J1V1,INGENIERIA EN ADMINISTRACION MENCION MARKETING,IP DUOC UC,Business,-0.328614222025872,1257780.43441787,12,1,2022,2022,1.25778043441787
I111S2C422J2V1,TECNICO EN GESTION LOGISTICA,IP DUOC UC,Business,-0.32811233429543,1124781.8250052,10,4,2021,2024,1.1247818250052
I39S6C55J1V1,ADMINISTRACION PUBLICA,UNIVERSIDAD SAN SEBASTIAN,Business,-0.32712694318418,1434302.9151208,58,4,2022,2025,1.4343029151208
I31S2C155J1V2,AUDITORIA E INGENIERIA EN CONTROL DE GESTION,UNIVERSIDAD AUTONOMA DE CHILE,Business,-0.325927922054178,1350281.63330677,20,2,2022,2023,1.35028163330677
I260S41C234J2V1,TECNICO EN ADMINISTRACION LOGISTICA,CFT SANTO TOMAS,Business,-0.321662382801313,1127595.34657216,10,4,2021,2024,1.12759534657216
I31S3C1J2V1,INGENIERIA COMERCIAL,UNIVERSIDAD AUTONOMA DE CHILE,Business,-0.321101761577905,1614194.26803744,37,4,2022,2025,1.61419426803744
I89S1C477J2V1,ADMINISTRACION PUBLICA,PONTIFICIA UNIVERSIDAD CATOLICA DE VALPARAISO,Business,-0.318615458043731,1439836.19860131,39,2,2024,2025,1.43983619860131
I20S1C3J2V1,CONTADOR AUDITOR,UNIVERSIDAD ANDRES BELLO,Business,-0.317678543668356,1453154.15587082,20,4,2022,2025,1.45315415587082
I111S6C352J1V1,INGENIERIA EN COMERCIO EXTERIOR,IP DUOC UC,Business,-0.315469012578693,1386393.93003712,44,4,2022,2025,1.38639393003712
I629S4C113J1V1,TECNICO DE NIVEL SUPERIOR EN ADMINISTRACION DE EMPRESAS,CFT PUCV,Business,-0.315231826576744,977576.408146166,15,4,2022,2025,0.977576408146166
I260S5C120J2V1,TECNICO EN ADMINISTRACION,CFT SANTO TOMAS,Business,-0.311424596203717,952673.086203997,13,4,2022,2025,0.952673086203997
I111S25C145J1V1,INGENIERIA EN GESTION LOGISTICA,IP DUOC UC,Business,-0.310618538442162,1556398.4690266,69,4,2022,2025,1.5563984690266
I31S4C60J1V2,PUBLICIDAD Y COMUNICACION INTEGRAL,UNIVERSIDAD AUTONOMA DE CHILE,Business,-0.309436716144512,1154101.82313107,226,4,2022,2025,1.15410182313107
I139S3C22J1V1,TECNICO EN ADMINISTRACION,IP DR. VIRGINIO GOMEZ G.,Business,-0.307820437899933,1001177.68022578,10,3,2022,2025,1.00117768022578
I39S2C55J1V1,ADMINISTRACION PUBLICA,UNIVERSIDAD SAN SEBASTIAN,Business,-0.307323500767132,1434302.9151208,109,4,2022,2025,1.4343029151208
I116S8C9J1V1,CONTADOR AUDITOR,IP SANTO TOMAS,Business,-0.3068325717254,1407951.12119211,99,4,2022,2025,1.40795112119211
I72S5C83J1V1,ADMINISTRACION PUBLICA,UNIVERSIDAD DE VALPARAISO,Business,-0.306147364866135,1500502.84907327,67,4,2022,2025,1.50050284907327
I430S29C45J1V1,CONTABILIDAD GENERAL,CFT INACAP,Business,-0.304815540662507,1180628.75311209,15,3,2022,2024,1.18062875311209
I4S1C857J1V1,INGENIERIA EN ADMINISTRACION DE EMPRESAS,UNIVERSIDAD CENTRAL DE CHILE,Business,-0.304167166566563,1463448.71612635,94,4,2022,2025,1.46344871612635
I111S9C521J1V1,INGENIERIA EN ADMINISTRACION MENCION INNOVACION Y EMPRENDIMIENTO,IP DUOC UC,Business,-0.304143583057628,1388696.59009068,30,4,2022,2025,1.38869659009068
I111S23C486J1V1,INGENIERIA EN ADMINISTRACION MENCION MARKETING,IP DUOC UC,Business,-0.302456266957129,1257780.43441787,10,1,2022,2022,1.25778043441787
I89S1C481J1V1,PUBLICIDAD,PONTIFICIA UNIVERSIDAD CATOLICA DE VALPARAISO,Business,-0.302170588989206,1233332.53796434,32,3,2023,2025,1.23333253796434
I430S36C201J2V1,ADMINISTRACION DE EMPRESAS,CFT INACAP,Business,-0.301896157161564,1017322.46551112,13,4,2022,2025,1.01732246551112
I69S1C353J1V1,ADMINISTRACION PUBLICA,UNIVERSIDAD ALBERTO HURTADO,Business,-0.300395957527868,1451600.60143314,184,4,2022,2025,1.45160060143314
I13S4C2J1V1,INGENIERIA COMERCIAL,UNIVERSIDAD SANTO TOMAS,Business,-0.29851393643726,1644203.29522717,64,4,2022,2025,1.64420329522717
I111S23C6J1V1,AUDITORIA,IP DUOC UC,Business,-0.297559361098621,1407951.12119211,88,4,2022,2025,1.40795112119211
I100S5C300J2V1,INGENIERIA EN ADMINISTRACION DE EMPRESAS,IP INACAP,Business,-0.297535431513509,1388696.59009068,15,4,2022,2025,1.38869659009068
I100S13C300J2V1,INGENIERIA EN ADMINISTRACION DE EMPRESAS,IP INACAP,Business,-0.28862591958498,1388696.59009068,10,4,2022,2025,1.38869659009068
I430S26C45J1V1,CONTABILIDAD GENERAL,CFT INACAP,Business,-0.28813829484649,1180628.75311209,24,4,2022,2025,1.18062875311209
I895S1C17J1V1,ADMINISTRACION PUBLICA,UNIVERSIDAD DE O'HIGGINS,Business,-0.286609125312947,1550429.67598829,249,4,2022,2025,1.55042967598829
I430S27C45J1V1,CONTABILIDAD GENERAL,CFT INACAP,Business,-0.285969439539157,1180628.75311209,15,3,2022,2024,1.18062875311209
I111S25C6J2V1,AUDITORIA,IP DUOC UC,Business,-0.284741153564346,1407951.12119211,17,4,2022,2025,1.40795112119211
I20S2C68J1V2,PUBLICIDAD,UNIVERSIDAD ANDRES BELLO,Business,-0.281262423390704,1242028.19560976,86,5,2021,2025,1.24202819560976
I72S1C2J1V1,AUDITORIA,UNIVERSIDAD DE VALPARAISO,Business,-0.278090915246116,1503779.49648883,212,4,2022,2025,1.50377949648883
I111S9C422J2V1,TECNICO EN GESTION LOGISTICA,IP DUOC UC,Business,-0.278083945208767,1124781.8250052,12,4,2022,2025,1.1247818250052
I116S34C9J2V1,CONTADOR AUDITOR,IP SANTO TOMAS,Business,-0.277388401625579,1407951.12119211,11,4,2022,2025,1.40795112119211
I104S1C1J2V1,CONTADOR AUDITOR,IP ESCUELA DE CONTADORES AUDITORES DE SANTIAGO,Business,-0.277059422335912,1407951.12119211,215,4,2022,2025,1.40795112119211
I20S4C68J1V2,PUBLICIDAD,UNIVERSIDAD ANDRES BELLO,Business,-0.276763495318021,1242028.19560976,21,4,2022,2025,1.24202819560976
I111S9C484J2V1,INGENIERIA EN ADMINISTRACION MENCION FINANZAS,IP DUOC UC,Business,-0.272359122329765,1459025.30392471,14,4,2022,2025,1.45902530392471
I430S25C201J2V1,ADMINISTRACION DE EMPRESAS,CFT INACAP,Business,-0.271454104754059,1017322.46551112,11,4,2022,2025,1.01732246551112
I100S10C300J2V1,INGENIERIA EN ADMINISTRACION DE EMPRESAS,IP INACAP,Business,-0.271014251583874,1388696.59009068,45,4,2022,2025,1.38869659009068
I111S25C521J1V1,INGENIERIA EN ADMINISTRACION MENCION INNOVACION Y EMPRENDIMIENTO,IP DUOC UC,Business,-0.271007508879958,1388696.59009068,18,4,2022,2025,1.38869659009068
I31S4C101J2V1,ADMINISTRACION PUBLICA,UNIVERSIDAD AUTONOMA DE CHILE,Business,-0.27100543104054,1347339.44874155,13,4,2022,2025,1.34733944874155
I92S2C232J1V1,ADMINISTRACION PUBLICA,UNIVERSIDAD CATOLICA DEL MAULE,Business,-0.27003632189182,1392511.15549278,65,4,2022,2025,1.39251115549278
I430S23C201J1V1,ADMINISTRACION DE EMPRESAS,CFT INACAP,Business,-0.269945557446674,1017322.46551112,23,4,2022,2025,1.01732246551112
I111S6C521J1V1,INGENIERIA EN ADMINISTRACION MENCION INNOVACION Y EMPRENDIMIENTO,IP DUOC UC,Business,-0.268514953255126,1388696.59009068,10,4,2022,2025,1.38869659009068
I111S22C69J2V1,COMERCIO EXTERIOR,IP DUOC UC,Business,-0.264240924926519,1115807.42116101,13,4,2022,2025,1.11580742116101
I111S5C484J2V1,INGENIERIA EN ADMINISTRACION MENCION FINANZAS,IP DUOC UC,Business,-0.263718779881398,1459025.30392471,18,5,2021,2025,1.45902530392471
I2S1C220J1V1,AUDITORIA,UNIVERSIDAD FINIS TERRAE,Business,-0.259998792690283,1603771.10428985,17,1,2022,2022,1.60377110428985
I13S1C600J1V2,INGENIERIA EN INFORMACION Y CONTROL DE GESTION,UNIVERSIDAD SANTO TOMAS,Business,-0.251592619554244,1620152.36369085,72,4,2022,2025,1.62015236369085
I111S23C484J2V1,INGENIERIA EN ADMINISTRACION MENCION FINANZAS,IP DUOC UC,Business,-0.251575680291628,1459025.30392471,18,4,2022,2025,1.45902530392471
I4S1C990J1V1,INGENIERIA EN INFORMACION Y CONTROL DE GESTION,UNIVERSIDAD CENTRAL DE CHILE,Business,-0.250776947639329,1756628.8542822,39,4,2022,2025,1.7566288542822
I111S20C19J2V1,CONTABILIDAD GENERAL MENCION LEGISLACION TRIBUTARIA,IP DUOC UC,Business,-0.24844693266112,1123272.45887694,13,4,2022,2025,1.12327245887694
I111S9C69J2V2,COMERCIO EXTERIOR,IP DUOC UC,Business,-0.247253849994868,1115807.42116101,13,3,2023,2025,1.11580742116101
I3S1C158J2V2,INGENIERIA EN ADMINISTRACION DE EMPRESAS,UNIVERSIDAD DIEGO PORTALES,Business,-0.245335601517377,1548753.87545968,28,4,2022,2025,1.54875387545968
I72S1C83J1V1,ADMINISTRACION PUBLICA,UNIVERSIDAD DE VALPARAISO,Business,-0.244968592143614,1500502.84907327,234,4,2022,2025,1.50050284907327
I19S2C2J1V1,INGENIERIA COMERCIAL,UNIVERSIDAD DE LAS AMERICAS,Business,-0.243940502658787,1665647.25181823,85,4,2022,2025,1.66564725181823
I22S1C286J1V1,INGENIERIA EN GESTION DE NEGOCIOS INTERNACIONALES,UNIVERSIDAD DE VIÑA DEL MAR,Business,-0.243842094936636,1294636.4889293,39,5,2021,2025,1.2946364889293
I143S28C665J4V1,INGENIERIA EN GESTION DE OPERACIONES LOGISTICAS,IP AIEP,Business,-0.24305754991401,1556398.4690266,10,4,2021,2024,1.5563984690266
I13S3C2J1V1,INGENIERIA COMERCIAL,UNIVERSIDAD SANTO TOMAS,Business,-0.242774720395156,1644203.29522717,101,4,2022,2025,1.64420329522717
I143S28C73J4V1,AUDITORIA,IP AIEP,Business,-0.239632207240722,1407951.12119211,17,4,2022,2025,1.40795112119211
I2S1C220J1V2,CONTADOR AUDITOR,UNIVERSIDAD FINIS TERRAE,Business,-0.239262892365496,1603771.10428985,110,4,2022,2025,1.60377110428985
I71S1C995J1V1,GESTION DE PERSONAS,UNIVERSIDAD DE SANTIAGO DE CHILE,Business,-0.235229044029025,1862549.17557968,29,2,2024,2025,1.86254917557968
I143S8C651J1V1,TECNICO EN ADMINISTRACION DE EMPRESAS,IP AIEP,Business,-0.234566575038447,1001177.68022578,11,3,2022,2024,1.00117768022578
I69S1C311J1V2,CONTADOR PUBLICO AUDITOR,UNIVERSIDAD ALBERTO HURTADO,Business,-0.233096782524764,1454770.46103191,127,4,2022,2025,1.45477046103191
I90S2C593J1V1,ADMINISTRACION PUBLICA,UNIVERSIDAD AUSTRAL DE CHILE,Business,-0.232894329650312,1443659.64879647,112,5,2021,2025,1.44365964879647
I19S1C2J1V1,INGENIERIA COMERCIAL,UNIVERSIDAD DE LAS AMERICAS,Business,-0.232624589135401,1665647.25181823,149,4,2022,2025,1.66564725181823
I31S1C111J1V3,INGENIERIA EN ADMINISTRACION,UNIVERSIDAD AUTONOMA DE CHILE,Business,-0.232579165448462,1325115.21656949,97,4,2022,2025,1.32511521656949
I38S1C4J1V1,INGENIERIA COMERCIAL,UNIVERSIDAD ADVENTISTA DE CHILE,Business,-0.23256550091839,1518801.13825224,79,4,2022,2025,1.51880113825224
I39S8C55J1V1,ADMINISTRACION PUBLICA,UNIVERSIDAD SAN SEBASTIAN,Business,-0.225044001690766,1434302.9151208,46,4,2022,2025,1.4343029151208
I117S1C60J4V1,TECNICO DE NIVEL SUPERIOR EN LOGISTICA,IP IACC,Business,-0.224726344952471,1124781.8250052,21,4,2022,2025,1.1247818250052
I1S1C290J1V1,PUBLICIDAD,UNIVERSIDAD GABRIELA MISTRAL,Business,-0.217142397950331,1394115.02214075,11,3,2022,2024,1.39411502214075
I111S22C145J2V1,INGENIERIA EN GESTION LOGISTICA,IP DUOC UC,Business,-0.216057914721787,1556398.4690266,12,4,2022,2025,1.5563984690266
I85S3C8J1V1,CONTADOR PUBLICO AUDITOR,UNIVERSIDAD TECNOLOGICA METROPOLITANA,Business,-0.214788929255189,1550493.8005371,76,2,2022,2023,1.5504938005371
I111S15C19J1V1,CONTABILIDAD GENERAL MENCION LEGISLACION TRIBUTARIA,IP DUOC UC,Business,-0.212771682554742,1123272.45887694,42,4,2022,2025,1.12327245887694
I111S9C6J2V1,AUDITORIA,IP DUOC UC,Business,-0.212486853516621,1407951.12119211,29,4,2022,2025,1.40795112119211
I69S1C1J1V1,INGENIERIA COMERCIAL,UNIVERSIDAD ALBERTO HURTADO,Business,-0.210636468421917,1739105.4440673,355,4,2022,2025,1.7391054440673
I10S7C289J1V1,INGENIERIA EN ADMINISTRACION,UNIVERSIDAD MAYOR,Business,-0.209732915262039,1463891.66729457,140,4,2022,2025,1.46389166729457
I20S3C12J1V1,INGENIERIA EN ADMINISTRACION DE EMPRESAS,UNIVERSIDAD ANDRES BELLO,Business,-0.208142355985394,1426070.41114077,100,4,2022,2025,1.42607041114077
I31S2C1J1V1,INGENIERIA COMERCIAL,UNIVERSIDAD AUTONOMA DE CHILE,Business,-0.206680396554395,1614194.26803744,235,4,2022,2025,1.61419426803744
I72S5C2J1V1,AUDITORIA,UNIVERSIDAD DE VALPARAISO,Business,-0.200989958632976,1503779.49648883,80,4,2022,2025,1.50377949648883
I50S1C320J1V1,CONTADOR AUDITOR,UNIVERSIDAD BERNARDO O'HIGGINS,Business,-0.198572585513551,1313022.02363992,74,4,2022,2025,1.31302202363992
I42S1C11J1V1,INGENIERIA COMERCIAL,UNIVERSIDAD CATOLICA CARDENAL RAUL SILVA HENRIQUEZ,Business,-0.198234712922524,1665680.32231388,202,4,2022,2025,1.66568032231388
I85S3C28J1V1,INGENIERIA EN COMERCIO INTERNACIONAL,UNIVERSIDAD TECNOLOGICA METROPOLITANA,Business,-0.197367942945272,1515686.54968031,295,4,2022,2025,1.51568654968031
I85S3C13J1V1,INGENIERIA COMERCIAL,UNIVERSIDAD TECNOLOGICA METROPOLITANA,Business,-0.195848641990598,1853537.91662362,318,4,2022,2025,1.85353791662362
I143S26C655J1V1,TECNICO EN MARKETING DIGITAL,IP AIEP,Business,-0.195394693839298,1443832.59911894,10,4,2022,2025,1.44383259911894
I20S1C1J2V3,INGENIERIA COMERCIAL,UNIVERSIDAD ANDRES BELLO,Business,-0.193184814261337,1737173.23195534,34,5,2021,2025,1.73717323195534
I13S9C2J1V1,INGENIERIA COMERCIAL,UNIVERSIDAD SANTO TOMAS,Business,-0.190621169052888,1644203.29522717,95,5,2021,2025,1.64420329522717
I111S27C513J4V2,INGENIERIA EN MARKETING DIGITAL,IP DUOC UC,Business,-0.18680420082572,1257780.43441787,13,4,2022,2025,1.25778043441787
I31S4C448J2V1,INGENIERIA EN CONTROL DE GESTION,UNIVERSIDAD AUTONOMA DE CHILE,Business,-0.181500883308759,1590582.29989483,19,3,2023,2025,1.59058229989483
I260S50C107J2V1,CONTABILIDAD GENERAL,CFT SANTO TOMAS,Business,-0.181295798456528,1105601.49413724,11,4,2022,2025,1.10560149413724
I104S1C1J1V1,CONTADOR AUDITOR,IP ESCUELA DE CONTADORES AUDITORES DE SANTIAGO,Business,-0.18118436417413,1407951.12119211,609,4,2022,2025,1.40795112119211
I74S1C325J1V1,ADMINISTRACION PUBLICA,UNIVERSIDAD DE LA SERENA,Business,-0.176414911722039,1385566.46896902,38,3,2022,2025,1.38556646896902
I116S8C9J2V1,CONTADOR AUDITOR,IP SANTO TOMAS,Business,-0.175955961794484,1407951.12119211,37,4,2022,2025,1.40795112119211
I116S6C51J2V1,INGENIERIA DE EJECUCION EN ADMINISTRACION,IP SANTO TOMAS,Business,-0.175873561200769,1388696.59009068,12,4,2021,2024,1.38869659009068
I81S1C128J1V1,INGENIERIA EN INFORMACION Y CONTROL DE GESTION,UNIVERSIDAD ARTURO PRAT,Business,-0.175205995626513,1715531.55507715,60,4,2022,2025,1.71553155507715
I39S2C1J1V1,INGENIERIA COMERCIAL,UNIVERSIDAD SAN SEBASTIAN,Business,-0.170809681524072,1718381.76814304,198,4,2022,2025,1.71838176814304
I4S7C5J1V1,INGENIERIA COMERCIAL,UNIVERSIDAD CENTRAL DE CHILE,Business,-0.166853544582081,1782705.75992138,136,4,2022,2025,1.78270575992138
I4S9C5J1V1,INGENIERIA COMERCIAL,UNIVERSIDAD CENTRAL DE CHILE,Business,-0.160505738679509,1782705.75992138,165,4,2022,2025,1.78270575992138
I94S1C227J1V1,ADMINISTRACION PUBLICA,UNIVERSIDAD CATOLICA DE TEMUCO,Business,-0.159430499920536,1393745.11974037,101,4,2022,2025,1.39374511974037
I111S12C19J1V1,CONTABILIDAD GENERAL MENCION LEGISLACION TRIBUTARIA,IP DUOC UC,Business,-0.156617046482979,1123272.45887694,14,3,2022,2024,1.12327245887694
I50S1C1J1V1,INGENIERIA COMERCIAL,UNIVERSIDAD BERNARDO O'HIGGINS,Business,-0.151067796241678,1569652.26519152,110,4,2022,2025,1.56965226519152
I42S1C221J1V2,CONTADOR PUBLICO Y AUDITOR,UNIVERSIDAD CATOLICA CARDENAL RAUL SILVA HENRIQUEZ,Business,-0.148439553597189,1393349.97696124,111,4,2022,2025,1.39334997696124
I93S1C3J1V1,CONTADOR AUDITOR,UNIVERSIDAD CATOLICA DE LA SANTISIMA CONCEPCION,Business,-0.146766932805685,1306912.9382351,204,4,2022,2025,1.3069129382351
I90S1C593J1V1,ADMINISTRACION PUBLICA,UNIVERSIDAD AUSTRAL DE CHILE,Business,-0.143118061277493,1443659.64879647,175,5,2021,2025,1.44365964879647
I117S1C31J4V1,TECNICO DE NIVEL SUPERIOR EN ADMINISTRACION PUBLICA,IP IACC,Business,-0.142855076805664,1443832.59911894,13,4,2022,2025,1.44383259911894
I4S1C3J1V3,CONTADOR AUDITOR,UNIVERSIDAD CENTRAL DE CHILE,Business,-0.141335811643261,1491242.34478833,101,4,2022,2025,1.49124234478833
I20S2C68J1V1,PUBLICIDAD,UNIVERSIDAD ANDRES BELLO,Business,-0.136774734270885,1242028.19560976,21,1,2022,2022,1.24202819560976
I143S20C651J1V1,TECNICO EN ADMINISTRACION DE EMPRESAS,IP AIEP,Business,-0.135720178501565,1001177.68022578,20,4,2022,2025,1.00117768022578
I72S1C35J1V1,INGENIERIA COMERCIAL,UNIVERSIDAD DE VALPARAISO,Business,-0.134095414241967,1797693.29875275,593,4,2022,2025,1.79769329875275
I116S28C9J2V1,CONTADOR AUDITOR,IP SANTO TOMAS,Business,-0.132001027435994,1407951.12119211,27,4,2022,2025,1.40795112119211
I81S1C14J1V1,INGENIERIA COMERCIAL,UNIVERSIDAD ARTURO PRAT,Business,-0.130490347260086,1740998.37715156,103,4,2022,2025,1.74099837715156
I116S16C9J2V1,CONTADOR AUDITOR,IP SANTO TOMAS,Business,-0.130162997577824,1407951.12119211,23,4,2022,2025,1.40795112119211
I430S3C45J1V1,CONTABILIDAD GENERAL,CFT INACAP,Business,-0.123241678308328,1180628.75311209,11,3,2022,2024,1.18062875311209
I241S1C15J1V1,TECNICO EN COMERCIO Y TRANSPORTE INTERNACIONAL,CFT INSTITUTO SUPERIOR ALEMAN DE COMERCIO INSALCO,Business,-0.121916982681183,1115807.42116101,16,4,2022,2025,1.11580742116101
I85S3C8J1V2,CONTADOR PUBLICO AUDITOR,UNIVERSIDAD TECNOLOGICA METROPOLITANA,Business,-0.121683250825723,1550493.8005371,104,3,2023,2025,1.5504938005371
I88S4C471J1V1,TECNICO UNIVERSITARIO EN ADMINISTRACION DE EMPRESAS,UNIVERSIDAD TECNICA FEDERICO SANTA MARIA,Business,-0.121272787170464,1156707.1597592,90,4,2022,2025,1.1567071597592
I80S2C257J1V1,INGENIERIA COMERCIAL CON MENCION EN GESTION Y COMERCIO EXTERIOR,UNIVERSIDAD DE TARAPACA,Business,-0.118605654164535,1683748.15793029,92,4,2022,2025,1.68374815793029
I2S1C1J1V1,INGENIERIA COMERCIAL,UNIVERSIDAD FINIS TERRAE,Business,-0.116920229039025,1917228.27292623,649,5,2021,2025,1.91722827292623
I31S4C155J1V2,AUDITORIA E INGENIERIA EN CONTROL DE GESTION,UNIVERSIDAD AUTONOMA DE CHILE,Business,-0.111105165780297,1350281.63330677,47,2,2022,2023,1.35028163330677
I77S1C4J1V1,AUDITORIA,UNIVERSIDAD DE MAGALLANES,Business,-0.110970089863444,1491334.96688018,42,4,2022,2025,1.49133496688018
I93S1C305J1V1,INGENIERIA EN INFORMACION Y CONTROL DE GESTION,UNIVERSIDAD CATOLICA DE LA SANTISIMA CONCEPCION,Business,-0.108350126689458,1539495.56580247,135,4,2022,2025,1.53949556580247
I13S1C12J1V1,CONTADOR PUBLICO Y AUDITOR,UNIVERSIDAD SANTO TOMAS,Business,-0.106398920801351,1375384.33565805,86,4,2022,2025,1.37538433565805
I111S25C6J1V1,AUDITORIA,IP DUOC UC,Business,-0.103128413115541,1407951.12119211,44,3,2022,2024,1.40795112119211
I106S6C316J4V3,TECNICO DE NIVEL SUPERIOR EN ADMINISTRACION DE EMPRESAS MENCION RECURSOS HUMANOS,IP PROVIDENCIA,Business,-0.102437101145313,1001177.68022578,12,4,2022,2025,1.00117768022578
I72S5C35J1V1,INGENIERIA COMERCIAL,UNIVERSIDAD DE VALPARAISO,Business,-0.0973413912343782,1797693.29875275,166,4,2022,2025,1.79769329875275
I896S1C24J1V1,INGENIERIA COMERCIAL,UNIVERSIDAD DE AYSEN,Business,-0.0970332687953808,1783653.66155554,18,3,2023,2025,1.78365366155554
I73S2C193J1V1,INGENIERIA COMERCIAL MENCION NEGOCIOS MINEROS,UNIVERSIDAD DE ANTOFAGASTA,Business,-0.0915282347927468,1931918.59137155,148,4,2022,2025,1.93191859137155
I80S1C3J1V2,INGENIERIA EN INFORMACION Y CONTROL DE GESTION,UNIVERSIDAD DE TARAPACA,Business,-0.0860778336495484,1659118.77554897,98,4,2022,2025,1.65911877554897
I78S1C243J1V1,ADMINISTRACION PUBLICA,UNIVERSIDAD DE TALCA,Business,-0.0831379869025439,1444702.80273285,138,4,2022,2025,1.44470280273285
I75S1C192J1V1,CONTADOR PUBLICO Y AUDITOR,UNIVERSIDAD DEL BIO-BIO,Business,-0.0801633217655912,1355924.71510097,136,4,2022,2025,1.35592471510097
I94S1C135J1V1,CONTADOR AUDITOR,UNIVERSIDAD CATOLICA DE TEMUCO,Business,-0.0783633509934047,1396788.64034906,61,2,2022,2023,1.39678864034906
I92S2C3J2V2,CONTADOR AUDITOR,UNIVERSIDAD CATOLICA DEL MAULE,Business,-0.0769038242728918,1395551.98149428,15,3,2023,2025,1.39555198149428
I2S1C224J1V1,INGENIERIA EN INFORMACION Y CONTROL DE GESTION,UNIVERSIDAD FINIS TERRAE,Business,-0.074741378642578,1889183.61076949,129,4,2022,2025,1.88918361076949
I91S1C5J1V1,CONTADOR AUDITOR/CONTADOR PUBLICO,UNIVERSIDAD CATOLICA DEL NORTE,Business,-0.0735140239570372,1618200.62621195,110,4,2022,2025,1.61820062621195
I895S1C48J1V1,CONTADOR AUDITOR,UNIVERSIDAD DE O'HIGGINS,Business,-0.0651681987170203,1407951.12119211,304,4,2022,2025,1.40795112119211
I171S1C26J4V1,INGENIERIA EN COMERCIO INTERNACIONAL,IP ESCUELA DE COMERCIO DE SANTIAGO,Business,-0.0642766105254821,1386393.93003712,14,4,2022,2025,1.38639393003712
I20S1C12J2V1,INGENIERIA EN ADMINISTRACION DE EMPRESAS,UNIVERSIDAD ANDRES BELLO,Business,-0.0545554797765567,1426070.41114077,14,4,2022,2025,1.42607041114077
I42S1C368J1V1,INGENIERIA EN CONTROL DE GESTION,UNIVERSIDAD CATOLICA CARDENAL RAUL SILVA HENRIQUEZ,Business,-0.0537631366347861,1641315.23102034,28,4,2022,2025,1.64131523102034
I81S1C4J1V1,CONTADOR PUBLICO Y AUDITOR,UNIVERSIDAD ARTURO PRAT,Business,-0.0509471622581566,1456353.90908854,44,4,2022,2025,1.45635390908854
I1S1C7J1V1,INGENIERIA COMERCIAL,UNIVERSIDAD GABRIELA MISTRAL,Business,-0.0494024354869995,1949890.75714241,32,4,2022,2025,1.94989075714241
I3S1C540J1V1,BACHILLERATO EN ADMINISTRACION Y ECONOMIA,UNIVERSIDAD DIEGO PORTALES,Business,-0.0487745049185943,1754902.81366298,110,4,2022,2025,1.75490281366298
I84S1C19J1V1,INGENIERIA COMERCIAL,UNIVERSIDAD DE LOS LAGOS,Business,-0.04643203660553,1586919.23786437,178,4,2022,2025,1.58691923786437
I3S1C407J2V1,CONTADOR AUDITOR,UNIVERSIDAD DIEGO PORTALES,Business,-0.0394315735846701,1578167.60867013,33,4,2022,2025,1.57816760867013
I20S3C1J1V1,INGENIERIA COMERCIAL,UNIVERSIDAD ANDRES BELLO,Business,-0.0369424138816438,1737173.23195534,300,5,2021,2025,1.73717323195534
I94S1C135J1V2,CONTADOR AUDITOR,UNIVERSIDAD CATOLICA DE TEMUCO,Business,-0.0363305073952777,1396788.64034906,89,3,2023,2025,1.39678864034906
I31S1C1J1V1,INGENIERIA COMERCIAL,UNIVERSIDAD AUTONOMA DE CHILE,Business,-0.0345747104792053,1614194.26803744,181,5,2021,2025,1.61419426803744
I31S3C1J1V1,INGENIERIA COMERCIAL,UNIVERSIDAD AUTONOMA DE CHILE,Business,-0.0296531766710201,1614194.26803744,154,4,2022,2025,1.61419426803744
I31S4C1J1V1,INGENIERIA COMERCIAL,UNIVERSIDAD AUTONOMA DE CHILE,Business,-0.0294741636019569,1614194.26803744,332,4,2022,2025,1.61419426803744
I20S2C1J1V1,INGENIERIA COMERCIAL,UNIVERSIDAD ANDRES BELLO,Business,-0.0290844190580178,1737173.23195534,489,5,2021,2025,1.73717323195534
I143S28C9J4V1,CONTABILIDAD GENERAL,IP AIEP,Business,-0.0282333756309193,1123272.45887694,14,4,2022,2025,1.12327245887694
I20S1C69J1V1,INGENIERIA EN ADMINISTRACION DE EMPRESAS,UNIVERSIDAD ANDRES BELLO,Business,-0.0254287845437753,1426070.41114077,251,4,2022,2025,1.42607041114077
I111S27C518J4V1,ADMINISTRACION DE EMPRESAS,IP DUOC UC,Business,-0.0169785876787502,1001177.68022578,14,5,2021,2025,1.00117768022578
I74S1C160J1V1,INGENIERIA EN ADMINISTRACION DE EMPRESAS,UNIVERSIDAD DE LA SERENA,Business,-0.0150190835083216,1362711.68584444,133,4,2022,2025,1.36271168584444
I91S2C123J1V1,INGENIERIA EN INFORMACION Y CONTROL DE GESTION,UNIVERSIDAD CATOLICA DEL NORTE,Business,0.00366024551137746,1906181.05900482,237,4,2022,2025,1.90618105900482
I72S5C505J1V1,INGENIERIA EN NEGOCIOS INTERNACIONALES,UNIVERSIDAD DE VALPARAISO,Business,0.00513896659919378,1470020.94153721,134,4,2022,2025,1.47002094153721
I94S1C52J1V1,INGENIERIA COMERCIAL,UNIVERSIDAD CATOLICA DE TEMUCO,Business,0.00625944356320833,1669791.07268877,312,4,2022,2025,1.66979107268877
I20S4C1J1V1,INGENIERIA COMERCIAL,UNIVERSIDAD ANDRES BELLO,Business,0.00716113997050457,1737173.23195534,148,4,2022,2025,1.73717323195534
I13S1C2J1V1,INGENIERIA COMERCIAL,UNIVERSIDAD SANTO TOMAS,Business,0.012460213108809,1644203.29522717,118,4,2022,2025,1.64420329522717
I72S1C543J1V1,INGENIERIA EN INFORMACION Y CONTROL DE GESTION,UNIVERSIDAD DE VALPARAISO,Business,0.0136123488896536,1771397.15971867,140,4,2022,2025,1.77139715971867
I3S1C537J1V1,ADMINISTRACION PUBLICA,UNIVERSIDAD DIEGO PORTALES,Business,0.0165763920237348,1574728.87391656,147,4,2022,2025,1.57472887391656
I79S1C60J1V1,INGENIERIA COMERCIAL,UNIVERSIDAD DE ATACAMA,Business,0.0182313623521497,1921647.68023893,159,4,2022,2025,1.92164768023893
I3S1C13J1V1,PUBLICIDAD,UNIVERSIDAD DIEGO PORTALES,Business,0.0207411726881792,1348878.68533928,296,4,2022,2025,1.34887868533928
I31S1C155J1V1,AUDITORIA E INGENIERIA EN CONTROL DE GESTION,UNIVERSIDAD AUTONOMA DE CHILE,Business,0.0211723864515108,1350281.63330677,18,1,2022,2022,1.35028163330677
I71S1C2J1V1,ADMINISTRACION PUBLICA,UNIVERSIDAD DE SANTIAGO DE CHILE,Business,0.0223416807656153,1587245.06047953,334,4,2022,2025,1.58724506047953
I92S1C145J1V1,INGENIERIA COMERCIAL,UNIVERSIDAD CATOLICA DEL MAULE,Business,0.0343160527438555,1668312.70877886,331,4,2022,2025,1.66831270877886
I93S1C10J1V1,INGENIERIA COMERCIAL,UNIVERSIDAD CATOLICA DE LA SANTISIMA CONCEPCION,Business,0.0347190013119251,1562349.1586394,404,5,2021,2025,1.5623491586394
I84S1C6J1V1,CONTADOR PUBLICO AUDITOR,UNIVERSIDAD DE LOS LAGOS,Business,0.0418033836549206,1327465.93322666,148,4,2022,2025,1.32746593322666
I39S6C1J1V1,INGENIERIA COMERCIAL,UNIVERSIDAD SAN SEBASTIAN,Business,0.0458083434384491,1718381.76814304,189,4,2022,2025,1.71838176814304
I92S1C360J1V1,CONTADOR PUBLICO Y AUDITOR,UNIVERSIDAD CATOLICA DEL MAULE,Business,0.046005987112537,1395551.98149428,98,4,2022,2025,1.39555198149428
I80S1C107J2V1,CONTADOR AUDITOR-CONTADOR PUBLICO,UNIVERSIDAD DE TARAPACA,Business,0.0513940753331143,1408463.81243292,56,4,2022,2025,1.40846381243292
I71S1C72J1V1,PUBLICIDAD,UNIVERSIDAD DE SANTIAGO DE CHILE,Business,0.0531482310528915,1359599.77997097,159,4,2022,2025,1.35959977997097
I152S10C295J4V4,CONTABILIDAD,IP LATINOAMERICANO DE COMERCIO EXTERIOR - IPLACEX,Business,0.0573278564051294,1123272.45887694,11,4,2022,2025,1.12327245887694
I10S7C16J1V1,INGENIERIA COMERCIAL,UNIVERSIDAD MAYOR,Business,0.061282531710312,1783245.34261413,140,2,2022,2023,1.78324534261413
I10S7C16J1V2,INGENIERIA COMERCIAL,UNIVERSIDAD MAYOR,Business,0.0639726542308821,1783245.34261413,184,4,2022,2025,1.78324534261413
I71S1C101J1V1,INGENIERIA EN AGRONEGOCIOS,UNIVERSIDAD DE SANTIAGO DE CHILE,Business,0.0690083930682519,1561063.60875183,63,4,2022,2025,1.56106360875183
I72S1C505J1V1,INGENIERIA EN NEGOCIOS INTERNACIONALES,UNIVERSIDAD DE VALPARAISO,Business,0.0723849291610009,1470020.94153721,367,4,2022,2025,1.47002094153721
I10S4C16J1V2,INGENIERIA COMERCIAL,UNIVERSIDAD MAYOR,Business,0.100596946873333,1783245.34261413,173,4,2022,2025,1.78324534261413
I91S1C123J1V1,INGENIERIA EN INFORMACION Y CONTROL DE GESTION,UNIVERSIDAD CATOLICA DEL NORTE,Business,0.103064190475976,1906181.05900482,115,4,2022,2025,1.90618105900482
I31S4C448J1V1,INGENIERIA EN CONTROL DE GESTION,UNIVERSIDAD AUTONOMA DE CHILE,Business,0.103352885864141,1590582.29989483,120,4,2022,2025,1.59058229989483
I39S6C1J1V2,INGENIERIA COMERCIAL,UNIVERSIDAD SAN SEBASTIAN,Business,0.103589113615545,1718381.76814304,70,3,2022,2024,1.71838176814304
I20S1C1J1V1,INGENIERIA COMERCIAL,UNIVERSIDAD ANDRES BELLO,Business,0.106813283964902,1737173.23195534,523,4,2022,2025,1.73717323195534
I39S7C1J1V1,INGENIERIA COMERCIAL,UNIVERSIDAD SAN SEBASTIAN,Business,0.112926954103792,1718381.76814304,151,5,2021,2025,1.71838176814304
I77S1C11J1V1,INGENIERIA COMERCIAL,UNIVERSIDAD DE MAGALLANES,Business,0.114163375961036,1782816.48500722,138,4,2022,2025,1.78281648500722
I31S1C448J1V1,INGENIERIA EN CONTROL DE GESTION,UNIVERSIDAD AUTONOMA DE CHILE,Business,0.123883563335123,1590582.29989483,72,4,2022,2025,1.59058229989483
I92S2C360J1V1,CONTADOR PUBLICO Y AUDITOR,UNIVERSIDAD CATOLICA DEL MAULE,Business,0.125471400178958,1395551.98149428,94,4,2022,2025,1.39555198149428
I74S1C4J1V2,AUDITORIA,UNIVERSIDAD DE LA SERENA,Business,0.128119322007635,1388592.1298616,167,4,2022,2025,1.3885921298616
I90S1C10J1V1,AUDITORIA,UNIVERSIDAD AUSTRAL DE CHILE,Business,0.134092300550618,1446812.16774044,156,4,2022,2025,1.44681216774044
I75S1C29J1V2,INGENIERIA COMERCIAL,UNIVERSIDAD DEL BIO-BIO,Business,0.13537083287664,1620940.29054235,260,4,2022,2025,1.62094029054235
I20S1C3J1V1,CONTADOR AUDITOR,UNIVERSIDAD ANDRES BELLO,Business,0.138196760323278,1453154.15587082,225,4,2022,2025,1.45315415587082
I31S4C155J1V1,AUDITORIA E INGENIERIA EN CONTROL DE GESTION,UNIVERSIDAD AUTONOMA DE CHILE,Business,0.144081593936251,1350281.63330677,33,1,2022,2022,1.35028163330677
I80S1C7J1V2,INGENIERIA COMERCIAL,UNIVERSIDAD DE TARAPACA,Business,0.148691504294744,1683748.15793029,184,5,2021,2025,1.68374815793029
I87S3C4J1V1,AUDITORIA,UNIVERSIDAD DE CONCEPCION,Business,0.151992452818276,1468597.16884299,123,4,2022,2025,1.46859716884299
I20S3C3J1V1,CONTADOR AUDITOR,UNIVERSIDAD ANDRES BELLO,Business,0.156870616083417,1453154.15587082,49,4,2022,2025,1.45315415587082
I91S1C33J1V1,INGENIERIA COMERCIAL,UNIVERSIDAD CATOLICA DEL NORTE,Business,0.164106879830214,1934478.04586444,389,4,2022,2025,1.93447804586444
I90S2C35J1V1,INGENIERIA COMERCIAL,UNIVERSIDAD AUSTRAL DE CHILE,Business,0.172136178149471,1729591.70182451,228,4,2022,2025,1.72959170182451
I39S8C1J1V1,INGENIERIA COMERCIAL,UNIVERSIDAD SAN SEBASTIAN,Business,0.187234550154266,1718381.76814304,203,4,2022,2025,1.71838176814304
I895S1C19J1V1,INGENIERIA COMERCIAL,UNIVERSIDAD DE O'HIGGINS,Business,0.192900292604331,1783653.66155554,412,4,2022,2025,1.78365366155554
I90S2C477J1V1,INGENIERIA EN INFORMACION Y CONTROL DE GESTION,UNIVERSIDAD AUSTRAL DE CHILE,Business,0.205667787621127,1704291.73330656,114,4,2022,2025,1.70429173330656
I71S1C152J2V1,CONTADOR PUBLICO Y AUDITOR,UNIVERSIDAD DE SANTIAGO DE CHILE,Business,0.233722932555868,1590711.12682422,90,4,2022,2025,1.59071112682422
I20S2C895J1V1,INGENIERIA EN NEGOCIOS INTERNACIONALES,UNIVERSIDAD ANDRES BELLO,Business,0.234084563541947,1420532.09622797,96,4,2022,2025,1.42053209622797
I87S3C54J1V1,INGENIERIA COMERCIAL,UNIVERSIDAD DE CONCEPCION,Business,0.24324167960519,1755634.58283654,227,4,2022,2025,1.75563458283654
I45S4C756J1V1,BACHILLERATO EN INGENIERIA COMERCIAL,UNIVERSIDAD DEL DESARROLLO,Business,0.243247450825361,1942699.11892995,451,4,2022,2025,1.94269911892995
I3S1C155J1V1,INGENIERIA EN CONTROL DE GESTION,UNIVERSIDAD DIEGO PORTALES,Business,0.251377263517296,1859023.63084855,270,4,2022,2025,1.85902363084855
I75S2C29J1V2,INGENIERIA COMERCIAL,UNIVERSIDAD DEL BIO-BIO,Business,0.258611950939245,1620940.29054235,227,4,2022,2025,1.62094029054235
I31S2C155J1V1,AUDITORIA E INGENIERIA EN CONTROL DE GESTION,UNIVERSIDAD AUTONOMA DE CHILE,Business,0.270889608677538,1350281.63330677,15,1,2022,2022,1.35028163330677
I3S1C4J1V2,CONTADOR AUDITOR-CONTADOR PUBLICO,UNIVERSIDAD DIEGO PORTALES,Business,0.287146615163076,1578167.60867013,403,4,2022,2025,1.57816760867013
I74S1C22J1V1,INGENIERIA COMERCIAL,UNIVERSIDAD DE LA SERENA,Business,0.287636470321298,1659992.55368325,182,4,2022,2025,1.65999255368325
I31S1C155J1V2,AUDITORIA E INGENIERIA EN CONTROL DE GESTION,UNIVERSIDAD AUTONOMA DE CHILE,Business,0.306711748762648,1350281.63330677,30,2,2022,2023,1.35028163330677
I45S4C24J1V1,PUBLICIDAD,UNIVERSIDAD DEL DESARROLLO,Business,0.311527090098959,1388973.21056537,68,3,2023,2025,1.38897321056537
I91S2C33J1V1,INGENIERIA COMERCIAL,UNIVERSIDAD CATOLICA DEL NORTE,Business,0.326260802921071,1934478.04586444,377,4,2022,2025,1.93447804586444
I87S1C580J1V1,ADMINISTRACION PUBLICA Y CIENCIA POLITICA,UNIVERSIDAD DE CONCEPCION,Business,0.339223099127734,1465397.18165802,250,4,2022,2025,1.46539718165802
I90S1C35J1V1,INGENIERIA COMERCIAL,UNIVERSIDAD AUSTRAL DE CHILE,Business,0.345241724309162,1729591.70182451,330,4,2022,2025,1.72959170182451
I78S1C3J1V1,CONTADOR PUBLICO Y AUDITOR,UNIVERSIDAD DE TALCA,Business,0.349337228762531,1447857.59961162,137,4,2022,2025,1.44785759961162
I45S2C24J1V1,PUBLICIDAD,UNIVERSIDAD DEL DESARROLLO,Business,0.354283281948621,1388973.21056537,182,3,2022,2024,1.38897321056537
I76S1C3J1V1,CONTADOR PUBLICO Y CONTADOR AUDITOR,UNIVERSIDAD DE LA FRONTERA,Business,0.358202809690615,1383122.32124967,139,4,2022,2025,1.38312232124967
I75S2C192J1V1,CONTADOR PUBLICO Y AUDITOR,UNIVERSIDAD DEL BIO-BIO,Business,0.389925091955841,1355924.71510097,132,4,2022,2025,1.35592471510097
I78S5C43J1V1,INGENIERIA COMERCIAL,UNIVERSIDAD DE TALCA,Business,0.395174990900405,1730841.46342421,13,1,2022,2022,1.73084146342421
I78S1C242J1V1,AUDITORIA E INGENIERIA EN CONTROL DE GESTION,UNIVERSIDAD DE TALCA,Business,0.400609603575308,1447857.59961162,267,4,2022,2025,1.44785759961162
I3S1C2J1V1,INGENIERIA COMERCIAL,UNIVERSIDAD DIEGO PORTALES,Business,0.401453922811494,1886620.57239056,1020,4,2022,2025,1.88662057239056
I89S1C10J1V1,CONTADOR AUDITOR,PONTIFICIA UNIVERSIDAD CATOLICA DE VALPARAISO,Business,0.405092125659165,1442980.36827876,306,4,2022,2025,1.44298036827876
I241S1C10J1V1,TECNICO BILINGÜE EN COMERCIO Y TRANSPORTE INTERNACIONAL,CFT INSTITUTO SUPERIOR ALEMAN DE COMERCIO INSALCO,Business,0.408313637361601,1115807.42116101,17,4,2022,2025,1.11580742116101
I70S1C1J1V2,ADMINISTRACION PUBLICA,UNIVERSIDAD DE CHILE,Business,0.410715102620992,1741765.96077384,462,4,2022,2025,1.74176596077384
I34S1C265J1V1,PUBLICIDAD,UNIVERSIDAD DE LOS ANDES,Business,0.42058193875373,1489656.01653376,90,4,2022,2025,1.48965601653376
I71S1C6J1V1,CONTADOR PUBLICO Y AUDITOR,UNIVERSIDAD DE SANTIAGO DE CHILE,Business,0.458819612260574,1590711.12682422,726,4,2022,2025,1.59071112682422
I78S1C43J1V1,INGENIERIA COMERCIAL,UNIVERSIDAD DE TALCA,Business,0.466251295024997,1730841.46342421,586,4,2022,2025,1.73084146342421
I87S1C4J1V1,AUDITORIA,UNIVERSIDAD DE CONCEPCION,Business,0.490622075517005,1468597.16884299,154,4,2022,2025,1.46859716884299
I89S1C38J1V1,INGENIERIA COMERCIAL,PONTIFICIA UNIVERSIDAD CATOLICA DE VALPARAISO,Business,0.532671934210467,1725010.97690407,99,1,2022,2022,1.72501097690407
I89S3C38J1V1,INGENIERIA COMERCIAL,PONTIFICIA UNIVERSIDAD CATOLICA DE VALPARAISO,Business,0.607865823324587,1725010.97690407,345,4,2022,2025,1.72501097690407
I87S2C54J1V1,INGENIERIA COMERCIAL,UNIVERSIDAD DE CONCEPCION,Business,0.609650821201949,1755634.58283654,187,4,2022,2025,1.75563458283654
I76S1C11J1V1,INGENIERIA COMERCIAL,UNIVERSIDAD DE LA FRONTERA,Business,0.622675152020718,1653453.67061556,260,5,2021,2025,1.65345367061556
I71S1C23J1V1,INGENIERIA COMERCIAL,UNIVERSIDAD DE SANTIAGO DE CHILE,Business,0.661276895565946,1901615.72199929,1137,4,2022,2025,1.90161572199929
I88S1C20J1V1,INGENIERIA COMERCIAL,UNIVERSIDAD TECNICA FEDERICO SANTA MARIA,Business,0.665839488185756,1923688.2256153,467,4,2022,2025,1.9236882256153
I45S1C2J1V1,INGENIERIA COMERCIAL,UNIVERSIDAD DEL DESARROLLO,Business,0.702304522529854,1942699.11892995,340,4,2022,2025,1.94269911892995
I87S1C54J1V1,INGENIERIA COMERCIAL,UNIVERSIDAD DE CONCEPCION,Business,0.791537800995651,1755634.58283654,433,4,2022,2025,1.75563458283654
I86S5C1271J1V1,ADMINISTRACION PUBLICA,PONTIFICIA UNIVERSIDAD CATOLICA DE CHILE,Business,0.794997332477614,1734211.08293607,225,4,2022,2025,1.73421108293607
I241S1C2J1V1,COMERCIO NAVIERO BILINGÜE,CFT INSTITUTO SUPERIOR ALEMAN DE COMERCIO INSALCO,Business,0.827651815677056,1443832.59911894,17,4,2022,2025,1.44383259911894
I241S1C3J1V1,COMERCIO MAYORISTA Y EXTERIOR BILINGÜE,CFT INSTITUTO SUPERIOR ALEMAN DE COMERCIO INSALCO,Business,0.828813989818189,1443832.59911894,11,4,2022,2025,1.44383259911894
I23S1C517J1V1,INGENIERIA EN NEGOCIOS Y TECNOLOGIA,UNIVERSIDAD ADOLFO IBAÑEZ,Business,0.902087394529044,1811988.29326993,55,4,2022,2025,1.81198829326993
I34S1C7J1V3,ADMINISTRACION DE SERVICIOS,UNIVERSIDAD DE LOS ANDES,Business,0.953597905757428,1710391.41902387,95,5,2021,2025,1.71039141902387
I23S2C352J1V1,BACHILLERATO DE INGENIERIA COMERCIAL,UNIVERSIDAD ADOLFO IBAÑEZ,Business,0.967130384028292,2207280.60486647,393,4,2022,2025,2.20728060486647
I88S4C20J1V1,INGENIERIA COMERCIAL,UNIVERSIDAD TECNICA FEDERICO SANTA MARIA,Business,0.995608514385739,1923688.2256153,659,4,2022,2025,1.9236882256153
I23S1C1J1V1,INGENIERIA COMERCIAL,UNIVERSIDAD ADOLFO IBAÑEZ,Business,1.03948195652363,2207280.60486647,86,3,2023,2025,2.20728060486647
I23S1C1J1V2,"INGENIERIA COMERCIAL, PLAN COMUN",UNIVERSIDAD ADOLFO IBAÑEZ,Business,1.10859017603868,2207280.60486647,536,4,2022,2025,2.20728060486647
I45S2C2J1V1,INGENIERIA COMERCIAL,UNIVERSIDAD DEL DESARROLLO,Business,1.1475064809149,1942699.11892995,490,3,2022,2024,1.94269911892995
I45S4C2J1V1,INGENIERIA COMERCIAL,UNIVERSIDAD DEL DESARROLLO,Business,1.1634122710694,1942699.11892995,173,3,2023,2025,1.94269911892995
I45S4C1150J1V1,DATA BUSINESS INTELLIGENCE,UNIVERSIDAD DEL DESARROLLO,Business,1.28440426828318,1715014.26342715,24,4,2022,2025,1.71501426342715
I34S1C245J1V2,BACHILLERATO EN INGENIERIA COMERCIAL,UNIVERSIDAD DE LOS ANDES,Business,1.32389983579592,2083519.97635064,232,4,2022,2025,2.08351997635064
I70S1C814J1V1,CONTADOR AUDITOR,UNIVERSIDAD DE CHILE,Business,1.38430479792706,1745569.45434096,312,4,2022,2025,1.74556945434096
I23S2C517J1V1,INGENIERIA EN NEGOCIOS Y TECNOLOGIA,UNIVERSIDAD ADOLFO IBAÑEZ,Business,1.4435134118742,1811988.29326993,53,4,2022,2025,1.81198829326993
I70S1C816J1V1,INGENIERIA EN INFORMACION Y CONTROL DE GESTION,UNIVERSIDAD DE CHILE,Business,1.45411826175303,2056216.87270704,536,4,2022,2025,2.05621687270704
I23S2C534J1V1,INTERNATIONAL MANAGEMENT,UNIVERSIDAD ADOLFO IBAÑEZ,Business,1.58699919527444,2182714.94962925,24,2,2024,2025,2.18271494962925
I23S2C1J1V2,"INGENIERIA COMERCIAL, PLAN COMUN",UNIVERSIDAD ADOLFO IBAÑEZ,Business,1.62566153273166,2207280.60486647,1744,4,2022,2025,2.20728060486647
I23S2C533J1V1,DOBLE TITULO INGENIERIA COMERCIAL SOCIOLOGIA,UNIVERSIDAD ADOLFO IBAÑEZ,Business,1.68029774039917,2207280.60486647,29,2,2024,2025,2.20728060486647
I45S4C1151J1V1,GLOBAL BUSINESS ADMINISTRATION,UNIVERSIDAD DEL DESARROLLO,Business,1.74669075775785,1715014.26342715,65,4,2022,2025,1.71501426342715
I34S1C42J1V1,INGENIERIA COMERCIAL,UNIVERSIDAD DE LOS ANDES,Business,1.89755300941893,2083519.97635064,498,4,2022,2025,2.08351997635064
I70S1C58J1V1,INGENIERIA COMERCIAL,UNIVERSIDAD DE CHILE,Business,2.07254683338841,2086741.11989367,1927,4,2022,2025,2.08674111989367
I34S1C519J1V1,INTERNATIONAL BUSINESS,UNIVERSIDAD DE LOS ANDES,Business,2.16916494333758,1991843.67195984,224,4,2022,2025,1.99184367195984
I86S5C57J1V1,INGENIERIA COMERCIAL,PONTIFICIA UNIVERSIDAD CATOLICA DE CHILE,Business,2.45333471846817,2077689.91864453,1671,4,2022,2025,2.07768991864453
I13S2C6J2V1,PSICOLOGIA,UNIVERSIDAD SANTO TOMAS,Social Sciences,-1.00568461206788,1130350.50146396,22,4,2022,2025,1.13035050146396
I26S1C84J3V2,PSICOLOGIA,"UNIVERSIDAD DE ARTES, CIENCIAS Y COMUNICACION - UNIACC",Social Sciences,-0.939674533334074,1360106.0551673,24,4,2022,2025,1.3601060551673
I50S2C23J2V1,PSICOLOGIA,UNIVERSIDAD BERNARDO O'HIGGINS,Social Sciences,-0.819298699102672,1079098.44861255,22,4,2022,2025,1.07909844861255
I17S2C23J1V1,PSICOLOGIA,UNIVERSIDAD SEK,Social Sciences,-0.813943749287509,1289487.36061657,35,3,2022,2024,1.28948736061657
I13S10C6J2V1,PSICOLOGIA,UNIVERSIDAD SANTO TOMAS,Social Sciences,-0.80912785125162,1130350.50146396,16,3,2022,2024,1.13035050146396
I367S3C210J1V1,TECNICO EN COMUNICACION DIGITAL,CFT SAN AGUSTIN,Social Sciences,-0.794744201033504,891370.301310939,14,4,2022,2025,0.891370301310939
I13S3C6J2V1,PSICOLOGIA,UNIVERSIDAD SANTO TOMAS,Social Sciences,-0.764048038809463,1130350.50146396,18,3,2022,2024,1.13035050146396
I31S1C12J2V1,PSICOLOGIA,UNIVERSIDAD AUTONOMA DE CHILE,Social Sciences,-0.748320826277378,1109720.01189444,33,4,2022,2025,1.10972001189444
I46S23C132J1V1,PSICOLOGIA,UNIVERSIDAD DE ACONCAGUA,Social Sciences,-0.731380441866398,1183232.98238759,49,3,2022,2024,1.18323298238759
I9S8C7J1V1,PSICOLOGIA,UNIVERSIDAD DEL ALBA,Social Sciences,-0.730516309706495,1155844.71933377,87,4,2022,2025,1.15584471933377
I9S2C7J1V1,PSICOLOGIA,UNIVERSIDAD DEL ALBA,Social Sciences,-0.718707879902325,1155844.71933377,166,5,2021,2025,1.15584471933377
I9S1C7J1V1,PSICOLOGIA,UNIVERSIDAD DEL ALBA,Social Sciences,-0.684773046682549,1155844.71933377,76,4,2022,2025,1.15584471933377
I13S1C6J2V1,PSICOLOGIA,UNIVERSIDAD SANTO TOMAS,Social Sciences,-0.670326765937967,1130350.50146396,13,5,2021,2025,1.13035050146396
I4S1C6J2V1,PSICOLOGIA,UNIVERSIDAD CENTRAL DE CHILE,Social Sciences,-0.667749868771869,1225567.63846615,40,4,2022,2025,1.22556763846615
I11S1C7J2V1,PSICOLOGIA,UNIVERSIDAD ACADEMIA DE HUMANISMO CRISTIANO,Social Sciences,-0.666132206121568,1209568.92956247,30,4,2022,2025,1.20956892956247
I26S1C84J1V2,PSICOLOGIA,"UNIVERSIDAD DE ARTES, CIENCIAS Y COMUNICACION - UNIACC",Social Sciences,-0.663248841789799,1360106.0551673,144,4,2022,2025,1.3601060551673
I4S1C37J1V2,CIENCIA POLITICA,UNIVERSIDAD CENTRAL DE CHILE,Social Sciences,-0.660369081044424,1474187.89181751,24,2,2024,2025,1.47418789181751
I2S1C14J1V2,CIENCIAS DE LA FAMILIA,UNIVERSIDAD FINIS TERRAE,Social Sciences,-0.65807191061609,1766519.97810454,62,4,2022,2025,1.76651997810454
I46S9C132J1V1,PSICOLOGIA,UNIVERSIDAD DE ACONCAGUA,Social Sciences,-0.653963279870581,1183232.98238759,50,4,2022,2025,1.18323298238759
I4S7C6J2V1,PSICOLOGIA,UNIVERSIDAD CENTRAL DE CHILE,Social Sciences,-0.644969024093539,1225567.63846615,39,4,2022,2025,1.22556763846615
I367S1C210J1V1,TECNICO EN COMUNICACION DIGITAL,CFT SAN AGUSTIN,Social Sciences,-0.63350176517923,891370.301310939,11,4,2022,2025,0.891370301310939
I73S2C232J1V1,BACHILLERATO EN CIENCIAS SOCIALES Y ARTES,UNIVERSIDAD DE ANTOFAGASTA,Social Sciences,-0.618606972345094,1764829.02476288,63,4,2022,2025,1.76482902476288
I9S2C7J2V1,PSICOLOGIA,UNIVERSIDAD DEL ALBA,Social Sciences,-0.618584990265262,1155844.71933377,43,5,2021,2025,1.15584471933377
I81S3C61J1V1,PSICOLOGIA,UNIVERSIDAD ARTURO PRAT,Social Sciences,-0.60610280208561,1196894.80879511,98,4,2022,2025,1.19689480879511
I4S9C25J1V1,SOCIOLOGIA,UNIVERSIDAD CENTRAL DE CHILE,Social Sciences,-0.603588673916304,1297190.34959749,33,4,2022,2025,1.29719034959749
I31S2C12J2V1,PSICOLOGIA,UNIVERSIDAD AUTONOMA DE CHILE,Social Sciences,-0.596711642193077,1109720.01189444,36,4,2022,2025,1.10972001189444
I22S1C18J1V1,PSICOLOGIA,UNIVERSIDAD DE VIÑA DEL MAR,Social Sciences,-0.592090830102738,1088422.56828638,363,4,2022,2025,1.08842256828638
I9S9C7J1V1,PSICOLOGIA,UNIVERSIDAD DEL ALBA,Social Sciences,-0.588311830988632,1155844.71933377,90,4,2022,2025,1.15584471933377
I83S1C16J1V1,GEOGRAFIA,UNIVERSIDAD DE PLAYA ANCHA DE CIENCIAS DE LA EDUCACION,Social Sciences,-0.576579231798567,1046157.26568791,11,4,2022,2025,1.04615726568791
I2S1C5J1V1,PERIODISMO,UNIVERSIDAD FINIS TERRAE,Social Sciences,-0.575639779217545,1383553.23558999,209,4,2022,2025,1.38355323558999
I26S1C4J1V2,PERIODISMO,"UNIVERSIDAD DE ARTES, CIENCIAS Y COMUNICACION - UNIACC",Social Sciences,-0.571476688047222,1427700.81214773,20,2,2022,2023,1.42770081214773
I31S4C12J2V1,PSICOLOGIA,UNIVERSIDAD AUTONOMA DE CHILE,Social Sciences,-0.569486554198158,1109720.01189444,50,4,2022,2025,1.10972001189444
I46S19C132J1V1,PSICOLOGIA,UNIVERSIDAD DE ACONCAGUA,Social Sciences,-0.553618633666992,1183232.98238759,70,4,2022,2025,1.18323298238759
I50S1C4J1V1,PERIODISMO,UNIVERSIDAD BERNARDO O'HIGGINS,Social Sciences,-0.55044923822162,1132727.64694956,65,4,2022,2025,1.13272764694956
I19S3C9J1V1,PSICOLOGIA,UNIVERSIDAD DE LAS AMERICAS,Social Sciences,-0.54813404572159,1145092.70953303,200,4,2022,2025,1.14509270953303
I11S1C4J1V1,ANTROPOLOGIA,UNIVERSIDAD ACADEMIA DE HUMANISMO CRISTIANO,Social Sciences,-0.53113831665418,1510407.96528411,17,3,2022,2024,1.51040796528411
I31S1C315J1V1,PERIODISMO,UNIVERSIDAD AUTONOMA DE CHILE,Social Sciences,-0.523907436299714,1164871.04532698,77,5,2021,2025,1.16487104532698
I11S1C34J1V1,CIENCIA POLITICA Y RELACIONES INTERNACIONALES,UNIVERSIDAD ACADEMIA DE HUMANISMO CRISTIANO,Social Sciences,-0.52224148292869,1454943.66391016,35,4,2022,2025,1.45494366391016
I31S3C12J2V1,PSICOLOGIA,UNIVERSIDAD AUTONOMA DE CHILE,Social Sciences,-0.515363067564104,1109720.01189444,41,4,2022,2025,1.10972001189444
I19S4C9J1V1,PSICOLOGIA,UNIVERSIDAD DE LAS AMERICAS,Social Sciences,-0.506936557722588,1145092.70953303,438,5,2021,2025,1.14509270953303
I42S1C15J1V1,SOCIOLOGIA,UNIVERSIDAD CATOLICA CARDENAL RAUL SILVA HENRIQUEZ,Social Sciences,-0.493334306182814,1212036.49429802,42,4,2022,2025,1.21203649429802
I69S1C5J1V2,PERIODISMO,UNIVERSIDAD ALBERTO HURTADO,Social Sciences,-0.492545417340511,1255012.24770644,138,4,2022,2025,1.25501224770644
I4S9C52J1V1,PERIODISMO,UNIVERSIDAD CENTRAL DE CHILE,Social Sciences,-0.490491599618936,1286476.08481155,88,4,2022,2025,1.28647608481155
I19S2C9J1V1,PSICOLOGIA,UNIVERSIDAD DE LAS AMERICAS,Social Sciences,-0.481735211225303,1145092.70953303,273,4,2022,2025,1.14509270953303
I83S1C59J1V1,PERIODISMO,UNIVERSIDAD DE PLAYA ANCHA DE CIENCIAS DE LA EDUCACION,Social Sciences,-0.479567441266478,1160665.73346827,96,4,2022,2025,1.16066573346827
I19S1C9J1V1,PSICOLOGIA,UNIVERSIDAD DE LAS AMERICAS,Social Sciences,-0.478107485112228,1145092.70953303,327,4,2022,2025,1.14509270953303
I19S5C9J1V1,PSICOLOGIA,UNIVERSIDAD DE LAS AMERICAS,Social Sciences,-0.477735866959918,1145092.70953303,288,4,2022,2025,1.14509270953303
I31S2C315J1V1,PERIODISMO,UNIVERSIDAD AUTONOMA DE CHILE,Social Sciences,-0.472732571504683,1164871.04532698,88,4,2022,2025,1.16487104532698
I81S1C20J1V1,SOCIOLOGIA,UNIVERSIDAD ARTURO PRAT,Social Sciences,-0.469518677140981,1266841.86716572,22,4,2022,2025,1.26684186716572
I84S6C406J1V1,PSICOLOGIA,UNIVERSIDAD DE LOS LAGOS,Social Sciences,-0.464855898283631,1090969.07998532,135,4,2022,2025,1.09096907998532
I19S4C22J1V1,PERIODISMO,UNIVERSIDAD DE LAS AMERICAS,Social Sciences,-0.464742451051877,1202001.70065683,67,4,2022,2025,1.20200170065683
I22S1C4J1V2,PERIODISMO,UNIVERSIDAD DE VIÑA DEL MAR,Social Sciences,-0.461415746120865,1142515.15813687,34,4,2022,2025,1.14251515813687
I4S1C37J1V1,CIENCIA POLITICA,UNIVERSIDAD CENTRAL DE CHILE,Social Sciences,-0.456619775633714,1474187.89181751,35,3,2022,2024,1.47418789181751
I68S1C11J1V1,PSICOLOGIA,UNIVERSIDAD MIGUEL DE CERVANTES,Social Sciences,-0.456303483067644,1215205.53222668,54,4,2022,2025,1.21520553222668
I1S1C12J1V1,PSICOLOGIA,UNIVERSIDAD GABRIELA MISTRAL,Social Sciences,-0.44186174108,1340503.33163415,356,5,2021,2025,1.34050333163415
I19S6C9J1V1,PSICOLOGIA,UNIVERSIDAD DE LAS AMERICAS,Social Sciences,-0.44024428268778,1145092.70953303,234,4,2022,2025,1.14509270953303
I84S2C406J1V1,PSICOLOGIA,UNIVERSIDAD DE LOS LAGOS,Social Sciences,-0.440169538031633,1090969.07998532,223,5,2021,2025,1.09096907998532
I20S4C7J2V1,PSICOLOGIA,UNIVERSIDAD ANDRES BELLO,Social Sciences,-0.437576407748807,1194265.11281818,17,4,2022,2025,1.19426511281818
I896S1C10J1V1,PSICOLOGIA,UNIVERSIDAD DE AYSEN,Social Sciences,-0.436735559746405,1215205.53222668,91,4,2022,2025,1.21520553222668
I38S1C113J1V1,PSICOLOGIA,UNIVERSIDAD ADVENTISTA DE CHILE,Social Sciences,-0.433511520071367,1044139.51318,242,4,2022,2025,1.04413951318
I4S7C25J1V1,SOCIOLOGIA,UNIVERSIDAD CENTRAL DE CHILE,Social Sciences,-0.432489706611009,1297190.34959749,51,4,2022,2025,1.29719034959749
I69S1C298J1V1,GEOGRAFIA,UNIVERSIDAD ALBERTO HURTADO,Social Sciences,-0.428278364617076,1131195.78152972,35,4,2022,2025,1.13119578152972
I20S1C7J2V1,PSICOLOGIA,UNIVERSIDAD ANDRES BELLO,Social Sciences,-0.424691940056114,1194265.11281818,51,5,2021,2025,1.19426511281818
I83S1C73J1V1,SOCIOLOGIA,UNIVERSIDAD DE PLAYA ANCHA DE CIENCIAS DE LA EDUCACION,Social Sciences,-0.423667593156596,1170332.20153803,36,4,2022,2025,1.17033220153803
I69S1C260J1V1,ANTROPOLOGIA,UNIVERSIDAD ALBERTO HURTADO,Social Sciences,-0.412755658695983,1492956.57723284,97,4,2022,2025,1.49295657723284
I94S1C53J1V1,SOCIOLOGIA,UNIVERSIDAD CATOLICA DE TEMUCO,Social Sciences,-0.401180092442921,1215027.6921927,50,4,2022,2025,1.2150276921927
I31S4C315J1V1,PERIODISMO,UNIVERSIDAD AUTONOMA DE CHILE,Social Sciences,-0.393693474189046,1164871.04532698,131,4,2022,2025,1.16487104532698
I82S1C264J1V1,PSICOLOGIA,UNIVERSIDAD METROPOLITANA DE CIENCIAS DE LA EDUCACION,Social Sciences,-0.372650797339334,1246207.70920403,56,3,2022,2025,1.24620770920403
I83S1C4J1V1,BIBLIOTECOLOGIA,UNIVERSIDAD DE PLAYA ANCHA DE CIENCIAS DE LA EDUCACION,Social Sciences,-0.358667979337572,1121110.11544918,35,4,2022,2025,1.12111011544918
I39S7C2J1V1,PSICOLOGIA,UNIVERSIDAD SAN SEBASTIAN,Social Sciences,-0.355193384221703,1181346.43019229,354,4,2022,2025,1.18134643019229
I26S1C4J1V3,PERIODISMO,"UNIVERSIDAD DE ARTES, CIENCIAS Y COMUNICACION - UNIACC",Social Sciences,-0.35449919946219,1427700.81214773,11,3,2023,2025,1.42770081214773
I93S1C19J1V2,PERIODISMO,UNIVERSIDAD CATOLICA DE LA SANTISIMA CONCEPCION,Social Sciences,-0.354318036758134,1127457.41552081,164,4,2022,2025,1.12745741552081
I46S19C132J2V1,PSICOLOGIA,UNIVERSIDAD DE ACONCAGUA,Social Sciences,-0.349567243716424,1183232.98238759,12,4,2022,2025,1.18323298238759
I11S1C7J1V1,PSICOLOGIA,UNIVERSIDAD ACADEMIA DE HUMANISMO CRISTIANO,Social Sciences,-0.343618394568963,1209568.92956247,315,4,2022,2025,1.20956892956247
I94S1C11J1V1,ANTROPOLOGIA,UNIVERSIDAD CATOLICA DE TEMUCO,Social Sciences,-0.337213485478894,1433452.79786204,41,4,2022,2025,1.43345279786204
I85S1C526J1V1,PSICOLOGIA,UNIVERSIDAD TECNOLOGICA METROPOLITANA,Social Sciences,-0.335180402825707,1274263.05470852,211,4,2022,2025,1.27426305470852
I13S2C6J1V1,PSICOLOGIA,UNIVERSIDAD SANTO TOMAS,Social Sciences,-0.334594604128788,1130350.50146396,114,5,2021,2025,1.13035050146396
I11S1C6J1V2,PERIODISMO,UNIVERSIDAD ACADEMIA DE HUMANISMO CRISTIANO,Social Sciences,-0.333472132234957,1269682.26964667,11,2,2022,2023,1.26968226964667
I69S1C2J1V1,SOCIOLOGIA,UNIVERSIDAD ALBERTO HURTADO,Social Sciences,-0.32955860012229,1265464.46962512,105,5,2021,2025,1.26546446962512
I4S9C6J1V1,PSICOLOGIA,UNIVERSIDAD CENTRAL DE CHILE,Social Sciences,-0.329521854204825,1225567.63846615,614,4,2022,2025,1.22556763846615
I13S3C6J1V1,PSICOLOGIA,UNIVERSIDAD SANTO TOMAS,Social Sciences,-0.328720404712517,1130350.50146396,163,4,2022,2025,1.13035050146396
I42S1C20J1V1,PSICOLOGIA,UNIVERSIDAD CATOLICA CARDENAL RAUL SILVA HENRIQUEZ,Social Sciences,-0.328330450198646,1145115.44470906,493,4,2022,2025,1.14511544470906
I20S3C7J2V1,PSICOLOGIA,UNIVERSIDAD ANDRES BELLO,Social Sciences,-0.320016124375718,1194265.11281818,23,5,2021,2025,1.19426511281818
I91S1C49J1V1,PERIODISMO,UNIVERSIDAD CATOLICA DEL NORTE,Social Sciences,-0.316678433469594,1396001.40334282,90,4,2022,2025,1.39600140334282
I20S1C8J1V3,PERIODISMO,UNIVERSIDAD ANDRES BELLO,Social Sciences,-0.316242643010844,1253617.88149711,105,4,2022,2025,1.25361788149711
I90S1C473J1V1,GEOGRAFIA,UNIVERSIDAD AUSTRAL DE CHILE,Social Sciences,-0.31212691152098,1125007.59717993,22,3,2022,2024,1.12500759717993
I84S2C4J1V1,CIENCIAS POLITICAS Y ADMINISTRATIVAS,UNIVERSIDAD DE LOS LAGOS,Social Sciences,-0.30485953324269,1312284.49379953,26,3,2022,2024,1.31228449379953
I84S1C440J1V1,ANTROPOLOGIA,UNIVERSIDAD DE LOS LAGOS,Social Sciences,-0.303613850056481,1362310.44632119,27,4,2022,2025,1.36231044632119
I20S4C7J1V2,PSICOLOGIA,UNIVERSIDAD ANDRES BELLO,Social Sciences,-0.302186788309461,1194265.11281818,420,4,2022,2025,1.19426511281818
I13S17C6J1V1,PSICOLOGIA,UNIVERSIDAD SANTO TOMAS,Social Sciences,-0.300386802503117,1130350.50146396,64,4,2022,2025,1.13035050146396
I9S9C7J2V1,PSICOLOGIA,UNIVERSIDAD DEL ALBA,Social Sciences,-0.298533496962637,1155844.71933377,11,3,2022,2025,1.15584471933377
I13S4C6J1V1,PSICOLOGIA,UNIVERSIDAD SANTO TOMAS,Social Sciences,-0.294893690806766,1130350.50146396,223,4,2022,2025,1.13035050146396
I81S1C61J1V1,PSICOLOGIA,UNIVERSIDAD ARTURO PRAT,Social Sciences,-0.292621680030988,1196894.80879511,117,4,2022,2025,1.19689480879511
I83S1C303J1V1,PSICOLOGIA,UNIVERSIDAD DE PLAYA ANCHA DE CIENCIAS DE LA EDUCACION,Social Sciences,-0.290419564070063,1105713.80129749,275,4,2022,2025,1.10571380129749
I20S1C290J1V1,SOCIOLOGIA,UNIVERSIDAD ANDRES BELLO,Social Sciences,-0.287028162298612,1264058.49060078,35,4,2022,2025,1.26405849060078
I3S1C539J1V1,ANTROPOLOGIA,UNIVERSIDAD DIEGO PORTALES,Social Sciences,-0.283020453322945,1619592.76356809,39,4,2022,2025,1.61959276356809
I13S10C6J1V1,PSICOLOGIA,UNIVERSIDAD SANTO TOMAS,Social Sciences,-0.269188270385978,1130350.50146396,105,4,2022,2025,1.13035050146396
I84S1C406J1V1,PSICOLOGIA,UNIVERSIDAD DE LOS LAGOS,Social Sciences,-0.243965354325831,1090969.07998532,302,4,2022,2025,1.09096907998532
I92S1C147J1V1,SOCIOLOGIA,UNIVERSIDAD CATOLICA DEL MAULE,Social Sciences,-0.239603741644308,1213951.95695907,57,4,2022,2025,1.21395195695907
I20S1C8J1V1,PERIODISMO,UNIVERSIDAD ANDRES BELLO,Social Sciences,-0.230290462705292,1253617.88149711,23,1,2022,2022,1.25361788149711
I80S2C27J1V3,PSICOLOGIA,UNIVERSIDAD DE TARAPACA,Social Sciences,-0.225297938766059,1157536.6502307,135,4,2022,2025,1.1575366502307
I50S2C23J1V1,PSICOLOGIA,UNIVERSIDAD BERNARDO O'HIGGINS,Social Sciences,-0.22269079656737,1079098.44861255,256,4,2022,2025,1.07909844861255
I86S5C1312J1V1,BACHILLERATO EN CIENCIAS SOCIALES,PONTIFICIA UNIVERSIDAD CATOLICA DE CHILE,Social Sciences,-0.215683204629385,1771487.3163081,47,2,2024,2025,1.7714873163081
I85S3C4J1V1,BIBLIOTECOLOGIA Y DOCUMENTACION,UNIVERSIDAD TECNOLOGICA METROPOLITANA,Social Sciences,-0.209050124837592,1801754.01408022,33,4,2022,2025,1.80175401408022
I76S1C31J1V1,SOCIOLOGIA,UNIVERSIDAD DE LA FRONTERA,Social Sciences,-0.207024173912224,1203139.74030332,58,4,2022,2025,1.20313974030332
I31S2C12J1V1,PSICOLOGIA,UNIVERSIDAD AUTONOMA DE CHILE,Social Sciences,-0.198481334011292,1109720.01189444,313,4,2022,2025,1.10972001189444
I31S1C12J1V1,PSICOLOGIA,UNIVERSIDAD AUTONOMA DE CHILE,Social Sciences,-0.197254692203615,1109720.01189444,318,4,2022,2025,1.10972001189444
I13S7C6J1V1,PSICOLOGIA,UNIVERSIDAD SANTO TOMAS,Social Sciences,-0.195838639921533,1130350.50146396,186,4,2022,2025,1.13035050146396
I13S11C6J1V1,PSICOLOGIA,UNIVERSIDAD SANTO TOMAS,Social Sciences,-0.193637744362004,1130350.50146396,105,4,2022,2025,1.13035050146396
I39S8C2J1V1,PSICOLOGIA,UNIVERSIDAD SAN SEBASTIAN,Social Sciences,-0.189796091237368,1181346.43019229,238,4,2022,2025,1.18134643019229
I20S3C7J1V2,PSICOLOGIA,UNIVERSIDAD ANDRES BELLO,Social Sciences,-0.18524536940616,1194265.11281818,673,4,2022,2025,1.19426511281818
I39S2C2J1V1,PSICOLOGIA,UNIVERSIDAD SAN SEBASTIAN,Social Sciences,-0.185231246816877,1181346.43019229,705,4,2022,2025,1.18134643019229
I69S1C80J1V1,CIENCIA POLITICA Y RELACIONES INTERNACIONALES,UNIVERSIDAD ALBERTO HURTADO,Social Sciences,-0.182749687413092,1438133.11533307,196,4,2022,2025,1.43813311533307
I94S1C185J1V1,PSICOLOGIA,UNIVERSIDAD CATOLICA DE TEMUCO,Social Sciences,-0.181998201996612,1147941.487426,309,5,2021,2025,1.147941487426
I74S1C54J1V1,PERIODISMO,UNIVERSIDAD DE LA SERENA,Social Sciences,-0.174971616686379,1197921.03065451,150,4,2022,2025,1.19792103065451
I4S7C6J1V1,PSICOLOGIA,UNIVERSIDAD CENTRAL DE CHILE,Social Sciences,-0.166334720361017,1225567.63846615,465,5,2021,2025,1.22556763846615
I39S6C2J1V1,PSICOLOGIA,UNIVERSIDAD SAN SEBASTIAN,Social Sciences,-0.165589208861185,1181346.43019229,609,4,2022,2025,1.18134643019229
I79S1C174J1V1,PSICOLOGIA,UNIVERSIDAD DE ATACAMA,Social Sciences,-0.157448154740129,1321086.89071508,216,4,2022,2025,1.32108689071508
I76S1C293J1V1,BACHILLERATO EN CIENCIAS SOCIALES,UNIVERSIDAD DE LA FRONTERA,Social Sciences,-0.151756265505831,1450333.59016147,85,4,2022,2025,1.45033359016147
I31S3C12J1V1,PSICOLOGIA,UNIVERSIDAD AUTONOMA DE CHILE,Social Sciences,-0.151166905834539,1109720.01189444,359,4,2022,2025,1.10972001189444
I94S1C56J1V1,CIENCIA POLITICA,UNIVERSIDAD CATOLICA DE TEMUCO,Social Sciences,-0.14084479026612,1380814.39829494,57,4,2022,2025,1.38081439829494
I13S6C6J1V1,PSICOLOGIA,UNIVERSIDAD SANTO TOMAS,Social Sciences,-0.137014673688049,1130350.50146396,221,4,2022,2025,1.13035050146396
I90S1C104J1V1,PERIODISMO,UNIVERSIDAD AUSTRAL DE CHILE,Social Sciences,-0.128300269003496,1248146.72780542,108,4,2022,2025,1.24814672780542
I73S2C216J1V1,PSICOLOGIA,UNIVERSIDAD DE ANTOFAGASTA,Social Sciences,-0.12232080589773,1328147.8968467,126,5,2021,2025,1.3281478968467
I3S1C62J1V1,SOCIOLOGIA,UNIVERSIDAD DIEGO PORTALES,Social Sciences,-0.102297557731432,1372804.22539559,132,5,2021,2025,1.37280422539559
I92S2C38J1V1,PSICOLOGIA,UNIVERSIDAD CATOLICA DEL MAULE,Social Sciences,-0.0931057994846771,1146925.14754165,141,4,2022,2025,1.14692514754165
I80S1C63J1V1,ANTROPOLOGIA,UNIVERSIDAD DE TARAPACA,Social Sciences,-0.0894513553148838,1445434.43030497,88,4,2022,2025,1.44543443030497
I20S2C7J1V2,PSICOLOGIA,UNIVERSIDAD ANDRES BELLO,Social Sciences,-0.0717871085201909,1194265.11281818,933,5,2021,2025,1.19426511281818
I13S16C6J1V1,PSICOLOGIA,UNIVERSIDAD SANTO TOMAS,Social Sciences,-0.0704894479686035,1130350.50146396,192,4,2022,2025,1.13035050146396
I72S1C112J1V1,SOCIOLOGIA,UNIVERSIDAD DE VALPARAISO,Social Sciences,-0.0630039156089275,1308096.07008898,149,4,2022,2025,1.30809607008898
I13S1C6J1V1,PSICOLOGIA,UNIVERSIDAD SANTO TOMAS,Social Sciences,-0.0530140413803451,1130350.50146396,329,4,2022,2025,1.13035050146396
I69S1C236J1V1,"GESTION DE INFORMACION, BIBLIOTECOLOGIA Y ARCHIVISTICA",UNIVERSIDAD ALBERTO HURTADO,Social Sciences,-0.0448799427314403,1399383.69107166,33,4,2022,2025,1.39938369107166
I3S1C44J1V1,CIENCIA POLITICA,UNIVERSIDAD DIEGO PORTALES,Social Sciences,-0.038374819943458,1560119.04308575,235,5,2021,2025,1.56011904308575
I89S1C28J1V1,GEOGRAFIA,PONTIFICIA UNIVERSIDAD CATOLICA DE VALPARAISO,Social Sciences,-0.035681359706058,1122028.07875911,70,4,2022,2025,1.12202807875911
I31S4C12J1V1,PSICOLOGIA,UNIVERSIDAD AUTONOMA DE CHILE,Social Sciences,-0.0191785383676014,1109720.01189444,361,5,2021,2025,1.10972001189444
I80S1C27J1V2,PSICOLOGIA,UNIVERSIDAD DE TARAPACA,Social Sciences,-0.0145268544230026,1157536.6502307,226,4,2022,2025,1.1575366502307
I3S1C65J1V2,BACHILLERATO EN CIENCIAS SOCIALES Y HUMANIDADES,UNIVERSIDAD DIEGO PORTALES,Social Sciences,-0.0128259077552302,1754902.81366298,362,4,2022,2025,1.75490281366298
I87S1C147J1V1,SOCIOLOGIA,UNIVERSIDAD DE CONCEPCION,Social Sciences,-0.0127583238983616,1277491.93920572,134,4,2022,2025,1.27749193920572
I13S9C6J1V1,PSICOLOGIA,UNIVERSIDAD SANTO TOMAS,Social Sciences,-0.00995604001070159,1130350.50146396,201,4,2022,2025,1.13035050146396
I89S1C82J1V1,PERIODISMO,PONTIFICIA UNIVERSIDAD CATOLICA DE VALPARAISO,Social Sciences,-0.00498363065092257,1244841.08242426,260,4,2022,2025,1.24484108242426
I87S1C230J1V1,GEOGRAFIA,UNIVERSIDAD DE CONCEPCION,Social Sciences,-0.00404526403500293,1141947.1089503,81,4,2022,2025,1.1419471089503
I10S4C31J1V1,PSICOLOGIA,UNIVERSIDAD MAYOR,Social Sciences,-0.000823974787786101,1225938.58868205,224,4,2022,2025,1.22593858868205
I71S1C69J1V2,PERIODISMO / LICENCIATURA EN COMUNICACION SOCIAL,UNIVERSIDAD DE SANTIAGO DE CHILE,Social Sciences,0.00087385621647824,1372286.55667867,222,4,2022,2025,1.37228655667867
I3S1C8J1V1,PERIODISMO,UNIVERSIDAD DIEGO PORTALES,Social Sciences,0.0108106676199023,1361465.4207439,419,4,2022,2025,1.3614654207439
I90S2C130J1V1,PSICOLOGIA,UNIVERSIDAD AUSTRAL DE CHILE,Social Sciences,0.0110076018677502,1189052.99190216,245,4,2022,2025,1.18905299190216
I2S1C306J1V1,PSICOLOGIA,UNIVERSIDAD FINIS TERRAE,Social Sciences,0.017132299389377,1318048.65372419,338,5,2021,2025,1.31804865372419
I93S1C19J1V1,PERIODISMO,UNIVERSIDAD CATOLICA DE LA SANTISIMA CONCEPCION,Social Sciences,0.0220172816410697,1127457.41552081,27,1,2022,2022,1.12745741552081
I90S1C4J1V1,ANTROPOLOGIA,UNIVERSIDAD AUSTRAL DE CHILE,Social Sciences,0.026655633161613,1484789.38754119,74,4,2022,2025,1.48478938754119
I13S5C6J1V1,PSICOLOGIA,UNIVERSIDAD SANTO TOMAS,Social Sciences,0.0359223579247762,1130350.50146396,216,4,2022,2025,1.13035050146396
I87S1C240J1V1,ANTROPOLOGIA,UNIVERSIDAD DE CONCEPCION,Social Sciences,0.0500477018025063,1507146.22083709,157,4,2022,2025,1.50714622083709
I76S1C28J1V1,PERIODISMO,UNIVERSIDAD DE LA FRONTERA,Social Sciences,0.0784786113881374,1193202.29530453,92,4,2022,2025,1.19320229530453
I77S1C69J1V1,PSICOLOGIA,UNIVERSIDAD DE MAGALLANES,Social Sciences,0.0846814086969922,1225643.75931853,134,4,2022,2025,1.22564375931853
I92S1C38J1V1,PSICOLOGIA,UNIVERSIDAD CATOLICA DEL MAULE,Social Sciences,0.0937685963623456,1146925.14754165,285,4,2022,2025,1.14692514754165
I75S2C55J1V1,PSICOLOGIA,UNIVERSIDAD DEL BIO-BIO,Social Sciences,0.10439959982264,1114357.74126979,226,4,2022,2025,1.11435774126979
I45S4C757J1V1,BACHILLERATO EN PSICOLOGIA,UNIVERSIDAD DEL DESARROLLO,Social Sciences,0.105790593165572,1335559.25210129,318,4,2022,2025,1.33555925210129
I23S1C518J1V1,"COMUNICACION ESTRATEGICA PERIODISMO, DOBLE TITULO",UNIVERSIDAD ADOLFO IBAÑEZ,Social Sciences,0.106746386216868,2182714.94962925,45,3,2023,2025,2.18271494962925
I93S1C386J1V1,PSICOLOGIA,UNIVERSIDAD CATOLICA DE LA SANTISIMA CONCEPCION,Social Sciences,0.13267228041041,1074077.73725806,281,4,2022,2025,1.07407773725806
I45S1C5J1V2,PERIODISMO Y COMUNICACION,UNIVERSIDAD DEL DESARROLLO,Social Sciences,0.185815062247042,1401934.07834059,94,4,2022,2025,1.40193407834059
I45S4C5J1V1,PERIODISMO Y COMUNICACION,UNIVERSIDAD DEL DESARROLLO,Social Sciences,0.18787690516336,1401934.07834059,179,4,2022,2025,1.40193407834059
I23S2C518J1V1,"COMUNICACION ESTRATEGICA PERIODISMO, DOBLE TITULO",UNIVERSIDAD ADOLFO IBAÑEZ,Social Sciences,0.188807084815248,2182714.94962925,47,3,2023,2025,2.18271494962925
I10S12C31J1V1,PSICOLOGIA,UNIVERSIDAD MAYOR,Social Sciences,0.194819239011178,1225938.58868205,318,4,2022,2025,1.22593858868205
I91S1C57J1V1,PSICOLOGIA,UNIVERSIDAD CATOLICA DEL NORTE,Social Sciences,0.212414994934307,1329907.46069013,236,4,2022,2025,1.32990746069013
I895S1C20J1V1,PSICOLOGIA,UNIVERSIDAD DE O'HIGGINS,Social Sciences,0.224144668948692,1215205.53222668,275,4,2022,2025,1.21520553222668
I23S2C7J1V1,PERIODISMO,UNIVERSIDAD ADOLFO IBAÑEZ,Social Sciences,0.264719459807502,1592867.30007217,14,1,2022,2022,1.59286730007217
I72S1C75J1V1,PSICOLOGIA,UNIVERSIDAD DE VALPARAISO,Social Sciences,0.268002862522193,1235871.21350638,346,4,2022,2025,1.23587121350638
I45S4C30J1V1,CIENCIA POLITICA Y POLITICAS PUBLICAS,UNIVERSIDAD DEL DESARROLLO,Social Sciences,0.268548121222705,1606492.54798918,29,2,2024,2025,1.60649254798918
I45S2C30J1V1,CIENCIA POLITICA Y POLITICAS PUBLICAS,UNIVERSIDAD DEL DESARROLLO,Social Sciences,0.274944830868989,1606492.54798918,70,3,2022,2024,1.60649254798918
I45S1C17J1V2,PSICOLOGIA,UNIVERSIDAD DEL DESARROLLO,Social Sciences,0.278792334177009,1335559.25210129,402,4,2022,2025,1.33555925210129
I87S1C121J1V1,PERIODISMO,UNIVERSIDAD DE CONCEPCION,Social Sciences,0.316713061601059,1266940.37527927,144,4,2022,2025,1.26694037527927
I71S1C142J1V1,LICENCIATURA EN ESTUDIOS INTERNACIONALES / ANALISTA EN POLITICAS Y ASUNTOS INTERNACIONALES,UNIVERSIDAD DE SANTIAGO DE CHILE,Social Sciences,0.326829120534356,1862549.17557968,153,4,2022,2025,1.86254917557968
I69S1C12J1V1,PSICOLOGIA,UNIVERSIDAD ALBERTO HURTADO,Social Sciences,0.327002524475068,1195593.46250342,432,5,2021,2025,1.19559346250342
I70S1C43J1V1,GEOGRAFIA,UNIVERSIDAD DE CHILE,Social Sciences,0.355374244931853,1357314.33652908,110,4,2022,2025,1.35731433652908
I90S1C130J1V1,PSICOLOGIA,UNIVERSIDAD AUSTRAL DE CHILE,Social Sciences,0.362297381487064,1189052.99190216,228,4,2022,2025,1.18905299190216
I78S1C14J1V1,PSICOLOGIA,UNIVERSIDAD DE TALCA,Social Sciences,0.376786381164396,1189912.17315732,409,4,2022,2025,1.18991217315732
I23S1C7J1V1,PERIODISMO,UNIVERSIDAD ADOLFO IBAÑEZ,Social Sciences,0.458297017666725,1592867.30007217,14,1,2022,2022,1.59286730007217
I76S1C29J1V1,PSICOLOGIA,UNIVERSIDAD DE LA FRONTERA,Social Sciences,0.535514126529167,1136709.9136421,232,4,2022,2025,1.1367099136421
I70S1C162J1V1,PERIODISMO,UNIVERSIDAD DE CHILE,Social Sciences,0.559060916830705,1505880.89537247,422,4,2022,2025,1.50588089537247
I71S1C71J1V1,PSICOLOGIA / LICENCIATURA EN PSICOLOGIA,UNIVERSIDAD DE SANTIAGO DE CHILE,Social Sciences,0.5685769872517,1307315.39779373,295,4,2022,2025,1.30731539779373
I23S1C42J1V1,PSICOLOGIA,UNIVERSIDAD ADOLFO IBAÑEZ,Social Sciences,0.575011637073114,1517452.70540756,227,4,2022,2025,1.51745270540756
I74S1C58J1V1,PSICOLOGIA,UNIVERSIDAD DE LA SERENA,Social Sciences,0.583615772709066,1141205.2396009,147,4,2022,2025,1.1412052396009
I34S1C8J1V2,PERIODISMO,UNIVERSIDAD DE LOS ANDES,Social Sciences,0.584001498474306,1503556.38157608,147,4,2022,2025,1.50355638157608
I86S5C55J1V1,GEOGRAFIA,PONTIFICIA UNIVERSIDAD CATOLICA DE CHILE,Social Sciences,0.587577196401428,1351427.01054449,142,4,2022,2025,1.35142701054449
I70S1C178J1V1,SOCIOLOGIA,UNIVERSIDAD DE CHILE,Social Sciences,0.597894609841292,1518422.4473217,296,4,2022,2025,1.5184224473217
I70S1C2J1V1,ANTROPOLOGIA-ARQUEOLOGIA,UNIVERSIDAD DE CHILE,Social Sciences,0.639708022573923,1791388.7226075,316,4,2022,2025,1.7913887226075
I89S3C84J1V1,PSICOLOGIA,PONTIFICIA UNIVERSIDAD CATOLICA DE VALPARAISO,Social Sciences,0.666675067575853,1185903.85290826,290,4,2022,2025,1.18590385290826
I86S5C203J1V1,SOCIOLOGIA,PONTIFICIA UNIVERSIDAD CATOLICA DE CHILE,Social Sciences,0.674966059779627,1511836.31786803,225,4,2022,2025,1.51183631786803
I89S1C84J1V1,PSICOLOGIA,PONTIFICIA UNIVERSIDAD CATOLICA DE VALPARAISO,Social Sciences,0.748071149117624,1185903.85290826,93,1,2022,2022,1.18590385290826
I70S1C911J1V1,CIENCIA POLITICA,UNIVERSIDAD DE CHILE,Social Sciences,0.764140225731836,1725606.41327632,169,4,2022,2025,1.72560641327632
I86S5C638J1V1,ANTROPOLOGIA-ARQUEOLOGIA,PONTIFICIA UNIVERSIDAD CATOLICA DE CHILE,Social Sciences,0.813466591458745,1783618.60695243,217,4,2022,2025,1.78361860695243
I23S2C42J1V1,PSICOLOGIA,UNIVERSIDAD ADOLFO IBAÑEZ,Social Sciences,0.840560318283621,1517452.70540756,308,4,2022,2025,1.51745270540756
I3S1C12J1V1,PSICOLOGIA,UNIVERSIDAD DIEGO PORTALES,Social Sciences,0.892782619228408,1297006.59052582,570,4,2022,2025,1.29700659052582
I34S1C246J1V2,BACHILLERATO EN PSICOLOGIA,UNIVERSIDAD DE LOS ANDES,Social Sciences,0.962376628223551,1432370.22873911,121,4,2022,2025,1.43237022873911
I45S4C17J1V2,PSICOLOGIA,UNIVERSIDAD DEL DESARROLLO,Social Sciences,0.962978686412747,1335559.25210129,303,4,2022,2025,1.33555925210129
I23S2C42J1V2,PSICOLOGIA,UNIVERSIDAD ADOLFO IBAÑEZ,Social Sciences,0.976895509382223,1517452.70540756,12,2,2024,2025,1.51745270540756
I70S1C174J1V2,PSICOLOGIA,UNIVERSIDAD DE CHILE,Social Sciences,1.02050313748192,1434584.68800319,254,4,2022,2025,1.43458468800319
I70S1C174J1V1,PSICOLOGIA,UNIVERSIDAD DE CHILE,Social Sciences,1.05846447513721,1434584.68800319,77,1,2022,2022,1.43458468800319
I87S1C144J1V1,PSICOLOGIA,UNIVERSIDAD DE CONCEPCION,Social Sciences,1.13497659246727,1206956.85068711,48,1,2022,2022,1.20695685068711
I70S1C901J1V1,ESTUDIOS INTERNACIONALES,UNIVERSIDAD DE CHILE,Social Sciences,1.17033404371234,1932926.01383074,180,4,2022,2025,1.93292601383074
I86S5C300J1V1,COLLEGE CIENCIAS SOCIALES (LICENCIATURA),PONTIFICIA UNIVERSIDAD CATOLICA DE CHILE,Social Sciences,1.1971357934637,1771487.3163081,1146,4,2022,2025,1.7714873163081
I86S1C130J1V1,PERIODISMO - DIRECCION AUDIOVISUAL - PUBLICIDAD,PONTIFICIA UNIVERSIDAD CATOLICA DE CHILE,Social Sciences,1.21567719017198,1499349.16466985,463,4,2022,2025,1.49934916466985
I87S1C144J1V2,PSICOLOGIA,UNIVERSIDAD DE CONCEPCION,Social Sciences,1.25679992269313,1206956.85068711,149,4,2022,2025,1.20695685068711
I86S5C64J1V1,CIENCIA POLITICA,PONTIFICIA UNIVERSIDAD CATOLICA DE CHILE,Social Sciences,1.48826552879752,1718121.62717877,144,4,2022,2025,1.71812162717877
I34S1C10J1V2,PSICOLOGIA,UNIVERSIDAD DE LOS ANDES,Social Sciences,1.65174695686218,1432370.22873911,266,4,2022,2025,1.43237022873911
I86S5C200J1V1,PSICOLOGIA,PONTIFICIA UNIVERSIDAD CATOLICA DE CHILE,Social Sciences,1.80609969913836,1428362.20328946,471,4,2022,2025,1.42836220328946
I143S26C38J1V1,TECNICO EN LOCUCION Y CONDUCCION DE RADIO Y TELEVISION,IP AIEP,Humanities & Arts,-0.947864538066385,887595.940500922,15,4,2022,2025,0.887595940500922
I143S24C84J1V1,DISEÑO GRAFICO PROFESIONAL,IP AIEP,Humanities & Arts,-0.943492022920888,1041030.87763769,17,4,2022,2025,1.04103087763769
I143S13C22J1V1,TECNICO EN DISEÑO DE VESTUARIO,IP AIEP,Humanities & Arts,-0.934420173141677,1443832.59911894,10,2,2022,2023,1.44383259911894
I430S28C340J1V1,TECNICO EN DISEÑO DIGITAL,CFT INACAP,Humanities & Arts,-0.916140889089149,900700.743459977,24,2,2022,2023,0.900700743459977
I123S2C57J1V1,TECNICO EN DISEÑO GRAFICO,IP DE CHILE,Humanities & Arts,-0.913292989725585,855290.695404161,22,4,2022,2025,0.855290695404161
I430S30C292J1V1,DISEÑO Y PRODUCCION GRAFICA,CFT INACAP,Humanities & Arts,-0.906937298413577,852749.891398609,11,1,2022,2022,0.852749891398609
I116S30C163J1V1,TECNICO EN DISEÑO DIGITAL Y PUBLICITARIO,IP SANTO TOMAS,Humanities & Arts,-0.893305911927716,855290.695404161,34,3,2022,2024,0.855290695404161
I116S17C293J1V1,TECNICO EN DISEÑO GRAFICO,IP SANTO TOMAS,Humanities & Arts,-0.886935035979325,855290.695404161,16,4,2022,2025,0.855290695404161
I430S30C348J1V1,ANIMACION DIGITAL Y VIDEOJUEGOS,CFT INACAP,Humanities & Arts,-0.864151574920261,900700.743459977,26,4,2022,2025,0.900700743459977
I430S36C348J1V1,ANIMACION DIGITAL Y VIDEOJUEGOS,CFT INACAP,Humanities & Arts,-0.859448529693885,900700.743459977,13,3,2023,2025,0.900700743459977
I143S0C22J1V1,TECNICO EN DISEÑO DE VESTUARIO,IP AIEP,Humanities & Arts,-0.858495432073026,1443832.59911894,11,4,2022,2025,1.44383259911894
I111S9C39J2V1,DISEÑO GRAFICO,IP DUOC UC,Humanities & Arts,-0.850412597876004,1041030.87763769,12,4,2022,2025,1.04103087763769
I116S17C163J1V1,TECNICO EN DISEÑO DIGITAL Y PUBLICITARIO,IP SANTO TOMAS,Humanities & Arts,-0.842252685693732,855290.695404161,26,3,2022,2024,0.855290695404161
I430S28C349J1V1,DISEÑO DIGITAL Y WEB,CFT INACAP,Humanities & Arts,-0.828400600708365,900700.743459977,22,4,2022,2025,0.900700743459977
I143S26C20J1V1,TECNICO EN DISEÑO GRAFICO,IP AIEP,Humanities & Arts,-0.827689934296917,855290.695404161,13,3,2022,2024,0.855290695404161
I143S20C22J1V1,TECNICO EN DISEÑO DE VESTUARIO,IP AIEP,Humanities & Arts,-0.815350720771191,1443832.59911894,15,3,2023,2025,1.44383259911894
I106S6C303J4V1,DISEÑO GRAFICO DIGITAL,IP PROVIDENCIA,Humanities & Arts,-0.812766237240763,1041030.87763769,21,3,2021,2023,1.04103087763769
I111S10C10J1V1,DISEÑO DE AMBIENTES,IP DUOC UC,Humanities & Arts,-0.797129969872251,955913.130157575,74,4,2022,2025,0.955913130157575
I430S3C292J1V1,DISEÑO Y PRODUCCION GRAFICA,CFT INACAP,Humanities & Arts,-0.782467777994353,852749.891398609,21,1,2022,2022,0.852749891398609
I143S26C250J1V1,TECNICO EN DISEÑO DE ESPACIOS Y EQUIPAMIENTO,IP AIEP,Humanities & Arts,-0.782265180699858,1443832.59911894,12,3,2022,2024,1.44383259911894
I143S9C22J1V1,TECNICO EN DISEÑO DE VESTUARIO,IP AIEP,Humanities & Arts,-0.777092084909582,1443832.59911894,11,3,2022,2025,1.44383259911894
I143S15C701J1V1,TECNICO EN ANIMACION 3D,IP AIEP,Humanities & Arts,-0.776666447323697,855290.695404167,24,3,2022,2024,0.855290695404167
I143S26C84J1V1,DISEÑO GRAFICO PROFESIONAL,IP AIEP,Humanities & Arts,-0.772101430230136,1041030.87763769,23,4,2022,2025,1.04103087763769
I430S37C340J1V1,TECNICO EN DISEÑO DIGITAL,CFT INACAP,Humanities & Arts,-0.770452053943794,900700.743459977,12,2,2022,2023,0.900700743459977
I100S34C317J1V1,DISEÑO DIGITAL PROFESIONAL,IP INACAP,Humanities & Arts,-0.764037138852004,1041030.87763769,30,4,2022,2025,1.04103087763769
I108S1C3J1V1,TRADUCCION INGLES-ESPAÑOL,IP CHILENO BRITANICO DE CULTURA,Humanities & Arts,-0.759694938480281,855290.695404157,11,3,2021,2023,0.855290695404157
I910S1C16J1V1,TECNICO DE NIVEL SUPERIOR EN DISEÑO Y ANIMACION DIGITAL,CFT DE LA REGION DE COQUIMBO,Humanities & Arts,-0.748014127185945,855290.695404161,38,4,2022,2025,0.855290695404161
I430S12C348J1V1,ANIMACION DIGITAL Y VIDEOJUEGOS,CFT INACAP,Humanities & Arts,-0.744346603576775,900700.743459977,16,3,2023,2025,0.900700743459977
I430S9C340J1V1,TECNICO EN DISEÑO DIGITAL,CFT INACAP,Humanities & Arts,-0.735702975757195,900700.743459977,19,2,2022,2023,0.900700743459977
I100S32C317J1V1,DISEÑO DIGITAL PROFESIONAL,IP INACAP,Humanities & Arts,-0.734149506904689,1041030.87763769,33,4,2022,2025,1.04103087763769
I94S1C503J1V1,OFICIOS CREATIVOS,UNIVERSIDAD CATOLICA DE TEMUCO,Humanities & Arts,-0.732213904947128,1194898.11151824,44,4,2022,2025,1.19489811151824
I116S30C293J1V1,TECNICO EN DISEÑO GRAFICO,IP SANTO TOMAS,Humanities & Arts,-0.730182566479188,855290.695404161,10,3,2023,2025,0.855290695404161
I81S1C72J2V1,TECNICO DE NIVEL SUPERIOR TRADUCTOR BILINGÜE INGLES-ESPAÑOL,UNIVERSIDAD ARTURO PRAT,Humanities & Arts,-0.729161487457406,852749.891398615,28,4,2022,2025,0.852749891398615
I430S15C349J1V1,DISEÑO DIGITAL Y WEB,CFT INACAP,Humanities & Arts,-0.722466620684128,900700.743459977,16,3,2023,2025,0.900700743459977
I430S37C348J1V1,ANIMACION DIGITAL Y VIDEOJUEGOS,CFT INACAP,Humanities & Arts,-0.708512281983988,900700.743459977,40,3,2023,2025,0.900700743459977
I430S9C348J1V1,ANIMACION DIGITAL Y VIDEOJUEGOS,CFT INACAP,Humanities & Arts,-0.701150931333141,900700.743459977,21,3,2023,2025,0.900700743459977
I430S22C349J1V1,DISEÑO DIGITAL Y WEB,CFT INACAP,Humanities & Arts,-0.699009557447036,900700.743459977,48,5,2021,2025,0.900700743459977
I83S2C374J2V1,TECNICO EN INTERPRETACION DE LENGUA DE SEÑAS,UNIVERSIDAD DE PLAYA ANCHA DE CIENCIAS DE LA EDUCACION,Humanities & Arts,-0.695890673738472,1121110.11544918,10,4,2022,2025,1.12111011544918
I382S1C17J1V2,FOTOGRAFIA,CFT ALPES,Humanities & Arts,-0.695673697967838,955913.130157587,10,3,2022,2024,0.955913130157587
I123S2C7J1V1,COMUNICACION AUDIOVISUAL,IP DE CHILE,Humanities & Arts,-0.693604604110605,1146130.2977352,42,4,2022,2025,1.1461302977352
I143S24C22J1V1,TECNICO EN DISEÑO DE VESTUARIO,IP AIEP,Humanities & Arts,-0.691516635764535,1443832.59911894,19,2,2022,2023,1.44383259911894
I367S3C213J1V1,TECNICO EN DESARROLLO DE VIDEOJUEGOS,CFT SAN AGUSTIN,Humanities & Arts,-0.691448206012539,891370.301310939,16,3,2022,2024,0.891370301310939
I111S9C39J1V1,DISEÑO GRAFICO,IP DUOC UC,Humanities & Arts,-0.689681598242949,1041030.87763769,178,4,2022,2025,1.04103087763769
I100S40C317J1V1,DISEÑO DIGITAL PROFESIONAL,IP INACAP,Humanities & Arts,-0.688778771349039,1041030.87763769,30,4,2022,2025,1.04103087763769
I116S34C40J1V1,DISEÑO GRAFICO,IP SANTO TOMAS,Humanities & Arts,-0.685205138473315,1041030.87763769,59,4,2022,2025,1.04103087763769
I144S10C5J1V1,FOTOGRAFIA PROFESIONAL,IP ARCOS,Humanities & Arts,-0.685160271058064,955913.130157574,34,3,2022,2024,0.955913130157574
I106S6C295J4V2,TECNICO EN ANIMACION DIGITAL,IP PROVIDENCIA,Humanities & Arts,-0.683900066397999,855290.695404167,26,4,2022,2025,0.855290695404167
I430S27C340J1V1,TECNICO EN DISEÑO DIGITAL,CFT INACAP,Humanities & Arts,-0.683206245838391,900700.743459977,23,2,2022,2023,0.900700743459977
I430S27C292J1V1,DISEÑO Y PRODUCCION GRAFICA,CFT INACAP,Humanities & Arts,-0.67954143900916,852749.891398609,16,1,2022,2022,0.852749891398609
I111S22C10J1V1,DISEÑO DE AMBIENTES,IP DUOC UC,Humanities & Arts,-0.67710365198817,955913.130157575,122,4,2022,2025,0.955913130157575
I430S12C349J1V1,DISEÑO DIGITAL Y WEB,CFT INACAP,Humanities & Arts,-0.670336631056444,900700.743459977,20,4,2022,2025,0.900700743459977
I430S15C348J1V1,ANIMACION DIGITAL Y VIDEOJUEGOS,CFT INACAP,Humanities & Arts,-0.668977916512796,900700.743459977,37,3,2023,2025,0.900700743459977
I430S37C349J1V1,DISEÑO DIGITAL Y WEB,CFT INACAP,Humanities & Arts,-0.663376831777902,900700.743459977,10,2,2024,2025,0.900700743459977
I100S19C285J1V2,DISEÑO DE MODA PROFESIONAL,IP INACAP,Humanities & Arts,-0.662128928873105,955913.130157575,15,2,2024,2025,0.955913130157575
I430S20C340J1V1,TECNICO EN DISEÑO DIGITAL,CFT INACAP,Humanities & Arts,-0.660827093895032,900700.743459977,12,2,2022,2023,0.900700743459977
I430S16C349J1V1,DISEÑO DIGITAL Y WEB,CFT INACAP,Humanities & Arts,-0.656917099575572,900700.743459977,40,4,2022,2025,0.900700743459977
I430S27C349J1V1,DISEÑO DIGITAL Y WEB,CFT INACAP,Humanities & Arts,-0.654596753993482,900700.743459977,52,5,2021,2025,0.900700743459977
I106S6C310J4V1,TECNICO DE NIVEL SUPERIOR EN DISEÑO GRAFICO DIGITAL,IP PROVIDENCIA,Humanities & Arts,-0.651862201126382,855290.695404161,14,2,2022,2023,0.855290695404161
I367S1C213J1V1,TECNICO EN DESARROLLO DE VIDEOJUEGOS,CFT SAN AGUSTIN,Humanities & Arts,-0.651250756050673,891370.301310939,19,4,2022,2025,0.891370301310939
I116S34C185J2V1,TECNICO EN DISEÑO DE VIDEOJUEGOS,IP SANTO TOMAS,Humanities & Arts,-0.648668696036996,855290.695404167,15,4,2022,2025,0.855290695404167
I116S10C40J1V1,DISEÑO GRAFICO,IP SANTO TOMAS,Humanities & Arts,-0.647980648883167,1041030.87763769,86,4,2022,2025,1.04103087763769
I26S1C199J3V1,DISEÑO DE INTERIORES Y AMBIENTES,"UNIVERSIDAD DE ARTES, CIENCIAS Y COMUNICACION - UNIACC",Humanities & Arts,-0.647521038109512,1178416.84163776,17,2,2022,2023,1.17841684163776
I143S28C701J4V1,TECNICO EN ANIMACION 3D,IP AIEP,Humanities & Arts,-0.646194865085198,855290.695404167,48,4,2022,2025,0.855290695404167
I137S1C2J1V1,TRADUCTOR E INTERPRETE DE ENLACE MENCION INGLES,IP EATRI,Humanities & Arts,-0.640829522882839,955913.130157589,12,3,2022,2024,0.955913130157589
I430S2C349J1V1,DISEÑO DIGITAL Y WEB,CFT INACAP,Humanities & Arts,-0.639816346079385,900700.743459977,19,4,2022,2025,0.900700743459977
I100S15C317J1V1,DISEÑO DIGITAL PROFESIONAL,IP INACAP,Humanities & Arts,-0.637973763883987,1041030.87763769,50,4,2022,2025,1.04103087763769
I144S1C28J1V1,ANIMACION 3D,IP ARCOS,Humanities & Arts,-0.635632589814161,950602.460564915,53,3,2022,2024,0.950602460564915
I430S14C348J1V1,ANIMACION DIGITAL Y VIDEOJUEGOS,CFT INACAP,Humanities & Arts,-0.634174329173133,900700.743459977,23,4,2022,2025,0.900700743459977
I111S10C39J1V1,DISEÑO GRAFICO,IP DUOC UC,Humanities & Arts,-0.633754075388533,1041030.87763769,176,4,2022,2025,1.04103087763769
I143S15C84J1V1,DISEÑO GRAFICO PROFESIONAL,IP AIEP,Humanities & Arts,-0.627252686530624,1041030.87763769,28,3,2022,2024,1.04103087763769
I430S25C349J1V1,DISEÑO DIGITAL Y WEB,CFT INACAP,Humanities & Arts,-0.623956922562887,900700.743459977,19,4,2022,2025,0.900700743459977
I116S39C40J1V1,DISEÑO GRAFICO,IP SANTO TOMAS,Humanities & Arts,-0.621611154954095,1041030.87763769,60,4,2022,2025,1.04103087763769
I100S14C317J1V1,DISEÑO DIGITAL PROFESIONAL,IP INACAP,Humanities & Arts,-0.621105228468782,1041030.87763769,26,5,2021,2025,1.04103087763769
I111S4C39J1V1,DISEÑO GRAFICO,IP DUOC UC,Humanities & Arts,-0.618653230767549,1041030.87763769,176,5,2021,2025,1.04103087763769
I11S2C155J1V2,CINE Y ARTES AUDIOVISUALES,UNIVERSIDAD ACADEMIA DE HUMANISMO CRISTIANO,Humanities & Arts,-0.61831168578651,888170.772510917,15,3,2023,2025,0.888170772510917
I26S1C16J1V2,ARTES VISUALES,"UNIVERSIDAD DE ARTES, CIENCIAS Y COMUNICACION - UNIACC",Humanities & Arts,-0.617046616049595,995048.527705444,34,4,2022,2025,0.995048527705444
I143S26C621J1V1,TECNICO EN PRODUCCION AUDIOVISUAL,IP AIEP,Humanities & Arts,-0.611696737447144,887595.940500922,26,5,2021,2025,0.887595940500922
I116S39C163J1V1,TECNICO EN DISEÑO DIGITAL Y PUBLICITARIO,IP SANTO TOMAS,Humanities & Arts,-0.610475046830969,855290.695404161,33,3,2022,2024,0.855290695404161
I116S34C46J1V1,COMUNICACION AUDIOVISUAL DIGITAL,IP SANTO TOMAS,Humanities & Arts,-0.610069044304634,1146130.2977352,70,4,2022,2025,1.1461302977352
I430S25C340J1V1,TECNICO EN DISEÑO DIGITAL,CFT INACAP,Humanities & Arts,-0.607525358493703,900700.743459977,11,2,2022,2023,0.900700743459977
I116S39C46J1V1,COMUNICACION AUDIOVISUAL DIGITAL,IP SANTO TOMAS,Humanities & Arts,-0.607035664524625,1146130.2977352,178,4,2022,2025,1.1461302977352
I100S39C317J1V1,DISEÑO DIGITAL PROFESIONAL,IP INACAP,Humanities & Arts,-0.602450700941559,1041030.87763769,11,3,2022,2024,1.04103087763769
I123S2C54J1V1,TECNICO EN COMUNICACION AUDIOVISUAL,IP DE CHILE,Humanities & Arts,-0.596770824919895,887595.940500922,18,4,2022,2025,0.887595940500922
I144S1C40J1V1,DISEÑO GRAFICO MULTIMEDIA,IP ARCOS,Humanities & Arts,-0.593149922289953,1041030.87763769,29,3,2022,2024,1.04103087763769
I111S3C38J1V1,COMUNICACION AUDIOVISUAL,IP DUOC UC,Humanities & Arts,-0.588077133517795,1146130.2977352,93,5,2021,2025,1.1461302977352
I100S9C317J1V1,DISEÑO DIGITAL PROFESIONAL,IP INACAP,Humanities & Arts,-0.585263652289856,1041030.87763769,33,4,2022,2025,1.04103087763769
I430S33C349J1V1,DISEÑO DIGITAL Y WEB,CFT INACAP,Humanities & Arts,-0.585195267791561,900700.743459977,37,4,2022,2025,0.900700743459977
I143S9C84J1V1,DISEÑO GRAFICO PROFESIONAL,IP AIEP,Humanities & Arts,-0.582946488877018,1041030.87763769,58,4,2022,2025,1.04103087763769
I116S32C40J1V1,DISEÑO GRAFICO,IP SANTO TOMAS,Humanities & Arts,-0.579661594149609,1041030.87763769,53,5,2021,2025,1.04103087763769
I430S36C292J1V1,DISEÑO Y PRODUCCION GRAFICA,CFT INACAP,Humanities & Arts,-0.579271582171918,852749.891398609,11,1,2022,2022,0.852749891398609
I116S11C40J1V1,DISEÑO GRAFICO,IP SANTO TOMAS,Humanities & Arts,-0.578721664141421,1041030.87763769,86,4,2022,2025,1.04103087763769
I144S1C21J1V1,CINE,IP ARCOS,Humanities & Arts,-0.57499327541699,1056535.56491102,44,3,2022,2024,1.05653556491102
I143S26C22J1V1,TECNICO EN DISEÑO DE VESTUARIO,IP AIEP,Humanities & Arts,-0.574668562156681,1443832.59911894,18,3,2021,2023,1.44383259911894
I144S1C5J1V1,FOTOGRAFIA PROFESIONAL,IP ARCOS,Humanities & Arts,-0.574234889720308,955913.130157574,50,3,2022,2024,0.955913130157574
I100S38C317J1V1,DISEÑO DIGITAL PROFESIONAL,IP INACAP,Humanities & Arts,-0.573632675103505,1041030.87763769,25,4,2022,2025,1.04103087763769
I430S27C315J1V1,DISEÑO & PRODUCCION DE MODA,CFT INACAP,Humanities & Arts,-0.573418846650046,1146410.2633274,67,4,2021,2024,1.1464102633274
I143S26C254J1V1,TECNICO EN ARTE Y GESTION CULTURAL,IP AIEP,Humanities & Arts,-0.573076868068106,1443832.59911894,21,4,2022,2025,1.44383259911894
I143S13C84J1V1,DISEÑO GRAFICO PROFESIONAL,IP AIEP,Humanities & Arts,-0.572049770231956,1041030.87763769,21,4,2022,2025,1.04103087763769
I144S10C46J1V1,COMPOSICION MUSICAL,IP ARCOS,Humanities & Arts,-0.571860840966078,1443832.59911894,18,3,2022,2024,1.44383259911894
I143S6C701J1V1,TECNICO EN ANIMACION 3D,IP AIEP,Humanities & Arts,-0.568284871323119,855290.695404167,19,3,2022,2024,0.855290695404167
I111S22C39J1V1,DISEÑO GRAFICO,IP DUOC UC,Humanities & Arts,-0.567685665042438,1041030.87763769,98,4,2022,2025,1.04103087763769
I430S14C315J1V1,DISEÑO & PRODUCCION DE MODA,CFT INACAP,Humanities & Arts,-0.566970377365504,1146410.2633274,87,4,2021,2024,1.1464102633274
I116S6C40J1V1,DISEÑO GRAFICO,IP SANTO TOMAS,Humanities & Arts,-0.566229361899935,1041030.87763769,56,4,2022,2025,1.04103087763769
I100S19C285J1V1,DISEÑO DE MODA,IP INACAP,Humanities & Arts,-0.563936516223521,955913.130157575,21,3,2022,2024,0.955913130157575
I143S12C84J1V1,DISEÑO GRAFICO PROFESIONAL,IP AIEP,Humanities & Arts,-0.56236689245028,1041030.87763769,45,4,2022,2025,1.04103087763769
I93S1C68J1V1,LICENCIATURA EN HISTORIA,UNIVERSIDAD CATOLICA DE LA SANTISIMA CONCEPCION,Humanities & Arts,-0.562076767770971,1280047.14965684,49,4,2022,2025,1.28004714965684
I144S1C7J1V1,COMUNICACION AUDIOVISUAL,IP ARCOS,Humanities & Arts,-0.561536401879676,1146130.2977352,34,3,2022,2024,1.1461302977352
I94S1C396J1V1,LICENCIATURA EN FILOSOFIA,UNIVERSIDAD CATOLICA DE TEMUCO,Humanities & Arts,-0.553670031238161,1194898.11151824,19,3,2023,2025,1.19489811151824
I144S1C199J1V1,INTERPRETACION MUSICAL,IP ARCOS,Humanities & Arts,-0.548964205348133,1443832.59911894,11,2,2023,2024,1.44383259911894
I111S4C38J1V1,COMUNICACION AUDIOVISUAL,IP DUOC UC,Humanities & Arts,-0.547311050203955,1146130.2977352,146,4,2022,2025,1.1461302977352
I430S29C348J1V1,ANIMACION DIGITAL Y VIDEOJUEGOS,CFT INACAP,Humanities & Arts,-0.546917363415424,900700.743459977,27,4,2022,2025,0.900700743459977
I26S1C199J3V2,DISEÑO DE INTERIORES Y AMBIENTES,"UNIVERSIDAD DE ARTES, CIENCIAS Y COMUNICACION - UNIACC",Humanities & Arts,-0.546616535137076,1178416.84163776,20,4,2022,2025,1.17841684163776
I367S4C213J1V1,TECNICO EN DESARROLLO DE VIDEOJUEGOS,CFT SAN AGUSTIN,Humanities & Arts,-0.544603040416244,891370.301310939,17,4,2022,2025,0.891370301310939
I144S1C8J1V1,ACTUACION,IP ARCOS,Humanities & Arts,-0.544147114072347,1443832.59911894,21,3,2022,2024,1.44383259911894
I111S6C318J2V1,ANIMACION DIGITAL,IP DUOC UC,Humanities & Arts,-0.542338597314891,950602.460564915,10,2,2022,2024,0.950602460564915
I430S15C340J1V1,TECNICO EN DISEÑO DIGITAL,CFT INACAP,Humanities & Arts,-0.541120371501939,900700.743459977,10,1,2023,2023,0.900700743459977
I19S6C62J1V2,TRADUCCION E INTERPRETACION EN INGLES,UNIVERSIDAD DE LAS AMERICAS,Humanities & Arts,-0.540510061637607,951706.977069442,99,4,2022,2025,0.951706977069442
I111S7C487J1V1,RESTAURACION DE BIENES PATRIMONIALES,IP DUOC UC,Humanities & Arts,-0.540490132830754,1443832.59911894,15,3,2022,2024,1.44383259911894
I100S30C285J1V2,DISEÑO DE MODA PROFESIONAL,IP INACAP,Humanities & Arts,-0.539565283894341,955913.130157575,11,2,2024,2025,0.955913130157575
I430S16C340J1V1,TECNICO EN DISEÑO DIGITAL,CFT INACAP,Humanities & Arts,-0.53607089768485,900700.743459977,40,2,2022,2023,0.900700743459977
I111S9C67J1V1,ILUSTRACION,IP DUOC UC,Humanities & Arts,-0.534011935200787,1443832.59911894,60,4,2022,2025,1.44383259911894
I108S1C28J1V1,INTERPRETACION PROFESIONAL DEL INGLES AL ESPAÑOL,IP CHILENO BRITANICO DE CULTURA,Humanities & Arts,-0.533378867106527,955913.130157589,36,3,2022,2024,0.955913130157589
I83S1C345J1V1,DISEÑO,UNIVERSIDAD DE PLAYA ANCHA DE CIENCIAS DE LA EDUCACION,Humanities & Arts,-0.532631388919424,1119801.58375854,53,4,2022,2025,1.11980158375854
I108S1C23J1V1,TRADUCCION PROFESIONAL DEL INGLES AL ESPAÑOL,IP CHILENO BRITANICO DE CULTURA,Humanities & Arts,-0.531697718505292,955913.130157589,37,3,2022,2024,0.955913130157589
I69S1C299J1V1,LICENCIATURA EN TEORIA E HISTORIA DEL ARTE,UNIVERSIDAD ALBERTO HURTADO,Humanities & Arts,-0.528477225828477,874691.727221191,40,4,2022,2025,0.874691727221191
I430S12C340J1V1,TECNICO EN DISEÑO DIGITAL,CFT INACAP,Humanities & Arts,-0.528064262650822,900700.743459977,11,2,2022,2023,0.900700743459977
I143S26C701J1V1,TECNICO EN ANIMACION 3D,IP AIEP,Humanities & Arts,-0.527722446087739,855290.695404167,12,4,2022,2025,0.855290695404167
I81S5C72J2V1,TECNICO DE NIVEL SUPERIOR TRADUCTOR BILINGÜE INGLES-ESPAÑOL,UNIVERSIDAD ARTURO PRAT,Humanities & Arts,-0.526928020919137,852749.891398615,10,1,2022,2022,0.852749891398615
I430S28C348J1V1,ANIMACION DIGITAL Y VIDEOJUEGOS,CFT INACAP,Humanities & Arts,-0.526328870203704,900700.743459977,36,4,2022,2025,0.900700743459977
I26S1C52J1V3,COMUNICACION AUDIOVISUAL ESPECIALIDAD TELEVISION,"UNIVERSIDAD DE ARTES, CIENCIAS Y COMUNICACION - UNIACC",Humanities & Arts,-0.525010982328669,1254043.95793915,15,3,2023,2025,1.25404395793915
I143S26C40J1V1,TEATRO,IP AIEP,Humanities & Arts,-0.524411338386917,1443832.59911894,41,4,2022,2025,1.44383259911894
I2S1C18J1V1,LICENCIATURA EN LITERATURA,UNIVERSIDAD FINIS TERRAE,Humanities & Arts,-0.522826130578483,999712.637923166,47,4,2022,2025,0.999712637923166
I39S6C460J1V1,BACHILLERATO EN HUMANIDADES Y CIENCIAS SOCIALES,UNIVERSIDAD SAN SEBASTIAN,Humanities & Arts,-0.520928323994434,1567846.62593857,63,4,2022,2025,1.56784662593857
I111S6C39J1V1,DISEÑO GRAFICO,IP DUOC UC,Humanities & Arts,-0.519417328123133,1041030.87763769,103,4,2022,2025,1.04103087763769
I430S15C348J2V1,ANIMACION DIGITAL Y VIDEOJUEGOS,CFT INACAP,Humanities & Arts,-0.518090807173733,900700.743459977,12,3,2023,2025,0.900700743459977
I100S19C317J1V1,DISEÑO DIGITAL PROFESIONAL,IP INACAP,Humanities & Arts,-0.517590397302481,1041030.87763769,18,4,2022,2025,1.04103087763769
I111S3C67J1V1,ILUSTRACION,IP DUOC UC,Humanities & Arts,-0.517271192412892,1443832.59911894,52,4,2022,2025,1.44383259911894
I93S1C52J1V1,LICENCIATURA EN FILOSOFIA,UNIVERSIDAD CATOLICA DE LA SANTISIMA CONCEPCION,Humanities & Arts,-0.516570116697967,1280047.14965684,29,4,2022,2025,1.28004714965684
I430S3C340J1V1,TECNICO EN DISEÑO DIGITAL,CFT INACAP,Humanities & Arts,-0.5123889452832,900700.743459977,17,2,2022,2023,0.900700743459977
I430S16C348J1V1,ANIMACION DIGITAL Y VIDEOJUEGOS,CFT INACAP,Humanities & Arts,-0.511871873504587,900700.743459977,36,4,2022,2025,0.900700743459977
I116S6C46J1V1,COMUNICACION AUDIOVISUAL DIGITAL,IP SANTO TOMAS,Humanities & Arts,-0.511808256031111,1146130.2977352,104,5,2021,2025,1.1461302977352
I430S33C292J1V1,DISEÑO Y PRODUCCION GRAFICA,CFT INACAP,Humanities & Arts,-0.511415745238835,852749.891398609,10,1,2022,2022,0.852749891398609
I430S27C349J2V1,DISEÑO DIGITAL Y WEB,CFT INACAP,Humanities & Arts,-0.509051049828693,900700.743459977,10,4,2022,2025,0.900700743459977
I111S6C10J1V1,DISEÑO DE AMBIENTES,IP DUOC UC,Humanities & Arts,-0.505313279756199,955913.130157575,91,4,2022,2025,0.955913130157575
I81S1C496J1V1,TRADUCCION INGLES CASTELLANO INGLES MENCION FRANCES,UNIVERSIDAD ARTURO PRAT,Humanities & Arts,-0.502888172318973,994760.625812587,61,4,2022,2025,0.994760625812587
I430S3C349J1V1,DISEÑO DIGITAL Y WEB,CFT INACAP,Humanities & Arts,-0.502269386202589,900700.743459977,26,4,2022,2025,0.900700743459977
I26S1C28J1V2,DISEÑO DE IMAGEN ESPECIALIDAD MODA,"UNIVERSIDAD DE ARTES, CIENCIAS Y COMUNICACION - UNIACC",Humanities & Arts,-0.501478796304113,1168052.24756508,39,2,2022,2023,1.16805224756508
I69S1C56J1V1,LICENCIATURA EN HISTORIA,UNIVERSIDAD ALBERTO HURTADO,Humanities & Arts,-0.497483259313674,1399383.69107166,40,4,2022,2025,1.39938369107166
I83S1C24J1V1,LICENCIATURA EN ARTE,UNIVERSIDAD DE PLAYA ANCHA DE CIENCIAS DE LA EDUCACION,Humanities & Arts,-0.497404170187465,808936.101611083,87,4,2022,2025,0.808936101611083
I430S1C349J1V1,DISEÑO DIGITAL Y WEB,CFT INACAP,Humanities & Arts,-0.493431458928248,900700.743459977,11,3,2022,2025,0.900700743459977
I116S32C185J1V1,TECNICO EN DISEÑO DE VIDEOJUEGOS,IP SANTO TOMAS,Humanities & Arts,-0.492005969231328,855290.695404167,16,4,2022,2025,0.855290695404167
I26S1C153J1V2,DISEÑO GRAFICO ESPECIALIDAD MULTIMEDIA,"UNIVERSIDAD DE ARTES, CIENCIAS Y COMUNICACION - UNIACC",Humanities & Arts,-0.487535649614568,1231163.77834414,36,2,2022,2023,1.23116377834414
I2S1C27J1V1,LICENCIATURA EN HISTORIA,UNIVERSIDAD FINIS TERRAE,Humanities & Arts,-0.487074601824499,1766519.97810454,33,4,2022,2025,1.76651997810454
I382S1C7J1V2,ILUSTRACION ARTISTICA,CFT ALPES,Humanities & Arts,-0.485835474199824,1443832.59911894,25,4,2022,2025,1.44383259911894
I111S3C39J1V1,DISEÑO GRAFICO,IP DUOC UC,Humanities & Arts,-0.482448607925296,1041030.87763769,102,4,2022,2025,1.04103087763769
I430S25C348J1V1,ANIMACION DIGITAL Y VIDEOJUEGOS,CFT INACAP,Humanities & Arts,-0.482052237963433,900700.743459977,17,3,2023,2025,0.900700743459977
I111S4C10J1V1,DISEÑO DE AMBIENTES,IP DUOC UC,Humanities & Arts,-0.481656117820442,955913.130157575,86,4,2022,2025,0.955913130157575
I430S22C340J1V1,TECNICO EN DISEÑO DIGITAL,CFT INACAP,Humanities & Arts,-0.48049077217633,900700.743459977,29,2,2022,2023,0.900700743459977
I20S2C36J1V1,LICENCIATURA EN LETRAS MENCION LITERATURA,UNIVERSIDAD ANDRES BELLO,Humanities & Arts,-0.47922601308558,905825.382804801,31,4,2022,2025,0.905825382804801
I430S24C349J1V1,DISEÑO DIGITAL Y WEB,CFT INACAP,Humanities & Arts,-0.478033887177754,900700.743459977,23,4,2022,2025,0.900700743459977
I143S24C110J1V1,DISEÑO DE VESTUARIO PROFESIONAL MENCION ALTA COSTURA,IP AIEP,Humanities & Arts,-0.477921763128684,955913.130157575,43,5,2021,2025,0.955913130157575
I111S6C38J1V1,COMUNICACION AUDIOVISUAL,IP DUOC UC,Humanities & Arts,-0.475144121606541,1146130.2977352,218,5,2021,2025,1.1461302977352
I100S31C317J1V1,DISEÑO DIGITAL PROFESIONAL,IP INACAP,Humanities & Arts,-0.469095766800416,1041030.87763769,19,5,2021,2025,1.04103087763769
I111S6C43J1V1,TECNICO AUDIOVISUAL,IP DUOC UC,Humanities & Arts,-0.465236442423531,887595.940500922,56,4,2022,2025,0.887595940500922
I111S15C318J1V1,ANIMACION DIGITAL,IP DUOC UC,Humanities & Arts,-0.46374229641124,950602.460564915,117,5,2021,2025,0.950602460564915
I430S28C292J1V1,DISEÑO Y PRODUCCION GRAFICA,CFT INACAP,Humanities & Arts,-0.45940399736959,852749.891398609,14,1,2022,2022,0.852749891398609
I69S1C76J1V1,BACHILLERATO EN HUMANIDADES,UNIVERSIDAD ALBERTO HURTADO,Humanities & Arts,-0.459087509908893,1399383.69107166,136,4,2022,2025,1.39938369107166
I83S1C68J1V1,TRADUCCION E INTERPRETACION INGLES-ESPAÑOL,UNIVERSIDAD DE PLAYA ANCHA DE CIENCIAS DE LA EDUCACION,Humanities & Arts,-0.455062343006195,918978.463993486,149,4,2022,2025,0.918978463993486
I69S1C31J1V1,LICENCIATURA EN LENGUA Y LITERATURA,UNIVERSIDAD ALBERTO HURTADO,Humanities & Arts,-0.452525849135443,906832.908562036,56,4,2022,2025,0.906832908562036
I430S2C340J1V1,TECNICO EN DISEÑO DIGITAL,CFT INACAP,Humanities & Arts,-0.44727561196081,900700.743459977,14,2,2022,2023,0.900700743459977
I430S29C349J1V1,DISEÑO DIGITAL Y WEB,CFT INACAP,Humanities & Arts,-0.446460752827856,900700.743459977,20,4,2022,2025,0.900700743459977
I100S33C317J1V1,DISEÑO DIGITAL PROFESIONAL,IP INACAP,Humanities & Arts,-0.445676862121495,1041030.87763769,19,4,2022,2025,1.04103087763769
I106S6C310J4V2,TECNICO DE NIVEL SUPERIOR EN DISEÑO GRAFICO DIGITAL,IP PROVIDENCIA,Humanities & Arts,-0.444299839832951,855290.695404161,14,4,2022,2025,0.855290695404161
I1S1C241J1V1,DISEÑO EN MARKETING DIGITAL,UNIVERSIDAD GABRIELA MISTRAL,Humanities & Arts,-0.443840907746322,1213419.45386355,18,4,2022,2025,1.21341945386355
I430S36C349J1V1,DISEÑO DIGITAL Y WEB,CFT INACAP,Humanities & Arts,-0.443708257390759,900700.743459977,12,3,2023,2025,0.900700743459977
I89S1C486J1V1,ILUSTRACION,PONTIFICIA UNIVERSIDAD CATOLICA DE VALPARAISO,Humanities & Arts,-0.436901544429623,1623738.23572842,21,2,2024,2025,1.62373823572842
I111S4C74J1V1,ACTUACION,IP DUOC UC,Humanities & Arts,-0.434054502575558,1443832.59911894,39,4,2022,2025,1.44383259911894
I143S15C110J1V1,DISEÑO DE VESTUARIO PROFESIONAL MENCION ALTA COSTURA,IP AIEP,Humanities & Arts,-0.433678710609811,955913.130157575,40,4,2022,2025,0.955913130157575
I111S6C74J1V1,ACTUACION,IP DUOC UC,Humanities & Arts,-0.431699757432253,1443832.59911894,98,4,2022,2025,1.44383259911894
I143S2C84J1V1,DISEÑO GRAFICO PROFESIONAL,IP AIEP,Humanities & Arts,-0.43079437228096,1041030.87763769,14,4,2022,2025,1.04103087763769
I83S1C74J1V1,TEATRO,UNIVERSIDAD DE PLAYA ANCHA DE CIENCIAS DE LA EDUCACION,Humanities & Arts,-0.428821098035823,1121110.11544918,17,3,2022,2024,1.12111011544918
I100S13C317J1V1,DISEÑO DIGITAL PROFESIONAL,IP INACAP,Humanities & Arts,-0.421402150864503,1041030.87763769,32,4,2022,2025,1.04103087763769
I73S2C246J1V1,ARTES ESCENICAS,UNIVERSIDAD DE ANTOFAGASTA,Humanities & Arts,-0.420422252921408,1764829.02476288,50,4,2022,2025,1.76482902476288
I106S6C295J4V1,TECNICO EN ANIMACION DIGITAL,IP PROVIDENCIA,Humanities & Arts,-0.419875562913748,855290.695404167,27,2,2022,2023,0.855290695404167
I111S6C11J1V1,DISEÑO DE VESTUARIO,IP DUOC UC,Humanities & Arts,-0.419676215131081,955913.130157575,142,4,2022,2025,0.955913130157575
I143S2C22J1V2,TECNICO EN DISEÑO DE VESTUARIO,IP AIEP,Humanities & Arts,-0.417252737356739,1443832.59911894,14,3,2023,2025,1.44383259911894
I144S10C42J1V1,ANIMACION 3D,IP ARCOS,Humanities & Arts,-0.415354430217468,950602.460564915,53,4,2021,2024,0.950602460564915
I20S2C35J1V1,LICENCIATURA EN HISTORIA,UNIVERSIDAD ANDRES BELLO,Humanities & Arts,-0.414929029827501,1601378.67824294,18,4,2022,2025,1.60137867824294
I26S1C153J1V3,DISEÑO GRAFICO ESPECIALIDAD MULTIMEDIA,"UNIVERSIDAD DE ARTES, CIENCIAS Y COMUNICACION - UNIACC",Humanities & Arts,-0.412835465225344,1231163.77834414,27,4,2022,2025,1.23116377834414
I19S1C11J1V2,DISEÑO,UNIVERSIDAD DE LAS AMERICAS,Humanities & Arts,-0.411995618691776,1159682.21449417,27,4,2022,2025,1.15968221449417
I19S5C62J1V2,TRADUCCION E INTERPRETACION EN INGLES,UNIVERSIDAD DE LAS AMERICAS,Humanities & Arts,-0.404967103812582,951706.977069442,141,5,2021,2025,0.951706977069442
I111S4C67J1V1,ILUSTRACION,IP DUOC UC,Humanities & Arts,-0.402365501010635,1443832.59911894,66,5,2021,2025,1.44383259911894
I143S2C701J1V1,TECNICO EN ANIMACION 3D,IP AIEP,Humanities & Arts,-0.401150001447549,855290.695404167,11,3,2022,2024,0.855290695404167
I144S1C41J1V1,ILUSTRACION,IP ARCOS,Humanities & Arts,-0.400023960473767,1443832.59911894,193,4,2021,2024,1.44383259911894
I116S39C47J1V1,ANIMACION DIGITAL Y MULTIMEDIA,IP SANTO TOMAS,Humanities & Arts,-0.399493153867565,950602.460564915,262,5,2021,2025,0.950602460564915
I3S1C48J1V1,LICENCIATURA EN HISTORIA,UNIVERSIDAD DIEGO PORTALES,Humanities & Arts,-0.396195277215582,1754902.81366298,54,4,2022,2025,1.75490281366298
I111S4C11J1V1,DISEÑO DE VESTUARIO,IP DUOC UC,Humanities & Arts,-0.39587507630228,955913.130157575,141,5,2021,2025,0.955913130157575
I143S26C110J1V1,DISEÑO DE VESTUARIO PROFESIONAL MENCION ALTA COSTURA,IP AIEP,Humanities & Arts,-0.395634144026183,955913.130157575,106,4,2022,2025,0.955913130157575
I100S24C317J1V1,DISEÑO DIGITAL PROFESIONAL,IP INACAP,Humanities & Arts,-0.395073611759996,1041030.87763769,30,5,2021,2025,1.04103087763769
I85S1C61J1V1,DISEÑO EN COMUNICACION VISUAL,UNIVERSIDAD TECNOLOGICA METROPOLITANA,Humanities & Arts,-0.392378675830139,1153458.96085016,167,4,2022,2025,1.15345896085016
I144S1C155J1V1,PRODUCCION MUSICAL,IP ARCOS,Humanities & Arts,-0.383021789059292,1443832.59911894,88,4,2021,2024,1.44383259911894
I11S2C233J1V1,ARTES Y OFICIOS,UNIVERSIDAD ACADEMIA DE HUMANISMO CRISTIANO,Humanities & Arts,-0.372752477171029,884916.126905517,20,3,2022,2024,0.884916126905517
I73S2C198J1V1,DISEÑO GRAFICO MENCION DISEÑO ESTRATEGICO,UNIVERSIDAD DE ANTOFAGASTA,Humanities & Arts,-0.372098816196479,1202235.35265452,109,4,2022,2025,1.20223535265452
I144S1C46J1V1,COMPOSICION MUSICAL,IP ARCOS,Humanities & Arts,-0.370582574065404,1443832.59911894,33,3,2022,2024,1.44383259911894
I100S35C317J1V1,DISEÑO DIGITAL PROFESIONAL,IP INACAP,Humanities & Arts,-0.370555732784651,1041030.87763769,27,4,2022,2025,1.04103087763769
I26S1C32J1V2,TRADUCCION E INTERPRETARIADO BILINGÜE INGLES-ESPAÑOL,"UNIVERSIDAD DE ARTES, CIENCIAS Y COMUNICACION - UNIACC",Humanities & Arts,-0.365897701289829,1130408.40403655,144,4,2022,2025,1.13040840403655
I22S1C380J1V1,ANIMACION DIGITAL,UNIVERSIDAD DE VIÑA DEL MAR,Humanities & Arts,-0.354837224964183,936065.188342621,23,4,2022,2025,0.936065188342621
I111S3C318J1V1,ANIMACION DIGITAL,IP DUOC UC,Humanities & Arts,-0.3535500339687,950602.460564915,85,4,2022,2025,0.950602460564915
I116S8C40J1V1,DISEÑO GRAFICO,IP SANTO TOMAS,Humanities & Arts,-0.352683440279495,1041030.87763769,50,4,2022,2025,1.04103087763769
I143S13C22J1V2,TECNICO EN DISEÑO DE VESTUARIO,IP AIEP,Humanities & Arts,-0.349870542988609,1443832.59911894,26,4,2022,2025,1.44383259911894
I137S1C1J1V1,TRADUCCION E INTERPRETARIADO SIMULTANEO Y CONSECUTIVO INGLES-CASTELLANO,IP EATRI,Humanities & Arts,-0.348246170282522,955913.130157589,11,3,2022,2024,0.955913130157589
I26S1C5J1V3,COMUNICACION AUDIOVISUAL ESPECIALIDAD CINE,"UNIVERSIDAD DE ARTES, CIENCIAS Y COMUNICACION - UNIACC",Humanities & Arts,-0.345930218877633,1254043.95793915,60,4,2022,2025,1.25404395793915
I144S10C41J1V1,ILUSTRACION,IP ARCOS,Humanities & Arts,-0.343816357798909,1443832.59911894,111,3,2022,2024,1.44383259911894
I111S4C318J2V1,ANIMACION DIGITAL,IP DUOC UC,Humanities & Arts,-0.342184139132682,950602.460564915,30,3,2023,2025,0.950602460564915
I137S1C11J1V1,INTERPRETACION DE ENLACE INGLES-CASTELLANO,IP EATRI,Humanities & Arts,-0.340962001660406,855290.695404157,33,4,2021,2024,0.855290695404157
I143S9C22J1V2,TECNICO EN DISEÑO DE VESTUARIO,IP AIEP,Humanities & Arts,-0.338519046519335,1443832.59911894,16,3,2022,2024,1.44383259911894
I111S6C67J1V1,ILUSTRACION,IP DUOC UC,Humanities & Arts,-0.335449783545818,1443832.59911894,94,4,2022,2025,1.44383259911894
I111S4C318J1V1,ANIMACION DIGITAL,IP DUOC UC,Humanities & Arts,-0.334475923405994,950602.460564915,123,4,2022,2025,0.950602460564915
I79S1C229J1V1,LICENCIATURA EN TRADUCTOLOGIA Y TRADUCTOR E INTERPRETE INGLES-ESPAÑOL,UNIVERSIDAD DE ATACAMA,Humanities & Arts,-0.333673201763096,1097978.88043602,96,4,2022,2025,1.09797888043602
I137S1C45J1V1,TECNICO EN INTERPRETACION DE ENLACE INGLES ESPAÑOL,IP EATRI,Humanities & Arts,-0.3333463489081,855290.695404157,13,3,2022,2025,0.855290695404157
I22S1C258J1V2,DISEÑO,UNIVERSIDAD DE VIÑA DEL MAR,Humanities & Arts,-0.331540837109045,1102290.04497855,58,4,2022,2025,1.10229004497855
I19S4C5J1V1,COMUNICACION AUDIOVISUAL Y MULTIMEDIA,UNIVERSIDAD DE LAS AMERICAS,Humanities & Arts,-0.331466834743849,1055797.51535878,138,4,2022,2025,1.05579751535878
I39S6C501J1V1,LICENCIATURA EN LITERATURA,UNIVERSIDAD SAN SEBASTIAN,Humanities & Arts,-0.327988400920315,896026.829276504,13,3,2022,2024,0.896026829276504
I430S12C292J1V1,DISEÑO Y PRODUCCION GRAFICA,CFT INACAP,Humanities & Arts,-0.321960672408096,852749.891398609,16,1,2022,2022,0.852749891398609
I80S1C22J1V1,LICENCIATURA EN INGLES,UNIVERSIDAD DE TARAPACA,Humanities & Arts,-0.3211302793411,1663632.76142587,105,4,2022,2025,1.66363276142587
I430S16C292J1V1,DISEÑO Y PRODUCCION GRAFICA,CFT INACAP,Humanities & Arts,-0.321010165319842,852749.891398609,15,1,2022,2022,0.852749891398609
I129S1C5J1V1,INTERPRETE EN CANTO POPULAR,IP ESCUELA MODERNA DE MUSICA,Humanities & Arts,-0.31837777042465,1443832.59911894,25,3,2022,2024,1.44383259911894
I100S30C317J1V1,DISEÑO DIGITAL PROFESIONAL,IP INACAP,Humanities & Arts,-0.316759233584894,1041030.87763769,38,4,2022,2025,1.04103087763769
I144S10C155J1V1,PRODUCCION MUSICAL,IP ARCOS,Humanities & Arts,-0.316540083801542,1443832.59911894,33,3,2022,2024,1.44383259911894
I100S23C317J1V1,DISEÑO DIGITAL PROFESIONAL,IP INACAP,Humanities & Arts,-0.316296863634046,1041030.87763769,15,4,2022,2025,1.04103087763769
I137S1C23J1V1,"TECNICO EN INGLES, MENCION HOTELERIA Y TURISMO",IP EATRI,Humanities & Arts,-0.313702377134491,855290.695404157,15,4,2022,2025,0.855290695404157
I116S39C50J2V1,TECNICO EN COMUNICACION AUDIOVISUAL DIGITAL,IP SANTO TOMAS,Humanities & Arts,-0.306758212228122,887595.940500922,14,3,2022,2024,0.887595940500922
I137S1C5J1V1,TRADUCTOR E INTERPRETE DE ENLACE MENCION INGLES-ALEMAN,IP EATRI,Humanities & Arts,-0.304793719182073,955913.130157589,14,4,2021,2024,0.955913130157589
I39S2C460J1V1,BACHILLERATO EN HUMANIDADES Y CIENCIAS SOCIALES,UNIVERSIDAD SAN SEBASTIAN,Humanities & Arts,-0.304225934707177,1567846.62593857,76,4,2022,2025,1.56784662593857
I45S4C1149J1V1,BACHILLERATO EN DISEÑO,UNIVERSIDAD DEL DESARROLLO,Humanities & Arts,-0.30157413720961,1352575.47111326,51,4,2022,2025,1.35257547111326
I20S2C55J1V1,ARTES VISUALES,UNIVERSIDAD ANDRES BELLO,Humanities & Arts,-0.299885011434601,873719.911535528,74,4,2022,2025,0.873719911535528
I22S1C108J1V2,CINE Y COMUNICACION AUDIOVISUAL,UNIVERSIDAD DE VIÑA DEL MAR,Humanities & Arts,-0.298640655356757,799214.57113065,38,3,2022,2024,0.79921457113065
I11S2C10J1V1,DANZA,UNIVERSIDAD ACADEMIA DE HUMANISMO CRISTIANO,Humanities & Arts,-0.297181986553849,1298288.62823204,94,4,2022,2025,1.29828862823204
I26S1C37J1V2,DANZA Y COREOGRAFIA,"UNIVERSIDAD DE ARTES, CIENCIAS Y COMUNICACION - UNIACC",Humanities & Arts,-0.296364992272893,1304255.99649554,179,4,2022,2025,1.30425599649554
I137S1C9J1V1,TRADUCTOR E INTERPRETE DE ENLACE MENCION INGLES-FRANCES,IP EATRI,Humanities & Arts,-0.293755671315874,955913.130157589,14,2,2022,2023,0.955913130157589
I144S10C49J1V1,DISEÑO DE VIDEO JUEGOS,IP ARCOS,Humanities & Arts,-0.290117051368326,1041030.87763769,37,3,2022,2024,1.04103087763769
I430S27C348J2V1,ANIMACION DIGITAL Y VIDEOJUEGOS,CFT INACAP,Humanities & Arts,-0.281923829149186,900700.743459977,32,5,2021,2025,0.900700743459977
I94S1C29J1V1,TRADUCCION INGLES-ESPAÑOL,UNIVERSIDAD CATOLICA DE TEMUCO,Humanities & Arts,-0.280711745279195,954074.647192823,130,4,2022,2025,0.954074647192823
I11S2C155J1V1,CINE Y ARTES AUDIOVISUALES,UNIVERSIDAD ACADEMIA DE HUMANISMO CRISTIANO,Humanities & Arts,-0.270188831203895,888170.772510917,46,3,2022,2024,0.888170772510917
I19S1C62J1V2,TRADUCCION E INTERPRETACION EN INGLES,UNIVERSIDAD DE LAS AMERICAS,Humanities & Arts,-0.268192993219362,951706.977069442,412,4,2022,2025,0.951706977069442
I714S2C2J1V1,CINE,IP ESCUELA DE CINE DE CHILE,Humanities & Arts,-0.267811428505649,1056535.56491102,20,3,2022,2024,1.05653556491102
I129S2C4J1V1,INTERPRETE INSTRUMENTAL MENCION (INSTRUMENTO POPULAR),IP ESCUELA MODERNA DE MUSICA,Humanities & Arts,-0.259207522389654,1443832.59911894,10,3,2022,2024,1.44383259911894
I26S1C28J1V3,DISEÑO DE IMAGEN ESPECIALIDAD MODA,"UNIVERSIDAD DE ARTES, CIENCIAS Y COMUNICACION - UNIACC",Humanities & Arts,-0.2569649251751,1168052.24756508,41,4,2022,2025,1.16805224756508
I430S21C340J1V1,TECNICO EN DISEÑO DIGITAL,CFT INACAP,Humanities & Arts,-0.255209736109332,900700.743459977,10,2,2022,2023,0.900700743459977
I31S2C255J1V1,LICENCIATURA EN ARTES VISUALES,UNIVERSIDAD AUTONOMA DE CHILE,Humanities & Arts,-0.253315485385186,811867.030372871,100,4,2022,2025,0.811867030372871
I72S1C147J1V1,TEATRO,UNIVERSIDAD DE VALPARAISO,Humanities & Arts,-0.250865010210787,1643073.16398989,82,4,2022,2025,1.64307316398989
I111S2C487J1V1,RESTAURACION DE BIENES PATRIMONIALES,IP DUOC UC,Humanities & Arts,-0.244527058530744,1443832.59911894,13,4,2022,2025,1.44383259911894
I72S1C237J1V1,DISEÑO,UNIVERSIDAD DE VALPARAISO,Humanities & Arts,-0.238312974966807,1251617.31777433,275,4,2022,2025,1.25161731777433
I80S1C128J1V1,DISEÑO MULTIMEDIA,UNIVERSIDAD DE TARAPACA,Humanities & Arts,-0.232731226771104,1047798.58192349,140,4,2022,2025,1.04779858192349
I2S1C4J1V1,DISEÑO,UNIVERSIDAD FINIS TERRAE,Humanities & Arts,-0.23270254520307,1334841.7720564,216,5,2021,2025,1.3348417720564
I2S1C26J1V1,LICENCIATURA EN ARTES VISUALES,UNIVERSIDAD FINIS TERRAE,Humanities & Arts,-0.231579914005271,964279.48934547,168,5,2021,2025,0.96427948934547
I111S6C318J1V1,ANIMACION DIGITAL,IP DUOC UC,Humanities & Arts,-0.227937642502102,950602.460564915,167,4,2022,2025,0.950602460564915
I144S1C49J1V1,DISEÑO DE VIDEO JUEGOS,IP ARCOS,Humanities & Arts,-0.225999089067,1041030.87763769,45,3,2022,2024,1.04103087763769
I10S5C297J1V1,DISEÑO MENCION INDUSTRIAL/GRAFICO/AMBIENTES,UNIVERSIDAD MAYOR,Humanities & Arts,-0.22523982501046,1241558.14242885,174,4,2022,2025,1.24155814242885
I89S3C200J1V1,LICENCIATURA EN ARTE,PONTIFICIA UNIVERSIDAD CATOLICA DE VALPARAISO,Humanities & Arts,-0.225117130522544,867602.844905673,127,4,2022,2025,0.867602844905673
I26S1C6J1V2,TEATRO Y COMUNICACION ESCENICA,"UNIVERSIDAD DE ARTES, CIENCIAS Y COMUNICACION - UNIACC",Humanities & Arts,-0.212713568594143,1304255.99649554,148,5,2021,2025,1.30425599649554
I89S3C431J1V1,LICENCIATURA EN HISTORIA,PONTIFICIA UNIVERSIDAD CATOLICA DE VALPARAISO,Humanities & Arts,-0.209627725651367,1623738.23572842,77,4,2022,2025,1.62373823572842
I1S1C238J1V1,DISEÑO EN INTERACCION DIGITAL,UNIVERSIDAD GABRIELA MISTRAL,Humanities & Arts,-0.203865341770865,1213419.45386355,13,4,2022,2025,1.21341945386355
I1S1C237J1V1,DISEÑO EN ANIMACION DIGITAL,UNIVERSIDAD GABRIELA MISTRAL,Humanities & Arts,-0.202820189536113,1213419.45386355,89,4,2022,2025,1.21341945386355
I3S1C126J1V2,ARTES VISUALES,UNIVERSIDAD DIEGO PORTALES,Humanities & Arts,-0.198930760439882,948885.194227171,141,4,2022,2025,0.948885194227171
I26S1C52J1V2,COMUNICACION AUDIOVISUAL ESPECIALIDAD TELEVISION,"UNIVERSIDAD DE ARTES, CIENCIAS Y COMUNICACION - UNIACC",Humanities & Arts,-0.193687578017762,1254043.95793915,18,2,2022,2023,1.25404395793915
I94S1C242J1V1,ARQUEOLOGIA,UNIVERSIDAD CATOLICA DE TEMUCO,Humanities & Arts,-0.192194504179935,1194898.11151824,59,4,2022,2025,1.19489811151824
I11S2C64J1V1,TEATRO,UNIVERSIDAD ACADEMIA DE HUMANISMO CRISTIANO,Humanities & Arts,-0.188943905612188,1298288.62823204,25,3,2022,2024,1.29828862823204
I71S1C396J1V3,LICENCIATURA EN HISTORIA,UNIVERSIDAD DE SANTIAGO DE CHILE,Humanities & Arts,-0.188423255130817,1862549.17557968,83,4,2022,2025,1.86254917557968
I430S21C349J1V1,DISEÑO DIGITAL Y WEB,CFT INACAP,Humanities & Arts,-0.182863420936453,900700.743459977,27,3,2023,2025,0.900700743459977
I94S1C4J1V1,DISEÑO,UNIVERSIDAD CATOLICA DE TEMUCO,Humanities & Arts,-0.174227333768608,1162567.28836462,151,4,2022,2025,1.16256728836462
I87S1C5J1V1,BACHILLERATO EN HUMANIDADES,UNIVERSIDAD DE CONCEPCION,Humanities & Arts,-0.164856795482229,1618714.97897171,89,4,2022,2025,1.61871497897171
I11S2C212J1V1,INTERPRETACION MUSICAL,UNIVERSIDAD ACADEMIA DE HUMANISMO CRISTIANO,Humanities & Arts,-0.16269385244793,1298288.62823204,55,4,2022,2025,1.29828862823204
I94S1C45J1V1,LICENCIATURA EN ARTES VISUALES,UNIVERSIDAD CATOLICA DE TEMUCO,Humanities & Arts,-0.159425266881098,839829.719613105,100,4,2022,2025,0.839829719613105
I26S1C5J1V2,COMUNICACION AUDIOVISUAL ESPECIALIDAD CINE,"UNIVERSIDAD DE ARTES, CIENCIAS Y COMUNICACION - UNIACC",Humanities & Arts,-0.159416152988096,1254043.95793915,60,3,2021,2023,1.25404395793915
I72S1C113J1V1,CINE,UNIVERSIDAD DE VALPARAISO,Humanities & Arts,-0.159071512191565,907484.198375544,129,4,2022,2025,0.907484198375544
I26S1C90J1V3,COMUNICACION DIGITAL ESPECIALIDAD ANIMACION DIGITAL,"UNIVERSIDAD DE ARTES, CIENCIAS Y COMUNICACION - UNIACC",Humanities & Arts,-0.153549731387113,1254043.95793915,61,4,2022,2025,1.25404395793915
I74S1C74J1V1,LICENCIATURA EN MUSICA,UNIVERSIDAD DE LA SERENA,Humanities & Arts,-0.140957346557275,1628494.89137712,25,2,2022,2023,1.62849489137712
I22S1C108J3V2,CINE Y COMUNICACION AUDIOVISUAL,UNIVERSIDAD DE VIÑA DEL MAR,Humanities & Arts,-0.138692009438651,799214.57113065,10,2,2024,2025,0.79921457113065
I26S1C90J1V2,COMUNICACION DIGITAL ESPECIALIDAD ANIMACION DIGITAL,"UNIVERSIDAD DE ARTES, CIENCIAS Y COMUNICACION - UNIACC",Humanities & Arts,-0.13382551524362,1254043.95793915,59,2,2022,2023,1.25404395793915
I90S2C613J1V1,ARQUEOLOGIA,UNIVERSIDAD AUSTRAL DE CHILE,Humanities & Arts,-0.126856831943317,1595374.62639613,69,4,2022,2025,1.59537462639613
I74S1C63J1V1,TRADUCCION INGLES ESPAÑOL,UNIVERSIDAD DE LA SERENA,Humanities & Arts,-0.126333127886379,948476.03146412,76,4,2022,2025,0.94847603146412
I2S1C525J1V1,ACTUACION Y CREACION TEATRAL,UNIVERSIDAD FINIS TERRAE,Humanities & Arts,-0.123886755546249,1766519.97810454,59,4,2022,2025,1.76651997810454
I39S6C503J1V1,LICENCIATURA EN ARTE Y CONSERVACION DEL PATRIMONIO,UNIVERSIDAD SAN SEBASTIAN,Humanities & Arts,-0.121713469118076,864268.651409199,20,4,2022,2025,0.864268651409199
I75S2C5J1V3,DISEÑO GRAFICO,UNIVERSIDAD DEL BIO-BIO,Humanities & Arts,-0.121536506551299,1008713.16759192,135,4,2022,2025,1.00871316759192
I2S1C607J1V1,DISEÑO DE MODA Y MANAGEMENT,UNIVERSIDAD FINIS TERRAE,Humanities & Arts,-0.114831047036836,1131933.5624848,48,3,2023,2025,1.1319335624848
I89S1C487J1V1,PRODUCCION MUSICAL,PONTIFICIA UNIVERSIDAD CATOLICA DE VALPARAISO,Humanities & Arts,-0.113952688512329,1623738.23572842,14,2,2024,2025,1.62373823572842
I90S1C131J1V2,LICENCIATURA EN ARTES VISUALES,UNIVERSIDAD AUSTRAL DE CHILE,Humanities & Arts,-0.112033112130338,869906.74327265,88,4,2022,2025,0.86990674327265
I11S2C70J1V1,PRODUCCION MUSICAL,UNIVERSIDAD ACADEMIA DE HUMANISMO CRISTIANO,Humanities & Arts,-0.109858408682831,1298288.62823204,91,4,2022,2025,1.29828862823204
I73S2C247J1V1,MUSICA,UNIVERSIDAD DE ANTOFAGASTA,Humanities & Arts,-0.104930218777731,1764829.02476288,46,4,2022,2025,1.76482902476288
I26S1C171J1V2,COMUNICACION DIGITAL ESPECIALIDAD DISEÑO Y DESARROLLO DE VIDEOJUEGOS,"UNIVERSIDAD DE ARTES, CIENCIAS Y COMUNICACION - UNIACC",Humanities & Arts,-0.102754821393405,1254043.95793915,36,2,2022,2023,1.25404395793915
I20S2C17J1V1,DISEÑO GRAFICO,UNIVERSIDAD ANDRES BELLO,Humanities & Arts,-0.095798020175689,1081045.07222487,122,4,2022,2025,1.08104507222487
I26S1C126J1V2,MUSICA Y COMPOSICION,"UNIVERSIDAD DE ARTES, CIENCIAS Y COMUNICACION - UNIACC",Humanities & Arts,-0.0902869575186088,1304255.99649554,162,4,2022,2025,1.30425599649554
I90S1C604J1V1,DISEÑO,UNIVERSIDAD AUSTRAL DE CHILE,Humanities & Arts,-0.0868893971624544,1204202.59016611,124,4,2022,2025,1.20420259016611
I34S1C244J1V2,BACHILLERATO EN HUMANIDADES,UNIVERSIDAD DE LOS ANDES,Humanities & Arts,-0.0813873916459581,1991843.67195984,19,3,2022,2024,1.99184367195984
I26S1C154J1V2,MUSICA E INTERPRETACION,"UNIVERSIDAD DE ARTES, CIENCIAS Y COMUNICACION - UNIACC",Humanities & Arts,-0.0696961342581799,1304255.99649554,56,4,2022,2025,1.30425599649554
I129S1C8J1V1,INTERPRETE EN DANZA,IP ESCUELA MODERNA DE MUSICA,Humanities & Arts,-0.05542008542267,1443832.59911894,107,4,2022,2025,1.44383259911894
I89S1C479J1V1,DESARROLLO DE VIDEOJUEGOS Y SIMULACION VIRTUAL,PONTIFICIA UNIVERSIDAD CATOLICA DE VALPARAISO,Humanities & Arts,-0.0550001078781622,1623738.23572842,28,3,2022,2025,1.62373823572842
I3S1C54J1V1,LITERATURA CREATIVA,UNIVERSIDAD DIEGO PORTALES,Humanities & Arts,-0.0471376399789554,983752.668275644,135,4,2022,2025,0.983752668275644
I87S1C14J1V1,LICENCIATURA EN HISTORIA,UNIVERSIDAD DE CONCEPCION,Humanities & Arts,-0.0451834469536057,1618714.97897171,66,4,2022,2025,1.61871497897171
I69S1C314J1V1,ARQUEOLOGIA,UNIVERSIDAD ALBERTO HURTADO,Humanities & Arts,-0.0419475067419797,1399383.69107166,127,4,2022,2025,1.39938369107166
I89S1C478J1V1,ANIMACION DIGITAL,PONTIFICIA UNIVERSIDAD CATOLICA DE VALPARAISO,Humanities & Arts,-0.0372650226451264,1019901.04374309,49,2,2024,2025,1.01990104374309
I11S2C152J1V1,COMPOSICION MUSICAL,UNIVERSIDAD ACADEMIA DE HUMANISMO CRISTIANO,Humanities & Arts,-0.0278471928705958,1298288.62823204,64,4,2022,2025,1.29828862823204
I38S1C37J1V1,TEOLOGIA,UNIVERSIDAD ADVENTISTA DE CHILE,Humanities & Arts,-0.0238684309795313,1331108.10473732,21,4,2022,2025,1.33110810473732
I20S4C345J1V1,DISEÑO DE JUEGOS DIGITALES,UNIVERSIDAD ANDRES BELLO,Humanities & Arts,-0.0212359220660439,1081045.07222487,24,3,2023,2025,1.08104507222487
I39S6C400J1V1,ANIMACION DIGITAL,UNIVERSIDAD SAN SEBASTIAN,Humanities & Arts,-0.0203204196455537,1015981.56901215,272,4,2022,2025,1.01598156901215
I82S1C167J1V1,LICENCIATURA EN MUSICA Y DIRECCION DE AGRUPACIONES MUSICALES INSTRUMENTALES,UNIVERSIDAD METROPOLITANA DE CIENCIAS DE LA EDUCACION,Humanities & Arts,-0.018336723720392,1255637.79703771,35,4,2022,2025,1.25563779703771
I90S1C597J1V1,ARTES MUSICALES Y SONORAS,UNIVERSIDAD AUSTRAL DE CHILE,Humanities & Arts,-0.017753697216026,1595374.62639613,78,4,2022,2025,1.59537462639613
I74S1C232J1V1,DISEÑO,UNIVERSIDAD DE LA SERENA,Humanities & Arts,-0.0144709186200617,1155745.21471927,133,5,2021,2025,1.15574521471927
I10S9C760J1V1,INTERPRETE MUSICAL SUPERIOR,UNIVERSIDAD MAYOR,Humanities & Arts,-0.00333074340031545,1602302.73904511,12,4,2022,2025,1.60230273904511
I129S1C30J1V1,PRODUCCION MUSICAL Y GESTION ARTISTICA,IP ESCUELA MODERNA DE MUSICA,Humanities & Arts,-0.00238584084295664,1443832.59911894,96,4,2022,2025,1.44383259911894
I693S0C18J1V1,TECNICO DE NIVEL SUPERIOR EN PRODUCCION MUSICAL,IP PROJAZZ,Humanities & Arts,0.00355357226012131,1443832.59911894,23,3,2022,2024,1.44383259911894
I89S3C404J1V1,LICENCIATURA EN LINGÜISTICA Y LITERATURA,PONTIFICIA UNIVERSIDAD CATOLICA DE VALPARAISO,Humanities & Arts,0.00571714803669262,899483.540129049,20,3,2023,2025,0.899483540129049
I19S1C3J1V1,ANIMACION DIGITAL,UNIVERSIDAD DE LAS AMERICAS,Humanities & Arts,0.00579545666250242,984802.643798882,453,4,2022,2025,0.984802643798882
I1S1C239J1V1,DISEÑO DE VIDEOJUEGOS,UNIVERSIDAD GABRIELA MISTRAL,Humanities & Arts,0.00592886460410912,1213419.45386355,36,4,2022,2025,1.21341945386355
I89S3C406J1V1,LICENCIATURA EN FILOSOFIA,PONTIFICIA UNIVERSIDAD CATOLICA DE VALPARAISO,Humanities & Arts,0.00775158946073523,1623738.23572842,23,3,2023,2025,1.62373823572842
I71S1C775J1V1,DISEÑO EN COMUNICACION VISUAL,UNIVERSIDAD DE SANTIAGO DE CHILE,Humanities & Arts,0.0191562045871805,1183377.83919153,98,4,2022,2025,1.18337783919153
I10S8C189J1V2,TEATRO,UNIVERSIDAD MAYOR,Humanities & Arts,0.0263512773018952,1602302.73904511,76,4,2022,2025,1.60230273904511
I89S3C51J1V1,INTERPRETACION O TRADUCCION INGLES-ESPAÑOL,PONTIFICIA UNIVERSIDAD CATOLICA DE VALPARAISO,Humanities & Arts,0.0287232496431764,985625.846318231,161,4,2022,2025,0.985625846318231
I70S1C74J1V1,TEORIA E HISTORIA DEL ARTE,UNIVERSIDAD DE CHILE,Humanities & Arts,0.0361421667733534,1049536.81828199,67,4,2022,2025,1.04953681828199
I10S5C186J1V1,CINE,UNIVERSIDAD MAYOR,Humanities & Arts,0.036417500894777,900190.800828967,130,4,2022,2025,0.900190800828967
I93S1C255J1V1,DIRECCION AUDIOVISUAL Y MULTIMEDIA,UNIVERSIDAD CATOLICA DE LA SANTISIMA CONCEPCION,Humanities & Arts,0.0387880158204309,990320.344246796,145,5,2021,2025,0.990320344246796
I78S1C337J1V1,LICENCIATURA EN INTERPRETACION Y FORMACION MUSICAL ESPECIALIZADA,UNIVERSIDAD DE TALCA,Humanities & Arts,0.039255973830789,1681686.19506456,75,4,2022,2025,1.68168619506456
I87S1C725J1V1,TEATRO,UNIVERSIDAD DE CONCEPCION,Humanities & Arts,0.0483075872503768,1618714.97897171,51,4,2022,2025,1.61871497897171
I70S1C81J1V1,LICENCIATURA EN FILOSOFIA,UNIVERSIDAD DE CHILE,Humanities & Arts,0.0494729605334164,1932926.01383074,157,4,2022,2025,1.93292601383074
I3S1C67J1V1,DISEÑO,UNIVERSIDAD DIEGO PORTALES,Humanities & Arts,0.0519999376864196,1313531.6141589,412,4,2022,2025,1.3135316141589
I3S1C538J1V1,CINE Y REALIZACION AUDIOVISUAL,UNIVERSIDAD DIEGO PORTALES,Humanities & Arts,0.0551781159295559,952375.112574823,160,4,2022,2025,0.952375112574823
I70S1C931J1V2,LICENCIATURA EN ARTES CON MENCION EN ARTES VISUALES,UNIVERSIDAD DE CHILE,Humanities & Arts,0.0701517015185326,1049536.81828199,59,4,2022,2025,1.04953681828199
I20S2C347J1V1,DISEÑO DE VESTUARIO Y TEXTIL,UNIVERSIDAD ANDRES BELLO,Humanities & Arts,0.0720699125493058,1025628.87939224,196,4,2022,2025,1.02562887939224
I87S1C259J1V1,ARTES VISUALES,UNIVERSIDAD DE CONCEPCION,Humanities & Arts,0.0894656130981069,883005.139722351,121,4,2022,2025,0.883005139722351
I17S2C283J1V1,DISEÑO Y DESARROLLO DE VIDEOJUEGOS,UNIVERSIDAD SEK,Humanities & Arts,0.0936622108754682,1167239.95529042,10,4,2021,2024,1.16723995529042
I70S1C67J1V1,DANZA,UNIVERSIDAD DE CHILE,Humanities & Arts,0.0962088586999987,1932926.01383074,75,4,2022,2025,1.93292601383074
I78S1C35J1V1,DISEÑO,UNIVERSIDAD DE TALCA,Humanities & Arts,0.0970220455682864,1205072.71815867,134,4,2022,2025,1.20507271815867
I129S1C4J1V2,INTERPRETE INSTRUMENTAL MENCION (INSTRUMENTO POPULAR),IP ESCUELA MODERNA DE MUSICA,Humanities & Arts,0.101779539356275,1443832.59911894,21,3,2023,2025,1.44383259911894
I129S1C4J1V1,INTERPRETE INSTRUMENTAL MENCION (INSTRUMENTO POPULAR),IP ESCUELA MODERNA DE MUSICA,Humanities & Arts,0.104689857310529,1443832.59911894,46,3,2022,2024,1.44383259911894
I26S1C171J1V3,COMUNICACION DIGITAL ESPECIALIDAD DISEÑO Y DESARROLLO DE VIDEOJUEGOS,"UNIVERSIDAD DE ARTES, CIENCIAS Y COMUNICACION - UNIACC",Humanities & Arts,0.127945336692068,1254043.95793915,19,4,2022,2025,1.25404395793915
I90S1C598J1V1,CREACION AUDIOVISUAL,UNIVERSIDAD AUSTRAL DE CHILE,Humanities & Arts,0.132887406890326,1595374.62639613,81,4,2022,2025,1.59537462639613
I89S3C367J1V1,DISEÑO,PONTIFICIA UNIVERSIDAD CATOLICA DE VALPARAISO,Humanities & Arts,0.133147348653779,1201013.32832575,159,4,2022,2025,1.20101332832575
I70S1C84J1V1,LICENCIATURA EN LINGÜISTICA Y LITERATURA INGLESAS,UNIVERSIDAD DE CHILE,Humanities & Arts,0.137974257204343,1088102.80919111,185,4,2022,2025,1.08810280919111
I39S2C400J1V1,ANIMACION DIGITAL,UNIVERSIDAD SAN SEBASTIAN,Humanities & Arts,0.140954992091452,1015981.56901215,210,4,2022,2025,1.01598156901215
I74S1C74J1V2,LICENCIATURA EN MUSICA,UNIVERSIDAD DE LA SERENA,Humanities & Arts,0.168418714884425,1628494.89137712,37,3,2023,2025,1.62849489137712
I70S1C842J1V1,ETAPA BASICA DE LA LICENCIATURA EN ARTES CON MENCION EN INTERPRETACION MUSICAL,UNIVERSIDAD DE CHILE,Humanities & Arts,0.193893508713337,1049536.81828199,32,5,2021,2025,1.04953681828199
I70S1C82J1V1,LICENCIATURA EN HISTORIA,UNIVERSIDAD DE CHILE,Humanities & Arts,0.201748212781496,1932926.01383074,234,4,2022,2025,1.93292601383074
I70S1C68J1V2,ACTUACION TEATRAL,UNIVERSIDAD DE CHILE,Humanities & Arts,0.20427322076903,1932926.01383074,67,4,2022,2025,1.93292601383074
I129S1C3J1V1,ESPECIALISTA EN ARREGLOS INSTRUMENTALES Y COMPOSICION DE MUSICA POPULAR,IP ESCUELA MODERNA DE MUSICA,Humanities & Arts,0.235619171785186,1443832.59911894,29,3,2022,2024,1.44383259911894
I90S1C52J1V1,INTERPRETACION MUSICAL,UNIVERSIDAD AUSTRAL DE CHILE,Humanities & Arts,0.247546418638612,1595374.62639613,16,3,2022,2024,1.59537462639613
I10S4C281J1V1,ANIMACION DIGITAL,UNIVERSIDAD MAYOR,Humanities & Arts,0.249173633038676,1054331.71761393,105,4,2022,2025,1.05433171761393
I89S1C200J1V1,LICENCIATURA EN ARTE,PONTIFICIA UNIVERSIDAD CATOLICA DE VALPARAISO,Humanities & Arts,0.249294087632413,867602.844905673,24,1,2022,2022,0.867602844905673
I70S1C70J1V1,DISEÑO TEATRAL,UNIVERSIDAD DE CHILE,Humanities & Arts,0.253827009806581,1932926.01383074,63,4,2022,2025,1.93292601383074
I89S3C410J1V1,LICENCIATURA EN CIENCIAS Y ARTES MUSICALES,PONTIFICIA UNIVERSIDAD CATOLICA DE VALPARAISO,Humanities & Arts,0.2538716589636,867602.844905673,44,3,2023,2025,0.867602844905673
I70S1C83J1V1,LICENCIATURA EN LINGÜISTICA Y LITERATURA,UNIVERSIDAD DE CHILE,Humanities & Arts,0.255784201447401,1088102.80919111,254,4,2022,2025,1.08810280919111
I89S1C367J1V1,DISEÑO,PONTIFICIA UNIVERSIDAD CATOLICA DE VALPARAISO,Humanities & Arts,0.256361387394488,1201013.32832575,34,1,2022,2022,1.20101332832575
I70S1C931J1V1,LICENCIATURA EN ARTES CON MENCION EN ARTES VISUALES,UNIVERSIDAD DE CHILE,Humanities & Arts,0.294039994949703,1049536.81828199,193,3,2022,2024,1.04953681828199
I89S1C51J1V1,INTERPRETACION O TRADUCCION INGLES-ESPAÑOL,PONTIFICIA UNIVERSIDAD CATOLICA DE VALPARAISO,Humanities & Arts,0.332286935109655,985625.846318231,42,1,2022,2022,0.985625846318231
I20S2C345J1V1,DISEÑO DE JUEGOS DIGITALES,UNIVERSIDAD ANDRES BELLO,Humanities & Arts,0.341172167289468,1081045.07222487,140,5,2021,2025,1.08104507222487
I693S0C0J1V2,INTERPRETE EN JAZZ Y MUSICA POPULAR,IP PROJAZZ,Humanities & Arts,0.354655269500969,1443832.59911894,59,4,2022,2025,1.44383259911894
I89S1C410J1V1,LICENCIATURA EN CIENCIAS Y ARTES MUSICALES,PONTIFICIA UNIVERSIDAD CATOLICA DE VALPARAISO,Humanities & Arts,0.367835169070109,867602.844905673,26,2,2022,2023,0.867602844905673
I34S1C201J1V1,LICENCIATURA EN LITERATURA,UNIVERSIDAD DE LOS ANDES,Humanities & Arts,0.387649875560274,1086423.1876489,35,4,2022,2025,1.0864231876489
I45S1C15J1V1,DISEÑO,UNIVERSIDAD DEL DESARROLLO,Humanities & Arts,0.39253259089867,1352575.47111326,126,4,2022,2025,1.35257547111326
I693S0C4J1V2,COMPOSICION MUSICAL,IP PROJAZZ,Humanities & Arts,0.416648881608324,1443832.59911894,37,4,2022,2025,1.44383259911894
I89S1C431J1V1,LICENCIATURA EN HISTORIA,PONTIFICIA UNIVERSIDAD CATOLICA DE VALPARAISO,Humanities & Arts,0.419624957847486,1623738.23572842,12,1,2022,2022,1.62373823572842
I86S3C982J1V1,LICENCIATURA EN INTERPRETACION MUSICAL,PONTIFICIA UNIVERSIDAD CATOLICA DE CHILE,Humanities & Arts,0.454566893410789,1771487.3163081,98,4,2022,2025,1.7714873163081
I71S1C46J1V1,LICENCIATURA EN LINGÜISTICA APLICADA A LA TRADUCCION MENCION INGLES-JAPONES O INGLES-PORTUGUES / TRADUCTOR INGLES-JAPONES O INGLES-PORTUGUES,UNIVERSIDAD DE SANTIAGO DE CHILE,Humanities & Arts,0.46876754315037,991571.685334328,160,4,2022,2025,0.991571685334328
I70S1C73J1V2,TEORIA DE LA MUSICA,UNIVERSIDAD DE CHILE,Humanities & Arts,0.493873640078384,1932926.01383074,60,4,2022,2025,1.93292601383074
I87S1C237J1V1,TRADUCCION/INTERPRETACION EN IDIOMAS EXTRANJEROS,UNIVERSIDAD DE CONCEPCION,Humanities & Arts,0.532248207712926,1003123.36831585,231,4,2022,2025,1.00312336831585
I129S1C37J1V1,COMPOSICION Y ARREGLOS DE MUSICA POPULAR,IP ESCUELA MODERNA DE MUSICA,Humanities & Arts,0.541273471453541,1443832.59911894,13,3,2023,2025,1.44383259911894
I10S8C281J1V1,ANIMACION DIGITAL,UNIVERSIDAD MAYOR,Humanities & Arts,0.552162860770925,1054331.71761393,197,4,2022,2025,1.05433171761393
I45S4C97J1V2,CINE,UNIVERSIDAD DEL DESARROLLO,Humanities & Arts,0.57683425656221,980683.831802776,114,4,2022,2025,0.980683831802776
I86S5C68J1V1,FILOSOFIA,PONTIFICIA UNIVERSIDAD CATOLICA DE CHILE,Humanities & Arts,0.57874824309857,1771487.3163081,76,4,2022,2025,1.7714873163081
I70S1C23J1V1,DISEÑO,UNIVERSIDAD DE CHILE,Humanities & Arts,0.579029508247,1452862.57960843,407,4,2022,2025,1.45286257960843
I86S5C258J1V1,LETRAS HISPANICAS,PONTIFICIA UNIVERSIDAD CATOLICA DE CHILE,Humanities & Arts,0.64307520969983,1083383.18325771,169,4,2022,2025,1.08338318325771
I34S1C247J1V1,COMUNICACION AUDIOVISUAL,UNIVERSIDAD DE LOS ANDES,Humanities & Arts,0.666976937971766,1320672.91668756,50,4,2022,2025,1.32067291668756
I70S1C80J1V4,LICENCIATURA EN ARTES CON MENCION EN COMPOSICION,UNIVERSIDAD DE CHILE,Humanities & Arts,0.673101990201227,1049536.81828199,13,4,2022,2025,1.04953681828199
I86S5C259J1V1,LETRAS INGLESAS,PONTIFICIA UNIVERSIDAD CATOLICA DE CHILE,Humanities & Arts,0.688369581665201,1083383.18325771,116,4,2022,2025,1.08338318325771
I70S1C455J1V1,CINE Y TELEVISION,UNIVERSIDAD DE CHILE,Humanities & Arts,0.747712298607797,1053396.92466887,227,4,2022,2025,1.05339692466887
I86S3C61J1V1,LICENCIATURA EN ARTE,PONTIFICIA UNIVERSIDAD CATOLICA DE CHILE,Humanities & Arts,0.78609307229111,1044984.47162524,264,4,2022,2025,1.04498447162524
I86S5C70J1V1,HISTORIA,PONTIFICIA UNIVERSIDAD CATOLICA DE CHILE,Humanities & Arts,0.802115290978362,1771487.3163081,165,4,2022,2025,1.7714873163081
I45S4C15J1V1,DISEÑO,UNIVERSIDAD DEL DESARROLLO,Humanities & Arts,0.813334817757768,1352575.47111326,170,3,2023,2025,1.35257547111326
I86S3C1J1V1,ACTUACION,PONTIFICIA UNIVERSIDAD CATOLICA DE CHILE,Humanities & Arts,0.855247885095684,1771487.3163081,129,4,2022,2025,1.7714873163081
I34S1C36J1V1,HISTORIA,UNIVERSIDAD DE LOS ANDES,Humanities & Arts,0.861807666345262,1991843.67195984,35,4,2022,2025,1.99184367195984
I45S2C15J1V1,DISEÑO,UNIVERSIDAD DEL DESARROLLO,Humanities & Arts,0.956027556162997,1352575.47111326,510,3,2022,2024,1.35257547111326
I45S2C97J1V1,CINE,UNIVERSIDAD DEL DESARROLLO,Humanities & Arts,0.959773694491257,980683.831802776,35,1,2022,2022,0.980683831802776
I86S3C75J1V2,LICENCIATURA EN MUSICA,PONTIFICIA UNIVERSIDAD CATOLICA DE CHILE,Humanities & Arts,1.06789248105988,1771487.3163081,42,4,2022,2025,1.7714873163081
I86S5C299J1V1,COLLEGE ARTES Y HUMANIDADES (LICENCIATURA),PONTIFICIA UNIVERSIDAD CATOLICA DE CHILE,Humanities & Arts,1.0708237013526,1044984.47162524,189,4,2022,2025,1.04498447162524
I86S4C31J1V1,DISEÑO,PONTIFICIA UNIVERSIDAD CATOLICA DE CHILE,Humanities & Arts,1.35249466820524,1446560.81487585,638,4,2022,2025,1.44656081487585
I34S1C4J1V2,FILOSOFIA,UNIVERSIDAD DE LOS ANDES,Humanities & Arts,1.52337230116975,1991843.67195984,24,4,2022,2025,1.99184367195984
I367S2C16J2V1,TECNICO EN PARVULOS Y BASICA,CFT SAN AGUSTIN,Teaching,-1.17174327736121,588694.438474472,15,3,2023,2025,0.588694438474472
I143S29C742J1V1,TECNICO EN EDUCACION PARVULARIA 1 Y 2 BASICO,IP AIEP,Teaching,-1.16288953801627,675666.991261811,11,3,2022,2025,0.675666991261811
I218S1C23J2V2,TECNICO EN EDUCACION PARVULOS 1 Y 2 BASICO,CFT DE ENAC,Teaching,-1.15496065347258,675432.437145088,25,4,2022,2025,0.675432437145088
I916S2C14J2V1,TECNICO DE NIVEL SUPERIOR EN ASISTENTE DEL EDUCADOR DE PARVULOS,CFT DE LA REGION DE LA ARAUCANIA,Teaching,-1.12301959045516,675666.991261811,10,4,2022,2025,0.675666991261811
I116S25C196J2V1,PSICOPEDAGOGIA,IP SANTO TOMAS,Teaching,-1.12276049228088,911415.523756792,10,4,2022,2025,0.911415523756792
I143S29C100J1V1,PSICOPEDAGOGIA,IP AIEP,Teaching,-1.1031406030176,911415.523756792,12,3,2022,2024,0.911415523756792
I94S1C559J1V1,TECNICO UNIVERSITARIO EN EDUCACION DIFERENCIAL,UNIVERSIDAD CATOLICA DE TEMUCO,Teaching,-1.10280616014209,701001.320755334,20,3,2023,2025,0.701001320755334
I456S5C49J1V1,EDUCACION DE PARVULOS,CFT CEDUC - UCN,Teaching,-1.10157102490012,730069.722316596,35,4,2022,2025,0.730069722316596
I94S1C539J1V1,TECNICO UNIVERSITARIO EN EDUCACION PARVULARIA Y NB1,UNIVERSIDAD CATOLICA DE TEMUCO,Teaching,-1.0963274300196,697293.360937199,55,4,2022,2025,0.697293360937199
I123S3C192J1V1,TECNICO EN EDUCACION DIFERENCIAL E INCLUSION,IP DE CHILE,Teaching,-1.08360450067405,654045.825897284,17,4,2022,2025,0.654045825897284
I143S31C742J1V1,TECNICO EN EDUCACION PARVULARIA 1 Y 2 BASICO,IP AIEP,Teaching,-1.06712855551496,675666.991261811,14,3,2022,2025,0.675666991261811
I143S25C29J1V1,ASISTENTE DE PARVULOS,IP AIEP,Teaching,-1.06523101475161,675666.991261811,10,3,2022,2024,0.675666991261811
I914S1C9J1V1,TECNICO DE NIVEL SUPERIOR EN EDUCACION DIFERENCIAL E INCLUSIVA,CFT DE LA REGION DEL MAULE,Teaching,-1.06182083145787,654045.825897284,12,4,2022,2025,0.654045825897284
I143S20C29J1V1,ASISTENTE DE PARVULOS,IP AIEP,Teaching,-1.05793477004421,675666.991261811,15,3,2022,2024,0.675666991261811
I143S12C29J1V1,ASISTENTE DE PARVULOS,IP AIEP,Teaching,-1.05557405523992,675666.991261811,14,3,2022,2024,0.675666991261811
I113S10C61J2V1,TECNICO DE NIVEL SUPERIOR EN EDUCACION PARVULARIA,IP IPG,Teaching,-1.05006666118379,675666.991261811,10,4,2022,2025,0.675666991261811
I143S23C469J1V1,TECNICO ASISTENTE EN EDUCACION ESPECIAL,IP AIEP,Teaching,-1.04166774796729,654045.825897284,14,4,2022,2025,0.654045825897284
I260S50C320J1V1,TECNICO EN EDUCACION PARVULARIA 1° Y 2° BASICO,CFT SANTO TOMAS,Teaching,-1.0413302027078,661619.892859978,55,5,2021,2025,0.661619892859978
I143S13C100J1V1,PSICOPEDAGOGIA,IP AIEP,Teaching,-1.03775828237811,911415.523756792,21,4,2022,2025,0.911415523756792
I902S1C9J1V1,TECNICO DE NIVEL SUPERIOR EN EDUCACION ESPECIAL,CFT DE LA REGION DE ARICA Y PARINACOTA,Teaching,-1.0363701217201,654045.825897284,12,4,2022,2025,0.654045825897284
I77S2C194J2V2,TECNICO DE NIVEL SUPERIOR EN EDUCACION PARVULARIA,UNIVERSIDAD DE MAGALLANES,Teaching,-1.03504590731303,744492.00208213,10,3,2022,2024,0.74449200208213
I143S23C742J1V1,TECNICO EN EDUCACION PARVULARIA 1 Y 2 BASICO,IP AIEP,Teaching,-1.03374438641877,675666.991261811,15,4,2022,2025,0.675666991261811
I260S43C320J1V1,TECNICO EN EDUCACION PARVULARIA 1° Y 2° BASICO,CFT SANTO TOMAS,Teaching,-1.02848358968122,661619.892859978,41,4,2022,2025,0.661619892859978
I155S2C100J1V1,PROGRAMA PARA TRABAJADORAS DE NIVEL DE EDUCACION PARVULARIA,IP LOS LEONES,Teaching,-1.0252611120783,675666.991261811,13,4,2022,2025,0.675666991261811
I902S1C40J1V1,TECNICO DE NIVEL SUPERIOR EN EDUCACION PARVULARIA Y PRIMER CICLO DE EDUCACION BASICA,CFT DE LA REGION DE ARICA Y PARINACOTA,Teaching,-1.02317917705558,675666.991261811,13,4,2022,2025,0.675666991261811
I260S8C79J1V1,TECNICO EN EDUCACION ESPECIAL,CFT SANTO TOMAS,Teaching,-1.0201053474039,665138.153774303,45,4,2022,2025,0.665138153774303
I456S2C49J1V1,EDUCACION DE PARVULOS,CFT CEDUC - UCN,Teaching,-1.01441285755538,730069.722316596,11,4,2022,2025,0.730069722316596
I117S1C70J4V1,TECNICO DE NIVEL SUPERIOR EN EDUCACION DIFERENCIAL,IP IACC,Teaching,-1.0124129267424,654045.825897284,11,4,2022,2025,0.654045825897284
I139S2C155J1V1,TECNICO EN EDUCACION DE PARVULOS,IP DR. VIRGINIO GOMEZ G.,Teaching,-1.01012301358185,675666.991261811,57,4,2022,2025,0.675666991261811
I94S1C214J1V3,TECNICO UNIVERSITARIO EN EDUCACION PARVULARIA,UNIVERSIDAD CATOLICA DE TEMUCO,Teaching,-1.00885140907102,697293.360937199,14,1,2022,2022,0.697293360937199
I139S3C155J1V1,TECNICO EN EDUCACION DE PARVULOS,IP DR. VIRGINIO GOMEZ G.,Teaching,-1.00390125768066,675666.991261811,78,5,2021,2025,0.675666991261811
I123S2C56J1V1,ASISTENTE EN EDUCACION DE PARVULOS,IP DE CHILE,Teaching,-1.00261928815847,675666.991261811,70,4,2022,2025,0.675666991261811
I450S1C54J1V1,EDUCACION DIFERENCIAL,CFT LOTA-ARAUCO,Teaching,-0.999048342021563,655362.082983905,26,4,2022,2025,0.655362082983905
I113S5C61J1V1,TECNICO DE NIVEL SUPERIOR EN EDUCACION PARVULARIA,IP IPG,Teaching,-0.998970902620201,675666.991261811,24,4,2022,2025,0.675666991261811
I260S12C320J1V1,TECNICO EN EDUCACION PARVULARIA 1° Y 2° BASICO,CFT SANTO TOMAS,Teaching,-0.989675779498593,661619.892859978,73,4,2022,2025,0.661619892859978
I123S5C192J1V1,TECNICO EN EDUCACION DIFERENCIAL E INCLUSION,IP DE CHILE,Teaching,-0.989104363779507,654045.825897284,17,4,2022,2025,0.654045825897284
I260S2C79J1V1,TECNICO EN EDUCACION ESPECIAL,CFT SANTO TOMAS,Teaching,-0.98770459475431,665138.153774303,67,4,2022,2025,0.665138153774303
I629S6C116J1V1,TECNICO DE NIVEL SUPERIOR EN EDUCACION PARVULARIA,CFT PUCV,Teaching,-0.987524696068147,678914.947620985,53,4,2022,2025,0.678914947620985
I629S2C116J1V1,TECNICO DE NIVEL SUPERIOR EN EDUCACION PARVULARIA,CFT PUCV,Teaching,-0.983995105224357,678914.947620985,19,4,2022,2025,0.678914947620985
I139S3C32J1V2,TECNICO EN EDUCACION DIFERENCIAL,IP DR. VIRGINIO GOMEZ G.,Teaching,-0.981894611210707,654045.825897284,42,5,2021,2025,0.654045825897284
I143S24C29J1V1,ASISTENTE DE PARVULOS,IP AIEP,Teaching,-0.979586961238892,675666.991261811,14,2,2022,2023,0.675666991261811
I260S12C79J1V1,TECNICO EN EDUCACION ESPECIAL,CFT SANTO TOMAS,Teaching,-0.979519521895302,665138.153774303,56,5,2021,2025,0.665138153774303
I260S3C79J1V1,TECNICO EN EDUCACION ESPECIAL,CFT SANTO TOMAS,Teaching,-0.978543623710227,665138.153774303,44,4,2022,2025,0.665138153774303
I143S26C29J1V1,ASISTENTE DE PARVULOS,IP AIEP,Teaching,-0.978491665682744,675666.991261811,17,3,2022,2024,0.675666991261811
I123S1C56J1V1,ASISTENTE EN EDUCACION DE PARVULOS,IP DE CHILE,Teaching,-0.973673561113864,675666.991261811,34,4,2022,2025,0.675666991261811
I123S2C192J1V1,TECNICO EN EDUCACION DIFERENCIAL E INCLUSION,IP DE CHILE,Teaching,-0.972581423374399,654045.825897284,39,4,2022,2025,0.654045825897284
I260S11C79J1V1,TECNICO EN EDUCACION ESPECIAL,CFT SANTO TOMAS,Teaching,-0.972207696714918,665138.153774303,44,4,2022,2025,0.665138153774303
I260S38C320J1V1,TECNICO EN EDUCACION PARVULARIA 1° Y 2° BASICO,CFT SANTO TOMAS,Teaching,-0.97082097835757,661619.892859978,76,4,2022,2025,0.661619892859978
I143S21C742J1V1,TECNICO EN EDUCACION PARVULARIA 1 Y 2 BASICO,IP AIEP,Teaching,-0.970778760650764,675666.991261811,26,4,2022,2025,0.675666991261811
I218S1C23J1V2,TECNICO EN EDUCACION PARVULOS 1 Y 2 BASICO,CFT DE ENAC,Teaching,-0.969044243362072,675432.437145088,207,5,2021,2025,0.675432437145088
I93S2C64J1V1,TECNICO UNIVERSITARIO EN EDUCACION DE PARVULOS,UNIVERSIDAD CATOLICA DE LA SANTISIMA CONCEPCION,Teaching,-0.968537543477997,652426.350579805,92,4,2022,2025,0.652426350579805
I93S4C64J1V1,TECNICO UNIVERSITARIO EN EDUCACION DE PARVULOS,UNIVERSIDAD CATOLICA DE LA SANTISIMA CONCEPCION,Teaching,-0.968457618122929,652426.350579805,56,4,2022,2025,0.652426350579805
I260S35C79J1V1,TECNICO EN EDUCACION ESPECIAL,CFT SANTO TOMAS,Teaching,-0.96787474374121,665138.153774303,19,4,2022,2025,0.665138153774303
I143S8C469J1V1,TECNICO ASISTENTE EN EDUCACION ESPECIAL,IP AIEP,Teaching,-0.967730851250456,654045.825897284,10,2,2022,2023,0.654045825897284
I280S15C380J1V2,TECNICO EN EDUCACION PARVULARIA Y PRIMER CICLO DE ENSEÑANZA GENERAL BASICA,CFT LOS LAGOS,Teaching,-0.966810068802059,662541.870579564,11,2,2022,2023,0.662541870579564
I143S8C100J1V1,PSICOPEDAGOGIA,IP AIEP,Teaching,-0.963746531960234,911415.523756792,15,3,2022,2024,0.911415523756792
I260S45C79J1V1,TECNICO EN EDUCACION ESPECIAL,CFT SANTO TOMAS,Teaching,-0.963424150104025,665138.153774303,36,5,2021,2025,0.665138153774303
I260S41C320J1V1,TECNICO EN EDUCACION PARVULARIA 1° Y 2° BASICO,CFT SANTO TOMAS,Teaching,-0.961109983268159,661619.892859978,82,4,2022,2025,0.661619892859978
I367S1C16J1V1,TECNICO EN PARVULOS Y BASICA,CFT SAN AGUSTIN,Teaching,-0.960579601551913,588694.438474472,59,4,2022,2025,0.588694438474472
I116S9C196J1V1,PSICOPEDAGOGIA,IP SANTO TOMAS,Teaching,-0.959953712828606,911415.523756792,34,5,2021,2025,0.911415523756792
I629S4C116J1V1,TECNICO DE NIVEL SUPERIOR EN EDUCACION PARVULARIA,CFT PUCV,Teaching,-0.952287874016994,678914.947620985,33,4,2022,2025,0.678914947620985
I116S16C196J1V1,PSICOPEDAGOGIA,IP SANTO TOMAS,Teaching,-0.952098029346998,911415.523756792,38,4,2022,2025,0.911415523756792
I139S2C32J1V2,TECNICO EN EDUCACION DIFERENCIAL,IP DR. VIRGINIO GOMEZ G.,Teaching,-0.947815999833499,654045.825897284,40,5,2021,2025,0.654045825897284
I633S2C57J1V3,TECNICO DE NIVEL SUPERIOR EN EDUCACION PARVULARIA,CFT TEODORO WICKEL KLUWEN,Teaching,-0.945718663174499,606671.264738579,10,3,2022,2024,0.606671264738579
I906S1C8J1V1,TECNICO DE NIVEL SUPERIOR EN EDUCACION PARVULARIA,CFT DE LA REGION DE TARAPACA,Teaching,-0.945659209028277,675666.991261811,14,4,2022,2025,0.675666991261811
I143S6C742J1V1,TECNICO EN EDUCACION PARVULARIA 1 Y 2 BASICO,IP AIEP,Teaching,-0.944792900260485,675666.991261811,17,3,2023,2025,0.675666991261811
I116S8C196J1V1,PSICOPEDAGOGIA,IP SANTO TOMAS,Teaching,-0.942564705207649,911415.523756792,33,4,2022,2025,0.911415523756792
I629S0C116J1V1,TECNICO DE NIVEL SUPERIOR EN EDUCACION PARVULARIA,CFT PUCV,Teaching,-0.936532251254249,678914.947620985,16,5,2021,2025,0.678914947620985
I260S1C79J1V1,TECNICO EN EDUCACION ESPECIAL,CFT SANTO TOMAS,Teaching,-0.931374142230707,665138.153774303,36,4,2022,2025,0.665138153774303
I260S45C320J1V1,TECNICO EN EDUCACION PARVULARIA 1° Y 2° BASICO,CFT SANTO TOMAS,Teaching,-0.930347183279549,661619.892859978,108,4,2022,2025,0.661619892859978
I143S27C29J1V1,ASISTENTE DE PARVULOS,IP AIEP,Teaching,-0.929709572182244,675666.991261811,20,3,2022,2024,0.675666991261811
I367S3C16J1V1,TECNICO EN PARVULOS Y BASICA,CFT SAN AGUSTIN,Teaching,-0.927886192890182,588694.438474472,75,4,2022,2025,0.588694438474472
I81S3C210J2V2,TECNICO DE NIVEL SUPERIOR ASISTENTE EN EDUCACION DE PARVULOS,UNIVERSIDAD ARTURO PRAT,Teaching,-0.927667446936271,727029.045517297,37,4,2022,2025,0.727029045517297
I260S3C320J1V1,TECNICO EN EDUCACION PARVULARIA 1° Y 2° BASICO,CFT SANTO TOMAS,Teaching,-0.927314066635403,661619.892859978,35,4,2022,2025,0.661619892859978
I260S5C79J1V1,TECNICO EN EDUCACION ESPECIAL,CFT SANTO TOMAS,Teaching,-0.92717433167264,665138.153774303,55,4,2022,2025,0.665138153774303
I260S11C320J1V1,TECNICO EN EDUCACION PARVULARIA 1° Y 2° BASICO,CFT SANTO TOMAS,Teaching,-0.919109289738795,661619.892859978,51,4,2022,2025,0.661619892859978
I143S22C100J1V1,PSICOPEDAGOGIA,IP AIEP,Teaching,-0.91813397575777,911415.523756792,14,3,2022,2024,0.911415523756792
I123S1C192J1V1,TECNICO EN EDUCACION DIFERENCIAL E INCLUSION,IP DE CHILE,Teaching,-0.915804287646925,654045.825897284,32,4,2022,2025,0.654045825897284
I260S25C320J1V1,TECNICO EN EDUCACION PARVULARIA 1° Y 2° BASICO,CFT SANTO TOMAS,Teaching,-0.914096319985317,661619.892859978,80,4,2022,2025,0.661619892859978
I116S34C196J1V1,PSICOPEDAGOGIA,IP SANTO TOMAS,Teaching,-0.912477454453198,911415.523756792,34,4,2022,2025,0.911415523756792
I916S2C14J1V1,TECNICO DE NIVEL SUPERIOR EN ASISTENTE DEL EDUCADOR DE PARVULOS,CFT DE LA REGION DE LA ARAUCANIA,Teaching,-0.911685769591512,675666.991261811,21,4,2022,2025,0.675666991261811
I913S3C2J1V1,TECNICO DE NIVEL SUPERIOR EN EDUCACION PARVULARIA,CFT DE LA REGION DEL LIBERTADOR GENERAL BERNARDO O'HIGGINS,Teaching,-0.911104032933271,675666.991261811,16,4,2022,2025,0.675666991261811
I218S1C58J1V2,TECNICO EN EDUCACION ESPECIAL,CFT DE ENAC,Teaching,-0.909961672338979,679024.148291503,70,4,2022,2025,0.679024148291503
I83S2C372J2V1,TECNICO EN EDUCACION PARVULARIA,UNIVERSIDAD DE PLAYA ANCHA DE CIENCIAS DE LA EDUCACION,Teaching,-0.909562897591069,671643.024654668,44,5,2021,2025,0.671643024654668
I123S5C56J1V1,ASISTENTE EN EDUCACION DE PARVULOS,IP DE CHILE,Teaching,-0.908102833587765,675666.991261811,29,4,2022,2025,0.675666991261811
I123S3C5J1V1,PSICOPEDAGOGIA,IP DE CHILE,Teaching,-0.907033678611568,911415.523756792,26,4,2022,2025,0.911415523756792
I123S3C56J1V1,ASISTENTE EN EDUCACION DE PARVULOS,IP DE CHILE,Teaching,-0.906514348196559,675666.991261811,12,3,2022,2025,0.675666991261811
I84S1C67J1V2,TECNICO UNIVERSITARIO EN EDUCACION PARVULARIA,UNIVERSIDAD DE LOS LAGOS,Teaching,-0.906463094420195,662686.648051445,43,4,2022,2025,0.662686648051445
I260S22C79J1V1,TECNICO EN EDUCACION ESPECIAL,CFT SANTO TOMAS,Teaching,-0.903652372780127,665138.153774303,64,4,2022,2025,0.665138153774303
I450S1C49J1V1,EDUCACION DE PARVULO,CFT LOTA-ARAUCO,Teaching,-0.90228006169264,651895.532781952,28,4,2022,2025,0.651895532781952
I143S15C100J1V1,PSICOPEDAGOGIA,IP AIEP,Teaching,-0.9008800562032,911415.523756792,26,3,2022,2024,0.911415523756792
I143S15C29J1V1,ASISTENTE DE PARVULOS,IP AIEP,Teaching,-0.899789094797839,675666.991261811,21,3,2022,2024,0.675666991261811
I116S6C196J1V1,PSICOPEDAGOGIA,IP SANTO TOMAS,Teaching,-0.899711135643562,911415.523756792,106,4,2022,2025,0.911415523756792
I31S1C483J1V1,PSICOPEDAGOGIA,UNIVERSIDAD AUTONOMA DE CHILE,Teaching,-0.898950719332719,925580.139538017,19,3,2022,2025,0.925580139538017
I143S6C100J1V1,PSICOPEDAGOGIA,IP AIEP,Teaching,-0.898288262354356,911415.523756792,26,4,2022,2025,0.911415523756792
I260S37C320J1V1,TECNICO EN EDUCACION PARVULARIA 1° Y 2° BASICO,CFT SANTO TOMAS,Teaching,-0.897813559045633,661619.892859978,44,4,2022,2025,0.661619892859978
I913S1C2J1V1,TECNICO DE NIVEL SUPERIOR EN EDUCACION PARVULARIA,CFT DE LA REGION DEL LIBERTADOR GENERAL BERNARDO O'HIGGINS,Teaching,-0.895651548684482,675666.991261811,35,4,2022,2025,0.675666991261811
I80S2C115J2V1,EDUCACION PARVULARIA,UNIVERSIDAD DE TARAPACA,Teaching,-0.894495268927685,990316.861827548,11,2,2022,2023,0.990316861827548
I260S34C320J1V1,TECNICO EN EDUCACION PARVULARIA 1° Y 2° BASICO,CFT SANTO TOMAS,Teaching,-0.89058739533314,661619.892859978,113,4,2022,2025,0.661619892859978
I81S1C210J2V2,TECNICO DE NIVEL SUPERIOR ASISTENTE EN EDUCACION DE PARVULOS,UNIVERSIDAD ARTURO PRAT,Teaching,-0.887783078999618,727029.045517297,14,3,2023,2025,0.727029045517297
I93S3C64J1V1,TECNICO UNIVERSITARIO EN EDUCACION DE PARVULOS,UNIVERSIDAD CATOLICA DE LA SANTISIMA CONCEPCION,Teaching,-0.886830098664042,652426.350579805,59,4,2022,2025,0.652426350579805
I257S1C103J1V1,ASISTENTE DE PARVULOS,CFT JUAN BOHON,Teaching,-0.885928767943615,809276.747740022,14,4,2022,2025,0.809276747740022
I260S21C79J1V1,TECNICO EN EDUCACION ESPECIAL,CFT SANTO TOMAS,Teaching,-0.884396358585556,665138.153774303,57,4,2022,2025,0.665138153774303
I93S5C64J1V1,TECNICO UNIVERSITARIO EN EDUCACION DE PARVULOS,UNIVERSIDAD CATOLICA DE LA SANTISIMA CONCEPCION,Teaching,-0.884319486816397,652426.350579805,45,4,2022,2025,0.652426350579805
I367S4C16J1V1,TECNICO EN PARVULOS Y BASICA,CFT SAN AGUSTIN,Teaching,-0.882341451859756,588694.438474472,53,4,2022,2025,0.588694438474472
I152S10C395J4V1,TECNICO EN EDUCACION PARVULARIA Y EDUCACION BASICA,IP LATINOAMERICANO DE COMERCIO EXTERIOR - IPLACEX,Teaching,-0.881032180741916,675666.991261811,48,4,2022,2025,0.675666991261811
I143S2C100J1V1,PSICOPEDAGOGIA,IP AIEP,Teaching,-0.880668286484963,911415.523756792,34,4,2022,2025,0.911415523756792
I116S2C196J1V1,PSICOPEDAGOGIA,IP SANTO TOMAS,Teaching,-0.880411847663341,911415.523756792,53,4,2022,2025,0.911415523756792
I113S11C61J1V1,TECNICO DE NIVEL SUPERIOR EN EDUCACION PARVULARIA,IP IPG,Teaching,-0.879962930296959,675666.991261811,16,4,2022,2025,0.675666991261811
I260S50C79J1V1,TECNICO EN EDUCACION ESPECIAL,CFT SANTO TOMAS,Teaching,-0.878251326186227,665138.153774303,41,5,2021,2025,0.665138153774303
I143S6C29J1V1,ASISTENTE DE PARVULOS,IP AIEP,Teaching,-0.877435234149564,675666.991261811,26,3,2022,2024,0.675666991261811
I143S9C100J1V1,PSICOPEDAGOGIA,IP AIEP,Teaching,-0.875251356455208,911415.523756792,26,4,2022,2025,0.911415523756792
I143S28C469J4V1,TECNICO ASISTENTE EN EDUCACION ESPECIAL,IP AIEP,Teaching,-0.875199011393937,654045.825897284,18,4,2022,2025,0.654045825897284
I143S23C29J1V1,ASISTENTE DE PARVULOS,IP AIEP,Teaching,-0.874693115630235,675666.991261811,36,4,2021,2024,0.675666991261811
I260S37C79J1V1,TECNICO EN EDUCACION ESPECIAL,CFT SANTO TOMAS,Teaching,-0.869068494020401,665138.153774303,44,4,2022,2025,0.665138153774303
I260S41C79J1V1,TECNICO EN EDUCACION ESPECIAL,CFT SANTO TOMAS,Teaching,-0.868493899321138,665138.153774303,42,5,2021,2025,0.665138153774303
I260S8C320J1V1,TECNICO EN EDUCACION PARVULARIA 1° Y 2° BASICO,CFT SANTO TOMAS,Teaching,-0.858838411995498,661619.892859978,34,4,2022,2025,0.661619892859978
I155S2C7J1V1,PSICOPEDAGOGIA,IP LOS LEONES,Teaching,-0.854144890834514,911415.523756792,19,2,2022,2023,0.911415523756792
I367S2C16J1V1,TECNICO EN PARVULOS Y BASICA,CFT SAN AGUSTIN,Teaching,-0.852426167533393,588694.438474472,39,4,2022,2025,0.588694438474472
I143S20C469J1V1,TECNICO ASISTENTE EN EDUCACION ESPECIAL,IP AIEP,Teaching,-0.852160267298865,654045.825897284,10,4,2022,2025,0.654045825897284
I916S2C19J1V1,TECNICO DE NIVEL SUPERIOR EN ASISTENTE DEL EDUCADOR DIFERENCIAL,CFT DE LA REGION DE LA ARAUCANIA,Teaching,-0.851903833510789,654045.825897284,14,4,2022,2025,0.654045825897284
I143S30C100J1V1,PSICOPEDAGOGIA,IP AIEP,Teaching,-0.851780164421301,911415.523756792,11,3,2022,2025,0.911415523756792
I143S30C29J1V1,ASISTENTE DE PARVULOS,IP AIEP,Teaching,-0.849864409899574,675666.991261811,17,3,2022,2024,0.675666991261811
I143S8C29J1V1,ASISTENTE DE PARVULOS,IP AIEP,Teaching,-0.848073980863341,675666.991261811,25,3,2022,2024,0.675666991261811
I143S17C100J1V1,PSICOPEDAGOGIA,IP AIEP,Teaching,-0.847036675673544,911415.523756792,20,4,2022,2025,0.911415523756792
I260S22C320J1V1,TECNICO EN EDUCACION PARVULARIA 1° Y 2° BASICO,CFT SANTO TOMAS,Teaching,-0.846898512386325,661619.892859978,54,4,2022,2025,0.661619892859978
I916S1C14J1V1,TECNICO DE NIVEL SUPERIOR EN ASISTENTE DEL EDUCADOR DE PARVULOS,CFT DE LA REGION DE LA ARAUCANIA,Teaching,-0.844644604658703,675666.991261811,18,4,2022,2025,0.675666991261811
I143S20C100J1V1,PSICOPEDAGOGIA,IP AIEP,Teaching,-0.844040662682561,911415.523756792,25,4,2022,2025,0.911415523756792
I143S9C742J1V1,TECNICO EN EDUCACION PARVULARIA 1 Y 2 BASICO,IP AIEP,Teaching,-0.839792172071514,675666.991261811,11,2,2024,2025,0.675666991261811
I260S1C320J1V1,TECNICO EN EDUCACION PARVULARIA 1° Y 2° BASICO,CFT SANTO TOMAS,Teaching,-0.839424430774297,661619.892859978,37,4,2022,2025,0.661619892859978
I116S34C196J2V1,PSICOPEDAGOGIA,IP SANTO TOMAS,Teaching,-0.838796015057775,911415.523756792,18,4,2022,2025,0.911415523756792
I143S21C469J1V1,TECNICO ASISTENTE EN EDUCACION ESPECIAL,IP AIEP,Teaching,-0.837634214284765,654045.825897284,17,4,2022,2025,0.654045825897284
I116S11C196J1V1,PSICOPEDAGOGIA,IP SANTO TOMAS,Teaching,-0.83574378658859,911415.523756792,55,5,2021,2025,0.911415523756792
I629S3C116J1V1,TECNICO EN EDUCACION PARVULARIA,CFT PUCV,Teaching,-0.833055469834354,678914.947620985,25,5,2021,2025,0.678914947620985
I260S35C320J1V1,TECNICO EN EDUCACION PARVULARIA 1° Y 2° BASICO,CFT SANTO TOMAS,Teaching,-0.831769217005721,661619.892859978,32,4,2022,2025,0.661619892859978
I116S36C196J2V1,PSICOPEDAGOGIA,IP SANTO TOMAS,Teaching,-0.82893533764288,911415.523756792,27,4,2022,2025,0.911415523756792
I123S5C5J1V1,PSICOPEDAGOGIA,IP DE CHILE,Teaching,-0.827801542729929,911415.523756792,23,4,2022,2025,0.911415523756792
I143S0C100J1V1,PSICOPEDAGOGIA,IP AIEP,Teaching,-0.824438969762188,911415.523756792,32,4,2022,2025,0.911415523756792
I260S2C320J1V1,TECNICO EN EDUCACION PARVULARIA 1° Y 2° BASICO,CFT SANTO TOMAS,Teaching,-0.823879656728112,661619.892859978,38,4,2022,2025,0.661619892859978
I155S2C65J1V1,TECNICO EN EDUCACION PARVULARIA,IP LOS LEONES,Teaching,-0.823475220783303,675666.991261811,30,3,2022,2024,0.675666991261811
I260S42C320J1V1,TECNICO EN EDUCACION PARVULARIA 1° Y 2° BASICO,CFT SANTO TOMAS,Teaching,-0.823191658192596,661619.892859978,81,4,2022,2025,0.661619892859978
I260S47C320J1V1,TECNICO EN EDUCACION PARVULARIA 1° Y 2° BASICO,CFT SANTO TOMAS,Teaching,-0.822825118573004,661619.892859978,24,4,2022,2025,0.661619892859978
I260S47C79J1V1,TECNICO EN EDUCACION ESPECIAL,CFT SANTO TOMAS,Teaching,-0.820827144428156,665138.153774303,29,4,2022,2025,0.665138153774303
I143S26C100J1V1,PSICOPEDAGOGIA,IP AIEP,Teaching,-0.819560126539075,911415.523756792,20,3,2022,2024,0.911415523756792
I84S6C67J1V2,TECNICO UNIVERSITARIO EN EDUCACION PARVULARIA,UNIVERSIDAD DE LOS LAGOS,Teaching,-0.812920273856071,662686.648051445,47,4,2022,2025,0.662686648051445
I914S2C9J2V1,TECNICO DE NIVEL SUPERIOR EN EDUCACION DIFERENCIAL E INCLUSIVA,CFT DE LA REGION DEL MAULE,Teaching,-0.812410878026392,654045.825897284,13,4,2022,2025,0.654045825897284
I116S31C196J1V1,PSICOPEDAGOGIA,IP SANTO TOMAS,Teaching,-0.80950133265978,911415.523756792,68,5,2021,2025,0.911415523756792
I143S21C100J1V1,PSICOPEDAGOGIA,IP AIEP,Teaching,-0.809268903714072,911415.523756792,32,4,2022,2025,0.911415523756792
I116S25C196J1V1,PSICOPEDAGOGIA,IP SANTO TOMAS,Teaching,-0.809187345467727,911415.523756792,58,4,2022,2025,0.911415523756792
I260S41C320J2V1,TECNICO EN EDUCACION PARVULARIA 1° Y 2° BASICO,CFT SANTO TOMAS,Teaching,-0.808727377141969,661619.892859978,14,4,2022,2025,0.661619892859978
I116S30C196J2V1,PSICOPEDAGOGIA,IP SANTO TOMAS,Teaching,-0.805953118404772,911415.523756792,30,4,2022,2025,0.911415523756792
I260S21C320J1V1,TECNICO EN EDUCACION PARVULARIA 1° Y 2° BASICO,CFT SANTO TOMAS,Teaching,-0.804377311770324,661619.892859978,55,5,2021,2025,0.661619892859978
I123S2C5J1V1,PSICOPEDAGOGIA,IP DE CHILE,Teaching,-0.796957599794084,911415.523756792,56,4,2022,2025,0.911415523756792
I260S38C79J1V1,TECNICO EN EDUCACION ESPECIAL,CFT SANTO TOMAS,Teaching,-0.796206749184255,665138.153774303,73,4,2022,2025,0.665138153774303
I143S23C100J1V1,PSICOPEDAGOGIA,IP AIEP,Teaching,-0.795215507899368,911415.523756792,21,4,2022,2025,0.911415523756792
I143S17C29J1V1,ASISTENTE DE PARVULOS,IP AIEP,Teaching,-0.794848572964966,675666.991261811,22,3,2022,2024,0.675666991261811
I260S34C79J1V1,TECNICO EN EDUCACION ESPECIAL,CFT SANTO TOMAS,Teaching,-0.79258932386997,665138.153774303,55,4,2022,2025,0.665138153774303
I116S4C196J1V1,PSICOPEDAGOGIA,IP SANTO TOMAS,Teaching,-0.79219610170292,911415.523756792,41,4,2022,2025,0.911415523756792
I260S42C79J1V1,TECNICO EN EDUCACION ESPECIAL,CFT SANTO TOMAS,Teaching,-0.791892898617078,665138.153774303,62,4,2022,2025,0.665138153774303
I106S6C294J4V2,TECNICO EN EDUCACION PARVULARIA Y PRIMER CICLO BASICO,IP PROVIDENCIA,Teaching,-0.789363753314419,675666.991261811,39,4,2022,2025,0.675666991261811
I19S5C19J1V2,EDUCACION PARVULARIA,UNIVERSIDAD DE LAS AMERICAS,Teaching,-0.78910614229039,979670.59477585,41,4,2022,2025,0.97967059477585
I143S9C29J1V1,ASISTENTE DE PARVULOS,IP AIEP,Teaching,-0.787679607128644,675666.991261811,20,3,2022,2024,0.675666991261811
I456S1C49J1V1,EDUCACION DE PARVULOS,CFT CEDUC - UCN,Teaching,-0.786819448938067,730069.722316596,37,5,2021,2025,0.730069722316596
I139S1C155J1V1,TECNICO EN EDUCACION DE PARVULOS,IP DR. VIRGINIO GOMEZ G.,Teaching,-0.785477780998338,675666.991261811,66,4,2022,2025,0.675666991261811
I113S5C67J1V1,TECNICO DE NIVEL SUPERIOR EN EDUCACION DIFERENCIAL,IP IPG,Teaching,-0.782406643237753,654045.825897284,17,4,2022,2025,0.654045825897284
I260S25C79J1V1,TECNICO EN EDUCACION ESPECIAL,CFT SANTO TOMAS,Teaching,-0.78147652492234,665138.153774303,61,4,2022,2025,0.665138153774303
I367S3C16J2V1,TECNICO EN PARVULOS Y BASICA,CFT SAN AGUSTIN,Teaching,-0.781134264319197,588694.438474472,10,4,2022,2025,0.588694438474472
I31S2C256J1V1,PEDAGOGIA EN EDUCACION DIFERENCIAL CON MENCION,UNIVERSIDAD AUTONOMA DE CHILE,Teaching,-0.767592586468076,1097291.19922171,37,2,2022,2023,1.09729119922171
I106S6C294J4V1,TECNICO EN EDUCACION PARVULARIA Y PRIMER CICLO BASICO,IP PROVIDENCIA,Teaching,-0.76757309745163,675666.991261811,20,2,2022,2023,0.675666991261811
I143S31C29J1V1,ASISTENTE DE PARVULOS,IP AIEP,Teaching,-0.76715375844884,675666.991261811,33,3,2022,2024,0.675666991261811
I116S18C196J1V1,PSICOPEDAGOGIA,IP SANTO TOMAS,Teaching,-0.759897923814323,911415.523756792,51,4,2022,2025,0.911415523756792
I116S39C196J1V1,PSICOPEDAGOGIA,IP SANTO TOMAS,Teaching,-0.75244988527302,911415.523756792,27,3,2022,2024,0.911415523756792
I143S28C29J4V1,ASISTENTE DE PARVULOS,IP AIEP,Teaching,-0.749963289423104,675666.991261811,39,4,2021,2024,0.675666991261811
I81S1C6J1V2,EDUCACION PARVULARIA,UNIVERSIDAD ARTURO PRAT,Teaching,-0.745819958521895,1023989.27130941,78,4,2022,2025,1.02398927130941
I72S1C792J1V1,PEDAGOGIA EN LENGUA Y LITERATURA,UNIVERSIDAD DE VALPARAISO,Teaching,-0.745603140891634,1258393.67143159,11,2,2024,2025,1.25839367143159
I139S1C32J1V2,TECNICO EN EDUCACION DIFERENCIAL,IP DR. VIRGINIO GOMEZ G.,Teaching,-0.742235573807701,654045.825897284,57,4,2022,2025,0.654045825897284
I152S10C282J4V4,TECNICO EN EDUCACION ESPECIAL Y DIFERENCIAL,IP LATINOAMERICANO DE COMERCIO EXTERIOR - IPLACEX,Teaching,-0.737059436612421,654045.825897284,12,4,2022,2025,0.654045825897284
I123S2C56J2V1,ASISTENTE EN EDUCACION DE PARVULOS,IP DE CHILE,Teaching,-0.730266128367922,675666.991261811,13,4,2022,2025,0.675666991261811
I260S44C320J1V1,TECNICO EN EDUCACION PARVULARIA 1° Y 2° BASICO,CFT SANTO TOMAS,Teaching,-0.727990872726175,661619.892859978,22,4,2022,2025,0.661619892859978
I113S10C67J2V1,TECNICO DE NIVEL SUPERIOR EN EDUCACION DIFERENCIAL,IP IPG,Teaching,-0.725573663141632,654045.825897284,16,4,2022,2025,0.654045825897284
I117S1C71J4V1,TECNICO DE NIVEL SUPERIOR EN EDUCACION PARVULARIA,IP IACC,Teaching,-0.723061625128579,675666.991261811,24,4,2022,2025,0.675666991261811
I450S2C54J1V1,EDUCACION DIFERENCIAL,CFT LOTA-ARAUCO,Teaching,-0.717084055652998,655362.082983905,30,4,2022,2025,0.655362082983905
I260S43C79J1V1,TECNICO EN EDUCACION ESPECIAL,CFT SANTO TOMAS,Teaching,-0.711036192558894,665138.153774303,32,4,2022,2025,0.665138153774303
I139S1C191J1V1,TECNICO EN EDUCACION BASICA,IP DR. VIRGINIO GOMEZ G.,Teaching,-0.708579013898538,1443832.59911894,28,4,2022,2025,1.44383259911894
I143S32C100J1V1,PSICOPEDAGOGIA,IP AIEP,Teaching,-0.706933430885466,911415.523756792,11,3,2022,2024,0.911415523756792
I116S15C196J2V1,PSICOPEDAGOGIA,IP SANTO TOMAS,Teaching,-0.703908303573968,911415.523756792,45,4,2022,2025,0.911415523756792
I143S28C100J4V1,PSICOPEDAGOGIA,IP AIEP,Teaching,-0.697721942375963,911415.523756792,10,4,2022,2025,0.911415523756792
I73S2C215J1V1,PEDAGOGIA EN EDUCACION PARVULARIA MENCION NECESIDADES EDUCATIVAS ESPECIALES,UNIVERSIDAD DE ANTOFAGASTA,Teaching,-0.693455432414578,1136281.306502,26,3,2023,2025,1.136281306502
I81S1C576J1V1,PEDAGOGIA EN EDUCACION DIFERENCIAL MENCION DIFICULTADES DE APRENDIZAJE,UNIVERSIDAD ARTURO PRAT,Teaching,-0.689629092286611,1183489.64243961,78,4,2022,2025,1.18348964243961
I143S21C29J1V1,ASISTENTE DE PARVULOS,IP AIEP,Teaching,-0.688847417835333,675666.991261811,29,3,2022,2024,0.675666991261811
I86S2C571J1V1,PEDAGOGIA EN EDUCACION PARVULARIA,PONTIFICIA UNIVERSIDAD CATOLICA DE CHILE,Teaching,-0.687086697056003,1222018.47728345,62,3,2022,2024,1.22201847728345
I84S2C67J1V2,TECNICO UNIVERSITARIO EN EDUCACION PARVULARIA,UNIVERSIDAD DE LOS LAGOS,Teaching,-0.682826797392546,662686.648051445,29,5,2021,2025,0.662686648051445
I19S6C120J1V2,PEDAGOGIA EN EDUCACION DIFERENCIAL,UNIVERSIDAD DE LAS AMERICAS,Teaching,-0.681266681680946,1132267.72428706,22,3,2022,2024,1.13226772428706
I19S4C19J1V2,EDUCACION PARVULARIA,UNIVERSIDAD DE LAS AMERICAS,Teaching,-0.676578380992453,979670.59477585,72,4,2022,2025,0.97967059477585
I13S5C30J1V2,EDUCACION DIFERENCIAL,UNIVERSIDAD SANTO TOMAS,Teaching,-0.67609233561613,1117690.62826474,92,4,2022,2025,1.11769062826474
I94S1C5J1V1,EDUCACION DE PARVULOS,UNIVERSIDAD CATOLICA DE TEMUCO,Teaching,-0.673756010995056,982107.833184197,83,2,2022,2023,0.982107833184197
I84S2C50J1V1,PEDAGOGIA EN EDUCACION MEDIA EN ARTES MENCION MUSICA Y ARTES VISUALES,UNIVERSIDAD DE LOS LAGOS,Teaching,-0.671810648024696,991726.666136536,18,1,2022,2022,0.991726666136536
I92S2C4J1V2,PEDAGOGIA EN EDUCACION ESPECIAL CON MENCION,UNIVERSIDAD CATOLICA DEL MAULE,Teaching,-0.670106066357932,1134079.63907496,63,4,2022,2025,1.13407963907496
I106S6C266J4V2,TECNICO EN EDUCACION DIFERENCIAL,IP PROVIDENCIA,Teaching,-0.668649497666837,654045.825897284,20,5,2021,2025,0.654045825897284
I143S5C100J1V1,PSICOPEDAGOGIA,IP AIEP,Teaching,-0.666837889873553,911415.523756792,28,4,2022,2025,0.911415523756792
I914S1C14J1V1,TECNICO DE NIVEL SUPERIOR EN EDUCACION PARVULARIA INCLUSIVA,CFT DE LA REGION DEL MAULE,Teaching,-0.666705035914117,675666.991261811,10,4,2022,2025,0.675666991261811
I143S29C29J1V1,ASISTENTE DE PARVULOS,IP AIEP,Teaching,-0.663713596996821,675666.991261811,23,3,2022,2024,0.675666991261811
I79S1C17J1V1,LICENCIATURA EN EDUCACION Y PEDAGOGIA EN EDUCACION PARVULARIA,UNIVERSIDAD DE ATACAMA,Teaching,-0.660203092611002,1130240.34578406,87,4,2022,2025,1.13024034578406
I143S0C29J1V1,ASISTENTE DE PARVULOS,IP AIEP,Teaching,-0.650205166058895,675666.991261811,11,3,2022,2024,0.675666991261811
I456S3C49J1V1,EDUCACION DE PARVULOS,CFT CEDUC - UCN,Teaching,-0.646172061679268,730069.722316596,27,4,2022,2025,0.730069722316596
I13S1C28J1V2,PEDAGOGIA EN EDUCACION PARVULARIA,UNIVERSIDAD SANTO TOMAS,Teaching,-0.642490647624423,967058.072115377,32,3,2023,2025,0.967058072115377
I19S4C120J1V2,PEDAGOGIA EN EDUCACION DIFERENCIAL,UNIVERSIDAD DE LAS AMERICAS,Teaching,-0.641837208384141,1132267.72428706,61,4,2022,2025,1.13226772428706
I84S1C15J1V3,EDUCACION PARVULARIA,UNIVERSIDAD DE LOS LAGOS,Teaching,-0.641811656346915,933365.760320956,119,4,2022,2025,0.933365760320956
I94S1C5J1V2,EDUCACION DE PARVULOS,UNIVERSIDAD CATOLICA DE TEMUCO,Teaching,-0.634213647601617,982107.833184197,114,3,2023,2025,0.982107833184197
I11S2C51J1V1,PEDAGOGIA EN EDUCACION DIFERENCIAL,UNIVERSIDAD ACADEMIA DE HUMANISMO CRISTIANO,Teaching,-0.633306581434854,1196021.8136421,25,3,2022,2024,1.1960218136421
I123S1C5J1V1,PSICOPEDAGOGIA,IP DE CHILE,Teaching,-0.628614326813216,911415.523756792,40,4,2022,2025,0.911415523756792
I143S5C29J1V1,ASISTENTE DE PARVULOS,IP AIEP,Teaching,-0.626555084119662,675666.991261811,12,3,2022,2024,0.675666991261811
I31S2C168J1V2,PEDAGOGIA EN LENGUA CASTELLANA Y COMUNICACION,UNIVERSIDAD AUTONOMA DE CHILE,Teaching,-0.626338775272223,1129943.496351,53,4,2022,2025,1.129943496351
I31S2C168J1V1,PEDAGOGIA EN LENGUA CASTELLANA Y COMUNICACION,UNIVERSIDAD AUTONOMA DE CHILE,Teaching,-0.624943382399238,1129943.496351,25,2,2022,2023,1.129943496351
I218S1C58J2V2,TECNICO EN EDUCACION ESPECIAL,CFT DE ENAC,Teaching,-0.62375604113547,679024.148291503,10,3,2022,2024,0.679024148291503
I94S1C502J1V1,PEDAGOGIA EN LENGUA Y CULTURA MAPUCHE,UNIVERSIDAD CATOLICA DE TEMUCO,Teaching,-0.619518417824885,1018827.05676821,25,4,2022,2025,1.01882705676821
I39S2C21J1V3,PEDAGOGIA EN EDUCACION DIFERENCIAL,UNIVERSIDAD SAN SEBASTIAN,Teaching,-0.618138153664804,1168115.40495612,85,5,2021,2025,1.16811540495612
I143S28C742J4V1,TECNICO EN EDUCACION PARVULARIA 1 Y 2 BASICO,IP AIEP,Teaching,-0.616897770650175,675666.991261811,15,3,2022,2025,0.675666991261811
I31S2C5J1V1,PEDAGOGIA EN EDUCACION PARVULARIA,UNIVERSIDAD AUTONOMA DE CHILE,Teaching,-0.616807256589499,949407.899497186,162,5,2021,2025,0.949407899497186
I50S1C273J1V1,PEDAGOGIA EN EDUCACION DIFERENCIAL CON MENCION,UNIVERSIDAD BERNARDO O'HIGGINS,Teaching,-0.616624609088328,1067012.59602858,56,4,2022,2025,1.06701259602858
I69S1C55J1V2,EDUCACION PARVULARIA,UNIVERSIDAD ALBERTO HURTADO,Teaching,-0.606158637181059,1022875.91980085,124,5,2021,2025,1.02287591980085
I38S1C20J1V2,EDUCACION PARVULARIA,UNIVERSIDAD ADVENTISTA DE CHILE,Teaching,-0.592211143706972,893301.275425263,26,4,2022,2025,0.893301275425263
I31S1C256J1V2,PEDAGOGIA EN EDUCACION DIFERENCIAL CON MENCION,UNIVERSIDAD AUTONOMA DE CHILE,Teaching,-0.59029600019546,1097291.19922171,49,4,2022,2025,1.09729119922171
I80S1C115J1V1,EDUCACION PARVULARIA,UNIVERSIDAD DE TARAPACA,Teaching,-0.587485660676127,990316.861827548,56,3,2022,2024,0.990316861827548
I13S1C30J1V2,EDUCACION DIFERENCIAL,UNIVERSIDAD SANTO TOMAS,Teaching,-0.586716578968616,1117690.62826474,85,4,2022,2025,1.11769062826474
I19S5C120J1V2,PEDAGOGIA EN EDUCACION DIFERENCIAL,UNIVERSIDAD DE LAS AMERICAS,Teaching,-0.584430523400895,1132267.72428706,23,4,2022,2025,1.13226772428706
I77S1C5J1V1,PEDAGOGIA EN EDUCACION PARVULARIA,UNIVERSIDAD DE MAGALLANES,Teaching,-0.583957718694851,1048585.09767698,64,4,2022,2025,1.04858509767698
I50S1C26J1V1,PEDAGOGIA EN EDUCACION GENERAL BASICA CON MENCION,UNIVERSIDAD BERNARDO O'HIGGINS,Teaching,-0.579884992329615,1033592.99105695,26,3,2022,2024,1.03359299105695
I31S3C5J1V1,PEDAGOGIA EN EDUCACION PARVULARIA,UNIVERSIDAD AUTONOMA DE CHILE,Teaching,-0.579776489109822,949407.899497186,131,4,2022,2025,0.949407899497186
I4S1C32J1V2,PEDAGOGIA EN EDUCACION DIFERENCIAL,UNIVERSIDAD CENTRAL DE CHILE,Teaching,-0.574050845060059,1211841.33774796,73,4,2022,2025,1.21184133774796
I31S1C5J1V1,PEDAGOGIA EN EDUCACION PARVULARIA,UNIVERSIDAD AUTONOMA DE CHILE,Teaching,-0.574030945467541,949407.899497186,80,4,2022,2025,0.949407899497186
I42S1C3J1V2,EDUCACION PARVULARIA,UNIVERSIDAD CATOLICA CARDENAL RAUL SILVA HENRIQUEZ,Teaching,-0.571466048715373,979690.045588207,121,4,2022,2025,0.979690045588207
I143S10C100J1V1,PSICOPEDAGOGIA,IP AIEP,Teaching,-0.571185731525569,911415.523756792,15,4,2022,2025,0.911415523756792
I31S1C14J1V1,PEDAGOGIA EN EDUCACION BASICA CON MENCION,UNIVERSIDAD AUTONOMA DE CHILE,Teaching,-0.57073569764712,1062923.24653463,17,2,2022,2023,1.06292324653463
I42S1C2J1V2,PEDAGOGIA EN EDUCACION BASICA,UNIVERSIDAD CATOLICA CARDENAL RAUL SILVA HENRIQUEZ,Teaching,-0.56408913593879,1096826.0580155,59,4,2022,2025,1.0968260580155
I143S31C100J1V1,PSICOPEDAGOGIA,IP AIEP,Teaching,-0.560283660326742,911415.523756792,24,4,2022,2025,0.911415523756792
I84S1C49J1V2,EDUCACION DIFERENCIAL CON ESPECIALIDAD EN PROBLEMAS DE APRENDIZAJE,UNIVERSIDAD DE LOS LAGOS,Teaching,-0.559369975144423,1078750.27688044,110,4,2022,2025,1.07875027688044
I31S1C14J1V2,PEDAGOGIA EN EDUCACION BASICA CON MENCION,UNIVERSIDAD AUTONOMA DE CHILE,Teaching,-0.557137148891451,1062923.24653463,37,4,2022,2025,1.06292324653463
I83S1C11J1V1,EDUCACION PARVULARIA,UNIVERSIDAD DE PLAYA ANCHA DE CIENCIAS DE LA EDUCACION,Teaching,-0.55710848704674,945980.433157006,125,4,2022,2025,0.945980433157006
I69S1C371J1V1,PEDAGOGIA EN EDUCACION DIFERENCIAL,UNIVERSIDAD ALBERTO HURTADO,Teaching,-0.556448155445853,1182202.87116603,107,4,2022,2025,1.18220287116603
I50S1C32J1V1,PEDAGOGIA EN EDUCACION PARVULARIA,UNIVERSIDAD BERNARDO O'HIGGINS,Teaching,-0.549685021876089,923209.981316771,59,4,2022,2025,0.923209981316771
I152S10C395J1V1,TECNICO EN EDUCACION PARVULARIA Y EDUCACION BASICA,IP LATINOAMERICANO DE COMERCIO EXTERIOR - IPLACEX,Teaching,-0.548152433647322,675666.991261811,12,3,2022,2024,0.675666991261811
I31S2C256J1V2,PEDAGOGIA EN EDUCACION DIFERENCIAL CON MENCION,UNIVERSIDAD AUTONOMA DE CHILE,Teaching,-0.546979033282569,1097291.19922171,58,4,2022,2025,1.09729119922171
I83S1C42J1V1,PEDAGOGIA EN EDUCACION BASICA,UNIVERSIDAD DE PLAYA ANCHA DE CIENCIAS DE LA EDUCACION,Teaching,-0.538957363692473,1059085.97737811,64,4,2022,2025,1.05908597737811
I78S8C328J1V1,PEDAGOGIA EN EDUCACION PARVULARIA MENCION EN INGLES,UNIVERSIDAD DE TALCA,Teaching,-0.538651809318637,1018015.35954538,78,4,2022,2025,1.01801535954538
I93S1C5J1V2,EDUCACION DE PARVULOS,UNIVERSIDAD CATOLICA DE LA SANTISIMA CONCEPCION,Teaching,-0.537727916374389,918914.570789832,194,4,2022,2025,0.918914570789832
I83S1C45J1V1,PEDAGOGIA EN EDUCACION DIFERENCIAL,UNIVERSIDAD DE PLAYA ANCHA DE CIENCIAS DE LA EDUCACION,Teaching,-0.537544598932934,1093329.85799767,104,4,2022,2025,1.09332985799767
I92S2C361J1V1,PEDAGOGIA EN EDUCACION PARVULARIA CON MENCION EN PSICOMOTRICIDAD Y VIDA SALUDABLE O INGLES INICIAL,UNIVERSIDAD CATOLICA DEL MAULE,Teaching,-0.537483344937045,981238.315554135,106,4,2022,2025,0.981238315554135
I83S2C45J1V1,PEDAGOGIA EN EDUCACION DIFERENCIAL,UNIVERSIDAD DE PLAYA ANCHA DE CIENCIAS DE LA EDUCACION,Teaching,-0.530353319121683,1093329.85799767,103,4,2022,2025,1.09332985799767
I74S1C11J1V2,PEDAGOGIA EN EDUCACION PARVULARIA,UNIVERSIDAD DE LA SERENA,Teaching,-0.528154975643237,976344.715614387,124,4,2022,2025,0.976344715614387
I39S6C21J1V2,PEDAGOGIA EN EDUCACION DIFERENCIAL,UNIVERSIDAD SAN SEBASTIAN,Teaching,-0.526410543142522,1168115.40495612,52,4,2022,2025,1.16811540495612
I4S7C32J1V2,PEDAGOGIA EN EDUCACION DIFERENCIAL,UNIVERSIDAD CENTRAL DE CHILE,Teaching,-0.524687481695694,1211841.33774796,82,5,2021,2025,1.21184133774796
I38S1C41J1V1,PEDAGOGIA EN EDUCACION FISICA,UNIVERSIDAD ADVENTISTA DE CHILE,Teaching,-0.521394421163268,951334.314667615,55,4,2022,2025,0.951334314667615
I895S1C5J1V1,PEDAGOGIA EN EDUCACION PARVULARIA,UNIVERSIDAD DE O'HIGGINS,Teaching,-0.520017872924765,1022684.25532944,226,4,2022,2025,1.02268425532944
I73S2C215J1V2,PEDAGOGIA EN EDUCACION PARVULARIA MENCION NECESIDADES EDUCATIVAS ESPECIALES,UNIVERSIDAD DE ANTOFAGASTA,Teaching,-0.519384557367494,1136281.306502,40,3,2022,2024,1.136281306502
I4S1C7J1V2,EDUCACION PARVULARIA,UNIVERSIDAD CENTRAL DE CHILE,Teaching,-0.514803800890681,1048519.97337735,72,4,2022,2025,1.04851997337735
I94S1C94J1V1,PEDAGOGIA EN EDUCACION FISICA,UNIVERSIDAD CATOLICA DE TEMUCO,Teaching,-0.511477836675287,1045910.1628028,110,4,2022,2025,1.0459101628028
I90S1C99J1V1,PEDAGOGIA EN EDUCACION PARVULARIA,UNIVERSIDAD AUSTRAL DE CHILE,Teaching,-0.51146789031059,1017280.29713143,128,4,2022,2025,1.01728029713143
I22S1C17J1V1,EDUCACION PARVULARIA,UNIVERSIDAD DE VIÑA DEL MAR,Teaching,-0.50861786721268,931187.122198529,12,4,2022,2025,0.931187122198529
I72S1C146J1V1,EDUCACION PARVULARIA,UNIVERSIDAD DE VALPARAISO,Teaching,-0.505924919893157,1057335.07577381,148,4,2022,2025,1.05733507577381
I895S1C16J1V1,PEDAGOGIA EN EDUCACION ESPECIAL CON MENCIONES,UNIVERSIDAD DE O'HIGGINS,Teaching,-0.504466654116971,1166892.8442546,222,4,2022,2025,1.1668928442546
I20S3C26J1V1,PSICOPEDAGOGIA,UNIVERSIDAD ANDRES BELLO,Teaching,-0.494016462275412,996096.364776363,24,5,2021,2025,0.996096364776363
I78S8C329J1V2,PEDAGOGIA EN EDUCACION GENERAL BASICA MENCION INGLES,UNIVERSIDAD DE TALCA,Teaching,-0.491060232590049,1139733.71357365,16,3,2023,2025,1.13973371357365
I94S1C46J1V1,PEDAGOGIA EN EDUCACION DIFERENCIAL CON ESPECIALIDAD EN N.E.E.T. Y DEFICIENCIA MENTAL,UNIVERSIDAD CATOLICA DE TEMUCO,Teaching,-0.49049721109665,1135084.59599974,231,4,2022,2025,1.13508459599974
I76S1C391J1V1,PEDAGOGIA EN EDUCACION DIFERENCIAL,UNIVERSIDAD DE LA FRONTERA,Teaching,-0.488679267734593,1123978.81532139,62,4,2022,2025,1.12397881532139
I31S2C14J1V1,PEDAGOGIA EN EDUCACION BASICA CON MENCION,UNIVERSIDAD AUTONOMA DE CHILE,Teaching,-0.488154758151024,1062923.24653463,23,2,2022,2023,1.06292324653463
I2S1C11J1V2,PEDAGOGIA EN EDUCACION PARVULARIA,UNIVERSIDAD FINIS TERRAE,Teaching,-0.486776731246468,1127641.01787363,79,4,2022,2025,1.12764101787363
I87S3C35J1V1,EDUCACION DIFERENCIAL,UNIVERSIDAD DE CONCEPCION,Teaching,-0.485878257871614,1193438.98992902,104,4,2022,2025,1.19343898992902
I82S1C11J1V1,LICENCIATURA EN EDUCACION Y PEDAGOGIA EN EDUCACION ESPECIAL CON ESPECIALIDAD EN PERSONAS CIEGAS Y RETOS MULTIPLES,UNIVERSIDAD METROPOLITANA DE CIENCIAS DE LA EDUCACION,Teaching,-0.485365041243927,1232250.2406507,18,4,2022,2025,1.2322502406507
I31S2C24J1V2,"PEDAGOGIA EN HISTORIA, GEOGRAFIA Y CIENCIAS SOCIALES",UNIVERSIDAD AUTONOMA DE CHILE,Teaching,-0.484581474679,1047549.26523683,35,4,2022,2025,1.04754926523683
I19S4C20J1V2,PEDAGOGIA EN EDUCACION BASICA,UNIVERSIDAD DE LAS AMERICAS,Teaching,-0.480824383782903,1096804.28157923,49,5,2021,2025,1.09680428157923
I39S8C21J1V2,PEDAGOGIA EN EDUCACION DIFERENCIAL,UNIVERSIDAD SAN SEBASTIAN,Teaching,-0.47925190742597,1168115.40495612,41,4,2022,2025,1.16811540495612
I75S2C250J1V2,PEDAGOGIA EN EDUCACION PARVULARIA MENCION DIDACTICA EN PRIMERA INFANCIA,UNIVERSIDAD DEL BIO-BIO,Teaching,-0.478097169252775,953375.654297938,166,4,2022,2025,0.953375654297938
I2S1C10J1V2,PEDAGOGIA EN EDUCACION BASICA,UNIVERSIDAD FINIS TERRAE,Teaching,-0.474379580622019,1262466.69348194,50,4,2022,2025,1.26246669348194
I79S1C104J1V1,LICENCIATURA EN EDUCACION Y PEDAGOGIA EN EDUCACION FISICA,UNIVERSIDAD DE ATACAMA,Teaching,-0.474273917937854,1203666.05796493,96,4,2022,2025,1.20366605796493
I93S1C51J1V1,PEDAGOGIA EN EDUCACION MEDIA EN BIOLOGIA Y CIENCIAS NATURALES,UNIVERSIDAD CATOLICA DE LA SANTISIMA CONCEPCION,Teaching,-0.455588150700965,1086673.14675112,61,4,2022,2025,1.08667314675112
I117S1C91J4V1,PSICOPEDAGOGIA,IP IACC,Teaching,-0.455410041514486,911415.523756792,14,3,2022,2025,0.911415523756792
I20S4C547J1V1,PEDAGOGIA EN INGLES PARA LA ENSEÑANZA BASICA Y MEDIA,UNIVERSIDAD ANDRES BELLO,Teaching,-0.452679580933246,1059940.44402192,29,4,2022,2025,1.05994044402192
I82S1C14J1V1,LICENCIATURA EN EDUCACION Y PEDAGOGIA EN EDUCACION PARVULARIA CON MENCION EN INTEGRACION CURRICULAR,UNIVERSIDAD METROPOLITANA DE CIENCIAS DE LA EDUCACION,Teaching,-0.451423066456685,1066178.3430514,165,4,2022,2025,1.0661783430514
I31S3C25J1V2,PEDAGOGIA EN INGLES,UNIVERSIDAD AUTONOMA DE CHILE,Teaching,-0.451117220882412,984904.532103236,62,4,2022,2025,0.984904532103236
I69S1C27J1V1,PEDAGOGIA EN EDUCACION BASICA,UNIVERSIDAD ALBERTO HURTADO,Teaching,-0.451059372161252,1145175.42360099,47,4,2022,2025,1.14517542360099
I4S1C44J1V2,PEDAGOGIA EN EDUCACION FISICA,UNIVERSIDAD CENTRAL DE CHILE,Teaching,-0.447228860199023,1116636.7470072,109,4,2022,2025,1.1166367470072
I91S1C497J1V1,PEDAGOGIA EN EDUCACION DIFERENCIAL CON MENCION EN DESARROLLO EMOCIONAL Y COGNITIVO,UNIVERSIDAD CATOLICA DEL NORTE,Teaching,-0.444852534344012,1315012.55880153,74,4,2022,2025,1.31501255880153
I10S7C39J1V1,PEDAGOGIA EN EDUCACION DIFERENCIAL,UNIVERSIDAD MAYOR,Teaching,-0.442196933260622,1212208.13333864,56,4,2022,2025,1.21220813333864
I93S1C56J1V1,PEDAGOGIA EN EDUCACION DIFERENCIAL,UNIVERSIDAD CATOLICA DE LA SANTISIMA CONCEPCION,Teaching,-0.4412648227535,1062048.11640844,217,4,2022,2025,1.06204811640844
I69S1C60J1V1,PEDAGOGIA EN INGLES,UNIVERSIDAD ALBERTO HURTADO,Teaching,-0.440189172602116,1061119.38790974,166,4,2022,2025,1.06111938790974
I91S2C47J1V1,PEDAGOGIA EN FILOSOFIA Y RELIGION,UNIVERSIDAD CATOLICA DEL NORTE,Teaching,-0.438524118323451,2162102.71408587,17,4,2022,2025,2.16210271408587
I42S1C4J1V2,PEDAGOGIA EN EDUCACION DIFERENCIAL,UNIVERSIDAD CATOLICA CARDENAL RAUL SILVA HENRIQUEZ,Teaching,-0.437494909678301,1132290.20483018,203,4,2022,2025,1.13229020483018
I83S1C46J1V1,PEDAGOGIA EN EDUCACION FISICA DAMAS,UNIVERSIDAD DE PLAYA ANCHA DE CIENCIAS DE LA EDUCACION,Teaching,-0.436019425471242,1007435.75748055,51,4,2022,2025,1.00743575748055
I84S2C28J1V4,PEDAGOGIA EN EDUCACION MEDIA MENCION EDUCACION FISICA,UNIVERSIDAD DE LOS LAGOS,Teaching,-0.434494245287616,994001.576351095,103,4,2022,2025,0.994001576351095
I20S3C27J1V2,EDUCACION PARVULARIA,UNIVERSIDAD ANDRES BELLO,Teaching,-0.432367124116557,1021739.46585666,62,4,2022,2025,1.02173946585666
I92S1C361J1V1,PEDAGOGIA EN EDUCACION PARVULARIA CON MENCION EN PSICOMOTRICIDAD Y VIDA SALUDABLE O INGLES INICIAL,UNIVERSIDAD CATOLICA DEL MAULE,Teaching,-0.431924771288091,981238.315554135,175,4,2022,2025,0.981238315554135
I80S1C324J1V1,PEDAGOGIA EN EDUCACION DIFERENCIAL,UNIVERSIDAD DE TARAPACA,Teaching,-0.431844076454845,1144572.29342597,87,4,2022,2025,1.14457229342597
I81S1C16J1V1,PEDAGOGIA EN EDUCACION BASICA,UNIVERSIDAD ARTURO PRAT,Teaching,-0.424509580853102,1146421.89226913,47,4,2022,2025,1.14642189226913
I3S1C58J1V1,PEDAGOGIA EN EDUCACION PARVULARIA,UNIVERSIDAD DIEGO PORTALES,Teaching,-0.423640592763905,1109638.72827974,181,4,2022,2025,1.10963872827974
I77S1C203J1V1,PEDAGOGIA EN EDUCACION DIFERENCIAL,UNIVERSIDAD DE MAGALLANES,Teaching,-0.421332603800809,1211916.60605032,41,4,2022,2025,1.21191660605032
I74S3C47J1V2,PEDAGOGIA EN EDUCACION GENERAL BASICA,UNIVERSIDAD DE LA SERENA,Teaching,-0.420378916980707,1093080.74580735,42,4,2022,2025,1.09308074580735
I90S2C99J1V1,PEDAGOGIA EN EDUCACION PARVULARIA,UNIVERSIDAD AUSTRAL DE CHILE,Teaching,-0.417752847263289,1017280.29713143,95,4,2022,2025,1.01728029713143
I83S1C40J1V1,PEDAGOGIA EN CASTELLANO,UNIVERSIDAD DE PLAYA ANCHA DE CIENCIAS DE LA EDUCACION,Teaching,-0.416247632676747,1125864.27676362,76,4,2022,2025,1.12586427676362
I31S3C15J1V1,PEDAGOGIA EN EDUCACION FISICA,UNIVERSIDAD AUTONOMA DE CHILE,Teaching,-0.412796905586164,1011085.88810443,34,2,2022,2023,1.01108588810443
I80S1C18J1V2,PROFESOR DE EDUCACION FISICA,UNIVERSIDAD DE TARAPACA,Teaching,-0.411488913145148,1054652.48843621,68,3,2022,2024,1.05465248843621
I83S1C415J1V1,PEDAGOGIA EN ARTES VISUALES CON MENCION EN PATRIMONIO,UNIVERSIDAD DE PLAYA ANCHA DE CIENCIAS DE LA EDUCACION,Teaching,-0.410307094428711,1005130.10128269,30,3,2023,2025,1.00513010128269
I91S1C498J1V1,PEDAGOGIA EN EDUCACION PARVULARIA CON MENCION EN DESARROLLO EMOCIONAL Y COGNITIVO,UNIVERSIDAD CATOLICA DEL NORTE,Teaching,-0.409500571967463,1137786.68064567,89,4,2022,2025,1.13778668064567
I895S1C8J1V1,PEDAGOGIA EN LENGUAJE Y COMUNICACION,UNIVERSIDAD DE O'HIGGINS,Teaching,-0.409016024272062,1188922.54414584,184,4,2022,2025,1.18892254414584
I20S2C27J1V2,EDUCACION PARVULARIA,UNIVERSIDAD ANDRES BELLO,Teaching,-0.407672061372232,1021739.46585666,51,4,2022,2025,1.02173946585666
I92S1C4J1V2,PEDAGOGIA EN EDUCACION ESPECIAL CON MENCION,UNIVERSIDAD CATOLICA DEL MAULE,Teaching,-0.406274116686591,1134079.63907496,157,4,2022,2025,1.13407963907496
I94S1C95J1V1,"PEDAGOGIA EN HISTORIA, GEOGRAFIA Y CIENCIAS SOCIALES",UNIVERSIDAD CATOLICA DE TEMUCO,Teaching,-0.405661278265205,1083629.42796274,66,4,2022,2025,1.08362942796274
I31S3C14J1V1,PEDAGOGIA EN EDUCACION BASICA CON MENCION,UNIVERSIDAD AUTONOMA DE CHILE,Teaching,-0.403931480553564,1062923.24653463,26,3,2021,2023,1.06292324653463
I79S1C16J1V1,LICENCIATURA EN EDUCACION Y PEDAGOGIA EN EDUCACION GENERAL BASICA,UNIVERSIDAD DE ATACAMA,Teaching,-0.401511703295962,1265376.80836811,72,4,2022,2025,1.26537680836811
I42S1C5J1V1,PEDAGOGIA EN CASTELLANO,UNIVERSIDAD CATOLICA CARDENAL RAUL SILVA HENRIQUEZ,Teaching,-0.400823626709866,1165983.97384147,62,4,2022,2025,1.16598397384147
I84S1C28J1V4,PEDAGOGIA EN EDUCACION MEDIA MENCION EDUCACION FISICA,UNIVERSIDAD DE LOS LAGOS,Teaching,-0.398936890593982,994001.576351095,98,4,2022,2025,0.994001576351095
I11S2C21J1V1,PEDAGOGIA EN HISTORIA Y CIENCIAS SOCIALES,UNIVERSIDAD ACADEMIA DE HUMANISMO CRISTIANO,Teaching,-0.398558179689887,1141804.26579258,16,3,2022,2024,1.14180426579258
I19S4C38J1V2,PEDAGOGIA EN EDUCACION FISICA,UNIVERSIDAD DE LAS AMERICAS,Teaching,-0.397807925259073,1043314.58996005,114,4,2022,2025,1.04331458996005
I31S1C256J1V1,PEDAGOGIA EN EDUCACION DIFERENCIAL CON MENCION,UNIVERSIDAD AUTONOMA DE CHILE,Teaching,-0.397763814239081,1097291.19922171,33,3,2021,2023,1.09729119922171
I79S1C14J1V1,LICENCIATURA EN EDUCACION Y PEDAGOGIA EN INGLES,UNIVERSIDAD DE ATACAMA,Teaching,-0.397718196316757,1172497.97428292,69,4,2022,2025,1.17249797428292
I94S1C19J1V1,PEDAGOGIA EN EDUCACION BASICA CON MENCION,UNIVERSIDAD CATOLICA DE TEMUCO,Teaching,-0.3964927877299,1099532.92683587,121,4,2022,2025,1.09953292683587
I93S1C32J1V1,PEDAGOGIA EN EDUCACION MEDIA EN LENGUAJE Y COMUNICACION,UNIVERSIDAD CATOLICA DE LA SANTISIMA CONCEPCION,Teaching,-0.39602106766327,1093651.67860521,195,4,2022,2025,1.09365167860521
I93S1C16J1V2,PEDAGOGIA EN EDUCACION BASICA,UNIVERSIDAD CATOLICA DE LA SANTISIMA CONCEPCION,Teaching,-0.391648543743272,1028784.00252324,153,4,2022,2025,1.02878400252324
I73S2C214J1V2,PEDAGOGIA EN EDUCACION BASICA MENCIONES LENGUAJE Y COMUNICACION Y MATEMATICA,UNIVERSIDAD DE ANTOFAGASTA,Teaching,-0.391099388113414,1272140.05268269,29,3,2022,2024,1.27214005268269
I10S7C724J1V2,PEDAGOGIA EN EDUCACION PARVULARIA,UNIVERSIDAD MAYOR,Teaching,-0.387943909056945,1048837.33547006,29,3,2023,2025,1.04883733547006
I84S6C107J1V2,PEDAGOGIA EN EDUCACION GENERAL BASICA,UNIVERSIDAD DE LOS LAGOS,Teaching,-0.382921759645744,1044963.03926904,63,4,2022,2025,1.04496303926904
I31S3C14J1V2,PEDAGOGIA EN EDUCACION BASICA CON MENCION,UNIVERSIDAD AUTONOMA DE CHILE,Teaching,-0.38257781059033,1062923.24653463,43,4,2022,2025,1.06292324653463
I77S1C64J1V1,PEDAGOGIA EN CASTELLANO Y COMUNICACION PARA ENSEÑANZA MEDIA,UNIVERSIDAD DE MAGALLANES,Teaching,-0.38190305374621,1247979.83260745,36,4,2022,2025,1.24797983260745
I77S1C63J1V1,PEDAGOGIA EN HISTORIA Y CIENCIAS SOCIALES PARA ENSEÑANZA MEDIA,UNIVERSIDAD DE MAGALLANES,Teaching,-0.38163420394534,1156978.52228906,24,4,2022,2025,1.15697852228906
I89S3C24J1V2,EDUCACION PARVULARIA,PONTIFICIA UNIVERSIDAD CATOLICA DE VALPARAISO,Teaching,-0.381419905381328,1014586.08831716,117,4,2022,2025,1.01458608831716
I83S2C56J1V1,PEDAGOGIA EN INGLES,UNIVERSIDAD DE PLAYA ANCHA DE CIENCIAS DE LA EDUCACION,Teaching,-0.380865224384084,981348.919037595,48,4,2022,2025,0.981348919037595
I73S2C337J1V1,PEDAGOGIA EN EDUCACION FISICA,UNIVERSIDAD DE ANTOFAGASTA,Teaching,-0.379370217147645,1210099.46781515,130,4,2022,2025,1.21009946781515
I83S1C56J1V1,PEDAGOGIA EN INGLES,UNIVERSIDAD DE PLAYA ANCHA DE CIENCIAS DE LA EDUCACION,Teaching,-0.379087985322473,981348.919037595,115,4,2022,2025,0.981348919037595
I39S6C5J1V2,EDUCACION PARVULARIA,UNIVERSIDAD SAN SEBASTIAN,Teaching,-0.378291516361503,1010687.03893397,46,4,2022,2025,1.01068703893397
I13S1C39J1V2,PEDAGOGIA EN EDUCACION FISICA,UNIVERSIDAD SANTO TOMAS,Teaching,-0.370771077366771,1029882.69869166,81,5,2021,2025,1.02988269869166
I91S2C497J1V1,PEDAGOGIA EN EDUCACION DIFERENCIAL CON MENCION EN DESARROLLO EMOCIONAL Y COGNITIVO,UNIVERSIDAD CATOLICA DEL NORTE,Teaching,-0.370184485650411,1315012.55880153,131,4,2022,2025,1.31501255880153
I4S1C884J1V1,PEDAGOGIA EN LENGUAJE Y COMUNICACION,UNIVERSIDAD CENTRAL DE CHILE,Teaching,-0.368230180198697,1247902.3245323,42,4,2022,2025,1.2479023245323
I31S1C15J1V1,PEDAGOGIA EN EDUCACION FISICA,UNIVERSIDAD AUTONOMA DE CHILE,Teaching,-0.366859239656139,1011085.88810443,32,2,2022,2023,1.01108588810443
I81S1C17J1V2,"PEDAGOGIA EN INGLES PARA ENSEÑANZA PRE-ESCOLAR, BASICA Y MEDIA",UNIVERSIDAD ARTURO PRAT,Teaching,-0.365346984732035,1062274.36560392,76,4,2022,2025,1.06227436560392
I75S2C23J1V1,PEDAGOGIA EN CASTELLANO Y COMUNICACION,UNIVERSIDAD DEL BIO-BIO,Teaching,-0.362571596002741,1134665.74348482,140,4,2022,2025,1.13466574348482
I94S1C55J1V1,PEDAGOGIA EN LENGUA CASTELLANA Y COMUNICACION,UNIVERSIDAD CATOLICA DE TEMUCO,Teaching,-0.360612069558452,1168861.51822581,106,4,2022,2025,1.16886151822581
I81S1C68J1V1,PEDAGOGIA EN LENGUA CASTELLANA Y COMUNICACION,UNIVERSIDAD ARTURO PRAT,Teaching,-0.358277051137612,1218706.96258378,52,4,2022,2025,1.21870696258378
I87S1C37J1V1,EDUCACION PARVULARIA,UNIVERSIDAD DE CONCEPCION,Teaching,-0.356060762478205,1032597.73286272,133,4,2022,2025,1.03259773286272
I80S1C17J1V1,PEDAGOGIA EN EDUCACION BASICA,UNIVERSIDAD DE TARAPACA,Teaching,-0.354015410869531,1108723.46272788,72,4,2022,2025,1.10872346272788
I39S2C407J1V1,PEDAGOGIA EN INGLES,UNIVERSIDAD SAN SEBASTIAN,Teaching,-0.354014700526285,1048474.78698171,96,4,2022,2025,1.04847478698171
I80S1C16J1V3,PEDAGOGIA EN CASTELLANO Y COMUNICACION,UNIVERSIDAD DE TARAPACA,Teaching,-0.352922909058414,1178631.54281885,78,4,2022,2025,1.17863154281885
I90S2C97J1V1,PEDAGOGIA EN EDUCACION DIFERENCIAL CON MENCION,UNIVERSIDAD AUSTRAL DE CHILE,Teaching,-0.351782334309263,1175735.65353221,71,4,2022,2025,1.17573565353221
I76S1C26J1V1,PEDAGOGIA EN CASTELLANO Y COMUNICACION,UNIVERSIDAD DE LA FRONTERA,Teaching,-0.351564087977779,1157425.2607781,142,4,2022,2025,1.1574252607781
I3S1C333J1V2,PEDAGOGIA EN EDUCACION DIFERENCIAL CON MENCION EN DESARROLLO COGNITIVO,UNIVERSIDAD DIEGO PORTALES,Teaching,-0.351172368029824,1282480.17685736,57,4,2022,2025,1.28248017685736
I69S1C59J1V1,PEDAGOGIA EN LENGUA CASTELLANA Y COMUNICACION,UNIVERSIDAD ALBERTO HURTADO,Teaching,-0.350751732742383,1217381.90061947,92,4,2022,2025,1.21738190061947
I895S1C6J1V1,PEDAGOGIA EN EDUCACION BASICA,UNIVERSIDAD DE O'HIGGINS,Teaching,-0.350688428786044,1154309.02719847,159,4,2022,2025,1.15430902719847
I77S1C24J1V1,PEDAGOGIA EN EDUCACION BASICA CON MENCION EN LENGUAJE Y MATEMATICAS,UNIVERSIDAD DE MAGALLANES,Teaching,-0.349963694509231,1173958.50285313,24,4,2022,2025,1.17395850285313
I31S3C25J1V1,PEDAGOGIA EN INGLES,UNIVERSIDAD AUTONOMA DE CHILE,Teaching,-0.349393463904082,984904.532103236,37,2,2022,2023,0.984904532103236
I69S1C370J1V2,PEDAGOGIA EN BIOLOGIA Y CIENCIAS NATURALES EN EDUCACION MEDIA,UNIVERSIDAD ALBERTO HURTADO,Teaching,-0.348788089079243,1209613.85295104,20,4,2022,2025,1.20961385295104
I77S1C25J1V1,PEDAGOGIA EN EDUCACION FISICA PARA ENSEÑANZA BASICA Y MEDIA,UNIVERSIDAD DE MAGALLANES,Teaching,-0.344443268846106,1116706.10208668,62,4,2022,2025,1.11670610208668
I31S2C25J1V2,PEDAGOGIA EN INGLES,UNIVERSIDAD AUTONOMA DE CHILE,Teaching,-0.342821270349796,984904.532103236,54,4,2022,2025,0.984904532103236
I78S8C329J1V1,PEDAGOGIA EN EDUCACION GENERAL BASICA MENCION INGLES,UNIVERSIDAD DE TALCA,Teaching,-0.337723906584563,1139733.71357365,31,3,2022,2024,1.13973371357365
I93S1C31J1V1,PEDAGOGIA EN EDUCACION MEDIA EN INGLES,UNIVERSIDAD CATOLICA DE LA SANTISIMA CONCEPCION,Teaching,-0.337602673539952,953271.113360151,199,4,2022,2025,0.953271113360151
I73S2C42J1V1,PEDAGOGIA EN LENGUAJE Y COMUNICACION,UNIVERSIDAD DE ANTOFAGASTA,Teaching,-0.337241710297405,1352352.00063865,29,3,2022,2025,1.35235200063865
I38S1C13J1V2,PEDAGOGIA EN EDUCACION GENERAL BASICA,UNIVERSIDAD ADVENTISTA DE CHILE,Teaching,-0.336959009027113,1000108.26991371,28,4,2022,2025,1.00010826991371
I77S1C274J1V1,PEDAGOGIA EN MUSICA PARA EDUCACION INICIAL BASICA Y MEDIA,UNIVERSIDAD DE MAGALLANES,Teaching,-0.334134446523978,1114150.36557807,17,2,2024,2025,1.11415036557807
I75S2C284J1V1,PEDAGOGIA EN EDUCACION ESPECIAL CON MENCION EN DIFICULTADES ESPECIFICAS DEL APRENDIZAJE,UNIVERSIDAD DEL BIO-BIO,Teaching,-0.333892238097343,1101876.98624312,108,4,2022,2025,1.10187698624312
I69S1C57J1V1,PEDAGOGIA EN HISTORIA Y CIENCIAS SOCIALES,UNIVERSIDAD ALBERTO HURTADO,Teaching,-0.329888243995635,1128611.75768952,119,4,2022,2025,1.12861175768952
I84S1C436J1V2,PEDAGOGIA EN EDUCACION MEDIA EN INGLES,UNIVERSIDAD DE LOS LAGOS,Teaching,-0.328206308683149,968262.606553989,113,5,2021,2025,0.968262606553989
I42S1C7J1V1,PEDAGOGIA EN EDUCACION FISICA,UNIVERSIDAD CATOLICA CARDENAL RAUL SILVA HENRIQUEZ,Teaching,-0.326166029194921,1043335.30438838,260,5,2021,2025,1.04333530438838
I86S2C571J1V2,PEDAGOGIA EN EDUCACION PARVULARIA,PONTIFICIA UNIVERSIDAD CATOLICA DE CHILE,Teaching,-0.32163747390828,1222018.47728345,23,3,2023,2025,1.22201847728345
I82S1C10J1V1,LICENCIATURA EN EDUCACION Y PEDAGOGIA EN EDUCACION ESPECIAL CON ESPECIALIDAD EN COMUNICACION Y LENGUAJE O EDUCACION DE LAS PERSONAS SORDAS O EN APRENDIZAJE,UNIVERSIDAD METROPOLITANA DE CIENCIAS DE LA EDUCACION,Teaching,-0.321046889014242,1232250.2406507,80,4,2022,2025,1.2322502406507
I31S1C25J1V2,PEDAGOGIA EN INGLES,UNIVERSIDAD AUTONOMA DE CHILE,Teaching,-0.32023495342393,984904.532103236,45,4,2022,2025,0.984904532103236
I42S1C8J1V3,PEDAGOGIA EN INGLES,UNIVERSIDAD CATOLICA CARDENAL RAUL SILVA HENRIQUEZ,Teaching,-0.319216588049114,1016318.8724965,78,3,2022,2024,1.0163188724965
I78S8C286J1V1,PEDAGOGIA EN EDUCACION MEDIA EN INGLES,UNIVERSIDAD DE TALCA,Teaching,-0.313599128900092,1056077.1001568,71,4,2022,2025,1.0560771001568
I13S5C39J1V2,PEDAGOGIA EN EDUCACION FISICA,UNIVERSIDAD SANTO TOMAS,Teaching,-0.310392888314635,1029882.69869166,120,4,2022,2025,1.02988269869166
I81S1C533J1V3,"PEDAGOGIA EN EDUCACION FISICA, PARA EL PRE ESCOLAR, BASICA Y MEDIA",UNIVERSIDAD ARTURO PRAT,Teaching,-0.308415227636718,1090512.41551667,81,4,2022,2025,1.09051241551667
I82S1C13J1V1,LICENCIATURA EN EDUCACION Y PEDAGOGIA EN EDUCACION BASICA CON MENCION,UNIVERSIDAD METROPOLITANA DE CIENCIAS DE LA EDUCACION,Teaching,-0.305955800377928,1193655.2733354,156,4,2022,2025,1.1936552733354
I82S1C51J1V1,PEDAGOGIA EN EDUCACION ESPECIAL CON ESPECIALIDAD EN DISCAPACIDAD MENTAL Y DESARROLLO COGNITIVO,UNIVERSIDAD METROPOLITANA DE CIENCIAS DE LA EDUCACION,Teaching,-0.300178629270858,1232250.2406507,107,4,2022,2025,1.2322502406507
I86S2C121J1V1,PEDAGOGIA EN EDUCACION GENERAL BASICA,PONTIFICIA UNIVERSIDAD CATOLICA DE CHILE,Teaching,-0.295378320349249,1368128.33334054,88,4,2022,2025,1.36812833334054
I69S1C58J1V1,PEDAGOGIA EN FILOSOFIA,UNIVERSIDAD ALBERTO HURTADO,Teaching,-0.294925416097114,1399383.69107166,21,4,2022,2025,1.39938369107166
I3S1C333J1V1,PEDAGOGIA EN EDUCACION DIFERENCIAL CON MENCION EN DESARROLLO COGNITIVO,UNIVERSIDAD DIEGO PORTALES,Teaching,-0.294281200906023,1282480.17685736,112,3,2022,2024,1.28248017685736
I42S1C21J1V1,PEDAGOGIA EN EDUCACION ARTISTICA,UNIVERSIDAD CATOLICA CARDENAL RAUL SILVA HENRIQUEZ,Teaching,-0.292235834990453,1040947.48710757,42,4,2022,2025,1.04094748710757
I90S4C520J1V1,PEDAGOGIA EN EDUCACION BASICA CON MENCIONES,UNIVERSIDAD AUSTRAL DE CHILE,Teaching,-0.290470877265737,1138910.76389327,18,2,2022,2023,1.13891076389327
I89S3C21J1V2,PEDAGOGIA EN EDUCACION ESPECIAL,PONTIFICIA UNIVERSIDAD CATOLICA DE VALPARAISO,Teaching,-0.286567803368867,1172621.78474901,170,4,2022,2025,1.17262178474901
I84S1C448J1V2,PEDAGOGIA EN EDUCACION MEDIA MENCION LENGUA CASTELLANA Y COMUNICACIONES,UNIVERSIDAD DE LOS LAGOS,Teaching,-0.286446128617056,1110850.84835499,64,4,2022,2025,1.11085084835499
I80S1C119J1V3,PEDAGOGIA EN HISTORIA Y GEOGRAFIA,UNIVERSIDAD DE TARAPACA,Teaching,-0.285317315443747,1092687.03315878,58,4,2022,2025,1.09268703315878
I20S3C546J1V1,PEDAGOGIA EN EDUCACION FISICA,UNIVERSIDAD ANDRES BELLO,Teaching,-0.285044022836745,1088116.45215313,87,4,2022,2025,1.08811645215313
I39S8C407J1V1,PEDAGOGIA EN INGLES,UNIVERSIDAD SAN SEBASTIAN,Teaching,-0.28332744053069,1048474.78698171,106,4,2022,2025,1.04847478698171
I4S1C17J1V2,PEDAGOGIA EN EDUCACION GENERAL BASICA,UNIVERSIDAD CENTRAL DE CHILE,Teaching,-0.282208305685934,1173885.59200835,15,4,2022,2025,1.17388559200835
I72S1C54J1V2,PEDAGOGIA EN HISTORIA Y CIENCIAS SOCIALES,UNIVERSIDAD DE VALPARAISO,Teaching,-0.28213725004211,1166632.99549391,57,4,2022,2025,1.16663299549391
I83S1C47J1V1,PEDAGOGIA EN EDUCACION FISICA VARONES,UNIVERSIDAD DE PLAYA ANCHA DE CIENCIAS DE LA EDUCACION,Teaching,-0.2818131294398,1007435.75748055,117,4,2022,2025,1.00743575748055
I73S2C369J1V1,PEDAGOGIA EN INGLES PARA EDUCACION BASICA Y MEDIA,UNIVERSIDAD DE ANTOFAGASTA,Teaching,-0.281602251578176,1178764.79552225,59,4,2022,2025,1.17876479552225
I31S2C15J1V1,PEDAGOGIA EN EDUCACION FISICA,UNIVERSIDAD AUTONOMA DE CHILE,Teaching,-0.280904377430692,1011085.88810443,57,2,2022,2023,1.01108588810443
I93S1C209J1V1,PEDAGOGIA EN EDUCACION FISICA,UNIVERSIDAD CATOLICA DE LA SANTISIMA CONCEPCION,Teaching,-0.279138880205019,978611.569791237,165,4,2022,2025,0.978611569791237
I90S1C143J1V2,PEDAGOGIA EN EDUCACION FISICA DEPORTES Y RECREACION,UNIVERSIDAD AUSTRAL DE CHILE,Teaching,-0.278139738807283,1083367.59491996,162,4,2022,2025,1.08336759491996
I72S1C53J1V1,PEDAGOGIA EN FILOSOFIA,UNIVERSIDAD DE VALPARAISO,Teaching,-0.27412500809198,1643073.16398989,20,4,2022,2025,1.64307316398989
I74S1C49J1V2,PEDAGOGIA EN HISTORIA Y GEOGRAFIA,UNIVERSIDAD DE LA SERENA,Teaching,-0.272778124509128,1077270.57042751,116,4,2022,2025,1.07727057042751
I91S1C124J1V2,PEDAGOGIA EN INGLES,UNIVERSIDAD CATOLICA DEL NORTE,Teaching,-0.272646578217214,1180326.45286405,146,4,2022,2025,1.18032645286405
I42S1C6J1V1,PEDAGOGIA EN HISTORIA Y GEOGRAFIA,UNIVERSIDAD CATOLICA CARDENAL RAUL SILVA HENRIQUEZ,Teaching,-0.270757223034218,1080961.71093508,44,4,2022,2025,1.08096171093508
I94S1C20J1V1,PEDAGOGIA EN INGLES,UNIVERSIDAD CATOLICA DE TEMUCO,Teaching,-0.269593464806962,1018827.05676821,139,4,2022,2025,1.01882705676821
I87S1C114J1V1,PEDAGOGIA EN FILOSOFIA,UNIVERSIDAD DE CONCEPCION,Teaching,-0.268255387534006,1618714.97897171,41,4,2022,2025,1.61871497897171
I4S7C44J1V2,PEDAGOGIA EN EDUCACION FISICA,UNIVERSIDAD CENTRAL DE CHILE,Teaching,-0.268079577719794,1116636.7470072,75,4,2022,2025,1.1166367470072
I89S1C21J1V2,PEDAGOGIA EN EDUCACION ESPECIAL,PONTIFICIA UNIVERSIDAD CATOLICA DE VALPARAISO,Teaching,-0.268021896484138,1172621.78474901,19,1,2022,2022,1.17262178474901
I83S1C55J1V1,PEDAGOGIA EN HISTORIA Y GEOGRAFIA,UNIVERSIDAD DE PLAYA ANCHA DE CIENCIAS DE LA EDUCACION,Teaching,-0.267935146802678,1043767.49783403,52,4,2022,2025,1.04376749783403
I87S3C109J1V1,PEDAGOGIA EN CIENCIAS NATURALES Y BIOLOGIA,UNIVERSIDAD DE CONCEPCION,Teaching,-0.267047273327561,1221110.49641267,53,4,2022,2025,1.22111049641267
I73S2C31J1V2,PEDAGOGIA EN BIOLOGIA Y CIENCIAS NATURALES,UNIVERSIDAD DE ANTOFAGASTA,Teaching,-0.267027608532289,1343722.71610591,22,3,2022,2024,1.34372271610591
I83S2C40J1V1,PEDAGOGIA EN CASTELLANO,UNIVERSIDAD DE PLAYA ANCHA DE CIENCIAS DE LA EDUCACION,Teaching,-0.266089573948798,1125864.27676362,43,4,2022,2025,1.12586427676362
I89S3C23J1V2,PEDAGOGIA EDUCACION BASICA,PONTIFICIA UNIVERSIDAD CATOLICA DE VALPARAISO,Teaching,-0.264955217612063,1135894.42372882,117,4,2022,2025,1.13589442372882
I76S1C77J1V1,"PEDAGOGIA EN EDUCACION FISICA, DEPORTES Y RECREACION",UNIVERSIDAD DE LA FRONTERA,Teaching,-0.261865297154945,1035676.87365564,198,4,2022,2025,1.03567687365564
I895S1C7J1V1,PEDAGOGIA EN INGLES PARA ENSEÑANZA BASICA Y MEDIA,UNIVERSIDAD DE O'HIGGINS,Teaching,-0.261302376037738,1048109.99179376,225,4,2022,2025,1.04810999179376
I20S3C547J1V1,PEDAGOGIA EN INGLES PARA LA ENSEÑANZA BASICA Y MEDIA,UNIVERSIDAD ANDRES BELLO,Teaching,-0.260250696956591,1059940.44402192,45,4,2022,2025,1.05994044402192
I895S1C30J1V1,PEDAGOGIA EN CIENCIAS NATURALES CON MENCIONES,UNIVERSIDAD DE O'HIGGINS,Teaching,-0.258762398910993,1235391.80682746,62,4,2022,2025,1.23539180682746
I74S1C10J1V2,PEDAGOGIA EN EDUCACION DIFERENCIAL,UNIVERSIDAD DE LA SERENA,Teaching,-0.255671515288527,1128423.7938379,100,4,2022,2025,1.1284237938379
I82S1C50J1V1,PEDAGOGIA EN ARTES VISUALES,UNIVERSIDAD METROPOLITANA DE CIENCIAS DE LA EDUCACION,Teaching,-0.254995435064874,1132843.6703075,82,4,2022,2025,1.1328436703075
I84S1C31J1V2,PEDAGOGIA EN EDUCACION MEDIA EN HISTORIA Y GEOGRAFIA,UNIVERSIDAD DE LOS LAGOS,Teaching,-0.253959931857603,1029848.83203442,50,4,2022,2025,1.02984883203442
I69S1C301J1V1,PEDAGOGIA EN ARTES VISUALES,UNIVERSIDAD ALBERTO HURTADO,Teaching,-0.253537098166112,1086833.6604362,80,4,2022,2025,1.0868336604362
I50S1C22J1V1,"PEDAGOGIA EN EDUCACION FISICA, DEPORTE Y RECREACION PARA ENSEÑANZA BASICA Y MEDIA",UNIVERSIDAD BERNARDO O'HIGGINS,Teaching,-0.253391884901932,983186.030325749,67,5,2021,2025,0.983186030325749
I75S2C24J1V2,PEDAGOGIA EN EDUCACION GENERAL BASICA CON MENCION EN LENGUAJE Y COMUNICACION O EDUCACION MATEMATICA,UNIVERSIDAD DEL BIO-BIO,Teaching,-0.252264588283246,1067365.40339524,137,4,2022,2025,1.06736540339524
I84S2C491J1V1,PEDAGOGIA EN MUSICA,UNIVERSIDAD DE LOS LAGOS,Teaching,-0.251792391845771,991726.666136536,74,4,2022,2025,0.991726666136536
I73S2C42J1V2,PEDAGOGIA EN LENGUAJE Y COMUNICACION,UNIVERSIDAD DE ANTOFAGASTA,Teaching,-0.247904360921394,1352352.00063865,53,3,2022,2024,1.35235200063865
I10S7C724J1V1,PEDAGOGIA EN EDUCACION PARVULARIA,UNIVERSIDAD MAYOR,Teaching,-0.244588309384119,1048837.33547006,19,2,2022,2023,1.04883733547006
I83S1C48J1V1,PEDAGOGIA EN EDUCACION MUSICAL,UNIVERSIDAD DE PLAYA ANCHA DE CIENCIAS DE LA EDUCACION,Teaching,-0.24433519903966,1005130.10128269,72,4,2022,2025,1.00513010128269
I87S1C110J1V1,EDUCACION GENERAL BASICA,UNIVERSIDAD DE CONCEPCION,Teaching,-0.243467111383736,1156059.61901099,137,4,2022,2025,1.15605961901099
I31S3C15J1V2,PEDAGOGIA EN EDUCACION FISICA,UNIVERSIDAD AUTONOMA DE CHILE,Teaching,-0.243247465528656,1011085.88810443,65,4,2022,2025,1.01108588810443
I50S1C21J1V1,PEDAGOGIA EN INGLES PARA ENSEÑANZA BASICA Y MEDIA,UNIVERSIDAD BERNARDO O'HIGGINS,Teaching,-0.232560964351271,957727.121465273,44,3,2022,2024,0.957727121465273
I20S2C547J1V1,PEDAGOGIA EN INGLES PARA LA ENSEÑANZA BASICA Y MEDIA,UNIVERSIDAD ANDRES BELLO,Teaching,-0.231686473614517,1059940.44402192,96,4,2022,2025,1.05994044402192
I20S2C26J1V1,PSICOPEDAGOGIA,UNIVERSIDAD ANDRES BELLO,Teaching,-0.22875614833464,996096.364776363,39,4,2022,2025,0.996096364776363
I38S1C138J1V2,PEDAGOGIA EN EDUCACION DIFERENCIAL MENCION DIFICULTADES ESPECIFICAS DEL APRENDIZAJE,UNIVERSIDAD ADVENTISTA DE CHILE,Teaching,-0.228189844329711,1032445.19905174,26,4,2022,2025,1.03244519905174
I75S2C50J1V1,PEDAGOGIA EN CIENCIAS NATURALES MENCION BIOLOGIA O FISICA O QUIMICA,UNIVERSIDAD DEL BIO-BIO,Teaching,-0.227961644105423,1127425.50311437,99,4,2022,2025,1.12742550311437
I90S1C103J1V2,PEDAGOGIA EN LENGUAJE Y COMUNICACION,UNIVERSIDAD AUSTRAL DE CHILE,Teaching,-0.226796232232347,1210722.23679458,105,4,2022,2025,1.21072223679458
I31S1C15J1V2,PEDAGOGIA EN EDUCACION FISICA,UNIVERSIDAD AUTONOMA DE CHILE,Teaching,-0.225702125477826,1011085.88810443,56,4,2022,2025,1.01108588810443
I84S2C490J1V1,PEDAGOGIA EN ARTES VISUALES,UNIVERSIDAD DE LOS LAGOS,Teaching,-0.225547128843344,991726.666136536,47,4,2022,2025,0.991726666136536
I82S1C7J1V1,"LICENCIATURA EN EDUCACION Y PEDAGOGIA EN EDUCACION FISICA, DEPORTES Y RECREACION (DAMAS)",UNIVERSIDAD METROPOLITANA DE CIENCIAS DE LA EDUCACION,Teaching,-0.22208408110865,1135442.28716946,86,4,2022,2025,1.13544228716946
I90S1C146J1V2,PEDAGOGIA EN HISTORIA Y CIENCIAS SOCIALES,UNIVERSIDAD AUSTRAL DE CHILE,Teaching,-0.221218190896959,1122437.7091915,78,4,2022,2025,1.1224377091915
I89S3C403J1V2,PEDAGOGIA EN CASTELLANO Y COMUNICACION,PONTIFICIA UNIVERSIDAD CATOLICA DE VALPARAISO,Teaching,-0.221047677464092,1207515.70804217,137,4,2022,2025,1.20751570804217
I38S1C17J1V1,PEDAGOGIA EN INGLES,UNIVERSIDAD ADVENTISTA DE CHILE,Teaching,-0.220460545519988,926700.183520592,20,4,2022,2025,0.926700183520592
I71S1C395J1V2,PEDAGOGIA EN EDUCACION FISICA,UNIVERSIDAD DE SANTIAGO DE CHILE,Teaching,-0.216696883381114,1191118.60274951,111,4,2022,2025,1.19111860274951
I92S1C441J1V1,"PEDAGOGIA EN HISTORIA, GEOGRAFIA Y CIENCIAS SOCIALES",UNIVERSIDAD CATOLICA DEL MAULE,Teaching,-0.214324490764678,1082670.02731423,89,4,2022,2025,1.08267002731423
I70S1C1012J1V1,PEDAGOGIA EN EDUCACION ESPECIAL,UNIVERSIDAD DE CHILE,Teaching,-0.212500547208098,1418517.40602282,27,3,2023,2025,1.41851740602282
I83S1C51J1V1,PEDAGOGIA EN FILOSOFIA,UNIVERSIDAD DE PLAYA ANCHA DE CIENCIAS DE LA EDUCACION,Teaching,-0.212083519668631,1121110.11544918,15,4,2022,2025,1.12111011544918
I31S2C15J1V2,PEDAGOGIA EN EDUCACION FISICA,UNIVERSIDAD AUTONOMA DE CHILE,Teaching,-0.211441049038295,1011085.88810443,76,4,2022,2025,1.01108588810443
I74S1C47J1V2,PEDAGOGIA EN EDUCACION GENERAL BASICA,UNIVERSIDAD DE LA SERENA,Teaching,-0.209777210039257,1093080.74580735,70,4,2022,2025,1.09308074580735
I31S2C24J1V1,"PEDAGOGIA EN HISTORIA, GEOGRAFIA Y CIENCIAS SOCIALES",UNIVERSIDAD AUTONOMA DE CHILE,Teaching,-0.20929920039973,1047549.26523683,39,2,2022,2023,1.04754926523683
I3S1C57J1V2,PEDAGOGIA EN EDUCACION GENERAL BASICA,UNIVERSIDAD DIEGO PORTALES,Teaching,-0.207490976478491,1242311.97167024,38,4,2022,2025,1.24231197167024
I76S1C27J1V1,PEDAGOGIA EN HISTORIA Y GEOGRAFIA Y EDUCACION CIVICA,UNIVERSIDAD DE LA FRONTERA,Teaching,-0.206825056177964,1073027.08977053,103,4,2022,2025,1.07302708977053
I90S2C520J1V1,PEDAGOGIA EN EDUCACION BASICA CON MENCIONES,UNIVERSIDAD AUSTRAL DE CHILE,Teaching,-0.203459067786714,1138910.76389327,100,4,2022,2025,1.13891076389327
I31S2C14J1V2,PEDAGOGIA EN EDUCACION BASICA CON MENCION,UNIVERSIDAD AUTONOMA DE CHILE,Teaching,-0.200857863689163,1062923.24653463,51,4,2022,2025,1.06292324653463
I70S1C862J1V1,PEDAGOGIA EN EDUCACION PARVULARIA,UNIVERSIDAD DE CHILE,Teaching,-0.196599728308244,1227342.05086813,162,4,2022,2025,1.22734205086813
I71S1C146J1V2,PEDAGOGIA EN EDUCACION GENERAL BASICA / LICENCIATURA EN EDUCACION,UNIVERSIDAD DE SANTIAGO DE CHILE,Teaching,-0.192160316822429,1252186.05772047,122,4,2022,2025,1.25218605772047
I80S1C120J1V2,PEDAGOGIA EN INGLES,UNIVERSIDAD DE TARAPACA,Teaching,-0.192062554953282,1027343.00604489,71,3,2022,2024,1.02734300604489
I39S6C20J1V2,PEDAGOGIA EN EDUCACION BASICA,UNIVERSIDAD SAN SEBASTIAN,Teaching,-0.190255986751302,1131529.18700499,29,4,2022,2025,1.13152918700499
I92S2C44J1V1,"PEDAGOGIA EN EDUCACION GENERAL BASICA MENCION MATEMATICA, CIENCIAS SOCIALES, CIENCIAS NATURALES, LENGUAJE Y COMUNICACION",UNIVERSIDAD CATOLICA DEL MAULE,Teaching,-0.189467292157556,1098559.44588763,105,4,2022,2025,1.09855944588763
I82S1C19J1V1,PEDAGOGIA EN CASTELLANO,UNIVERSIDAD METROPOLITANA DE CIENCIAS DE LA EDUCACION,Teaching,-0.185175631366691,1268918.53893279,215,4,2022,2025,1.26891853893279
I39S6C92J1V2,PEDAGOGIA DE EDUCACION MEDIA EN HISTORIA Y GEOGRAFIA,UNIVERSIDAD SAN SEBASTIAN,Teaching,-0.184063889556285,1115162.89845533,13,2,2022,2023,1.11516289845533
I87S1C35J1V1,EDUCACION DIFERENCIAL,UNIVERSIDAD DE CONCEPCION,Teaching,-0.179916455134894,1193438.98992902,127,4,2022,2025,1.19343898992902
I76S1C278J1V1,PEDAGOGIA EN INGLES,UNIVERSIDAD DE LA FRONTERA,Teaching,-0.178918266476807,1008858.75142646,148,4,2022,2025,1.00885875142646
I72S1C558J1V1,PEDAGOGIA EN MUSICA,UNIVERSIDAD DE VALPARAISO,Teaching,-0.17708439585187,1123447.45678887,50,4,2022,2025,1.12344745678887
I90S1C128J1V2,PEDAGOGIA EN COMUNICACION EN LENGUA INGLESA,UNIVERSIDAD AUSTRAL DE CHILE,Teaching,-0.175703897494198,1055314.55509765,136,4,2022,2025,1.05531455509765
I77S1C26J1V1,PEDAGOGIA EN INGLES PARA ENSEÑANZA BASICA Y MEDIA,UNIVERSIDAD DE MAGALLANES,Teaching,-0.174916404195922,1087789.78513338,48,4,2022,2025,1.08778978513338
I92S1C44J1V1,"PEDAGOGIA EN EDUCACION GENERAL BASICA MENCION MATEMATICA, CIENCIAS SOCIALES, CIENCIAS NATURALES, LENGUAJE Y COMUNICACION",UNIVERSIDAD CATOLICA DEL MAULE,Teaching,-0.173068030310559,1098559.44588763,141,4,2022,2025,1.09855944588763
I82S1C20J1V1,PEDAGOGIA EN FRANCES,UNIVERSIDAD METROPOLITANA DE CIENCIAS DE LA EDUCACION,Teaching,-0.172918950249441,1106040.80991719,10,4,2022,2025,1.10604080991719
I45S4C415J1V2,PEDAGOGIA EN EDUCACION DE PARVULOS,UNIVERSIDAD DEL DESARROLLO,Teaching,-0.172526093993418,1142622.00428997,93,4,2022,2025,1.14262200428997
I39S6C46J1V1,PEDAGOGIA EN EDUCACION FISICA,UNIVERSIDAD SAN SEBASTIAN,Teaching,-0.16859169716746,1076346.00775641,61,4,2021,2024,1.07634600775641
I82S1C18J1V1,PEDAGOGIA EN ALEMAN,UNIVERSIDAD METROPOLITANA DE CIENCIAS DE LA EDUCACION,Teaching,-0.166525312157337,1106040.80991719,11,4,2022,2025,1.10604080991719
I87S3C110J1V1,EDUCACION GENERAL BASICA,UNIVERSIDAD DE CONCEPCION,Teaching,-0.15297854088993,1156059.61901099,96,4,2022,2025,1.15605961901099
I75S2C26J1V1,PEDAGOGIA EN INGLES,UNIVERSIDAD DEL BIO-BIO,Teaching,-0.152391129030035,989020.634031191,158,4,2022,2025,0.989020634031191
I83S1C39J1V1,PEDAGOGIA EN BIOLOGIA Y CIENCIAS,UNIVERSIDAD DE PLAYA ANCHA DE CIENCIAS DE LA EDUCACION,Teaching,-0.149281754464285,1118680.19807341,23,4,2022,2025,1.11868019807341
I89S1C24J1V2,EDUCACION PARVULARIA,PONTIFICIA UNIVERSIDAD CATOLICA DE VALPARAISO,Teaching,-0.142314832728136,1014586.08831716,16,1,2022,2022,1.01458608831716
I31S1C25J1V1,PEDAGOGIA EN INGLES,UNIVERSIDAD AUTONOMA DE CHILE,Teaching,-0.141895940541401,984904.532103236,27,2,2022,2023,0.984904532103236
I74S1C50J1V2,PEDAGOGIA EN INGLES,UNIVERSIDAD DE LA SERENA,Teaching,-0.138933437627177,1012848.4667264,127,4,2022,2025,1.0128484667264
I91S1C288J1V1,PEDAGOGIA EN EDUCACION BASICA CON ESPECIALIZACION,UNIVERSIDAD CATOLICA DEL NORTE,Teaching,-0.138405790173038,1273825.41592107,72,4,2022,2025,1.27382541592107
I89S3C50J1V1,PEDAGOGIA EN INGLES,PONTIFICIA UNIVERSIDAD CATOLICA DE VALPARAISO,Teaching,-0.135675096268315,1052519.61472164,191,5,2021,2025,1.05251961472164
I75S2C56J1V2,PEDAGOGIA EN EDUCACION FISICA,UNIVERSIDAD DEL BIO-BIO,Teaching,-0.135435770355385,1015311.40686052,181,4,2022,2025,1.01531140686052
I87S1C109J1V1,PEDAGOGIA EN CIENCIAS NATURALES Y BIOLOGIA,UNIVERSIDAD DE CONCEPCION,Teaching,-0.134819250757822,1221110.49641267,57,4,2022,2025,1.22111049641267
I78S8C339J1V1,PEDAGOGIA EN EDUCACION MEDIA EN BIOLOGIA Y QUIMICA,UNIVERSIDAD DE TALCA,Teaching,-0.125116400557268,1203865.94071231,22,4,2022,2025,1.20386594071231
I89S1C397J1V2,PEDAGOGIA EN BIOLOGIA Y CIENCIAS NATURALES,PONTIFICIA UNIVERSIDAD CATOLICA DE VALPARAISO,Teaching,-0.124970974515281,1199810.61601175,11,2,2024,2025,1.19981061601175
I92S1C146J1V2,PEDAGOGIA EN LENGUA CASTELLANA Y COMUNICACION,UNIVERSIDAD CATOLICA DEL MAULE,Teaching,-0.122895616770087,1167826.65661199,153,4,2022,2025,1.16782665661199
I39S6C407J1V1,PEDAGOGIA EN INGLES,UNIVERSIDAD SAN SEBASTIAN,Teaching,-0.122222250106817,1048474.78698171,64,4,2022,2025,1.04847478698171
I31S2C25J1V1,PEDAGOGIA EN INGLES,UNIVERSIDAD AUTONOMA DE CHILE,Teaching,-0.121027082030724,984904.532103236,31,2,2022,2023,0.984904532103236
I80S1C64J1V1,PEDAGOGIA EN BIOLOGIA Y CIENCIAS NATURALES,UNIVERSIDAD DE TARAPACA,Teaching,-0.117443510705297,1171110.75907509,11,3,2022,2024,1.17111075907509
I92S1C18J1V1,PEDAGOGIA EN RELIGION Y FILOSOFIA,UNIVERSIDAD CATOLICA DEL MAULE,Teaching,-0.103189967941452,1366670.38705018,18,4,2022,2025,1.36667038705018
I82S1C41J1V1,PEDAGOGIA EN FILOSOFIA,UNIVERSIDAD METROPOLITANA DE CIENCIAS DE LA EDUCACION,Teaching,-0.102539848019789,1255637.79703771,36,4,2022,2025,1.25563779703771
I75S2C25J1V2,PEDAGOGIA EN HISTORIA Y GEOGRAFIA,UNIVERSIDAD DEL BIO-BIO,Teaching,-0.101224424180684,1051927.17132795,95,4,2022,2025,1.05192717132795
I92S1C16J1V2,PEDAGOGIA EN EDUCACION FISICA,UNIVERSIDAD CATOLICA DEL MAULE,Teaching,-0.0992270659098187,1044984.15723061,215,4,2022,2025,1.04498415723061
I92S1C48J1V1,PEDAGOGIA EN INGLES,UNIVERSIDAD CATOLICA DEL MAULE,Teaching,-0.0972235568463273,1017925.02945724,220,4,2022,2025,1.01792502945724
I87S3C236J1V1,PEDAGOGIA EN INGLES,UNIVERSIDAD DE CONCEPCION,Teaching,-0.0950496479748139,1071204.68185975,79,4,2022,2025,1.07120468185975
I69S1C77J1V1,PEDAGOGIA EN MUSICA,UNIVERSIDAD ALBERTO HURTADO,Teaching,-0.0878747978537971,1086833.6604362,149,4,2022,2025,1.0868336604362
I82S1C22J1V1,LICENCIATURA EN EDUCACION CON MENCION EN INGLES Y PEDAGOGIA EN INGLES,UNIVERSIDAD METROPOLITANA DE CIENCIAS DE LA EDUCACION,Teaching,-0.0779256781475328,1106040.80991719,157,4,2022,2025,1.10604080991719
I82S1C21J1V1,LICENCIATURA EN EDUCACION CON MENCION EN HISTORIA O GEOGRAFIA Y PEDAGOGIA EN HISTORIA Y GEOGRAFIA,UNIVERSIDAD METROPOLITANA DE CIENCIAS DE LA EDUCACION,Teaching,-0.0777493441775274,1176390.40128739,177,5,2021,2025,1.17639040128739
I74S1C46J1V2,PEDAGOGIA EN CASTELLANO Y FILOSOFIA,UNIVERSIDAD DE LA SERENA,Teaching,-0.0754931523465446,1162002.50934231,137,4,2022,2025,1.16200250934231
I3S1C355J1V1,PEDAGOGIA EN INGLES,UNIVERSIDAD DIEGO PORTALES,Teaching,-0.0732838270195026,1151126.09981314,87,2,2022,2023,1.15112609981314
I74S1C48J1V2,PEDAGOGIA EN EDUCACION MUSICAL,UNIVERSIDAD DE LA SERENA,Teaching,-0.0707939431045953,1037392.98245023,94,4,2022,2025,1.03739298245023
I38S1C19J1V1,PEDAGOGIA EN MUSICA MENCION EDUCACION EXTRAESCOLAR,UNIVERSIDAD ADVENTISTA DE CHILE,Teaching,-0.0694808843937664,949157.054388168,66,4,2022,2025,0.949157054388168
I3S1C57J1V1,PEDAGOGIA EN EDUCACION GENERAL BASICA,UNIVERSIDAD DIEGO PORTALES,Teaching,-0.0656066347648499,1242311.97167024,49,3,2022,2024,1.24231197167024
I84S1C455J1V1,PEDAGOGIA EN EDUCACION BASICA MENCION LENGUAJE Y MATEMATICA,UNIVERSIDAD DE LOS LAGOS,Teaching,-0.0594946975099592,1044963.03926904,54,4,2022,2025,1.04496303926904
I92S1C42J1V1,"PEDAGOGIA EN CIENCIAS MENCION EN BIOLOGIA, FISICA, QUIMICA",UNIVERSIDAD CATOLICA DEL MAULE,Teaching,-0.0552024129324739,1160374.8182592,59,4,2022,2025,1.1603748182592
I3S1C355J1V2,PEDAGOGIA EN INGLES,UNIVERSIDAD DIEGO PORTALES,Teaching,-0.0521989749188,1151126.09981314,134,4,2022,2025,1.15112609981314
I82S1C5J1V1,"LICENCIATURA EN EDUCACION EN BIOLOGIA Y PEDAGOGIA EN BIOLOGIA MENCION CIENCIAS NATURALES, O INFORMATICA EDUCATIVA, O ESTADISTICA EDUCACIONAL, O EDUCACION EN TECNOLOGIA, O EDUCACION EN ASTRONOMIA",UNIVERSIDAD METROPOLITANA DE CIENCIAS DE LA EDUCACION,Teaching,-0.0482619666160066,1260821.63877946,57,4,2022,2025,1.26082163877946
I71S1C145J1V2,PEDAGOGIA EN QUIMICA Y BIOLOGIA /LICENCIATURA EN EDUCACION EN QUIMICA Y BIOLOGIA,UNIVERSIDAD DE SANTIAGO DE CHILE,Teaching,-0.0307686218583935,1322645.92015781,26,2,2024,2025,1.32264592015781
I82S1C17J1V1,"LICENCIATURA EN EDUCACION EN QUIMICA Y PEDAGOGIA EN QUIMICA MENCION CIENCIAS NATURALES, O INFORMATICA EDUCATIVA, O ESTADISTICA EDUCACIONAL, O EDUCACION EN TECNOLOGIA, O EDUCACION EN ASTRONOMIA",UNIVERSIDAD METROPOLITANA DE CIENCIAS DE LA EDUCACION,Teaching,-0.0149785008194044,1260821.63877946,17,4,2022,2025,1.26082163877946
I20S2C546J1V1,PEDAGOGIA EN EDUCACION FISICA,UNIVERSIDAD ANDRES BELLO,Teaching,-0.0142687189075539,1088116.45215313,185,4,2022,2025,1.08811645215313
I82S1C3J1V1,LICENCIATURA EN EDUCACION Y PEDAGOGIA EN MUSICA,UNIVERSIDAD METROPOLITANA DE CIENCIAS DE LA EDUCACION,Teaching,-0.0101872530739127,1132843.6703075,101,4,2022,2025,1.1328436703075
I74S1C45J1V2,PEDAGOGIA EN BIOLOGIA Y CIENCIAS NATURALES,UNIVERSIDAD DE LA SERENA,Teaching,-0.00886682474222287,1154587.83455636,52,4,2022,2025,1.15458783455636
I76S1C83J1V1,"PEDAGOGIA EN CIENCIAS MENCION BIOLOGIA, QUIMICA O FISICA",UNIVERSIDAD DE LA FRONTERA,Teaching,-0.00539167368814338,1150039.79316618,77,4,2022,2025,1.15003979316618
I89S3C22J1V2,PEDAGOGIA EN EDUCACION FISICA,PONTIFICIA UNIVERSIDAD CATOLICA DE VALPARAISO,Teaching,0.0110997265391547,1080498.35766887,184,4,2022,2025,1.08049835766887
I89S3C407J1V1,"PEDAGOGIA EN HISTORIA, GEOGRAFIA Y CIENCIAS SOCIALES",PONTIFICIA UNIVERSIDAD CATOLICA DE VALPARAISO,Teaching,0.0118134526089497,1119464.99697236,124,4,2022,2025,1.11946499697236
I71S1C40J1V1,PEDAGOGIA EN CASTELLANO / LICENCIATURA EN EDUCACION EN CASTELLANO,UNIVERSIDAD DE SANTIAGO DE CHILE,Teaching,0.0127458077513964,1331139.85111864,145,4,2022,2025,1.33113985111864
I10S7C21J1V1,"PEDAGOGIA EN EDUCACION FISICA, DEPORTES Y RECREACION PARA EDUCACION BASICA Y MEDIA",UNIVERSIDAD MAYOR,Teaching,0.0245024024890157,1116974.72642945,106,4,2022,2025,1.11697472642945
I82S1C8J1V1,"LICENCIATURA EN EDUCACION Y PEDAGOGIA EN EDUCACION FISICA, DEPORTES Y RECREACION (VARONES)",UNIVERSIDAD METROPOLITANA DE CIENCIAS DE LA EDUCACION,Teaching,0.0267889485149215,1135442.28716946,167,4,2022,2025,1.13544228716946
I87S1C635J1V1,PEDAGOGIA EN ARTES VISUALES,UNIVERSIDAD DE CONCEPCION,Teaching,0.0448187415289958,1097163.35289603,67,4,2022,2025,1.09716335289603
I87S1C506J1V1,PEDAGOGIA EN EDUCACION FISICA,UNIVERSIDAD DE CONCEPCION,Teaching,0.0457038643878629,1099680.12309468,199,4,2022,2025,1.09968012309468
I71S1C43J1V1,PEDAGOGIA EN INGLES,UNIVERSIDAD DE SANTIAGO DE CHILE,Teaching,0.0584975659293484,1160275.42657117,141,4,2022,2025,1.16027542657117
I45S4C99J1V1,PEDAGOGIA BASICA MENCION EN INGLES,UNIVERSIDAD DEL DESARROLLO,Teaching,0.0593158908001345,1279238.87193799,69,4,2022,2025,1.27923887193799
I87S1C245J1V1,PEDAGOGIA EN CIENCIAS NATURALES Y QUIMICA,UNIVERSIDAD DE CONCEPCION,Teaching,0.0770952159213083,1221110.49641267,36,4,2022,2025,1.22111049641267
I34S1C35J1V2,EDUCACION DE PARVULOS CON MENCIONES,UNIVERSIDAD DE LOS ANDES,Teaching,0.0833286957900517,1225447.49629951,85,4,2022,2025,1.22544749629951
I87S1C113J1V1,PEDAGOGIA EN ESPAÑOL,UNIVERSIDAD DE CONCEPCION,Teaching,0.0944464630240735,1228952.3746463,127,4,2022,2025,1.2289523746463
I89S1C397J1V1,PEDAGOGIA EN BIOLOGIA Y CIENCIAS NATURALES,PONTIFICIA UNIVERSIDAD CATOLICA DE VALPARAISO,Teaching,0.101445231362776,1199810.61601175,28,3,2022,2024,1.19981061601175
I87S1C236J1V1,PEDAGOGIA EN INGLES,UNIVERSIDAD DE CONCEPCION,Teaching,0.101830752234693,1071204.68185975,168,4,2022,2025,1.07120468185975
I71S1C45J1V1,PEDAGOGIA EN FILOSOFIA,UNIVERSIDAD DE SANTIAGO DE CHILE,Teaching,0.114037106964572,1862549.17557968,48,4,2022,2025,1.86254917557968
I87S1C116J1V1,PEDAGOGIA EN HISTORIA Y GEOGRAFIA,UNIVERSIDAD DE CONCEPCION,Teaching,0.115390825429626,1139338.52553622,131,4,2022,2025,1.13933852553622
I87S1C244J1V1,PEDAGOGIA EN CIENCIAS NATURALES Y FISICA,UNIVERSIDAD DE CONCEPCION,Teaching,0.125047253291031,1221110.49641267,18,4,2022,2025,1.22111049641267
I71S1C145J1V1,PEDAGOGIA EN QUIMICA Y BIOLOGIA /LICENCIATURA EN EDUCACION EN QUIMICA Y BIOLOGIA,UNIVERSIDAD DE SANTIAGO DE CHILE,Teaching,0.140945065162807,1322645.92015781,31,3,2022,2024,1.32264592015781
I70S1C1011J1V1,PEDAGOGIA EN EDUCACION FISICA,UNIVERSIDAD DE CHILE,Teaching,0.16811568455811,1307075.94508866,35,3,2023,2025,1.30707594508866
I89S3C409J1V2,PEDAGOGIA EN MUSICA,PONTIFICIA UNIVERSIDAD CATOLICA DE VALPARAISO,Teaching,0.178466396822101,1078025.48759587,46,3,2023,2025,1.07802548759587
I70S1C861J1V1,PEDAGOGIA EN EDUCACION BASICA,UNIVERSIDAD DE CHILE,Teaching,0.184647904189182,1374088.41658905,90,4,2022,2025,1.37408841658905
I86S5C47J1V1,PEDAGOGIA EN EDUCACION PARVULARIA,PONTIFICIA UNIVERSIDAD CATOLICA DE CHILE,Teaching,0.197406195417773,1222018.47728345,215,3,2022,2024,1.22201847728345
I74S1C53J1V2,PEDAGOGIA EN QUIMICA Y CIENCIAS NATURALES,UNIVERSIDAD DE LA SERENA,Teaching,0.203523880583689,1154587.83455636,18,3,2022,2024,1.15458783455636
I42S1C13J1V1,PEDAGOGIA EN MATEMATICAS E INFORMATICA EDUCATIVA,UNIVERSIDAD CATOLICA CARDENAL RAUL SILVA HENRIQUEZ,Teaching,0.219517390608851,1190617.94511285,27,3,2022,2024,1.19061794511285
I89S1C403J1V2,PEDAGOGIA EN CASTELLANO Y COMUNICACION,PONTIFICIA UNIVERSIDAD CATOLICA DE VALPARAISO,Teaching,0.224961106173117,1207515.70804217,24,1,2022,2022,1.20751570804217
I89S3C405J1V2,PEDAGOGIA EN FILOSOFIA,PONTIFICIA UNIVERSIDAD CATOLICA DE VALPARAISO,Teaching,0.231196769390968,1623738.23572842,22,4,2022,2025,1.62373823572842
I71S1C149J1V1,PEDAGOGIA EN HISTORIA Y CIENCIAS SOCIALES / LICENCIATURA EN EDUCACION EN HISTORIA Y CIENCIAS SOCIALES,UNIVERSIDAD DE SANTIAGO DE CHILE,Teaching,0.250407141754869,1234074.60414608,152,4,2022,2025,1.23407460414608
I86S5C47J1V2,PEDAGOGIA EN EDUCACION PARVULARIA,PONTIFICIA UNIVERSIDAD CATOLICA DE CHILE,Teaching,0.280831217650086,1222018.47728345,79,3,2023,2025,1.22201847728345
I89S1C22J1V2,PEDAGOGIA EN EDUCACION FISICA,PONTIFICIA UNIVERSIDAD CATOLICA DE VALPARAISO,Teaching,0.283702444227199,1080498.35766887,32,1,2022,2022,1.08049835766887
I87S1C112J1V1,PEDAGOGIA EN EDUCACION MUSICAL,UNIVERSIDAD DE CONCEPCION,Teaching,0.306091268313125,1097163.35289603,87,4,2022,2025,1.09716335289603
I70S1C863J1V1,PEDAGOGIA EN EDUCACION MEDIA EN BIOLOGIA Y QUIMICA,UNIVERSIDAD DE CHILE,Teaching,0.307497139933074,1451407.66177043,85,4,2022,2025,1.45140766177043
I82S1C6J1V1,"LICENCIATURA EN EDUCACION EN FISICA Y PEDAGOGIA EN FISICA MENCION CIENCIAS NATURALES, O INFORMATICA EDUCATIVA, O ESTADISTICA EDUCACIONAL, O EDUCACION EN TECNOLOGIA, O EDUCACION EN ASTRONOMIA",UNIVERSIDAD METROPOLITANA DE CIENCIAS DE LA EDUCACION,Teaching,0.315981982310055,1260821.63877946,10,4,2022,2025,1.26082163877946
I89S1C23J1V2,PEDAGOGIA EDUCACION BASICA,PONTIFICIA UNIVERSIDAD CATOLICA DE VALPARAISO,Teaching,0.35919271771009,1135894.42372882,19,1,2022,2022,1.13589442372882
I86S5C1295J1V1,PEDAGOGIA EN EDUCACION ESPECIAL,PONTIFICIA UNIVERSIDAD CATOLICA DE CHILE,Teaching,0.366541265398421,1412364.61284934,107,4,2022,2025,1.41236461284934
I94S1C21J1V1,PEDAGOGIA MEDIA EN MATEMATICA,UNIVERSIDAD CATOLICA DE TEMUCO,Teaching,0.373997146032288,1193556.28393973,55,4,2022,2025,1.19355628393973
I4S1C649J1V2,PEDAGOGIA EN MATEMATICA Y ESTADISTICA,UNIVERSIDAD CENTRAL DE CHILE,Teaching,0.374483743667211,1274267.00080717,15,4,2022,2025,1.27426700080717
I86S5C121J1V1,PEDAGOGIA EN EDUCACION GENERAL BASICA,PONTIFICIA UNIVERSIDAD CATOLICA DE CHILE,Teaching,0.378419913771628,1368128.33334054,390,4,2022,2025,1.36812833334054
I89S1C409J1V1,PEDAGOGIA EN MUSICA,PONTIFICIA UNIVERSIDAD CATOLICA DE VALPARAISO,Teaching,0.388948684897114,1078025.48759587,27,2,2022,2023,1.07802548759587
I78S8C340J1V1,PEDAGOGIA EN EDUCACION MEDIA EN MATEMATICA Y FISICA,UNIVERSIDAD DE TALCA,Teaching,0.388958751958356,1237194.72391649,39,4,2022,2025,1.23719472391649
I89S1C407J1V1,"PEDAGOGIA EN HISTORIA, GEOGRAFIA Y CIENCIAS SOCIALES",PONTIFICIA UNIVERSIDAD CATOLICA DE VALPARAISO,Teaching,0.397319724843132,1119464.99697236,18,1,2022,2022,1.11946499697236
I86S5C570J1V2,PEDAGOGIA EN EDUCACION MEDIA EN QUIMICA,PONTIFICIA UNIVERSIDAD CATOLICA DE CHILE,Teaching,0.404074561695453,1445112.20771723,44,4,2022,2025,1.44511220771723
I34S1C5J1V2,PEDAGOGIA BASICA CON MENCIONES,UNIVERSIDAD DE LOS ANDES,Teaching,0.418930486135945,1371967.34081762,66,4,2022,2025,1.37196734081762
I72S1C599J1V1,PEDAGOGIA EN MATEMATICAS O LICENCIATURA EN MATEMATICAS,UNIVERSIDAD DE VALPARAISO,Teaching,0.460266228935399,1284980.00044261,22,4,2022,2025,1.28498000044261
I69S1C261J1V1,PEDAGOGIA EN MATEMATICA,UNIVERSIDAD ALBERTO HURTADO,Teaching,0.46136566701709,1243101.76593405,35,4,2022,2025,1.24310176593405
I73S2C41J1V2,PEDAGOGIA EN MATEMATICA,UNIVERSIDAD DE ANTOFAGASTA,Teaching,0.483219798079826,1380923.40563213,17,3,2022,2024,1.38092340563213
I895S1C9J1V1,PEDAGOGIA EN MATEMATICA,UNIVERSIDAD DE O'HIGGINS,Teaching,0.490867852980668,1283387.45126408,85,4,2022,2025,1.28338745126408
I74S1C327J1V1,PEDAGOGIA EN MATEMATICAS,UNIVERSIDAD DE LA SERENA,Teaching,0.505680841865654,1186552.36343517,14,2,2024,2025,1.18655236343517
I75S2C45J1V1,PEDAGOGIA EN EDUCACION MATEMATICA,UNIVERSIDAD DEL BIO-BIO,Teaching,0.524041902509786,1158638.04838326,77,4,2022,2025,1.15863804838326
I93S1C168J1V1,PEDAGOGIA EN EDUCACION MEDIA EN MATEMATICA,UNIVERSIDAD CATOLICA DE LA SANTISIMA CONCEPCION,Teaching,0.532550964291268,1116757.47133999,91,4,2022,2025,1.11675747133999
I89S1C50J1V1,PEDAGOGIA EN INGLES,PONTIFICIA UNIVERSIDAD CATOLICA DE VALPARAISO,Teaching,0.548064388391158,1052519.61472164,44,1,2022,2022,1.05251961472164
I92S1C43J1V1,PEDAGOGIA EN MATEMATICA Y COMPUTACION,UNIVERSIDAD CATOLICA DEL MAULE,Teaching,0.562722923575233,1192499.55860236,98,4,2022,2025,1.19249955860236
I86S5C1125J1V1,PEDAGOGIA EN EDUCACION FISICA Y SALUD PARA EDUCACION BASICA Y MEDIA,PONTIFICIA UNIVERSIDAD CATOLICA DE CHILE,Teaching,0.56554273732105,1301406.52720346,203,4,2022,2025,1.30140652720346
I78S5C306J1V1,PEDAGOGIA EN EDUCACION MEDIA EN ALEMAN,UNIVERSIDAD DE TALCA,Teaching,0.56883818896951,1056077.1001568,16,4,2022,2025,1.0560771001568
I90S2C476J1V1,PEDAGOGIA EN MATEMATICAS,UNIVERSIDAD AUSTRAL DE CHILE,Teaching,0.568944056751014,1236301.4020901,45,4,2022,2025,1.2363014020901
I87S3C307J1V1,PEDAGOGIA EN MATEMATICAS,UNIVERSIDAD DE CONCEPCION,Teaching,0.615151955388341,1254916.69162674,52,4,2022,2025,1.25491669162674
I84S1C34J1V1,PEDAGOGIA EN EDUCACION MEDIA EN MATEMATICA Y COMPUTACION,UNIVERSIDAD DE LOS LAGOS,Teaching,0.642716571011421,1134320.01131012,46,4,2022,2025,1.13432001131012
I91S1C306J1V1,PEDAGOGIA EN MATEMATICA EN EDUCACION MEDIA,UNIVERSIDAD CATOLICA DEL NORTE,Teaching,0.653065505008382,1382752.88780114,36,4,2022,2025,1.38275288780114
I74S1C52J1V2,PEDAGOGIA EN MATEMATICAS Y FISICA,UNIVERSIDAD DE LA SERENA,Teaching,0.66143140252213,1186552.36343517,37,4,2022,2025,1.18655236343517
I76S1C78J1V1,PEDAGOGIA EN MATEMATICAS,UNIVERSIDAD DE LA FRONTERA,Teaching,0.673309034915587,1181878.41044605,83,4,2022,2025,1.18187841044605
I82S1C16J1V1,PEDAGOGIA EN MATEMATICA CON MENCION,UNIVERSIDAD METROPOLITANA DE CIENCIAS DE LA EDUCACION,Teaching,0.681359085505374,1295727.22887628,67,4,2022,2025,1.29572722887628
I86S5C567J1V2,PEDAGOGIA EN EDUCACION MEDIA EN CIENCIAS NATURALES Y BIOLOGIA,PONTIFICIA UNIVERSIDAD CATOLICA DE CHILE,Teaching,0.751618761956905,1445112.20771723,66,4,2022,2025,1.44511220771723
I80S1C45J1V4,PEDAGOGIA EN FISICA Y MATEMATICA,UNIVERSIDAD DE TARAPACA,Teaching,0.762737266571127,1171110.75907509,22,4,2022,2025,1.17111075907509
I74S1C51J1V2,PEDAGOGIA EN MATEMATICAS Y COMPUTACION,UNIVERSIDAD DE LA SERENA,Teaching,0.804368442350501,1186552.36343517,27,3,2022,2024,1.18655236343517
I86S5C649J1V1,PEDAGOGIA EN INGLES PARA EDUCACION BASICA Y MEDIA,PONTIFICIA UNIVERSIDAD CATOLICA DE CHILE,Teaching,0.816703980000228,1267707.52300227,150,4,2022,2025,1.26770752300227
I89S1C399J1V2,PEDAGOGIA EN MATEMATICAS,PONTIFICIA UNIVERSIDAD CATOLICA DE VALPARAISO,Teaching,0.843090455071655,1233027.12837812,106,4,2022,2025,1.23302712837812
I83S1C57J1V1,PEDAGOGIA EN MATEMATICA,UNIVERSIDAD DE PLAYA ANCHA DE CIENCIAS DE LA EDUCACION,Teaching,0.846648413183735,1149650.63135466,25,4,2022,2025,1.14965063135466
I71S1C41J1V1,PEDAGOGIA EN FISICA Y MATEMATICA / LICENCIATURA EN EDUCACION DE FISICA Y MATEMATICA,UNIVERSIDAD DE SANTIAGO DE CHILE,Teaching,0.855895944683351,1322645.92015781,47,4,2022,2025,1.32264592015781
I77S1C70J1V1,PEDAGOGIA EN MATEMATICA PARA ENSEÑANZA MEDIA,UNIVERSIDAD DE MAGALLANES,Teaching,0.862106236962605,1274346.14641057,13,4,2022,2025,1.27434614641057
I71S1C44J1V1,PEDAGOGIA EN MATEMATICA Y COMPUTACION / LICENCIATURA EN EDUCACION EN MATEMATICA Y COMPUTACION,UNIVERSIDAD DE SANTIAGO DE CHILE,Teaching,0.880751949289607,1359263.10288394,82,4,2022,2025,1.35926310288394
I80S1C304J1V1,PEDAGOGIA EN MATEMATICA,UNIVERSIDAD DE TARAPACA,Teaching,0.886332773704224,1203532.7217516,18,3,2022,2024,1.2035327217516
I81S1C110J1V1,PEDAGOGIA EN MATEMATICAS Y FISICA,UNIVERSIDAD ARTURO PRAT,Teaching,0.966883503927392,1244454.82274142,20,4,2022,2025,1.24445482274142
I34S1C398J1V1,PEDAGOGIA BASICA BILINGÜE INGLES/ESPAÑOL,UNIVERSIDAD DE LOS ANDES,Teaching,1.02195757700833,1371967.34081762,128,4,2022,2025,1.37196734081762
I86S5C567J1V1,PEDAGOGIA EN EDUCACION MEDIA EN CIENCIAS NATURALES Y BIOLOGIA,PONTIFICIA UNIVERSIDAD CATOLICA DE CHILE,Teaching,1.0774844923006,1445112.20771723,14,1,2022,2022,1.44511220771723
I86S5C568J1V2,PEDAGOGIA EN EDUCACION MEDIA EN FISICA,PONTIFICIA UNIVERSIDAD CATOLICA DE CHILE,Teaching,1.10383410386208,1445112.20771723,19,4,2022,2025,1.44511220771723
I70S1C442J1V1,PEDAGOGIA EN EDUCACION MEDIA EN MATEMATICAS Y FISICA,UNIVERSIDAD DE CHILE,Teaching,1.18703146948069,1491589.5870697,112,4,2022,2025,1.4915895870697
I87S1C307J1V2,PEDAGOGIA EN MATEMATICAS,UNIVERSIDAD DE CONCEPCION,Teaching,1.26476694018004,1254916.69162674,104,4,2022,2025,1.25491669162674
I86S5C569J1V1,PEDAGOGIA EN EDUCACION MEDIA EN MATEMATICA,PONTIFICIA UNIVERSIDAD CATOLICA DE CHILE,Teaching,1.49864060443315,1485119.84465414,24,1,2022,2022,1.48511984465414
I86S5C569J1V2,PEDAGOGIA EN EDUCACION MEDIA EN MATEMATICA,PONTIFICIA UNIVERSIDAD CATOLICA DE CHILE,Teaching,1.90232624312606,1485119.84465414,91,4,2022,2025,1.48511984465414
