simce4_math_quintile,theta_math,se_math,theta_language,se_language,theta_stem,se_stem,n_math,n_language,n_stem
Q1,0.0708043979237788,0.172451569848217,0.621245852371704,0.209197287680444,0.653228524407472,0.134012458184119,13527,13905,26868
Q2,0.609456398553285,0.141027309440561,0.553758357945457,0.18739102335106,0.726040450368488,0.140944899124744,16620,16967,27079
Q3,0.854871012692378,0.142958372987066,0.811998762395692,0.182111861334021,0.697806106870261,0.14769502035008,18341,18678,27187
Q4,0.90090849682414,0.143010017490582,0.988028804382647,0.172013251036051,0.663995202678338,0.155974987614183,20010,20310,27288
Q5,1.22027819682656,0.15236818278141,1.02063462204166,0.169194106550298,0.639914281445726,0.155412275873998,22408,22612,27476
