spec,outcome_group,adjustment,beta,se,p_value
math_unadj,Math,Unadjusted,0.2083138780379097,0.033113819,3.1574315e-10
math_adj,Math,Adjusted,0.4307014755247843,0.056671441,2.9619075e-14
leng_unadj,Language,Unadjusted,0.1671498929562594,0.032018069,1.7845369e-7
leng_adj,Language,Adjusted,0.3932765331621337,0.062334672,2.8063754e-10
stem_unadj,STEM,Unadjusted,0.3449009072113082,0.046376754,1.0304797e-13
stem_adj,STEM,Adjusted,0.5840728805285726,0.067866892,7.5553163e-18
