spec,outcome_group,beta,se,p_value,n_obs,fs_beta,fs_se
math_adj,Math,0.841014281542343,0.0714929652423546,6.0118905853427e-32,90906,0.429634802951322,0.00807887030839906
leng_adj,Language,0.8352905436276,0.0821522944506779,2.76679840418527e-24,92472,0.419561872470496,0.0070026987064919
stem_adj,STEM,0.674392630865416,0.0654371966279745,6.62323702267936e-25,135898,0.452606273107971,0.00637586413651482
