spec,group,outcome,treatment,instrument,risk_control,beta,se,zstat,p_value,n_obs,fs_beta,fs_se,fs_f,rc
math_unadj,all,z_year_math_max,d_math_unadj,z_math_unadj,expected_math_unadj,0.245736354593412,0.0289762469649014,8.48061361745948,2.24009363829465e-17,90928,0.423987425439869,0.00695769848139934,3713.42574972285,0
math_adj,all,z_year_math_max,d_math_adj,z_math_adj,expected_math_adj,0.841014281537213,0.0714929652419717,11.7635949032294,6.01189058596607e-32,90906,0.429634802951834,0.00807887030836221,2828.11871868585,0
leng_unadj,all,z_year_leng_max,d_leng_unadj,z_leng_unadj,expected_leng_unadj,0.18989044210865,0.0293068200000749,6.47939428802459,9.20915613520571e-11,92495,0.430295355561412,0.00630455919159352,4658.26149071587,0
leng_adj,all,z_year_leng_max,d_leng_adj,z_leng_adj,expected_leng_adj,0.835290543627643,0.0821522944506861,10.1675863006973,2.76679840419924e-24,92472,0.419561872470514,0.00700269870649422,3589.72473670422,0
stem_unadj,all,stem_enrollment_m1,d_stem_unadj,z_stem_unadj,expected_stem_unadj,0.34892611576374,0.0457596222203252,7.62519659982588,2.43662747255517e-14,135916,0.470953525412219,0.00594352797925807,6278.66745367212,0
stem_adj,all,stem_enrollment_m1,d_stem_adj,z_stem_adj,expected_stem_adj,0.674392630839773,0.0654371966260396,10.3059523575527,6.62323702868248e-25,135898,0.452606273109961,0.00637586413645694,5039.21664387877,0
