spec,outcome_group,adjustment,beta,se,p_value,n_obs,fs_beta,fs_se
progcert_unadj,Program-certified years,Unadjusted,0.0970503011384953,0.0717448148206121,0.176146634346603,135916,0.416881629780059,0.00554613309465333
progcert_adj,Program-certified years,Adjusted,0.787624241396574,0.156859997446276,5.13516646493997e-07,135898,0.290299678081294,0.0235096928660886
instcert_unadj,Institution-certified years,Unadjusted,0.0676238575972672,0.0497796281766818,0.174316340406054,135916,0.420052137929197,0.00570180250994895
instcert_adj,Institution-certified years,Adjusted,0.680136733282384,0.0954499738331296,1.03640877283215e-12,135898,0.410097617993156,0.00686476961250322
