spec,outcome_group,adjustment,beta,se,p_value,n_obs,fs_beta,fs_se,fs_f
math_unadj,Math,Unadjusted,0.245736354593412,0.0289762469649014,2.24009363829465e-17,90928,0.423987425439869,0.00695769848139934,3713.42574972285
math_adj,Math,Adjusted,0.841014281537213,0.0714929652419717,6.01189058596607e-32,90906,0.429634802951834,0.00807887030836221,2828.11871868585
leng_unadj,Language,Unadjusted,0.18989044210865,0.0293068200000749,9.20915613520571e-11,92495,0.430295355561412,0.00630455919159352,4658.26149071587
leng_adj,Language,Adjusted,0.835290543627643,0.0821522944506861,2.76679840419924e-24,92472,0.419561872470514,0.00700269870649422,3589.72473670422
stem_unadj,STEM,Unadjusted,0.34892611576374,0.0457596222203252,2.43662747255517e-14,135916,0.470953525412219,0.00594352797925807,6278.66745367212
stem_adj,STEM,Adjusted,0.674392630839773,0.0654371966260396,6.62323702868248e-25,135898,0.452606273109961,0.00637586413645694,5039.21664387877
